"ID","Accident ID","Region Number","Corridor ID","Location (Intersection/Road/Street)","Corridor","Location- longitude/ X","Location- latitude/  Y","Mile Marker","Village","Date of Accident","Time of Accident","Type of Accident","Class of Road User","Age/DOB","Gender","Class of Vehicles Involved","Contributing Factor","Number of Persons Involved"
191,3261.00,"6- East Berbice- Corentyne",798,"No. 1 Public Rd.","CORENTYNE COAST ROAD (Form New Amsterdam)","-57.4000","6.2833",,,4/24/2005 0:00:00,12/30/1899 13:15:00,"D- Property Damage","F- Driver",,"Male","J- Minibus","S- Driver's Negligence",2.00
192,3262.00,"6- East Berbice- Corentyne",806,"Hampshire Public Rd.","CORENTYNE COAST ROAD (Form New Amsterdam)","-57.3667","6.2667",,,4/28/2005 0:00:00,12/30/1899 20:00:00,"D- Property Damage","F- Driver",,"Male","K- Private Cars","S- Driver's Negligence",2.00
193,3263.00,"6- East Berbice- Corentyne",801,"Kilcoy Public Rd.","CORENTYNE COAST ROAD (Form New Amsterdam)","-57.3833","6.2667",,,5/6/2005 0:00:00,12/30/1899 10:10:00,"B- Serious Injury","F- Driver",50.00,"Male","L- Lorries Van","S- Driver's Negligence",3.00
194,3264.00,"6- East Berbice- Corentyne",801,"Kilcoy Public Rd.","CORENTYNE COAST ROAD (Form New Amsterdam)","-57.3833","6.2667",,,5/12/2005 0:00:00,12/30/1899 14:15:00,"C- Minor Injury","G- Rider",,"Male","V-Motor Cycle","Y- Animal",2.00
195,3265.00,"6- East Berbice- Corentyne",801,"Kilcoy Public Rd.","CORENTYNE COAST ROAD (Form New Amsterdam)","-57.3833","6.2667",,,6/21/2005 0:00:00,12/30/1899 14:00:00,"C- Minor Injury","F- Driver",43.00,"Male","M- Hire Cars;Z-Animal- Drawn","S- Driver's Negligence",2.00
196,3266.00,"6- East Berbice- Corentyne",805,"Belvidere Public Rd.","CORENTYNE COAST ROAD (Form New Amsterdam)","-57.3667","6.2667",,,7/7/2005 0:00:00,12/30/1899 20:15:00,"C- Minor Injury","F- Driver",19.00,"Male","K- Private Cars;N- Pickup","S- Driver's Negligence",2.00
197,3267.00,"6- East Berbice- Corentyne",798,"No. 1 Public Rd.","CORENTYNE COAST ROAD (Form New Amsterdam)","-57.4000","6.2833",,,7/11/2005 0:00:00,12/30/1899 10:00:00,"D- Property Damage","F- Driver",42.00,"Male","J- Minibus","S- Driver's Negligence",3.00
198,3268.00,"6- East Berbice- Corentyne",801,"Kilcoy Public Rd.","CORENTYNE COAST ROAD (Form New Amsterdam)","-57.3833","6.2667",,,7/10/2005 0:00:00,12/30/1899 18:30:00,"C- Minor Injury","F- Driver",56.00,"Male","K- Private Cars","S- Driver's Negligence",3.00
199,3269.00,"6- East Berbice- Corentyne",807,"Williamsburg Public Rd.","CORENTYNE COAST ROAD (Form New Amsterdam)","-57.3667","6.2667",,,7/14/2005 0:00:00,12/30/1899 8:50:00,"B- Serious Injury","G- Rider",44.00,"Male","V-Motor Cycle;W-Pedal Cycle","U- Cyclist's Negligence",3.00
200,3270.00,"6- East Berbice- Corentyne",798,"No. 1 Public Rd.","CORENTYNE COAST ROAD (Form New Amsterdam)","-57.4000","6.2833",,,7/23/2005 0:00:00,12/30/1899 8:30:00,"C- Minor Injury","F- Driver",,"Male","N- Pickup","S- Driver's Negligence",3.00
201,3271.00,"6- East Berbice- Corentyne",800,"Fryish Public Rd.","CORENTYNE COAST ROAD (Form New Amsterdam)","-57.3833","6.2833",,,7/29/2005 0:00:00,12/30/1899 21:15:00,"D- Property Damage","F- Driver",30.00,"Male","K- Private Cars","Y- Animal",1.00
202,3272.00,"6- East Berbice- Corentyne",805,"Belvidere Public Rd.","CORENTYNE COAST ROAD (Form New Amsterdam)","-57.3667","6.2667",,,8/12/2005 0:00:00,12/30/1899 18:20:00,"C- Minor Injury","G- Rider",44.00,"Male","V-Motor Cycle;W-Pedal Cycle","U- Cyclist's Negligence",2.00
203,3273.00,"6- East Berbice- Corentyne",805,"Belvidere Public Rd.","CORENTYNE COAST ROAD (Form New Amsterdam)","-57.3667","6.2667",,,9/11/2005 0:00:00,12/30/1899 10:20:00,"B- Serious Injury","F- Driver",48.00,"Male","K- Private Cars;V-Motor Cycle","S- Driver's Negligence",2.00
204,3274.00,"6- East Berbice- Corentyne",800,"Fryish Public Rd.","CORENTYNE COAST ROAD (Form New Amsterdam)","-57.3833","6.2833",,,9/12/2005 0:00:00,12/30/1899 14:35:00,"B- Serious Injury","F- Driver",28.00,"Male","J- Minibus;V-Motor Cycle","S- Driver's Negligence",2.00
205,3275.00,"6- East Berbice- Corentyne",807,"Williamsburg Public Rd.","CORENTYNE COAST ROAD (Form New Amsterdam)","-57.3667","6.2667",,,9/22/2005 0:00:00,12/30/1899 11:10:00,"A- Fatal","F- Driver",45.00,"Male","M- Hire Cars","Q- Alcohol",2.00
206,3276.00,"6- East Berbice- Corentyne",806,"Hampshire Public Rd.","CORENTYNE COAST ROAD (Form New Amsterdam)","-57.3667","6.2667",,,10/6/2005 0:00:00,12/30/1899 8:30:00,"C- Minor Injury","F- Driver",56.00,"Male","M- Hire Cars;N- Pickup","S- Driver's Negligence",4.00
207,3277.00,"6- East Berbice- Corentyne",798,"No. 1 Public Rd.","CORENTYNE COAST ROAD (Form New Amsterdam)","-57.4000","6.2833",,,10/6/2005 0:00:00,12/30/1899 20:30:00,"C- Minor Injury","F- Driver",63.00,"Male","J- Minibus;W-Pedal Cycle","S- Driver's Negligence",2.00
208,3278.00,"6- East Berbice- Corentyne",803,"Albion Public Rd.","CORENTYNE COAST ROAD (Form New Amsterdam)","-57.3833","6.2667",,,10/7/2005 0:00:00,12/30/1899 12:40:00,"B- Serious Injury","F- Driver",48.00,"Male","J- Minibus;L- Lorries Van","P- Speeding",2.00
209,3279.00,"6- East Berbice- Corentyne",807,"Williamsburg Public Rd.","CORENTYNE COAST ROAD (Form New Amsterdam)","-57.3667","6.2667",,,10/7/2005 0:00:00,12/30/1899 13:27:00,"B- Serious Injury","G- Rider",50.00,"Male","K- Private Cars;W-Pedal Cycle","U- Cyclist's Negligence",2.00
210,3280.00,"6- East Berbice- Corentyne",807,"Williamsburg Public Rd.","CORENTYNE COAST ROAD (Form New Amsterdam)","-57.3667","6.2667",,,10/8/2005 0:00:00,12/30/1899 17:45:00,"C- Minor Injury","G- Rider",17.00,"Male","K- Private Cars;W-Pedal Cycle","U- Cyclist's Negligence",2.00
211,3281.00,"6- East Berbice- Corentyne",803,"Albion Public Rd.","CORENTYNE COAST ROAD (Form New Amsterdam)","-57.3833","6.2667",,,10/25/2005 0:00:00,12/30/1899 8:30:00,"C- Minor Injury","F- Driver",60.00,"Male","L- Lorries Van;N- Pickup","P- Speeding",2.00
212,3282.00,"6- East Berbice- Corentyne",803,"Albion Public Rd.","CORENTYNE COAST ROAD (Form New Amsterdam)","-57.3833","6.2667",,,10/29/2005 0:00:00,12/30/1899 6:00:00,"C- Minor Injury","F- Driver",39.00,"Male","K- Private Cars;L- Lorries Van","S- Driver's Negligence",3.00
213,3283.00,"6- East Berbice- Corentyne",805,"Belvidere Public Rd.","CORENTYNE COAST ROAD (Form New Amsterdam)","-57.3667","6.2667",,,11/9/2005 0:00:00,12/30/1899 6:30:00,"B- Serious Injury","F- Driver",34.00,"Male","N- Pickup;W-Pedal Cycle","P- Speeding",2.00
214,3284.00,"6- East Berbice- Corentyne",805,"Belvidere Public Rd.","CORENTYNE COAST ROAD (Form New Amsterdam)","-57.3667","6.2667",,,12/11/2005 0:00:00,12/30/1899 11:45:00,"C- Minor Injury","F- Driver",33.00,"Male","J- Minibus;N- Pickup","S- Driver's Negligence",3.00
215,3285.00,"6- East Berbice- Corentyne",803,"Albion Access Rd.","CORENTYNE COAST ROAD (Form New Amsterdam)","-57.3833","6.2667",,,12/28/2005 0:00:00,12/30/1899 17:50:00,"D- Property Damage","F- Driver",39.00,"Male","K- Private Cars;Z-Animal- Drawn","Q- Alcohol",2.00
216,3286.00,"6- East Berbice- Corentyne",803,"Albion Access Rd.","CORENTYNE COAST ROAD (Form New Amsterdam)","-57.3833","6.2667",,,1/1/2006 0:00:00,12/30/1899 10:11:00,"C- Minor Injury","G- Rider",18.00,"Male","V-Motor Cycle","S- Driver's Negligence",2.00
217,3287.00,"6- East Berbice- Corentyne",798,"No. 1 Public Rd.","CORENTYNE COAST ROAD (Form New Amsterdam)","-57.4000","6.2833",,,1/16/2006 0:00:00,12/30/1899 11:20:00,"D- Property Damage","F- Driver",26.00,"Male","K- Private Cars;M- Hire Cars","S- Driver's Negligence",2.00
218,3288.00,"6- East Berbice- Corentyne",732,"Rose Hall Public Rd.","RIGHT BANK CANJE RIVER (From New Amsterdam)","-57.4833","6.2333",,,2/10/2006 0:00:00,12/30/1899 18:15:00,"B- Serious Injury","F- Driver",,,,"S- Driver's Negligence",2.00
219,3289.00,"6- East Berbice- Corentyne",732,"Rose Hall Public Rd.","RIGHT BANK CANJE RIVER (From New Amsterdam)","-57.4833","6.2333",,,3/7/2006 0:00:00,12/30/1899 15:58:00,"D- Property Damage","F- Driver",32.00,"Male","L- Lorries Van;M- Hire Cars","S- Driver's Negligence",2.00
220,3290.00,"6- East Berbice- Corentyne",805,"Belvidere Public Rd.","CORENTYNE COAST ROAD (Form New Amsterdam)","-57.3667","6.2667",,,2/28/2006 0:00:00,12/30/1899 10:58:00,"B- Serious Injury","G- Rider",46.00,"Male","M- Hire Cars;W-Pedal Cycle","U- Cyclist's Negligence",2.00
221,3291.00,"6- East Berbice- Corentyne",798,"No. 1 Public Rd.","CORENTYNE COAST ROAD (Form New Amsterdam)","-57.4000","6.2833",,,3/22/2006 0:00:00,12/30/1899 7:15:00,"B- Serious Injury","G- Rider",45.00,"Male","N- Pickup;V-Motor Cycle","U- Cyclist's Negligence",2.00
222,3292.00,"6- East Berbice- Corentyne",803,"Albion Public Rd.","CORENTYNE COAST ROAD (Form New Amsterdam)","-57.3833","6.2667",,,3/25/2006 0:00:00,12/30/1899 22:03:00,"A- Fatal","F- Driver",46.00,"Male","V-Motor Cycle;X-Tractor","Q- Alcohol",3.00
223,3293.00,"6- East Berbice- Corentyne",795,"No. 39 Gibraltar Public Rd.","EAST COAST BERBICE ROAD (From New Amsterdam)","-57.4000","6.3000",,,5/5/2006 0:00:00,12/30/1899 22:30:00,"B- Serious Injury","F- Driver",34.00,"Male","L- Lorries Van;M- Hire Cars","S- Driver's Negligence",3.00
224,3294.00,"6- East Berbice- Corentyne",804,"Nigg Public Rd.","CORENTYNE COAST ROAD (Form New Amsterdam)","-57.3667","6.2667",,,6/8/2006 0:00:00,12/30/1899 17:10:00,"B- Serious Injury","F- Driver",24.00,"Male","K- Private Cars;V-Motor Cycle","S- Driver's Negligence",2.00
225,3295.00,"6- East Berbice- Corentyne",804,"Nigg Public Rd.","CORENTYNE COAST ROAD (Form New Amsterdam)","-57.3667","6.2667",,,6/17/2006 0:00:00,12/30/1899 14:30:00,"C- Minor Injury","G- Rider",24.00,"Male","M- Hire Cars;W-Pedal Cycle","U- Cyclist's Negligence",2.00
226,3296.00,"6- East Berbice- Corentyne",804,"Nigg Public Rd.","CORENTYNE COAST ROAD (Form New Amsterdam)","-57.3667","6.2667",,,8/14/2006 0:00:00,12/30/1899 21:00:00,"B- Serious Injury","G- Rider",41.00,"Male","K- Private Cars;V-Motor Cycle","U- Cyclist's Negligence",2.00
227,3297.00,"6- East Berbice- Corentyne",807,"Williamsburg Public Rd.","CORENTYNE COAST ROAD (Form New Amsterdam)","-57.3667","6.2667",,,8/22/2006 0:00:00,12/30/1899 9:00:00,"B- Serious Injury","F- Driver",,"Male","L- Lorries Van","S- Driver's Negligence",2.00
228,3298.00,"6- East Berbice- Corentyne",803,"Albion Public Rd.","CORENTYNE COAST ROAD (Form New Amsterdam)","-57.3833","6.2667",,,9/30/2006 0:00:00,12/30/1899 7:40:00,"C- Minor Injury","F- Driver",45.00,"Male","M- Hire Cars;W-Pedal Cycle","S- Driver's Negligence",2.00
229,3299.00,"6- East Berbice- Corentyne",802,"Chesney Public Rd.","CORENTYNE COAST ROAD (Form New Amsterdam)","-57.3833","6.2667",,,10/31/2006 0:00:00,12/30/1899 8:10:00,"C- Minor Injury","F- Driver",33.00,"Male","M- Hire Cars;V-Motor Cycle","S- Driver's Negligence",2.00
230,3300.00,"6- East Berbice- Corentyne",805,"Belvidere Access Rd.","CORENTYNE COAST ROAD (Form New Amsterdam)","-57.3667","6.2667",,,10/15/2006 0:00:00,12/30/1899 18:00:00,"C- Minor Injury","F- Driver",20.00,"Male","K- Private Cars;W-Pedal Cycle","P- Speeding",2.00
231,3301.00,"6- East Berbice- Corentyne",805,"Belvidere Access Rd.","CORENTYNE COAST ROAD (Form New Amsterdam)","-57.3667","6.2667",,,11/11/2006 0:00:00,12/30/1899 9:25:00,"B- Serious Injury","F- Driver",44.00,"Male","J- Minibus;V-Motor Cycle","P- Speeding",2.00
232,3302.00,"6- East Berbice- Corentyne",824,"Renison Public Rd.","CORENTYNE COAST ROAD (Form New Amsterdam)","-57.3000","6.2167",,,12/13/2006 0:00:00,12/30/1899 19:30:00,"B- Serious Injury","F- Driver",44.00,"Male","J- Minibus","S- Driver's Negligence",3.00
233,3303.00,"6- East Berbice- Corentyne",803,"Albion Public Rd.","CORENTYNE COAST ROAD (Form New Amsterdam)","-57.3833","6.2667",,,12/17/2006 0:00:00,12/30/1899 19:00:00,"A- Fatal","F- Driver",37.00,"Male","J- Minibus;K- Private Cars","P- Speeding;S- Driver's Negligence",3.00
234,3304.00,"6- East Berbice- Corentyne",800,"Fryish Public Rd.","CORENTYNE COAST ROAD (Form New Amsterdam)","-57.3833","6.2833",,,12/19/2006 0:00:00,12/30/1899 16:35:00,"B- Serious Injury","F- Driver",20.00,"Male","K- Private Cars;W-Pedal Cycle","R- Improper Overtaking",2.00
235,3305.00,"6- East Berbice- Corentyne",802,"Chesney Public Rd.","CORENTYNE COAST ROAD (Form New Amsterdam)","-57.3833","6.2667",,,1/12/2007 0:00:00,12/30/1899 11:35:00,"B- Serious Injury","F- Driver",31.00,"Male","M- Hire Cars","P- Speeding",2.00
236,3306.00,"6- East Berbice- Corentyne",798,"No. 1 public Rd.","CORENTYNE COAST ROAD (Form New Amsterdam)","-57.4000","6.2833",,,1/28/2007 0:00:00,12/30/1899 17:15:00,"A- Fatal","F- Driver",29.00,"Male","K- Private Cars;W-Pedal Cycle","S- Driver's Negligence",2.00
237,3307.00,"6- East Berbice- Corentyne",807,"Williamsburg Public Rd.","CORENTYNE COAST ROAD (Form New Amsterdam)","-57.3667","6.2667",,,2/1/2007 0:00:00,12/30/1899 17:35:00,"B- Serious Injury","F- Driver",26.00,"Male","M- Hire Cars;V-Motor Cycle","S- Driver's Negligence",2.00
238,3308.00,"6- East Berbice- Corentyne",732,"Rose Hall Market St.","RIGHT BANK CANJE RIVER (From New Amsterdam)","-57.4833","6.2333",,,2/4/2007 0:00:00,12/30/1899 10:00:00,"B- Serious Injury","F- Driver",49.00,"Male","K- Private Cars","S- Driver's Negligence",2.00
239,3309.00,"6- East Berbice- Corentyne",799,"Courtland Public Rd.","CORENTYNE COAST ROAD (Form New Amsterdam)","-57.4000","6.2833",,,2/19/2007 0:00:00,12/30/1899 19:30:00,"B- Serious Injury","F- Driver",42.00,"Male","J- Minibus;K- Private Cars;M- Hire Cars","S- Driver's Negligence",6.00
240,3310.00,"6- East Berbice- Corentyne",802,"Chesney Public Rd.","CORENTYNE COAST ROAD (Form New Amsterdam)","-57.3833","6.2667",,,3/14/2007 0:00:00,12/30/1899 17:50:00,"B- Serious Injury","F- Driver",42.00,"Male","L- Lorries Van","S- Driver's Negligence",3.00
241,3311.00,"6- East Berbice- Corentyne",806,"Hampshire Public Rd.","CORENTYNE COAST ROAD (Form New Amsterdam)","-57.3667","6.2667",,,4/7/2007 0:00:00,12/30/1899 11:55:00,"A- Fatal","G- Rider",56.00,"Male","M- Hire Cars;W-Pedal Cycle","U- Cyclist's Negligence",2.00
242,3312.00,"6- East Berbice- Corentyne",806,"Hampshire Public Rd.","CORENTYNE COAST ROAD (Form New Amsterdam)","-57.3667","6.2667",,,5/13/2007 0:00:00,12/30/1899 15:35:00,"C- Minor Injury","F- Driver",45.00,"Male","J- Minibus;M- Hire Cars","R- Improper Overtaking",7.00
243,3313.00,"6- East Berbice- Corentyne",800,"Fryish Public Rd.","CORENTYNE COAST ROAD (Form New Amsterdam)","-57.3833","6.2833",,,7/3/2007 0:00:00,12/30/1899 10:25:00,"A- Fatal","G- Rider",38.00,"Male","V-Motor Cycle","S- Driver's Negligence",1.00
244,3314.00,"6- East Berbice- Corentyne",799,"Courtland Public Rd.","CORENTYNE COAST ROAD (Form New Amsterdam)","-57.4000","6.2833",,,7/13/2007 0:00:00,12/30/1899 17:05:00,"B- Serious Injury","F- Driver",32.00,"Male","J- Minibus;V-Motor Cycle","R- Improper Overtaking",2.00
245,3315.00,"6- East Berbice- Corentyne",800,"Fryish Public Rd.","CORENTYNE COAST ROAD (Form New Amsterdam)","-57.3833","6.2833",,,7/4/2007 0:00:00,12/30/1899 8:50:00,"B- Serious Injury","F- Driver",52.00,"Male","L- Lorries Van","S- Driver's Negligence",2.00
246,3316.00,"6- East Berbice- Corentyne",800,"Fryish Public Rd.","CORENTYNE COAST ROAD (Form New Amsterdam)","-57.3833","6.2833",,,7/28/2007 0:00:00,12/30/1899 22:30:00,"A- Fatal","F- Driver",37.00,"Male","K- Private Cars;W-Pedal Cycle","P- Speeding",2.00
247,3317.00,"6- East Berbice- Corentyne",800,"Fryish Public Rd.","CORENTYNE COAST ROAD (Form New Amsterdam)","-57.3833","6.2833",,,7/29/2007 0:00:00,12/30/1899 10:15:00,"C- Minor Injury","F- Driver",30.00,"Male","K- Private Cars;W-Pedal Cycle","S- Driver's Negligence",2.00
248,3318.00,"6- East Berbice- Corentyne",798,"No 1 Public Rd.","CORENTYNE COAST ROAD (Form New Amsterdam)","-57.4000","6.2833",,,8/27/2007 0:00:00,12/30/1899 2:30:00,"B- Serious Injury","F- Driver",29.00,"Male","K- Private Cars;W-Pedal Cycle","Q- Alcohol",2.00
249,3319.00,"6- East Berbice- Corentyne",801,"Kilcoy Public Rd.","CORENTYNE COAST ROAD (Form New Amsterdam)","-57.3833","6.2667",,,10/16/2007 0:00:00,12/30/1899 18:30:00,"D- Property Damage","F- Driver",39.00,"Male","K- Private Cars;N- Pickup","S- Driver's Negligence",2.00
250,3320.00,"6- East Berbice- Corentyne",803,"Albion Access Rd.","CORENTYNE COAST ROAD (Form New Amsterdam)","-57.3833","6.2667",,,10/17/2007 0:00:00,12/30/1899 9:00:00,"C- Minor Injury","F- Driver",,,"L- Lorries Van;V-Motor Cycle","S- Driver's Negligence",2.00
251,3321.00,"6- East Berbice- Corentyne",732,"Rose Hall Public Rd.","RIGHT BANK CANJE RIVER (From New Amsterdam)","-57.4833","6.2333",,,10/22/2007 0:00:00,12/30/1899 16:30:00,"A- Fatal","F- Driver",,,"L- Lorries Van","S- Driver's Negligence",2.00
252,3322.00,"6- East Berbice- Corentyne",798,"No 1 Public Rd.","CORENTYNE COAST ROAD (Form New Amsterdam)","-57.4000","6.2833",,,12/9/2007 0:00:00,12/30/1899 13:00:00,"B- Serious Injury","F- Driver",36.00,"Male","L- Lorries Van","S- Driver's Negligence",2.00
253,3323.00,"6- East Berbice- Corentyne",732,"Rose Hall Public Rd.","RIGHT BANK CANJE RIVER (From New Amsterdam)","-57.4833","6.2333",,,1/11/2008 0:00:00,12/30/1899 13:00:00,"B- Serious Injury","F- Driver",,,"K- Private Cars",,2.00
254,3324.00,"6- East Berbice- Corentyne",803,"Albion Public Rd.","CORENTYNE COAST ROAD (Form New Amsterdam)","-57.3833","6.2667",,,2/26/2008 0:00:00,12/30/1899 16:35:00,"B- Serious Injury","F- Driver",23.00,"Male","K- Private Cars;W-Pedal Cycle","P- Speeding",3.00
255,3325.00,"6- East Berbice- Corentyne",804,"Nigg Public Rd.","CORENTYNE COAST ROAD (Form New Amsterdam)","-57.3667","6.2667",,,2/27/2008 0:00:00,12/30/1899 8:10:00,"C- Minor Injury","F- Driver",36.00,"Male","J- Minibus;K- Private Cars","S- Driver's Negligence",2.00
256,3326.00,"6- East Berbice- Corentyne",732,"Rose Hall Public Rd.","RIGHT BANK CANJE RIVER (From New Amsterdam)","-57.4833","6.2333",,,5/19/2008 0:00:00,12/30/1899 8:45:00,"C- Minor Injury","F- Driver",31.00,"Male","L- Lorries Van;W-Pedal Cycle","S- Driver's Negligence",3.00
257,3327.00,"6- East Berbice- Corentyne",806,"Hampshire Public Rd.","CORENTYNE COAST ROAD (Form New Amsterdam)","-57.3667","6.2667",,,5/21/2008 0:00:00,12/30/1899 14:40:00,"C- Minor Injury","F- Driver",26.00,"Male","M- Hire Cars","P- Speeding",4.00
258,3328.00,"6- East Berbice- Corentyne",807,"Williamsburg Public Rd.","CORENTYNE COAST ROAD (Form New Amsterdam)","-57.3667","6.2667",,,5/31/2008 0:00:00,12/30/1899 8:55:00,"A- Fatal","F- Driver",36.00,"Male","J- Minibus;W-Pedal Cycle","S- Driver's Negligence",2.00
259,3329.00,"6- East Berbice- Corentyne",806,"Hampshire Public Rd.","CORENTYNE COAST ROAD (Form New Amsterdam)","-57.3667","6.2667",,,6/6/2008 0:00:00,12/30/1899 13:55:00,"C- Minor Injury","F- Driver",36.00,"Male","K- Private Cars","P- Speeding",2.00
260,3330.00,"6- East Berbice- Corentyne",802,"Chesney Public Rd.","CORENTYNE COAST ROAD (Form New Amsterdam)","-57.3833","6.2667",,,8/8/2008 0:00:00,12/30/1899 11:00:00,"C- Minor Injury","F- Driver",50.00,"Male","M- Hire Cars;W-Pedal Cycle","S- Driver's Negligence",2.00
261,3331.00,"6- East Berbice- Corentyne",799,"Courtland Public Rd.","CORENTYNE COAST ROAD (Form New Amsterdam)","-57.4000","6.2833",,,8/28/2008 0:00:00,12/30/1899 14:10:00,"B- Serious Injury","F- Driver",51.00,"Male","J- Minibus;M- Hire Cars","S- Driver's Negligence",6.00
262,3332.00,"6- East Berbice- Corentyne",803,"Albion Access Rd.","CORENTYNE COAST ROAD (Form New Amsterdam)","-57.3833","6.2667",,,9/8/2008 0:00:00,12/30/1899 8:15:00,"C- Minor Injury","F- Driver",42.00,"Male","L- Lorries Van;W-Pedal Cycle","S- Driver's Negligence",2.00
263,3333.00,"6- East Berbice- Corentyne",803,"Albion Public Rd.","CORENTYNE COAST ROAD (Form New Amsterdam)","-57.3833","6.2667",,,10/6/2008 0:00:00,12/30/1899 14:30:00,"C- Minor Injury","F- Driver",29.00,"Male","J- Minibus;M- Hire Cars","S- Driver's Negligence",2.00
264,3334.00,"6- East Berbice- Corentyne",807,"Williamsburg Public Rd.","CORENTYNE COAST ROAD (Form New Amsterdam)","-57.3667","6.2667",,,10/15/2008 0:00:00,12/30/1899 11:40:00,"B- Serious Injury","F- Driver",23.00,"Male","K- Private Cars;V-Motor Cycle","P- Speeding",2.00
265,3335.00,"6- East Berbice- Corentyne",807,"Williamsburg Public Rd.","CORENTYNE COAST ROAD (Form New Amsterdam)","-57.3667","6.2667",,,10/24/2008 0:00:00,12/30/1899 19:30:00,"C- Minor Injury","G- Rider",18.00,"Male","V-Motor Cycle;W-Pedal Cycle","P- Speeding",2.00
266,3336.00,"6- East Berbice- Corentyne",798,"No 1 Public Rd.","CORENTYNE COAST ROAD (Form New Amsterdam)","-57.4000","6.2833",,,12/14/2008 0:00:00,12/30/1899 19:15:00,"B- Serious Injury","F- Driver",25.00,"Male","M- Hire Cars","S- Driver's Negligence",2.00
267,3337.00,"6- East Berbice- Corentyne",802,"Chesney Public Rd.","CORENTYNE COAST ROAD (Form New Amsterdam)","-57.3833","6.2667",,,1/12/2009 0:00:00,12/30/1899 5:45:00,"C- Minor Injury","F- Driver",42.00,"Male","J- Minibus;K- Private Cars","S- Driver's Negligence",5.00
268,3338.00,"6- East Berbice- Corentyne",805,"Belvidere Public Rd.","CORENTYNE COAST ROAD (Form New Amsterdam)","-57.3667","6.2667",,,1/11/2009 0:00:00,12/30/1899 19:15:00,"B- Serious Injury","F- Driver",31.00,"Male","M- Hire Cars","Y- Animal",1.00
269,3339.00,"6- East Berbice- Corentyne",732,"Rose Hall Public Rd.","RIGHT BANK CANJE RIVER (From New Amsterdam)","-57.4833","6.2333",,,2/1/2009 0:00:00,12/30/1899 15:20:00,"D- Property Damage","F- Driver",58.00,"Male","K- Private Cars","S- Driver's Negligence",3.00
270,3340.00,"6- East Berbice- Corentyne",807,"Williamsburg Public Rd.","CORENTYNE COAST ROAD (Form New Amsterdam)","-57.3667","6.2667",,,3/8/2009 0:00:00,12/30/1899 9:30:00,"D- Property Damage","F- Driver",32.00,"Male","K- Private Cars;M- Hire Cars","S- Driver's Negligence",2.00
271,3341.00,"6- East Berbice- Corentyne",803,"Albion Public Rd.","CORENTYNE COAST ROAD (Form New Amsterdam)","-57.3833","6.2667",,,2/28/2009 0:00:00,12/30/1899 13:20:00,"D- Property Damage","F- Driver",38.00,"Male","K- Private Cars;M- Hire Cars","S- Driver's Negligence",2.00
272,3342.00,"6- East Berbice- Corentyne",799,"Courtland Public Rd.","CORENTYNE COAST ROAD (Form New Amsterdam)","-57.4000","6.2833",,,3/1/2009 0:00:00,12/30/1899 15:22:00,"C- Minor Injury","G- Rider",,"Male","V-Motor Cycle","Y- Animal",1.00
273,3343.00,"6- East Berbice- Corentyne",803,"Albion Public Rd.","CORENTYNE COAST ROAD (Form New Amsterdam)","-57.3833","6.2667",,,3/7/2009 0:00:00,12/30/1899 18:42:00,"B- Serious Injury","F- Driver",,,"N- Pickup","S- Driver's Negligence",2.00
274,3344.00,"6- East Berbice- Corentyne",801,"Kilcoy Public Rd.","CORENTYNE COAST ROAD (Form New Amsterdam)","-57.3833","6.2667",,,3/23/2009 0:00:00,12/30/1899 14:18:00,"B- Serious Injury","E- Pedestrian",6.00,"Female","V-Motor Cycle","T-Pedestrian's Negligence",2.00
275,3345.00,"6- East Berbice- Corentyne",807,"Williamsburg Public Rd.","CORENTYNE COAST ROAD (Form New Amsterdam)","-57.3667","6.2667",,,3/30/2009 0:00:00,12/30/1899 20:15:00,"B- Serious Injury","G- Rider",32.00,"Male","N- Pickup;V-Motor Cycle","U- Cyclist's Negligence",2.00
276,3346.00,"6- East Berbice- Corentyne",806,"Hampshire Public Rd.","CORENTYNE COAST ROAD (Form New Amsterdam)","-57.3667","6.2667",,,3/31/2009 0:00:00,12/30/1899 16:40:00,"A- Fatal","F- Driver",23.00,"Male","L- Lorries Van;W-Pedal Cycle","P- Speeding",2.00
277,3347.00,"6- East Berbice- Corentyne",807,"Williamsburg Public Rd.","CORENTYNE COAST ROAD (Form New Amsterdam)","-57.3667","6.2667",,,4/13/2009 0:00:00,12/30/1899 18:00:00,"B- Serious Injury","G- Rider",28.00,"Male","V-Motor Cycle;W-Pedal Cycle","U- Cyclist's Negligence",2.00
278,3348.00,"6- East Berbice- Corentyne",807,"Williamsburg Public Rd.","CORENTYNE COAST ROAD (Form New Amsterdam)","-57.3667","6.2667",,,4/17/2009 0:00:00,12/30/1899 19:00:00,"B- Serious Injury","E- Pedestrian",39.00,"Male","K- Private Cars","T-Pedestrian's Negligence",2.00
279,3349.00,"6- East Berbice- Corentyne",732,"Rose Hall Public Rd.","RIGHT BANK CANJE RIVER (From New Amsterdam)","-57.4833","6.2333",,,4/27/2009 0:00:00,12/30/1899 19:30:00,"B- Serious Injury","F- Driver",24.00,"Male","V-Motor Cycle","U- Cyclist's Negligence",2.00
280,3350.00,"6- East Berbice- Corentyne",732,"Dr. Tulsie St. Access Rd.","RIGHT BANK CANJE RIVER (From New Amsterdam)","-57.4833","6.2333",,,4/28/2009 0:00:00,12/30/1899 16:30:00,"C- Minor Injury","G- Rider",39.00,"Male","M- Hire Cars;W-Pedal Cycle","U- Cyclist's Negligence",2.00
281,3351.00,"6- East Berbice- Corentyne",803,"Albion Public Rd.","CORENTYNE COAST ROAD (Form New Amsterdam)","-57.3833","6.2667",,,4/30/2009 0:00:00,12/30/1899 18:40:00,"D- Property Damage","F- Driver",55.00,"Female","N- Pickup","Y- Animal",1.00
282,3352.00,"6- East Berbice- Corentyne",803,"Topoo Albion Access Rd.","CORENTYNE COAST ROAD (Form New Amsterdam)","-57.3833","6.2667",,,4/30/2009 0:00:00,12/30/1899 8:25:00,"A- Fatal","F- Driver",41.00,"Male","K- Private Cars;W-Pedal Cycle","S- Driver's Negligence",2.00