"ID","Accident ID","Region Number","Corridor ID","Location (Intersection/Road/Street)","Corridor","Location- longitude/ X","Location- latitude/  Y","Mile Marker","Village","Date of Accident","Time of Accident","Type of Accident","Class of Road User","Age/DOB","Gender","Class of Vehicles Involved","Contributing Factor","Number of Persons Involved"
283,3353.00,"6- East Berbice- Corentyne",800,"Fryish Public Rd.","CORENTYNE COAST ROAD (Form New Amsterdam)","-57.3833","6.2833",,,5/30/2009 0:00:00,12/30/1899 15:15:00,"A- Fatal","F- Driver",22.00,"Male","K- Private Cars","S- Driver's Negligence",3.00
284,3354.00,"6- East Berbice- Corentyne",806,"Hampshire Public Rd.","CORENTYNE COAST ROAD (Form New Amsterdam)","-57.3667","6.2667",,,6/23/2009 0:00:00,12/30/1899 17:00:00,"C- Minor Injury","F- Driver",40.00,"Male","M- Hire Cars;W-Pedal Cycle","S- Driver's Negligence",2.00
285,3355.00,"6- East Berbice- Corentyne",798,"No 1 Public Rd.","CORENTYNE COAST ROAD (Form New Amsterdam)","-57.4000","6.2833",,,7/6/2009 0:00:00,12/30/1899 19:20:00,"B- Serious Injury","F- Driver",30.00,"Male","K- Private Cars;N- Pickup","P- Speeding",3.00
286,3356.00,"6- East Berbice- Corentyne",804,"Nigg Public Rd.","CORENTYNE COAST ROAD (Form New Amsterdam)","-57.3667","6.2667",,,7/19/2009 0:00:00,12/30/1899 3:20:00,"B- Serious Injury","F- Driver",47.00,"Male","K- Private Cars","S- Driver's Negligence",3.00
287,3357.00,"6- East Berbice- Corentyne",732,"Rose Hall Public Rd.","RIGHT BANK CANJE RIVER (From New Amsterdam)","-57.4833","6.2333",,,7/17/2009 0:00:00,12/30/1899 9:25:00,"C- Minor Injury","F- Driver",28.00,"Male","M- Hire Cars;W-Pedal Cycle","S- Driver's Negligence",3.00
288,3358.00,"6- East Berbice- Corentyne",805,"Belvidere Access Rd.","CORENTYNE COAST ROAD (Form New Amsterdam)","-57.3667","6.2667",,,7/27/2009 0:00:00,12/30/1899 8:45:00,"C- Minor Injury","G- Rider",41.00,"Male","V-Motor Cycle","U- Cyclist's Negligence",2.00
289,3359.00,"6- East Berbice- Corentyne",805,"Belvidere Public Rd.","CORENTYNE COAST ROAD (Form New Amsterdam)","-57.3667","6.2667",,,7/27/2009 0:00:00,12/30/1899 7:30:00,"C- Minor Injury","F- Driver",40.00,"Male","J- Minibus;K- Private Cars","S- Driver's Negligence",2.00
290,3360.00,"6- East Berbice- Corentyne",732,"Rose Hall Public Rd.","RIGHT BANK CANJE RIVER (From New Amsterdam)","-57.4833","6.2333",,,11/1/2009 0:00:00,12/30/1899 18:40:00,"C- Minor Injury","F- Driver",42.00,"Male","M- Hire Cars;W-Pedal Cycle","S- Driver's Negligence",2.00
291,3361.00,"6- East Berbice- Corentyne",800,"Fryish Public Rd.","CORENTYNE COAST ROAD (Form New Amsterdam)","-57.3833","6.2833",,,12/5/2009 0:00:00,12/30/1899 2:30:00,"B- Serious Injury","G- Rider",37.00,"Male","V-Motor Cycle","Y- Animal",2.00
292,3362.00,"6- East Berbice- Corentyne",802,"Chesney Public Rd.","CORENTYNE COAST ROAD (Form New Amsterdam)","-57.3833","6.2667",,,1/7/2010 0:00:00,12/30/1899 7:45:00,"D- Property Damage","F- Driver",37.00,"Male","J- Minibus;M- Hire Cars","S- Driver's Negligence",2.00
293,3363.00,"6- East Berbice- Corentyne",805,"Belvidere Public Rd.","CORENTYNE COAST ROAD (Form New Amsterdam)","-57.3667","6.2667",,,1/19/2010 0:00:00,12/30/1899 10:30:00,"D- Property Damage","F- Driver",56.00,"Male","J- Minibus;K- Private Cars","S- Driver's Negligence",2.00
294,3364.00,"6- East Berbice- Corentyne",732,"Rose Hall Public Rd.","RIGHT BANK CANJE RIVER (From New Amsterdam)","-57.4833","6.2333",,,2/22/2010 0:00:00,12/30/1899 20:00:00,"A- Fatal","F- Driver",53.00,"Male","N- Pickup","S- Driver's Negligence",2.00
295,3365.00,"6- East Berbice- Corentyne",732,"Rose Hall Public Rd.","RIGHT BANK CANJE RIVER (From New Amsterdam)","-57.4833","6.2333",,,2/25/2010 0:00:00,12/30/1899 12:05:00,"D- Property Damage","F- Driver",25.00,"Male","J- Minibus;K- Private Cars","S- Driver's Negligence",2.00
296,3366.00,"6- East Berbice- Corentyne",806,"Hampshire Public Rd.","CORENTYNE COAST ROAD (Form New Amsterdam)","-57.3667","6.2667",,,3/6/2010 0:00:00,12/30/1899 18:35:00,"D- Property Damage","F- Driver",42.00,"Male","K- Private Cars;M- Hire Cars","S- Driver's Negligence",2.00
297,3367.00,"6- East Berbice- Corentyne",807,"Williamsburg Public Rd.","CORENTYNE COAST ROAD (Form New Amsterdam)","-57.3667","6.2667",,,3/21/2010 0:00:00,12/30/1899 20:40:00,"B- Serious Injury","G- Rider",22.00,"Male","V-Motor Cycle;W-Pedal Cycle","U- Cyclist's Negligence",2.00
298,3368.00,"6- East Berbice- Corentyne",806,"Hampshire Public Rd.","CORENTYNE COAST ROAD (Form New Amsterdam)","-57.3667","6.2667",,,3/21/2010 0:00:00,12/30/1899 10:10:00,"C- Minor Injury","G- Rider",10.00,"Male","K- Private Cars;W-Pedal Cycle","U- Cyclist's Negligence",2.00
299,3369.00,"6- East Berbice- Corentyne",806,"Hampshire 2nd St.","CORENTYNE COAST ROAD (Form New Amsterdam)","-57.3667","6.2667",,,3/29/2010 0:00:00,12/30/1899 14:30:00,"C- Minor Injury","G- Rider",,"Male","V-Motor Cycle;W-Pedal Cycle","U- Cyclist's Negligence",2.00
300,3370.00,"6- East Berbice- Corentyne",798,"No 1 Public Rd.","CORENTYNE COAST ROAD (Form New Amsterdam)","-57.4000","6.2833",,,4/16/2010 0:00:00,12/30/1899 15:30:00,"B- Serious Injury","F- Driver",24.00,"Male","M- Hire Cars;W-Pedal Cycle","S- Driver's Negligence;U- Cyclist's Negligence",2.00
301,3371.00,"6- East Berbice- Corentyne",798,"No 1 Public Rd.","CORENTYNE COAST ROAD (Form New Amsterdam)","-57.4000","6.2833",,,5/4/2010 0:00:00,12/30/1899 19:40:00,"D- Property Damage","F- Driver",26.00,"Male","M- Hire Cars","Y- Animal",1.00
302,3372.00,"6- East Berbice- Corentyne",732,"Rose Hall Public Rd.","RIGHT BANK CANJE RIVER (From New Amsterdam)","-57.4833","6.2333",,,5/5/2010 0:00:00,12/30/1899 22:30:00,"C- Minor Injury","F- Driver",47.00,"Male","K- Private Cars;N- Pickup","P- Speeding;S- Driver's Negligence",2.00
303,3373.00,"6- East Berbice- Corentyne",798,"No 1 Public Rd.","CORENTYNE COAST ROAD (Form New Amsterdam)","-57.4000","6.2833",,,5/30/2010 0:00:00,12/30/1899 20:45:00,"C- Minor Injury","F- Driver",,,"K- Private Cars;M- Hire Cars","S- Driver's Negligence",3.00
304,3374.00,"6- East Berbice- Corentyne",807,"Williamsburg Public Rd.","CORENTYNE COAST ROAD (Form New Amsterdam)","-57.3667","6.2667",,,2/20/2010 0:00:00,12/30/1899 20:00:00,"D- Property Damage","F- Driver",39.00,"Male","J- Minibus;M- Hire Cars","S- Driver's Negligence",2.00
305,3375.00,"6- East Berbice- Corentyne",798,"No 1 Public Rd.","CORENTYNE COAST ROAD (Form New Amsterdam)","-57.4000","6.2833",,,6/21/2010 0:00:00,12/30/1899 9:30:00,"D- Property Damage","F- Driver",49.00,"Male","J- Minibus","Y- Animal",1.00
306,3376.00,"6- East Berbice- Corentyne",732,"Rose Hall Public Rd.","RIGHT BANK CANJE RIVER (From New Amsterdam)","-57.4833","6.2333",,,8/8/2010 0:00:00,12/30/1899 17:30:00,"D- Property Damage","F- Driver",32.00,"Male","J- Minibus;M- Hire Cars","S- Driver's Negligence",2.00
307,3377.00,"6- East Berbice- Corentyne",732,"Independence Ave. Rose Hall","RIGHT BANK CANJE RIVER (From New Amsterdam)","-57.4833","6.2333",,,8/14/2010 0:00:00,12/30/1899 13:30:00,"D- Property Damage","F- Driver",35.00,"Male","K- Private Cars;M- Hire Cars","S- Driver's Negligence",2.00
308,3378.00,"6- East Berbice- Corentyne",805,"Belvidere Public Rd.","CORENTYNE COAST ROAD (Form New Amsterdam)","-57.3667","6.2667",,,8/16/2010 0:00:00,12/30/1899 6:15:00,"B- Serious Injury","F- Driver",44.00,"Male","K- Private Cars;V-Motor Cycle","S- Driver's Negligence;U- Cyclist's Negligence",2.00
309,3379.00,"6- East Berbice- Corentyne",732,"Rose Hall Public Rd.","RIGHT BANK CANJE RIVER (From New Amsterdam)","-57.4833","6.2333",,,8/18/2010 0:00:00,12/30/1899 22:40:00,"D- Property Damage","F- Driver",22.00,"Male","M- Hire Cars","Y- Animal",1.00
310,3380.00,"6- East Berbice- Corentyne",801,"Kilcoy Public Rd.","CORENTYNE COAST ROAD (Form New Amsterdam)","-57.3833","6.2667",,,8/22/2010 0:00:00,12/30/1899 21:00:00,"D- Property Damage","F- Driver",22.00,"Male","K- Private Cars","Y- Animal",1.00
311,3381.00,"6- East Berbice- Corentyne",806,"Hampshire Public Rd.","CORENTYNE COAST ROAD (Form New Amsterdam)","-57.3667","6.2667",,,10/15/2010 0:00:00,12/30/1899 9:30:00,"D- Property Damage","F- Driver",32.00,"Male","K- Private Cars;L- Lorries Van","S- Driver's Negligence",3.00
312,3382.00,"6- East Berbice- Corentyne",802,"Chesney Public Rd.","CORENTYNE COAST ROAD (Form New Amsterdam)","-57.3833","6.2667",,,11/3/2010 0:00:00,12/30/1899 12:15:00,"D- Property Damage","F- Driver",,,"K- Private Cars","Y- Animal",1.00
313,3383.00,"6- East Berbice- Corentyne",732,"Rose Hall Public Rd.","RIGHT BANK CANJE RIVER (From New Amsterdam)","-57.4833","6.2333",,,11/18/2010 0:00:00,12/30/1899 8:00:00,"C- Minor Injury","F- Driver",56.00,"Female","K- Private Cars","S- Driver's Negligence",2.00
314,3384.00,"6- East Berbice- Corentyne",808,"Bun Bush Day Rose Hall","CORENTYNE COAST ROAD (Form New Amsterdam)","-57.3500","6.2500",,,12/9/2010 0:00:00,12/30/1899 7:40:00,"D- Property Damage","F- Driver",,"Male","K- Private Cars","O- Lost Control & Runoff",1.00
315,3385.00,"6- East Berbice- Corentyne",806,"Hampshire Public Rd.","CORENTYNE COAST ROAD (Form New Amsterdam)","-57.3667","6.2667",,,12/17/2010 0:00:00,12/30/1899 7:10:00,"B- Serious Injury","G- Rider",30.00,"Male","V-Motor Cycle","P- Speeding;U- Cyclist's Negligence",2.00
316,3386.00,"6- East Berbice- Corentyne",800,"Fryish Public Rd.","CORENTYNE COAST ROAD (Form New Amsterdam)","-57.3833","6.2833",,,12/20/2010 0:00:00,12/30/1899 15:15:00,"D- Property Damage","F- Driver",27.00,"Male","M- Hire Cars","P- Speeding;Q- Alcohol",2.00
317,3387.00,"6- East Berbice- Corentyne",799,"Courtland Public Rd.","CORENTYNE COAST ROAD (Form New Amsterdam)","-57.4000","6.2833",,,12/23/2010 0:00:00,12/30/1899 11:00:00,"D- Property Damage","F- Driver",,"Male","K- Private Cars","Y- Animal",1.00
318,3388.00,"6- East Berbice- Corentyne",800,"Fryish Public Rd.","CORENTYNE COAST ROAD (Form New Amsterdam)","-57.3833","6.2833",,,12/24/2010 0:00:00,12/30/1899 14:20:00,"D- Property Damage","F- Driver",23.00,"Male","K- Private Cars;L- Lorries Van","P- Speeding",3.00
319,3389.00,"6- East Berbice- Corentyne",806,"Hampshire Public Rd.","CORENTYNE COAST ROAD (Form New Amsterdam)","-57.3667","6.2667",,,1/29/2011 0:00:00,12/30/1899 13:55:00,"C- Minor Injury","E- Pedestrian",74.00,"Male","M- Hire Cars","T-Pedestrian's Negligence",2.00
320,3390.00,"6- East Berbice- Corentyne",801,"Kilcoy Public Rd.","CORENTYNE COAST ROAD (Form New Amsterdam)","-57.3833","6.2667",,,2/24/2011 0:00:00,12/30/1899 19:00:00,"A- Fatal","F- Driver",55.00,"Male","L- Lorries Van","P- Speeding;Q- Alcohol",2.00
321,3391.00,"6- East Berbice- Corentyne",800,"Fryish Public Rd.","CORENTYNE COAST ROAD (Form New Amsterdam)","-57.3833","6.2833",,,4/8/2011 0:00:00,12/30/1899 11:45:00,"D- Property Damage","F- Driver",32.00,"Male","M- Hire Cars","P- Speeding",1.00
322,3392.00,"6- East Berbice- Corentyne",798,"No 1 Public Rd.","CORENTYNE COAST ROAD (Form New Amsterdam)","-57.4000","6.2833",,,8/6/2011 0:00:00,12/30/1899 12:15:00,"D- Property Damage","F- Driver",42.00,"Male","N- Pickup","Y- Animal",1.00
323,3393.00,"6- East Berbice- Corentyne",732,"Rose Hall Public Rd.","RIGHT BANK CANJE RIVER (From New Amsterdam)","-57.4833","6.2333",,,9/8/2011 0:00:00,12/30/1899 9:00:00,"D- Property Damage","F- Driver",32.00,"Male","L- Lorries Van;V-Motor Cycle","S- Driver's Negligence",2.00
324,3394.00,"6- East Berbice- Corentyne",807,"Williamsburg Public Rd.","CORENTYNE COAST ROAD (Form New Amsterdam)","-57.3667","6.2667",,,9/3/2011 0:00:00,12/30/1899 15:30:00,"B- Serious Injury","F- Driver",38.00,"Male","K- Private Cars;V-Motor Cycle","Q- Alcohol",2.00
325,3395.00,"6- East Berbice- Corentyne",804,"Nigg Public Rd.","CORENTYNE COAST ROAD (Form New Amsterdam)","-57.3667","6.2667",,,10/1/2011 0:00:00,12/30/1899 1:20:00,"B- Serious Injury","F- Driver",23.00,"Male","M- Hire Cars","P- Speeding",2.00
326,3396.00,"6- East Berbice- Corentyne",794,"Borlam Public Rd.","EAST COAST BERBICE ROAD (From New Amsterdam)","-57.4167","6.3000",,,10/15/2011 0:00:00,12/30/1899 18:15:00,"D- Property Damage","F- Driver",,"Male","K- Private Cars","Y- Animal",1.00
327,3397.00,"6- East Berbice- Corentyne",801,"Kilcoy Public Rd.","CORENTYNE COAST ROAD (Form New Amsterdam)","-57.3833","6.2667",,,10/20/2011 0:00:00,12/30/1899 22:00:00,"C- Minor Injury","F- Driver",,,"K- Private Cars","S- Driver's Negligence",2.00
328,3398.00,"6- East Berbice- Corentyne",803,"Albion Public Rd.","CORENTYNE COAST ROAD (Form New Amsterdam)","-57.3833","6.2667",,,10/21/2011 0:00:00,12/30/1899 8:30:00,"D- Property Damage","F- Driver",30.00,"Male","L- Lorries Van;N- Pickup","S- Driver's Negligence",3.00
329,3399.00,"6- East Berbice- Corentyne",801,"Kilcoy Public Rd.","CORENTYNE COAST ROAD (Form New Amsterdam)","-57.3833","6.2667",,,10/27/2011 0:00:00,12/30/1899 19:50:00,"B- Serious Injury","E- Pedestrian",53.00,"Male","M- Hire Cars","T-Pedestrian's Negligence",2.00
330,3400.00,"6- East Berbice- Corentyne",732,"Rose Hall Town Public Rd.","RIGHT BANK CANJE RIVER (From New Amsterdam)","-57.4833","6.2333",,,11/6/2011 0:00:00,12/30/1899 15:32:00,"D- Property Damage","F- Driver",,"Male","J- Minibus;M- Hire Cars","S- Driver's Negligence",2.00
331,3401.00,"6- East Berbice- Corentyne",803,"Albion Estate Public Rd.","CORENTYNE COAST ROAD (Form New Amsterdam)","-57.3833","6.2667",,,11/10/2011 0:00:00,12/30/1899 19:30:00,"B- Serious Injury","F- Driver",46.00,"Male","K- Private Cars;W-Pedal Cycle","S- Driver's Negligence",3.00
332,3402.00,"6- East Berbice- Corentyne",804,"Nigg Public Rd.","CORENTYNE COAST ROAD (Form New Amsterdam)","-57.3667","6.2667",,,11/8/2011 0:00:00,12/30/1899 8:30:00,"C- Minor Injury","F- Driver",23.00,"Male","M- Hire Cars","S- Driver's Negligence",2.00
333,3403.00,"6- East Berbice- Corentyne",806,"Hampshire Public Rd.","CORENTYNE COAST ROAD (Form New Amsterdam)","-57.3667","6.2667",,,11/15/2011 0:00:00,12/30/1899 11:20:00,"C- Minor Injury","G- Rider",22.00,"Male","V-Motor Cycle","U- Cyclist's Negligence",3.00
334,3404.00,"6- East Berbice- Corentyne",807,"Williamsburg Public Rd.","CORENTYNE COAST ROAD (Form New Amsterdam)","-57.3667","6.2667",,,11/13/2011 0:00:00,12/30/1899 1:35:00,"D- Property Damage","F- Driver",23.00,"Male","M- Hire Cars","S- Driver's Negligence",1.00
335,3405.00,"6- East Berbice- Corentyne",807,"Williamsburg Public Rd.","CORENTYNE COAST ROAD (Form New Amsterdam)","-57.3667","6.2667",,,11/28/2011 0:00:00,12/30/1899 16:30:00,"B- Serious Injury","F- Driver",24.00,"Male","M- Hire Cars","P- Speeding",2.00
336,3406.00,"6- East Berbice- Corentyne",804,"Nigg Public Rd.","CORENTYNE COAST ROAD (Form New Amsterdam)","-57.3667","6.2667",,,12/6/2011 0:00:00,12/30/1899 15:35:00,"C- Minor Injury","F- Driver",32.00,"Male","K- Private Cars;L- Lorries Van","S- Driver's Negligence",2.00
337,3407.00,"6- East Berbice- Corentyne",800,"Fryish Public Rd.","CORENTYNE COAST ROAD (Form New Amsterdam)","-57.3833","6.2833",,,1/24/2012 0:00:00,12/30/1899 17:17:00,"C- Minor Injury","F- Driver",,"Male","L- Lorries Van;W-Pedal Cycle","S- Driver's Negligence",2.00
338,3408.00,"6- East Berbice- Corentyne",805,"Belvidere Public Rd.","CORENTYNE COAST ROAD (Form New Amsterdam)","-57.3667","6.2667",,,2/10/2012 0:00:00,12/30/1899 19:15:00,"B- Serious Injury","G- Rider",19.00,"Male","V-Motor Cycle","U- Cyclist's Negligence",2.00
339,3409.00,"6- East Berbice- Corentyne",804,"Nigg Public Rd.","CORENTYNE COAST ROAD (Form New Amsterdam)","-57.3667","6.2667",,,2/14/2012 0:00:00,12/30/1899 9:32:00,"C- Minor Injury","F- Driver",64.00,"Male","N- Pickup;V-Motor Cycle","S- Driver's Negligence",2.00
340,3410.00,"6- East Berbice- Corentyne",807,"Williamsburg Public Rd.","CORENTYNE COAST ROAD (Form New Amsterdam)","-57.3667","6.2667",,,2/6/2012 0:00:00,12/30/1899 6:20:00,"C- Minor Injury","F- Driver",35.00,"Male","J- Minibus;L- Lorries Van;W-Pedal Cycle","S- Driver's Negligence",3.00
341,3411.00,"6- East Berbice- Corentyne",803,"Albion Public Rd.","CORENTYNE COAST ROAD (Form New Amsterdam)","-57.3833","6.2667",,,3/14/2012 0:00:00,12/30/1899 21:30:00,"B- Serious Injury","F- Driver",27.00,"Male","L- Lorries Van;V-Motor Cycle","S- Driver's Negligence",2.00
342,3412.00,"6- East Berbice- Corentyne",732,"Rose hall Public Rd.","RIGHT BANK CANJE RIVER (From New Amsterdam)","-57.4833","6.2333",,,3/24/2012 0:00:00,12/30/1899 9:30:00,"C- Minor Injury","G- Rider",65.00,"Male","W-Pedal Cycle","U- Cyclist's Negligence",2.00
343,3413.00,"6- East Berbice- Corentyne",805,"Belvidere Public Rd.","CORENTYNE COAST ROAD (Form New Amsterdam)","-57.3667","6.2667",,,4/29/2012 0:00:00,12/30/1899 12:00:00,"C- Minor Injury","F- Driver",24.00,"Male","K- Private Cars","S- Driver's Negligence",2.00
344,3414.00,"6- East Berbice- Corentyne",799,"Courtland Public Rd.","CORENTYNE COAST ROAD (Form New Amsterdam)","-57.4000","6.2833",,,5/19/2012 0:00:00,12/30/1899 20:30:00,"D- Property Damage","F- Driver",24.00,"Male","M- Hire Cars","Y- Animal",1.00
345,3415.00,"6- East Berbice- Corentyne",807,"Williamsburg Public Rd.","CORENTYNE COAST ROAD (Form New Amsterdam)","-57.3667","6.2667",,,5/27/2012 0:00:00,12/30/1899 15:00:00,"C- Minor Injury","E- Pedestrian",7.00,"Female","V-Motor Cycle","T-Pedestrian's Negligence",2.00
346,3416.00,"6- East Berbice- Corentyne",805,"Belvidere Public Rd.","CORENTYNE COAST ROAD (Form New Amsterdam)","-57.3667","6.2667",,,5/28/2012 0:00:00,12/30/1899 20:00:00,"C- Minor Injury","F- Driver",22.00,"Male","K- Private Cars;W-Pedal Cycle","S- Driver's Negligence",2.00
347,3418.00,"6- East Berbice- Corentyne",804,"Nigg Post Office Rd.","CORENTYNE COAST ROAD (Form New Amsterdam)","-57.3667","6.2667",,,5/30/2012 0:00:00,12/30/1899 10:10:00,"D- Property Damage","F- Driver",43.00,"Male","M- Hire Cars;V-Motor Cycle","S- Driver's Negligence",2.00
348,3419.00,"6- East Berbice- Corentyne",794,"Borlam Public Rd.","EAST COAST BERBICE ROAD (From New Amsterdam)","-57.4167","6.3000",,,5/31/2012 0:00:00,12/30/1899 6:40:00,"D- Property Damage","F- Driver",37.00,"Male","J- Minibus;K- Private Cars","S- Driver's Negligence",2.00
349,3420.00,"6- East Berbice- Corentyne",800,"Fryish Public Rd.","CORENTYNE COAST ROAD (Form New Amsterdam)","-57.3833","6.2833",,,6/2/2012 0:00:00,12/30/1899 10:05:00,"C- Minor Injury","F- Driver",32.00,"Male","M- Hire Cars;W-Pedal Cycle","S- Driver's Negligence",2.00
350,3421.00,"6- East Berbice- Corentyne",800,"Fryish Public Rd.","CORENTYNE COAST ROAD (Form New Amsterdam)","-57.3833","6.2833",,,6/17/2012 0:00:00,12/30/1899 23:30:00,"A- Fatal","E- Pedestrian",47.00,,,,
351,3422.00,"6- East Berbice- Corentyne",805,"Belvidere Public Rd.","CORENTYNE COAST ROAD (Form New Amsterdam)","-57.3667","6.2667",,,6/28/2012 0:00:00,12/30/1899 15:00:00,"D- Property Damage","F- Driver",28.00,"Female","K- Private Cars;M- Hire Cars","S- Driver's Negligence",4.00
352,3423.00,"6- East Berbice- Corentyne",801,"Kilcoy Public Rd.","CORENTYNE COAST ROAD (Form New Amsterdam)","-57.3833","6.2667",,,7/16/2012 0:00:00,12/30/1899 12:10:00,"C- Minor Injury","F- Driver",46.00,"Male","M- Hire Cars;W-Pedal Cycle","S- Driver's Negligence",2.00
353,3424.00,"6- East Berbice- Corentyne",803,"Albion Public Rd.","CORENTYNE COAST ROAD (Form New Amsterdam)","-57.3833","6.2667",,,10/3/2012 0:00:00,12/30/1899 14:56:00,"D- Property Damage","F- Driver",61.00,"Male","K- Private Cars;N- Pickup","S- Driver's Negligence",2.00
354,3425.00,"6- East Berbice- Corentyne",805,"Belvidere Public Rd.","CORENTYNE COAST ROAD (Form New Amsterdam)","-57.3667","6.2667",,,10/14/2012 0:00:00,12/30/1899 5:30:00,"D- Property Damage","F- Driver",36.00,"Male","L- Lorries Van","S- Driver's Negligence",1.00
355,3426.00,"6- East Berbice- Corentyne",800,"Fryish Public Rd.","CORENTYNE COAST ROAD (Form New Amsterdam)","-57.3833","6.2833",,,10/13/2012 0:00:00,12/30/1899 8:30:00,"D- Property Damage","F- Driver",53.00,"Male","J- Minibus;K- Private Cars;M- Hire Cars","S- Driver's Negligence",3.00
356,3427.00,"6- East Berbice- Corentyne",805,"Belvidere Public Rd.","CORENTYNE COAST ROAD (Form New Amsterdam)","-57.3667","6.2667",,,10/27/2012 0:00:00,12/30/1899 8:20:00,"B- Serious Injury","F- Driver",75.00,"Male","K- Private Cars;V-Motor Cycle","S- Driver's Negligence",2.00
357,3428.00,"6- East Berbice- Corentyne",732,"Independence Ave. Access Rd.","RIGHT BANK CANJE RIVER (From New Amsterdam)","-57.4833","6.2333",,,11/26/2012 0:00:00,12/30/1899 11:15:00,"D- Property Damage","F- Driver",25.00,"Male","L- Lorries Van;M- Hire Cars","S- Driver's Negligence",2.00
358,3429.00,"6- East Berbice- Corentyne",732,"Rose Hall Public Rd.","RIGHT BANK CANJE RIVER (From New Amsterdam)","-57.4833","6.2333",,,12/5/2012 0:00:00,12/30/1899 12:05:00,"C- Minor Injury","G- Rider",32.00,"Male","V-Motor Cycle","U- Cyclist's Negligence",2.00
359,3430.00,"6- East Berbice- Corentyne",799,"Courtland Public Rd.","CORENTYNE COAST ROAD (Form New Amsterdam)","-57.4000","6.2833",,,1/3/2012 0:00:00,12/30/1899 19:40:00,"A- Fatal","F- Driver",,,"K- Private Cars","S- Driver's Negligence",2.00
360,3431.00,"6- East Berbice- Corentyne",805,"Belvidere Public Rd.","CORENTYNE COAST ROAD (Form New Amsterdam)","-57.3667","6.2667",,,1/9/2012 0:00:00,12/30/1899 8:00:00,"C- Minor Injury","G- Rider",22.00,"Male","M- Hire Cars;V-Motor Cycle","S- Driver's Negligence;U- Cyclist's Negligence",2.00
361,3432.00,"6- East Berbice- Corentyne",801,"Kilcoy Miguel St.","CORENTYNE COAST ROAD (Form New Amsterdam)","-57.3833","6.2667",,,12/9/2012 0:00:00,12/30/1899 9:17:00,"A- Fatal","F- Driver",24.00,"Male","L- Lorries Van","S- Driver's Negligence",2.00
362,3433.00,"6- East Berbice- Corentyne",807,"Williamsburg Public Rd.","CORENTYNE COAST ROAD (Form New Amsterdam)","-57.3667","6.2667",,,12/23/2012 0:00:00,12/30/1899 11:30:00,"B- Serious Injury","F- Driver",36.00,"Male","L- Lorries Van;V-Motor Cycle","P- Speeding;S- Driver's Negligence",2.00
363,3434.00,"6- East Berbice- Corentyne",803,"Albion Public Rd.","CORENTYNE COAST ROAD (Form New Amsterdam)","-57.3833","6.2667",,,12/15/2012 0:00:00,12/30/1899 14:38:00,"D- Property Damage","F- Driver",31.00,"Male","J- Minibus;L- Lorries Van;M- Hire Cars","S- Driver's Negligence",3.00
364,3435.00,"6- East Berbice- Corentyne",732,"Rose Hall Public Rd.","RIGHT BANK CANJE RIVER (From New Amsterdam)","-57.4833","6.2333",,,12/14/2012 0:00:00,12/30/1899 17:00:00,"D- Property Damage","F- Driver",35.00,"Male","L- Lorries Van;M- Hire Cars","S- Driver's Negligence",2.00
365,3436.00,"6- East Berbice- Corentyne",805,"Belvidere Public Rd.","CORENTYNE COAST ROAD (Form New Amsterdam)","-57.3667","6.2667",,,12/24/2012 0:00:00,12/30/1899 8:30:00,"C- Minor Injury","G- Rider",16.00,"Male","K- Private Cars;W-Pedal Cycle","U- Cyclist's Negligence",3.00
366,3437.00,"6- East Berbice- Corentyne",732,"Rose Hall Access Rd.","RIGHT BANK CANJE RIVER (From New Amsterdam)","-57.4833","6.2333",,,12/30/2012 0:00:00,12/30/1899 12:20:00,"D- Property Damage","F- Driver",,,"J- Minibus;K- Private Cars","S- Driver's Negligence",2.00
367,3438.00,"2- Pomeroon- Supenaam",6,"McNabb Public Rd.","Essequibo Coast Road (Northwards from Supenaam River)","-58.5000","7.0167",,,4/13/2006 0:00:00,12/30/1899 18:30:00,"A- Fatal","G- Rider",33.00,"Male","J- Minibus;W-Pedal Cycle","U- Cyclist's Negligence",3.00
368,3439.00,"2- Pomeroon- Supenaam",36,"Queenstown Public Rd.","Essequibo Coast Road (Northwards from Supenaam River)","-58.5000","7.2000",,,5/4/2006 0:00:00,12/30/1899 22:30:00,"C- Minor Injury","F- Driver",32.00,"Male","L- Lorries Van","S- Driver's Negligence",1.00
369,3440.00,"2- Pomeroon- Supenaam",8,"Three Friends Public Rd.","Essequibo Coast Road (Northwards from Supenaam River)","-58.5000","7.0167",,,5/6/2006 0:00:00,12/30/1899 4:30:00,"B- Serious Injury","F- Driver",29.00,"Male","L- Lorries Van","O- Lost Control & Runoff",1.00
370,3441.00,"2- Pomeroon- Supenaam",49,"Henrietta Public Rd.","Essequibo Coast Road (Northwards from Supenaam River)","-58.4833","7.2667",,,5/22/2006 0:00:00,12/30/1899 0:20:00,"C- Minor Injury","F- Driver",20.00,"Male","K- Private Cars;V-Motor Cycle","Q- Alcohol",2.00
371,3442.00,"2- Pomeroon- Supenaam",49,"Anna Regina Market St.","Essequibo Coast Road (Northwards from Supenaam River)","-58.4833","7.2667",,,6/15/2006 0:00:00,12/30/1899 13:20:00,"B- Serious Injury","G- Rider",33.00,"Male","V-Motor Cycle","U- Cyclist's Negligence",2.00
372,3443.00,"2- Pomeroon- Supenaam",51,"La Belle Alliance Public Rd.","Essequibo Coast Road (Northwards from Supenaam River)","-58.4833","7.2833",,,6/25/2006 0:00:00,12/30/1899 11:45:00,"D- Property Damage","F- Driver",42.00,"Male","K- Private Cars;M- Hire Cars","S- Driver's Negligence",2.00