"ID","Accident ID","Region Number","Corridor ID","Location (Intersection/Road/Street)","Corridor","Location- longitude/ X","Location- latitude/  Y","Mile Marker","Village","Date of Accident","Time of Accident","Type of Accident","Class of Road User","Age/DOB","Gender","Class of Vehicles Involved","Contributing Factor","Number of Persons Involved"
373,3444.00,"2- Pomeroon- Supenaam",36,"Queenstown Public Rd.","Essequibo Coast Road (Northwards from Supenaam River)","-58.5000","7.2000",,,6/27/2006 0:00:00,12/30/1899 11:00:00,"B- Serious Injury","E- Pedestrian",14.00,"Male","V-Motor Cycle","T-Pedestrian's Negligence",2.00
374,3445.00,"2- Pomeroon- Supenaam",51,"La Belle Alliance Public Rd.","Essequibo Coast Road (Northwards from Supenaam River)","-58.4833","7.2833",,,7/10/2006 0:00:00,12/30/1899 13:30:00,"A- Fatal","E- Pedestrian",20.00,"Female","L- Lorries Van","T-Pedestrian's Negligence",2.00
375,3446.00,"2- Pomeroon- Supenaam",50,"Richmond Public Rd.","Essequibo Coast Road (Northwards from Supenaam River)","-58.4833","7.2667",,,8/4/2006 0:00:00,12/30/1899 19:30:00,"B- Serious Injury","E- Pedestrian",53.00,"Male","M- Hire Cars","T-Pedestrian's Negligence",2.00
376,3447.00,"2- Pomeroon- Supenaam",42,"Columbia Public Rd.","Essequibo Coast Road (Northwards from Supenaam River)","-58.5000","7.2167",,,8/7/2006 0:00:00,12/30/1899 7:45:00,"B- Serious Injury","E- Pedestrian",16.00,"Male","N- Pickup","T-Pedestrian's Negligence",2.00
377,3448.00,"2- Pomeroon- Supenaam",50,"Richmond Public Rd.","Essequibo Coast Road (Northwards from Supenaam River)","-58.4833","7.2667",,,8/26/2006 0:00:00,12/30/1899 19:30:00,"B- Serious Injury","G- Rider",,"Male","V-Motor Cycle","U- Cyclist's Negligence",3.00
378,3449.00,"2- Pomeroon- Supenaam",50,"Richmond Public Rd.","Essequibo Coast Road (Northwards from Supenaam River)","-58.4833","7.2667",,,9/13/2006 0:00:00,12/30/1899 11:45:00,"B- Serious Injury","E- Pedestrian",42.00,"Male","K- Private Cars","T-Pedestrian's Negligence",2.00
379,3450.00,"2- Pomeroon- Supenaam",58,"Windsor Castle Public Rd.","Essequibo Coast Road (Northwards from Supenaam River)","-58.4833","7.3000",,,9/19/2006 0:00:00,12/30/1899 11:20:00,"A- Fatal","F- Driver",42.00,"Male","L- Lorries Van;X-Tractor","P- Speeding",2.00
380,3451.00,"2- Pomeroon- Supenaam",60,"Devonshire Castle Public Rd.","Essequibo Coast Road (Northwards from Supenaam River)","-58.4833","7.3333",,,9/24/2006 0:00:00,12/30/1899 4:45:00,"B- Serious Injury","G- Rider",24.00,"Male","N- Pickup;W-Pedal Cycle","S- Driver's Negligence",2.00
381,3452.00,"2- Pomeroon- Supenaam",56,"Sparta Public Rd.","Essequibo Coast Road (Northwards from Supenaam River)","-58.4833","7.3000",,,10/5/2006 0:00:00,12/30/1899 9:00:00,"A- Fatal","F- Driver",28.00,"Female","M- Hire Cars","P- Speeding",2.00
382,3453.00,"2- Pomeroon- Supenaam",43,"Aberdeen Public Rd.","Essequibo Coast Road (Northwards from Supenaam River)","-58.5000","7.2333",,,11/15/2006 0:00:00,12/30/1899 10:15:00,"B- Serious Injury","G- Rider",29.00,"Male","L- Lorries Van;V-Motor Cycle","R- Improper Overtaking",2.00
383,3454.00,"2- Pomeroon- Supenaam",56,"Sparta Public Rd.","Essequibo Coast Road (Northwards from Supenaam River)","-58.4833","7.3000",,,11/13/2006 0:00:00,12/30/1899 14:50:00,"B- Serious Injury","F- Driver",41.00,"Male","L- Lorries Van","S- Driver's Negligence",3.00
384,3455.00,"2- Pomeroon- Supenaam",43,"Aberdeen Public Rd.","Essequibo Coast Road (Northwards from Supenaam River)","-58.5000","7.2333",,,11/19/2006 0:00:00,12/30/1899 14:00:00,"C- Minor Injury","F- Driver",24.00,"Male","L- Lorries Van;N- Pickup","P- Speeding",2.00
385,3456.00,"2- Pomeroon- Supenaam",47,"Reliance Public Rd.","Essequibo Coast Road (Northwards from Supenaam River)","-58.5000","7.2500",,,12/18/2006 0:00:00,12/30/1899 18:15:00,"D- Property Damage","F- Driver",63.00,"Male","N- Pickup;X-Tractor","S- Driver's Negligence",2.00
386,3457.00,"2- Pomeroon- Supenaam",52,"Lima Sands","Essequibo Coast Road (Northwards from Supenaam River)","-58.4833","7.2833",,,12/30/2006 0:00:00,12/30/1899 13:30:00,"B- Serious Injury","G- Rider",,"Male","V-Motor Cycle","P- Speeding",2.00
387,3458.00,"2- Pomeroon- Supenaam",11,"Capoey Public Rd.","Essequibo Coast Road (Northwards from Supenaam River)","-58.5000","7.0333",,,12/30/2006 0:00:00,12/30/1899 0:45:00,"B- Serious Injury","F- Driver",40.00,"Male","K- Private Cars","P- Speeding",1.00
388,3459.00,"2- Pomeroon- Supenaam",42,"Columbia Public Rd.","Essequibo Coast Road (Northwards from Supenaam River)","-58.5000","7.2167",,,12/30/2006 0:00:00,12/30/1899 14:45:00,,"F- Driver",30.00,"Male","L- Lorries Van","S- Driver's Negligence",2.00
389,3460.00,"2- Pomeroon- Supenaam",67,"Dartmouth Public Rd.","Essequibo Coast Road (Northwards from Supenaam River)","-58.5000","7.3500",,,1/1/2007 0:00:00,12/30/1899 3:30:00,"A- Fatal","F- Driver",38.00,"Male","J- Minibus","P- Speeding",2.00
390,3461.00,"2- Pomeroon- Supenaam",49,"Anna Regina Public Rd.","Essequibo Coast Road (Northwards from Supenaam River)","-58.4833","7.2667",,,2/3/2007 0:00:00,12/30/1899 19:10:00,"C- Minor Injury","G- Rider",35.00,"Male","V-Motor Cycle","Q- Alcohol",2.00
391,3462.00,"2- Pomeroon- Supenaam",49,"Anna Regina Market Rd.","Essequibo Coast Road (Northwards from Supenaam River)","-58.4833","7.2667",,,2/2/2007 0:00:00,12/30/1899 17:20:00,"C- Minor Injury","F- Driver",29.00,"Female","K- Private Cars","S- Driver's Negligence",2.00
392,3463.00,"2- Pomeroon- Supenaam",68,"Westbury Public Rd.","Essequibo Coast Road (Northwards from Supenaam River)","-58.5000","7.3667",,,3/6/2007 0:00:00,12/30/1899 10:20:00,"D- Property Damage","F- Driver",,"Male","J- Minibus;L- Lorries Van","S- Driver's Negligence",2.00
393,3464.00,"2- Pomeroon- Supenaam",62,"Paradise Public Rd.","Essequibo Coast Road (Northwards from Supenaam River)","-58.4833","7.3333",,,3/18/2007 0:00:00,12/30/1899 17:00:00,"B- Serious Injury","F- Driver",40.00,"Male","M- Hire Cars","P- Speeding",2.00
394,3465.00,"2- Pomeroon- Supenaam",68,"Westbury Public Rd.","Essequibo Coast Road (Northwards from Supenaam River)","-58.5000","7.3667",,,3/30/2007 0:00:00,12/30/1899 11:15:00,"A- Fatal","G- Rider",14.00,"Male","N- Pickup;W-Pedal Cycle","U- Cyclist's Negligence",2.00
395,3466.00,"2- Pomeroon- Supenaam",41,"Affiance Public Rd.","Essequibo Coast Road (Northwards from Supenaam River)","-58.5000","7.2167",,,4/9/2007 0:00:00,12/30/1899 21:15:00,"B- Serious Injury","F- Driver",19.00,"Male","J- Minibus;K- Private Cars","P- Speeding",4.00
396,3467.00,"2- Pomeroon- Supenaam",41,"Affiance Public Rd.","Essequibo Coast Road (Northwards from Supenaam River)","-58.5000","7.2167",,,4/15/2007 0:00:00,12/30/1899 22:10:00,"B- Serious Injury","F- Driver",33.00,"Male","M- Hire Cars;W-Pedal Cycle","S- Driver's Negligence",2.00
397,3468.00,"2- Pomeroon- Supenaam",52,"Lima Sands Public Rd.","Essequibo Coast Road (Northwards from Supenaam River)","-58.4833","7.2833",,,4/22/2007 0:00:00,12/30/1899 13:30:00,"C- Minor Injury","F- Driver",25.00,"Male","K- Private Cars","P- Speeding",2.00
398,3469.00,"2- Pomeroon- Supenaam",47,"Reliance Public Rd.","Essequibo Coast Road (Northwards from Supenaam River)","-58.5000","7.2500",,,5/1/2007 0:00:00,12/30/1899 11:30:00,"A- Fatal","F- Driver",51.00,"Male","M- Hire Cars","S- Driver's Negligence",2.00
399,3470.00,"2- Pomeroon- Supenaam",49,"Anna Regina Old Market Rd.","Essequibo Coast Road (Northwards from Supenaam River)","-58.4833","7.2667",,,4/14/2007 0:00:00,12/30/1899 15:30:00,"B- Serious Injury","F- Driver",36.00,"Male","M- Hire Cars","T-Pedestrian's Negligence",2.00
400,3471.00,"2- Pomeroon- Supenaam",42,"Columbia Public Rd.","Essequibo Coast Road (Northwards from Supenaam River)","-58.5000","7.2167",,,5/30/2007 0:00:00,12/30/1899 16:45:00,"C- Minor Injury","F- Driver",38.00,"Male","X-Tractor","O- Lost Control & Runoff",2.00
401,3472.00,"2- Pomeroon- Supenaam",41,"Affiance Public Rd.","Essequibo Coast Road (Northwards from Supenaam River)","-58.5000","7.2167",,,6/12/2007 0:00:00,12/30/1899 16:30:00,"B- Serious Injury","F- Driver",37.00,"Male","M- Hire Cars","S- Driver's Negligence",3.00
402,3473.00,"2- Pomeroon- Supenaam",36,"Queenstown Public Rd.","Essequibo Coast Road (Northwards from Supenaam River)","-58.5000","7.2000",,,6/26/2007 0:00:00,12/30/1899 14:15:00,"A- Fatal","F- Driver",36.00,"Male","L- Lorries Van;W-Pedal Cycle","P- Speeding",2.00
403,3474.00,"2- Pomeroon- Supenaam",42,"Columbia Public Rd.","Essequibo Coast Road (Northwards from Supenaam River)","-58.5000","7.2167",,,6/26/2007 0:00:00,12/30/1899 13:15:00,"B- Serious Injury","F- Driver",37.00,"Female","K- Private Cars","S- Driver's Negligence",2.00
404,3475.00,"2- Pomeroon- Supenaam",500,"Richmond Public Rd.","East Coast Demerara Road (From Georgetown)","-57.9333","6.7167",,,7/16/2007 0:00:00,12/30/1899 18:35:00,"A- Fatal","F- Driver",32.00,"Male","L- Lorries Van","S- Driver's Negligence",2.00
405,3476.00,"2- Pomeroon- Supenaam",50,"Richmond Public Rd.","Essequibo Coast Road (Northwards from Supenaam River)","-58.4833","7.2667",,,8/4/2007 0:00:00,12/30/1899 12:00:00,"B- Serious Injury","F- Driver",16.00,"Female","M- Hire Cars","T-Pedestrian's Negligence",2.00
406,3477.00,"2- Pomeroon- Supenaam",61,"Walton Hall Public Rd.","Essequibo Coast Road (Northwards from Supenaam River)","-58.4833","7.3333",,,9/22/2007 0:00:00,12/30/1899 11:45:00,"B- Serious Injury","G- Rider",57.00,"Male","K- Private Cars;V-Motor Cycle","U- Cyclist's Negligence",2.00
407,3478.00,"2- Pomeroon- Supenaam",47,"Reliance Public Rd.","Essequibo Coast Road (Northwards from Supenaam River)","-58.5000","7.2500",,,10/5/2007 0:00:00,12/30/1899 17:40:00,"A- Fatal","F- Driver",59.00,"Male","L- Lorries Van;W-Pedal Cycle","S- Driver's Negligence",2.00
408,3479.00,"2- Pomeroon- Supenaam",64,"Ex-mouth Public Rd.","Essequibo Coast Road (Northwards from Supenaam River)","-58.4833","7.3500",,,10/12/2007 0:00:00,12/30/1899 10:05:00,"B- Serious Injury","G- Rider",28.00,"Male","V-Motor Cycle","P- Speeding",2.00
409,3480.00,"2- Pomeroon- Supenaam",50,"Richmond Public Rd.","Essequibo Coast Road (Northwards from Supenaam River)","-58.4833","7.2667",,,10/15/2007 0:00:00,12/30/1899 20:00:00,"B- Serious Injury","F- Driver",56.00,"Male","L- Lorries Van;M- Hire Cars","Q- Alcohol",2.00
410,3481.00,"2- Pomeroon- Supenaam",36,"Queenstown Public Rd.","Essequibo Coast Road (Northwards from Supenaam River)","-58.5000","7.2000",,,10/21/2007 0:00:00,12/30/1899 18:50:00,"D- Property Damage","F- Driver",,"Male","K- Private Cars","Y- Animal",1.00
411,3482.00,"2- Pomeroon- Supenaam",67,"Dartmouth Public Rd.","Essequibo Coast Road (Northwards from Supenaam River)","-58.5000","7.3500",,,1/1/2008 0:00:00,12/30/1899 4:30:00,"B- Serious Injury","F- Driver",36.00,"Male","J- Minibus;L- Lorries Van;M- Hire Cars;V-Motor Cycle","P- Speeding",5.00
412,3483.00,"2- Pomeroon- Supenaam",45,"Land Of Plenty Public Rd.","Essequibo Coast Road (Northwards from Supenaam River)","-58.5000","7.2333",,,2/14/2008 0:00:00,12/30/1899 8:10:00,"A- Fatal","G- Rider",30.00,"Male","J- Minibus;V-Motor Cycle","U- Cyclist's Negligence",2.00
413,3484.00,"2- Pomeroon- Supenaam",83,"Charity Public Rd.","Essequibo Coast Road (Northwards from Supenaam River)","-58.6000","7.4000",,,2/18/2008 0:00:00,12/30/1899 14:45:00,"B- Serious Injury","F- Driver",49.00,"Male","M- Hire Cars","S- Driver's Negligence",2.00
414,3485.00,"2- Pomeroon- Supenaam",76,"Maria's Delight Public Rd.","Essequibo Coast Road (Northwards from Supenaam River)","-58.5333","7.4000",,,2/18/2008 0:00:00,12/30/1899 17:30:00,"B- Serious Injury","F- Driver",38.00,"Male","J- Minibus","S- Driver's Negligence",2.00
415,3486.00,"2- Pomeroon- Supenaam",74,"Better Hope Public Rd.","Essequibo Coast Road (Northwards from Supenaam River)","-58.5333","7.3833",,,4/8/2008 0:00:00,12/30/1899 16:30:00,"B- Serious Injury","F- Driver",66.00,"Male","L- Lorries Van","O- Lost Control & Runoff",2.00
416,3487.00,"2- Pomeroon- Supenaam",46,"Mainstay Public Rd.","Essequibo Coast Road (Northwards from Supenaam River)","-58.5000","7.2333",,,4/19/2008 0:00:00,12/30/1899 12:45:00,"B- Serious Injury","F- Driver",30.00,"Male","L- Lorries Van","S- Driver's Negligence",2.00
417,3488.00,"2- Pomeroon- Supenaam",42,"Columbia Public Rd.","Essequibo Coast Road (Northwards from Supenaam River)","-58.5000","7.2167",,,4/22/2008 0:00:00,12/30/1899 21:30:00,"A- Fatal","E- Pedestrian",11.00,"Female","N- Pickup","T-Pedestrian's Negligence",2.00
418,3489.00,"2- Pomeroon- Supenaam",40,"Taymouth Manor Public Rd.","Essequibo Coast Road (Northwards from Supenaam River)","-58.5000","7.2167",,,4/17/2008 0:00:00,12/30/1899 16:30:00,"C- Minor Injury","F- Driver",72.00,"Male","L- Lorries Van;W-Pedal Cycle","S- Driver's Negligence",2.00
419,3490.00,"2- Pomeroon- Supenaam",58,"Windsor Castle Public Rd.","Essequibo Coast Road (Northwards from Supenaam River)","-58.4833","7.3000",,,4/28/2008 0:00:00,12/30/1899 18:15:00,"C- Minor Injury","F- Driver",47.00,"Male","L- Lorries Van;X-Tractor","S- Driver's Negligence",2.00
420,3491.00,"2- Pomeroon- Supenaam",83,"Charity Public Rd.","Essequibo Coast Road (Northwards from Supenaam River)","-58.6000","7.4000",,,5/7/2008 0:00:00,12/30/1899 14:30:00,"B- Serious Injury","E- Pedestrian",12.00,"Female","L- Lorries Van","T-Pedestrian's Negligence",2.00
421,3492.00,"2- Pomeroon- Supenaam",64,"Ex-mouth Public Rd.","Essequibo Coast Road (Northwards from Supenaam River)","-58.4833","7.3500",,,5/31/2008 0:00:00,12/30/1899 17:20:00,"B- Serious Injury","G- Rider",9.00,"Male","K- Private Cars;W-Pedal Cycle","U- Cyclist's Negligence",2.00
422,3493.00,"2- Pomeroon- Supenaam",59,"Hampton Court Public Rd.","Essequibo Coast Road (Northwards from Supenaam River)","-58.4833","7.3167",,,6/7/2008 0:00:00,12/30/1899 16:30:00,"A- Fatal","F- Driver",58.00,"Male","N- Pickup;V-Motor Cycle","P- Speeding",3.00
423,3494.00,"2- Pomeroon- Supenaam",61,"Walton Hall Public Rd.","Essequibo Coast Road (Northwards from Supenaam River)","-58.4833","7.3333",,,6/25/2008 0:00:00,12/30/1899 19:20:00,"B- Serious Injury","G- Rider",49.00,"Male","V-Motor Cycle;W-Pedal Cycle","U- Cyclist's Negligence",2.00
424,3495.00,"2- Pomeroon- Supenaam",50,"Richmond Public Rd.","Essequibo Coast Road (Northwards from Supenaam River)","-58.4833","7.2667",,,7/3/2008 0:00:00,12/30/1899 20:20:00,"A- Fatal","F- Driver",21.00,"Male","M- Hire Cars","Q- Alcohol",2.00
425,3496.00,"2- Pomeroon- Supenaam",60,"Devonshire Castle Public Rd.","Essequibo Coast Road (Northwards from Supenaam River)","-58.4833","7.3333",,,7/11/2008 0:00:00,12/30/1899 19:00:00,"B- Serious Injury","F- Driver",21.00,"Male","N- Pickup;W-Pedal Cycle","S- Driver's Negligence",2.00
426,3497.00,"2- Pomeroon- Supenaam",51,"La Belle Alliance Public Rd.","Essequibo Coast Road (Northwards from Supenaam River)","-58.4833","7.2833",,,7/27/2008 0:00:00,12/30/1899 19:30:00,"B- Serious Injury","F- Driver",,"Male","K- Private Cars","S- Driver's Negligence",2.00
427,3498.00,"2- Pomeroon- Supenaam",11,"Capoey Public Rd.","Essequibo Coast Road (Northwards from Supenaam River)","-58.5000","7.0333",,,8/11/2008 0:00:00,12/30/1899 14:20:00,"B- Serious Injury","F- Driver",44.00,"Male","J- Minibus","P- Speeding",10.00
428,3499.00,"2- Pomeroon- Supenaam",,"Barama Main Rd.",,,,,,8/18/2008 0:00:00,12/30/1899 16:30:00,"B- Serious Injury","F- Driver",30.00,"Male","L- Lorries Van","O- Lost Control & Runoff",9.00
429,3500.00,"2- Pomeroon- Supenaam",47,"Reliance Public Rd.","Essequibo Coast Road (Northwards from Supenaam River)","-58.5000","7.2500",,,8/9/2008 0:00:00,12/30/1899 16:10:00,"D- Property Damage","F- Driver",,"Male","K- Private Cars;V-Motor Cycle","S- Driver's Negligence",2.00
430,3501.00,"2- Pomeroon- Supenaam",52,"Lima Public Rd.","Essequibo Coast Road (Northwards from Supenaam River)","-58.4833","7.2833",,,9/13/2008 0:00:00,12/30/1899 11:30:00,"D- Property Damage","F- Driver",31.00,"Male","K- Private Cars;L- Lorries Van","S- Driver's Negligence",2.00
431,3502.00,"2- Pomeroon- Supenaam",53,"Coffee Grove Public Rd.","Essequibo Coast Road (Northwards from Supenaam River)","-58.4833","7.3000",,,9/30/2008 0:00:00,12/30/1899 22:15:00,"B- Serious Injury","G- Rider",19.00,"Male","V-Motor Cycle","P- Speeding",2.00
432,3503.00,"2- Pomeroon- Supenaam",79,"Somerset & Berks Public Rd.","Essequibo Coast Road (Northwards from Supenaam River)",,,,,9/15/2008 0:00:00,12/30/1899 11:30:00,"B- Serious Injury","F- Driver",25.00,"Male","M- Hire Cars;N- Pickup","S- Driver's Negligence",2.00
433,3504.00,"2- Pomeroon- Supenaam",48,"Bush Lot Public Rd.","Essequibo Coast Road (Northwards from Supenaam River)","-58.4833","7.2500",,,10/5/2008 0:00:00,12/30/1899 23:00:00,"B- Serious Injury","F- Driver",49.00,"Male","K- Private Cars","Q- Alcohol",5.00
434,3505.00,"2- Pomeroon- Supenaam",36,"Queenstown Public Rd.","Essequibo Coast Road (Northwards from Supenaam River)","-58.5000","7.2000",,,10/15/2008 0:00:00,12/30/1899 15:40:00,"D- Property Damage","G- Rider",20.00,"Male","V-Motor Cycle","U- Cyclist's Negligence",2.00
435,3506.00,"2- Pomeroon- Supenaam",42,"Columbia Public Rd.","Essequibo Coast Road (Northwards from Supenaam River)","-58.5000","7.2167",,,10/20/2008 0:00:00,12/30/1899 17:30:00,"B- Serious Injury","G- Rider",14.00,"Male","L- Lorries Van;W-Pedal Cycle","U- Cyclist's Negligence",2.00
436,3507.00,"2- Pomeroon- Supenaam",52,"Lima Public Rd.","Essequibo Coast Road (Northwards from Supenaam River)","-58.4833","7.2833",,,11/4/2008 0:00:00,,"C- Minor Injury","F- Driver",45.00,"Male","J- Minibus;L- Lorries Van","S- Driver's Negligence",4.00
437,3508.00,"2- Pomeroon- Supenaam",72,"Better Success Public Rd.","Essequibo Coast Road (Northwards from Supenaam River)","-58.5167","7.3667",,,11/9/2008 0:00:00,12/30/1899 5:50:00,"C- Minor Injury","F- Driver",24.00,"Male","N- Pickup","P- Speeding",3.00
438,3509.00,"2- Pomeroon- Supenaam",51,"La Belle Alliance Public Rd.","Essequibo Coast Road (Northwards from Supenaam River)","-58.4833","7.2833",,,11/24/2008 0:00:00,12/30/1899 15:00:00,"B- Serious Injury","F- Driver",32.00,"Male","J- Minibus;V-Motor Cycle","U- Cyclist's Negligence",2.00
439,3510.00,"2- Pomeroon- Supenaam",49,"Anna Regina Public Rd.","Essequibo Coast Road (Northwards from Supenaam River)","-58.4833","7.2667",,,12/24/2008 0:00:00,12/30/1899 12:00:00,"C- Minor Injury","F- Driver",45.00,"Male","K- Private Cars","S- Driver's Negligence",2.00
440,3511.00,"2- Pomeroon- Supenaam",59,"Hampton Court Public Rd.","Essequibo Coast Road (Northwards from Supenaam River)","-58.4833","7.3167",,,12/12/2008 0:00:00,12/30/1899 21:51:00,"D- Property Damage","F- Driver",26.00,"Male","N- Pickup","Y- Animal",1.00
441,3512.00,"2- Pomeroon- Supenaam",52,"Lima Public Rd.","Essequibo Coast Road (Northwards from Supenaam River)","-58.4833","7.2833",,,1/1/2009 0:00:00,12/30/1899 17:40:00,"B- Serious Injury","E- Pedestrian",6.00,"Male","M- Hire Cars","T-Pedestrian's Negligence",2.00
442,3513.00,"2- Pomeroon- Supenaam",49,"Anna Regina Old Market St.","Essequibo Coast Road (Northwards from Supenaam River)","-58.4833","7.2667",,,1/14/2009 0:00:00,12/30/1899 22:15:00,"C- Minor Injury","F- Driver",60.00,"Male","K- Private Cars","S- Driver's Negligence",2.00
443,3514.00,"2- Pomeroon- Supenaam",58,"Windsor Castle Public Rd.","Essequibo Coast Road (Northwards from Supenaam River)","-58.4833","7.3000",,,1/20/2009 0:00:00,12/30/1899 19:00:00,"B- Serious Injury","F- Driver",49.00,"Male","K- Private Cars","S- Driver's Negligence",2.00
444,3515.00,"2- Pomeroon- Supenaam",60,"Devonshire Castle Public Rd.","Essequibo Coast Road (Northwards from Supenaam River)","-58.4833","7.3333",,,3/6/2009 0:00:00,12/30/1899 8:00:00,"D- Property Damage","F- Driver",27.00,"Male","K- Private Cars;N- Pickup","S- Driver's Negligence",2.00
445,3516.00,"2- Pomeroon- Supenaam",49,"Anna Regina Public Rd.","Essequibo Coast Road (Northwards from Supenaam River)","-58.4833","7.2667",,,3/12/2009 0:00:00,12/30/1899 19:00:00,"B- Serious Injury","F- Driver",23.00,"Male","M- Hire Cars","S- Driver's Negligence",2.00
446,3517.00,"2- Pomeroon- Supenaam",59,"Hampton Court Public Rd.","Essequibo Coast Road (Northwards from Supenaam River)","-58.4833","7.3167",,,4/7/2009 0:00:00,12/30/1899 14:30:00,"C- Minor Injury","F- Driver",22.00,"Male","V-Motor Cycle;X-Tractor","S- Driver's Negligence",2.00
447,3518.00,"2- Pomeroon- Supenaam",53,"Coffee Grove Public Rd.","Essequibo Coast Road (Northwards from Supenaam River)","-58.4833","7.3000",,,4/8/2009 0:00:00,12/30/1899 16:30:00,"B- Serious Injury","F- Driver",31.00,"Male","N- Pickup;V-Motor Cycle","R- Improper Overtaking",2.00
448,3519.00,"2- Pomeroon- Supenaam",47,"Reliance Public Rd.","Essequibo Coast Road (Northwards from Supenaam River)","-58.5000","7.2500",,,4/13/2009 0:00:00,12/30/1899 18:00:00,"D- Property Damage","F- Driver",57.00,"Male","K- Private Cars","S- Driver's Negligence",2.00
449,3520.00,"2- Pomeroon- Supenaam",60,"Devonshire Castle Public Rd.","Essequibo Coast Road (Northwards from Supenaam River)","-58.4833","7.3333",,,5/23/2009 0:00:00,12/30/1899 18:45:00,"A- Fatal","F- Driver",38.00,"Male","L- Lorries Van;V-Motor Cycle","S- Driver's Negligence",2.00
450,3521.00,"2- Pomeroon- Supenaam",51,"La Belle Alliance Public Rd.","Essequibo Coast Road (Northwards from Supenaam River)","-58.4833","7.2833",,,7/4/2009 0:00:00,12/30/1899 17:00:00,"A- Fatal","F- Driver",40.00,"Male","K- Private Cars;V-Motor Cycle","R- Improper Overtaking",4.00
451,3522.00,"2- Pomeroon- Supenaam",69,"Bounty Hall Public Rd.","Essequibo Coast Road (Northwards from Supenaam River)","-58.5167","7.3667",,,8/24/2009 0:00:00,12/30/1899 18:30:00,"A- Fatal","F- Driver",33.00,"Male","M- Hire Cars","P- Speeding",4.00
452,3523.00,"2- Pomeroon- Supenaam",49,"Anna Regina Access Rd.","Essequibo Coast Road (Northwards from Supenaam River)","-58.4833","7.2667",,,9/19/2009 0:00:00,12/30/1899 22:00:00,"B- Serious Injury","F- Driver",26.00,"Male","L- Lorries Van","S- Driver's Negligence",2.00
453,3524.00,"2- Pomeroon- Supenaam",50,"Richmond Public Rd.","Essequibo Coast Road (Northwards from Supenaam River)","-58.4833","7.2667",,,10/25/2009 0:00:00,12/30/1899 2:00:00,"B- Serious Injury","F- Driver",32.00,"Male","K- Private Cars","S- Driver's Negligence",2.00
454,3525.00,"2- Pomeroon- Supenaam",50,"Richmond Public Rd.","Essequibo Coast Road (Northwards from Supenaam River)","-58.4833","7.2667",,,10/25/2009 0:00:00,12/30/1899 4:00:00,"D- Property Damage","F- Driver",21.00,"Male","K- Private Cars","P- Speeding",2.00
455,3526.00,"2- Pomeroon- Supenaam",72,"Better Success Public Rd.","Essequibo Coast Road (Northwards from Supenaam River)","-58.5167","7.3667",,,10/24/2009 0:00:00,12/30/1899 20:00:00,"D- Property Damage","F- Driver",43.00,"Male","J- Minibus","O- Lost Control & Runoff",1.00
456,3527.00,"2- Pomeroon- Supenaam",56,"Sparta Public Rd.","Essequibo Coast Road (Northwards from Supenaam River)","-58.4833","7.3000",,,12/1/2009 0:00:00,12/30/1899 17:20:00,"B- Serious Injury","F- Driver",26.00,"Male","L- Lorries Van","S- Driver's Negligence",2.00
457,3528.00,"2- Pomeroon- Supenaam",62,"Paradise Public Rd.","Essequibo Coast Road (Northwards from Supenaam River)","-58.4833","7.3333",,,10/29/2009 0:00:00,12/30/1899 21:00:00,"A- Fatal","F- Driver",37.00,"Male","K- Private Cars","S- Driver's Negligence",2.00
458,3529.00,"2- Pomeroon- Supenaam",36,"Queenstown Public Rd.","Essequibo Coast Road (Northwards from Supenaam River)","-58.5000","7.2000",,,12/18/2009 0:00:00,12/30/1899 17:35:00,"C- Minor Injury","F- Driver",,"Male","M- Hire Cars;V-Motor Cycle","S- Driver's Negligence",3.00
459,3530.00,"2- Pomeroon- Supenaam",48,"Bush Lot Public Rd.","Essequibo Coast Road (Northwards from Supenaam River)","-58.4833","7.2500",,,1/7/2010 0:00:00,12/30/1899 8:00:00,"C- Minor Injury","G- Rider",19.00,"Male","V-Motor Cycle;W-Pedal Cycle","U- Cyclist's Negligence",2.00
460,3531.00,"2- Pomeroon- Supenaam",49,"Anna Regina Access Rd.","Essequibo Coast Road (Northwards from Supenaam River)","-58.4833","7.2667",,,1/8/2010 0:00:00,12/30/1899 18:45:00,"B- Serious Injury","G- Rider",23.00,"Male","V-Motor Cycle;W-Pedal Cycle","U- Cyclist's Negligence",2.00
461,3532.00,"2- Pomeroon- Supenaam",59,"Hampton Court Public Rd.","Essequibo Coast Road (Northwards from Supenaam River)","-58.4833","7.3167",,,1/17/2010 0:00:00,12/30/1899 17:15:00,"B- Serious Injury","G- Rider",47.00,"Male","K- Private Cars;W-Pedal Cycle","U- Cyclist's Negligence",2.00
462,3533.00,"2- Pomeroon- Supenaam",36,"Broad Street, Queenstown","Essequibo Coast Road (Northwards from Supenaam River)","-58.5000","7.2000",,"Queenstown",2/11/2010 0:00:00,12/30/1899 4:55:00,"B- Serious Injury","F- Driver",79.00,"Male","J- Minibus","S- Driver's Negligence",2.00
463,3534.00,"2- Pomeroon- Supenaam",52,"Lima Public Rd.","Essequibo Coast Road (Northwards from Supenaam River)","-58.4833","7.2833",,,2/27/2010 0:00:00,12/30/1899 1:30:00,"C- Minor Injury","F- Driver",30.00,"Male","K- Private Cars","O- Lost Control & Runoff",2.00