"ID","Accident ID","Region Number","Corridor ID","Location (Intersection/Road/Street)","Corridor","Location- longitude/ X","Location- latitude/  Y","Mile Marker","Village","Date of Accident","Time of Accident","Type of Accident","Class of Road User","Age/DOB","Gender","Class of Vehicles Involved","Contributing Factor","Number of Persons Involved"
464,3535.00,"2- Pomeroon- Supenaam",49,"Henrietta Public Rd.","Essequibo Coast Road (Northwards from Supenaam River)","-58.4833","7.2667",,,3/20/2010 0:00:00,12/30/1899 15:50:00,"D- Property Damage","F- Driver",,"Male","K- Private Cars;M- Hire Cars","S- Driver's Negligence",2.00
465,3536.00,"2- Pomeroon- Supenaam",47,"Reliance Public Rd.","Essequibo Coast Road (Northwards from Supenaam River)","-58.5000","7.2500",,,3/26/2010 0:00:00,,"C- Minor Injury","F- Driver",22.00,"Male","L- Lorries Van;V-Motor Cycle","S- Driver's Negligence",2.00
466,3537.00,"2- Pomeroon- Supenaam",47,"Reliance Public Rd.","Essequibo Coast Road (Northwards from Supenaam River)","-58.5000","7.2500",,,3/30/2010 0:00:00,12/30/1899 8:45:00,"D- Property Damage","F- Driver",,"Male","K- Private Cars;M- Hire Cars","P- Speeding",2.00
467,3538.00,"2- Pomeroon- Supenaam",66,"Dunkeld Public Rd.","Essequibo Coast Road (Northwards from Supenaam River)","-58.5000","7.3500",,,4/26/2010 0:00:00,12/30/1899 19:30:00,"B- Serious Injury","G- Rider",23.00,"Male","V-Motor Cycle;W-Pedal Cycle","Q- Alcohol",2.00
468,3539.00,"2- Pomeroon- Supenaam",47,"Reliance Public Rd.","Essequibo Coast Road (Northwards from Supenaam River)","-58.5000","7.2500",,,5/1/2010 0:00:00,,"B- Serious Injury","F- Driver",30.00,"Male","K- Private Cars","S- Driver's Negligence",5.00
469,3540.00,"2- Pomeroon- Supenaam",83,"Charity Public Rd.","Essequibo Coast Road (Northwards from Supenaam River)","-58.6000","7.4000",,,5/2/2010 0:00:00,12/30/1899 10:00:00,"D- Property Damage","F- Driver",26.00,"Male","K- Private Cars;L- Lorries Van","S- Driver's Negligence",2.00
470,3541.00,"2- Pomeroon- Supenaam",42,"Columbia Public Rd.","Essequibo Coast Road (Northwards from Supenaam River)","-58.5000","7.2167",,,5/17/2010 0:00:00,12/30/1899 19:00:00,"D- Property Damage","F- Driver",28.00,"Male","K- Private Cars;M- Hire Cars","Q- Alcohol",2.00
471,3542.00,"2- Pomeroon- Supenaam",52,"Lima Public Rd.","Essequibo Coast Road (Northwards from Supenaam River)","-58.4833","7.2833",,,5/20/2010 0:00:00,12/30/1899 10:16:00,"C- Minor Injury","F- Driver",33.00,"Male","L- Lorries Van;M- Hire Cars","S- Driver's Negligence",2.00
472,3543.00,"2- Pomeroon- Supenaam",47,"Reliance Public Rd.","Essequibo Coast Road (Northwards from Supenaam River)","-58.5000","7.2500",,,5/31/2010 0:00:00,12/30/1899 14:45:00,"D- Property Damage","F- Driver",44.00,"Male","L- Lorries Van;N- Pickup","S- Driver's Negligence",2.00
473,3544.00,"2- Pomeroon- Supenaam",58,"Windsor Castle Public Rd.","Essequibo Coast Road (Northwards from Supenaam River)","-58.4833","7.3000",,,6/18/2010 0:00:00,12/30/1899 19:30:00,"B- Serious Injury","F- Driver",49.00,"Male","K- Private Cars;W-Pedal Cycle","P- Speeding",2.00
474,3545.00,"2- Pomeroon- Supenaam",49,"Anna Regina Public Rd.","Essequibo Coast Road (Northwards from Supenaam River)","-58.4833","7.2667",,,8/19/2010 0:00:00,12/30/1899 15:30:00,"A- Fatal","F- Driver",47.00,"Male","L- Lorries Van;W-Pedal Cycle","S- Driver's Negligence",2.00
475,3546.00,"2- Pomeroon- Supenaam",46,"Mainstay Public Rd.","Essequibo Coast Road (Northwards from Supenaam River)","-58.5000","7.2333",,,9/18/2010 0:00:00,12/30/1899 9:00:00,"B- Serious Injury","E- Pedestrian",9.00,"Male","M- Hire Cars","T-Pedestrian's Negligence",2.00
476,3547.00,"2- Pomeroon- Supenaam",63,"Jib Public Rd.","Essequibo Coast Road (Northwards from Supenaam River)","-58.4833","7.3500",,,10/2/2010 0:00:00,12/30/1899 2:00:00,"A- Fatal","F- Driver",37.00,"Male","N- Pickup","P- Speeding",3.00
477,3548.00,"2- Pomeroon- Supenaam",58,"Windsor Castle Public Rd.","Essequibo Coast Road (Northwards from Supenaam River)","-58.4833","7.3000",,,10/2/2010 0:00:00,12/30/1899 18:45:00,"A- Fatal","G- Rider",50.00,"Male","L- Lorries Van;W-Pedal Cycle","U- Cyclist's Negligence",2.00
478,3549.00,"2- Pomeroon- Supenaam",50,"Richmond Public Rd.","Essequibo Coast Road (Northwards from Supenaam River)","-58.4833","7.2667",,,10/17/2010 0:00:00,12/30/1899 18:30:00,"B- Serious Injury","G- Rider",41.00,"Female","V-Motor Cycle","U- Cyclist's Negligence",2.00
479,3550.00,"2- Pomeroon- Supenaam",51,"La Belle Alliance Public Rd.","Essequibo Coast Road (Northwards from Supenaam River)","-58.4833","7.2833",,,2/24/2011 0:00:00,12/30/1899 12:05:00,"A- Fatal","F- Driver",17.00,"Male","K- Private Cars;W-Pedal Cycle","P- Speeding",4.00
480,3551.00,"2- Pomeroon- Supenaam",42,"Columbia Public Rd.","Essequibo Coast Road (Northwards from Supenaam River)","-58.5000","7.2167",,,3/2/2011 0:00:00,12/30/1899 19:45:00,"D- Property Damage","G- Rider",,"Male","K- Private Cars;V-Motor Cycle","U- Cyclist's Negligence",2.00
481,3552.00,"2- Pomeroon- Supenaam",52,"Lima Public Rd.","Essequibo Coast Road (Northwards from Supenaam River)","-58.4833","7.2833",,,3/21/2011 0:00:00,12/30/1899 21:30:00,"B- Serious Injury","G- Rider",33.00,"Male","K- Private Cars;V-Motor Cycle","U- Cyclist's Negligence",3.00
482,3553.00,"2- Pomeroon- Supenaam",61,"Walton Hall Public Rd.","Essequibo Coast Road (Northwards from Supenaam River)","-58.4833","7.3333",,,5/21/2011 0:00:00,12/30/1899 18:30:00,"D- Property Damage","F- Driver",25.00,"Male","N- Pickup","Y- Animal",1.00
483,3554.00,"2- Pomeroon- Supenaam",64,"Ex-mouth Public Rd.","Essequibo Coast Road (Northwards from Supenaam River)","-58.4833","7.3500",,,6/4/2011 0:00:00,12/30/1899 12:15:00,"A- Fatal","F- Driver",59.00,"Male","L- Lorries Van","P- Speeding",2.00
484,3555.00,"2- Pomeroon- Supenaam",46,"Mainstay Public Rd.","Essequibo Coast Road (Northwards from Supenaam River)","-58.5000","7.2333",,,6/18/2011 0:00:00,12/30/1899 20:45:00,"C- Minor Injury","F- Driver",18.00,"Male","K- Private Cars","P- Speeding",2.00
485,3556.00,"2- Pomeroon- Supenaam",45,"Land Of Plenty Public Rd.","Essequibo Coast Road (Northwards from Supenaam River)","-58.5000","7.2333",,,7/8/2011 0:00:00,12/30/1899 9:05:00,"D- Property Damage","F- Driver",22.00,"Male","M- Hire Cars","P- Speeding",2.00
486,3557.00,"2- Pomeroon- Supenaam",58,"Windsor Castle Public Rd.","Essequibo Coast Road (Northwards from Supenaam River)","-58.4833","7.3000",,,8/1/2011 0:00:00,12/30/1899 22:30:00,"B- Serious Injury","F- Driver",31.00,"Male","K- Private Cars;W-Pedal Cycle","S- Driver's Negligence",2.00
487,3558.00,"2- Pomeroon- Supenaam",66,"Dunkeld Public Rd.","Essequibo Coast Road (Northwards from Supenaam River)","-58.5000","7.3500",,,8/1/2011 0:00:00,12/30/1899 21:00:00,"D- Property Damage","F- Driver",54.00,"Male","M- Hire Cars","Y- Animal",1.00
488,3559.00,"2- Pomeroon- Supenaam",49,"Anna Regina Public Rd.","Essequibo Coast Road (Northwards from Supenaam River)","-58.4833","7.2667",,,8/19/2011 0:00:00,12/30/1899 19:10:00,"D- Property Damage","G- Rider",64.00,"Male","V-Motor Cycle","P- Speeding",2.00
489,3560.00,"2- Pomeroon- Supenaam",45,"Cotton Field Public Rd.","Essequibo Coast Road (Northwards from Supenaam River)","-58.5000","7.2333",,,9/25/2011 0:00:00,12/30/1899 14:20:00,"C- Minor Injury","F- Driver",63.00,"Male","M- Hire Cars","S- Driver's Negligence",1.00
490,3561.00,"2- Pomeroon- Supenaam",36,"Queenstown Public Rd.","Essequibo Coast Road (Northwards from Supenaam River)","-58.5000","7.2000",,,9/30/2011 0:00:00,,"C- Minor Injury","F- Driver",29.00,"Male","M- Hire Cars","S- Driver's Negligence",2.00
491,3562.00,"2- Pomeroon- Supenaam",48,"Bush Lot Public Rd.","Essequibo Coast Road (Northwards from Supenaam River)","-58.4833","7.2500",,,10/7/2011 0:00:00,12/30/1899 11:05:00,"D- Property Damage","F- Driver",24.00,"Male","K- Private Cars;M- Hire Cars","P- Speeding",2.00
492,3563.00,"2- Pomeroon- Supenaam",56,"Sparta Public Rd.","Essequibo Coast Road (Northwards from Supenaam River)","-58.4833","7.3000",,,10/6/2011 0:00:00,12/30/1899 8:15:00,"B- Serious Injury","F- Driver",42.00,"Male","M- Hire Cars;V-Motor Cycle","P- Speeding",2.00
493,3564.00,"2- Pomeroon- Supenaam",36,"John St. Queenstown","Essequibo Coast Road (Northwards from Supenaam River)","-58.5000","7.2000",,"Queenstown",10/24/2011 0:00:00,12/30/1899 7:00:00,"A- Fatal","F- Driver",79.00,"Male","L- Lorries Van","S- Driver's Negligence",2.00
494,3565.00,"2- Pomeroon- Supenaam",41,"Affiance Public Rd.","Essequibo Coast Road (Northwards from Supenaam River)","-58.5000","7.2167",,,12/5/2011 0:00:00,12/30/1899 20:00:00,"B- Serious Injury","F- Driver",62.00,"Male","M- Hire Cars","P- Speeding",2.00
495,3566.00,"2- Pomeroon- Supenaam",60,"Devonshire Castle Public Rd.","Essequibo Coast Road (Northwards from Supenaam River)","-58.4833","7.3333",,,12/26/2011 0:00:00,12/30/1899 20:35:00,"A- Fatal","F- Driver",38.00,"Male","K- Private Cars;V-Motor Cycle","P- Speeding",2.00
496,3567.00,"2- Pomeroon- Supenaam",45,"Cotton Field Public Rd.","Essequibo Coast Road (Northwards from Supenaam River)","-58.5000","7.2333",,,12/26/2011 0:00:00,12/30/1899 22:25:00,"B- Serious Injury","F- Driver",23.00,"Male","K- Private Cars;W-Pedal Cycle","S- Driver's Negligence",2.00
497,3568.00,"2- Pomeroon- Supenaam",40,"Taymouth Manor Public Rd.","Essequibo Coast Road (Northwards from Supenaam River)","-58.5000","7.2167",,,12/27/2011 0:00:00,12/30/1899 21:15:00,"B- Serious Injury","F- Driver",,"Male","N- Pickup","S- Driver's Negligence",2.00
498,3569.00,"2- Pomeroon- Supenaam",53,"Coffee Grove Public Rd.","Essequibo Coast Road (Northwards from Supenaam River)","-58.4833","7.3000",,,1/16/2012 0:00:00,12/30/1899 17:31:00,"B- Serious Injury","E- Pedestrian",26.00,"Female","M- Hire Cars","T-Pedestrian's Negligence",2.00
499,3570.00,"2- Pomeroon- Supenaam",83,"Charity Public Rd.","Essequibo Coast Road (Northwards from Supenaam River)","-58.6000","7.4000",,,2/20/2012 0:00:00,12/30/1899 19:10:00,"A- Fatal","F- Driver",65.00,"Male","K- Private Cars","S- Driver's Negligence",2.00
500,3571.00,"2- Pomeroon- Supenaam",49,"Anna Regina Public Rd.","Essequibo Coast Road (Northwards from Supenaam River)","-58.4833","7.2667",,,4/23/2012 0:00:00,12/30/1899 13:30:00,"B- Serious Injury","F- Driver",,"Male","K- Private Cars;M- Hire Cars","S- Driver's Negligence",3.00
501,3572.00,"2- Pomeroon- Supenaam",61,"Walton Hall Public Rd.","Essequibo Coast Road (Northwards from Supenaam River)","-58.4833","7.3333",,,4/23/2012 0:00:00,12/30/1899 3:30:00,"B- Serious Injury","G- Rider",27.00,"Male","V-Motor Cycle","P- Speeding",2.00
502,3573.00,"2- Pomeroon- Supenaam",41,"Affiance Public Rd.","Essequibo Coast Road (Northwards from Supenaam River)","-58.5000","7.2167",,,5/23/2012 0:00:00,12/30/1899 9:45:00,"B- Serious Injury","F- Driver",25.00,"Male","K- Private Cars;M- Hire Cars","S- Driver's Negligence",4.00
503,3574.00,"2- Pomeroon- Supenaam",72,"Better Success Public Rd.","Essequibo Coast Road (Northwards from Supenaam River)","-58.5167","7.3667",,,6/3/2012 0:00:00,12/30/1899 18:30:00,"B- Serious Injury","F- Driver",21.00,"Male","K- Private Cars;W-Pedal Cycle","P- Speeding",2.00
504,3575.00,"2- Pomeroon- Supenaam",52,"Lima Public Rd.","Essequibo Coast Road (Northwards from Supenaam River)","-58.4833","7.2833",,,6/17/2012 0:00:00,12/30/1899 19:15:00,"B- Serious Injury","F- Driver",34.00,"Male","J- Minibus;V-Motor Cycle","S- Driver's Negligence",3.00
505,3576.00,"2- Pomeroon- Supenaam",52,"Lima Public Rd.","Essequibo Coast Road (Northwards from Supenaam River)","-58.4833","7.2833",,,7/4/2012 0:00:00,12/30/1899 15:30:00,"B- Serious Injury","G- Rider",27.00,"Male","J- Minibus;V-Motor Cycle","U- Cyclist's Negligence",3.00
506,3577.00,"2- Pomeroon- Supenaam",41,"Affiance Public Rd.","Essequibo Coast Road (Northwards from Supenaam River)","-58.5000","7.2167",,,7/17/2012 0:00:00,12/30/1899 19:50:00,"C- Minor Injury","F- Driver",28.00,"Male","L- Lorries Van;W-Pedal Cycle","Q- Alcohol",2.00
507,3578.00,"2- Pomeroon- Supenaam",52,"Lima Public Rd.","Essequibo Coast Road (Northwards from Supenaam River)","-58.4833","7.2833",,,8/12/2012 0:00:00,12/30/1899 11:45:00,"A- Fatal","F- Driver",52.00,"Male","J- Minibus;K- Private Cars","P- Speeding",3.00
508,3579.00,"2- Pomeroon- Supenaam",58,"Windsor Castle Public Rd.","Essequibo Coast Road (Northwards from Supenaam River)","-58.4833","7.3000",,,8/18/2012 0:00:00,12/30/1899 21:55:00,"B- Serious Injury","G- Rider",20.00,"Male","V-Motor Cycle;W-Pedal Cycle","U- Cyclist's Negligence",2.00
509,3580.00,"2- Pomeroon- Supenaam",51,"La Belle Alliance Public Rd.","Essequibo Coast Road (Northwards from Supenaam River)","-58.4833","7.2833",,,8/30/2012 0:00:00,12/30/1899 23:00:00,"B- Serious Injury","F- Driver",,"Male","K- Private Cars;M- Hire Cars","P- Speeding",2.00
510,3581.00,"2- Pomeroon- Supenaam",39,"Little Alliance Public Rd.","Essequibo Coast Road (Northwards from Supenaam River)","-58.5000","7.2000",,,9/20/2012 0:00:00,12/30/1899 19:25:00,"B- Serious Injury","F- Driver",,"Male","L- Lorries Van","P- Speeding",2.00
511,3582.00,"2- Pomeroon- Supenaam",36,"Queenstown Public Rd.","Essequibo Coast Road (Northwards from Supenaam River)","-58.5000","7.2000",,,10/17/2012 0:00:00,12/30/1899 16:00:00,"B- Serious Injury","F- Driver",20.00,"Male","K- Private Cars","P- Speeding",2.00
512,3583.00,"2- Pomeroon- Supenaam",73,"Plantations Andrews Public Rd.","Essequibo Coast Road (Northwards from Supenaam River)","-58.5167","7.3833",,,10/16/2012 0:00:00,12/30/1899 19:30:00,"B- Serious Injury","F- Driver",16.00,"Male","V-Motor Cycle","U- Cyclist's Negligence",2.00
513,3584.00,"2- Pomeroon- Supenaam",49,"Henrietta Public Rd.","Essequibo Coast Road (Northwards from Supenaam River)","-58.4833","7.2667",,,10/21/2012 0:00:00,12/30/1899 23:15:00,"D- Property Damage","F- Driver",,"Male","J- Minibus;L- Lorries Van","P- Speeding",2.00
514,3585.00,"2- Pomeroon- Supenaam",52,"Lima Public Rd.","Essequibo Coast Road (Northwards from Supenaam River)","-58.4833","7.2833",,,12/12/2012 0:00:00,12/30/1899 12:25:00,"B- Serious Injury","F- Driver",57.00,"Male","L- Lorries Van;W-Pedal Cycle","P- Speeding",2.00
515,3586.00,"2- Pomeroon- Supenaam",62,"Paradise Public Rd.","Essequibo Coast Road (Northwards from Supenaam River)","-58.4833","7.3333",,,12/12/2012 0:00:00,12/30/1899 21:00:00,"A- Fatal","G- Rider",32.00,"Male","V-Motor Cycle","U- Cyclist's Negligence",1.00
516,3587.00,"2- Pomeroon- Supenaam",97,"La Bagatelle Leguan","Leguan Island (Southwestwards from Enterprise)","-58.4167","6.9167",,,12/25/2012 0:00:00,12/30/1899 16:20:00,"B- Serious Injury","F- Driver",29.00,"Male","N- Pickup","S- Driver's Negligence",2.00
517,3588.00,"4- Demerara- Mahaica",457,"Beterverwagting Railway Embankment","East Coast Demerara Road (From Georgetown)","-58.0667","6.8167",,,1/1/2005 0:00:00,12/30/1899 19:30:00,"B- Serious Injury","F- Driver",21.00,"Male","K- Private Cars;V-Motor Cycle","S- Driver's Negligence",1.00
518,3589.00,"4- Demerara- Mahaica",457,"Beterverwagting Public Road","East Coast Demerara Road (From Georgetown)","-58.0667","6.8167",,,1/6/2005 0:00:00,12/30/1899 20:00:00,"C- Minor Injury","F- Driver",35.00,"Male","L- Lorries Van;N- Pickup","S- Driver's Negligence",2.00
519,3590.00,"4- Demerara- Mahaica",454,"Chateau Margot Public Road","East Coast Demerara Road (From Georgetown)","-58.0667","6.8167",,,1/10/2005 0:00:00,12/30/1899 21:45:00,"D- Property Damage","F- Driver",42.00,"Male","K- Private Cars;N- Pickup","R- Improper Overtaking",2.00
520,3591.00,"4- Demerara- Mahaica",455,"La Bonne Intention Public Road","East Coast Demerara Road (From Georgetown)","-58.0667","6.8167",,,1/15/2005 0:00:00,12/30/1899 15:45:00,"D- Property Damage","F- Driver",41.00,"Male","K- Private Cars","P- Speeding",2.00
521,3592.00,"4- Demerara- Mahaica",455,"La Bonne Intention Public Road","East Coast Demerara Road (From Georgetown)","-58.0667","6.8167",,,1/30/2005 0:00:00,12/30/1899 20:30:00,"A- Fatal","E- Pedestrian",,"Male","N- Pickup","T-Pedestrian's Negligence",1.00
522,3593.00,"4- Demerara- Mahaica",459,"Mon Repos Public Road","East Coast Demerara Road (From Georgetown)","-58.0500","6.8000",,,1/24/2005 0:00:00,12/30/1899 16:00:00,"D- Property Damage","F- Driver",48.00,"Male","J- Minibus;K- Private Cars","S- Driver's Negligence",2.00
523,3594.00,"4- Demerara- Mahaica",459,"Mon Repos Public Road","East Coast Demerara Road (From Georgetown)","-58.0500","6.8000",,,2/5/2005 0:00:00,12/30/1899 17:30:00,"D- Property Damage","F- Driver",45.00,"Male","M- Hire Cars","S- Driver's Negligence",2.00
524,3595.00,"4- Demerara- Mahaica",459,"Mon Repos Public Road","East Coast Demerara Road (From Georgetown)","-58.0500","6.8000",,,2/6/2005 0:00:00,2/6/2005 0:00:00,"D- Property Damage","F- Driver",33.00,"Male","J- Minibus","R- Improper Overtaking",2.00
525,3596.00,"4- Demerara- Mahaica",459,"Mon Repos Public Road","East Coast Demerara Road (From Georgetown)","-58.0500","6.8000",,,2/15/2005 0:00:00,2/15/2005 0:00:00,"C- Minor Injury","E- Pedestrian",27.00,"Male","L- Lorries Van","T-Pedestrian's Negligence",2.00
526,3597.00,"4- Demerara- Mahaica",459,"Mon Repos Public Road","East Coast Demerara Road (From Georgetown)","-58.0500","6.8000",,,2/19/2005 0:00:00,2/19/2005 0:00:00,"C- Minor Injury","E- Pedestrian",22.00,"Male","J- Minibus","S- Driver's Negligence",2.00
527,3598.00,"4- Demerara- Mahaica",455,"La Bonne Intention Public Road","East Coast Demerara Road (From Georgetown)","-58.0667","6.8167",,,2/23/2005 0:00:00,2/23/2005 0:00:00,"D- Property Damage","F- Driver",30.00,"Male","J- Minibus","P- Speeding;Y-Animal",1.00
528,3599.00,"4- Demerara- Mahaica",459,"Mon Repos Public Road","East Coast Demerara Road (From Georgetown)","-58.0500","6.8000",,,2/28/2005 0:00:00,2/28/2005 0:00:00,"D- Property Damage","F- Driver",36.00,"Male","M- Hire Cars","P- Speeding",1.00
529,3600.00,"4- Demerara- Mahaica",455,"La Bonne Intention Public Road","East Coast Demerara Road (From Georgetown)","-58.0667","6.8167",,,3/10/2005 0:00:00,3/10/2005 0:00:00,"B- Serious Injury","F- Driver",34.00,"Male","L- Lorries Van","R- Improper Overtaking",2.00
530,3601.00,"4- Demerara- Mahaica",458,"Triumph Railway Embankment","East Coast Demerara Road (From Georgetown)","-58.0500","6.8000",,,3/15/2005 0:00:00,3/15/2005 0:00:00,"A- Fatal","E- Pedestrian",35.00,"Female","V-Motor Cycle","S- Driver's Negligence",2.00
531,3602.00,"4- Demerara- Mahaica",453,"Success Public Road","East Coast Demerara Road (From Georgetown)","-58.0667","6.8167",,,3/17/2005 0:00:00,3/17/2005 0:00:00,"C- Minor Injury","F- Driver",25.00,"Male","V-Motor Cycle","T-Pedestrian's Negligence",2.00
532,3603.00,"4- Demerara- Mahaica",459,"Mon Repos Public Road","East Coast Demerara Road (From Georgetown)","-58.0500","6.8000",,,3/18/2005 0:00:00,3/18/2005 0:00:00,"C- Minor Injury","F- Driver",55.00,"Male","V-Motor Cycle","S- Driver's Negligence",2.00
533,3604.00,"4- Demerara- Mahaica",455,"La Bonne Intention Public Road","East Coast Demerara Road (From Georgetown)","-58.0667","6.8167",,,3/22/2005 0:00:00,3/22/2005 0:00:00,"D- Property Damage","F- Driver",56.00,"Male","K- Private Cars","P- Speeding",2.00
534,3605.00,"4- Demerara- Mahaica",459,"Mon Repos Public Road","East Coast Demerara Road (From Georgetown)","-58.0500","6.8000",,,3/23/2005 0:00:00,12/30/1899 17:30:00,"D- Property Damage","F- Driver",56.00,"Male","L- Lorries Van;N- Pickup","U- Cyclist's Negligence",2.00
535,3606.00,"4- Demerara- Mahaica",455,"La Bonne Intention Public Road","East Coast Demerara Road (From Georgetown)","-58.0667","6.8167",,,3/25/2005 0:00:00,12/30/1899 22:00:00,"B- Serious Injury","F- Driver",42.00,"Male","J- Minibus;K- Private Cars","S- Driver's Negligence",2.00
536,3607.00,"4- Demerara- Mahaica",459,"Mon Repos Public Road","East Coast Demerara Road (From Georgetown)","-58.0500","6.8000",,,3/27/2005 0:00:00,12/30/1899 13:10:00,"C- Minor Injury","F- Driver",76.00,"Male","J- Minibus;K- Private Cars","P- Speeding;R- Improper Overtaking",3.00
537,3608.00,"4- Demerara- Mahaica",458,"Triumph Public Road","East Coast Demerara Road (From Georgetown)","-58.0500","6.8000",,,3/27/2005 0:00:00,12/30/1899 16:00:00,"D- Property Damage","F- Driver",,"Male","J- Minibus;M- Hire Cars","P- Speeding",2.00
538,3609.00,"4- Demerara- Mahaica",455,"La Bonne Intention Public Road","East Coast Demerara Road (From Georgetown)","-58.0667","6.8167",,,4/10/2005 0:00:00,12/30/1899 16:45:00,"D- Property Damage","F- Driver",,"Male","J- Minibus","O- Lost Control & Runoff",2.00
539,3610.00,"4- Demerara- Mahaica",455,"La Bonne Intention Public Road","East Coast Demerara Road (From Georgetown)","-58.0667","6.8167",,,4/17/2005 0:00:00,12/30/1899 19:15:00,"C- Minor Injury","F- Driver",24.00,"Male","K- Private Cars","R- Improper Overtaking",2.00
540,3611.00,"4- Demerara- Mahaica",459,"Mon Repos Public Road","East Coast Demerara Road (From Georgetown)","-58.0500","6.8000",,,4/26/2005 0:00:00,12/30/1899 10:30:00,"D- Property Damage","F- Driver",20.00,"Male","K- Private Cars;V-Motor Cycle","U- Cyclist's Negligence",2.00
541,3612.00,"4- Demerara- Mahaica",459,"Mon Repos Public Road","East Coast Demerara Road (From Georgetown)","-58.0500","6.8000",,,4/28/2005 0:00:00,12/30/1899 16:00:00,"D- Property Damage","F- Driver",,"Male","K- Private Cars","P- Speeding",2.00
542,3613.00,"4- Demerara- Mahaica",459,"Mon Repos Public Road","East Coast Demerara Road (From Georgetown)","-58.0500","6.8000",,,5/3/2005 0:00:00,12/30/1899 16:55:00,"C- Minor Injury","F- Driver",,"Male","K- Private Cars;L- Lorries Van","S- Driver's Negligence",2.00
543,3614.00,"4- Demerara- Mahaica",459,"Mon Repos Public Road","East Coast Demerara Road (From Georgetown)","-58.0500","6.8000",,,5/9/2005 0:00:00,12/30/1899 15:00:00,"B- Serious Injury","E- Pedestrian",29.00,"Male","J- Minibus","R- Improper Overtaking;S- Driver's Negligence",2.00
544,3615.00,"4- Demerara- Mahaica",459,"Mon Repos Public Road","East Coast Demerara Road (From Georgetown)","-58.0500","6.8000",,,5/10/2005 0:00:00,12/30/1899 13:45:00,"D- Property Damage","F- Driver",43.00,"Male","J- Minibus;K- Private Cars","P- Speeding",2.00
545,3616.00,"4- Demerara- Mahaica",459,"Mon Repos Public Roa","East Coast Demerara Road (From Georgetown)","-58.0500","6.8000",,,5/21/2005 0:00:00,12/30/1899 10:45:00,"A- Fatal","F- Driver",42.00,"Male","L- Lorries Van;M- Hire Cars","S- Driver's Negligence",2.00
546,3617.00,"4- Demerara- Mahaica",458,"Triumph Railway Embankment","East Coast Demerara Road (From Georgetown)","-58.0500","6.8000",,,5/24/2005 0:00:00,12/30/1899 14:30:00,"D- Property Damage","F- Driver",36.00,"Male","K- Private Cars;V-Motor Cycle","P- Speeding",2.00
547,3618.00,"4- Demerara- Mahaica",458,"Triumph Railway Embankment","East Coast Demerara Road (From Georgetown)","-58.0500","6.8000",,,9/29/2008 0:00:00,12/30/1899 7:10:00,"D- Property Damage","F- Driver",20.00,"Male","J- Minibus;K- Private Cars","P- Speeding;S- Driver's Negligence",3.00
548,3619.00,"4- Demerara- Mahaica",458,"Triumph Railway Embankment","East Coast Demerara Road (From Georgetown)","-58.0500","6.8000",,,9/29/2008 0:00:00,12/30/1899 11:15:00,"B- Serious Injury","E- Pedestrian",32.00,"Male","K- Private Cars","S- Driver's Negligence;T-Pedestrian's Negligence",2.00
549,3620.00,"4- Demerara- Mahaica",454,"Chateau Margot Public Road","East Coast Demerara Road (From Georgetown)","-58.0667","6.8167",,,10/3/2008 0:00:00,12/30/1899 18:15:00,"C- Minor Injury","F- Driver",31.00,"Male","K- Private Cars;L- Lorries Van","P- Speeding;R- Improper Overtaking",2.00
550,3621.00,"4- Demerara- Mahaica",453,"Success Public Road","East Coast Demerara Road (From Georgetown)","-58.0667","6.8167",,,10/10/2008 0:00:00,12/30/1899 18:30:00,"A- Fatal","E- Pedestrian",31.00,"Male","J- Minibus","T-Pedestrian's Negligence",2.00
551,3622.00,"4- Demerara- Mahaica",453,"Success Public Road","East Coast Demerara Road (From Georgetown)","-58.0667","6.8167",,,10/13/2008 0:00:00,12/30/1899 10:45:00,"D- Property Damage","F- Driver",37.00,"Male","J- Minibus","P- Speeding;S- Driver's Negligence",2.00
552,3623.00,"4- Demerara- Mahaica",457,"Beterverwagting Public Road","East Coast Demerara Road (From Georgetown)","-58.0667","6.8167",,,10/16/2008 0:00:00,12/30/1899 22:30:00,"A- Fatal","F- Driver",33.00,"Male","M- Hire Cars;V-Motor Cycle","P- Speeding;R- Improper Overtaking;S- Driver's Negligence",2.00
553,3624.00,"4- Demerara- Mahaica",457,"Beterverwagting Public Road","East Coast Demerara Road (From Georgetown)","-58.0667","6.8167",,,10/18/2008 0:00:00,12/30/1899 8:15:00,"D- Property Damage","F- Driver",40.00,"Male","K- Private Cars;M- Hire Cars","R- Improper Overtaking;S- Driver's Negligence",4.00