"ID","Accident ID","Region Number","Corridor ID","Location (Intersection/Road/Street)","Corridor","Location- longitude/ X","Location- latitude/  Y","Mile Marker","Village","Date of Accident","Time of Accident","Type of Accident","Class of Road User","Age/DOB","Gender","Class of Vehicles Involved","Contributing Factor","Number of Persons Involved"
554,3625.00,"4- Demerara- Mahaica",457,"Beterverwagting Railway Embankment E.C.D.","East Coast Demerara Road (From Georgetown)","-58.0667","6.8167",,,10/31/2008 0:00:00,12/30/1899 6:50:00,"C- Minor Injury","F- Driver",29.00,"Male","L- Lorries Van;V-Motor Cycle","P- Speeding;U- Cyclist's Negligence",2.00
555,3626.00,"4- Demerara- Mahaica",459,"Mon Repos Public Roa","East Coast Demerara Road (From Georgetown)","-58.0500","6.8000",,,10/31/2008 0:00:00,12/30/1899 17:30:00,"B- Serious Injury","F- Driver",21.00,"Male","M- Hire Cars;W-Pedal Cycle","S- Driver's Negligence;U- Cyclist's Negligence",2.00
556,3627.00,"4- Demerara- Mahaica",453,"Success Public Road","East Coast Demerara Road (From Georgetown)","-58.0667","6.8167",,,11/8/2008 0:00:00,12/30/1899 13:30:00,"B- Serious Injury","F- Driver",,"Male","K- Private Cars","Y-Animal",1.00
557,3628.00,"4- Demerara- Mahaica",459,"Mon Repos Public Roa","East Coast Demerara Road (From Georgetown)","-58.0500","6.8000",,,11/13/2008 0:00:00,12/30/1899 14:30:00,"D- Property Damage","F- Driver",47.00,"Male","J- Minibus","Y-Animal",1.00
558,3629.00,"4- Demerara- Mahaica",458,"Agriculture Line Access Road","East Coast Demerara Road (From Georgetown)","-58.0500","6.8000",,,11/17/2008 0:00:00,12/30/1899 12:30:00,"B- Serious Injury","E- Pedestrian",38.00,"Male","M- Hire Cars","S- Driver's Negligence",2.00
559,3630.00,"4- Demerara- Mahaica",454,"Chateau Margot Railway Embankment","East Coast Demerara Road (From Georgetown)","-58.0667","6.8167",,,11/28/2008 0:00:00,12/30/1899 1:00:00,"B- Serious Injury","G- Rider",28.00,"Male","V-Motor Cycle","P- Speeding",1.00
560,3631.00,"4- Demerara- Mahaica",457,"Beterverwagting Public Road","East Coast Demerara Road (From Georgetown)","-58.0667","6.8167",,,11/13/2008 0:00:00,12/30/1899 16:30:00,"D- Property Damage","F- Driver",46.00,"Male","J- Minibus;M- Hire Cars;N- Pickup","O- Lost Control & Runoff;R- Improper Overtaking",2.00
561,3632.00,"4- Demerara- Mahaica",459,"Mon Repos Public Road","East Coast Demerara Road (From Georgetown)","-58.0500","6.8000",,,2/25/2008 0:00:00,12/30/1899 1:10:00,"C- Minor Injury","F- Driver",27.00,"Male","V-Motor Cycle","P- Speeding",2.00
562,3633.00,"4- Demerara- Mahaica",453,"Success Public Road","East Coast Demerara Road (From Georgetown)","-58.0667","6.8167",,,1/1/2009 0:00:00,12/30/1899 16:30:00,"D- Property Damage","F- Driver",,"Male","J- Minibus;K- Private Cars","R- Improper Overtaking",2.00
563,3634.00,"4- Demerara- Mahaica",455,"La Bonne Intention Railway Embankment","East Coast Demerara Road (From Georgetown)","-58.0667","6.8167",,,1/29/2009 0:00:00,12/30/1899 17:45:00,"B- Serious Injury","G- Rider",39.00,"Male","K- Private Cars;V-Motor Cycle","S- Driver's Negligence",2.00
564,3635.00,"4- Demerara- Mahaica",459,"Mon Repos Railway Embankment","East Coast Demerara Road (From Georgetown)","-58.0500","6.8000",,,12/2/2009 0:00:00,12/30/1899 14:30:00,"C- Minor Injury","F- Driver",28.00,"Male","N- Pickup;V-Motor Cycle","S- Driver's Negligence;U- Cyclist's Negligence",1.00
565,3636.00,"4- Demerara- Mahaica",459,"Mon Repos Public Road","East Coast Demerara Road (From Georgetown)","-58.0500","6.8000",,,2/5/2009 0:00:00,12/30/1899 21:50:00,"B- Serious Injury","E- Pedestrian",49.00,"Male","K- Private Cars","Q- Alcohol;T-Pedestrian's Negligence",2.00
566,3637.00,"4- Demerara- Mahaica",455,"La Bonne Intention  Railway Embankment","East Coast Demerara Road (From Georgetown)","-58.0667","6.8167",,,3/11/2009 0:00:00,12/30/1899 13:00:00,"D- Property Damage","F- Driver",,"Male","K- Private Cars;X-Tractor","S- Driver's Negligence",1.00
567,3638.00,"4- Demerara- Mahaica",458,"Agriculture Road","East Coast Demerara Road (From Georgetown)","-58.0500","6.8000",,,3/9/2009 0:00:00,12/30/1899 13:30:00,"B- Serious Injury","E- Pedestrian",44.00,"Male","K- Private Cars","T-Pedestrian's Negligence",2.00
568,3639.00,"4- Demerara- Mahaica",457,"Beterverwagting Public Road","East Coast Demerara Road (From Georgetown)","-58.0667","6.8167",,,3/13/2009 0:00:00,12/30/1899 19:45:00,"C- Minor Injury","G- Rider",18.00,"Male","V-Motor Cycle","S- Driver's Negligence;T-Pedestrian's Negligence",2.00
569,3640.00,"4- Demerara- Mahaica",459,"Mon Repos Railway & Agriculture Road","East Coast Demerara Road (From Georgetown)","-58.0500","6.8000",,,3/27/2009 0:00:00,12/30/1899 16:00:00,"C- Minor Injury","G- Rider",28.00,"Female","K- Private Cars;V-Motor Cycle","R- Improper Overtaking",2.00
570,3641.00,"4- Demerara- Mahaica",457,"Beterverwagting Railway Embankmet","East Coast Demerara Road (From Georgetown)","-58.0667","6.8167",,,3/15/2009 0:00:00,12/30/1899 9:30:00,"C- Minor Injury","G- Rider",12.00,"Male","V-Motor Cycle","R- Improper Overtaking;U- Cyclist's Negligence",2.00
571,3642.00,"4- Demerara- Mahaica",459,"Mon Repos Public Road","East Coast Demerara Road (From Georgetown)","-58.0500","6.8000",,,3/29/2009 0:00:00,12/30/1899 23:00:00,"D- Property Damage","F- Driver",54.00,"Male","K- Private Cars;M- Hire Cars","P- Speeding;R- Improper Overtaking",2.00
572,3643.00,"4- Demerara- Mahaica",459,"Mon Repos Public Road","East Coast Demerara Road (From Georgetown)","-58.0500","6.8000",,,3/29/2009 0:00:00,12/30/1899 19:50:00,"C- Minor Injury","E- Pedestrian",37.00,"Male","K- Private Cars","P- Speeding;T-Pedestrian's Negligence",2.00
573,3644.00,"4- Demerara- Mahaica",459,"Mon Repos Access Road","East Coast Demerara Road (From Georgetown)","-58.0500","6.8000",,,4/12/2009 0:00:00,12/30/1899 14:00:00,"D- Property Damage","F- Driver",,"Male","J- Minibus;K- Private Cars","S- Driver's Negligence",2.00
574,3645.00,"4- Demerara- Mahaica",453,"Success Access Road","East Coast Demerara Road (From Georgetown)","-58.0667","6.8167",,,1/10/2009 0:00:00,12/30/1899 14:00:00,"C- Minor Injury","E- Pedestrian",9.00,"Male","K- Private Cars;W-Pedal Cycle","P- Speeding;U- Cyclist's Negligence",2.00
575,3646.00,"4- Demerara- Mahaica",459,"Mon Repos Public Road","East Coast Demerara Road (From Georgetown)","-58.0500","6.8000",,,4/27/2009 0:00:00,12/30/1899 17:40:00,"B- Serious Injury","E- Pedestrian",24.00,"Male","L- Lorries Van","R- Improper Overtaking;T-Pedestrian's Negligence",2.00
576,3647.00,"4- Demerara- Mahaica",459,"Mon Repos Public Road","East Coast Demerara Road (From Georgetown)","-58.0500","6.8000",,,5/6/2009 0:00:00,12/30/1899 15:45:00,"D- Property Damage","F- Driver",30.00,"Male","K- Private Cars;M- Hire Cars","O- Lost Control & Runoff;S- Driver's Negligence",2.00
577,3648.00,"4- Demerara- Mahaica",459,"Mon Repos Public Road","East Coast Demerara Road (From Georgetown)","-58.0500","6.8000",,,5/6/2009 0:00:00,12/30/1899 17:00:00,"C- Minor Injury","F- Driver",57.00,"Male","J- Minibus;V-Motor Cycle","R- Improper Overtaking;U- Cyclist's Negligence",2.00
578,3649.00,"4- Demerara- Mahaica",459,"Mon Repos Public Road","East Coast Demerara Road (From Georgetown)","-58.0500","6.8000",,,5/21/2009 0:00:00,12/30/1899 16:30:00,"C- Minor Injury","F- Driver",39.00,"Female","J- Minibus;K- Private Cars","R- Improper Overtaking",2.00
579,3650.00,"4- Demerara- Mahaica",457,"Beterverwagting Railway Embankment","East Coast Demerara Road (From Georgetown)","-58.0667","6.8167",,,5/23/2009 0:00:00,12/30/1899 12:00:00,"D- Property Damage","F- Driver",46.00,"Female","K- Private Cars","S- Driver's Negligence",2.00
580,3651.00,"4- Demerara- Mahaica",457,"Betreverwagting Public Road","East Coast Demerara Road (From Georgetown)","-58.0667","6.8167",,,5/25/2009 0:00:00,12/30/1899 12:00:00,"D- Property Damage","F- Driver",36.00,"Male","L- Lorries Van","S- Driver's Negligence",2.00
581,3653.00,"4- Demerara- Mahaica",455,"La Bonne Intention Public Road","East Coast Demerara Road (From Georgetown)","-58.0667","6.8167",,,5/21/2009 0:00:00,12/30/1899 19:30:00,"D- Property Damage","F- Driver",,"Male","K- Private Cars","Y-Animal",1.00
582,3654.00,"4- Demerara- Mahaica",459,"Mon Repos Public Road","East Coast Demerara Road (From Georgetown)","-58.0500","6.8000",,,5/29/2009 0:00:00,12/30/1899 19:30:00,"C- Minor Injury","G- Rider",48.00,"Male","V-Motor Cycle","T-Pedestrian's Negligence;U- Cyclist's Negligence",2.00
583,3655.00,"4- Demerara- Mahaica",459,"Agriculture Access Road","East Coast Demerara Road (From Georgetown)","-58.0500","6.8000",,,5/31/2009 0:00:00,12/30/1899 16:00:00,"B- Serious Injury","F- Driver",16.00,"Female","K- Private Cars","O- Lost Control & Runoff",3.00
584,3656.00,"4- Demerara- Mahaica",457,"Beterverwagting Public Road","East Coast Demerara Road (From Georgetown)","-58.0667","6.8167",,,6/6/2009 0:00:00,12/30/1899 14:45:00,"D- Property Damage","F- Driver",62.00,"Male","K- Private Cars;L- Lorries Van","O- Lost Control & Runoff",2.00
585,3657.00,"4- Demerara- Mahaica",455,"La Bonne Intention Public Road","East Coast Demerara Road (From Georgetown)","-58.0667","6.8167",,,6/9/2009 0:00:00,12/30/1899 20:00:00,"D- Property Damage","F- Driver",42.00,"Male","J- Minibus;M- Hire Cars","P- Speeding",2.00
586,3658.00,"4- Demerara- Mahaica",455,"La Bonne Intention Railway Embankment","East Coast Demerara Road (From Georgetown)","-58.0667","6.8167",,,6/14/2009 0:00:00,12/30/1899 12:45:00,"D- Property Damage","F- Driver",57.00,"Male","K- Private Cars;L- Lorries Van","R- Improper Overtaking;S- Driver's Negligence",2.00
587,3659.00,"4- Demerara- Mahaica",453,"Success Public Road","East Coast Demerara Road (From Georgetown)","-58.0667","6.8167",,,6/15/2009 0:00:00,12/30/1899 16:20:00,"A- Fatal","F- Driver",43.00,"Male","J- Minibus;V-Motor Cycle","O- Lost Control & Runoff;P- Speeding;R- Improper Overtaking",2.00
588,3660.00,"4- Demerara- Mahaica",453,"Success Public Road","East Coast Demerara Road (From Georgetown)","-58.0667","6.8167",,,6/20/2009 0:00:00,12/30/1899 3:20:00,"D- Property Damage","F- Driver",34.00,"Male","L- Lorries Van","O- Lost Control & Runoff",1.00
589,3661.00,"4- Demerara- Mahaica",459,"Mon Repos Public Road","East Coast Demerara Road (From Georgetown)","-58.0500","6.8000",,,6/23/2009 0:00:00,12/30/1899 16:05:00,"C- Minor Injury","E- Pedestrian",56.00,"Male","L- Lorries Van","S- Driver's Negligence;T-Pedestrian's Negligence",2.00
590,3662.00,"4- Demerara- Mahaica",458,"Triumph Railway Embankment","East Coast Demerara Road (From Georgetown)","-58.0500","6.8000",,,6/26/2009 0:00:00,12/30/1899 16:05:00,"D- Property Damage","F- Driver",62.00,"Male","K- Private Cars;V-Motor Cycle","R- Improper Overtaking",2.00
591,3663.00,"4- Demerara- Mahaica",453,"Success Public Road","East Coast Demerara Road (From Georgetown)","-58.0667","6.8167",,,6/27/2009 0:00:00,12/30/1899 5:45:00,"D- Property Damage","F- Driver",33.00,"Male","K- Private Cars","O- Lost Control & Runoff",2.00
592,3664.00,"4- Demerara- Mahaica",453,"Success Railway Embankment Road","East Coast Demerara Road (From Georgetown)","-58.0667","6.8167",,,7/4/2009 0:00:00,12/30/1899 22:30:00,"D- Property Damage","F- Driver",48.00,"Male","L- Lorries Van","Y-Animal",1.00
593,3665.00,"4- Demerara- Mahaica",453,"Success Public Road","East Coast Demerara Road (From Georgetown)","-58.0667","6.8167",,,7/5/2009 0:00:00,12/30/1899 1:30:00,"B- Serious Injury","F- Driver",34.00,"Male","M- Hire Cars","O- Lost Control & Runoff;P- Speeding",1.00
594,3666.00,"4- Demerara- Mahaica",459,"Mon Repos Public Road","East Coast Demerara Road (From Georgetown)","-58.0500","6.8000",,,7/8/2009 0:00:00,12/30/1899 16:00:00,"D- Property Damage","F- Driver",49.00,"Male","J- Minibus;K- Private Cars","P- Speeding",4.00
595,3667.00,"4- Demerara- Mahaica",459,"Mon Repos Public Road","East Coast Demerara Road (From Georgetown)","-58.0500","6.8000",,,7/11/2009 0:00:00,12/30/1899 12:40:00,"D- Property Damage","F- Driver",,"Male","K- Private Cars;L- Lorries Van","S- Driver's Negligence",2.00
596,3668.00,"4- Demerara- Mahaica",458,"Triumph Public Road","East Coast Demerara Road (From Georgetown)","-58.0500","6.8000",,,7/18/2009 0:00:00,12/30/1899 16:40:00,"D- Property Damage","F- Driver",38.00,"Male","J- Minibus;L- Lorries Van","S- Driver's Negligence",2.00
597,3669.00,"4- Demerara- Mahaica",459,"Mon Repos Public Road","East Coast Demerara Road (From Georgetown)","-58.0500","6.8000",,,7/20/2009 0:00:00,12/30/1899 22:30:00,"D- Property Damage","F- Driver",22.00,"Male","J- Minibus;L- Lorries Van","P- Speeding",2.00
598,3670.00,"4- Demerara- Mahaica",453,"Success Public Road","East Coast Demerara Road (From Georgetown)","-58.0667","6.8167",,,7/22/2009 0:00:00,12/30/1899 23:30:00,"D- Property Damage","F- Driver",28.00,"Male","J- Minibus;K- Private Cars","P- Speeding;S- Driver's Negligence",2.00
599,3671.00,"4- Demerara- Mahaica",453,"Success Public Road","East Coast Demerara Road (From Georgetown)","-58.0667","6.8167",,,7/20/2009 0:00:00,12/30/1899 10:00:00,"C- Minor Injury","E- Pedestrian",53.00,"Male","J- Minibus","P- Speeding;S- Driver's Negligence",2.00
600,3672.00,"4- Demerara- Mahaica",457,"Beterverwagting Public Road","East Coast Demerara Road (From Georgetown)","-58.0667","6.8167",,,8/2/2009 0:00:00,12/30/1899 17:10:00,"C- Minor Injury","E- Pedestrian",42.00,"Male","L- Lorries Van","Q- Alcohol;T-Pedestrian's Negligence",2.00
601,3673.00,"4- Demerara- Mahaica",459,"Mon Repos Public Road","East Coast Demerara Road (From Georgetown)","-58.0500","6.8000",,,8/3/2009 0:00:00,12/30/1899 23:30:00,"D- Property Damage","F- Driver",28.00,"Male","K- Private Cars;L- Lorries Van","O- Lost Control & Runoff",2.00
602,3674.00,"4- Demerara- Mahaica",459,"Mon Repos Public Road","East Coast Demerara Road (From Georgetown)","-58.0500","6.8000",,,8/10/2009 0:00:00,12/30/1899 17:00:00,"D- Property Damage","F- Driver",41.00,"Male","K- Private Cars;L- Lorries Van","O- Lost Control & Runoff;P- Speeding",2.00
603,3675.00,"4- Demerara- Mahaica",455,"La Bonne Intention Public Road","East Coast Demerara Road (From Georgetown)","-58.0667","6.8167",,,8/10/2009 0:00:00,12/30/1899 16:30:00,"D- Property Damage","F- Driver",54.00,"Male","J- Minibus","P- Speeding;R- Improper Overtaking",2.00
604,3676.00,"4- Demerara- Mahaica",457,"Beterverwagting Main Access Road","East Coast Demerara Road (From Georgetown)","-58.0667","6.8167",,,8/24/2009 0:00:00,12/30/1899 17:20:00,"D- Property Damage","F- Driver",21.00,"Male","J- Minibus;K- Private Cars","R- Improper Overtaking",2.00
605,3677.00,"4- Demerara- Mahaica",457,"Beterverwagting Mani Road","East Coast Demerara Road (From Georgetown)","-58.0667","6.8167",,,8/27/2009 0:00:00,12/30/1899 12:30:00,"D- Property Damage","F- Driver",24.00,"Male","J- Minibus;L- Lorries Van","P- Speeding;R- Improper Overtaking",2.00
606,3678.00,"4- Demerara- Mahaica",453,"Success Public Road","East Coast Demerara Road (From Georgetown)","-58.0667","6.8167",,,8/31/2009 0:00:00,12/30/1899 7:30:00,"D- Property Damage","F- Driver",53.00,"Male","J- Minibus;L- Lorries Van","P- Speeding",3.00
607,3679.00,"4- Demerara- Mahaica",453,"Success Public Road","East Coast Demerara Road (From Georgetown)","-58.0667","6.8167",,,9/9/2009 0:00:00,12/30/1899 14:55:00,"D- Property Damage","F- Driver",31.00,"Male","J- Minibus;L- Lorries Van","S- Driver's Negligence",2.00
608,3680.00,"4- Demerara- Mahaica",459,"Mon Repos Housing Scheme Block 8","East Coast Demerara Road (From Georgetown)","-58.0500","6.8000",,,9/14/2009 0:00:00,12/30/1899 9:30:00,"D- Property Damage","F- Driver",29.00,"Male","J- Minibus;L- Lorries Van","P- Speeding;S- Driver's Negligence",2.00
609,3681.00,"4- Demerara- Mahaica",455,"La Bonne Intention Railway Embankment","East Coast Demerara Road (From Georgetown)","-58.0667","6.8167",,,9/12/2009 0:00:00,12/30/1899 11:00:00,"D- Property Damage","F- Driver",,"Male","K- Private Cars","S- Driver's Negligence",2.00
610,3682.00,"4- Demerara- Mahaica",459,"1st Street Mon Repos","East Coast Demerara Road (From Georgetown)","-58.0500","6.8000",,,9/14/2009 0:00:00,12/30/1899 18:30:00,"D- Property Damage","F- Driver",,"Male","K- Private Cars","S- Driver's Negligence;U- Cyclist's Negligence",2.00
611,3683.00,"4- Demerara- Mahaica",459,"Mon Repos Public Road","East Coast Demerara Road (From Georgetown)","-58.0500","6.8000",,,9/15/2009 0:00:00,12/30/1899 9:40:00,"C- Minor Injury","F- Driver",27.00,"Male","K- Private Cars;W-Pedal Cycle","T-Pedestrian's Negligence",2.00
612,3684.00,"4- Demerara- Mahaica",454,"Chateau Margot Public Road","East Coast Demerara Road (From Georgetown)","-58.0667","6.8167",,,9/20/2009 0:00:00,12/30/1899 14:00:00,"D- Property Damage","E- Pedestrian",40.00,"Male","J- Minibus","S- Driver's Negligence",2.00
613,3685.00,"4- Demerara- Mahaica",458,"Triumph Access Road","East Coast Demerara Road (From Georgetown)","-58.0500","6.8000",,,9/26/2009 0:00:00,12/30/1899 8:36:00,"D- Property Damage","F- Driver",42.00,"Male","J- Minibus;K- Private Cars","P- Speeding",2.00
614,3686.00,"4- Demerara- Mahaica",457,"Beterverwagting Embankment Road","East Coast Demerara Road (From Georgetown)","-58.0667","6.8167",,,9/26/2009 0:00:00,12/30/1899 16:30:00,"D- Property Damage","F- Driver",66.00,"Male","M- Hire Cars","S- Driver's Negligence;U- Cyclist's Negligence",2.00
615,3687.00,"4- Demerara- Mahaica",458,"Triumph Railway Embankment","East Coast Demerara Road (From Georgetown)","-58.0500","6.8000",,,9/27/2009 0:00:00,12/30/1899 21:15:00,"D- Property Damage","G- Rider",65.00,"Male","V-Motor Cycle;W-Pedal Cycle","P- Speeding",2.00
616,3688.00,"4- Demerara- Mahaica",459,"Mon Repos Railway Embankment","East Coast Demerara Road (From Georgetown)","-58.0500","6.8000",,,10/3/2009 0:00:00,12/30/1899 9:35:00,"C- Minor Injury","F- Driver",36.00,"Male","K- Private Cars;M- Hire Cars","S- Driver's Negligence;U- Cyclist's Negligence",2.00
617,3689.00,"4- Demerara- Mahaica",459,"Mon Repos Public Road","East Coast Demerara Road (From Georgetown)","-58.0500","6.8000",,,10/3/2009 0:00:00,12/30/1899 10:15:00,"D- Property Damage","F- Driver",37.00,"Male","J- Minibus","P- Speeding",2.00
618,3690.00,"4- Demerara- Mahaica",455,"La Bonne Intention Public Road","East Coast Demerara Road (From Georgetown)","-58.0667","6.8167",,,10/9/2009 0:00:00,12/30/1899 2:24:00,"D- Property Damage","F- Driver",30.00,"Male","J- Minibus;K- Private Cars","R- Improper Overtaking",2.00
619,3691.00,"4- Demerara- Mahaica",458,"Triumph Railway Embankmet","East Coast Demerara Road (From Georgetown)","-58.0500","6.8000",,,10/9/2009 0:00:00,12/30/1899 7:25:00,"B- Serious Injury","G- Rider",25.00,"Male","V-Motor Cycle;W-Pedal Cycle","U- Cyclist's Negligence",2.00
620,3692.00,"4- Demerara- Mahaica",459,"Mon Repos Embankment","East Coast Demerara Road (From Georgetown)","-58.0500","6.8000",,,10/25/2009 0:00:00,12/30/1899 12:15:00,"B- Serious Injury","E- Pedestrian",25.00,"Male","K- Private Cars","P- Speeding",2.00
621,3693.00,"4- Demerara- Mahaica",455,"La Bonne Railway Embankment","East Coast Demerara Road (From Georgetown)","-58.0667","6.8167",,,10/23/2009 0:00:00,12/30/1899 10:30:00,"C- Minor Injury","F- Driver",53.00,"Male","L- Lorries Van;V-Motor Cycle","P- Speeding;R- Improper Overtaking",2.00
622,3694.00,"4- Demerara- Mahaica",459,"Mon Repos Railway Embenkment","East Coast Demerara Road (From Georgetown)","-58.0500","6.8000",,,10/26/2009 0:00:00,12/30/1899 6:00:00,"C- Minor Injury","F- Driver",39.00,"Male","L- Lorries Van;V-Motor Cycle","U- Cyclist's Negligence",2.00
623,3695.00,"4- Demerara- Mahaica",458,"Triumph Public Road","East Coast Demerara Road (From Georgetown)","-58.0500","6.8000",,,11/1/2009 0:00:00,12/30/1899 21:00:00,"D- Property Damage","G- Rider",29.00,"Female","K- Private Cars;V-Motor Cycle","R- Improper Overtaking",2.00
624,3696.00,"4- Demerara- Mahaica",459,"Mon Repos Public Road","East Coast Demerara Road (From Georgetown)","-58.0500","6.8000",,,11/3/2009 0:00:00,12/30/1899 18:10:00,"A- Fatal","E- Pedestrian",30.00,"Female","N- Pickup","P- Speeding",2.00
625,3697.00,"4- Demerara- Mahaica",458,"Triumph Public Road","East Coast Demerara Road (From Georgetown)","-58.0500","6.8000",,,11/9/2009 0:00:00,12/30/1899 16:00:00,"D- Property Damage","F- Driver",25.00,"Male","K- Private Cars;L- Lorries Van","R- Improper Overtaking;S- Driver's Negligence",2.00
626,3698.00,"4- Demerara- Mahaica",459,"Mon Repos Public Road","East Coast Demerara Road (From Georgetown)","-58.0500","6.8000",,,11/9/2009 0:00:00,12/30/1899 22:30:00,"B- Serious Injury","F- Driver",25.00,"Male","K- Private Cars","S- Driver's Negligence",2.00
627,3699.00,"4- Demerara- Mahaica",453,"Success Public Road","East Coast Demerara Road (From Georgetown)","-58.0667","6.8167",,,11/9/2009 0:00:00,12/30/1899 17:50:00,"D- Property Damage","F- Driver",27.00,"Male","K- Private Cars;L- Lorries Van","S- Driver's Negligence",2.00
628,3700.00,"4- Demerara- Mahaica",458,"Triumph Public Road","East Coast Demerara Road (From Georgetown)","-58.0500","6.8000",,,11/20/2009 0:00:00,12/30/1899 17:20:00,"D- Property Damage","F- Driver",42.00,"Male","J- Minibus;L- Lorries Van","P- Speeding;S- Driver's Negligence",2.00
629,3701.00,"4- Demerara- Mahaica",459,"Mon Repos Railway Line","East Coast Demerara Road (From Georgetown)","-58.0500","6.8000",,,11/22/2009 0:00:00,12/30/1899 2:30:00,"D- Property Damage","F- Driver",37.00,"Male","M- Hire Cars","O- Lost Control & Runoff",1.00
630,3702.00,"4- Demerara- Mahaica",455,"Mon Repos Access Road","East Coast Demerara Road (From Georgetown)","-58.0667","6.8167",,,11/29/2009 0:00:00,12/30/1899 22:00:00,"C- Minor Injury","F- Driver",43.00,"Male","K- Private Cars","P- Speeding;S- Driver's Negligence",2.00
631,3703.00,"4- Demerara- Mahaica",455,"La Bonne iNtention Public Road","East Coast Demerara Road (From Georgetown)","-58.0667","6.8167",,,11/2/2009 0:00:00,12/30/1899 15:00:00,"C- Minor Injury","E- Pedestrian",59.00,"Male","L- Lorries Van","S- Driver's Negligence",2.00
632,3704.00,"4- Demerara- Mahaica",455,"La Bonne Intention","East Coast Demerara Road (From Georgetown)","-58.0667","6.8167",,,12/11/2009 0:00:00,12/30/1899 20:15:00,"D- Property Damage","F- Driver",26.00,"Male","K- Private Cars","Y-Animal",1.00
633,3705.00,"4- Demerara- Mahaica",457,"Betreverwagting Public Rod","East Coast Demerara Road (From Georgetown)","-58.0667","6.8167",,,12/12/2009 0:00:00,12/30/1899 14:30:00,"D- Property Damage","F- Driver",31.00,"Male","J- Minibus","Y-Animal",1.00
634,3706.00,"4- Demerara- Mahaica",457,"Betrerverwagting Public Road","East Coast Demerara Road (From Georgetown)","-58.0667","6.8167",,,12/12/2009 0:00:00,12/30/1899 16:30:00,"C- Minor Injury","F- Driver",31.00,"Male","K- Private Cars;V-Motor Cycle","S- Driver's Negligence",2.00
635,3707.00,"4- Demerara- Mahaica",459,"Mon Repos Public Road","East Coast Demerara Road (From Georgetown)","-58.0500","6.8000",,,12/20/2009 0:00:00,12/30/1899 4:20:00,"D- Property Damage","F- Driver",21.00,"Male","K- Private Cars","O- Lost Control & Runoff;Y-Animal",1.00
636,3708.00,"4- Demerara- Mahaica",458,"Triumph Public Road","East Coast Demerara Road (From Georgetown)","-58.0500","6.8000",,,12/19/2013 0:00:00,12/30/1899 13:20:00,"D- Property Damage","F- Driver",22.00,"Male","K- Private Cars","P- Speeding;S- Driver's Negligence",2.00
637,3709.00,"4- Demerara- Mahaica",458,"Triumph Public Road","East Coast Demerara Road (From Georgetown)","-58.0500","6.8000",,,12/21/2009 0:00:00,12/30/1899 0:30:00,"C- Minor Injury","F- Driver",40.00,"Male","L- Lorries Van","O- Lost Control & Runoff",1.00
638,3710.00,"4- Demerara- Mahaica",459,"Mon Repos Access Road","East Coast Demerara Road (From Georgetown)","-58.0500","6.8000",,,12/23/2009 0:00:00,12/30/1899 15:30:00,"D- Property Damage","F- Driver",23.00,"Male","K- Private Cars;L- Lorries Van","S- Driver's Negligence",2.00
639,3711.00,"4- Demerara- Mahaica",459,"Mon Repos Public Road","East Coast Demerara Road (From Georgetown)","-58.0500","6.8000",,,12/24/2009 0:00:00,12/30/1899 23:20:00,"C- Minor Injury","G- Rider",32.00,"Male","V-Motor Cycle","O- Lost Control & Runoff",1.00
640,3712.00,"4- Demerara- Mahaica",453,"Success Railway Embankment","East Coast Demerara Road (From Georgetown)","-58.0667","6.8167",,,12/26/2009 0:00:00,12/30/1899 20:30:00,"C- Minor Injury","F- Driver",59.00,"Male","J- Minibus;K- Private Cars","R- Improper Overtaking",2.00
641,3713.00,"4- Demerara- Mahaica",455,"La Bonne Intention Public Road","East Coast Demerara Road (From Georgetown)","-58.0667","6.8167",,,12/31/2009 0:00:00,12/30/1899 19:00:00,"B- Serious Injury","F- Driver",62.00,"Male","K- Private Cars;W-Pedal Cycle","U- Cyclist's Negligence",2.00
642,3714.00,"4- Demerara- Mahaica",459,"Mon Repos Public Road","East Coast Demerara Road (From Georgetown)","-58.0500","6.8000",,,1/8/2009 0:00:00,12/30/1899 17:21:00,"B- Serious Injury","F- Driver",,"Male","K- Private Cars;W-Pedal Cycle","S- Driver's Negligence;T-Pedestrian's Negligence",2.00