"ID","Accident ID","Region Number","Corridor ID","Location (Intersection/Road/Street)","Corridor","Location- longitude/ X","Location- latitude/  Y","Mile Marker","Village","Date of Accident","Time of Accident","Type of Accident","Class of Road User","Age/DOB","Gender","Class of Vehicles Involved","Contributing Factor","Number of Persons Involved"
643,3715.00,"4- Demerara- Mahaica",455,"La Bonne Intention Public Road","East Coast Demerara Road (From Georgetown)","-58.0667","6.8167",,,1/31/2010 0:00:00,12/30/1899 16:15:00,"D- Property Damage","F- Driver",51.00,"Male","J- Minibus;K- Private Cars;N- Pickup","S- Driver's Negligence",2.00
644,3716.00,"4- Demerara- Mahaica",457,"Beterverwagting Railway Line","East Coast Demerara Road (From Georgetown)","-58.0667","6.8167",,,2/1/2010 0:00:00,12/30/1899 10:00:00,"C- Minor Injury","F- Driver",,"Male","L- Lorries Van;W-Pedal Cycle","P- Speeding",2.00
645,3717.00,"4- Demerara- Mahaica",455,"La Bonne Intention Public Road","East Coast Demerara Road (From Georgetown)","-58.0667","6.8167",,,2/7/2010 0:00:00,12/30/1899 18:03:00,"D- Property Damage","F- Driver",58.00,"Male","J- Minibus;L- Lorries Van","S- Driver's Negligence",2.00
646,3718.00,"4- Demerara- Mahaica",458,"Triumph Railway Line","East Coast Demerara Road (From Georgetown)","-58.0500","6.8000",,,2/15/2010 0:00:00,12/30/1899 16:10:00,"C- Minor Injury","F- Driver",27.00,"Female","J- Minibus;L- Lorries Van","P- Speeding",2.00
647,3719.00,"4- Demerara- Mahaica",453,"Success Public Road","East Coast Demerara Road (From Georgetown)","-58.0667","6.8167",,,2/15/2010 0:00:00,12/30/1899 18:00:00,"D- Property Damage","F- Driver",41.00,"Male","L- Lorries Van;M- Hire Cars","R- Improper Overtaking",2.00
648,3720.00,"4- Demerara- Mahaica",457,"Beterverwagting Access Road","East Coast Demerara Road (From Georgetown)","-58.0667","6.8167",,,2/17/2000 0:00:00,12/30/1899 18:40:00,"B- Serious Injury","F- Driver",21.00,"Male","V-Motor Cycle;W-Pedal Cycle","P- Speeding;S- Driver's Negligence",2.00
649,3721.00,"4- Demerara- Mahaica",453,"Success Public Road","East Coast Demerara Road (From Georgetown)","-58.0667","6.8167",,,2/12/2010 0:00:00,12/30/1899 9:30:00,"B- Serious Injury","G- Rider",41.00,"Male","L- Lorries Van","R- Improper Overtaking",2.00
650,3722.00,"4- Demerara- Mahaica",453,"Success Public Road","East Coast Demerara Road (From Georgetown)","-58.0667","6.8167",,,2/21/2010 0:00:00,12/30/1899 17:25:00,"B- Serious Injury","F- Driver",29.00,"Male","K- Private Cars;W-Pedal Cycle","P- Speeding;U- Cyclist's Negligence",2.00
651,3723.00,"4- Demerara- Mahaica",453,"Success Public Road","East Coast Demerara Road (From Georgetown)","-58.0667","6.8167",,,2/27/2010 0:00:00,12/30/1899 13:00:00,"B- Serious Injury","F- Driver",28.00,"Male","J- Minibus;K- Private Cars","R- Improper Overtaking",2.00
652,3724.00,"4- Demerara- Mahaica",455,"La Bonne Intention Public Road","East Coast Demerara Road (From Georgetown)","-58.0667","6.8167",,,3/15/2010 0:00:00,12/30/1899 8:30:00,"B- Serious Injury","E- Pedestrian",44.00,"Male","L- Lorries Van","T-Pedestrian's Negligence",2.00
653,3725.00,"4- Demerara- Mahaica",458,"Triumph Public Road","East Coast Demerara Road (From Georgetown)","-58.0500","6.8000",,,3/19/2010 0:00:00,12/30/1899 9:30:00,"D- Property Damage","F- Driver",64.00,"Male","K- Private Cars;L- Lorries Van","S- Driver's Negligence",2.00
654,3726.00,"4- Demerara- Mahaica",455,"La Bonne Intention Public Rod","East Coast Demerara Road (From Georgetown)","-58.0667","6.8167",,,3/20/2010 0:00:00,12/30/1899 13:20:00,"B- Serious Injury","F- Driver",36.00,"Male","J- Minibus;W-Pedal Cycle","U- Cyclist's Negligence",3.00
655,3727.00,"4- Demerara- Mahaica",459,"Mon Repos Public Road","East Coast Demerara Road (From Georgetown)","-58.0500","6.8000",,,3/7/2010 0:00:00,12/30/1899 18:00:00,"D- Property Damage","F- Driver",36.00,"Male","K- Private Cars;V-Motor Cycle","R- Improper Overtaking",2.00
656,3728.00,"4- Demerara- Mahaica",457,"Betrerverwagting Public Road","East Coast Demerara Road (From Georgetown)","-58.0667","6.8167",,,3/27/2010 0:00:00,12/30/1899 18:30:00,"D- Property Damage","F- Driver",42.00,"Male","J- Minibus;L- Lorries Van","R- Improper Overtaking",2.00
657,3729.00,"4- Demerara- Mahaica",459,"Mon Repos  Public Road","East Coast Demerara Road (From Georgetown)","-58.0500","6.8000",,,3/26/2010 0:00:00,12/30/1899 12:35:00,"D- Property Damage","F- Driver",39.00,"Male","K- Private Cars","S- Driver's Negligence",1.00
658,3730.00,"4- Demerara- Mahaica",459,"Mon Repos  Public Road","East Coast Demerara Road (From Georgetown)","-58.0500","6.8000",,,4/1/2010 0:00:00,12/30/1899 10:20:00,"D- Property Damage","F- Driver",,"Male","K- Private Cars;L- Lorries Van","S- Driver's Negligence",2.00
659,3731.00,"4- Demerara- Mahaica",459,"Mon Repos  Public Road","East Coast Demerara Road (From Georgetown)","-58.0500","6.8000",,,4/2/2010 0:00:00,12/30/1899 12:00:00,"C- Minor Injury","F- Driver",32.00,"Male","J- Minibus;V-Motor Cycle","P- Speeding",2.00
660,3732.00,"4- Demerara- Mahaica",459,"Mon Repos  Public Road","East Coast Demerara Road (From Georgetown)","-58.0500","6.8000",,,4/5/2010 0:00:00,12/30/1899 20:30:00,"C- Minor Injury","F- Driver",45.00,"Male","J- Minibus;L- Lorries Van","S- Driver's Negligence",2.00
661,3733.00,"4- Demerara- Mahaica",457,"Republic Drive Beterverwagting","East Coast Demerara Road (From Georgetown)","-58.0667","6.8167",,,4/8/2010 0:00:00,12/30/1899 11:30:00,"B- Serious Injury","E- Pedestrian",57.00,"Male","K- Private Cars","P- Speeding",2.00
662,3734.00,"4- Demerara- Mahaica",457,"Betrerverwagting Public Road","East Coast Demerara Road (From Georgetown)","-58.0667","6.8167",,,4/13/2010 0:00:00,12/30/1899 11:40:00,"D- Property Damage","F- Driver",56.00,"Male","M- Hire Cars","P- Speeding;T-Pedestrian's Negligence",2.00
663,3735.00,"4- Demerara- Mahaica",459,"Mon Repos Public Road","East Coast Demerara Road (From Georgetown)","-58.0500","6.8000",,,4/24/2010 0:00:00,12/30/1899 22:55:00,"B- Serious Injury","E- Pedestrian",26.00,"Male","K- Private Cars","R- Improper Overtaking",2.00
664,3736.00,"4- Demerara- Mahaica",457,"Betrerverwagting Railway Embankment","East Coast Demerara Road (From Georgetown)","-58.0667","6.8167",,,4/16/2010 0:00:00,12/30/1899 12:40:00,"B- Serious Injury","F- Driver",54.00,"Male","M- Hire Cars;V-Motor Cycle","T-Pedestrian's Negligence",2.00
665,3737.00,"4- Demerara- Mahaica",457,"Betrerverwagting Public Road","East Coast Demerara Road (From Georgetown)","-58.0667","6.8167",,,4/11/2010 0:00:00,12/30/1899 7:50:00,"D- Property Damage","F- Driver",,"Male","J- Minibus","U- Cyclist's Negligence",1.00
666,3738.00,"4- Demerara- Mahaica",459,"Mon Repos Public Road","East Coast Demerara Road (From Georgetown)","-58.0500","6.8000",,,5/3/2010 0:00:00,12/30/1899 11:15:00,"C- Minor Injury","F- Driver",29.00,"Male","K- Private Cars","S- Driver's Negligence",2.00
667,3739.00,"4- Demerara- Mahaica",455,"La Bonne Intention Public Rod","East Coast Demerara Road (From Georgetown)","-58.0667","6.8167",,,5/19/2010 0:00:00,12/30/1899 9:00:00,"D- Property Damage","F- Driver",46.00,"Male","K- Private Cars","S- Driver's Negligence",2.00
668,3740.00,"4- Demerara- Mahaica",457,"Betrerverwagting Railway Embankment","East Coast Demerara Road (From Georgetown)","-58.0667","6.8167",,,5/22/2010 0:00:00,12/30/1899 20:15:00,"C- Minor Injury","F- Driver",46.00,"Male","J- Minibus;N- Pickup","R- Improper Overtaking",2.00
669,3741.00,"4- Demerara- Mahaica",457,"Beterverwagting Public Road","East Coast Demerara Road (From Georgetown)","-58.0667","6.8167",,,7/10/2010 0:00:00,12/30/1899 6:50:00,"C- Minor Injury","F- Driver",46.00,"Male","M- Hire Cars;W-Pedal Cycle","U- Cyclist's Negligence",2.00
670,3742.00,"4- Demerara- Mahaica",459,"Mon Repos Public Road","East Coast Demerara Road (From Georgetown)","-58.0500","6.8000",,,7/21/2010 0:00:00,12/30/1899 15:45:00,"D- Property Damage","F- Driver",59.00,"Male","K- Private Cars;L- Lorries Van","S- Driver's Negligence",2.00
671,3743.00,"4- Demerara- Mahaica",455,"La Bonne Intention Public Road","East Coast Demerara Road (From Georgetown)","-58.0667","6.8167",,,7/23/2010 0:00:00,12/30/1899 16:45:00,"C- Minor Injury","F- Driver",31.00,"Male","K- Private Cars;L- Lorries Van","U- Cyclist's Negligence",2.00
672,3744.00,"4- Demerara- Mahaica",455,"La Bonne Intention Railway Embankment","East Coast Demerara Road (From Georgetown)","-58.0667","6.8167",,,7/30/2010 0:00:00,12/30/1899 22:00:00,"D- Property Damage","F- Driver",37.00,"Male","K- Private Cars;M- Hire Cars","S- Driver's Negligence",2.00
673,3745.00,"4- Demerara- Mahaica",459,"Mon Repos Public road","East Coast Demerara Road (From Georgetown)","-58.0500","6.8000",,,7/30/2010 0:00:00,12/30/1899 17:31:00,"D- Property Damage","F- Driver",22.00,"Male","K- Private Cars;L- Lorries Van","R- Improper Overtaking",2.00
674,3746.00,"4- Demerara- Mahaica",459,"Mon Repos Public Road","East Coast Demerara Road (From Georgetown)","-58.0500","6.8000",,,7/31/2010 0:00:00,12/30/1899 11:15:00,"D- Property Damage","F- Driver",32.00,"Male","K- Private Cars;M- Hire Cars","S- Driver's Negligence",2.00
675,3747.00,"4- Demerara- Mahaica",459,"Mon Repos Public Road","East Coast Demerara Road (From Georgetown)","-58.0500","6.8000",,,7/3/2010 0:00:00,12/30/1899 22:05:00,"C- Minor Injury","F- Driver",44.00,"Male","J- Minibus;W-Pedal Cycle","P- Speeding",2.00
676,3748.00,"4- Demerara- Mahaica",459,"Mon Repos Public Road","East Coast Demerara Road (From Georgetown)","-58.0500","6.8000",,,8/18/2010 0:00:00,12/30/1899 10:45:00,"D- Property Damage","F- Driver",21.00,"Male","K- Private Cars;W-Pedal Cycle","S- Driver's Negligence",2.00
677,3749.00,"4- Demerara- Mahaica",457,"Beterverwagting Public Road","East Coast Demerara Road (From Georgetown)","-58.0667","6.8167",,,8/26/2010 0:00:00,12/30/1899 14:30:00,"D- Property Damage","F- Driver",35.00,"Male","K- Private Cars;N- Pickup","S- Driver's Negligence",2.00
678,3750.00,"4- Demerara- Mahaica",455,"La Bonne Intention Public Road","East Coast Demerara Road (From Georgetown)","-58.0667","6.8167",,,8/26/2010 0:00:00,12/30/1899 15:45:00,"D- Property Damage","E- Pedestrian",,"Male","K- Private Cars;L- Lorries Van","S- Driver's Negligence",2.00
679,3751.00,"4- Demerara- Mahaica",454,"Chateau Margot Public Road","East Coast Demerara Road (From Georgetown)","-58.0667","6.8167",,,9/6/2010 0:00:00,12/30/1899 13:30:00,"D- Property Damage","F- Driver",55.00,"Male","J- Minibus;L- Lorries Van","P- Speeding",2.00
680,3752.00,"4- Demerara- Mahaica",453,"Success Public Road","East Coast Demerara Road (From Georgetown)","-58.0667","6.8167",,,9/6/2010 0:00:00,12/30/1899 11:00:00,"B- Serious Injury","F- Driver",44.00,"Male","K- Private Cars;L- Lorries Van","P- Speeding",2.00
681,3753.00,"4- Demerara- Mahaica",455,"La Bonne Intention Railway  Embankment","East Coast Demerara Road (From Georgetown)","-58.0667","6.8167",,,9/13/2010 0:00:00,12/30/1899 15:40:00,"D- Property Damage","F- Driver",66.00,"Male","K- Private Cars","U- Cyclist's Negligence",2.00
682,3754.00,"4- Demerara- Mahaica",455,"La Bonne Intention Public Road","East Coast Demerara Road (From Georgetown)","-58.0667","6.8167",,,9/15/2010 0:00:00,12/30/1899 5:15:00,"B- Serious Injury","F- Driver",56.00,"Male","J- Minibus;V-Motor Cycle","R- Improper Overtaking",2.00
683,3755.00,"4- Demerara- Mahaica",459,"Mon Repos Puyblic Road","East Coast Demerara Road (From Georgetown)","-58.0500","6.8000",,,9/21/2010 0:00:00,12/30/1899 7:40:00,"D- Property Damage","F- Driver",40.00,"Male","J- Minibus;K- Private Cars","S- Driver's Negligence",2.00
684,3756.00,"4- Demerara- Mahaica",457,"Beterverwagting Public Road","East Coast Demerara Road (From Georgetown)","-58.0667","6.8167",,,9/23/2010 0:00:00,12/30/1899 5:30:00,"D- Property Damage","F- Driver",31.00,"Male","K- Private Cars","Y-Animal",1.00
685,3758.00,"4- Demerara- Mahaica",453,"Success Public Road","East Coast Demerara Road (From Georgetown)","-58.0667","6.8167",,,10/2/2010 0:00:00,12/30/1899 13:00:00,"D- Property Damage","F- Driver",33.00,"Male","J- Minibus;L- Lorries Van","R- Improper Overtaking",2.00
686,3759.00,"4- Demerara- Mahaica",459,"Mon Repos Public Road","East Coast Demerara Road (From Georgetown)","-58.0500","6.8000",,,10/5/2010 0:00:00,12/30/1899 15:30:00,"D- Property Damage","F- Driver",25.00,"Male","K- Private Cars;L- Lorries Van","P- Speeding",2.00
687,3760.00,"4- Demerara- Mahaica",458,"Triumph Public Road","East Coast Demerara Road (From Georgetown)","-58.0500","6.8000",,,10/13/2010 0:00:00,12/30/1899 8:30:00,"D- Property Damage","F- Driver",28.00,"Male","J- Minibus","S- Driver's Negligence",2.00
688,3761.00,"4- Demerara- Mahaica",459,"Mon Repos Public Road","East Coast Demerara Road (From Georgetown)","-58.0500","6.8000",,,10/18/2010 0:00:00,12/30/1899 23:10:00,"D- Property Damage","F- Driver",26.00,"Male","K- Private Cars","P- Speeding",2.00
689,3762.00,"4- Demerara- Mahaica",455,"La Bonne Intention Public Road","East Coast Demerara Road (From Georgetown)","-58.0667","6.8167",,,10/18/2010 0:00:00,12/30/1899 10:30:00,"C- Minor Injury","F- Driver",29.00,"Male","J- Minibus","P- Speeding",2.00
690,3763.00,"4- Demerara- Mahaica",455,"La Bonne Intention Estate Road","East Coast Demerara Road (From Georgetown)","-58.0667","6.8167",,,10/22/2010 0:00:00,12/30/1899 12:10:00,"C- Minor Injury","E- Pedestrian",52.00,"Male","V-Motor Cycle","T-Pedestrian's Negligence",2.00
691,3764.00,"4- Demerara- Mahaica",459,"Mon Repos Public Road","East Coast Demerara Road (From Georgetown)","-58.0500","6.8000",,,10/24/2010 0:00:00,12/30/1899 18:30:00,"C- Minor Injury","E- Pedestrian",46.00,"Male","J- Minibus","T-Pedestrian's Negligence",2.00
692,3765.00,"4- Demerara- Mahaica",459,"Mon Repos Public Road","East Coast Demerara Road (From Georgetown)","-58.0500","6.8000",,,10/31/2010 0:00:00,12/30/1899 18:10:00,"C- Minor Injury","E- Pedestrian",63.00,"Male","K- Private Cars","S- Driver's Negligence",2.00
693,3766.00,"4- Demerara- Mahaica",455,"La Bonne Intention Estate Road","East Coast Demerara Road (From Georgetown)","-58.0667","6.8167",,,11/3/2010 0:00:00,12/30/1899 5:25:00,"B- Serious Injury","F- Driver",42.00,"Male","L- Lorries Van","S- Driver's Negligence",2.00
694,3767.00,"4- Demerara- Mahaica",459,"Agriculture Road, Mon Repos","East Coast Demerara Road (From Georgetown)","-58.0500","6.8000",,,11/6/2010 0:00:00,12/30/1899 21:00:00,"D- Property Damage","F- Driver",29.00,"Male","K- Private Cars","P- Speeding",2.00
695,3768.00,"4- Demerara- Mahaica",459,"Mon Repos Public Road","East Coast Demerara Road (From Georgetown)","-58.0500","6.8000",,,11/3/2010 0:00:00,12/30/1899 17:10:00,"B- Serious Injury","E- Pedestrian",21.00,"Male","K- Private Cars","P- Speeding",2.00
696,3769.00,"4- Demerara- Mahaica",459,"Mon Repos Railway Embankment","East Coast Demerara Road (From Georgetown)","-58.0500","6.8000",,,11/2/2010 0:00:00,12/30/1899 17:30:00,"C- Minor Injury","F- Driver",,"Male","L- Lorries Van","R- Improper Overtaking",2.00
697,3770.00,"4- Demerara- Mahaica",459,"Mon Repos Public Road","East Coast Demerara Road (From Georgetown)","-58.0500","6.8000",,,11/9/2010 0:00:00,12/30/1899 19:30:00,"D- Property Damage","F- Driver",24.00,"Male","K- Private Cars","O- Lost Control & Runoff;U- Cyclist's Negligence",1.00
698,3771.00,"4- Demerara- Mahaica",455,"La Bonne Intention Railway Embankment","East Coast Demerara Road (From Georgetown)","-58.0667","6.8167",,,11/14/2010 0:00:00,12/30/1899 13:50:00,"C- Minor Injury","F- Driver",37.00,"Male","K- Private Cars","O- Lost Control & Runoff;P- Speeding",1.00
699,3772.00,"4- Demerara- Mahaica",453,"Success School Road","East Coast Demerara Road (From Georgetown)","-58.0667","6.8167",,,11/18/2010 0:00:00,12/30/1899 11:40:00,"D- Property Damage","F- Driver",41.00,"Male","L- Lorries Van","S- Driver's Negligence",3.00
700,3773.00,"4- Demerara- Mahaica",453,"Success Public Road","East Coast Demerara Road (From Georgetown)","-58.0667","6.8167",,,11/19/2010 0:00:00,12/30/1899 10:15:00,"D- Property Damage","F- Driver",37.00,"Male","J- Minibus","S- Driver's Negligence",3.00
701,3774.00,"4- Demerara- Mahaica",454,"Chateau Margot Railway Embankment","East Coast Demerara Road (From Georgetown)","-58.0667","6.8167",,,12/6/2010 0:00:00,12/30/1899 20:00:00,"D- Property Damage","F- Driver",39.00,"Male","J- Minibus","P- Speeding",1.00
702,3775.00,"4- Demerara- Mahaica",453,"Third Street Success ECD","East Coast Demerara Road (From Georgetown)","-58.0667","6.8167",,,12/7/2010 0:00:00,12/30/1899 11:35:00,"B- Serious Injury","F- Driver",56.00,"Male","L- Lorries Van;W-Pedal Cycle","S- Driver's Negligence",2.00
703,3776.00,"4- Demerara- Mahaica",458,"Agriculture Road","East Coast Demerara Road (From Georgetown)","-58.0500","6.8000",,,12/12/2010 0:00:00,12/30/1899 19:30:00,"B- Serious Injury","E- Pedestrian",24.00,"Male","L- Lorries Van","T-Pedestrian's Negligence",2.00
704,3777.00,"4- Demerara- Mahaica",459,"Mon Repos Public Road","East Coast Demerara Road (From Georgetown)","-58.0500","6.8000",,,12/27/2010 0:00:00,12/30/1899 4:25:00,"C- Minor Injury","F- Driver",22.00,"Male","K- Private Cars;L- Lorries Van","S- Driver's Negligence",2.00
705,3778.00,"4- Demerara- Mahaica",454,"Chateau Margot ECD","East Coast Demerara Road (From Georgetown)","-58.0667","6.8167",,,12/25/2010 0:00:00,12/30/1899 21:15:00,"D- Property Damage","F- Driver",42.00,"Male","K- Private Cars;L- Lorries Van","P- Speeding",2.00
706,3779.00,"4- Demerara- Mahaica",453,"Success Railway Embankment","East Coast Demerara Road (From Georgetown)","-58.0667","6.8167",,,12/26/2010 0:00:00,12/30/1899 18:45:00,"D- Property Damage","F- Driver",36.00,"Male","K- Private Cars;L- Lorries Van","S- Driver's Negligence",2.00
707,3780.00,"4- Demerara- Mahaica",453,"Success Public Road","East Coast Demerara Road (From Georgetown)","-58.0667","6.8167",,,1/3/2011 0:00:00,12/30/1899 10:30:00,"C- Minor Injury","E- Pedestrian",29.00,"Male","V-Motor Cycle","T-Pedestrian's Negligence",2.00
708,3781.00,"4- Demerara- Mahaica",455,"La Bonne Intention Embankment Road ECD","East Coast Demerara Road (From Georgetown)","-58.0667","6.8167",,,1/5/2010 0:00:00,12/30/1899 11:40:00,"D- Property Damage","F- Driver",42.00,"Male","J- Minibus;K- Private Cars","S- Driver's Negligence",2.00
709,3782.00,"4- Demerara- Mahaica",457,"Beterverwagting Railway Embankment ECD","East Coast Demerara Road (From Georgetown)","-58.0667","6.8167",,,1/16/2011 0:00:00,12/30/1899 22:45:00,"C- Minor Injury","F- Driver",30.00,"Male","L- Lorries Van","P- Speeding",2.00
710,3783.00,"4- Demerara- Mahaica",453,"Success Public Road","East Coast Demerara Road (From Georgetown)","-58.0667","6.8167",,,1/23/2011 0:00:00,12/30/1899 9:00:00,"C- Minor Injury","F- Driver",39.00,"Male","K- Private Cars;V-Motor Cycle","P- Speeding",2.00
711,3784.00,"4- Demerara- Mahaica",457,"Beterverwagting","East Coast Demerara Road (From Georgetown)","-58.0667","6.8167",,,1/24/2011 0:00:00,12/30/1899 15:15:00,"D- Property Damage","F- Driver",30.00,"Male","L- Lorries Van","S- Driver's Negligence",2.00
712,3785.00,"4- Demerara- Mahaica",455,"La Bonne Intention Public Road","East Coast Demerara Road (From Georgetown)","-58.0667","6.8167",,,2/5/2011 0:00:00,12/30/1899 22:00:00,"A- Fatal","F- Driver",61.00,"Male","K- Private Cars;V-Motor Cycle","S- Driver's Negligence",2.00
713,3786.00,"4- Demerara- Mahaica",453,"Success Public Road ECD","East Coast Demerara Road (From Georgetown)","-58.0667","6.8167",,,2/9/2011 0:00:00,12/30/1899 18:10:00,"D- Property Damage","F- Driver",29.00,"Male","J- Minibus;V-Motor Cycle","R- Improper Overtaking",2.00
714,3787.00,"4- Demerara- Mahaica",453,"Success Public Road ECD","East Coast Demerara Road (From Georgetown)","-58.0667","6.8167",,,2/22/2011 0:00:00,12/30/1899 20:55:00,"D- Property Damage","F- Driver",42.00,"Male","K- Private Cars;L- Lorries Van","P- Speeding",3.00
715,3788.00,"4- Demerara- Mahaica",455,"La Bonne Intention Public Road","East Coast Demerara Road (From Georgetown)","-58.0667","6.8167",,,3/7/2011 0:00:00,12/30/1899 16:00:00,"C- Minor Injury","F- Driver",49.00,"Male","J- Minibus;W-Pedal Cycle","U- Cyclist's Negligence",2.00
716,3789.00,"4- Demerara- Mahaica",455,"La Bonne Intention Public Road","East Coast Demerara Road (From Georgetown)","-58.0667","6.8167",,,3/12/2011 0:00:00,12/30/1899 18:35:00,"D- Property Damage","F- Driver",,"Male","L- Lorries Van;M- Hire Cars","R- Improper Overtaking",2.00
717,3790.00,"4- Demerara- Mahaica",455,"La Bonne Intention Railway Embankment","East Coast Demerara Road (From Georgetown)","-58.0667","6.8167",,,4/3/2011 0:00:00,12/30/1899 0:50:00,"C- Minor Injury","F- Driver",,"Male","J- Minibus","S- Driver's Negligence",2.00
718,3791.00,"4- Demerara- Mahaica",458,"Agriculture Road ECD","East Coast Demerara Road (From Georgetown)","-58.0500","6.8000",,,4/14/2011 0:00:00,12/30/1899 5:56:00,"C- Minor Injury","F- Driver",13.00,"Male","L- Lorries Van;W-Pedal Cycle","U- Cyclist's Negligence",2.00
719,3792.00,"4- Demerara- Mahaica",453,"Success Public Road ECD","East Coast Demerara Road (From Georgetown)","-58.0667","6.8167",,,5/5/2011 0:00:00,12/30/1899 18:30:00,"B- Serious Injury","F- Driver",32.00,"Male","K- Private Cars;V-Motor Cycle","S- Driver's Negligence",2.00
720,3793.00,"4- Demerara- Mahaica",457,"Beterverwagting Railway Embankment","East Coast Demerara Road (From Georgetown)","-58.0667","6.8167",,,5/5/2011 0:00:00,12/30/1899 17:10:00,"D- Property Damage","F- Driver",35.00,"Male","K- Private Cars;M- Hire Cars","Y-Animal",2.00
721,3794.00,"4- Demerara- Mahaica",453,"Success School Road ECD","East Coast Demerara Road (From Georgetown)","-58.0667","6.8167",,,5/29/2011 0:00:00,12/30/1899 14:30:00,"D- Property Damage","F- Driver",23.00,"Male","K- Private Cars;L- Lorries Van","P- Speeding",2.00
722,3795.00,"4- Demerara- Mahaica",455,"La Bonne Intention Public Road","East Coast Demerara Road (From Georgetown)","-58.0667","6.8167",,,5/22/2011 0:00:00,12/30/1899 16:00:00,"B- Serious Injury","F- Driver",18.00,"Male","K- Private Cars;N- Pickup","P- Speeding",3.00
723,3796.00,"4- Demerara- Mahaica",459,"Mon Repos Railway Embankment","East Coast Demerara Road (From Georgetown)","-58.0500","6.8000",,,6/23/2011 0:00:00,12/30/1899 18:25:00,"B- Serious Injury","G- Rider",42.00,"Male","V-Motor Cycle","T-Pedestrian's Negligence",2.00
724,3797.00,"4- Demerara- Mahaica",458,"Triumph Public Road","East Coast Demerara Road (From Georgetown)","-58.0500","6.8000",,,6/30/2011 0:00:00,12/30/1899 20:50:00,"A- Fatal","F- Driver",28.00,"Male","N- Pickup;V-Motor Cycle","P- Speeding;S- Driver's Negligence",2.00
725,3798.00,"4- Demerara- Mahaica",453,"Success Public Road","East Coast Demerara Road (From Georgetown)","-58.0667","6.8167",,,6/25/2011 0:00:00,12/30/1899 10:53:00,"B- Serious Injury","E- Pedestrian",40.00,"Male","K- Private Cars","R- Improper Overtaking;T-Pedestrian's Negligence",2.00
726,3799.00,"4- Demerara- Mahaica",458,"Agriculture Public Road","East Coast Demerara Road (From Georgetown)","-58.0500","6.8000",,,7/23/2011 0:00:00,12/30/1899 11:45:00,"B- Serious Injury","E- Pedestrian",28.00,"Male","K- Private Cars","S- Driver's Negligence",2.00
727,3800.00,"4- Demerara- Mahaica",459,"Mon Repos Public Road","East Coast Demerara Road (From Georgetown)","-58.0500","6.8000",,,7/23/2011 0:00:00,12/30/1899 18:30:00,"B- Serious Injury","E- Pedestrian",40.00,"Male","J- Minibus","T-Pedestrian's Negligence",2.00
728,3801.00,"4- Demerara- Mahaica",459,"Mon Repos Public Road","East Coast Demerara Road (From Georgetown)","-58.0500","6.8000",,,9/12/2011 0:00:00,12/30/1899 13:30:00,"A- Fatal","F- Driver",26.00,"Male","K- Private Cars;W-Pedal Cycle","U- Cyclist's Negligence",2.00
729,3802.00,"4- Demerara- Mahaica",459,"Agriculture Railway Embankment","East Coast Demerara Road (From Georgetown)","-58.0500","6.8000",,,9/5/2011 0:00:00,12/30/1899 11:00:00,"C- Minor Injury","F- Driver",27.00,"Male","K- Private Cars;V-Motor Cycle","U- Cyclist's Negligence",2.00
730,3803.00,"4- Demerara- Mahaica",459,"Mon Repos Public Road","East Coast Demerara Road (From Georgetown)","-58.0500","6.8000",,,9/28/2011 0:00:00,12/30/1899 23:00:00,"D- Property Damage","F- Driver",40.00,"Male","K- Private Cars;V-Motor Cycle","P- Speeding;U- Cyclist's Negligence",2.00
731,3804.00,"4- Demerara- Mahaica",454,"Chateau Margot Public Road","East Coast Demerara Road (From Georgetown)","-58.0667","6.8167",,,10/2/2011 0:00:00,12/30/1899 23:30:00,"C- Minor Injury","F- Driver",31.00,"Male","K- Private Cars","Y-Animal",1.00