"ID","Accident ID","Region Number","Corridor ID","Location (Intersection/Road/Street)","Corridor","Location- longitude/ X","Location- latitude/  Y","Mile Marker","Village","Date of Accident","Time of Accident","Type of Accident","Class of Road User","Age/DOB","Gender","Class of Vehicles Involved","Contributing Factor","Number of Persons Involved"
732,3805.00,"4- Demerara- Mahaica",459,"Mon Repos Railway Embankment","East Coast Demerara Road (From Georgetown)","-58.0500","6.8000",,,10/2/2011 0:00:00,12/30/1899 10:15:00,"D- Property Damage","F- Driver",23.00,"Male","K- Private Cars","S- Driver's Negligence",1.00
733,3806.00,"4- Demerara- Mahaica",459,"Mon Repos Public Road","East Coast Demerara Road (From Georgetown)","-58.0500","6.8000",,,11/5/2011 0:00:00,12/30/1899 13:30:00,"B- Serious Injury","F- Driver",43.00,"Male","L- Lorries Van;W-Pedal Cycle","U- Cyclist's Negligence",2.00
734,3807.00,"4- Demerara- Mahaica",459,"Agriculture Public Road","East Coast Demerara Road (From Georgetown)","-58.0500","6.8000",,,11/27/2011 0:00:00,12/30/1899 18:50:00,"A- Fatal","F- Driver",40.00,"Male","J- Minibus;W-Pedal Cycle","S- Driver's Negligence",2.00
735,3808.00,"4- Demerara- Mahaica",453,"Success Public Road","East Coast Demerara Road (From Georgetown)","-58.0667","6.8167",,,12/1/2011 0:00:00,12/30/1899 11:15:00,"C- Minor Injury","F- Driver",37.00,"Male","L- Lorries Van","P- Speeding;R- Improper Overtaking",2.00
736,3809.00,"4- Demerara- Mahaica",455,"La Bonne Intention Public Road","East Coast Demerara Road (From Georgetown)","-58.0667","6.8167",,,12/1/2011 0:00:00,12/30/1899 10:30:00,"B- Serious Injury","F- Driver",60.00,"Male","N- Pickup;V-Motor Cycle","U- Cyclist's Negligence",2.00
737,3810.00,"4- Demerara- Mahaica",454,"Chateau Margot Public Road","East Coast Demerara Road (From Georgetown)","-58.0667","6.8167",,,12/22/2011 0:00:00,12/30/1899 17:00:00,"D- Property Damage","F- Driver",30.00,"Male","K- Private Cars;N- Pickup","R- Improper Overtaking",2.00
738,3811.00,"4- Demerara- Mahaica",459,"Mon Repos Public Road","East Coast Demerara Road (From Georgetown)","-58.0500","6.8000",,,12/25/2011 0:00:00,12/30/1899 1:25:00,"A- Fatal","E- Pedestrian",40.00,"Male","K- Private Cars","P- Speeding",2.00
739,3812.00,"4- Demerara- Mahaica",457,"Beterverwagting Public Prod","East Coast Demerara Road (From Georgetown)","-58.0667","6.8167",,,1/16/2012 0:00:00,12/30/1899 23:25:00,"C- Minor Injury","F- Driver",39.00,"Male","J- Minibus;L- Lorries Van","P- Speeding;R- Improper Overtaking;S- Driver's Negligence",2.00
740,3813.00,"4- Demerara- Mahaica",455,"La Bonne Intention Railway Embankment","East Coast Demerara Road (From Georgetown)","-58.0667","6.8167",,,2/20/2012 0:00:00,12/30/1899 11:00:00,"C- Minor Injury","F- Driver",40.00,"Male","L- Lorries Van;M- Hire Cars","S- Driver's Negligence",2.00
741,3814.00,"4- Demerara- Mahaica",459,"Mon Repos Public Road","East Coast Demerara Road (From Georgetown)","-58.0500","6.8000",,,2/26/2012 0:00:00,12/30/1899 1:20:00,"A- Fatal","E- Pedestrian",27.00,"Male","K- Private Cars","S- Driver's Negligence",2.00
742,3815.00,"4- Demerara- Mahaica",457,"Beterverwagting Railway Line","East Coast Demerara Road (From Georgetown)","-58.0667","6.8167",,,3/3/2012 0:00:00,12/30/1899 9:50:00,"B- Serious Injury","G- Rider",26.00,"Male","V-Motor Cycle;W-Pedal Cycle","P- Speeding",2.00
743,3816.00,"4- Demerara- Mahaica",458,"Triumph Access Road","East Coast Demerara Road (From Georgetown)","-58.0500","6.8000",,,3/30/2012 0:00:00,12/30/1899 13:00:00,"A- Fatal","F- Driver",30.00,"Male","L- Lorries Van;W-Pedal Cycle","U- Cyclist's Negligence",2.00
744,3817.00,"4- Demerara- Mahaica",457,"Beterverwagting Public Road","East Coast Demerara Road (From Georgetown)","-58.0667","6.8167",,,4/16/2012 0:00:00,12/30/1899 8:25:00,"D- Property Damage","F- Driver",,"Male","K- Private Cars;N- Pickup","P- Speeding;S- Driver's Negligence",2.00
745,3818.00,"4- Demerara- Mahaica",457,"Beterverwagting Public Road","East Coast Demerara Road (From Georgetown)","-58.0667","6.8167",,,5/6/2012 0:00:00,12/30/1899 0:40:00,"C- Minor Injury","F- Driver",43.00,"Male","M- Hire Cars;N- Pickup","R- Improper Overtaking",2.00
746,3819.00,"4- Demerara- Mahaica",457,"Beterverwagting Public Road","East Coast Demerara Road (From Georgetown)","-58.0667","6.8167",,,5/6/2012 0:00:00,12/30/1899 15:00:00,"D- Property Damage","F- Driver",,"Male","K- Private Cars;L- Lorries Van","S- Driver's Negligence",1.00
747,3820.00,"4- Demerara- Mahaica",457,"Beterverwagting Public Road","East Coast Demerara Road (From Georgetown)","-58.0667","6.8167",,,5/18/2012 0:00:00,12/30/1899 10:30:00,"B- Serious Injury","E- Pedestrian",47.00,"Male","L- Lorries Van","T-Pedestrian's Negligence",2.00
748,3821.00,"4- Demerara- Mahaica",454,"Chateau Margot Public Road","East Coast Demerara Road (From Georgetown)","-58.0667","6.8167",,,5/14/2012 0:00:00,12/30/1899 17:45:00,"C- Minor Injury","F- Driver",39.00,"Male","K- Private Cars;W-Pedal Cycle","P- Speeding",2.00
749,3822.00,"4- Demerara- Mahaica",459,"Mon Repos Railway Embankment","East Coast Demerara Road (From Georgetown)","-58.0500","6.8000",,,5/17/2012 0:00:00,12/30/1899 20:00:00,"B- Serious Injury","F- Driver",27.00,"Male","J- Minibus","S- Driver's Negligence",2.00
750,3823.00,"4- Demerara- Mahaica",459,"Mon Repos Public Road","East Coast Demerara Road (From Georgetown)","-58.0500","6.8000",,,5/17/2012 0:00:00,12/30/1899 17:18:00,"A- Fatal","F- Driver",55.00,"Male","J- Minibus","S- Driver's Negligence",2.00
751,3824.00,"4- Demerara- Mahaica",453,"Success Public Road","East Coast Demerara Road (From Georgetown)","-58.0667","6.8167",,,7/16/2012 0:00:00,12/30/1899 22:00:00,"B- Serious Injury","F- Driver",27.00,"Male","K- Private Cars","T-Pedestrian's Negligence",2.00
752,3825.00,"4- Demerara- Mahaica",459,"Mon Repos Public Road","East Coast Demerara Road (From Georgetown)","-58.0500","6.8000",,,7/17/2012 0:00:00,12/30/1899 2:15:00,"B- Serious Injury","F- Driver",44.00,"Male","L- Lorries Van;M- Hire Cars","P- Speeding",
753,3826.00,"4- Demerara- Mahaica",454,"Chateau Margot Public Road","East Coast Demerara Road (From Georgetown)","-58.0667","6.8167",,,7/19/2012 0:00:00,12/30/1899 11:15:00,"A- Fatal","E- Pedestrian",28.00,"Male","J- Minibus","S- Driver's Negligence",3.00
754,3827.00,"4- Demerara- Mahaica",458,"Triumph Public Road","East Coast Demerara Road (From Georgetown)","-58.0500","6.8000",,,8/16/2012 0:00:00,12/30/1899 5:00:00,"D- Property Damage","F- Driver",34.00,"Male","M- Hire Cars","P- Speeding;S- Driver's Negligence",1.00
755,3828.00,"4- Demerara- Mahaica",459,"Mon Repos Public Road","East Coast Demerara Road (From Georgetown)","-58.0500","6.8000",,,8/29/2012 0:00:00,12/30/1899 12:05:00,"D- Property Damage","F- Driver",32.00,"Male","K- Private Cars;L- Lorries Van","S- Driver's Negligence",
756,3829.00,"4- Demerara- Mahaica",459,"Mon Repos Public Road","East Coast Demerara Road (From Georgetown)","-58.0500","6.8000",,,9/5/2012 0:00:00,12/30/1899 19:00:00,"A- Fatal","E- Pedestrian",21.00,"Male","N- Pickup","P- Speeding",
757,3830.00,"4- Demerara- Mahaica",454,"Chateau Margot Railway Embankment ECD","East Coast Demerara Road (From Georgetown)","-58.0667","6.8167",,,9/22/2012 0:00:00,12/30/1899 21:04:00,"A- Fatal","E- Pedestrian",41.00,"Male","N- Pickup","T-Pedestrian's Negligence",
758,3831.00,"4- Demerara- Mahaica",457,"Beterverwagting Railway Embankment","East Coast Demerara Road (From Georgetown)","-58.0667","6.8167",,,10/10/2012 0:00:00,12/30/1899 17:00:00,"B- Serious Injury","F- Driver",34.00,"Male","L- Lorries Van","O- Lost Control & Runoff;R- Improper Overtaking",
759,3832.00,"4- Demerara- Mahaica",453,"Success Public Road","East Coast Demerara Road (From Georgetown)","-58.0667","6.8167",,,10/8/2012 0:00:00,12/30/1899 19:15:00,"C- Minor Injury","F- Driver",,"Male","K- Private Cars;M- Hire Cars;V-Motor Cycle","P- Speeding",
760,3833.00,"4- Demerara- Mahaica",453,"Success Public Road","East Coast Demerara Road (From Georgetown)","-58.0667","6.8167",,,10/18/2012 0:00:00,12/30/1899 5:00:00,"B- Serious Injury","F- Driver",49.00,"Male","L- Lorries Van;V-Motor Cycle","S- Driver's Negligence",
761,3834.00,"4- Demerara- Mahaica",459,"Mon Repos Public Road","East Coast Demerara Road (From Georgetown)","-58.0500","6.8000",,,10/21/2012 0:00:00,12/30/1899 19:05:00,"B- Serious Injury","F- Driver",59.00,"Male","K- Private Cars;W-Pedal Cycle","T-Pedestrian's Negligence",
762,3835.00,"4- Demerara- Mahaica",458,"Agriculture Access Road, Triumph","East Coast Demerara Road (From Georgetown)","-58.0500","6.8000",,,10/26/2012 0:00:00,12/30/1899 13:00:00,"A- Fatal","F- Driver",26.00,"Male","K- Private Cars","P- Speeding",
763,3836.00,"4- Demerara- Mahaica",459,"Mon Repos Public Road","East Coast Demerara Road (From Georgetown)","-58.0500","6.8000",,,11/12/2012 0:00:00,12/30/1899 11:30:00,"D- Property Damage","F- Driver",,"Male","K- Private Cars;M- Hire Cars","O- Lost Control & Runoff",1.00
764,3837.00,"4- Demerara- Mahaica",457,"Beterverwagting Railway Embankment","East Coast Demerara Road (From Georgetown)","-58.0667","6.8167",,,11/17/2012 0:00:00,12/30/1899 2:30:00,"D- Property Damage","F- Driver",35.00,"Male","K- Private Cars","P- Speeding",1.00
765,3838.00,"4- Demerara- Mahaica",458,"Triumph Public Road","East Coast Demerara Road (From Georgetown)","-58.0500","6.8000",,,12/3/2012 0:00:00,12/30/1899 17:30:00,"B- Serious Injury","E- Pedestrian",27.00,"Male","K- Private Cars","R- Improper Overtaking;T-Pedestrian's Negligence",2.00
766,3839.00,"4- Demerara- Mahaica",454,"Chateau Margot Public Road","East Coast Demerara Road (From Georgetown)","-58.0667","6.8167",,,12/7/2012 0:00:00,12/30/1899 14:00:00,"C- Minor Injury","F- Driver",42.00,"Male","J- Minibus","R- Improper Overtaking",2.00
767,3840.00,"4- Demerara- Mahaica",459,"Mon Repos Public Road","East Coast Demerara Road (From Georgetown)","-58.0500","6.8000",,,3/8/2004 0:00:00,12/30/1899 17:15:00,"D- Property Damage","G- Rider",55.00,"Male","V-Motor Cycle","P- Speeding",2.00
768,3841.00,"4- Demerara- Mahaica",459,"Mon Repos Railway Embankment","East Coast Demerara Road (From Georgetown)","-58.0500","6.8000",,,3/12/2004 0:00:00,12/30/1899 7:00:00,"C- Minor Injury","G- Rider",22.00,"Male","V-Motor Cycle;W-Pedal Cycle","U- Cyclist's Negligence",1.00
769,3842.00,"4- Demerara- Mahaica",459,"Mon Repos Access Road","East Coast Demerara Road (From Georgetown)","-58.0500","6.8000",,,3/11/2004 0:00:00,12/30/1899 19:30:00,"C- Minor Injury","G- Rider",14.00,"Male","W-Pedal Cycle","P- Speeding",1.00
770,3843.00,"4- Demerara- Mahaica",457,"Beterverwagting Railway Embankment","East Coast Demerara Road (From Georgetown)","-58.0667","6.8167",,,3/18/2004 0:00:00,12/30/1899 12:45:00,"A- Fatal","E- Pedestrian;F- Driver",7.00,"Male","K- Private Cars","P- Speeding",2.00
771,3844.00,"4- Demerara- Mahaica",459,"Mon Repos Public Road","East Coast Demerara Road (From Georgetown)","-58.0500","6.8000",,,3/19/2004 0:00:00,12/30/1899 0:00:00,"D- Property Damage","F- Driver",45.00,"Male","N- Pickup","P- Speeding;Y-Animal",1.00
772,3845.00,"4- Demerara- Mahaica",454,"Chateau Margot Access Road","East Coast Demerara Road (From Georgetown)","-58.0667","6.8167",,,3/20/2004 0:00:00,12/30/1899 17:45:00,"C- Minor Injury","F- Driver",26.00,"Male","K- Private Cars;V-Motor Cycle","P- Speeding",2.00
773,3846.00,"4- Demerara- Mahaica",453,"Success Public Road","East Coast Demerara Road (From Georgetown)","-58.0667","6.8167",,,3/23/2004 0:00:00,12/30/1899 10:15:00,"D- Property Damage","F- Driver",34.00,"Male","J- Minibus;L- Lorries Van","P- Speeding",2.00
774,3847.00,"4- Demerara- Mahaica",457,"Beterverwagting Public Road","East Coast Demerara Road (From Georgetown)","-58.0667","6.8167",,,3/23/2004 0:00:00,12/30/1899 15:00:00,"B- Serious Injury","F- Driver",61.00,"Male","J- Minibus;N- Pickup","R- Improper Overtaking;S- Driver's Negligence",2.00
775,3848.00,"4- Demerara- Mahaica",457,"Beterverwagting Railway Embankment","East Coast Demerara Road (From Georgetown)","-58.0667","6.8167",,,4/4/2010 0:00:00,12/30/1899 13:00:00,"D- Property Damage","F- Driver",38.00,"Male","J- Minibus;V-Motor Cycle","S- Driver's Negligence",2.00
776,3849.00,"4- Demerara- Mahaica",455,"La Bonne Intention Access Road","East Coast Demerara Road (From Georgetown)","-58.0667","6.8167",,,4/12/2004 0:00:00,12/30/1899 19:00:00,"B- Serious Injury","F- Driver",19.00,"Male","K- Private Cars","P- Speeding",2.00
777,3850.00,"4- Demerara- Mahaica",459,"Mon Repos Public Road","East Coast Demerara Road (From Georgetown)","-58.0500","6.8000",,,4/14/2004 0:00:00,12/30/1899 13:50:00,"B- Serious Injury","G- Rider",44.00,"Male","V-Motor Cycle;W-Pedal Cycle","P- Speeding",2.00
778,3851.00,"4- Demerara- Mahaica",455,"La Bonne Intention Public Road","East Coast Demerara Road (From Georgetown)","-58.0667","6.8167",,,4/12/2004 0:00:00,12/30/1899 20:30:00,"D- Property Damage","F- Driver",34.00,"Male","J- Minibus","R- Improper Overtaking",2.00
779,3852.00,"4- Demerara- Mahaica",457,"Beterverwagting Public Road","East Coast Demerara Road (From Georgetown)","-58.0667","6.8167",,,4/14/2004 0:00:00,12/30/1899 17:30:00,"D- Property Damage","F- Driver",50.00,"Male","J- Minibus","S- Driver's Negligence",2.00
780,3853.00,"4- Demerara- Mahaica",455,"La Bonne Intention Railway Embankment","East Coast Demerara Road (From Georgetown)","-58.0667","6.8167",,,4/16/2004 0:00:00,12/30/1899 9:45:00,"D- Property Damage","F- Driver",46.00,"Male","N- Pickup","S- Driver's Negligence;Y-Animal",1.00
781,3854.00,"4- Demerara- Mahaica",458,"Surat Drive Access Road","East Coast Demerara Road (From Georgetown)","-58.0500","6.8000",,,4/19/2004 0:00:00,12/30/1899 17:00:00,"B- Serious Injury","F- Driver",38.00,"Male","J- Minibus;L- Lorries Van","R- Improper Overtaking",2.00
782,3855.00,"4- Demerara- Mahaica",453,"Success Public Road","East Coast Demerara Road (From Georgetown)","-58.0667","6.8167",,,4/21/2004 0:00:00,12/30/1899 8:20:00,"D- Property Damage","F- Driver",54.00,"Male","M- Hire Cars","S- Driver's Negligence",2.00
783,3856.00,"4- Demerara- Mahaica",455,"La Bonne Intention Public Road","East Coast Demerara Road (From Georgetown)","-58.0667","6.8167",,,4/22/2004 0:00:00,12/30/1899 5:30:00,"D- Property Damage","F- Driver",37.00,"Male","J- Minibus;Z- Animal Drawn","S- Driver's Negligence",1.00
784,3857.00,"4- Demerara- Mahaica",455,"La Bonne Intention","East Coast Demerara Road (From Georgetown)","-58.0667","6.8167",,,4/23/2004 0:00:00,12/30/1899 8:30:00,"D- Property Damage","F- Driver",,"Male","J- Minibus;K- Private Cars","P- Speeding",1.00
785,3858.00,"4- Demerara- Mahaica",459,"Mon Repos Embankment","East Coast Demerara Road (From Georgetown)","-58.0500","6.8000",,,4/28/2004 0:00:00,12/30/1899 6:40:00,"C- Minor Injury","F- Driver",50.00,"Male","J- Minibus;V-Motor Cycle","S- Driver's Negligence",2.00
786,3859.00,"4- Demerara- Mahaica",455,"La Bonne Intention Public Road","East Coast Demerara Road (From Georgetown)","-58.0667","6.8167",,,4/29/2004 0:00:00,12/30/1899 16:10:00,"C- Minor Injury","F- Driver",58.00,"Male","J- Minibus;W-Pedal Cycle","U- Cyclist's Negligence",2.00
787,3860.00,"4- Demerara- Mahaica",459,"Mon Repos Public Road","East Coast Demerara Road (From Georgetown)","-58.0500","6.8000",,,4/30/2004 0:00:00,12/30/1899 17:30:00,"D- Property Damage","F- Driver",27.00,"Male","L- Lorries Van;M- Hire Cars","S- Driver's Negligence",2.00
788,3861.00,"4- Demerara- Mahaica",458,"Triumph Access Road","East Coast Demerara Road (From Georgetown)","-58.0500","6.8000",,,5/1/2004 0:00:00,12/30/1899 18:00:00,"D- Property Damage","F- Driver",26.00,"Male","L- Lorries Van;M- Hire Cars","S- Driver's Negligence",2.00
789,3862.00,"4- Demerara- Mahaica",459,"Agriculture Access Road","East Coast Demerara Road (From Georgetown)","-58.0500","6.8000",,,5/2/2004 0:00:00,12/30/1899 21:30:00,"B- Serious Injury","F- Driver",23.00,"Female","K- Private Cars;V-Motor Cycle","P- Speeding",2.00
790,3863.00,"4- Demerara- Mahaica",455,"La Bonne Intention Public Road","East Coast Demerara Road (From Georgetown)","-58.0667","6.8167",,,5/3/2004 0:00:00,12/30/1899 21:00:00,"B- Serious Injury","E- Pedestrian",42.00,"Male","K- Private Cars","S- Driver's Negligence",2.00
791,3864.00,"4- Demerara- Mahaica",453,"Success Railway Embankment","East Coast Demerara Road (From Georgetown)","-58.0667","6.8167",,,5/7/2004 0:00:00,12/30/1899 7:30:00,"D- Property Damage","F- Driver",27.00,"Male","L- Lorries Van","P- Speeding",1.00
792,3865.00,"4- Demerara- Mahaica",459,"Mon Repos Public Road","East Coast Demerara Road (From Georgetown)","-58.0500","6.8000",,,5/8/2004 0:00:00,12/30/1899 19:10:00,"D- Property Damage","F- Driver",33.00,"Male","Z- Animal Drawn","Y-Animal",1.00
793,3866.00,"4- Demerara- Mahaica",453,"Success Railway Embankment","East Coast Demerara Road (From Georgetown)","-58.0667","6.8167",,,5/15/2004 0:00:00,12/30/1899 0:15:00,"C- Minor Injury","E- Pedestrian",34.00,"Male","V-Motor Cycle","U- Cyclist's Negligence",1.00
794,3867.00,"4- Demerara- Mahaica",459,"Mon Repos Public Road","East Coast Demerara Road (From Georgetown)","-58.0500","6.8000",,,5/17/2004 0:00:00,12/30/1899 8:00:00,"B- Serious Injury","F- Driver",72.00,"Male","L- Lorries Van","P- Speeding",2.00
795,3868.00,"4- Demerara- Mahaica",453,"Success Railway Embankment","East Coast Demerara Road (From Georgetown)","-58.0667","6.8167",,,5/18/2004 0:00:00,12/30/1899 15:00:00,"C- Minor Injury","E- Pedestrian",16.00,"Male","K- Private Cars","S- Driver's Negligence",2.00
796,3869.00,"4- Demerara- Mahaica",458,"Triumph Public Road","East Coast Demerara Road (From Georgetown)","-58.0500","6.8000",,,5/18/2004 0:00:00,12/30/1899 13:10:00,"D- Property Damage","F- Driver",25.00,"Male","N- Pickup","S- Driver's Negligence;Y-Animal",1.00
797,3870.00,"4- Demerara- Mahaica",455,"La Bonne Intention Public Road","East Coast Demerara Road (From Georgetown)","-58.0667","6.8167",,,5/21/2004 0:00:00,12/30/1899 23:00:00,"D- Property Damage","F- Driver",,"Male","J- Minibus;Z- Animal Drawn","Y-Animal",1.00
798,3871.00,"4- Demerara- Mahaica",459,"Mon Repos Railway Embankment","East Coast Demerara Road (From Georgetown)","-58.0500","6.8000",,,5/21/2004 0:00:00,12/30/1899 13:30:00,"B- Serious Injury","F- Driver",48.00,"Male","J- Minibus;W-Pedal Cycle","U- Cyclist's Negligence",2.00
799,3872.00,"4- Demerara- Mahaica",454,"Chateau Margot Primary","East Coast Demerara Road (From Georgetown)","-58.0667","6.8167",,,5/26/2004 0:00:00,12/30/1899 19:45:00,"D- Property Damage","F- Driver",29.00,"Male","K- Private Cars","P- Speeding",1.00
800,3873.00,"4- Demerara- Mahaica",459,"Mon Repos Public Road","East Coast Demerara Road (From Georgetown)","-58.0500","6.8000",,,5/31/2004 0:00:00,12/30/1899 20:15:00,"C- Minor Injury","E- Pedestrian",46.00,"Male","M- Hire Cars","S- Driver's Negligence",2.00
801,3874.00,"4- Demerara- Mahaica",453,"Success Access Road","East Coast Demerara Road (From Georgetown)","-58.0667","6.8167",,,6/6/2004 0:00:00,12/30/1899 20:00:00,"D- Property Damage","F- Driver",42.00,"Male","K- Private Cars","S- Driver's Negligence",2.00
802,3875.00,"4- Demerara- Mahaica",458,"Triumph Public Road","East Coast Demerara Road (From Georgetown)","-58.0500","6.8000",,,6/9/2004 0:00:00,12/30/1899 20:00:00,"D- Property Damage","F- Driver",,"Male","J- Minibus;M- Hire Cars","S- Driver's Negligence",1.00
803,3876.00,"4- Demerara- Mahaica",454,"Chateau Margot Public Road","East Coast Demerara Road (From Georgetown)","-58.0667","6.8167",,,6/14/2004 0:00:00,12/30/1899 12:15:00,"D- Property Damage","F- Driver",29.00,"Male","J- Minibus;N- Pickup","R- Improper Overtaking",1.00
804,3877.00,"4- Demerara- Mahaica",455,"La Bonne Intention Railway Embankment","East Coast Demerara Road (From Georgetown)","-58.0667","6.8167",,,7/7/2004 0:00:00,12/30/1899 18:50:00,"D- Property Damage","F- Driver",58.00,"Female","J- Minibus;K- Private Cars","S- Driver's Negligence",2.00
805,3878.00,"4- Demerara- Mahaica",453,"Success Public Road","East Coast Demerara Road (From Georgetown)","-58.0667","6.8167",,,7/7/2004 0:00:00,,"D- Property Damage","F- Driver",,"Male","J- Minibus","P- Speeding",1.00
806,3879.00,"4- Demerara- Mahaica",459,"Mon Repos Public Road","East Coast Demerara Road (From Georgetown)","-58.0500","6.8000",,,7/9/2004 0:00:00,12/30/1899 13:40:00,"A- Fatal","E- Pedestrian",68.00,"Male","N- Pickup","S- Driver's Negligence;T-Pedestrian's Negligence",2.00
807,3880.00,"4- Demerara- Mahaica",455,"La Bonne Intention Railway Embankment","East Coast Demerara Road (From Georgetown)","-58.0667","6.8167",,,7/5/2004 0:00:00,12/30/1899 7:50:00,"C- Minor Injury","F- Driver",22.00,"Male","K- Private Cars","P- Speeding",2.00
808,3881.00,"4- Demerara- Mahaica",455,"La Bonne Intention Railway Embankment","East Coast Demerara Road (From Georgetown)","-58.0667","6.8167",,,7/13/2004 0:00:00,12/30/1899 17:10:00,"B- Serious Injury","F- Driver",34.00,"Male","J- Minibus","S- Driver's Negligence",2.00
809,3882.00,"4- Demerara- Mahaica",459,"Mon Repos Railway Embankment","East Coast Demerara Road (From Georgetown)","-58.0500","6.8000",,,7/15/2004 0:00:00,12/30/1899 8:00:00,"B- Serious Injury","F- Driver",,"Male","J- Minibus;V-Motor Cycle","S- Driver's Negligence",1.00
810,3883.00,"4- Demerara- Mahaica",455,"La Bonne Intention Railway Embankment","East Coast Demerara Road (From Georgetown)","-58.0667","6.8167",,,7/19/2004 0:00:00,12/30/1899 21:45:00,"D- Property Damage","E- Pedestrian",54.00,"Male","L- Lorries Van","T-Pedestrian's Negligence",1.00
811,3884.00,"4- Demerara- Mahaica",455,"La Bonne Intention Public Road","East Coast Demerara Road (From Georgetown)","-58.0667","6.8167",,,7/23/2004 0:00:00,12/30/1899 11:00:00,"B- Serious Injury","E- Pedestrian",66.00,"Male","L- Lorries Van","P- Speeding",2.00
812,3885.00,"4- Demerara- Mahaica",457,"Beterverwagting Public Road","East Coast Demerara Road (From Georgetown)","-58.0667","6.8167",,,7/23/2004 0:00:00,12/30/1899 15:00:00,"C- Minor Injury","F- Driver",,"Male","K- Private Cars;V-Motor Cycle","U- Cyclist's Negligence",2.00
813,3886.00,"4- Demerara- Mahaica",453,"Success Railway Embankment","East Coast Demerara Road (From Georgetown)","-58.0667","6.8167",,,8/8/2004 0:00:00,12/30/1899 18:00:00,"B- Serious Injury","E- Pedestrian",21.00,"Male","V-Motor Cycle","P- Speeding",2.00
814,3887.00,"4- Demerara- Mahaica",455,"La Bonne Intention Public Road","East Coast Demerara Road (From Georgetown)","-58.0667","6.8167",,,8/9/2004 0:00:00,12/30/1899 17:00:00,"D- Property Damage","F- Driver",29.00,"Male","J- Minibus;K- Private Cars","R- Improper Overtaking",2.00
815,3888.00,"4- Demerara- Mahaica",457,"Republic Drive Beterverwagting Access Road","East Coast Demerara Road (From Georgetown)","-58.0667","6.8167",,,8/13/2004 0:00:00,12/30/1899 10:00:00,"D- Property Damage","F- Driver",43.00,"Male","K- Private Cars;M- Hire Cars","P- Speeding",2.00
816,3889.00,"4- Demerara- Mahaica",453,"Success Railway Embankment","East Coast Demerara Road (From Georgetown)","-58.0667","6.8167",,,8/24/2004 0:00:00,12/30/1899 17:00:00,"D- Property Damage","F- Driver",31.00,"Male","L- Lorries Van","O- Lost Control & Runoff;Y-Animal",1.00
817,3890.00,"4- Demerara- Mahaica",458,"Triumph Railway Embankment","East Coast Demerara Road (From Georgetown)","-58.0500","6.8000",,,8/29/2004 0:00:00,12/30/1899 21:15:00,"D- Property Damage","F- Driver",27.00,"Male","J- Minibus","S- Driver's Negligence",2.00
818,3891.00,"4- Demerara- Mahaica",459,"Mon Repos Public Road","East Coast Demerara Road (From Georgetown)","-58.0500","6.8000",,,9/1/2004 0:00:00,12/30/1899 17:45:00,"D- Property Damage","F- Driver",,"Male","K- Private Cars;V-Motor Cycle","P- Speeding",1.00
819,3892.00,"4- Demerara- Mahaica",459,"Mon Repos Access Road","East Coast Demerara Road (From Georgetown)","-58.0500","6.8000",,,9/5/2004 0:00:00,12/30/1899 19:30:00,"C- Minor Injury","E- Pedestrian",59.00,"Male","N- Pickup","R- Improper Overtaking",2.00
820,3893.00,"4- Demerara- Mahaica",453,"Success Public Road","East Coast Demerara Road (From Georgetown)","-58.0667","6.8167",,,9/5/2004 0:00:00,12/30/1899 19:00:00,"D- Property Damage","F- Driver",50.00,"Male","J- Minibus;Z- Animal Drawn","S- Driver's Negligence;Y-Animal",1.00
821,3894.00,"4- Demerara- Mahaica",459,"Mon Repos Public Road","East Coast Demerara Road (From Georgetown)","-58.0500","6.8000",,,9/7/2004 0:00:00,12/30/1899 8:15:00,"C- Minor Injury","F- Driver",35.00,"Male","K- Private Cars;V-Motor Cycle","R- Improper Overtaking",2.00
822,3895.00,"4- Demerara- Mahaica",455,"La Bonne Intention Public Road","East Coast Demerara Road (From Georgetown)","-58.0667","6.8167",,,9/18/2004 0:00:00,12/30/1899 23:30:00,"B- Serious Injury","F- Driver",49.00,"Male","K- Private Cars;W-Pedal Cycle","P- Speeding",2.00