"ID","Accident ID","Region Number","Corridor ID","Location (Intersection/Road/Street)","Corridor","Location- longitude/ X","Location- latitude/  Y","Mile Marker","Village","Date of Accident","Time of Accident","Type of Accident","Class of Road User","Age/DOB","Gender","Class of Vehicles Involved","Contributing Factor","Number of Persons Involved"
823,3896.00,"4- Demerara- Mahaica",455,"La Bonne Intention Public Road","East Coast Demerara Road (From Georgetown)","-58.0667","6.8167",,,9/26/2004 0:00:00,12/30/1899 12:45:00,"C- Minor Injury","F- Driver",40.00,"Male","J- Minibus;V-Motor Cycle","S- Driver's Negligence",2.00
824,3897.00,"4- Demerara- Mahaica",455,"La Bonne Intention Public Road","East Coast Demerara Road (From Georgetown)","-58.0667","6.8167",,,9/27/2004 0:00:00,12/30/1899 9:30:00,"D- Property Damage","F- Driver",,"Male","J- Minibus;K- Private Cars","S- Driver's Negligence",1.00
825,3898.00,"4- Demerara- Mahaica",455,"Third Street, La Bonne Intention Public Road","East Coast Demerara Road (From Georgetown)","-58.0667","6.8167",,,9/27/2004 0:00:00,12/30/1899 19:45:00,"A- Fatal","F- Driver",45.00,"Male","J- Minibus","S- Driver's Negligence",2.00
826,3899.00,"4- Demerara- Mahaica",459,"Mon Repos Public Road","East Coast Demerara Road (From Georgetown)","-58.0500","6.8000",,,9/25/2004 0:00:00,12/30/1899 4:45:00,"D- Property Damage","F- Driver",,"Male","N- Pickup","Y-Animal",1.00
827,3900.00,"4- Demerara- Mahaica",453,"Success Public Road","East Coast Demerara Road (From Georgetown)","-58.0667","6.8167",,,10/1/2004 0:00:00,12/30/1899 7:30:00,"D- Property Damage","F- Driver",,"Male","J- Minibus","R- Improper Overtaking",2.00
828,3901.00,"4- Demerara- Mahaica",455,"La Bonne Intention Public Road","East Coast Demerara Road (From Georgetown)","-58.0667","6.8167",,,10/10/2004 0:00:00,12/30/1899 8:00:00,"B- Serious Injury","G- Rider",26.00,"Male","K- Private Cars;W-Pedal Cycle","U- Cyclist's Negligence",2.00
829,3902.00,"4- Demerara- Mahaica",459,"Mon Repos Railway Embankment","East Coast Demerara Road (From Georgetown)","-58.0500","6.8000",,,10/11/2004 0:00:00,12/30/1899 9:45:00,"D- Property Damage","F- Driver",29.00,"Male","K- Private Cars;N- Pickup","P- Speeding",2.00
830,3903.00,"4- Demerara- Mahaica",459,"Mon Repos Public Road","East Coast Demerara Road (From Georgetown)","-58.0500","6.8000",,,10/9/2004 0:00:00,12/30/1899 10:00:00,"B- Serious Injury","F- Driver",34.00,"Male","K- Private Cars;L- Lorries Van","R- Improper Overtaking",2.00
831,3904.00,"4- Demerara- Mahaica",453,"Success Railway Embankment","East Coast Demerara Road (From Georgetown)","-58.0667","6.8167",,,10/12/2004 0:00:00,12/30/1899 13:30:00,"C- Minor Injury","F- Driver",49.00,"Male","J- Minibus;M- Hire Cars","R- Improper Overtaking",2.00
832,3905.00,"4- Demerara- Mahaica",455,"La Bonne Intention Public Road","East Coast Demerara Road (From Georgetown)","-58.0667","6.8167",,,10/12/2004 0:00:00,12/30/1899 19:15:00,"B- Serious Injury","E- Pedestrian",57.00,"Male","N- Pickup","S- Driver's Negligence",2.00
833,3906.00,"4- Demerara- Mahaica",455,"La Bonne Intention Public Road","East Coast Demerara Road (From Georgetown)","-58.0667","6.8167",,,10/16/2004 0:00:00,12/30/1899 18:00:00,"B- Serious Injury","F- Driver",32.00,"Male","L- Lorries Van;N- Pickup","P- Speeding",2.00
834,3907.00,"4- Demerara- Mahaica",453,"Success Public Road","East Coast Demerara Road (From Georgetown)","-58.0667","6.8167",,,10/18/2004 0:00:00,12/30/1899 10:30:00,"D- Property Damage","F- Driver",50.00,"Male","J- Minibus;K- Private Cars","S- Driver's Negligence",2.00
835,3908.00,"4- Demerara- Mahaica",459,"Mon Repos Public Road","East Coast Demerara Road (From Georgetown)","-58.0500","6.8000",,,10/23/2004 0:00:00,12/30/1899 23:30:00,"C- Minor Injury","G- Rider",48.00,"Female","V-Motor Cycle","P- Speeding",1.00
836,3909.00,"4- Demerara- Mahaica",457,"Beterverwagting Embankment","East Coast Demerara Road (From Georgetown)","-58.0667","6.8167",,,10/25/2004 0:00:00,12/30/1899 17:40:00,"B- Serious Injury","F- Driver",28.00,"Male","J- Minibus;V-Motor Cycle","S- Driver's Negligence",2.00
837,3910.00,"4- Demerara- Mahaica",454,"Chateau Margot Access","East Coast Demerara Road (From Georgetown)","-58.0667","6.8167",,,10/24/2004 0:00:00,12/30/1899 19:30:00,"D- Property Damage","F- Driver",43.00,"Male","L- Lorries Van;N- Pickup","O- Lost Control & Runoff",1.00
838,3911.00,"4- Demerara- Mahaica",457,"Beterverwagting Public Road","East Coast Demerara Road (From Georgetown)","-58.0667","6.8167",,,10/31/2004 0:00:00,12/30/1899 18:30:00,"D- Property Damage","F- Driver",25.00,"Male","K- Private Cars","S- Driver's Negligence",1.00
839,3912.00,"4- Demerara- Mahaica",453,"Success Public Road","East Coast Demerara Road (From Georgetown)","-58.0667","6.8167",,,10/31/2004 0:00:00,12/30/1899 19:30:00,"D- Property Damage","F- Driver",44.00,"Female","L- Lorries Van","P- Speeding",1.00
840,3913.00,"4- Demerara- Mahaica",459,"Mon Repos Public Road","East Coast Demerara Road (From Georgetown)","-58.0500","6.8000",,,11/6/2004 0:00:00,12/30/1899 14:00:00,"C- Minor Injury","F- Driver",30.00,"Male","K- Private Cars","S- Driver's Negligence",1.00
841,3914.00,"4- Demerara- Mahaica",459,"Mon Repos Public Road","East Coast Demerara Road (From Georgetown)","-58.0500","6.8000",,,11/12/2004 0:00:00,12/30/1899 18:05:00,"B- Serious Injury","E- Pedestrian",41.00,"Male","J- Minibus","T-Pedestrian's Negligence",1.00
842,3915.00,"4- Demerara- Mahaica",455,"La Bonne Intention Public Road","East Coast Demerara Road (From Georgetown)","-58.0667","6.8167",,,11/15/2004 0:00:00,12/30/1899 7:00:00,"D- Property Damage","F- Driver",32.00,"Male","J- Minibus","S- Driver's Negligence;Y-Animal",2.00
843,3916.00,"4- Demerara- Mahaica",455,"La Bonne Intention Public Road","East Coast Demerara Road (From Georgetown)","-58.0667","6.8167",,,11/13/2004 0:00:00,12/30/1899 13:30:00,"D- Property Damage","F- Driver",37.00,"Male","M- Hire Cars","S- Driver's Negligence",2.00
844,3917.00,"4- Demerara- Mahaica",458,"Agriculture Road Triumph","East Coast Demerara Road (From Georgetown)","-58.0500","6.8000",,,11/15/2004 0:00:00,12/30/1899 14:30:00,"D- Property Damage","F- Driver",36.00,"Male","K- Private Cars;M- Hire Cars","R- Improper Overtaking",2.00
845,3918.00,"4- Demerara- Mahaica",457,"Beterverwagting Public Road","East Coast Demerara Road (From Georgetown)","-58.0667","6.8167",,,11/26/2004 0:00:00,12/30/1899 15:00:00,"B- Serious Injury","E- Pedestrian",11.00,"Female","L- Lorries Van","P- Speeding;S- Driver's Negligence",2.00
846,3919.00,"4- Demerara- Mahaica",457,"Beterverwagting Public Road","East Coast Demerara Road (From Georgetown)","-58.0667","6.8167",,,11/26/2004 0:00:00,12/30/1899 16:15:00,"D- Property Damage","F- Driver",32.00,"Female","K- Private Cars;L- Lorries Van","P- Speeding",2.00
847,3920.00,"4- Demerara- Mahaica",455,"La Bonne Intention Public Road","East Coast Demerara Road (From Georgetown)","-58.0667","6.8167",,,11/21/2004 0:00:00,12/30/1899 18:40:00,"D- Property Damage","F- Driver",,"Male","K- Private Cars;N- Pickup","S- Driver's Negligence",2.00
848,3921.00,"4- Demerara- Mahaica",459,"Mon Repos Public Road","East Coast Demerara Road (From Georgetown)","-58.0500","6.8000",,,12/1/2004 0:00:00,12/30/1899 8:20:00,"C- Minor Injury","F- Driver",33.00,"Female","J- Minibus;L- Lorries Van","S- Driver's Negligence",2.00
849,3922.00,"4- Demerara- Mahaica",453,"Success Access Road","East Coast Demerara Road (From Georgetown)","-58.0667","6.8167",,,12/3/2004 0:00:00,12/30/1899 20:20:00,"D- Property Damage","F- Driver",47.00,"Male","J- Minibus;L- Lorries Van","P- Speeding",2.00
850,3923.00,"4- Demerara- Mahaica",459,"Agriculture Public Road","East Coast Demerara Road (From Georgetown)","-58.0500","6.8000",,,12/8/2004 0:00:00,12/30/1899 7:35:00,"D- Property Damage","F- Driver",48.00,"Male","L- Lorries Van;N- Pickup","S- Driver's Negligence",2.00
851,3924.00,"4- Demerara- Mahaica",459,"Mon Repos Public road","East Coast Demerara Road (From Georgetown)","-58.0500","6.8000",,,12/9/2004 0:00:00,12/30/1899 20:00:00,"C- Minor Injury","E- Pedestrian",33.00,"Male","V-Motor Cycle","T-Pedestrian's Negligence",2.00
852,3925.00,"4- Demerara- Mahaica",457,"Beterverwagting Public Road","East Coast Demerara Road (From Georgetown)","-58.0667","6.8167",,,12/10/2004 0:00:00,12/30/1899 7:30:00,"B- Serious Injury","F- Driver",25.00,"Male","V-Motor Cycle;X-Tractor","R- Improper Overtaking",2.00
853,3926.00,"4- Demerara- Mahaica",454,"Chateau Margot Public Road","East Coast Demerara Road (From Georgetown)","-58.0667","6.8167",,,12/13/2004 0:00:00,12/30/1899 21:50:00,"D- Property Damage","F- Driver",37.00,"Male","K- Private Cars;N- Pickup","S- Driver's Negligence",2.00
854,3927.00,"4- Demerara- Mahaica",458,"Triumph Public Road","East Coast Demerara Road (From Georgetown)","-58.0500","6.8000",,,12/15/2004 0:00:00,12/30/1899 11:30:00,"C- Minor Injury","F- Driver",43.00,"Male","J- Minibus;L- Lorries Van","R- Improper Overtaking",2.00
855,3928.00,"4- Demerara- Mahaica",455,"La Bonne Intention Public Road","East Coast Demerara Road (From Georgetown)","-58.0667","6.8167",,,12/19/2004 0:00:00,12/30/1899 1:45:00,"D- Property Damage","F- Driver",23.00,"Male","M- Hire Cars","S- Driver's Negligence;Y-Animal",2.00
856,3929.00,"4- Demerara- Mahaica",455,"La Bonne Intention Public Road","East Coast Demerara Road (From Georgetown)","-58.0667","6.8167",,,12/22/2004 0:00:00,12/30/1899 20:30:00,"B- Serious Injury","F- Driver",34.00,"Male","K- Private Cars","P- Speeding",2.00
857,3930.00,"4- Demerara- Mahaica",458,"Triumph Public Road","East Coast Demerara Road (From Georgetown)","-58.0500","6.8000",,,12/24/2004 0:00:00,12/30/1899 15:00:00,"D- Property Damage","F- Driver",22.00,"Male","K- Private Cars;L- Lorries Van","P- Speeding",1.00
858,3931.00,"4- Demerara- Mahaica",459,"Mon Repos Public Road","East Coast Demerara Road (From Georgetown)","-58.0500","6.8000",,,12/25/2004 0:00:00,12/30/1899 18:05:00,"B- Serious Injury","F- Driver",52.00,"Male","J- Minibus;W-Pedal Cycle","S- Driver's Negligence",2.00
859,3932.00,"4- Demerara- Mahaica",459,"Mon Repos Public Road","East Coast Demerara Road (From Georgetown)","-58.0500","6.8000",,,12/26/2004 0:00:00,12/30/1899 19:30:00,"B- Serious Injury","F- Driver",32.00,"Male","J- Minibus;W-Pedal Cycle","U- Cyclist's Negligence",2.00
860,3933.00,"4- Demerara- Mahaica",459,"Mon Repos Melsha Road","East Coast Demerara Road (From Georgetown)","-58.0500","6.8000",,,12/26/2004 0:00:00,12/30/1899 14:00:00,"D- Property Damage","F- Driver;G- Rider",43.00,"Male","M- Hire Cars;W-Pedal Cycle","S- Driver's Negligence",2.00
861,3934.00,"4- Demerara- Mahaica",459,"Mon Repos Railway Embankment","East Coast Demerara Road (From Georgetown)","-58.0500","6.8000",,,12/30/2004 0:00:00,12/30/1899 12:00:00,"C- Minor Injury","F- Driver",37.00,"Male","J- Minibus","S- Driver's Negligence;Y-Animal",2.00
862,3935.00,"4- Demerara- Mahaica",483,"Enmore Access Road","East Coast Demerara Road (From Georgetown)","-57.9833","6.7667",,,1/17/2002 0:00:00,12/30/1899 11:15:00,"D- Property Damage","F- Driver",25.00,"Male","K- Private Cars;W-Pedal Cycle","R- Improper Overtaking",2.00
863,4158.00,"4- Demerara- Mahaica",490,"Victoria Public Road","East Coast Demerara Road (From Georgetown)","-57.9667","6.7500",,,8/5/2010 0:00:00,12/30/1899 16:35:00,"D- Property Damage","F- Driver",31.00,"Male","K- Private Cars;L- Lorries Van","R- Improper Overtaking",2.00
864,4159.00,"4- Demerara- Mahaica",500,"Green Field Public Road","East Coast Demerara Road (From Georgetown)","-57.9333","6.7167",,,8/22/2010 0:00:00,12/30/1899 18:30:00,"B- Serious Injury","F- Driver",44.00,"Male","K- Private Cars;L- Lorries Van","S- Driver's Negligence",2.00
865,4160.00,"4- Demerara- Mahaica",500,"Green Field Public Road","East Coast Demerara Road (From Georgetown)","-57.9333","6.7167",,,8/26/2010 0:00:00,12/30/1899 17:10:00,"D- Property Damage","F- Driver",,"Male","J- Minibus;L- Lorries Van","R- Improper Overtaking",2.00
866,4161.00,"4- Demerara- Mahaica",500,"Green Field Public Road","East Coast Demerara Road (From Georgetown)","-57.9333","6.7167",,,8/26/2010 0:00:00,12/30/1899 17:10:00,"D- Property Damage","F- Driver",,"Male","J- Minibus;L- Lorries Van","R- Improper Overtaking",2.00
867,4162.00,"4- Demerara- Mahaica",485,"Golden Grove Public Road","East Coast Demerara Road (From Georgetown)","-57.9833","6.7500",,,8/26/2010 0:00:00,12/30/1899 17:30:00,"D- Property Damage","F- Driver",27.00,"Male","K- Private Cars","S- Driver's Negligence",3.00
868,4163.00,"4- Demerara- Mahaica",481,"Hope Public Road","East Coast Demerara Road (From Georgetown)","-57.9833","6.7667",,,8/29/2010 0:00:00,12/30/1899 18:30:00,"B- Serious Injury","F- Driver",34.00,"Male","K- Private Cars;L- Lorries Van;M- Hire Cars","R- Improper Overtaking;S- Driver's Negligence",3.00
869,4164.00,"4- Demerara- Mahaica",499,"Bee Hive Public Road","East Coast Demerara Road (From Georgetown)","-57.9500","6.7167",,,8/31/2010 0:00:00,12/30/1899 9:30:00,"D- Property Damage","F- Driver",49.00,"Male","K- Private Cars;L- Lorries Van","S- Driver's Negligence",2.00
870,4165.00,"4- Demerara- Mahaica",490,"Victoria Public Road","East Coast Demerara Road (From Georgetown)","-57.9667","6.7500",,,9/17/2010 0:00:00,12/30/1899 14:30:00,"B- Serious Injury","F- Driver",46.00,"Male","L- Lorries Van","T-Pedestrian's Negligence",2.00
871,4166.00,"4- Demerara- Mahaica",484,"Haslington Public Road","East Coast Demerara Road (From Georgetown)","-57.9833","6.7500",,,10/2/2010 0:00:00,12/30/1899 10:30:00,"B- Serious Injury","F- Driver",50.00,"Male","K- Private Cars","P- Speeding",2.00
872,4167.00,"4- Demerara- Mahaica",497,"Anns Grove Middlewalk","East Coast Demerara Road (From Georgetown)","-57.9500","6.7333",,,9/12/2010 0:00:00,12/30/1899 9:30:00,"C- Minor Injury","F- Driver",24.00,"Male","K- Private Cars","T-Pedestrian's Negligence",3.00
873,4168.00,"4- Demerara- Mahaica",483,"Enmore Estate Road","East Coast Demerara Road (From Georgetown)","-57.9833","6.7667",,,10/22/2010 0:00:00,12/30/1899 15:00:00,"C- Minor Injury","F- Driver",20.00,"Male","K- Private Cars","S- Driver's Negligence",2.00
874,4169.00,"4- Demerara- Mahaica",483,"Enmore Public Road","East Coast Demerara Road (From Georgetown)","-57.9833","6.7667",,,10/23/2010 0:00:00,12/30/1899 13:30:00,"C- Minor Injury","F- Driver",43.00,"Female","J- Minibus","P- Speeding",2.00
875,4170.00,"4- Demerara- Mahaica",483,"Enmore Public Road","East Coast Demerara Road (From Georgetown)","-57.9833","6.7667",,,10/28/2010 0:00:00,12/30/1899 20:30:00,"B- Serious Injury","F- Driver",51.00,"Male","J- Minibus;W-Pedal Cycle","U- Cyclist's Negligence",2.00
876,4171.00,"4- Demerara- Mahaica",499,"Bee Hive Public Road","East Coast Demerara Road (From Georgetown)","-57.9500","6.7167",,,11/14/2010 0:00:00,12/30/1899 20:00:00,"B- Serious Injury","F- Driver",66.00,"Male","L- Lorries Van","R- Improper Overtaking",2.00
877,4172.00,"4- Demerara- Mahaica",490,"Victoria Public Road","East Coast Demerara Road (From Georgetown)","-57.9667","6.7500",,,12/11/2010 0:00:00,12/30/1899 14:30:00,"C- Minor Injury","F- Driver",49.00,"Male","L- Lorries Van;M- Hire Cars","S- Driver's Negligence",2.00
878,4173.00,"4- Demerara- Mahaica",499,"Bee Hive Public Road","East Coast Demerara Road (From Georgetown)","-57.9500","6.7167",,,12/13/2010 0:00:00,12/30/1899 15:15:00,"C- Minor Injury","F- Driver",38.00,"Male","L- Lorries Van","S- Driver's Negligence",2.00
879,4174.00,"4- Demerara- Mahaica",488,"Cove and John Public Road","East Coast Demerara Road (From Georgetown)","-57.9833","6.7500",,,12/14/2010 0:00:00,12/30/1899 13:45:00,"C- Minor Injury","F- Driver",35.00,"Male","L- Lorries Van","Y-Animal",1.00
880,4175.00,"4- Demerara- Mahaica",488,"Cove and John Public Road","East Coast Demerara Road (From Georgetown)","-57.9833","6.7500",,,12/14/2010 0:00:00,12/30/1899 19:30:00,"C- Minor Injury","G- Rider",23.00,"Male","W-Pedal Cycle","T-Pedestrian's Negligence",2.00
881,4176.00,"4- Demerara- Mahaica",488,"Cove and John Public Road","East Coast Demerara Road (From Georgetown)","-57.9833","6.7500",,,12/15/2010 0:00:00,12/30/1899 2:00:00,"C- Minor Injury","F- Driver",,"Male","K- Private Cars","O- Lost Control & Runoff",2.00
882,4177.00,"4- Demerara- Mahaica",486,"Nabaclis Public Road","East Coast Demerara Road (From Georgetown)","-57.9833","6.7500",,,12/16/2010 0:00:00,12/30/1899 11:15:00,"B- Serious Injury","F- Driver",34.00,"Male","J- Minibus;W-Pedal Cycle","S- Driver's Negligence",2.00
883,4178.00,"4- Demerara- Mahaica",480,"Foulis Public Road","East Coast Demerara Road (From Georgetown)","-58.0000","6.7667",,,12/26/2010 0:00:00,12/30/1899 11:30:00,"C- Minor Injury","F- Driver",22.00,"Male","J- Minibus","Y-Animal",1.00
884,4179.00,"4- Demerara- Mahaica",480,"Foulis Public Road","East Coast Demerara Road (From Georgetown)","-58.0000","6.7667",,,12/27/2010 0:00:00,12/30/1899 15:30:00,"C- Minor Injury","G- Rider",42.00,"Male","V-Motor Cycle","T-Pedestrian's Negligence",2.00
885,4180.00,"4- Demerara- Mahaica",483,"Enmore Public Road","East Coast Demerara Road (From Georgetown)","-57.9833","6.7667",,,7/1/2011 0:00:00,12/30/1899 14:30:00,"A- Fatal","F- Driver",67.00,"Male","N- Pickup","O- Lost Control & Runoff;P- Speeding",2.00
886,4181.00,"4- Demerara- Mahaica",483,"Enmore Public Road","East Coast Demerara Road (From Georgetown)","-57.9833","6.7667",,,7/16/2011 0:00:00,12/30/1899 19:30:00,"D- Property Damage","F- Driver",56.00,"Male","J- Minibus;K- Private Cars","P- Speeding",2.00
887,4182.00,"4- Demerara- Mahaica",480,"Foulis Public Road","East Coast Demerara Road (From Georgetown)","-58.0000","6.7667",,,8/27/2011 0:00:00,12/30/1899 11:30:00,"B- Serious Injury","F- Driver",53.00,"Male","J- Minibus;L- Lorries Van","S- Driver's Negligence",2.00
888,4183.00,"4- Demerara- Mahaica",488,"Cove and John Public Road","East Coast Demerara Road (From Georgetown)","-57.9833","6.7500",,,8/27/2011 0:00:00,12/30/1899 20:30:00,"D- Property Damage","F- Driver",24.00,"Male","K- Private Cars","P- Speeding;S- Driver's Negligence",2.00
889,4184.00,"4- Demerara- Mahaica",480,"Foulis Public Road","East Coast Demerara Road (From Georgetown)","-58.0000","6.7667",,,9/6/2011 0:00:00,12/30/1899 10:00:00,"D- Property Damage","F- Driver",30.00,"Male","K- Private Cars","S- Driver's Negligence",1.00
890,4185.00,"4- Demerara- Mahaica",499,"Bee Hive Public Road","East Coast Demerara Road (From Georgetown)","-57.9500","6.7167",,,9/12/2011 0:00:00,12/30/1899 8:55:00,"D- Property Damage","F- Driver",23.00,"Male","J- Minibus;K- Private Cars","O- Lost Control & Runoff;P- Speeding",2.00
891,4186.00,"4- Demerara- Mahaica",491,"Belfield Public Raod","East Coast Demerara Road (From Georgetown)","-57.9667","6.7333",,,10/10/2011 0:00:00,12/30/1899 15:20:00,"B- Serious Injury","F- Driver",34.00,"Female","K- Private Cars","T-Pedestrian's Negligence",2.00
892,4187.00,"4- Demerara- Mahaica",480,"Foulis Access Road","East Coast Demerara Road (From Georgetown)","-58.0000","6.7667",,,10/16/2011 0:00:00,12/30/1899 17:20:00,"B- Serious Injury","F- Driver",21.00,"Female","K- Private Cars","S- Driver's Negligence",2.00
893,4188.00,"4- Demerara- Mahaica",484,"Haslington Public Road","East Coast Demerara Road (From Georgetown)","-57.9833","6.7500",,,11/29/2011 0:00:00,12/30/1899 20:30:00,"B- Serious Injury","G- Rider",73.00,"Male","V-Motor Cycle","T-Pedestrian's Negligence",2.00
894,4189.00,"4- Demerara- Mahaica",485,"Golden Grove Public Road","East Coast Demerara Road (From Georgetown)","-57.9833","6.7500",,,11/3/2011 0:00:00,12/30/1899 12:45:00,"D- Property Damage","F- Driver",,"Male","K- Private Cars","S- Driver's Negligence",1.00
895,4190.00,"4- Demerara- Mahaica",488,"Cove And John Public Road","East Coast Demerara Road (From Georgetown)","-57.9833","6.7500",,,11/28/2011 0:00:00,12/30/1899 2:25:00,"D- Property Damage","F- Driver",34.00,"Male","L- Lorries Van","Y-Animal",1.00
896,4191.00,"4- Demerara- Mahaica",484,"HaslingtonAccess Road","East Coast Demerara Road (From Georgetown)","-57.9833","6.7500",,,11/24/2011 0:00:00,12/30/1899 14:30:00,"C- Minor Injury","F- Driver",18.00,"Male","K- Private Cars","T-Pedestrian's Negligence",2.00
897,4192.00,"4- Demerara- Mahaica",488,"Cove and John Public Road","East Coast Demerara Road (From Georgetown)","-57.9833","6.7500",,,12/20/2011 0:00:00,12/30/1899 10:00:00,"D- Property Damage","F- Driver",53.00,"Male","K- Private Cars;N- Pickup","R- Improper Overtaking",2.00
898,4193.00,"4- Demerara- Mahaica",485,"Golden Grove Public Road","East Coast Demerara Road (From Georgetown)","-57.9833","6.7500",,,12/27/2011 0:00:00,12/30/1899 21:30:00,"B- Serious Injury","F- Driver",22.00,"Male","K- Private Cars;W-Pedal Cycle","S- Driver's Negligence",2.00
899,4194.00,"4- Demerara- Mahaica",490,"Victoria Public Road","East Coast Demerara Road (From Georgetown)","-57.9667","6.7500",,,1/29/2012 0:00:00,12/30/1899 23:15:00,"C- Minor Injury","F- Driver",,"Male","K- Private Cars","Q- Alcohol",2.00
900,3936.00,"4- Demerara- Mahaica",483,"Enmore Access Road","East Coast Demerara Road (From Georgetown)","-57.9833","6.7667",,,1/18/2002 0:00:00,12/30/1899 14:30:00,"D- Property Damage","F- Driver",45.00,"Male","J- Minibus;L- Lorries Van","S- Driver's Negligence",2.00
901,3937.00,"4- Demerara- Mahaica",483,"Enmore Public Road","East Coast Demerara Road (From Georgetown)","-57.9833","6.7667",,,1/27/2002 0:00:00,12/30/1899 13:15:00,"C- Minor Injury","F- Driver",46.00,"Male","J- Minibus;W-Pedal Cycle","S- Driver's Negligence",3.00
902,3938.00,"4- Demerara- Mahaica",483,"Enmore Public Road","East Coast Demerara Road (From Georgetown)","-57.9833","6.7667",,,2/2/2002 0:00:00,12/30/1899 14:40:00,"D- Property Damage","F- Driver",55.00,"Male","K- Private Cars","Y-Animal",1.00
903,3939.00,"4- Demerara- Mahaica",483,"Enmore Railway Embankment","East Coast Demerara Road (From Georgetown)","-57.9833","6.7667",,,2/2/2002 0:00:00,12/30/1899 18:00:00,"A- Fatal","G- Rider",27.00,"Male","V-Motor Cycle;W-Pedal Cycle","U- Cyclist's Negligence",2.00
904,3940.00,"4- Demerara- Mahaica",483,"Enmore Public Road","East Coast Demerara Road (From Georgetown)","-57.9833","6.7667",,,2/12/2002 0:00:00,12/30/1899 10:30:00,"D- Property Damage","F- Driver",37.00,"Male","K- Private Cars;N- Pickup","P- Speeding",4.00
905,3941.00,"4- Demerara- Mahaica",479,"Paradise Railway Embankment","East Coast Demerara Road (From Georgetown)","-58.0000","6.7667",,,2/12/2002 0:00:00,12/30/1899 15:00:00,"A- Fatal","F- Driver",34.00,"Male","J- Minibus","P- Speeding;R- Improper Overtaking",2.00
906,3942.00,"4- Demerara- Mahaica",480,"Foulis Access Road","East Coast Demerara Road (From Georgetown)","-58.0000","6.7667",,,3/2/2002 0:00:00,12/30/1899 17:00:00,"C- Minor Injury","F- Driver",42.00,"Male","M- Hire Cars","T-Pedestrian's Negligence",2.00
907,3943.00,"4- Demerara- Mahaica",480,"Foulis Railway Embankment","East Coast Demerara Road (From Georgetown)","-58.0000","6.7667",,,3/11/2002 0:00:00,12/30/1899 7:45:00,"D- Property Damage","F- Driver",43.00,"Male","J- Minibus","R- Improper Overtaking",1.00
908,3944.00,"4- Demerara- Mahaica",483,"Enmore Estate Access Road","East Coast Demerara Road (From Georgetown)","-57.9833","6.7667",,,3/22/2002 0:00:00,12/30/1899 10:30:00,"B- Serious Injury","F- Driver",27.00,"Male","L- Lorries Van","S- Driver's Negligence",2.00
909,3945.00,"4- Demerara- Mahaica",483,"Enmore Railway Embankment","East Coast Demerara Road (From Georgetown)","-57.9833","6.7667",,,3/21/2002 0:00:00,12/30/1899 14:30:00,"C- Minor Injury","G- Rider",61.00,"Female","W-Pedal Cycle","T-Pedestrian's Negligence",2.00
910,3946.00,"4- Demerara- Mahaica",483,"Enmore Public Road","East Coast Demerara Road (From Georgetown)","-57.9833","6.7667",,,6/7/2002 0:00:00,12/30/1899 17:50:00,"B- Serious Injury","F- Driver",52.00,"Male","J- Minibus;K- Private Cars","R- Improper Overtaking",2.00
911,3947.00,"4- Demerara- Mahaica",483,"Enmore Public Road","East Coast Demerara Road (From Georgetown)","-57.9833","6.7667",,,6/20/0200 0:00:00,12/30/1899 11:30:00,"B- Serious Injury","F- Driver",26.00,"Male","M- Hire Cars;W-Pedal Cycle","U- Cyclist's Negligence",2.00
912,3948.00,"4- Demerara- Mahaica",483,"Enmore Public Road","East Coast Demerara Road (From Georgetown)","-57.9833","6.7667",,,7/29/2002 0:00:00,12/30/1899 19:10:00,"D- Property Damage","F- Driver",,"Male","J- Minibus","Y-Animal",1.00
913,3949.00,"4- Demerara- Mahaica",480,"Foulis Pubic Road","East Coast Demerara Road (From Georgetown)","-58.0000","6.7667",,,8/10/2002 0:00:00,12/30/1899 17:30:00,"B- Serious Injury","F- Driver",43.00,"Male","L- Lorries Van;W-Pedal Cycle","S- Driver's Negligence;T-Pedestrian's Negligence",2.00
914,3950.00,"4- Demerara- Mahaica",483,"Enmore Access Road","East Coast Demerara Road (From Georgetown)","-57.9833","6.7667",,,1/17/2003 0:00:00,12/30/1899 10:00:00,"C- Minor Injury","F- Driver",29.00,"Male","K- Private Cars;W-Pedal Cycle","S- Driver's Negligence;T-Pedestrian's Negligence",2.00