"ID","Accident ID","Region Number","Corridor ID","Location (Intersection/Road/Street)","Corridor","Location- longitude/ X","Location- latitude/  Y","Mile Marker","Village","Date of Accident","Time of Accident","Type of Accident","Class of Road User","Age/DOB","Gender","Class of Vehicles Involved","Contributing Factor","Number of Persons Involved"
915,3951.00,"4- Demerara- Mahaica",483,"Beezie Access Road Enmore","East Coast Demerara Road (From Georgetown)","-57.9833","6.7667",,,1/17/2003 0:00:00,12/30/1899 17:30:00,"D- Property Damage","F- Driver",,"Male","K- Private Cars;L- Lorries Van","R- Improper Overtaking",1.00
916,3952.00,"4- Demerara- Mahaica",486,"Nabaclis Public Road","East Coast Demerara Road (From Georgetown)","-57.9833","6.7500",,,4/5/2003 0:00:00,12/30/1899 3:15:00,"B- Serious Injury","F- Driver",53.00,"Male","K- Private Cars;L- Lorries Van","S- Driver's Negligence",2.00
917,3953.00,"4- Demerara- Mahaica",488,"Cove and John Public Road","East Coast Demerara Road (From Georgetown)","-57.9833","6.7500",,,6/26/2003 0:00:00,12/30/1899 12:15:00,"D- Property Damage","F- Driver",50.00,"Male","J- Minibus;L- Lorries Van","P- Speeding;S- Driver's Negligence",2.00
918,3954.00,"4- Demerara- Mahaica",484,"Haslington Public Road","East Coast Demerara Road (From Georgetown)","-57.9833","6.7500",,,8/25/2003 0:00:00,12/30/1899 6:00:00,"C- Minor Injury","F- Driver",20.00,"Male","M- Hire Cars","P- Speeding",2.00
919,3955.00,"4- Demerara- Mahaica",483,"Enmore Public Road","East Coast Demerara Road (From Georgetown)","-57.9833","6.7667",,,12/15/2003 0:00:00,12/30/1899 19:15:00,"B- Serious Injury","F- Driver",43.00,"Male","K- Private Cars","T-Pedestrian's Negligence",2.00
920,3956.00,"4- Demerara- Mahaica",483,"Enmore Public Road","East Coast Demerara Road (From Georgetown)","-57.9833","6.7667",,,1/26/2004 0:00:00,12/30/1899 15:15:00,"B- Serious Injury","F- Driver",39.00,"Male","L- Lorries Van","R- Improper Overtaking",2.00
921,3957.00,"4- Demerara- Mahaica",483,"Enmore Railway Embankment","East Coast Demerara Road (From Georgetown)","-57.9833","6.7667",,,1/6/2004 0:00:00,12/30/1899 9:55:00,"D- Property Damage","F- Driver",25.00,"Male","N- Pickup;W-Pedal Cycle","S- Driver's Negligence",2.00
922,3958.00,"4- Demerara- Mahaica",483,"Enmore Public Road","East Coast Demerara Road (From Georgetown)","-57.9833","6.7667",,,1/26/2004 0:00:00,12/30/1899 18:30:00,"D- Property Damage","F- Driver",52.00,"Male","M- Hire Cars","Y-Animal",1.00
923,3959.00,"4- Demerara- Mahaica",483,"Enmore Access Road","East Coast Demerara Road (From Georgetown)","-57.9833","6.7667",,,1/28/2004 0:00:00,12/30/1899 9:30:00,"D- Property Damage","F- Driver",29.00,"Male","J- Minibus","Y-Animal",1.00
924,3960.00,"4- Demerara- Mahaica",483,"Enmore Railway Embankment","East Coast Demerara Road (From Georgetown)","-57.9833","6.7667",,,2/26/2004 0:00:00,12/30/1899 16:50:00,"C- Minor Injury","F- Driver",,"Male","L- Lorries Van;W-Pedal Cycle","S- Driver's Negligence",2.00
925,3961.00,"4- Demerara- Mahaica",480,"Foulis Access Road","East Coast Demerara Road (From Georgetown)","-58.0000","6.7667",,,3/7/2004 0:00:00,12/30/1899 15:00:00,"C- Minor Injury","F- Driver",25.00,"Male","K- Private Cars","P- Speeding",2.00
926,3962.00,"4- Demerara- Mahaica",483,"Enmore Public Road","East Coast Demerara Road (From Georgetown)","-57.9833","6.7667",,,6/26/2004 0:00:00,12/30/1899 18:40:00,"C- Minor Injury","F- Driver",36.00,"Male","J- Minibus;W-Pedal Cycle","P- Speeding;S- Driver's Negligence",2.00
927,3963.00,"4- Demerara- Mahaica",484,"Haslington Public Road","East Coast Demerara Road (From Georgetown)","-57.9833","6.7500",,,8/8/2004 0:00:00,12/30/1899 17:45:00,"C- Minor Injury","F- Driver",29.00,"Male","J- Minibus","S- Driver's Negligence",2.00
928,3964.00,"4- Demerara- Mahaica",483,"Enmore Foulis Railway Embankments","East Coast Demerara Road (From Georgetown)","-57.9833","6.7667",,,11/21/2004 0:00:00,12/30/1899 10:30:00,"B- Serious Injury","F- Driver",,"Male","N- Pickup","P- Speeding;S- Driver's Negligence",2.00
929,3965.00,"4- Demerara- Mahaica",500,"Green Field Public Road","East Coast Demerara Road (From Georgetown)","-57.9333","6.7167",,,11/28/2004 0:00:00,12/30/1899 10:30:00,"B- Serious Injury","F- Driver",48.00,"Male","K- Private Cars;W-Pedal Cycle","U- Cyclist's Negligence",2.00
930,3966.00,"4- Demerara- Mahaica",483,"Enmore Access Road","East Coast Demerara Road (From Georgetown)","-57.9833","6.7667",,,12/1/2004 0:00:00,12/30/1899 13:45:00,"B- Serious Injury","F- Driver",25.00,"Male","K- Private Cars","R- Improper Overtaking",1.00
931,3967.00,"4- Demerara- Mahaica",483,"Enmore Public Road","East Coast Demerara Road (From Georgetown)","-57.9833","6.7667",,,12/31/2004 0:00:00,12/30/1899 1:30:00,"D- Property Damage","F- Driver",,"Male","N- Pickup","Y-Animal",1.00
932,3968.00,"4- Demerara- Mahaica",500,"Green Field Public Road","East Coast Demerara Road (From Georgetown)","-57.9333","6.7167",,,3/16/2004 0:00:00,12/30/1899 12:40:00,"D- Property Damage","F- Driver",33.00,"Male","J- Minibus;K- Private Cars","P- Speeding",2.00
933,3969.00,"4- Demerara- Mahaica",481,"Hope Public Road","East Coast Demerara Road (From Georgetown)","-57.9833","6.7667",,,9/8/2006 0:00:00,12/30/1899 13:45:00,"B- Serious Injury","F- Driver",25.00,"Male","K- Private Cars","O- Lost Control & Runoff",1.00
934,3970.00,"4- Demerara- Mahaica",485,"Golden Grove Public Road","East Coast Demerara Road (From Georgetown)","-57.9833","6.7500",,,9/8/2006 0:00:00,12/30/1899 15:30:00,"B- Serious Injury","F- Driver",39.00,"Male","K- Private Cars;M- Hire Cars","S- Driver's Negligence",2.00
935,3971.00,"4- Demerara- Mahaica",488,"Cove and John Public Road","East Coast Demerara Road (From Georgetown)","-57.9833","6.7500",,,9/12/2006 0:00:00,12/30/1899 8:45:00,"D- Property Damage","F- Driver",41.00,"Male","J- Minibus;K- Private Cars","P- Speeding;S- Driver's Negligence",2.00
936,3972.00,"4- Demerara- Mahaica",481,"Hope Public Road","East Coast Demerara Road (From Georgetown)","-57.9833","6.7667",,,9/19/2006 0:00:00,12/30/1899 16:40:00,"D- Property Damage","F- Driver",58.00,"Male","L- Lorries Van","S- Driver's Negligence",2.00
937,3973.00,"4- Demerara- Mahaica",481,"Hope Public Road","East Coast Demerara Road (From Georgetown)","-57.9833","6.7667",,,9/24/2006 0:00:00,12/30/1899 19:45:00,"B- Serious Injury","F- Driver",25.00,"Male","K- Private Cars","S- Driver's Negligence",2.00
938,3974.00,"4- Demerara- Mahaica",479,"Paradise Public Road","East Coast Demerara Road (From Georgetown)","-58.0000","6.7667",,,9/26/2006 0:00:00,12/30/1899 12:40:00,"C- Minor Injury","F- Driver",26.00,"Female","L- Lorries Van;W-Pedal Cycle","U- Cyclist's Negligence",2.00
939,3975.00,"4- Demerara- Mahaica",501,"Orange Nassaa Public Road","East Coast Demerara Road (From Georgetown)","-57.9333","6.7167",,,10/7/2006 0:00:00,12/30/1899 8:00:00,"C- Minor Injury","F- Driver",29.00,"Male","J- Minibus;K- Private Cars","R- Improper Overtaking;S- Driver's Negligence",2.00
940,3976.00,"4- Demerara- Mahaica",484,"Haslington Public Road","East Coast Demerara Road (From Georgetown)","-57.9833","6.7500",,,10/12/2006 0:00:00,12/30/1899 7:50:00,"D- Property Damage","F- Driver",,"Male","J- Minibus;L- Lorries Van","R- Improper Overtaking",2.00
941,3977.00,"4- Demerara- Mahaica",490,"Victoria Public Road","East Coast Demerara Road (From Georgetown)","-57.9667","6.7500",,,10/19/2006 0:00:00,12/30/1899 19:30:00,"D- Property Damage","F- Driver",34.00,"Male","M- Hire Cars","R- Improper Overtaking",2.00
942,3978.00,"4- Demerara- Mahaica",488,"Cove and John Public Road","East Coast Demerara Road (From Georgetown)","-57.9833","6.7500",,,10/22/2006 0:00:00,12/30/1899 18:50:00,"D- Property Damage","F- Driver",23.00,"Male","K- Private Cars","P- Speeding;S- Driver's Negligence",2.00
943,3979.00,"4- Demerara- Mahaica",490,"Victoria Public Road","East Coast Demerara Road (From Georgetown)","-57.9667","6.7500",,,10/26/2006 0:00:00,12/30/1899 12:05:00,"C- Minor Injury","F- Driver",48.00,"Female","K- Private Cars;W-Pedal Cycle","S- Driver's Negligence",2.00
944,3980.00,"4- Demerara- Mahaica",479,"Paradise Railway Embankment","East Coast Demerara Road (From Georgetown)","-58.0000","6.7667",,,10/29/2006 0:00:00,12/30/1899 15:30:00,"A- Fatal","G- Rider",31.00,"Male","V-Motor Cycle;W-Pedal Cycle","U- Cyclist's Negligence",2.00
945,3981.00,"4- Demerara- Mahaica",483,"Enmore Public Road","East Coast Demerara Road (From Georgetown)","-57.9833","6.7667",,,10/28/2006 0:00:00,12/30/1899 13:00:00,"B- Serious Injury","F- Driver",32.00,"Male","K- Private Cars;W-Pedal Cycle","S- Driver's Negligence;U- Cyclist's Negligence",2.00
946,3982.00,"4- Demerara- Mahaica",488,"Cove and John Public Road","East Coast Demerara Road (From Georgetown)","-57.9833","6.7500",,,10/29/2006 0:00:00,12/30/1899 22:20:00,"B- Serious Injury","F- Driver",33.00,"Male","K- Private Cars;W-Pedal Cycle","U- Cyclist's Negligence",2.00
947,3983.00,"4- Demerara- Mahaica",490,"Victoria Public Road","East Coast Demerara Road (From Georgetown)","-57.9667","6.7500",,,10/19/2006 0:00:00,12/30/1899 19:30:00,"D- Property Damage","F- Driver",34.00,"Male","M- Hire Cars","R- Improper Overtaking",2.00
948,3984.00,"4- Demerara- Mahaica",479,"Paradise Railway Embankment","East Coast Demerara Road (From Georgetown)","-58.0000","6.7667",,,10/29/2006 0:00:00,12/30/1899 15:30:00,"A- Fatal","G- Rider",31.00,"Male","V-Motor Cycle;W-Pedal Cycle","U- Cyclist's Negligence",2.00
949,3985.00,"4- Demerara- Mahaica",483,"Enmore Public Road","East Coast Demerara Road (From Georgetown)","-57.9833","6.7667",,,10/28/2006 0:00:00,12/30/1899 13:00:00,"B- Serious Injury","F- Driver",32.00,"Male","K- Private Cars;W-Pedal Cycle","S- Driver's Negligence;U- Cyclist's Negligence",2.00
950,3986.00,"4- Demerara- Mahaica",488,"Cove and John Public Road","East Coast Demerara Road (From Georgetown)","-57.9833","6.7500",,,10/29/2006 0:00:00,12/30/1899 22:20:00,"B- Serious Injury","F- Driver",33.00,"Male","K- Private Cars;W-Pedal Cycle","U- Cyclist's Negligence",23.00
951,3987.00,"4- Demerara- Mahaica",481,"Hope West School Road","East Coast Demerara Road (From Georgetown)","-57.9833","6.7667",,,11/8/2006 0:00:00,12/30/1899 12:45:00,"C- Minor Injury","F- Driver",45.00,"Male","K- Private Cars;W-Pedal Cycle","S- Driver's Negligence",2.00
952,3988.00,"4- Demerara- Mahaica",488,"Cove and John Public Road","East Coast Demerara Road (From Georgetown)","-57.9833","6.7500",,,11/10/2006 0:00:00,12/30/1899 6:00:00,"D- Property Damage","F- Driver",43.00,"Male","J- Minibus;N- Pickup","R- Improper Overtaking",2.00
953,3989.00,"4- Demerara- Mahaica",481,"Hope Public Road","East Coast Demerara Road (From Georgetown)","-57.9833","6.7667",,,11/15/2006 0:00:00,12/30/1899 16:30:00,"C- Minor Injury",,33.00,"Male","J- Minibus;L- Lorries Van","S- Driver's Negligence",2.00
954,3990.00,"4- Demerara- Mahaica",485,"Golden Grove Public Road","East Coast Demerara Road (From Georgetown)","-57.9833","6.7500",,,11/17/2006 0:00:00,12/30/1899 22:45:00,"B- Serious Injury","F- Driver",43.00,"Male","L- Lorries Van","T-Pedestrian's Negligence",2.00
955,3991.00,"4- Demerara- Mahaica",483,"Enmore Public Road","East Coast Demerara Road (From Georgetown)","-57.9833","6.7667",,,11/20/2006 0:00:00,12/30/1899 7:25:00,"D- Property Damage","F- Driver",54.00,"Male","K- Private Cars;M- Hire Cars","R- Improper Overtaking",2.00
956,3992.00,"4- Demerara- Mahaica",483,"Enmore Public Road","East Coast Demerara Road (From Georgetown)","-57.9833","6.7667",,,11/18/2006 0:00:00,12/30/1899 14:00:00,"C- Minor Injury","G- Rider",11.00,"Male","V-Motor Cycle;W-Pedal Cycle","U- Cyclist's Negligence",2.00
957,3993.00,"4- Demerara- Mahaica",481,"Hope West Access Road","East Coast Demerara Road (From Georgetown)","-57.9833","6.7667",,,11/26/2006 0:00:00,12/30/1899 1:00:00,"A- Fatal","G- Rider",27.00,"Male","V-Motor Cycle","O- Lost Control & Runoff",2.00
958,3994.00,"4- Demerara- Mahaica",479,"Paradise Public Road","East Coast Demerara Road (From Georgetown)","-58.0000","6.7667",,,11/26/2006 0:00:00,12/30/1899 17:30:00,"B- Serious Injury","G- Rider",27.00,"Male","V-Motor Cycle","U- Cyclist's Negligence",2.00
959,3995.00,"4- Demerara- Mahaica",500,"Greenfield Public Road","East Coast Demerara Road (From Georgetown)","-57.9333","6.7167",,,12/7/2006 0:00:00,12/30/1899 6:30:00,"B- Serious Injury","F- Driver",52.00,"Male","K- Private Cars;N- Pickup","S- Driver's Negligence",2.00
960,3996.00,"4- Demerara- Mahaica",497,"Anns Grove Public Road","East Coast Demerara Road (From Georgetown)","-57.9500","6.7333",,,12/11/2006 0:00:00,12/30/1899 10:30:00,"D- Property Damage","F- Driver",24.00,"Male","L- Lorries Van;M- Hire Cars","P- Speeding;R- Improper Overtaking",2.00
961,3997.00,"4- Demerara- Mahaica",479,"Paradise Public Road","East Coast Demerara Road (From Georgetown)","-58.0000","6.7667",,,12/12/2006 0:00:00,12/30/1899 16:30:00,"D- Property Damage","F- Driver",33.00,"Male","J- Minibus","Y-Animal",1.00
962,3998.00,"4- Demerara- Mahaica",480,"Foulis Public Road","East Coast Demerara Road (From Georgetown)","-58.0000","6.7667",,,12/17/2006 0:00:00,12/30/1899 6:30:00,"C- Minor Injury","F- Driver",,"Male","J- Minibus;K- Private Cars","P- Speeding",2.00
963,3999.00,"4- Demerara- Mahaica",483,"Enmore Public Road","East Coast Demerara Road (From Georgetown)","-57.9833","6.7667",,,12/19/2006 0:00:00,12/30/1899 16:30:00,"C- Minor Injury","G- Rider",35.00,"Male","M- Hire Cars;V-Motor Cycle","R- Improper Overtaking",2.00
964,4000.00,"4- Demerara- Mahaica",488,"Cove and John Public Road","East Coast Demerara Road (From Georgetown)","-57.9833","6.7500",,,12/25/2006 0:00:00,12/30/1899 19:10:00,"A- Fatal","F- Driver",25.00,"Male",,"P- Speeding",2.00
965,4001.00,"4- Demerara- Mahaica",488,"Cove and John Public Road","East Coast Demerara Road (From Georgetown)","-57.9833","6.7500",,,1/14/2007 0:00:00,12/30/1899 20:20:00,"B- Serious Injury","F- Driver",27.00,"Male","J- Minibus","P- Speeding",2.00
966,4002.00,"4- Demerara- Mahaica",490,"Victoria Public Road","East Coast Demerara Road (From Georgetown)","-57.9667","6.7500",,,1/12/2007 0:00:00,12/30/1899 9:00:00,"D- Property Damage","F- Driver",25.00,"Male","J- Minibus;L- Lorries Van","S- Driver's Negligence",2.00
967,4003.00,"4- Demerara- Mahaica",486,"Nabaclis Public Road","East Coast Demerara Road (From Georgetown)","-57.9833","6.7500",,,1/22/2007 0:00:00,12/30/1899 9:30:00,"D- Property Damage","F- Driver",,"Male","K- Private Cars;L- Lorries Van","R- Improper Overtaking",3.00
968,4004.00,"4- Demerara- Mahaica",500,"Green Field Public Road","East Coast Demerara Road (From Georgetown)","-57.9333","6.7167",,,1/27/2007 0:00:00,12/30/1899 17:50:00,"D- Property Damage","F- Driver",,"Male","K- Private Cars;M- Hire Cars","P- Speeding",2.00
969,4005.00,"4- Demerara- Mahaica",501,"Orange Nassa Road","East Coast Demerara Road (From Georgetown)","-57.9333","6.7167",,,1/27/2007 0:00:00,12/30/1899 20:00:00,"D- Property Damage","F- Driver",59.00,"Male","K- Private Cars","S- Driver's Negligence",2.00
970,4006.00,"4- Demerara- Mahaica",490,"Victoria Public Road","East Coast Demerara Road (From Georgetown)","-57.9667","6.7500",,,2/16/2007 0:00:00,12/30/1899 15:45:00,"B- Serious Injury","F- Driver",44.00,"Male","N- Pickup","T-Pedestrian's Negligence",2.00
971,4007.00,"4- Demerara- Mahaica",485,"Golden Grove Public Road","East Coast Demerara Road (From Georgetown)","-57.9833","6.7500",,,2/16/2007 0:00:00,12/30/1899 18:30:00,"C- Minor Injury","G- Rider",15.00,"Male","J- Minibus;K- Private Cars;V-Motor Cycle","S- Driver's Negligence;U- Cyclist's Negligence",3.00
972,4008.00,"4- Demerara- Mahaica",480,"Foulis Public Road","East Coast Demerara Road (From Georgetown)","-58.0000","6.7667",,,2/18/2007 0:00:00,12/30/1899 12:03:00,"B- Serious Injury","G- Rider",53.00,"Male","J- Minibus;V-Motor Cycle","P- Speeding;S- Driver's Negligence",2.00
973,4009.00,"4- Demerara- Mahaica",479,"Paradise Railway Embankment","East Coast Demerara Road (From Georgetown)","-58.0000","6.7667",,,2/18/2007 0:00:00,12/30/1899 17:30:00,"B- Serious Injury","F- Driver",35.00,"Female","J- Minibus;W-Pedal Cycle","P- Speeding",2.00
974,4010.00,"4- Demerara- Mahaica",483,"Enmore Public Road","East Coast Demerara Road (From Georgetown)","-57.9833","6.7667",,,2/26/2007 0:00:00,12/30/1899 11:15:00,"B- Serious Injury","F- Driver",59.00,"Male","J- Minibus","P- Speeding;U- Cyclist's Negligence",2.00
975,4011.00,"4- Demerara- Mahaica",492,"Nootenzuil Public Road","East Coast Demerara Road (From Georgetown)","-57.9667","6.7333",,,3/1/2007 0:00:00,12/30/1899 11:45:00,"D- Property Damage","F- Driver",27.00,"Male","L- Lorries Van","R- Improper Overtaking",2.00
976,4012.00,"4- Demerara- Mahaica",490,"Victoria Public Road","East Coast Demerara Road (From Georgetown)","-57.9667","6.7500",,,3/30/2007 0:00:00,12/30/1899 10:20:00,"D- Property Damage","F- Driver",,"Male","K- Private Cars;M- Hire Cars","P- Speeding",2.00
977,4013.00,"4- Demerara- Mahaica",486,"Nabaclis Public Road","East Coast Demerara Road (From Georgetown)","-57.9833","6.7500",,,4/7/2007 0:00:00,12/30/1899 10:20:00,"C- Minor Injury","G- Rider",37.00,"Male","M- Hire Cars;W-Pedal Cycle","P- Speeding;U- Cyclist's Negligence",2.00
978,4014.00,"4- Demerara- Mahaica",481,"Hope Public Road","East Coast Demerara Road (From Georgetown)","-57.9833","6.7667",,,4/9/2007 0:00:00,12/30/1899 19:00:00,"D- Property Damage","F- Driver",47.00,"Male","K- Private Cars;N- Pickup","P- Speeding;S- Driver's Negligence",2.00
979,4015.00,"4- Demerara- Mahaica",499,"Bee Hive Public Road","East Coast Demerara Road (From Georgetown)","-57.9500","6.7167",,,4/20/2007 0:00:00,12/30/1899 12:30:00,"A- Fatal","F- Driver",43.00,"Female","L- Lorries Van","T-Pedestrian's Negligence",2.00
980,4016.00,"4- Demerara- Mahaica",495,"Dutch Four Public Road","East Coast Demerara Road (From Georgetown)","-57.9167","6.6333",,,4/20/2007 0:00:00,12/30/1899 18:30:00,"C- Minor Injury","F- Driver",,"Female","J- Minibus","P- Speeding;S- Driver's Negligence;Y-Animal",2.00
981,4017.00,"4- Demerara- Mahaica",484,"Haslington Public Road","East Coast Demerara Road (From Georgetown)","-57.9833","6.7500",,,5/9/2007 0:00:00,12/30/1899 12:30:00,"B- Serious Injury","F- Driver",27.00,"Male","K- Private Cars;V-Motor Cycle","R- Improper Overtaking",2.00
982,4018.00,"4- Demerara- Mahaica",497,"Anns Grove Public Road","East Coast Demerara Road (From Georgetown)","-57.9500","6.7333",,,5/10/2007 0:00:00,12/30/1899 12:30:00,"A- Fatal","F- Driver",23.00,"Male","M- Hire Cars;W-Pedal Cycle","U- Cyclist's Negligence",2.00
983,4019.00,"4- Demerara- Mahaica",490,"Victoria Public Road","East Coast Demerara Road (From Georgetown)","-57.9667","6.7500",,,5/13/2007 0:00:00,12/30/1899 12:45:00,"D- Property Damage","F- Driver",32.00,"Male","J- Minibus;K- Private Cars","O- Lost Control & Runoff;S- Driver's Negligence",2.00
984,4020.00,"4- Demerara- Mahaica",485,"Golden Grove Public Road","East Coast Demerara Road (From Georgetown)","-57.9833","6.7500",,,5/17/2007 0:00:00,12/30/1899 8:50:00,"B- Serious Injury","G- Rider",30.00,"Male","V-Motor Cycle;W-Pedal Cycle","P- Speeding;U- Cyclist's Negligence",2.00
985,4021.00,"4- Demerara- Mahaica",490,"Victoria Public Road","East Coast Demerara Road (From Georgetown)","-57.9667","6.7500",,,6/17/2007 0:00:00,12/30/1899 20:30:00,"B- Serious Injury","F- Driver",26.00,"Male","J- Minibus","P- Speeding;S- Driver's Negligence",2.00
986,4022.00,"4- Demerara- Mahaica",480,"Foulis Raliway Embankment","East Coast Demerara Road (From Georgetown)","-58.0000","6.7667",,,6/21/2007 0:00:00,12/30/1899 9:00:00,"D- Property Damage","F- Driver",37.00,"Male","K- Private Cars;W-Pedal Cycle","U- Cyclist's Negligence",2.00
987,4023.00,"4- Demerara- Mahaica",499,"Bee Hive Public Road","East Coast Demerara Road (From Georgetown)","-57.9500","6.7167",,,6/20/2007 0:00:00,12/30/1899 7:45:00,"D- Property Damage","F- Driver",32.00,"Male","J- Minibus",,2.00
988,4024.00,"4- Demerara- Mahaica",497,"Anns Grove Public Road","East Coast Demerara Road (From Georgetown)","-57.9500","6.7333",,,7/1/2007 0:00:00,12/30/1899 20:00:00,"B- Serious Injury","F- Driver",48.00,"Male","K- Private Cars;W-Pedal Cycle","R- Improper Overtaking;S- Driver's Negligence",2.00
989,4025.00,"4- Demerara- Mahaica",488,"Cove and John Public Road","East Coast Demerara Road (From Georgetown)","-57.9833","6.7500",,,7/8/2007 0:00:00,12/30/1899 9:00:00,"D- Property Damage","F- Driver",50.00,"Male","J- Minibus","P- Speeding",2.00
990,4026.00,"4- Demerara- Mahaica",495,"Dutch Four Public Road","East Coast Demerara Road (From Georgetown)","-57.9167","6.6333",,,7/8/2007 0:00:00,12/30/1899 21:15:00,"B- Serious Injury","F- Driver",24.00,"Male","V-Motor Cycle","S- Driver's Negligence",1.00
991,4027.00,"4- Demerara- Mahaica",483,"Enmore Public Road","East Coast Demerara Road (From Georgetown)","-57.9833","6.7667",,,7/16/2007 0:00:00,12/30/1899 11:45:00,"B- Serious Injury","F- Driver",37.00,"Male","J- Minibus;W-Pedal Cycle","S- Driver's Negligence;U- Cyclist's Negligence",2.00
992,4028.00,"4- Demerara- Mahaica",488,"Cove and John Public Road","East Coast Demerara Road (From Georgetown)","-57.9833","6.7500",,,8/13/2007 0:00:00,12/30/1899 10:20:00,"A- Fatal","F- Driver",,"Male","J- Minibus;M- Hire Cars","P- Speeding;S- Driver's Negligence",2.00
993,4029.00,"4- Demerara- Mahaica",483,"Enmore Access Road","East Coast Demerara Road (From Georgetown)","-57.9833","6.7667",,,8/17/2007 0:00:00,12/30/1899 11:15:00,"D- Property Damage","F- Driver",32.00,"Male","J- Minibus","R- Improper Overtaking;S- Driver's Negligence",2.00
994,4030.00,"4- Demerara- Mahaica",483,"Logwood Enmore Public Road","East Coast Demerara Road (From Georgetown)","-57.9833","6.7667",,,8/18/2007 0:00:00,12/30/1899 1:15:00,"B- Serious Injury","F- Driver",,,"K- Private Cars","S- Driver's Negligence",1.00
995,4031.00,"4- Demerara- Mahaica",492,"Nootenzuil Public Road","East Coast Demerara Road (From Georgetown)","-57.9667","6.7333",,,8/21/2007 0:00:00,12/30/1899 18:20:00,"C- Minor Injury","F- Driver",,"Male","K- Private Cars;W-Pedal Cycle","S- Driver's Negligence;U- Cyclist's Negligence",2.00
996,4032.00,"4- Demerara- Mahaica",488,"Cove and John Public Road","East Coast Demerara Road (From Georgetown)","-57.9833","6.7500",,,8/19/2007 0:00:00,12/30/1899 20:15:00,"C- Minor Injury","F- Driver",20.00,"Male","M- Hire Cars","Y-Animal",1.00
997,4033.00,"4- Demerara- Mahaica",484,"Haslington Public Road","East Coast Demerara Road (From Georgetown)","-57.9833","6.7500",,,8/30/2007 0:00:00,12/30/1899 17:48:00,"D- Property Damage","F- Driver",40.00,"Male","J- Minibus;M- Hire Cars","S- Driver's Negligence",2.00
998,4034.00,"4- Demerara- Mahaica",486,"Nabaclis Public Road","East Coast Demerara Road (From Georgetown)","-57.9833","6.7500",,,8/23/2007 0:00:00,12/30/1899 17:48:00,"B- Serious Injury","F- Driver",32.00,"Male","J- Minibus;W-Pedal Cycle","S- Driver's Negligence;U- Cyclist's Negligence",2.00
999,4035.00,"4- Demerara- Mahaica",483,"Enmore Public Road","East Coast Demerara Road (From Georgetown)","-57.9833","6.7667",,,9/2/2007 0:00:00,12/30/1899 5:30:00,"D- Property Damage","F- Driver",,"Male","N- Pickup","Y-Animal",1.00
1000,4036.00,"4- Demerara- Mahaica",484,"Haslington Public Road","East Coast Demerara Road (From Georgetown)","-57.9833","6.7500",,,9/14/2007 0:00:00,12/30/1899 18:45:00,"D- Property Damage","F- Driver",22.00,"Male","K- Private Cars;L- Lorries Van","P- Speeding;R- Improper Overtaking",2.00
1001,4037.00,"4- Demerara- Mahaica",481,"Hope Railway Embankment","East Coast Demerara Road (From Georgetown)","-57.9833","6.7667",,,9/20/2007 0:00:00,12/30/1899 9:00:00,"B- Serious Injury","F- Driver",39.00,"Male","J- Minibus","P- Speeding;U- Cyclist's Negligence",2.00
1002,4038.00,"4- Demerara- Mahaica",483,"Enmore Access Road","East Coast Demerara Road (From Georgetown)","-57.9833","6.7667",,,11/5/2007 0:00:00,12/30/1899 16:30:00,"B- Serious Injury","F- Driver",60.00,"Male","K- Private Cars","S- Driver's Negligence;T-Pedestrian's Negligence",2.00
1003,4039.00,"4- Demerara- Mahaica",481,"Hope Public Road","East Coast Demerara Road (From Georgetown)","-57.9833","6.7667",,,11/12/2007 0:00:00,12/30/1899 23:00:00,"A- Fatal","F- Driver",40.00,"Male","J- Minibus","P- Speeding;R- Improper Overtaking;S- Driver's Negligence",1.00
1004,4040.00,"4- Demerara- Mahaica",481,"Hope Public Road","East Coast Demerara Road (From Georgetown)","-57.9833","6.7667",,,11/17/2007 0:00:00,12/30/1899 19:00:00,"B- Serious Injury","F- Driver",42.00,"Male","N- Pickup","O- Lost Control & Runoff;P- Speeding",1.00