"ID","Accident ID","Region Number","Corridor ID","Location (Intersection/Road/Street)","Corridor","Location- longitude/ X","Location- latitude/  Y","Mile Marker","Village","Date of Accident","Time of Accident","Type of Accident","Class of Road User","Age/DOB","Gender","Class of Vehicles Involved","Contributing Factor","Number of Persons Involved"
1005,4041.00,"4- Demerara- Mahaica",497,"Anns Grove Public Road","East Coast Demerara Road (From Georgetown)","-57.9500","6.7333",,,11/16/2007 0:00:00,12/30/1899 6:15:00,"A- Fatal","F- Driver",41.00,"Male","K- Private Cars;W-Pedal Cycle","U- Cyclist's Negligence",2.00
1006,4042.00,"4- Demerara- Mahaica",483,"Enmore Public Road","East Coast Demerara Road (From Georgetown)","-57.9833","6.7667",,,11/25/2007 0:00:00,12/30/1899 15:00:00,"B- Serious Injury","F- Driver",47.00,"Male","K- Private Cars;V-Motor Cycle","S- Driver's Negligence",2.00
1007,4043.00,"4- Demerara- Mahaica",483,"Enmore Public Road","East Coast Demerara Road (From Georgetown)","-57.9833","6.7667",,,11/30/2007 0:00:00,12/30/1899 18:15:00,"D- Property Damage","F- Driver",68.00,"Male","K- Private Cars;V-Motor Cycle","S- Driver's Negligence",2.00
1008,4044.00,"4- Demerara- Mahaica",480,"Foulis Public Road","East Coast Demerara Road (From Georgetown)","-58.0000","6.7667",,,12/7/2007 0:00:00,12/30/1899 16:00:00,"B- Serious Injury","F- Driver",21.00,"Male","J- Minibus;K- Private Cars","O- Lost Control & Runoff;P- Speeding",2.00
1009,4045.00,"4- Demerara- Mahaica",483,"Enmore Public Road","East Coast Demerara Road (From Georgetown)","-57.9833","6.7667",,,12/14/2007 0:00:00,12/30/1899 11:30:00,"C- Minor Injury","F- Driver",39.00,"Male","L- Lorries Van","S- Driver's Negligence",2.00
1010,4046.00,"4- Demerara- Mahaica",485,"Golden Grove Access Road","East Coast Demerara Road (From Georgetown)","-57.9833","6.7500",,,1/5/2007 0:00:00,12/30/1899 18:15:00,"D- Property Damage","F- Driver",47.00,"Male","K- Private Cars;L- Lorries Van","R- Improper Overtaking",2.00
1011,4047.00,"4- Demerara- Mahaica",490,"Victoria Public Road","East Coast Demerara Road (From Georgetown)","-57.9667","6.7500",,,1/7/2007 0:00:00,12/30/1899 11:30:00,"D- Property Damage","F- Driver",37.00,"Male","N- Pickup","S- Driver's Negligence",1.00
1012,4048.00,"4- Demerara- Mahaica",483,"Enmore Hope Access Road","East Coast Demerara Road (From Georgetown)","-57.9833","6.7667",,,1/12/2008 0:00:00,12/30/1899 8:30:00,"C- Minor Injury","F- Driver",33.00,"Female","N- Pickup","S- Driver's Negligence;T-Pedestrian's Negligence",2.00
1013,4049.00,"4- Demerara- Mahaica",497,"Anns Grove Access Road","East Coast Demerara Road (From Georgetown)","-57.9500","6.7333",,,1/21/2008 0:00:00,12/30/1899 14:40:00,"C- Minor Injury","F- Driver",49.00,"Male","J- Minibus","T-Pedestrian's Negligence",2.00
1014,4050.00,"4- Demerara- Mahaica",483,"Enmore Access Road","East Coast Demerara Road (From Georgetown)","-57.9833","6.7667",,,2/4/2008 0:00:00,12/30/1899 15:50:00,"D- Property Damage","F- Driver",36.00,"Male","J- Minibus;Z- Animal Drawn","S- Driver's Negligence",2.00
1015,4051.00,"4- Demerara- Mahaica",483,"Enmore Access Road","East Coast Demerara Road (From Georgetown)","-57.9833","6.7667",,,2/13/2008 0:00:00,12/30/1899 17:30:00,"C- Minor Injury","F- Driver",23.00,"Male","K- Private Cars","S- Driver's Negligence",2.00
1016,4052.00,"4- Demerara- Mahaica",483,"Enmore Railway Embankment","East Coast Demerara Road (From Georgetown)","-57.9833","6.7667",,,2/19/2008 0:00:00,12/30/1899 19:45:00,"B- Serious Injury","F- Driver",35.00,"Male","K- Private Cars","S- Driver's Negligence",2.00
1017,4053.00,"4- Demerara- Mahaica",491,"Belfield Public Road","East Coast Demerara Road (From Georgetown)","-57.9667","6.7333",,,3/1/2008 0:00:00,12/30/1899 17:30:00,"C- Minor Injury","F- Driver",23.00,"Male","K- Private Cars;L- Lorries Van","R- Improper Overtaking",2.00
1018,4054.00,"4- Demerara- Mahaica",492,"Nootenzuil Public Road","East Coast Demerara Road (From Georgetown)","-57.9667","6.7333",,,3/10/2008 0:00:00,12/30/1899 11:00:00,"D- Property Damage","F- Driver",40.00,"Male","J- Minibus;K- Private Cars","P- Speeding;R- Improper Overtaking;S- Driver's Negligence",2.00
1019,4055.00,"4- Demerara- Mahaica",485,"Golden Grove Access Road","East Coast Demerara Road (From Georgetown)","-57.9833","6.7500",,,,12/30/1899 15:20:00,"C- Minor Injury","F- Driver",25.00,"Male","M- Hire Cars;V-Motor Cycle","O- Lost Control & Runoff",2.00
1020,4056.00,"4- Demerara- Mahaica",485,"Golden Grove Public Road","East Coast Demerara Road (From Georgetown)","-57.9833","6.7500",,,3/31/2008 0:00:00,12/30/1899 23:00:00,"D- Property Damage","F- Driver",36.00,"Male","K- Private Cars","S- Driver's Negligence",2.00
1021,4057.00,"4- Demerara- Mahaica",499,"Bee Hive Public Road","East Coast Demerara Road (From Georgetown)","-57.9500","6.7167",,,4/1/2008 0:00:00,12/30/1899 12:00:00,"D- Property Damage","F- Driver",20.00,"Male","K- Private Cars","Y-Animal",1.00
1022,4058.00,"4- Demerara- Mahaica",481,"Hope Public Road","East Coast Demerara Road (From Georgetown)","-57.9833","6.7667",,,4/8/2008 0:00:00,12/30/1899 10:00:00,"C- Minor Injury","F- Driver",53.00,"Male","J- Minibus;K- Private Cars","P- Speeding",2.00
1023,4059.00,"4- Demerara- Mahaica",480,"Foulis Public Road","East Coast Demerara Road (From Georgetown)","-58.0000","6.7667",,,4/13/2008 0:00:00,12/30/1899 23:15:00,"B- Serious Injury","G- Rider",,"Male","V-Motor Cycle","O- Lost Control & Runoff",1.00
1024,4060.00,"4- Demerara- Mahaica",499,"Bee Hive Public Road","East Coast Demerara Road (From Georgetown)","-57.9500","6.7167",,,4/28/2008 0:00:00,12/30/1899 19:15:00,"A- Fatal","F- Driver",34.00,"Male","J- Minibus;L- Lorries Van","P- Speeding;R- Improper Overtaking;S- Driver's Negligence",2.00
1025,4061.00,"4- Demerara- Mahaica",483,"Enmore Public Road","East Coast Demerara Road (From Georgetown)","-57.9833","6.7667",,,4/7/2008 0:00:00,12/30/1899 12:30:00,"B- Serious Injury","F- Driver",57.00,"Female","K- Private Cars","S- Driver's Negligence",2.00
1026,4062.00,"4- Demerara- Mahaica",491,"Belfield Public Road","East Coast Demerara Road (From Georgetown)","-57.9667","6.7333",,,5/13/2008 0:00:00,12/30/1899 15:00:00,"B- Serious Injury","F- Driver",27.00,"Male","L- Lorries Van;M- Hire Cars","O- Lost Control & Runoff;R- Improper Overtaking",2.00
1027,4063.00,"4- Demerara- Mahaica",499,"Bee Hive Public Road","East Coast Demerara Road (From Georgetown)","-57.9500","6.7167",,,5/16/2008 0:00:00,12/30/1899 11:00:00,"B- Serious Injury","F- Driver",49.00,"Male","K- Private Cars;M- Hire Cars;N- Pickup","P- Speeding",4.00
1028,4064.00,"4- Demerara- Mahaica",483,"Enmore Railway Embankment","East Coast Demerara Road (From Georgetown)","-57.9833","6.7667",,,6/2/2008 0:00:00,12/30/1899 17:15:00,"B- Serious Injury","F- Driver",19.00,"Male","L- Lorries Van;W-Pedal Cycle","S- Driver's Negligence;U- Cyclist's Negligence",2.00
1029,4065.00,"4- Demerara- Mahaica",490,"Victoria Public Road","East Coast Demerara Road (From Georgetown)","-57.9667","6.7500",,,6/5/2008 0:00:00,12/30/1899 17:10:00,"D- Property Damage","F- Driver",26.00,"Male","J- Minibus;N- Pickup","S- Driver's Negligence",2.00
1030,4066.00,"4- Demerara- Mahaica",483,"Enmore Access Road","East Coast Demerara Road (From Georgetown)","-57.9833","6.7667",,,6/5/2008 0:00:00,12/30/1899 12:00:00,"D- Property Damage","F- Driver",20.00,"Male","K- Private Cars","P- Speeding;S- Driver's Negligence",1.00
1031,4067.00,"4- Demerara- Mahaica",500,"Green Field Public Road","East Coast Demerara Road (From Georgetown)","-57.9333","6.7167",,,6/6/2008 0:00:00,12/30/1899 16:45:00,"D- Property Damage","F- Driver",36.00,"Male","K- Private Cars;L- Lorries Van","S- Driver's Negligence",2.00
1032,4068.00,"4- Demerara- Mahaica",483,"Enmore Public Road","East Coast Demerara Road (From Georgetown)","-57.9833","6.7667",,,6/9/2008 0:00:00,12/30/1899 13:30:00,"D- Property Damage","F- Driver",32.00,"Male","J- Minibus;Z- Animal Drawn","S- Driver's Negligence",2.00
1033,4069.00,"4- Demerara- Mahaica",495,"Dutch Four Public Road","East Coast Demerara Road (From Georgetown)","-57.9167","6.6333",,,6/14/2008 0:00:00,12/30/1899 8:45:00,"B- Serious Injury","F- Driver",37.00,"Male","K- Private Cars;W-Pedal Cycle","R- Improper Overtaking",2.00
1034,4070.00,"4- Demerara- Mahaica",490,"Victoria Public Road","East Coast Demerara Road (From Georgetown)","-57.9667","6.7500",,,6/15/2008 0:00:00,12/30/1899 20:40:00,"C- Minor Injury","F- Driver",,"Male","J- Minibus;W-Pedal Cycle","U- Cyclist's Negligence",2.00
1035,4071.00,"4- Demerara- Mahaica",484,"Haslington Public Road","East Coast Demerara Road (From Georgetown)","-57.9833","6.7500",,,7/26/2008 0:00:00,12/30/1899 3:45:00,"C- Minor Injury","F- Driver",37.00,"Male","K- Private Cars;V-Motor Cycle","S- Driver's Negligence",2.00
1036,4072.00,"4- Demerara- Mahaica",501,"Orange Nassan Public Road","East Coast Demerara Road (From Georgetown)","-57.9333","6.7167",,,7/27/2008 0:00:00,12/30/1899 21:15:00,"B- Serious Injury","F- Driver",47.00,"Male","K- Private Cars;N- Pickup","P- Speeding",2.00
1037,4073.00,"4- Demerara- Mahaica",488,"Cove and John Public Road","East Coast Demerara Road (From Georgetown)","-57.9833","6.7500",,,8/4/2008 0:00:00,12/30/1899 19:00:00,"D- Property Damage","F- Driver",27.00,"Male","J- Minibus;L- Lorries Van","S- Driver's Negligence",2.00
1038,4074.00,"4- Demerara- Mahaica",484,"Haslington Public Road","East Coast Demerara Road (From Georgetown)","-57.9833","6.7500",,,8/7/2008 0:00:00,12/30/1899 13:55:00,"C- Minor Injury","F- Driver",39.00,"Male","N- Pickup;W-Pedal Cycle","U- Cyclist's Negligence",2.00
1039,4075.00,"4- Demerara- Mahaica",481,"Hope Public Road","East Coast Demerara Road (From Georgetown)","-57.9833","6.7667",,,8/11/2008 0:00:00,12/30/1899 23:45:00,"D- Property Damage","F- Driver",36.00,"Male","K- Private Cars;M- Hire Cars","P- Speeding",2.00
1040,4076.00,"4- Demerara- Mahaica",483,"Enmore Access Road","East Coast Demerara Road (From Georgetown)","-57.9833","6.7667",,,8/22/2008 0:00:00,12/30/1899 16:10:00,"D- Property Damage","F- Driver",29.00,"Male","J- Minibus;K- Private Cars","R- Improper Overtaking",2.00
1041,4077.00,"4- Demerara- Mahaica",497,"Anns Grove Public Road","East Coast Demerara Road (From Georgetown)","-57.9500","6.7333",,,8/22/2008 0:00:00,12/30/1899 16:10:00,"D- Property Damage","F- Driver",29.00,"Male","J- Minibus;K- Private Cars","R- Improper Overtaking",2.00
1042,4078.00,"4- Demerara- Mahaica",490,"Victoria Public Road","East Coast Demerara Road (From Georgetown)","-57.9667","6.7500",,,9/11/2008 0:00:00,12/30/1899 7:15:00,"B- Serious Injury","F- Driver",37.00,"Male","J- Minibus;V-Motor Cycle","O- Lost Control & Runoff",2.00
1043,4079.00,"4- Demerara- Mahaica",479,"Paradise Public Road","East Coast Demerara Road (From Georgetown)","-58.0000","6.7667",,,9/13/2008 0:00:00,12/30/1899 16:30:00,"D- Property Damage","F- Driver",55.00,"Male","J- Minibus;L- Lorries Van","S- Driver's Negligence",2.00
1044,4080.00,"4- Demerara- Mahaica",480,"Foulis Public Road","East Coast Demerara Road (From Georgetown)","-58.0000","6.7667",,,9/20/2008 0:00:00,12/30/1899 2:30:00,"C- Minor Injury","F- Driver",25.00,"Male","K- Private Cars","R- Improper Overtaking",1.00
1045,4081.00,"4- Demerara- Mahaica",481,"Hope Public Road","East Coast Demerara Road (From Georgetown)","-57.9833","6.7667",,,9/21/2008 0:00:00,12/30/1899 2:15:00,"B- Serious Injury","F- Driver",31.00,"Male","N- Pickup;V-Motor Cycle","P- Speeding",2.00
1046,4082.00,"4- Demerara- Mahaica",497,"Anns Grove Public Road","East Coast Demerara Road (From Georgetown)","-57.9500","6.7333",,,9/27/2008 0:00:00,12/30/1899 21:15:00,"B- Serious Injury","F- Driver",26.00,"Male","K- Private Cars;M- Hire Cars","S- Driver's Negligence",2.00
1047,4083.00,"4- Demerara- Mahaica",483,"Enmore Public Road","East Coast Demerara Road (From Georgetown)","-57.9833","6.7667",,,10/4/2008 0:00:00,12/30/1899 1:45:00,"C- Minor Injury","F- Driver",27.00,"Male","J- Minibus;K- Private Cars","S- Driver's Negligence",2.00
1048,4084.00,"4- Demerara- Mahaica",481,"Hope Public Road","East Coast Demerara Road (From Georgetown)","-57.9833","6.7667",,,10/5/2008 0:00:00,12/30/1899 12:30:00,"B- Serious Injury","F- Driver",48.00,"Male","M- Hire Cars","O- Lost Control & Runoff",1.00
1049,4085.00,"4- Demerara- Mahaica",497,"Anns Grove Public Road","East Coast Demerara Road (From Georgetown)","-57.9500","6.7333",,,10/9/2008 0:00:00,12/30/1899 10:30:00,"C- Minor Injury","F- Driver",20.00,"Male","J- Minibus;L- Lorries Van","S- Driver's Negligence",2.00
1050,4086.00,"4- Demerara- Mahaica",483,"Enmore Railway Embankment","East Coast Demerara Road (From Georgetown)","-57.9833","6.7667",,,10/10/2008 0:00:00,12/30/1899 19:40:00,"B- Serious Injury","F- Driver",21.00,"Male","M- Hire Cars;W-Pedal Cycle","R- Improper Overtaking",2.00
1051,4087.00,"4- Demerara- Mahaica",497,"Anns Grove Access Road","East Coast Demerara Road (From Georgetown)","-57.9500","6.7333",,,10/12/2008 0:00:00,12/30/1899 16:45:00,"C- Minor Injury","F- Driver",35.00,"Male","M- Hire Cars;W-Pedal Cycle","S- Driver's Negligence",2.00
1052,4088.00,"4- Demerara- Mahaica",501,"Orange Nassan Public Road","East Coast Demerara Road (From Georgetown)","-57.9333","6.7167",,,10/13/2008 0:00:00,12/30/1899 14:45:00,"C- Minor Injury","F- Driver",38.00,"Male","K- Private Cars;W-Pedal Cycle","U- Cyclist's Negligence",2.00
1053,4089.00,"4- Demerara- Mahaica",483,"Enmore Railway Embankment","East Coast Demerara Road (From Georgetown)","-57.9833","6.7667",,,10/19/2008 0:00:00,12/30/1899 19:00:00,"A- Fatal","F- Driver",30.00,"Male","J- Minibus","P- Speeding;T-Pedestrian's Negligence",2.00
1054,4090.00,"4- Demerara- Mahaica",497,"Anns Grove Public Road","East Coast Demerara Road (From Georgetown)","-57.9500","6.7333",,,11/7/2008 0:00:00,12/30/1899 19:30:00,"D- Property Damage","F- Driver",32.00,"Male","K- Private Cars","S- Driver's Negligence",2.00
1055,4091.00,"4- Demerara- Mahaica",497,"Anns Grove Public Road","East Coast Demerara Road (From Georgetown)","-57.9500","6.7333",,,11/23/2008 0:00:00,12/30/1899 20:30:00,"B- Serious Injury","F- Driver",21.00,"Male","K- Private Cars","O- Lost Control & Runoff",2.00
1056,4092.00,"4- Demerara- Mahaica",492,"Hope Nootenzuil","East Coast Demerara Road (From Georgetown)","-57.9667","6.7333",,,12/6/2008 0:00:00,12/30/1899 20:15:00,"C- Minor Injury","F- Driver",50.00,"Male","L- Lorries Van;M- Hire Cars","R- Improper Overtaking",3.00
1057,4093.00,"4- Demerara- Mahaica",485,"Golden Grove Public Road","East Coast Demerara Road (From Georgetown)","-57.9833","6.7500",,,12/2/2008 0:00:00,12/30/1899 8:30:00,"D- Property Damage","F- Driver",,"Male","K- Private Cars;L- Lorries Van","S- Driver's Negligence",2.00
1058,4094.00,"4- Demerara- Mahaica",483,"Enmore Public Road","East Coast Demerara Road (From Georgetown)","-57.9833","6.7667",,,12/13/2008 0:00:00,12/30/1899 22:40:00,"A- Fatal","F- Driver",27.00,"Female","K- Private Cars;M- Hire Cars","P- Speeding",2.00
1059,4095.00,"4- Demerara- Mahaica",490,"Victoria Public Road","East Coast Demerara Road (From Georgetown)","-57.9667","6.7500",,,12/15/2008 0:00:00,12/30/1899 22:00:00,"B- Serious Injury","F- Driver",28.00,"Male","J- Minibus;L- Lorries Van","S- Driver's Negligence",2.00
1060,4096.00,"4- Demerara- Mahaica",485,"Golden Grove Public Road","East Coast Demerara Road (From Georgetown)","-57.9833","6.7500",,,12/23/2008 0:00:00,12/30/1899 18:30:00,"B- Serious Injury","F- Driver",34.00,"Female","K- Private Cars;V-Motor Cycle","U- Cyclist's Negligence",2.00
1061,4097.00,"4- Demerara- Mahaica",497,"Anns Grove Access Road","East Coast Demerara Road (From Georgetown)","-57.9500","6.7333",,,12/25/2008 0:00:00,12/30/1899 21:00:00,"C- Minor Injury","F- Driver",38.00,"Male","J- Minibus","T-Pedestrian's Negligence",2.00
1062,4098.00,"4- Demerara- Mahaica",486,"Nabaclis Public Road","East Coast Demerara Road (From Georgetown)","-57.9833","6.7500",,,1/5/2009 0:00:00,12/30/1899 15:30:00,"D- Property Damage","F- Driver",36.00,"Male","K- Private Cars","R- Improper Overtaking",2.00
1063,4099.00,"4- Demerara- Mahaica",483,"Enmore Access Road","East Coast Demerara Road (From Georgetown)","-57.9833","6.7667",,,1/26/2009 0:00:00,12/30/1899 16:10:00,"C- Minor Injury","F- Driver",36.00,"Male","J- Minibus;W-Pedal Cycle","U- Cyclist's Negligence",2.00
1064,4100.00,"4- Demerara- Mahaica",483,"Enmore Public Road","East Coast Demerara Road (From Georgetown)","-57.9833","6.7667",,,2/2/2009 0:00:00,12/30/1899 20:00:00,"B- Serious Injury","F- Driver",22.00,"Male","M- Hire Cars","T-Pedestrian's Negligence",2.00
1065,4101.00,"4- Demerara- Mahaica",497,"Anns Grove Public Road","East Coast Demerara Road (From Georgetown)","-57.9500","6.7333",,,2/19/2009 0:00:00,12/30/1899 10:00:00,"D- Property Damage","F- Driver",60.00,"Male","K- Private Cars;L- Lorries Van","S- Driver's Negligence",2.00
1066,4102.00,"4- Demerara- Mahaica",488,"Cove and John Public Road","East Coast Demerara Road (From Georgetown)","-57.9833","6.7500",,,2/28/2009 0:00:00,12/30/1899 20:45:00,"A- Fatal","F- Driver",44.00,"Male","J- Minibus;V-Motor Cycle","P- Speeding",2.00
1067,4103.00,"4- Demerara- Mahaica",485,"Golden Grove Public Road","East Coast Demerara Road (From Georgetown)","-57.9833","6.7500",,,3/3/2009 0:00:00,12/30/1899 10:00:00,"B- Serious Injury","F- Driver",44.00,"Male","N- Pickup","T-Pedestrian's Negligence",2.00
1068,4104.00,"4- Demerara- Mahaica",481,"Hope Public Road","East Coast Demerara Road (From Georgetown)","-57.9833","6.7667",,,3/10/2009 0:00:00,12/30/1899 19:15:00,"C- Minor Injury","F- Driver",33.00,"Male","K- Private Cars;N- Pickup","S- Driver's Negligence",2.00
1069,4105.00,"4- Demerara- Mahaica",500,"Green Field Public Road","East Coast Demerara Road (From Georgetown)","-57.9333","6.7167",,,3/2/2009 0:00:00,12/30/1899 3:30:00,"D- Property Damage","F- Driver",41.00,"Male","J- Minibus;K- Private Cars","S- Driver's Negligence",2.00
1070,4106.00,"4- Demerara- Mahaica",484,"Haslington Public Road","East Coast Demerara Road (From Georgetown)","-57.9833","6.7500",,,3/12/2009 0:00:00,12/30/1899 11:42:00,"D- Property Damage","F- Driver",,"Male","M- Hire Cars","P- Speeding",2.00
1071,4107.00,"4- Demerara- Mahaica",488,"Cove and John Public Road","East Coast Demerara Road (From Georgetown)","-57.9833","6.7500",,,3/20/2009 0:00:00,12/30/1899 8:00:00,"B- Serious Injury","F- Driver",26.00,"Male","J- Minibus;W-Pedal Cycle","U- Cyclist's Negligence",2.00
1072,4108.00,"4- Demerara- Mahaica",495,"Dutch Four Public Road","East Coast Demerara Road (From Georgetown)","-57.9167","6.6333",,,4/9/2009 0:00:00,12/30/1899 12:45:00,"D- Property Damage","F- Driver",53.00,"Male","J- Minibus","Y-Animal",1.00
1073,4109.00,"4- Demerara- Mahaica",500,"Green Field Public Road","East Coast Demerara Road (From Georgetown)","-57.9333","6.7167",,,4/12/2009 0:00:00,12/30/1899 11:15:00,"D- Property Damage","F- Driver",34.00,"Male","K- Private Cars;V-Motor Cycle","S- Driver's Negligence",2.00
1074,4110.00,"4- Demerara- Mahaica",480,"Foulis Public Road","East Coast Demerara Road (From Georgetown)","-58.0000","6.7667",,,4/13/2009 0:00:00,12/30/1899 14:00:00,"C- Minor Injury","F- Driver",29.00,"Male","K- Private Cars","P- Speeding",1.00
1075,4111.00,"4- Demerara- Mahaica",479,"Paradise Public Road","East Coast Demerara Road (From Georgetown)","-58.0000","6.7667",,,4/13/2009 0:00:00,12/30/1899 17:45:00,"B- Serious Injury","F- Driver",56.00,"Male","J- Minibus;W-Pedal Cycle","R- Improper Overtaking",2.00
1076,4112.00,"4- Demerara- Mahaica",496,"Two Frienss Public Road","East Coast Demerara Road (From Georgetown)","-57.9500","6.7333",,,4/17/2009 0:00:00,12/30/1899 15:10:00,"D- Property Damage","F- Driver",33.00,,"K- Private Cars;L- Lorries Van","R- Improper Overtaking;S- Driver's Negligence",2.00
1077,4113.00,"4- Demerara- Mahaica",484,"Haslington Public Road","East Coast Demerara Road (From Georgetown)","-57.9833","6.7500",,,4/19/2009 0:00:00,12/30/1899 6:55:00,"B- Serious Injury","F- Driver",29.00,"Male","N- Pickup;V-Motor Cycle","S- Driver's Negligence",2.00
1078,4114.00,"4- Demerara- Mahaica",497,"Anns Grove Access Road","East Coast Demerara Road (From Georgetown)","-57.9500","6.7333",,,4/19/2009 0:00:00,12/30/1899 16:45:00,"B- Serious Injury","F- Driver",27.00,"Male","M- Hire Cars","S- Driver's Negligence",2.00
1079,4115.00,"4- Demerara- Mahaica",485,"Golden Grove Public Road","East Coast Demerara Road (From Georgetown)","-57.9833","6.7500",,,5/5/2009 0:00:00,12/30/1899 10:00:00,"D- Property Damage","F- Driver",44.00,"Male","J- Minibus;K- Private Cars","S- Driver's Negligence",2.00
1080,4116.00,"4- Demerara- Mahaica",483,"Enmore Old Road","East Coast Demerara Road (From Georgetown)","-57.9833","6.7667",,,5/2/2009 0:00:00,12/30/1899 13:15:00,"D- Property Damage","F- Driver",,"Male","J- Minibus;K- Private Cars","S- Driver's Negligence",2.00
1081,4117.00,"4- Demerara- Mahaica",491,"Belfield Public Road","East Coast Demerara Road (From Georgetown)","-57.9667","6.7333",,,5/12/2009 0:00:00,12/30/1899 15:10:00,"D- Property Damage","F- Driver",45.00,"Male","J- Minibus;N- Pickup",,2.00
1082,4118.00,"4- Demerara- Mahaica",497,"Anns Grove Access Road","East Coast Demerara Road (From Georgetown)","-57.9500","6.7333",,,5/23/2009 0:00:00,12/30/1899 19:10:00,"C- Minor Injury","F- Driver",23.00,"Male","K- Private Cars;W-Pedal Cycle","P- Speeding",2.00
1083,4119.00,"4- Demerara- Mahaica",491,"Belfield Public Road","East Coast Demerara Road (From Georgetown)","-57.9667","6.7333",,,6/5/2009 0:00:00,12/30/1899 15:50:00,"D- Property Damage","F- Driver",,"Male","M- Hire Cars;N- Pickup","R- Improper Overtaking",2.00
1084,4120.00,"4- Demerara- Mahaica",486,"Nabaclis Public Road","East Coast Demerara Road (From Georgetown)","-57.9833","6.7500",,,6/13/2009 0:00:00,12/30/1899 8:50:00,"D- Property Damage","F- Driver",43.00,"Male","J- Minibus;N- Pickup",,2.00
1085,4121.00,"4- Demerara- Mahaica",484,"Haslington Public Road","East Coast Demerara Road (From Georgetown)","-57.9833","6.7500",,,6/15/2009 0:00:00,12/30/1899 14:00:00,"B- Serious Injury","F- Driver",44.00,"Male","J- Minibus",,2.00
1086,4122.00,"4- Demerara- Mahaica",497,"Anns Grove Public Road","East Coast Demerara Road (From Georgetown)","-57.9500","6.7333",,,6/19/2009 0:00:00,12/30/1899 9:10:00,"D- Property Damage","F- Driver",30.00,"Male","K- Private Cars;L- Lorries Van",,2.00
1087,4123.00,"4- Demerara- Mahaica",486,"Nabaclis Public Road","East Coast Demerara Road (From Georgetown)","-57.9833","6.7500",,,6/26/2009 0:00:00,12/30/1899 22:50:00,"C- Minor Injury","F- Driver",45.00,"Male","J- Minibus;M- Hire Cars",,2.00
1088,4124.00,"4- Demerara- Mahaica",501,"Orange Nassan","East Coast Demerara Road (From Georgetown)","-57.9333","6.7167",,,8/1/2009 0:00:00,12/30/1899 19:30:00,"D- Property Damage","F- Driver",,"Male","K- Private Cars;L- Lorries Van",,2.00
1089,4125.00,"4- Demerara- Mahaica",491,"Belfield Public Road","East Coast Demerara Road (From Georgetown)","-57.9667","6.7333",,,8/9/2009 0:00:00,12/30/1899 17:00:00,"D- Property Damage","F- Driver",,"Male","N- Pickup","R- Improper Overtaking",2.00
1090,4126.00,"4- Demerara- Mahaica",479,"Paradise Public Road","East Coast Demerara Road (From Georgetown)","-58.0000","6.7667",,,9/14/2009 0:00:00,12/30/1899 8:10:00,"C- Minor Injury","G- Rider",20.00,"Male","V-Motor Cycle","O- Lost Control & Runoff",2.00
1091,4127.00,"4- Demerara- Mahaica",500,"Greenfield Public Road","East Coast Demerara Road (From Georgetown)","-57.9333","6.7167",,,9/15/2009 0:00:00,12/30/1899 19:00:00,"B- Serious Injury","F- Driver",57.00,"Male","K- Private Cars;N- Pickup",,2.00
1092,4128.00,"4- Demerara- Mahaica",483,"Enmore Public Road","East Coast Demerara Road (From Georgetown)","-57.9833","6.7667",,,10/4/2009 0:00:00,12/30/1899 12:30:00,"D- Property Damage","F- Driver",22.00,"Female","K- Private Cars","S- Driver's Negligence",2.00
1093,4129.00,"4- Demerara- Mahaica",499,"Bee Hive Public Road","East Coast Demerara Road (From Georgetown)","-57.9500","6.7167",,,11/21/2009 0:00:00,12/30/1899 16:00:00,"D- Property Damage","F- Driver",20.00,"Male","K- Private Cars;L- Lorries Van",,3.00
1094,4130.00,"4- Demerara- Mahaica",481,"Hope Public Road","East Coast Demerara Road (From Georgetown)","-57.9833","6.7667",,,12/2/2009 0:00:00,12/30/1899 13:00:00,"D- Property Damage","F- Driver",,"Male","M- Hire Cars","Y-Animal",1.00
1095,4131.00,"4- Demerara- Mahaica",490,"Victoria Public Road","East Coast Demerara Road (From Georgetown)","-57.9667","6.7500",,,12/5/2009 0:00:00,12/30/1899 8:00:00,"D- Property Damage","F- Driver",26.00,"Male","K- Private Cars;L- Lorries Van",,3.00
1096,4132.00,"4- Demerara- Mahaica",491,"Belfield Public Road","East Coast Demerara Road (From Georgetown)","-57.9667","6.7333",,,1/3/2010 0:00:00,12/30/1899 3:00:00,"D- Property Damage","F- Driver",,"Male","N- Pickup","P- Speeding",1.00