"ID","Accident ID","Region Number","Corridor ID","Location (Intersection/Road/Street)","Corridor","Location- longitude/ X","Location- latitude/  Y","Mile Marker","Village","Date of Accident","Time of Accident","Type of Accident","Class of Road User","Age/DOB","Gender","Class of Vehicles Involved","Contributing Factor","Number of Persons Involved"
1097,4133.00,"4- Demerara- Mahaica",485,"Golden Grove Access Road","East Coast Demerara Road (From Georgetown)","-57.9833","6.7500",,,1/8/2010 0:00:00,12/30/1899 12:08:00,"D- Property Damage","F- Driver",,"Male","K- Private Cars","Y-Animal",1.00
1098,4134.00,"4- Demerara- Mahaica",490,"Victoria Access Railway Embankment","East Coast Demerara Road (From Georgetown)","-57.9667","6.7500",,,1/11/2010 0:00:00,12/30/1899 20:00:00,"C- Minor Injury","F- Driver",67.00,"Male","L- Lorries Van","Q- Alcohol",2.00
1099,4135.00,"4- Demerara- Mahaica",481,"Hope Public Road","East Coast Demerara Road (From Georgetown)","-57.9833","6.7667",,,2/2/2010 0:00:00,12/30/1899 11:50:00,"D- Property Damage","F- Driver",37.00,"Male","K- Private Cars","S- Driver's Negligence",2.00
1100,4136.00,"4- Demerara- Mahaica",481,"Hope Public Road","East Coast Demerara Road (From Georgetown)","-57.9833","6.7667",,,2/5/2010 0:00:00,12/30/1899 22:00:00,"D- Property Damage","F- Driver",39.00,"Male","J- Minibus;N- Pickup","S- Driver's Negligence",2.00
1101,4137.00,"4- Demerara- Mahaica",483,"Enmore Railway Public Road","East Coast Demerara Road (From Georgetown)","-57.9833","6.7667",,,2/8/2010 0:00:00,12/30/1899 12:10:00,"C- Minor Injury","F- Driver",,"Male","K- Private Cars","Y-Animal",1.00
1102,4138.00,"4- Demerara- Mahaica",488,"Cove and John Public Road","East Coast Demerara Road (From Georgetown)","-57.9833","6.7500",,,2/8/2010 0:00:00,12/30/1899 16:30:00,"C- Minor Injury","F- Driver",61.00,"Male","L- Lorries Van","R- Improper Overtaking;S- Driver's Negligence",4.00
1103,4139.00,"4- Demerara- Mahaica",483,"Enmore Railway Embankment","East Coast Demerara Road (From Georgetown)","-57.9833","6.7667",,,2/8/2010 0:00:00,12/30/1899 14:00:00,"D- Property Damage","F- Driver",27.00,"Male","K- Private Cars","R- Improper Overtaking",1.00
1104,4140.00,"4- Demerara- Mahaica",492,"Nootenzuil Public Road","East Coast Demerara Road (From Georgetown)","-57.9667","6.7333",,,2/10/2010 0:00:00,12/30/1899 15:00:00,"D- Property Damage","F- Driver",25.00,"Male","J- Minibus","Y-Animal",1.00
1105,4141.00,"4- Demerara- Mahaica",483,"Enmore Access Road","East Coast Demerara Road (From Georgetown)","-57.9833","6.7667",,,2/20/2010 0:00:00,12/30/1899 15:30:00,"B- Serious Injury","F- Driver",40.00,"Male","M- Hire Cars","P- Speeding",2.00
1106,4142.00,"4- Demerara- Mahaica",492,"Nootenzuil Public Road","East Coast Demerara Road (From Georgetown)","-57.9667","6.7333",,,2/23/2010 0:00:00,12/30/1899 22:00:00,"D- Property Damage","F- Driver",39.00,"Male","K- Private Cars;N- Pickup","S- Driver's Negligence",2.00
1107,4143.00,"4- Demerara- Mahaica",485,"Golden Grove Public Road","East Coast Demerara Road (From Georgetown)","-57.9833","6.7500",,,3/2/2010 0:00:00,12/30/1899 9:00:00,"C- Minor Injury","F- Driver",23.00,"Male","K- Private Cars","T-Pedestrian's Negligence",2.00
1108,4144.00,"4- Demerara- Mahaica",497,"Anns Grove Railway Access Line","East Coast Demerara Road (From Georgetown)","-57.9500","6.7333",,,3/17/2010 0:00:00,12/30/1899 17:45:00,"C- Minor Injury","F- Driver",,"Male","K- Private Cars","S- Driver's Negligence",2.00
1109,4145.00,"4- Demerara- Mahaica",486,"Nabaclis Public Road","East Coast Demerara Road (From Georgetown)","-57.9833","6.7500",,,4/4/2010 0:00:00,12/30/1899 7:20:00,"A- Fatal","G- Rider",21.00,"Male","V-Motor Cycle","O- Lost Control & Runoff",1.00
1110,4146.00,"4- Demerara- Mahaica",486,"Nabaclis Public Road","East Coast Demerara Road (From Georgetown)","-57.9833","6.7500",,,4/4/2010 0:00:00,12/30/1899 7:30:00,"A- Fatal","G- Rider",22.00,"Male","V-Motor Cycle","O- Lost Control & Runoff",1.00
1111,4147.00,"4- Demerara- Mahaica",500,"Green Field Public Road","East Coast Demerara Road (From Georgetown)","-57.9333","6.7167",,,4/18/2010 0:00:00,12/30/1899 16:00:00,"D- Property Damage","F- Driver",47.00,"Male","J- Minibus;K- Private Cars","S- Driver's Negligence",2.00
1112,4148.00,"4- Demerara- Mahaica",486,"Nabaclis Public Road","East Coast Demerara Road (From Georgetown)","-57.9833","6.7500",,,4/20/2010 0:00:00,12/30/1899 19:00:00,"C- Minor Injury","G- Rider",33.00,"Male","W-Pedal Cycle","U- Cyclist's Negligence",2.00
1113,4149.00,"4- Demerara- Mahaica",483,"Enmore Public Road","East Coast Demerara Road (From Georgetown)","-57.9833","6.7667",,,4/23/2010 0:00:00,12/30/1899 17:00:00,"D- Property Damage","F- Driver",,"Male","K- Private Cars;L- Lorries Van","S- Driver's Negligence",2.00
1114,4150.00,"4- Demerara- Mahaica",485,"Golden Grove Public Road","East Coast Demerara Road (From Georgetown)","-57.9833","6.7500",,,5/3/2010 0:00:00,12/30/1899 16:50:00,"C- Minor Injury","F- Driver",29.00,"Male","K- Private Cars;V-Motor Cycle","P- Speeding",2.00
1115,4151.00,"4- Demerara- Mahaica",500,"Green Field Public Road","East Coast Demerara Road (From Georgetown)","-57.9333","6.7167",,,6/6/2010 0:00:00,12/30/1899 5:45:00,"B- Serious Injury","F- Driver",24.00,"Male","L- Lorries Van","S- Driver's Negligence",2.00
1116,4152.00,"4- Demerara- Mahaica",492,"Nootenzuil Public Road","East Coast Demerara Road (From Georgetown)","-57.9667","6.7333",,,6/20/2010 0:00:00,12/30/1899 11:25:00,"A- Fatal","F- Driver",68.00,"Male","L- Lorries Van;N- Pickup","O- Lost Control & Runoff",2.00
1117,4153.00,"4- Demerara- Mahaica",484,"Haslington Public Road","East Coast Demerara Road (From Georgetown)","-57.9833","6.7500",,,7/6/2010 0:00:00,12/30/1899 17:00:00,"D- Property Damage","F- Driver",51.00,"Male","J- Minibus;M- Hire Cars","S- Driver's Negligence",2.00
1118,4154.00,"4- Demerara- Mahaica",486,"Nabaclis Public Road","East Coast Demerara Road (From Georgetown)","-57.9833","6.7500",,,7/9/2010 0:00:00,12/30/1899 15:45:00,"D- Property Damage","F- Driver",,"Male","K- Private Cars;N- Pickup","S- Driver's Negligence",2.00
1119,4155.00,"4- Demerara- Mahaica",499,"Bee Hive Public Road","East Coast Demerara Road (From Georgetown)","-57.9500","6.7167",,,7/4/2010 0:00:00,12/30/1899 19:40:00,"B- Serious Injury","F- Driver",34.00,"Male","N- Pickup","T-Pedestrian's Negligence",2.00
1120,4156.00,"4- Demerara- Mahaica",492,"Nootenzuil Public Road","East Coast Demerara Road (From Georgetown)","-57.9667","6.7333",,,7/11/2010 0:00:00,12/30/1899 19:00:00,"B- Serious Injury","F- Driver",49.00,"Male","J- Minibus;W-Pedal Cycle","U- Cyclist's Negligence",2.00
1121,4157.00,"4- Demerara- Mahaica",483,"Enmore Public Road","East Coast Demerara Road (From Georgetown)","-57.9833","6.7667",,,7/19/2010 0:00:00,12/30/1899 11:20:00,"D- Property Damage","F- Driver",47.00,"Male","M- Hire Cars;W-Pedal Cycle","U- Cyclist's Negligence",2.00
1122,4195.00,"4- Demerara- Mahaica",501,"Orange Nssan Public Road","East Coast Demerara Road (From Georgetown)","-57.9333","6.7167",,,3/10/2012 0:00:00,12/30/1899 8:45:00,"A- Fatal","F- Driver",23.00,"Male","L- Lorries Van","O- Lost Control & Runoff;S- Driver's Negligence",2.00
1123,4196.00,"4- Demerara- Mahaica",483,"Enmore Public Road","East Coast Demerara Road (From Georgetown)","-57.9833","6.7667",,,3/13/2012 0:00:00,12/30/1899 11:00:00,"B- Serious Injury","F- Driver",47.00,"Male","K- Private Cars;V-Motor Cycle","S- Driver's Negligence",2.00
1124,4197.00,"4- Demerara- Mahaica",497,"Anns Grove Public Road","East Coast Demerara Road (From Georgetown)","-57.9500","6.7333",,,4/25/2011 0:00:00,12/30/1899 19:00:00,"B- Serious Injury","F- Driver",21.00,"Male","J- Minibus;K- Private Cars","P- Speeding",2.00
1125,4198.00,"4- Demerara- Mahaica",481,"Hope Pulic Road","East Coast Demerara Road (From Georgetown)","-57.9833","6.7667",,,4/30/2011 0:00:00,12/30/1899 22:00:00,"C- Minor Injury","F- Driver",50.00,"Male","K- Private Cars;N- Pickup","P- Speeding",2.00
1126,4199.00,"4- Demerara- Mahaica",483,"Enmore Public Road and Access Road","East Coast Demerara Road (From Georgetown)","-57.9833","6.7667",,,5/6/2011 0:00:00,12/30/1899 15:15:00,"B- Serious Injury","F- Driver",29.00,"Male","L- Lorries Van;V-Motor Cycle","P- Speeding",2.00
1127,4200.00,"4- Demerara- Mahaica",485,"Golden Grove Public Road","East Coast Demerara Road (From Georgetown)","-57.9833","6.7500",,,6/3/2011 0:00:00,12/30/1899 13:00:00,"D- Property Damage","F- Driver",,"Male","L- Lorries Van;M- Hire Cars","R- Improper Overtaking",2.00
1128,4201.00,"4- Demerara- Mahaica",480,"Foulis Access Road","East Coast Demerara Road (From Georgetown)","-58.0000","6.7667",,,6/6/2011 0:00:00,12/30/1899 11:00:00,"D- Property Damage","F- Driver",33.00,"Male","K- Private Cars;M- Hire Cars","P- Speeding",2.00
1129,4202.00,"4- Demerara- Mahaica",480,"Foulis Public Road","East Coast Demerara Road (From Georgetown)","-58.0000","6.7667",,,5/9/2011 0:00:00,12/30/1899 1:00:00,"D- Property Damage","F- Driver",,"Male","K- Private Cars","O- Lost Control & Runoff",1.00
1130,4203.00,"4- Demerara- Mahaica",481,"Hope Public Road","East Coast Demerara Road (From Georgetown)","-57.9833","6.7667",,,1/1/2011 0:00:00,12/30/1899 2:00:00,"B- Serious Injury","F- Driver",35.00,"Male","M- Hire Cars;W-Pedal Cycle","P- Speeding;S- Driver's Negligence",3.00
1131,4204.00,"4- Demerara- Mahaica",490,"Victoria Public Road","East Coast Demerara Road (From Georgetown)","-57.9667","6.7500",,,1/2/2011 0:00:00,12/30/1899 8:25:00,"C- Minor Injury","F- Driver",41.00,"Male","K- Private Cars","P- Speeding",1.00
1132,4205.00,"4- Demerara- Mahaica",480,"Foulis Railway Embankment","East Coast Demerara Road (From Georgetown)","-58.0000","6.7667",,,1/6/2011 0:00:00,12/30/1899 18:30:00,"A- Fatal","F- Driver",63.00,"Male","N- Pickup","P- Speeding",2.00
1133,4206.00,"4- Demerara- Mahaica",492,"Nootenzuil Public Road","East Coast Demerara Road (From Georgetown)","-57.9667","6.7333",,,1/30/2011 0:00:00,12/30/1899 18:45:00,"C- Minor Injury","F- Driver",25.00,"Male","K- Private Cars;M- Hire Cars;N- Pickup","S- Driver's Negligence",3.00
1134,4207.00,"4- Demerara- Mahaica",483,"Enmore Access Road","East Coast Demerara Road (From Georgetown)","-57.9833","6.7667",,,2/4/2011 0:00:00,12/30/1899 22:00:00,"B- Serious Injury","F- Driver",29.00,"Male","K- Private Cars;W-Pedal Cycle","P- Speeding;S- Driver's Negligence",2.00
1135,4208.00,"4- Demerara- Mahaica",483,"Enmore Access Road","East Coast Demerara Road (From Georgetown)","-57.9833","6.7667",,,2/14/2011 0:00:00,12/30/1899 19:30:00,"B- Serious Injury","F- Driver",38.00,"Male","K- Private Cars;X-Tractor","S- Driver's Negligence",3.00
1136,4209.00,"4- Demerara- Mahaica",490,"Victoria Public Road","East Coast Demerara Road (From Georgetown)","-57.9667","6.7500",,,3/10/2011 0:00:00,12/30/1899 12:30:00,"D- Property Damage","F- Driver",57.00,"Male","K- Private Cars;L- Lorries Van","S- Driver's Negligence",2.00
1137,4210.00,"4- Demerara- Mahaica",492,"Nootenzuil Public Road","East Coast Demerara Road (From Georgetown)","-57.9667","6.7333",,,2/26/2011 0:00:00,12/30/1899 19:00:00,"D- Property Damage","F- Driver",37.00,"Male","K- Private Cars;L- Lorries Van;M- Hire Cars","P- Speeding;Q- Alcohol",2.00
1138,4211.00,"4- Demerara- Mahaica",495,"Dutch Four Public Road","East Coast Demerara Road (From Georgetown)","-57.9167","6.6333",,,3/18/2011 0:00:00,12/30/1899 16:10:00,"A- Fatal","F- Driver",36.00,"Male","J- Minibus","T-Pedestrian's Negligence",2.00
1139,4212.00,"4- Demerara- Mahaica",490,"Victoria Public Road","East Coast Demerara Road (From Georgetown)","-57.9667","6.7500",,,3/19/2011 0:00:00,12/30/1899 14:45:00,"B- Serious Injury","F- Driver",26.00,"Male","J- Minibus;K- Private Cars;N- Pickup","S- Driver's Negligence",3.00
1140,4213.00,"4- Demerara- Mahaica",484,"Haslington Public Road","East Coast Demerara Road (From Georgetown)","-57.9833","6.7500",,,3/12/2011 0:00:00,12/30/1899 18:20:00,"C- Minor Injury","F- Driver",,"Male","K- Private Cars;W-Pedal Cycle","S- Driver's Negligence",2.00
1141,4214.00,"4- Demerara- Mahaica",485,"Golden Grove Public Road","East Coast Demerara Road (From Georgetown)","-57.9833","6.7500",,,3/17/2011 0:00:00,12/30/1899 7:30:00,"D- Property Damage","F- Driver",29.00,"Female","K- Private Cars","S- Driver's Negligence",2.00
1142,4215.00,"4- Demerara- Mahaica",486,"Nabaclis Public Road","East Coast Demerara Road (From Georgetown)","-57.9833","6.7500",,,3/21/2011 0:00:00,12/30/1899 5:00:00,"D- Property Damage","F- Driver",,"Male","N- Pickup","Y-Animal",1.00
1143,4216.00,"4- Demerara- Mahaica",491,"Belfield Public Road","East Coast Demerara Road (From Georgetown)","-57.9667","6.7333",,,3/31/2011 0:00:00,12/30/1899 17:30:00,"C- Minor Injury","F- Driver",28.00,"Male","M- Hire Cars","P- Speeding;T-Pedestrian's Negligence",2.00
1144,4217.00,"4- Demerara- Mahaica",483,"Enmore Public Road","East Coast Demerara Road (From Georgetown)","-57.9833","6.7667",,,4/9/2011 0:00:00,12/30/1899 8:20:00,"D- Property Damage","F- Driver",29.00,"Male","J- Minibus","R- Improper Overtaking;S- Driver's Negligence",2.00
1145,4218.00,"4- Demerara- Mahaica",485,"Golden Grove Public Road","East Coast Demerara Road (From Georgetown)","-57.9833","6.7500",,,4/14/2011 0:00:00,12/30/1899 15:15:00,"D- Property Damage","F- Driver",41.00,"Male","L- Lorries Van;X-Tractor","S- Driver's Negligence",2.00
1146,4219.00,"4- Demerara- Mahaica",497,"Anns Grove Public Road","East Coast Demerara Road (From Georgetown)","-57.9500","6.7333",,,4/17/2011 0:00:00,12/30/1899 14:30:00,"C- Minor Injury","F- Driver",52.00,"Male","K- Private Cars;W-Pedal Cycle","U- Cyclist's Negligence",2.00
1147,4220.00,"4- Demerara- Mahaica",481,"Hope Public Road","East Coast Demerara Road (From Georgetown)","-57.9833","6.7667",,,5/30/2012 0:00:00,12/30/1899 10:20:00,"D- Property Damage","F- Driver",,"Male","J- Minibus;L- Lorries Van","P- Speeding",2.00
1148,4221.00,"4- Demerara- Mahaica",484,"Haslington Public Road","East Coast Demerara Road (From Georgetown)","-57.9833","6.7500",,,6/24/2012 0:00:00,12/30/1899 11:00:00,"D- Property Damage","F- Driver",28.00,"Male","M- Hire Cars",,1.00
1149,4222.00,"4- Demerara- Mahaica",499,"Bee Hive Public Road","East Coast Demerara Road (From Georgetown)","-57.9500","6.7167",,,7/22/2012 0:00:00,12/30/1899 16:45:00,"C- Minor Injury","F- Driver",57.00,"Male","K- Private Cars;W-Pedal Cycle",,2.00
1150,4223.00,"4- Demerara- Mahaica",481,"Hope Public Road","East Coast Demerara Road (From Georgetown)","-57.9833","6.7667",,,8/3/2012 0:00:00,12/30/1899 12:05:00,"B- Serious Injury","F- Driver",48.00,"Male","K- Private Cars;W-Pedal Cycle",,2.00
1151,4224.00,"4- Demerara- Mahaica",485,"Golden Grove Public Road","East Coast Demerara Road (From Georgetown)","-57.9833","6.7500",,,8/11/2012 0:00:00,12/30/1899 13:00:00,"D- Property Damage","F- Driver",19.00,"Male","K- Private Cars",,2.00
1152,4225.00,"4- Demerara- Mahaica",481,"Hope Public Road","East Coast Demerara Road (From Georgetown)","-57.9833","6.7667",,,8/27/2012 0:00:00,12/30/1899 6:10:00,"A- Fatal","G- Rider",67.00,"Male","W-Pedal Cycle","P- Speeding",1.00
1153,4226.00,"4- Demerara- Mahaica",488,"Cove and John Public Road","East Coast Demerara Road (From Georgetown)","-57.9833","6.7500",,,8/27/2012 0:00:00,12/30/1899 13:45:00,"C- Minor Injury","F- Driver",57.00,"Male","J- Minibus;K- Private Cars","P- Speeding",2.00
1154,4227.00,"4- Demerara- Mahaica",486,"Nabaclis Public Road","East Coast Demerara Road (From Georgetown)","-57.9833","6.7500",,,9/11/2012 0:00:00,12/30/1899 7:00:00,"C- Minor Injury","F- Driver",35.00,"Male","N- Pickup;W-Pedal Cycle",,2.00
1155,4228.00,"4- Demerara- Mahaica",497,"Anns Grove Public Road","East Coast Demerara Road (From Georgetown)","-57.9500","6.7333",,,9/8/2012 0:00:00,12/30/1899 9:08:00,"C- Minor Injury","F- Driver",27.00,"Male","K- Private Cars;V-Motor Cycle",,2.00
1156,4229.00,"4- Demerara- Mahaica",483,"Enmore Access Road","East Coast Demerara Road (From Georgetown)","-57.9833","6.7667",,,10/1/2012 0:00:00,12/30/1899 17:50:00,"D- Property Damage","F- Driver",42.00,"Male","J- Minibus;K- Private Cars",,2.00
1157,4230.00,"4- Demerara- Mahaica",480,"Foulis Public Road","East Coast Demerara Road (From Georgetown)","-58.0000","6.7667",,,10/10/2012 0:00:00,12/30/1899 21:30:00,"A- Fatal","G- Rider",39.00,"Male","V-Motor Cycle","O- Lost Control & Runoff;Y-Animal",1.00
1158,4231.00,"4- Demerara- Mahaica",481,"Hope Public Road","East Coast Demerara Road (From Georgetown)","-57.9833","6.7667",,,10/15/2012 0:00:00,12/30/1899 2:00:00,"A- Fatal","F- Driver",26.00,"Male","J- Minibus","P- Speeding",1.00
1159,4232.00,"4- Demerara- Mahaica",486,"Nabaclis Public Road","East Coast Demerara Road (From Georgetown)","-57.9833","6.7500",,,10/21/2012 0:00:00,12/30/1899 17:30:00,"C- Minor Injury","F- Driver",23.00,"Female","M- Hire Cars","O- Lost Control & Runoff",2.00
1160,4233.00,"4- Demerara- Mahaica",480,"Foulis Public Road","East Coast Demerara Road (From Georgetown)","-58.0000","6.7667",,,11/15/2012 0:00:00,12/30/1899 5:50:00,"A- Fatal","F- Driver",70.00,"Male","K- Private Cars","P- Speeding;Y-Animal",2.00
1161,4234.00,"4- Demerara- Mahaica",485,"Golden Grove Public Road","East Coast Demerara Road (From Georgetown)","-57.9833","6.7500",,,11/22/2012 0:00:00,12/30/1899 7:10:00,"D- Property Damage","F- Driver",33.00,"Male","L- Lorries Van;M- Hire Cars","P- Speeding",3.00
1162,4235.00,"4- Demerara- Mahaica",484,"Haslington Public Road","East Coast Demerara Road (From Georgetown)","-57.9833","6.7500",,,11/24/2012 0:00:00,12/30/1899 20:30:00,"C- Minor Injury","F- Driver",47.00,"Male","J- Minibus;K- Private Cars;N- Pickup","P- Speeding",3.00
1163,4236.00,"4- Demerara- Mahaica",499,"Bee Hive Publiuc Road","East Coast Demerara Road (From Georgetown)","-57.9500","6.7167",,,11/17/2012 0:00:00,12/30/1899 20:30:00,"D- Property Damage","F- Driver",43.00,"Male","J- Minibus;M- Hire Cars","P- Speeding;S- Driver's Negligence",2.00
1164,4237.00,"4- Demerara- Mahaica",488,"Cove and John Public Road","East Coast Demerara Road (From Georgetown)","-57.9833","6.7500",,,11/23/2012 0:00:00,12/30/1899 20:30:00,"D- Property Damage","F- Driver",28.00,"Male","K- Private Cars","P- Speeding;S- Driver's Negligence",2.00
1165,4238.00,"4- Demerara- Mahaica",485,"Golden Grove Access Road","East Coast Demerara Road (From Georgetown)","-57.9833","6.7500",,,11/30/2012 0:00:00,12/30/1899 8:30:00,"C- Minor Injury","F- Driver",35.00,"Male","J- Minibus","S- Driver's Negligence",2.00
1166,4239.00,"4- Demerara- Mahaica",483,"Enmore Public Road","East Coast Demerara Road (From Georgetown)","-57.9833","6.7667",,,11/22/2012 0:00:00,12/30/1899 22:45:00,"B- Serious Injury","F- Driver",36.00,"Male","K- Private Cars;N- Pickup","P- Speeding;S- Driver's Negligence",2.00
1167,4240.00,"4- Demerara- Mahaica",485,"Golden Grove Public Road","East Coast Demerara Road (From Georgetown)","-57.9833","6.7500",,,12/5/2012 0:00:00,12/30/1899 13:30:00,"B- Serious Injury","F- Driver",45.00,"Male","L- Lorries Van","T-Pedestrian's Negligence",2.00
1168,4241.00,"4- Demerara- Mahaica",483,"Enmore Access Road","East Coast Demerara Road (From Georgetown)","-57.9833","6.7667",,,12/13/2012 0:00:00,12/30/1899 5:30:00,"A- Fatal","F- Driver",54.00,"Male","L- Lorries Van","S- Driver's Negligence",2.00
1169,4242.00,"4- Demerara- Mahaica",481,"Hope Public Road","East Coast Demerara Road (From Georgetown)","-57.9833","6.7667",,,12/17/2012 0:00:00,12/30/1899 1:30:00,"B- Serious Injury","F- Driver",35.00,"Male","K- Private Cars;L- Lorries Van","P- Speeding;S- Driver's Negligence",2.00
1170,4243.00,"4- Demerara- Mahaica",490,"Victoria Public Road","East Coast Demerara Road (From Georgetown)","-57.9667","6.7500",,,12/20/2012 0:00:00,12/30/1899 16:30:00,"C- Minor Injury","F- Driver",,"Male","J- Minibus;V-Motor Cycle","S- Driver's Negligence",2.00
1171,4244.00,"4- Demerara- Mahaica",368,"Diamond Access Rd.","East bank Demerara (from Georgetown)","-58.1752","6.7058",,,2/19/2011 0:00:00,,"D- Property Damage","F- Driver",,"Male","K- Private Cars","P- Speeding",1.00
1172,4244.00,"4- Demerara- Mahaica",485,"Golden Grove Public Road","East Coast Demerara Road (From Georgetown)","-57.9833","6.7500",,,12/30/2012 0:00:00,12/30/1899 1:30:00,"D- Property Damage","F- Driver",31.00,"Male","K- Private Cars","P- Speeding",3.00
1173,4245.00,"4- Demerara- Mahaica",368,"Diamond Access Rd.","East bank Demerara (from Georgetown)","-58.1752","6.7058",,,3/5/2011 0:00:00,,"D- Property Damage","F- Driver",,"Male","K- Private Cars;M- Hire Cars","P- Speeding",2.00
1174,4246.00,"4- Demerara- Mahaica",367,"Little Diamond Public Rd.","East bank Demerara (from Georgetown)","-58.1864","6.7378",,,3/22/2011 0:00:00,,"D- Property Damage","F- Driver",,"Male","J- Minibus;L- Lorries Van","S- Driver's Negligence",2.00
1175,4247.00,"4- Demerara- Mahaica",368,"Diamond Public Rd.","East bank Demerara (from Georgetown)","-58.1764","6.7061",,,3/25/2011 0:00:00,,"D- Property Damage","F- Driver",,"Male","K- Private Cars;M- Hire Cars","P- Speeding",2.00
1176,4248.00,"4- Demerara- Mahaica",368,"Diamond Public Rd.","East bank Demerara (from Georgetown)","-58.1764","6.7061",,,3/23/2011 0:00:00,,"D- Property Damage","F- Driver",,"Male","K- Private Cars","P- Speeding",1.00
1177,4249.00,"4- Demerara- Mahaica",368,"Diamond Public Rd.","East bank Demerara (from Georgetown)","-58.1764","6.7061",,,4/1/2011 0:00:00,,"D- Property Damage","F- Driver",39.00,"Male","K- Private Cars","S- Driver's Negligence",2.00
1178,4250.00,"4- Demerara- Mahaica",367,"Little Diamond Public Rd.","East bank Demerara (from Georgetown)","-58.1864","6.7378",,,3/30/2011 0:00:00,,"C- Minor Injury","F- Driver",22.00,"Male","K- Private Cars","P- Speeding",2.00
1179,4251.00,"4- Demerara- Mahaica",367,"Little Diamond Public Rd.","East bank Demerara (from Georgetown)","-58.1864","6.7378",,,5/2/2011 0:00:00,,"D- Property Damage","F- Driver",,"Male","K- Private Cars","S- Driver's Negligence",3.00
1180,4252.00,"4- Demerara- Mahaica",368,"Diamond Public Rd.","East bank Demerara (from Georgetown)","-58.1764","6.7061",,,5/17/2011 0:00:00,,"D- Property Damage","F- Driver",38.00,"Male","J- Minibus;L- Lorries Van","S- Driver's Negligence",2.00
1181,4253.00,"4- Demerara- Mahaica",368,"Diamond Public Rd.","East bank Demerara (from Georgetown)","-58.1764","6.7061",,,5/14/2011 0:00:00,12/30/1899 7:00:00,"B- Serious Injury","G- Rider",18.00,"Male","J- Minibus;V-Motor Cycle","U- Cyclist's Negligence",2.00
1182,4254.00,"4- Demerara- Mahaica",368,"Diamond Public Rd.","East bank Demerara (from Georgetown)","-58.1764","6.7061",,,5/18/2011 0:00:00,12/30/1899 20:00:00,"D- Property Damage","F- Driver",,"Male","K- Private Cars;M- Hire Cars","S- Driver's Negligence",2.00
1183,4255.00,"4- Demerara- Mahaica",368,"Nineteenth St. Diamond  New Scheme","East bank Demerara (from Georgetown)","-58.1752","6.7058",,,5/13/2011 0:00:00,,"D- Property Damage","F- Driver",,"Male","K- Private Cars;M- Hire Cars","S- Driver's Negligence",2.00
1184,4256.00,"4- Demerara- Mahaica",368,"Diamond Public Rd.","East bank Demerara (from Georgetown)","-58.1764","6.7061",,,5/21/2011 0:00:00,,"C- Minor Injury","G- Rider",39.00,"Male","J- Minibus;V-Motor Cycle","P- Speeding",2.00
1185,4257.00,"4- Demerara- Mahaica",368,"Diamond Main Access Rd.","East bank Demerara (from Georgetown)","-58.1752","6.7058",,,5/21/2011 0:00:00,12/30/1899 15:45:00,"C- Minor Injury","F- Driver",42.00,"Male","K- Private Cars;W-Pedal Cycle","S- Driver's Negligence",2.00
1186,4258.00,"4- Demerara- Mahaica",368,"Diamond Public Rd.","East bank Demerara (from Georgetown)","-58.1764","6.7061",,,5/29/2011 0:00:00,12/30/1899 13:30:00,"B- Serious Injury","F- Driver",,"Male","J- Minibus;L- Lorries Van","S- Driver's Negligence",2.00
1187,4259.00,"4- Demerara- Mahaica",368,"Diamond Public Rd.","East bank Demerara (from Georgetown)","-58.1764","6.7061",,,6/15/2011 0:00:00,12/30/1899 22:39:00,"D- Property Damage","F- Driver",,"Male","K- Private Cars;M- Hire Cars","S- Driver's Negligence",2.00
1188,4260.00,"4- Demerara- Mahaica",368,"Diamond Public Rd.","East bank Demerara (from Georgetown)","-58.1764","6.7061",,,7/2/2011 0:00:00,,"D- Property Damage","F- Driver",38.00,"Male","K- Private Cars","S- Driver's Negligence",2.00
1189,4261.00,"4- Demerara- Mahaica",368,"Diamond Public Rd.","East bank Demerara (from Georgetown)","-58.1764","6.7061",,,8/2/2011 0:00:00,,"D- Property Damage","F- Driver",25.00,"Male","K- Private Cars;L- Lorries Van","S- Driver's Negligence",2.00
1190,4262.00,"4- Demerara- Mahaica",368,"Sixteenth St. Diamond New Scheme","East bank Demerara (from Georgetown)","-58.1752","6.7058",,,9/8/2011 0:00:00,12/30/1899 17:30:00,"D- Property Damage","F- Driver",,"Male","J- Minibus;K- Private Cars","S- Driver's Negligence",2.00