"ID","Accident ID","Region Number","Corridor ID","Location (Intersection/Road/Street)","Corridor","Location- longitude/ X","Location- latitude/  Y","Mile Marker","Village","Date of Accident","Time of Accident","Type of Accident","Class of Road User","Age/DOB","Gender","Class of Vehicles Involved","Contributing Factor","Number of Persons Involved"
1191,4263.00,"4- Demerara- Mahaica",368,"Diamond Public Rd.","East bank Demerara (from Georgetown)","-58.1764","6.7061",,,9/9/2011 0:00:00,,"D- Property Damage","F- Driver",49.00,"Male","K- Private Cars;L- Lorries Van","S- Driver's Negligence",2.00
1192,4264.00,"4- Demerara- Mahaica",368,"Diamond Access Rd.","East bank Demerara (from Georgetown)","-58.1752","6.7058",,,9/27/2011 0:00:00,,"D- Property Damage","F- Driver",38.00,"Male","N- Pickup","P- Speeding",2.00
1193,4265.00,"4- Demerara- Mahaica",368,"Diamond Access Rd.","East bank Demerara (from Georgetown)","-58.1752","6.7058",,,10/12/2011 0:00:00,,"A- Fatal","G- Rider",,"Male","V-Motor Cycle","P- Speeding",2.00
1194,4266.00,"4- Demerara- Mahaica",368,"Diamond Access Rd.","East bank Demerara (from Georgetown)","-58.1752","6.7058",,,10/28/2011 0:00:00,,"D- Property Damage","F- Driver",,"Male","M- Hire Cars","S- Driver's Negligence",2.00
1195,4267.00,"4- Demerara- Mahaica",368,"Diamond Access Rd.","East bank Demerara (from Georgetown)","-58.1752","6.7058",,,12/11/2011 0:00:00,12/30/1899 14:45:00,"C- Minor Injury","F- Driver",,"Male","J- Minibus;K- Private Cars;N- Pickup","S- Driver's Negligence",3.00
1196,4268.00,"4- Demerara- Mahaica",368,"Diamond Access Rd.","East bank Demerara (from Georgetown)","-58.1752","6.7058",,,12/19/2011 0:00:00,12/30/1899 7:30:00,"C- Minor Injury","F- Driver",,"Male","K- Private Cars;V-Motor Cycle","S- Driver's Negligence",2.00
1197,4269.00,"4- Demerara- Mahaica",368,"Diamond Public Rd.","East bank Demerara (from Georgetown)","-58.1764","6.7061",,,12/20/2011 0:00:00,12/30/1899 16:00:00,"C- Minor Injury","F- Driver",,"Male","L- Lorries Van;W-Pedal Cycle","S- Driver's Negligence",2.00
1198,4270.00,"4- Demerara- Mahaica",368,"Diamond Public Rd.","East bank Demerara (from Georgetown)","-58.1764","6.7061",,,12/25/2011 0:00:00,12/30/1899 18:30:00,"B- Serious Injury","G- Rider",17.00,"Male","K- Private Cars;W-Pedal Cycle","U- Cyclist's Negligence",2.00
1199,4271.00,"4- Demerara- Mahaica",368,"Diamond Public Rd.","East bank Demerara (from Georgetown)","-58.1764","6.7061",,,12/25/2011 0:00:00,12/30/1899 20:30:00,"C- Minor Injury","F- Driver",65.00,"Female","K- Private Cars","S- Driver's Negligence",6.00
1200,4272.00,"4- Demerara- Mahaica",368,"Diamond Public Rd.","East bank Demerara (from Georgetown)","-58.1764","6.7061",,,1/7/2012 0:00:00,12/30/1899 5:45:00,"B- Serious Injury","F- Driver",40.00,"Male","K- Private Cars;L- Lorries Van","S- Driver's Negligence;Y- Animal",2.00
1201,4273.00,"4- Demerara- Mahaica",368,"Diamond Public Rd.","East bank Demerara (from Georgetown)","-58.1764","6.7061",,,1/31/2012 0:00:00,12/30/1899 10:00:00,"C- Minor Injury","F- Driver",52.00,"Male","L- Lorries Van","S- Driver's Negligence",2.00
1202,4274.00,"4- Demerara- Mahaica",368,"Diamond Public Rd.","East bank Demerara (from Georgetown)","-58.1764","6.7061",,,2/6/2012 0:00:00,12/30/1899 1:30:00,"B- Serious Injury","F- Driver",22.00,"Male","K- Private Cars","O- Lost Control & Runoff",1.00
1203,4275.00,"4- Demerara- Mahaica",368,"Diamond Public Rd.","East bank Demerara (from Georgetown)","-58.1764","6.7061",,,2/4/2012 0:00:00,12/30/1899 22:45:00,"D- Property Damage","F- Driver",,"Male","K- Private Cars","O- Lost Control & Runoff",1.00
1204,4276.00,"4- Demerara- Mahaica",368,"Diamond Public Rd.","East bank Demerara (from Georgetown)","-58.1764","6.7061",,,2/12/2012 0:00:00,12/30/1899 1:20:00,"A- Fatal","F- Driver",26.00,"Male","M- Hire Cars","S- Driver's Negligence",2.00
1205,4277.00,"4- Demerara- Mahaica",368,"Diamond Public Rd.","East bank Demerara (from Georgetown)","-58.1764","6.7061",,,2/21/2012 0:00:00,12/30/1899 15:30:00,"C- Minor Injury","F- Driver",51.00,"Male","M- Hire Cars;Z-Animal- Drawn","S- Driver's Negligence",3.00
1206,4278.00,"4- Demerara- Mahaica",368,"Diamond Public Rd.","East bank Demerara (from Georgetown)","-58.1764","6.7061",,,3/4/2012 0:00:00,12/30/1899 16:00:00,"D- Property Damage","F- Driver",39.00,"Male","K- Private Cars","S- Driver's Negligence",2.00
1207,4279.00,"4- Demerara- Mahaica",368,"Eleventh St. Diamond New Scheme","East bank Demerara (from Georgetown)","-58.1752","6.7058",,,3/8/2012 0:00:00,12/30/1899 17:00:00,"C- Minor Injury;D- Property Damage","F- Driver",26.00,"Female","K- Private Cars;W-Pedal Cycle","S- Driver's Negligence",2.00
1208,4280.00,"4- Demerara- Mahaica",368,"Diamond Access Rd.","East bank Demerara (from Georgetown)","-58.1752","6.7058",,,3/8/2012 0:00:00,12/30/1899 19:30:00,"D- Property Damage","F- Driver",24.00,"Male","K- Private Cars","S- Driver's Negligence",2.00
1209,4281.00,"4- Demerara- Mahaica",367,"Little Diamond Public Rd.","East bank Demerara (from Georgetown)","-58.1864","6.7378",,,3/11/2012 0:00:00,12/30/1899 21:45:00,"D- Property Damage","F- Driver",35.00,"Male","K- Private Cars","S- Driver's Negligence",2.00
1210,4282.00,"4- Demerara- Mahaica",368,"Diamond Public Rd.","East bank Demerara (from Georgetown)","-58.1764","6.7061",,,3/15/2012 0:00:00,12/30/1899 19:00:00,"C- Minor Injury","F- Driver",58.00,"Male","K- Private Cars;L- Lorries Van","S- Driver's Negligence",2.00
1211,4283.00,"4- Demerara- Mahaica",368,"Diamond Public Rd.","East bank Demerara (from Georgetown)","-58.1764","6.7061",,,3/27/2012 0:00:00,12/30/1899 13:00:00,"C- Minor Injury","F- Driver",32.00,"Male","K- Private Cars;L- Lorries Van","S- Driver's Negligence",2.00
1212,4284.00,"4- Demerara- Mahaica",368,"Eighth St. Diamond New Scheme","East bank Demerara (from Georgetown)","-58.1752","6.7058",,,3/28/2012 0:00:00,,"D- Property Damage","F- Driver",27.00,"Male","K- Private Cars","S- Driver's Negligence",2.00
1213,4285.00,"4- Demerara- Mahaica",368,"Diamond Access Rd.","East bank Demerara (from Georgetown)","-58.1752","6.7058",,,4/3/2012 0:00:00,12/30/1899 18:45:00,"D- Property Damage","F- Driver",32.00,"Male","K- Private Cars;M- Hire Cars","S- Driver's Negligence",2.00
1214,4286.00,"4- Demerara- Mahaica",368,"Diamond Access Rd.","East bank Demerara (from Georgetown)","-58.1752","6.7058",,,5/5/2012 0:00:00,12/30/1899 16:30:00,"C- Minor Injury","F- Driver",26.00,"Female","N- Pickup","S- Driver's Negligence",2.00
1215,4287.00,"4- Demerara- Mahaica",368,"Diamond Public Rd.","East bank Demerara (from Georgetown)","-58.1764","6.7061",,,5/26/2012 0:00:00,12/30/1899 1:15:00,"B- Serious Injury","F- Driver",51.00,"Male","K- Private Cars","S- Driver's Negligence",2.00
1216,4288.00,"4- Demerara- Mahaica",368,"Diamond Public Rd.","East bank Demerara (from Georgetown)","-58.1764","6.7061",,,5/27/2012 0:00:00,12/30/1899 9:20:00,"C- Minor Injury","F- Driver",37.00,"Male","K- Private Cars","S- Driver's Negligence",2.00
1217,4289.00,"4- Demerara- Mahaica",368,"Eighteenth St., Forty-third Cross St.","East bank Demerara (from Georgetown)","-58.1752","6.7058",,,6/16/2012 0:00:00,12/30/1899 18:00:00,"D- Property Damage","F- Driver",38.00,"Male","K- Private Cars;M- Hire Cars","S- Driver's Negligence",2.00
1218,4290.00,"4- Demerara- Mahaica",368,"Diamond Access Rd.","East bank Demerara (from Georgetown)","-58.1752","6.7058",,,6/4/2012 0:00:00,12/30/1899 17:40:00,"C- Minor Injury","F- Driver",20.00,"Male","K- Private Cars;M- Hire Cars","S- Driver's Negligence",2.00
1219,4291.00,"4- Demerara- Mahaica",368,"Diamond Public Rd.","East bank Demerara (from Georgetown)","-58.1764","6.7061",,,7/9/2012 0:00:00,12/30/1899 16:30:00,"D- Property Damage","F- Driver",23.00,"Male","K- Private Cars","S- Driver's Negligence",2.00
1220,4292.00,"4- Demerara- Mahaica",368,"Twenty-first St. Diamond Access Rd.","East bank Demerara (from Georgetown)","-58.1752","6.7058",,,7/10/2012 0:00:00,,"C- Minor Injury","F- Driver",24.00,"Female","K- Private Cars","S- Driver's Negligence",2.00
1221,4293.00,"4- Demerara- Mahaica",368,"Diamond Access Rd.","East bank Demerara (from Georgetown)","-58.1752","6.7058",,,7/25/2012 0:00:00,12/30/1899 9:07:00,"C- Minor Injury","F- Driver",33.00,"Male","K- Private Cars","S- Driver's Negligence",2.00
1222,4294.00,"4- Demerara- Mahaica",368,"Diamond Access Rd.","East bank Demerara (from Georgetown)","-58.1752","6.7058",,,7/26/2012 0:00:00,12/30/1899 5:50:00,"C- Minor Injury","F- Driver",43.00,"Male","J- Minibus;N- Pickup","S- Driver's Negligence",2.00
1223,4295.00,"4- Demerara- Mahaica",368,"Diamond Access Rd.","East bank Demerara (from Georgetown)","-58.1752","6.7058",,,7/21/2012 0:00:00,12/30/1899 4:40:00,"D- Property Damage","F- Driver",,"Male","K- Private Cars","O- Lost Control & Runoff",1.00
1224,4296.00,"4- Demerara- Mahaica",368,"Diamond Public Rd.","East bank Demerara (from Georgetown)","-58.1764","6.7061",,,7/30/2012 0:00:00,12/30/1899 9:00:00,"D- Property Damage","F- Driver",22.00,"Male","L- Lorries Van;M- Hire Cars","P- Speeding",2.00
1225,4297.00,"4- Demerara- Mahaica",368,"Diamond Public Rd.","East bank Demerara (from Georgetown)","-58.1764","6.7061",,,7/30/2012 0:00:00,12/30/1899 3:30:00,"D- Property Damage","F- Driver",41.00,"Male","K- Private Cars;L- Lorries Van","S- Driver's Negligence",2.00
1226,4298.00,"4- Demerara- Mahaica",368,"Diamond Public Rd.","East bank Demerara (from Georgetown)","-58.1764","6.7061",,,8/6/2012 0:00:00,,"B- Serious Injury","F- Driver",53.00,"Male","K- Private Cars;M- Hire Cars","S- Driver's Negligence",2.00
1227,4299.00,"4- Demerara- Mahaica",368,"Diamond Public Rd.","East bank Demerara (from Georgetown)","-58.1764","6.7061",,,8/16/2012 0:00:00,12/30/1899 9:00:00,"D- Property Damage","F- Driver",48.00,"Male","K- Private Cars;W-Pedal Cycle","S- Driver's Negligence",2.00
1228,4300.00,"4- Demerara- Mahaica",368,"Nineteenth Ave. Diamond Housing Scheme","East bank Demerara (from Georgetown)","-58.1752","6.7058",,,8/19/2012 0:00:00,12/30/1899 12:05:00,"D- Property Damage","F- Driver",59.00,"Male","K- Private Cars","S- Driver's Negligence",2.00
1229,4301.00,"4- Demerara- Mahaica",368,"Diamond Access Rd.","East bank Demerara (from Georgetown)","-58.1752","6.7058",,,9/1/2012 0:00:00,12/30/1899 14:30:00,"D- Property Damage","F- Driver",40.00,"Male","J- Minibus","P- Speeding",2.00
1230,4302.00,"4- Demerara- Mahaica",368,"Diamond Access Rd.","East bank Demerara (from Georgetown)","-58.1752","6.7058",,,9/9/2012 0:00:00,12/30/1899 11:00:00,"C- Minor Injury","F- Driver",70.00,"Male","J- Minibus;K- Private Cars","P- Speeding",2.00
1231,4303.00,"4- Demerara- Mahaica",368,"Seventeenth St. Diamond","East bank Demerara (from Georgetown)","-58.1752","6.7058",,,,,"D- Property Damage","F- Driver",54.00,"Male","K- Private Cars;L- Lorries Van","S- Driver's Negligence",2.00
1232,4304.00,"4- Demerara- Mahaica",368,"Diamond Public Rd.","East bank Demerara (from Georgetown)","-58.1764","6.7061",,,9/4/2012 0:00:00,,"D- Property Damage","F- Driver",27.00,"Male","K- Private Cars","S- Driver's Negligence",2.00
1233,4305.00,"4- Demerara- Mahaica",368,"Diamond Access Rd.","East bank Demerara (from Georgetown)","-58.1752","6.7058",,,9/20/2012 0:00:00,12/30/1899 17:30:00,"D- Property Damage","F- Driver",33.00,"Male","K- Private Cars;V-Motor Cycle","S- Driver's Negligence",2.00
1234,4306.00,"4- Demerara- Mahaica",368,"Diamond Access Rd.","East bank Demerara (from Georgetown)","-58.1752","6.7058",,,9/26/2012 0:00:00,12/30/1899 7:15:00,"C- Minor Injury","F- Driver",31.00,"Male","K- Private Cars","P- Speeding",2.00
1235,4307.00,"4- Demerara- Mahaica",368,"Diamond Housing Scheme","East bank Demerara (from Georgetown)","-58.1864","6.7378",,,10/1/2012 0:00:00,12/30/1899 7:30:00,"C- Minor Injury","F- Driver",59.00,"Male","K- Private Cars","S- Driver's Negligence",2.00
1236,4308.00,"4- Demerara- Mahaica",368,"Diamond Public Rd.","East bank Demerara (from Georgetown)","-58.1764","6.7061",,,10/11/2012 0:00:00,,"A- Fatal","F- Driver",31.00,"Male","K- Private Cars","S- Driver's Negligence",1.00
1237,4309.00,"4- Demerara- Mahaica",368,"Diamond Main Access Rd.","East bank Demerara (from Georgetown)","-58.1752","6.7058",,,10/11/2012 0:00:00,,"C- Minor Injury","F- Driver",34.00,"Male","M- Hire Cars","S- Driver's Negligence",2.00
1238,4310.00,"4- Demerara- Mahaica",368,"Diamond Public Rd.","East bank Demerara (from Georgetown)","-58.1764","6.7061",,,10/12/2012 0:00:00,12/30/1899 21:30:00,"B- Serious Injury","F- Driver",23.00,"Male","K- Private Cars","S- Driver's Negligence",2.00
1239,4311.00,"4- Demerara- Mahaica",368,"Diamond Access Rd.","East bank Demerara (from Georgetown)","-58.1752","6.7058",,,10/26/2012 0:00:00,,"D- Property Damage","F- Driver",30.00,"Male","K- Private Cars;L- Lorries Van","P- Speeding",2.00
1240,4312.00,"4- Demerara- Mahaica",367,"Little Diamond Public Rd.","East bank Demerara (from Georgetown)","-58.1864","6.7378",,,11/6/2012 0:00:00,12/30/1899 7:30:00,"D- Property Damage","F- Driver",20.00,"Male","J- Minibus;K- Private Cars","S- Driver's Negligence",3.00
1241,4313.00,"4- Demerara- Mahaica",368,"Diamond Public Rd.","East bank Demerara (from Georgetown)","-58.1764","6.7061",,,11/16/2012 0:00:00,12/30/1899 11:30:00,"D- Property Damage","F- Driver",25.00,"Male","L- Lorries Van;V-Motor Cycle","S- Driver's Negligence",2.00
1242,4314.00,"4- Demerara- Mahaica",368,"Diamond Main Access Rd.","East bank Demerara (from Georgetown)","-58.1752","6.7058",,,11/26/2012 0:00:00,12/30/1899 6:55:00,"D- Property Damage","F- Driver",41.00,"Female","K- Private Cars","S- Driver's Negligence",2.00
1243,4315.00,"4- Demerara- Mahaica",368,"Diamond Main Access Rd.","East bank Demerara (from Georgetown)","-58.1752","6.7058",,,,,"B- Serious Injury","F- Driver",31.00,"Male","K- Private Cars;V-Motor Cycle","P- Speeding",2.00
1244,4316.00,"4- Demerara- Mahaica",368,"Diamond Main Access Rd.","East bank Demerara (from Georgetown)","-58.1752","6.7058",,,11/29/2012 0:00:00,12/30/1899 18:45:00,"C- Minor Injury","F- Driver",41.00,"Male","K- Private Cars","P- Speeding",2.00
1245,4317.00,"4- Demerara- Mahaica",368,"Diamond Main Access Rd.","East bank Demerara (from Georgetown)","-58.1752","6.7058",,,12/23/2012 0:00:00,12/30/1899 17:00:00,"D- Property Damage","F- Driver",35.00,"Male","J- Minibus;L- Lorries Van","S- Driver's Negligence",2.00
1246,4319.00,"5- Mahaica- Berbice",674,"No. 8 Public Rd.","LEFT BANK BERBICE RIVER (From Georgetown)","-57.5500","6.2500",,,9/21/2002 0:00:00,12/30/1899 19:00:00,"A- Fatal","F- Driver",31.00,"Female","J- Minibus","P- Speeding",2.00
1247,4320.00,"5- Mahaica- Berbice",644,"Fort Wellington Public Rd.","WEST COAST BERBICE ROAD (From Georgetown)","-57.6000","6.4000",,,11/1/2002 0:00:00,12/30/1899 22:40:00,"C- Minor Injury","G- Rider",31.00,"Male","W-Pedal Cycle","U- Cyclist's Negligence",2.00
1248,4321.00,"5- Mahaica- Berbice",638,"Armadale Public Rd.","WEST COAST BERBICE ROAD (From Georgetown)","-57.6167","6.4000",,,11/12/2002 0:00:00,12/30/1899 21:40:00,"C- Minor Injury","F- Driver",41.00,"Male","K- Private Cars","Y-Animal",1.00
1249,4322.00,"5- Mahaica- Berbice",631,"Tempie Public Rd.","WEST COAST BERBICE ROAD (From Georgetown)","-57.6333","6.4333",,,11/26/2002 0:00:00,12/30/1899 6:50:00,"B- Serious Injury","F- Driver",28.00,"Male","K- Private Cars","P- Speeding",2.00
1250,4323.00,"5- Mahaica- Berbice",533,"Bath Settlement Public Rd.","East Coast Demerara Road (From Georgetown)","-57.8500","6.6333",,,11/30/2002 0:00:00,12/30/1899 9:00:00,"B- Serious Injury","F- Driver",39.00,"Male","M- Hire Cars","P- Speeding",2.00
1251,4324.00,"5- Mahaica- Berbice",641,"Hopetown Public Rd.","WEST COAST BERBICE ROAD (From Georgetown)","-57.6000","6.4000",,,10/30/2002 0:00:00,12/30/1899 21:10:00,"C- Minor Injury","F- Driver",39.00,"Female","K- Private Cars","S- Driver's Negligence",2.00
1252,4325.00,"5- Mahaica- Berbice",781,"No. 11 Public Rd.","EAST COAST BERBICE ROAD (From New Amsterdam)","-57.4833","6.2833",,,8/12/2003 0:00:00,12/30/1899 6:30:00,"C- Minor Injury","F- Driver",55.00,"Male","N- Pickup","Y-Animal",1.00
1253,4326.00,"5- Mahaica- Berbice",675,"No. 9 Public Rd.","LEFT BANK BERBICE RIVER (From Georgetown)","-57.5500","6.2500",,,6/17/2003 0:00:00,12/30/1899 16:40:00,"D- Property Damage","F- Driver",29.00,"Male","K- Private Cars;X-Tractor","R- Improper Overtaking",2.00
1254,4327.00,"5- Mahaica- Berbice",837,"No. 30 Public Rd.","CORENTYNE COAST ROAD (Form New Amsterdam)","-57.2500","6.1833",,,6/19/2003 0:00:00,12/30/1899 13:00:00,"B- Serious Injury","E- Pedestrian",7.00,"Male","J- Minibus","T-Pedestrian's Negligence",2.00
1255,4328.00,"5- Mahaica- Berbice",533,"Bath Settlement Public Rd.","East Coast Demerara Road (From Georgetown)","-57.8500","6.6333",,,7/3/2003 0:00:00,12/30/1899 8:15:00,"B- Serious Injury","F- Driver",23.00,"Male","L- Lorries Van;W-Pedal Cycle","P- Speeding",2.00
1256,4329.00,"5- Mahaica- Berbice",635,"Lovely Lass Public Rd.","WEST COAST BERBICE ROAD (From Georgetown)","-57.6167","6.4167",,,8/5/2003 0:00:00,12/30/1899 14:15:00,"A- Fatal","F- Driver",24.00,"Male","L- Lorries Van;W-Pedal Cycle","P- Speeding",2.00
1257,4330.00,"5- Mahaica- Berbice",637,"Bush Lot Public Rd.","WEST COAST BERBICE ROAD (From Georgetown)","-57.6167","6.4167",,,8/10/2003 0:00:00,12/30/1899 11:00:00,"C- Minor Injury","F- Driver",31.00,"Male","M- Hire Cars","O- Lost Control & Runoff",2.00
1258,4331.00,"5- Mahaica- Berbice",594,"No. 10 Public Rd.","LEFT BANK MAHAICONY RIVER (From Georgetown)","-57.8000","6.5500",,,9/3/2003 0:00:00,12/30/1899 14:00:00,"B- Serious Injury","F- Driver",69.00,"Male","L- Lorries Van;W-Pedal Cycle","P- Speeding",2.00
1259,4332.00,"5- Mahaica- Berbice",533,"Bath Settlement Public Rd.","East Coast Demerara Road (From Georgetown)","-57.8500","6.6333",,,9/21/2003 0:00:00,12/30/1899 8:00:00,"B- Serious Injury","G- Rider",53.00,"Male","M- Hire Cars;W-Pedal Cycle","U- Cyclist's Negligence",2.00
1260,4333.00,"5- Mahaica- Berbice",836,"No. 29 Public Rd.","CORENTYNE COAST ROAD (Form New Amsterdam)","-57.2500","6.2000",,,9/20/2003 0:00:00,12/30/1899 20:00:00,"B- Serious Injury","F- Driver",41.00,"Male","K- Private Cars;W-Pedal Cycle","P- Speeding",2.00
1261,4334.00,"5- Mahaica- Berbice",674,"No. 8 Public Rd.","LEFT BANK BERBICE RIVER (From Georgetown)","-57.5500","6.2500",,,9/23/2003 0:00:00,12/30/1899 11:15:00,"B- Serious Injury","F- Driver",33.00,"Male","K- Private Cars;M- Hire Cars","P- Speeding",2.00
1262,4335.00,"5- Mahaica- Berbice",594,"No. 10 Public Rd.","LEFT BANK MAHAICONY RIVER (From Georgetown)","-57.8000","6.5500",,,9/4/2003 0:00:00,12/30/1899 14:30:00,"B- Serious Injury","F- Driver",41.00,"Male","J- Minibus;W-Pedal Cycle","O- Lost Control & Runoff",2.00
1263,4336.00,"5- Mahaica- Berbice",836,"No. 29 Public Rd.","CORENTYNE COAST ROAD (Form New Amsterdam)","-57.2500","6.2000",,,9/24/2003 0:00:00,12/30/1899 11:00:00,"C- Minor Injury","F- Driver",41.00,"Male","M- Hire Cars;W-Pedal Cycle","O- Lost Control & Runoff",2.00
1264,4337.00,"5- Mahaica- Berbice",639,"No. 22 Bel Air Public Rd.","WEST COAST BERBICE ROAD (From Georgetown)","-58.2833","6.5167",,,9/21/2003 0:00:00,12/30/1899 19:30:00,"B- Serious Injury","F- Driver",40.00,"Male","J- Minibus;W-Pedal Cycle","P- Speeding",2.00
1265,4338.00,"5- Mahaica- Berbice",630,"Britannia Public Rd.","WEST COAST BERBICE ROAD (From Georgetown)","-57.6333","6.4333",,,10/8/2003 0:00:00,12/30/1899 16:30:00,"D- Property Damage","F- Driver",57.00,"Male","K- Private Cars","Y-Animal",1.00
1266,4339.00,"5- Mahaica- Berbice",837,"No. 30 Public Rd.","CORENTYNE COAST ROAD (Form New Amsterdam)","-57.2500","6.1833",,,10/10/2003 0:00:00,12/30/1899 14:45:00,"B- Serious Injury","F- Driver",65.00,"Male","J- Minibus;L- Lorries Van","P- Speeding",2.00
1267,4340.00,"5- Mahaica- Berbice",533,"Bath Settlement Public Rd.","East Coast Demerara Road (From Georgetown)","-57.8500","6.6333",,,11/8/2003 0:00:00,12/30/1899 5:30:00,"A- Fatal","F- Driver",34.00,"Male","K- Private Cars;W-Pedal Cycle","P- Speeding",2.00
1268,4341.00,"5- Mahaica- Berbice5- Mahaica- Berbice",533,"Bath Settlement Public Rd.","East Coast Demerara Road (From Georgetown)","-57.8500","6.6333",,,10/29/2003 0:00:00,12/30/1899 22:15:00,"B- Serious Injury","E- Pedestrian",27.00,"Female","N- Pickup","T-Pedestrian's Negligence",2.00
1269,4342.00,"5- Mahaica- Berbice",781,"No. 11 Public Rd.","EAST COAST BERBICE ROAD (From New Amsterdam)","-57.4833","6.2833",,,11/27/2003 0:00:00,12/30/1899 10:20:00,"B- Serious Injury","F- Driver",37.00,"Male","J- Minibus;M- Hire Cars","P- Speeding",2.00
1270,4343.00,"5- Mahaica- Berbice",637,"Bush Lot Public Rd.","WEST COAST BERBICE ROAD (From Georgetown)","-57.6167","6.4167",,,11/28/2003 0:00:00,12/30/1899 11:35:00,"A- Fatal","F- Driver",66.00,"Male","J- Minibus","P- Speeding",2.00
1271,4344.00,"5- Mahaica- Berbice",637,"Bush Lot Public Rd.","WEST COAST BERBICE ROAD (From Georgetown)","-57.6167","6.4167",,,12/12/2003 0:00:00,12/30/1899 23:45:00,"B- Serious Injury","F- Driver",44.00,"Male","L- Lorries Van","P- Speeding",2.00
1272,4345.00,"5- Mahaica- Berbice",533,"Bath Settlement Public Rd.","East Coast Demerara Road (From Georgetown)","-57.8500","6.6333",,,12/13/2003 0:00:00,12/30/1899 5:30:00,"C- Minor Injury","F- Driver",48.00,"Male","J- Minibus","Y-Animal",1.00
1273,4346.00,"5- Mahaica- Berbice",533,"Bath Settlement Public Rd.","East Coast Demerara Road (From Georgetown)","-57.8500","6.6333",,,12/14/2003 0:00:00,12/30/1899 10:00:00,"A- Fatal","F- Driver",40.00,"Male","J- Minibus;W-Pedal Cycle","P- Speeding",2.00
1274,4347.00,"5- Mahaica- Berbice",533,"Bath Settlement Public Rd.","East Coast Demerara Road (From Georgetown)","-57.8500","6.6333",,,12/5/2003 0:00:00,12/30/1899 14:45:00,"B- Serious Injury","F- Driver",48.00,"Male","N- Pickup;W-Pedal Cycle","U- Cyclist's Negligence",2.00
1275,4348.00,"5- Mahaica- Berbice",781,"No. 11 Public Rd.","EAST COAST BERBICE ROAD (From New Amsterdam)","-57.4833","6.2833",,,12/11/2003 0:00:00,12/30/1899 12:00:00,"B- Serious Injury","F- Driver",40.00,"Male","J- Minibus;X-Tractor","R- Improper Overtaking",2.00
1276,4349.00,"5- Mahaica- Berbice",533,"Bath Settlement Public Rd.","East Coast Demerara Road (From Georgetown)","-57.8500","6.6333",,,12/25/2003 0:00:00,12/30/1899 18:45:00,"A- Fatal","F- Driver",53.00,"Male","J- Minibus;W-Pedal Cycle","P- Speeding",2.00
1277,4350.00,"5- Mahaica- Berbice",533,"Bath Settlement Public Rd.","East Coast Demerara Road (From Georgetown)","-57.8500","6.6333",,,12/31/2003 0:00:00,12/30/1899 19:20:00,"B- Serious Injury","F- Driver",32.00,"Male","J- Minibus","P- Speeding",2.00
1278,4351.00,"5- Mahaica- Berbice",671,"No. 5 Public Rd.","LEFT BANK BERBICE RIVER (From Georgetown)","-57.5500","6.2667",,,2/4/2004 0:00:00,12/30/1899 23:00:00,"B- Serious Injury","F- Driver",73.00,"Male","L- Lorries Van","P- Speeding",2.00
1279,4352.00,"5- Mahaica- Berbice",675,"No. 9 Public Rd.","LEFT BANK BERBICE RIVER (From Georgetown)","-57.5500","6.2500",,,2/23/2004 0:00:00,12/30/1899 19:15:00,"C- Minor Injury","F- Driver",34.00,"Male","J- Minibus;L- Lorries Van","P- Speeding",2.00
1280,4353.00,"5- Mahaica- Berbice",835,"No. 28 Public Rd.","CORENTYNE COAST ROAD (Form New Amsterdam)","-57.2667","6.2000",,,3/8/2004 0:00:00,12/30/1899 4:45:00,"B- Serious Injury","F- Driver",32.00,"Male","J- Minibus","P- Speeding",1.00
1281,4354.00,"5- Mahaica- Berbice",634,"Onverwagt Public Rd.","WEST COAST BERBICE ROAD (From Georgetown)","-57.6167","6.4167",,,4/11/2004 0:00:00,12/30/1899 19:00:00,"C- Minor Injury","F- Driver",40.00,"Male","J- Minibus","S- Driver's Negligence",2.00
1282,4355.00,"5- Mahaica- Berbice",837,"No. 30 Public Rd.","CORENTYNE COAST ROAD (Form New Amsterdam)","-57.2500","6.1833",,,4/12/2004 0:00:00,12/30/1899 21:20:00,"C- Minor Injury","E- Pedestrian",28.00,"Female","J- Minibus","T-Pedestrian's Negligence",2.00
1283,4356.00,"5- Mahaica- Berbice",636,"Golden Grove Public Rd.","WEST COAST BERBICE ROAD (From Georgetown)","-57.6167","6.4167",,,4/26/2004 0:00:00,12/30/1899 1:30:00,"B- Serious Injury","F- Driver",41.00,"Male","K- Private Cars;L- Lorries Van","P- Speeding",2.00
1284,4357.00,"5- Mahaica- Berbice",675,"No. 9 Public Rd.","LEFT BANK BERBICE RIVER (From Georgetown)","-57.5500","6.2500",,,5/16/2004 0:00:00,12/30/1899 20:00:00,"D- Property Damage","F- Driver",45.00,"Male","J- Minibus","P- Speeding",1.00
1285,4358.00,"5- Mahaica- Berbice",533,"Bath Settlement Public Rd.","East Coast Demerara Road (From Georgetown)","-57.8500","6.6333",,,5/16/2004 0:00:00,12/30/1899 17:00:00,"B- Serious Injury","F- Driver",51.00,"Male","N- Pickup","Y-Animal",1.00
1286,4359.00,"5- Mahaica- Berbice",637,"Bush Lot Public Rd.","WEST COAST BERBICE ROAD (From Georgetown)","-57.6167","6.4167",,,6/15/2004 0:00:00,12/30/1899 21:00:00,"B- Serious Injury","F- Driver",56.00,"Male","K- Private Cars","P- Speeding",2.00