"ID","Accident ID","Region Number","Corridor ID","Location (Intersection/Road/Street)","Corridor","Location- longitude/ X","Location- latitude/  Y","Mile Marker","Village","Date of Accident","Time of Accident","Type of Accident","Class of Road User","Age/DOB","Gender","Class of Vehicles Involved","Contributing Factor","Number of Persons Involved"
1287,4360.00,"5- Mahaica- Berbice",837,"No. 30 Public Rd.","CORENTYNE COAST ROAD (Form New Amsterdam)","-57.2500","6.1833",,,6/17/2004 0:00:00,12/30/1899 19:45:00,"B- Serious Injury","F- Driver",31.00,"Male","J- Minibus;K- Private Cars","P- Speeding",2.00
1288,4361.00,"5- Mahaica- Berbice",634,"Onverwagt Public Rd.","WEST COAST BERBICE ROAD (From Georgetown)","-57.6167","6.4167",,,6/19/2004 0:00:00,12/30/1899 9:40:00,"D- Property Damage","F- Driver",37.00,"Male","K- Private Cars;X-Tractor","R- Improper Overtaking",2.00
1289,4362.00,"5- Mahaica- Berbice",533,"Bath Settlement Public Rd.","East Coast Demerara Road (From Georgetown)","-57.8500","6.6333",,,7/4/2004 0:00:00,12/30/1899 10:15:00,"A- Fatal","F- Driver",38.00,"Male","J- Minibus;L- Lorries Van","Q- Alcohol",2.00
1290,4363.00,"5- Mahaica- Berbice",644,"Fort Wellington Public Rd.","WEST COAST BERBICE ROAD (From Georgetown)","-57.6000","6.4000",,,7/13/2004 0:00:00,12/30/1899 18:40:00,"B- Serious Injury","G- Rider",27.00,"Male","V-Motor Cycle","Y-Animal",1.00
1291,4364.00,"5- Mahaica- Berbice",648,"Hope Public Rd.","WEST COAST BERBICE ROAD (From Georgetown)","-57.5833","6.3667",,,7/27/2004 0:00:00,12/30/1899 15:30:00,"C- Minor Injury","F- Driver",23.00,"Male","K- Private Cars;M- Hire Cars","P- Speeding",2.00
1292,4365.00,"5- Mahaica- Berbice",652,"Woodley Park Public Rd.","WEST COAST BERBICE ROAD (From Georgetown)","-57.5833","6.3500",,,8/2/2004 0:00:00,12/30/1899 20:15:00,"B- Serious Injury","F- Driver",37.00,"Male","K- Private Cars;L- Lorries Van","S- Driver's Negligence",2.00
1293,4366.00,"5- Mahaica- Berbice5- Mahaica- Berbice",533,"Bath Settlement Public Rd.","East Coast Demerara Road (From Georgetown)","-57.8500","6.6333",,,9/4/2004 0:00:00,12/30/1899 10:15:00,"A- Fatal","F- Driver",26.00,"Male","L- Lorries Van;M- Hire Cars","P- Speeding",2.00
1294,4367.00,"5- Mahaica- Berbice",637,"Bush Lot Public Rd.","WEST COAST BERBICE ROAD (From Georgetown)","-57.6167","6.4167",,,9/11/2004 0:00:00,12/30/1899 20:30:00,"C- Minor Injury","F- Driver",40.00,"Male","J- Minibus;K- Private Cars","Q- Alcohol",2.00
1295,4368.00,"5- Mahaica- Berbice",672,"No. 6 Public Rd.","LEFT BANK BERBICE RIVER (From Georgetown)","-57.5500","6.2500",,,8/19/2004 0:00:00,12/30/1899 12:30:00,"C- Minor Injury","F- Driver",37.00,"Male","M- Hire Cars;V-Motor Cycle","P- Speeding",2.00
1296,4369.00,"5- Mahaica- Berbice",637,"Bush Lot Public Rd.","WEST COAST BERBICE ROAD (From Georgetown)","-57.6167","6.4167",,,9/23/2004 0:00:00,12/30/1899 5:00:00,"B- Serious Injury","F- Driver",28.00,"Male","M- Hire Cars;W-Pedal Cycle","P- Speeding",2.00
1297,4370.00,"5- Mahaica- Berbice",634,"Onverwagt Public Rd.","WEST COAST BERBICE ROAD (From Georgetown)","-57.6167","6.4167",,,10/3/2004 0:00:00,12/30/1899 10:00:00,"A- Fatal","F- Driver",41.00,"Male","L- Lorries Van","P- Speeding",1.00
1298,4371.00,"5- Mahaica- Berbice",637,"Bush Lot Public Rd.","WEST COAST BERBICE ROAD (From Georgetown)","-57.6167","6.4167",,,10/14/2004 0:00:00,12/30/1899 8:45:00,"C- Minor Injury","G- Rider",29.00,"Male","V-Motor Cycle","P- Speeding",1.00
1299,4372.00,"5- Mahaica- Berbice",672,"No. 6 Public Rd.","LEFT BANK BERBICE RIVER (From Georgetown)","-57.5500","6.2500",,,10/7/2004 0:00:00,12/30/1899 6:50:00,"D- Property Damage","F- Driver",34.00,"Male","J- Minibus","P- Speeding",1.00
1300,4373.00,"5- Mahaica- Berbice",637,"Bush Lot Public Rd.","WEST COAST BERBICE ROAD (From Georgetown)","-57.6167","6.4167",,,10/31/2004 0:00:00,12/30/1899 19:30:00,"C- Minor Injury","F- Driver",27.00,"Male","K- Private Cars","Q- Alcohol",1.00
1301,4374.00,"5- Mahaica- Berbice",672,"No. 7 Public Rd.","LEFT BANK BERBICE RIVER (From Georgetown)","-57.5500","6.2500",,,11/12/2004 0:00:00,12/30/1899 7:30:00,"C- Minor Injury","F- Driver",23.00,"Male","J- Minibus","P- Speeding",1.00
1302,4375.00,"5- Mahaica- Berbice",642,"Onderneeming Public Rd.","WEST COAST BERBICE ROAD (From Georgetown)","-57.6000","6.4000",,,11/22/2004 0:00:00,12/30/1899 5:10:00,"B- Serious Injury","F- Driver",41.00,"Male","M- Hire Cars","Y-Animal",1.00
1303,4376.00,"5- Mahaica- Berbice",781,"No. 11 Public Rd.","EAST COAST BERBICE ROAD (From New Amsterdam)","-57.4833","6.2833",,,12/3/2004 0:00:00,12/30/1899 20:00:00,"B- Serious Injury","F- Driver",47.00,"Male","L- Lorries Van","P- Speeding",2.00
1304,4377.00,"5- Mahaica- Berbice",533,"Bath Settlement Public Rd.","East Coast Demerara Road (From Georgetown)","-57.8500","6.6333",,,12/28/2004 0:00:00,12/30/1899 19:30:00,"B- Serious Injury","F- Driver",42.00,"Male","J- Minibus;V-Motor Cycle","P- Speeding",2.00
1305,4378.00,"5- Mahaica- Berbice",675,"No. 9 Public Rd.","LEFT BANK BERBICE RIVER (From Georgetown)","-57.5500","6.2500",,,12/30/2004 0:00:00,12/30/1899 9:25:00,"B- Serious Injury","E- Pedestrian",12.00,"Female","K- Private Cars","T-Pedestrian's Negligence",2.00
1306,4379.00,"5- Mahaica- Berbice",533,"Bath Settlement Public Rd.","East Coast Demerara Road (From Georgetown)","-57.8500","6.6333",,,1/1/2005 0:00:00,12/30/1899 20:01:00,"A- Fatal","F- Driver",63.00,"Male","K- Private Cars","P- Speeding",2.00
1307,4380.00,"5- Mahaica- Berbice",647,"Experiment Public Rd.","WEST COAST BERBICE ROAD (From Georgetown)","-58.3000","6.4000",,,1/25/2005 0:00:00,12/30/1899 14:15:00,"D- Property Damage","F- Driver",51.00,"Male","N- Pickup","Y-Animal",1.00
1308,4381.00,"5- Mahaica- Berbice",637,"Bush Lot Public Rd.","WEST COAST BERBICE ROAD (From Georgetown)","-57.6167","6.4167",,,2/1/2005 0:00:00,12/30/1899 16:00:00,"A- Fatal","F- Driver",35.00,"Male","L- Lorries Van","P- Speeding",2.00
1309,4382.00,"5- Mahaica- Berbice",533,"Bath Settlement Public Rd.","East Coast Demerara Road (From Georgetown)","-57.8500","6.6333",,,2/9/2005 0:00:00,12/30/1899 18:15:00,"B- Serious Injury","F- Driver",35.00,"Male","K- Private Cars;V-Motor Cycle","P- Speeding",2.00
1310,4383.00,"5- Mahaica- Berbice",637,"Bush Lot Public Rd.","WEST COAST BERBICE ROAD (From Georgetown)","-57.6167","6.4167",,,2/17/2005 0:00:00,12/30/1899 16:30:00,"D- Property Damage","F- Driver",33.00,"Male","L- Lorries Van","P- Speeding",1.00
1311,4384.00,"5- Mahaica- Berbice",675,"No. 9 Public Rd.","LEFT BANK BERBICE RIVER (From Georgetown)","-57.5500","6.2500",,,2/7/2005 0:00:00,12/30/1899 5:31:00,"B- Serious Injury","E- Pedestrian",28.00,"Female","N- Pickup","T-Pedestrian's Negligence",2.00
1312,4385.00,"5- Mahaica- Berbice",648,"Hope Public Rd.","WEST COAST BERBICE ROAD (From Georgetown)","-57.5833","6.3667",,,3/10/2005 0:00:00,12/30/1899 14:40:00,"B- Serious Injury","F- Driver",63.00,"Male","J- Minibus;W-Pedal Cycle","P- Speeding",2.00
1313,4386.00,"5- Mahaica- Berbice",671,"No. 5 Public Rd.","LEFT BANK BERBICE RIVER (From Georgetown)","-57.5500","6.2667",,,3/15/2005 0:00:00,12/30/1899 7:35:00,"B- Serious Injury","E- Pedestrian",17.00,"Male","K- Private Cars","T-Pedestrian's Negligence",2.00
1314,4387.00,"5- Mahaica- Berbice",634,"Onverwagt Public Rd.","WEST COAST BERBICE ROAD (From Georgetown)","-57.6167","6.4167",,,3/18/2005 0:00:00,12/30/1899 11:00:00,"C- Minor Injury","F- Driver",52.00,"Male","J- Minibus;K- Private Cars","S- Driver's Negligence",2.00
1315,4388.00,"5- Mahaica- Berbice",644,"Fort Wellington Public Rd.","WEST COAST BERBICE ROAD (From Georgetown)","-57.6000","6.4000",,,3/26/2005 0:00:00,12/30/1899 16:55:00,"B- Serious Injury","F- Driver",30.00,"Male","L- Lorries Van;W-Pedal Cycle","P- Speeding",2.00
1316,4389.00,"5- Mahaica- Berbice",641,"Hopetown Public Rd.","WEST COAST BERBICE ROAD (From Georgetown)","-57.6000","6.4000",,,4/5/2005 0:00:00,12/30/1899 20:35:00,"B- Serious Injury","F- Driver",41.00,"Male","J- Minibus;W-Pedal Cycle","P- Speeding",2.00
1317,4390.00,"5- Mahaica- Berbice",636,"Golden Grove Public Rd.","WEST COAST BERBICE ROAD (From Georgetown)","-57.6167","6.4167",,,4/7/2005 0:00:00,12/30/1899 14:15:00,"C- Minor Injury","F- Driver",28.00,"Male","L- Lorries Van","R- Improper Overtaking",2.00
1318,4391.00,"5- Mahaica- Berbice5- Mahaica- Berbice",533,"Bath Settlement Public Rd.","East Coast Demerara Road (From Georgetown)","-57.8500","6.6333",,,4/18/2005 0:00:00,12/30/1899 14:20:00,"B- Serious Injury","F- Driver",52.00,"Male","J- Minibus","Y-Animal",1.00
1319,4392.00,"5- Mahaica- Berbice",533,"Bath Settlement Public Rd.","East Coast Demerara Road (From Georgetown)","-57.8500","6.6333",,,5/1/2005 0:00:00,12/30/1899 21:30:00,"D- Property Damage","F- Driver",31.00,"Male","J- Minibus","Y-Animal",1.00
1320,4393.00,"5- Mahaica- Berbice",533,"Bath Settlement Public Rd.","East Coast Demerara Road (From Georgetown)","-57.8500","6.6333",,,5/2/2005 0:00:00,12/30/1899 19:30:00,"D- Property Damage","F- Driver",39.00,"Male","J- Minibus","Y-Animal",1.00
1321,4394.00,"5- Mahaica- Berbice",675,"No. 9 Public Rd.","LEFT BANK BERBICE RIVER (From Georgetown)","-57.5500","6.2500",,,5/9/2005 0:00:00,12/30/1899 10:00:00,"D- Property Damage","F- Driver",34.00,"Male","J- Minibus","O- Lost Control & Runoff",1.00
1322,4395.00,"5- Mahaica- Berbice",631,"Tempie Public Rd.","WEST COAST BERBICE ROAD (From Georgetown)","-57.6333","6.4333",,,5/14/2005 0:00:00,12/30/1899 17:45:00,"C- Minor Injury","F- Driver",36.00,"Male","X-Tractor","T-Pedestrian's Negligence",2.00
1323,4396.00,"5- Mahaica- Berbice",642,"Onderneeming Public Rd.","WEST COAST BERBICE ROAD (From Georgetown)","-57.6000","6.4000",,,5/17/2005 0:00:00,12/30/1899 17:30:00,"C- Minor Injury","F- Driver",36.00,"Male","K- Private Cars;L- Lorries Van","P- Speeding",2.00
1324,4397.00,"5- Mahaica- Berbice",533,"Bath Settlement Public Rd.","East Coast Demerara Road (From Georgetown)","-57.8500","6.6333",,,6/15/2005 0:00:00,12/30/1899 10:30:00,"C- Minor Injury","F- Driver",60.00,"Male","K- Private Cars","O- Lost Control & Runoff",2.00
1325,4398.00,"5- Mahaica- Berbice",641,"Hopetown Public Rd.","WEST COAST BERBICE ROAD (From Georgetown)","-57.6000","6.4000",,,6/18/2005 0:00:00,12/30/1899 19:10:00,"A- Fatal","F- Driver",43.00,"Male","L- Lorries Van","P- Speeding",2.00
1326,4399.00,"5- Mahaica- Berbice",634,"Onverwagt Public Rd.","WEST COAST BERBICE ROAD (From Georgetown)","-57.6167","6.4167",,,6/27/2005 0:00:00,12/30/1899 8:48:00,"A- Fatal","F- Driver",45.00,"Male","M- Hire Cars","P- Speeding",1.00
1327,4400.00,"5- Mahaica- Berbice",644,"Fort Wellington Public Rd.","WEST COAST BERBICE ROAD (From Georgetown)","-57.6000","6.4000",,,6/28/2005 0:00:00,12/30/1899 16:30:00,"D- Property Damage","F- Driver",40.00,"Male","M- Hire Cars","Y-Animal",1.00
1328,4401.00,"5- Mahaica- Berbice",533,"Bath Settlement Public Rd.","East Coast Demerara Road (From Georgetown)","-57.8500","6.6333",,,7/6/2005 0:00:00,12/30/1899 14:50:00,"D- Property Damage","F- Driver",52.00,"Male","J- Minibus;M- Hire Cars","P- Speeding",2.00
1329,4402.00,"5- Mahaica- Berbice",637,"Bush Lot Public Rd.","WEST COAST BERBICE ROAD (From Georgetown)","-57.6167","6.4167",,,7/8/2005 0:00:00,12/30/1899 9:30:00,"B- Serious Injury","F- Driver",41.00,"Male","L- Lorries Van","P- Speeding",2.00
1330,4403.00,"5- Mahaica- Berbice",671,"No. 5 Public Rd.","LEFT BANK BERBICE RIVER (From Georgetown)","-57.5500","6.2667",,,7/14/2005 0:00:00,12/30/1899 17:00:00,"B- Serious Injury","F- Driver",50.00,"Male","M- Hire Cars","Y-Animal",1.00
1331,4404.00,"5- Mahaica- Berbice",781,"No. 11 Public Rd.","EAST COAST BERBICE ROAD (From New Amsterdam)","-57.4833","6.2833",,,8/12/2005 0:00:00,12/30/1899 16:10:00,"C- Minor Injury","F- Driver",25.00,"Male","M- Hire Cars","R- Improper Overtaking",2.00
1332,4405.00,"5- Mahaica- Berbice",672,"No. 7 Public Rd.","LEFT BANK BERBICE RIVER (From Georgetown)","-57.5500","6.2500",,,9/4/2005 0:00:00,12/30/1899 14:30:00,"C- Minor Injury","F- Driver",35.00,"Male","K- Private Cars;V-Motor Cycle","P- Speeding",2.00
1333,4406.00,"5- Mahaica- Berbice",594,"No. 10 Public Rd.","LEFT BANK MAHAICONY RIVER (From Georgetown)","-57.8000","6.5500",,,10/4/2005 0:00:00,12/30/1899 14:15:00,"D- Property Damage","F- Driver",31.00,"Male","L- Lorries Van;M- Hire Cars","P- Speeding",2.00
1334,4407.00,"5- Mahaica- Berbice",637,"Bush Lot Public Rd.","WEST COAST BERBICE ROAD (From Georgetown)","-57.6167","6.4167",,,10/29/2005 0:00:00,12/30/1899 15:30:00,"B- Serious Injury","F- Driver",51.00,"Male","K- Private Cars;W-Pedal Cycle","P- Speeding",2.00
1335,4408.00,"5- Mahaica- Berbice",836,"No. 29 Public Rd.","CORENTYNE COAST ROAD (Form New Amsterdam)","-57.2500","6.2000",,,10/31/2005 0:00:00,12/30/1899 8:00:00,"C- Minor Injury","E- Pedestrian",9.00,"Female","J- Minibus","T-Pedestrian's Negligence",2.00
1336,4409.00,"5- Mahaica- Berbice",671,"No. 5 Public Rd.","LEFT BANK BERBICE RIVER (From Georgetown)","-57.5500","6.2667",,,11/5/2005 0:00:00,12/30/1899 16:00:00,"B- Serious Injury","F- Driver",36.00,"Male","J- Minibus;V-Motor Cycle","P- Speeding",2.00
1337,4410.00,"5- Mahaica- Berbice",781,"No. 11 Public Rd.","EAST COAST BERBICE ROAD (From New Amsterdam)","-57.4833","6.2833",,,11/11/2005 0:00:00,12/30/1899 18:30:00,"A- Fatal","F- Driver",31.00,"Female","K- Private Cars","P- Speeding",2.00
1338,4411.00,"5- Mahaica- Berbice",674,"No. 8 Public Rd.","LEFT BANK BERBICE RIVER (From Georgetown)","-57.5500","6.2500",,,11/14/2005 0:00:00,12/30/1899 21:30:00,"D- Property Damage","F- Driver",50.00,"Male","M- Hire Cars","Y-Animal",1.00
1339,4412.00,"5- Mahaica- Berbice",642,"Onderneeming Public Rd.","WEST COAST BERBICE ROAD (From Georgetown)","-57.6000","6.4000",,,11/26/2005 0:00:00,12/30/1899 3:40:00,"B- Serious Injury","F- Driver",26.00,"Male","K- Private Cars","P- Speeding",1.00
1340,4413.00,"5- Mahaica- Berbice",639,"No. 22 Bel Air Public Rd.","WEST COAST BERBICE ROAD (From Georgetown)","-58.2833","6.5167",,,12/2/2005 0:00:00,12/30/1899 18:30:00,"C- Minor Injury","G- Rider",17.00,"Male","M- Hire Cars;W-Pedal Cycle","U- Cyclist's Negligence",2.00
1341,4414.00,"5- Mahaica- Berbice",645,"Naarstigheid Public Rd.","WEST COAST BERBICE ROAD (From Georgetown)","-57.6000","6.3833",,,12/5/2005 0:00:00,12/30/1899 14:00:00,"D- Property Damage","F- Driver",38.00,"Male","N- Pickup","Y-Animal",1.00
1342,4415.00,"5- Mahaica- Berbice",635,"Lovely Lass Public Rd.","WEST COAST BERBICE ROAD (From Georgetown)","-57.6167","6.4167",,,12/13/2005 0:00:00,12/30/1899 19:00:00,"A- Fatal","F- Driver",51.00,"Male","L- Lorries Van;N- Pickup","Q- Alcohol",2.00
1343,4416.00,"5- Mahaica- Berbice5- Mahaica- Berbice",533,"Bath Settlement Public Rd.","East Coast Demerara Road (From Georgetown)","-57.8500","6.6333",,,12/16/2005 0:00:00,12/30/1899 16:30:00,"C- Minor Injury","F- Driver",34.00,"Male","J- Minibus;M- Hire Cars","P- Speeding",2.00
1344,4417.00,"5- Mahaica- Berbice",638,"Armadale Public Rd.","WEST COAST BERBICE ROAD (From Georgetown)","-57.6167","6.4000",,,12/24/2005 0:00:00,12/30/1899 17:15:00,"B- Serious Injury","F- Driver",42.00,"Male","M- Hire Cars","P- Speeding",2.00
1345,4418.00,"5- Mahaica- Berbice",835,"No. 28 Public Rd.","CORENTYNE COAST ROAD (Form New Amsterdam)","-57.2667","6.2000",,,12/27/2005 0:00:00,12/30/1899 19:45:00,"D- Property Damage","E- Pedestrian",7.00,"Female","X-Tractor","T-Pedestrian's Negligence",2.00
1346,4419.00,"5- Mahaica- Berbice",637,"Bush Lot Public Rd.","WEST COAST BERBICE ROAD (From Georgetown)","-57.6167","6.4167",,,12/26/2005 0:00:00,12/30/1899 14:00:00,"C- Minor Injury","F- Driver",30.00,"Male","J- Minibus;W-Pedal Cycle","P- Speeding",2.00
1347,4420.00,"5- Mahaica- Berbice",637,"Bush Lot Public Rd.","WEST COAST BERBICE ROAD (From Georgetown)","-57.6167","6.4167",,,1/1/2006 0:00:00,12/30/1899 1:10:00,"D- Property Damage","F- Driver",41.00,"Male","M- Hire Cars","P- Speeding",2.00
1348,4421.00,"5- Mahaica- Berbice",533,"Bath Settlement Public Rd.","East Coast Demerara Road (From Georgetown)","-57.8500","6.6333",,,1/10/2006 0:00:00,12/30/1899 19:00:00,"B- Serious Injury","F- Driver",21.00,"Male","J- Minibus;N- Pickup","P- Speeding",2.00
1349,4422.00,"5- Mahaica- Berbice",533,"Bath Settlement Public Rd.","East Coast Demerara Road (From Georgetown)","-57.8500","6.6333",,,1/26/2006 0:00:00,12/30/1899 16:35:00,"B- Serious Injury","F- Driver",30.00,"Male","J- Minibus;W-Pedal Cycle","R- Improper Overtaking",2.00
1350,4423.00,"5- Mahaica- Berbice",635,"Lovely Lass Public Rd.","WEST COAST BERBICE ROAD (From Georgetown)","-57.6167","6.4167",,,2/7/2006 0:00:00,12/30/1899 19:00:00,"C- Minor Injury","G- Rider",41.00,"Male","K- Private Cars;W-Pedal Cycle","U- Cyclist's Negligence",2.00
1351,4424.00,"5- Mahaica- Berbice",637,"Bush Lot Public Rd.","WEST COAST BERBICE ROAD (From Georgetown)","-57.6167","6.4167",,,2/13/2006 0:00:00,12/30/1899 14:45:00,"C- Minor Injury","F- Driver",35.00,"Male","K- Private Cars","S- Driver's Negligence",2.00
1352,4425.00,"5- Mahaica- Berbice",639,"No. 22 Bel Air Public Rd.","WEST COAST BERBICE ROAD (From Georgetown)","-58.2833","6.5167",,,2/24/2006 0:00:00,12/30/1899 12:50:00,"D- Property Damage","F- Driver",51.00,"Male","L- Lorries Van","Y-Animal",1.00
1353,4426.00,"5- Mahaica- Berbice",641,"Hopetown Public Rd.","WEST COAST BERBICE ROAD (From Georgetown)","-57.6000","6.4000",,,2/25/2006 0:00:00,12/30/1899 1:25:00,"C- Minor Injury","E- Pedestrian",39.00,"Male","N- Pickup","T-Pedestrian's Negligence",2.00
1354,4427.00,"5- Mahaica- Berbice",533,"Bath Settlement Public Rd.","East Coast Demerara Road (From Georgetown)","-57.8500","6.6333",,,3/7/2006 0:00:00,12/30/1899 11:30:00,"C- Minor Injury","F- Driver",34.00,"Male","K- Private Cars","Y-Animal",1.00
1355,4428.00,"5- Mahaica- Berbice",533,"Bath Settlement Public Rd.","East Coast Demerara Road (From Georgetown)","-57.8500","6.6333",,,3/12/2006 0:00:00,12/30/1899 16:40:00,"A- Fatal","F- Driver",27.00,"Male","N- Pickup","P- Speeding",2.00
1356,4429.00,"5- Mahaica- Berbice",533,"Bath Settlement Public Rd.","East Coast Demerara Road (From Georgetown)","-57.8500","6.6333",,,3/12/2006 0:00:00,12/30/1899 19:15:00,"B- Serious Injury","F- Driver",36.00,"Male","J- Minibus;L- Lorries Van","R- Improper Overtaking",2.00
1357,4430.00,"5- Mahaica- Berbice",636,"Golden Grove Public Rd.","WEST COAST BERBICE ROAD (From Georgetown)","-57.6167","6.4167",,,3/17/2006 0:00:00,12/30/1899 11:35:00,"A- Fatal","F- Driver",37.00,"Male","J- Minibus;M- Hire Cars","O- Lost Control & Runoff",2.00
1358,4431.00,"5- Mahaica- Berbice",637,"Bush Lot Public Rd.","WEST COAST BERBICE ROAD (From Georgetown)","-57.6167","6.4167",,,3/26/2006 0:00:00,12/30/1899 21:20:00,"B- Serious Injury","F- Driver",25.00,"Male","K- Private Cars","P- Speeding",2.00
1359,4432.00,"5- Mahaica- Berbice",647,"Experiment Public Rd.","WEST COAST BERBICE ROAD (From Georgetown)","-58.3000","6.4000",,,4/13/2006 0:00:00,12/30/1899 13:45:00,"D- Property Damage","F- Driver",59.00,"Male","K- Private Cars;L- Lorries Van","P- Speeding",2.00
1360,4433.00,"5- Mahaica- Berbice",641,"Hopetown Public Rd.","WEST COAST BERBICE ROAD (From Georgetown)","-57.6000","6.4000",,,4/23/2006 0:00:00,12/30/1899 7:35:00,"D- Property Damage","F- Driver",35.00,"Male","J- Minibus;V-Motor Cycle","P- Speeding",2.00
1361,4434.00,"5- Mahaica- Berbice",533,"Bath Settlement Public Rd.","East Coast Demerara Road (From Georgetown)","-57.8500","6.6333",,,5/15/2006 0:00:00,12/30/1899 23:45:00,"D- Property Damage","F- Driver",39.00,"Male","M- Hire Cars","P- Speeding",1.00
1362,4435.00,"5- Mahaica- Berbice",533,"Bath Settlement Public Rd.","East Coast Demerara Road (From Georgetown)","-57.8500","6.6333",,,5/18/2006 0:00:00,12/30/1899 14:45:00,"C- Minor Injury","E- Pedestrian",38.00,"Female","M- Hire Cars","T-Pedestrian's Negligence",2.00
1363,4436.00,"5- Mahaica- Berbice",533,"Bath Settlement Public Rd.","East Coast Demerara Road (From Georgetown)","-57.8500","6.6333",,,5/27/2006 0:00:00,12/30/1899 10:20:00,"D- Property Damage","F- Driver",37.00,"Male","N- Pickup","P- Speeding",1.00
1364,4437.00,"5- Mahaica- Berbice",533,"Bath Settlement Public Rd.","East Coast Demerara Road (From Georgetown)","-57.8500","6.6333",,,5/29/2006 0:00:00,12/30/1899 14:30:00,"B- Serious Injury","F- Driver",48.00,"Male","L- Lorries Van","Y-Animal",1.00
1365,4438.00,"5- Mahaica- Berbice",533,"Bath Settlement Public Rd.","East Coast Demerara Road (From Georgetown)","-57.8500","6.6333",,,5/29/2006 0:00:00,12/30/1899 14:30:00,"B- Serious Injury","F- Driver",43.00,"Male","K- Private Cars","P- Speeding",1.00
1366,4439.00,"5- Mahaica- Berbice",533,"Bath Settlement Public Rd.","East Coast Demerara Road (From Georgetown)","-57.8500","6.6333",,,6/2/2006 0:00:00,12/30/1899 16:40:00,"C- Minor Injury","G- Rider",12.00,"Male","M- Hire Cars;W-Pedal Cycle","U- Cyclist's Negligence",2.00
1367,4440.00,"5- Mahaica- Berbice",533,"Bath Settlement Public Rd.","East Coast Demerara Road (From Georgetown)","-57.8500","6.6333",,,6/4/2006 0:00:00,12/30/1899 23:15:00,"B- Serious Injury","F- Driver",40.00,"Male","K- Private Cars","P- Speeding",1.00
1368,4441.00,"5- Mahaica- Berbice5- Mahaica- Berbice",533,"Bath Settlement Public Rd.","East Coast Demerara Road (From Georgetown)","-57.8500","6.6333",,,6/18/2006 0:00:00,12/30/1899 5:00:00,"D- Property Damage","F- Driver",35.00,"Male","N- Pickup","Y-Animal",1.00
1369,4442.00,"5- Mahaica- Berbice",634,"Onverwagt Public Rd.","WEST COAST BERBICE ROAD (From Georgetown)","-57.6167","6.4167",,,6/22/2006 0:00:00,12/30/1899 20:30:00,"D- Property Damage","F- Driver",43.00,"Male","L- Lorries Van","Y-Animal",1.00
1370,4443.00,"5- Mahaica- Berbice",533,"Bath Settlement Public Rd.","East Coast Demerara Road (From Georgetown)","-57.8500","6.6333",,,7/10/2006 0:00:00,12/30/1899 10:30:00,"B- Serious Injury","F- Driver",26.00,"Male","J- Minibus;K- Private Cars","P- Speeding",2.00
1371,4444.00,"5- Mahaica- Berbice",674,"No. 8 Public Rd.","LEFT BANK BERBICE RIVER (From Georgetown)","-57.5500","6.2500",,,7/16/2006 0:00:00,12/30/1899 3:15:00,"D- Property Damage","F- Driver",48.00,"Male","L- Lorries Van","Y-Animal",1.00
1372,4445.00,"5- Mahaica- Berbice",787,"No. 23 Public Rd.","EAST COAST BERBICE ROAD (From New Amsterdam)","-57.4500","6.2667",,,7/2/2006 0:00:00,12/30/1899 0:41:00,"D- Property Damage","F- Driver",35.00,"Male","L- Lorries Van;M- Hire Cars","P- Speeding",2.00
1373,4446.00,"5- Mahaica- Berbice",781,"No. 11 Public Rd.","EAST COAST BERBICE ROAD (From New Amsterdam)","-57.4833","6.2833",,,7/30/2006 0:00:00,12/30/1899 16:28:00,"A- Fatal","F- Driver",38.00,"Male","K- Private Cars","P- Speeding",2.00
1374,4447.00,"5- Mahaica- Berbice",835,"No. 28 Public Rd.","CORENTYNE COAST ROAD (Form New Amsterdam)","-57.2667","6.2000",,,8/1/2006 0:00:00,12/30/1899 2:00:00,"D- Property Damage","F- Driver",24.00,"Male","K- Private Cars","Y-Animal",1.00
1375,4448.00,"5- Mahaica- Berbice",533,"Bath Settlement Public Rd.","East Coast Demerara Road (From Georgetown)","-57.8500","6.6333",,,8/8/2006 0:00:00,12/30/1899 1:15:00,"D- Property Damage","F- Driver",28.00,"Male","L- Lorries Van","Y-Animal",1.00
1376,4449.00,"5- Mahaica- Berbice",835,"No. 28 Public Rd.","CORENTYNE COAST ROAD (Form New Amsterdam)","-57.2667","6.2000",,,9/15/2006 0:00:00,12/30/1899 21:00:00,"C- Minor Injury","G- Rider",37.00,"Male","V-Motor Cycle","P- Speeding",2.00
1377,4450.00,"5- Mahaica- Berbice",533,"Bath Settlement Public Rd.","East Coast Demerara Road (From Georgetown)","-57.8500","6.6333",,,9/19/2006 0:00:00,12/30/1899 7:30:00,"B- Serious Injury","F- Driver",34.00,"Male","J- Minibus;M- Hire Cars","P- Speeding",2.00
1378,4451.00,"5- Mahaica- Berbice",533,"Bath Settlement Public Rd.","East Coast Demerara Road (From Georgetown)","-57.8500","6.6333",,,9/13/2006 0:00:00,12/30/1899 13:00:00,"B- Serious Injury","G- Rider",47.00,"Male","J- Minibus;W-Pedal Cycle","U- Cyclist's Negligence",2.00
1379,4452.00,"5- Mahaica- Berbice",675,"No. 9 Public Rd.","LEFT BANK BERBICE RIVER (From Georgetown)","-57.5500","6.2500",,,9/25/2006 0:00:00,12/30/1899 14:00:00,"B- Serious Injury","F- Driver",40.00,"Male","L- Lorries Van;W-Pedal Cycle","Y-Animal",2.00
1380,4453.00,"5- Mahaica- Berbice",835,"No. 28 Public Rd.","CORENTYNE COAST ROAD (Form New Amsterdam)","-57.2667","6.2000",,,10/3/2006 0:00:00,12/30/1899 19:10:00,"B- Serious Injury","F- Driver",37.00,"Male","L- Lorries Van","Y-Animal",1.00
1381,4454.00,"5- Mahaica- Berbice",594,"No. 10 Public Rd.","LEFT BANK MAHAICONY RIVER (From Georgetown)","-57.8000","6.5500",,,10/20/2006 0:00:00,12/30/1899 14:30:00,"B- Serious Injury","F- Driver",46.00,"Male","K- Private Cars","S- Driver's Negligence",1.00
1382,4455.00,"5- Mahaica- Berbice",637,"Bush Lot Public Rd.","WEST COAST BERBICE ROAD (From Georgetown)","-57.6167","6.4167",,,10/4/2006 0:00:00,12/30/1899 20:10:00,"D- Property Damage","F- Driver",32.00,"Male","L- Lorries Van","P- Speeding",1.00