"ID","Accident ID","Region Number","Corridor ID","Location (Intersection/Road/Street)","Corridor","Location- longitude/ X","Location- latitude/  Y","Mile Marker","Village","Date of Accident","Time of Accident","Type of Accident","Class of Road User","Age/DOB","Gender","Class of Vehicles Involved","Contributing Factor","Number of Persons Involved"
1383,4456.00,"5- Mahaica- Berbice",533,"Bath Settlement Public Rd.","East Coast Demerara Road (From Georgetown)","-57.8500","6.6333",,,11/15/2006 0:00:00,12/30/1899 8:50:00,"B- Serious Injury","F- Driver",38.00,"Male","K- Private Cars;L- Lorries Van","R- Improper Overtaking",2.00
1384,4457.00,"5- Mahaica- Berbice",639,"No. 22 Bel Air Public Rd.","WEST COAST BERBICE ROAD (From Georgetown)","-58.2833","6.5167",,,12/2/2006 0:00:00,12/30/1899 18:00:00,"B- Serious Injury","F- Driver",41.00,"Male","N- Pickup;V-Motor Cycle","P- Speeding",2.00
1385,4458.00,"5- Mahaica- Berbice",837,"No. 30 Public Rd.","CORENTYNE COAST ROAD (Form New Amsterdam)","-57.2500","6.1833",,,12/10/2006 0:00:00,12/30/1899 7:45:00,"B- Serious Injury","G- Rider",8.00,"Female","L- Lorries Van;W-Pedal Cycle","U- Cyclist's Negligence",2.00
1386,4459.00,"5- Mahaica- Berbice",671,"No. 5 Public Rd.","LEFT BANK BERBICE RIVER (From Georgetown)","-57.5500","6.2667",,,12/20/2006 0:00:00,12/30/1899 20:05:00,"A- Fatal","G- Rider",48.00,"Male","L- Lorries Van;W-Pedal Cycle","U- Cyclist's Negligence",2.00
1387,4460.00,"5- Mahaica- Berbice",672,"No. 7 Public Rd.","LEFT BANK BERBICE RIVER (From Georgetown)","-57.5500","6.2500",,,12/25/2006 0:00:00,12/30/1899 1:10:00,"D- Property Damage","F- Driver",42.00,"Male","K- Private Cars","Y-Animal",1.00
1388,4461.00,"5- Mahaica- Berbice",637,"Bush Lot Public Rd.","WEST COAST BERBICE ROAD (From Georgetown)","-57.6167","6.4167",,,12/26/2006 0:00:00,12/30/1899 22:20:00,"B- Serious Injury","F- Driver",37.00,"Male","J- Minibus;W-Pedal Cycle","P- Speeding",2.00
1389,4462.00,"5- Mahaica- Berbice",637,"Bush Lot Public Rd.","WEST COAST BERBICE ROAD (From Georgetown)","-57.6167","6.4167",,,12/26/2006 0:00:00,12/30/1899 16:00:00,"C- Minor Injury","F- Driver",40.00,"Male","M- Hire Cars;W-Pedal Cycle","P- Speeding",2.00
1390,4463.00,"5- Mahaica- Berbice",674,"No. 8 Public Rd.","LEFT BANK BERBICE RIVER (From Georgetown)","-57.5500","6.2500",,,12/31/2006 0:00:00,12/30/1899 1:30:00,"B- Serious Injury","F- Driver",52.00,"Male","J- Minibus","Y-Animal",1.00
1391,4464.00,"5- Mahaica- Berbice",781,"No. 11 Public Rd.","EAST COAST BERBICE ROAD (From New Amsterdam)","-57.4833","6.2833",,,1/28/2007 0:00:00,12/30/1899 10:00:00,"B- Serious Injury","F- Driver",41.00,"Male","J- Minibus","P- Speeding",2.00
1392,4465.00,"5- Mahaica- Berbice",672,"No. 6 Public Rd.","LEFT BANK BERBICE RIVER (From Georgetown)","-57.5500","6.2500",,,2/10/2007 0:00:00,12/30/1899 8:30:00,"B- Serious Injury","F- Driver",52.00,"Male","J- Minibus;V-Motor Cycle","O- Lost Control & Runoff",2.00
1393,4466.00,"5- Mahaica- Berbice5- Mahaica- Berbice",533,"Bath Settlement Public Rd.","East Coast Demerara Road (From Georgetown)","-57.8500","6.6333",,,3/13/2007 0:00:00,12/30/1899 19:00:00,"D- Property Damage","F- Driver",27.00,"Male","L- Lorries Van;M- Hire Cars","P- Speeding",2.00
1394,4467.00,"5- Mahaica- Berbice",637,"Bush Lot Public Rd.","WEST COAST BERBICE ROAD (From Georgetown)","-57.6167","6.4167",,,3/21/2007 0:00:00,12/30/1899 21:00:00,"B- Serious Injury","F- Driver",41.00,"Male","J- Minibus","P- Speeding",2.00
1395,4468.00,"5- Mahaica- Berbice",644,"Fort Wellington Public Rd.","WEST COAST BERBICE ROAD (From Georgetown)","-57.6000","6.4000",,,4/19/2007 0:00:00,12/30/1899 21:00:00,"D- Property Damage","F- Driver",27.00,"Male","K- Private Cars","R- Improper Overtaking",2.00
1396,4469.00,"5- Mahaica- Berbice",533,"Bath Settlement Public Rd.","East Coast Demerara Road (From Georgetown)","-57.8500","6.6333",,,4/29/2007 0:00:00,12/30/1899 7:15:00,"C- Minor Injury","F- Driver",51.00,"Male","L- Lorries Van;M- Hire Cars","P- Speeding",2.00
1397,4470.00,"5- Mahaica- Berbice",836,"No. 29 Public Rd.","CORENTYNE COAST ROAD (Form New Amsterdam)","-57.2500","6.2000",,,5/17/2007 0:00:00,12/30/1899 19:20:00,"B- Serious Injury","F- Driver",32.00,"Male","K- Private Cars;L- Lorries Van","P- Speeding",2.00
1398,4471.00,"5- Mahaica- Berbice",674,"No. 8 Public Rd.","LEFT BANK BERBICE RIVER (From Georgetown)","-57.5500","6.2500",,,5/23/2007 0:00:00,12/30/1899 16:45:00,"C- Minor Injury","F- Driver",42.00,"Male","J- Minibus;W-Pedal Cycle","U- Cyclist's Negligence",2.00
1399,4472.00,"5- Mahaica- Berbice",533,"Bath Settlement Public Rd.","East Coast Demerara Road (From Georgetown)","-57.8500","6.6333",,,7/14/2007 0:00:00,12/30/1899 17:30:00,"C- Minor Injury","G- Rider",38.00,"Male","J- Minibus;W-Pedal Cycle","U- Cyclist's Negligence",2.00
1400,4473.00,"5- Mahaica- Berbice",642,"Onderneeming Public Rd.","WEST COAST BERBICE ROAD (From Georgetown)","-57.6000","6.4000",,,7/14/2007 0:00:00,12/30/1899 5:00:00,"D- Property Damage","F- Driver",47.00,"Male","J- Minibus","Y-Animal",1.00
1401,4474.00,"5- Mahaica- Berbice",781,"No. 11 Public Rd.","EAST COAST BERBICE ROAD (From New Amsterdam)","-57.4833","6.2833",,,7/15/2007 0:00:00,12/30/1899 18:00:00,"B- Serious Injury","F- Driver",50.00,"Male","J- Minibus;V-Motor Cycle","P- Speeding",2.00
1402,4475.00,"5- Mahaica- Berbice",789,"No. 27 Public Rd.","EAST COAST BERBICE ROAD (From New Amsterdam)","-57.4333","6.2667",,,7/21/2007 0:00:00,12/30/1899 13:30:00,"B- Serious Injury","G- Rider",31.00,"Male","M- Hire Cars;W-Pedal Cycle","U- Cyclist's Negligence",2.00
1403,4476.00,"5- Mahaica- Berbice",634,"Onverwagt Public Rd.","WEST COAST BERBICE ROAD (From Georgetown)","-57.6167","6.4167",,,7/21/2007 0:00:00,12/30/1899 18:45:00,"B- Serious Injury","F- Driver",51.00,"Male","L- Lorries Van","Y-Animal",1.00
1404,4477.00,"5- Mahaica- Berbice",533,"Bath Settlement Public Rd.","East Coast Demerara Road (From Georgetown)","-57.8500","6.6333",,,7/21/2007 0:00:00,12/30/1899 20:15:00,"B- Serious Injury","F- Driver",28.00,"Male","K- Private Cars;M- Hire Cars","O- Lost Control & Runoff",2.00
1405,4478.00,"5- Mahaica- Berbice",781,"No. 11 Public Rd.","EAST COAST BERBICE ROAD (From New Amsterdam)","-57.4833","6.2833",,,8/18/2007 0:00:00,12/30/1899 18:30:00,"B- Serious Injury","F- Driver",43.00,"Male","J- Minibus","P- Speeding",2.00
1406,4479.00,"5- Mahaica- Berbice",641,"Hopetown Public Rd.","WEST COAST BERBICE ROAD (From Georgetown)","-57.6000","6.4000",,,8/20/2007 0:00:00,12/30/1899 15:45:00,"D- Property Damage","F- Driver",61.00,"Male","L- Lorries Van","Y-Animal",1.00
1407,4480.00,"5- Mahaica- Berbice",837,"No. 30 Public Rd.","CORENTYNE COAST ROAD (Form New Amsterdam)","-57.2500","6.1833",,,10/4/2007 0:00:00,12/30/1899 17:00:00,"C- Minor Injury","F- Driver",45.00,"Male","J- Minibus;N- Pickup","P- Speeding",2.00
1408,4481.00,"5- Mahaica- Berbice",675,"No. 9 Public Rd.","LEFT BANK BERBICE RIVER (From Georgetown)","-57.5500","6.2500",,,10/22/2007 0:00:00,12/30/1899 19:00:00,"B- Serious Injury","G- Rider",22.00,"Male","V-Motor Cycle;W-Pedal Cycle","U- Cyclist's Negligence",2.00
1409,4482.00,"5- Mahaica- Berbice",533,"Bath Settlement Public Rd.","East Coast Demerara Road (From Georgetown)","-57.8500","6.6333",,,10/23/2007 0:00:00,12/30/1899 6:30:00,"B- Serious Injury","F- Driver",38.00,"Male","K- Private Cars","P- Speeding",2.00
1410,4483.00,"5- Mahaica- Berbice",533,"Bath Settlement Public Rd.","East Coast Demerara Road (From Georgetown)","-57.8500","6.6333",,,11/14/2007 0:00:00,12/30/1899 4:00:00,"B- Serious Injury","F- Driver",39.00,"Male","K- Private Cars","P- Speeding",1.00
1411,4484.00,"5- Mahaica- Berbice",594,"No. 10 Public Rd.","LEFT BANK MAHAICONY RIVER (From Georgetown)","-57.8000","6.5500",,,11/22/2007 0:00:00,12/30/1899 19:00:00,"A- Fatal","F- Driver",49.00,"Male","N- Pickup","P- Speeding",2.00
1412,4485.00,"5- Mahaica- Berbice",533,"Bath Settlement Public Rd.","East Coast Demerara Road (From Georgetown)","-57.8500","6.6333",,,12/8/2007 0:00:00,12/30/1899 14:34:00,"C- Minor Injury","F- Driver",27.00,"Male","J- Minibus;K- Private Cars","R- Improper Overtaking",2.00
1413,4486.00,"5- Mahaica- Berbice",637,"Bush Lot Public Rd.","WEST COAST BERBICE ROAD (From Georgetown)","-57.6167","6.4167",,,12/15/2007 0:00:00,12/30/1899 20:40:00,"B- Serious Injury","F- Driver",40.00,"Male","K- Private Cars;L- Lorries Van","S- Driver's Negligence",2.00
1414,4487.00,"5- Mahaica- Berbice",835,"No. 28 Public Rd.","CORENTYNE COAST ROAD (Form New Amsterdam)","-57.2667","6.2000",,,12/21/2007 0:00:00,12/30/1899 18:50:00,"B- Serious Injury","F- Driver",61.00,"Male","L- Lorries Van","Y-Animal",1.00
1415,4488.00,"5- Mahaica- Berbice",533,"Bath Settlement Public Rd.","East Coast Demerara Road (From Georgetown)","-57.8500","6.6333",,,3/19/2008 0:00:00,12/30/1899 6:15:00,"C- Minor Injury","F- Driver",63.00,"Male","M- Hire Cars","Q- Alcohol",2.00
1416,4489.00,"5- Mahaica- Berbice",533,"Bath Settlement Public Rd.","East Coast Demerara Road (From Georgetown)","-57.8500","6.6333",,,4/6/2008 0:00:00,12/30/1899 23:40:00,"A- Fatal","E- Pedestrian",45.00,"Male","N- Pickup","T-Pedestrian's Negligence",2.00
1417,4490.00,"5- Mahaica- Berbice5- Mahaica- Berbice",671,"No. 5 Public Rd.","LEFT BANK BERBICE RIVER (From Georgetown)","-57.5500","6.2667",,,5/28/2008 0:00:00,12/30/1899 18:30:00,"B- Serious Injury","G- Rider",52.00,"Male","K- Private Cars;W-Pedal Cycle","U- Cyclist's Negligence",2.00
1418,4491.00,"5- Mahaica- Berbice",636,"Golden Grove Public Rd.","WEST COAST BERBICE ROAD (From Georgetown)","-57.6167","6.4167",,,6/17/2008 0:00:00,12/30/1899 17:00:00,"D- Property Damage","F- Driver",28.00,"Male","K- Private Cars;N- Pickup","P- Speeding",2.00
1419,4492.00,"5- Mahaica- Berbice",533,"Bath Settlement Public Rd.","East Coast Demerara Road (From Georgetown)","-57.8500","6.6333",,,6/19/2008 0:00:00,12/30/1899 12:30:00,"A- Fatal","F- Driver",37.00,"Male","M- Hire Cars","P- Speeding",2.00
1420,4493.00,"5- Mahaica- Berbice",672,"No. 7 Public Rd.","LEFT BANK BERBICE RIVER (From Georgetown)","-57.5500","6.2500",,,7/26/2008 0:00:00,12/30/1899 12:30:00,"B- Serious Injury","F- Driver",35.00,"Male","K- Private Cars","P- Speeding",2.00
1421,4494.00,"5- Mahaica- Berbice",641,"Hopetown Public Rd.","WEST COAST BERBICE ROAD (From Georgetown)","-57.6000","6.4000",,,8/25/2008 0:00:00,12/30/1899 7:30:00,"D- Property Damage","F- Driver",44.00,"Male","M- Hire Cars","Y-Animal",1.00
1422,4495.00,"5- Mahaica- Berbice",533,"Bath Settlement Public Rd.","East Coast Demerara Road (From Georgetown)","-57.8500","6.6333",,,8/28/2008 0:00:00,12/30/1899 9:40:00,"D- Property Damage","F- Driver",35.00,"Male","K- Private Cars;L- Lorries Van","O- Lost Control & Runoff",2.00
1423,4496.00,"5- Mahaica- Berbice",671,"No. 5 Public Rd.","LEFT BANK BERBICE RIVER (From Georgetown)","-57.5500","6.2667",,,12/24/2008 0:00:00,12/30/1899 18:40:00,"A- Fatal","F- Driver",31.00,"Male","K- Private Cars;W-Pedal Cycle","Q- Alcohol",2.00
1424,4497.00,"5- Mahaica- Berbice",641,"Hopetown Public Rd.","WEST COAST BERBICE ROAD (From Georgetown)","-57.6000","6.4000",,,12/24/2008 0:00:00,12/30/1899 4:50:00,"D- Property Damage","F- Driver",61.00,"Male","L- Lorries Van","Y-Animal",1.00
1425,4498.00,"5- Mahaica- Berbice",781,"No. 11 Public Rd.","EAST COAST BERBICE ROAD (From New Amsterdam)","-57.4833","6.2833",,,12/24/2008 0:00:00,12/30/1899 22:50:00,"D- Property Damage","F- Driver",45.00,"Male","N- Pickup","Y-Animal",1.00
1426,4499.00,"5- Mahaica- Berbice",781,"No. 11 Public Rd.","EAST COAST BERBICE ROAD (From New Amsterdam)","-57.4833","6.2833",,,1/4/2009 0:00:00,12/30/1899 13:05:00,"C- Minor Injury","E- Pedestrian",21.00,"Female","J- Minibus","T-Pedestrian's Negligence",2.00
1427,4500.00,"5- Mahaica- Berbice",594,"No. 10 Public Rd.","LEFT BANK MAHAICONY RIVER (From Georgetown)","-57.8000","6.5500",,,1/5/2009 0:00:00,12/30/1899 9:50:00,"A- Fatal","F- Driver",46.00,"Male","K- Private Cars;W-Pedal Cycle","P- Speeding",2.00
1428,4501.00,"5- Mahaica- Berbice",637,"Bush Lot Public Rd.","WEST COAST BERBICE ROAD (From Georgetown)","-57.6167","6.4167",,,1/21/2009 0:00:00,12/30/1899 21:15:00,"B- Serious Injury","F- Driver",52.00,"Male","M- Hire Cars","P- Speeding",2.00
1429,4502.00,"5- Mahaica- Berbice",637,"Bush Lot Public Rd.","WEST COAST BERBICE ROAD (From Georgetown)","-57.6167","6.4167",,,1/30/2009 0:00:00,12/30/1899 17:40:00,"B- Serious Injury","F- Driver",66.00,"Male","M- Hire Cars;V-Motor Cycle","P- Speeding",2.00
1430,4503.00,"5- Mahaica- Berbice",639,"No. 22 Bel Air Public Rd.","WEST COAST BERBICE ROAD (From Georgetown)","-58.2833","6.5167",,,2/1/2009 0:00:00,12/30/1899 16:45:00,"C- Minor Injury","F- Driver",29.00,"Male","K- Private Cars","Y-Animal",1.00
1431,4504.00,"5- Mahaica- Berbice",835,"No. 28 Public Rd.","CORENTYNE COAST ROAD (Form New Amsterdam)","-57.2667","6.2000",,,12/31/2008 0:00:00,12/30/1899 18:45:00,"D- Property Damage","F- Driver",37.00,"Male","N- Pickup","O- Lost Control & Runoff",1.00
1432,4505.00,"5- Mahaica- Berbice",636,"Golden Grove Public Rd.","WEST COAST BERBICE ROAD (From Georgetown)","-57.6167","6.4167",,,2/12/2009 0:00:00,12/30/1899 6:00:00,"D- Property Damage","F- Driver",50.00,"Male","M- Hire Cars","Y-Animal",1.00
1433,4506.00,"5- Mahaica- Berbice",636,"Golden Grove Public Rd.","WEST COAST BERBICE ROAD (From Georgetown)","-57.6167","6.4167",,,2/12/2009 0:00:00,12/30/1899 6:09:00,"B- Serious Injury","F- Driver",50.00,"Male","N- Pickup","Y-Animal",1.00
1434,4507.00,"5- Mahaica- Berbice",533,"Bath Settlement Public Rd.","East Coast Demerara Road (From Georgetown)","-57.8500","6.6333",,,2/15/2009 0:00:00,12/30/1899 3:10:00,"B- Serious Injury","F- Driver",22.00,"Male","K- Private Cars;N- Pickup","O- Lost Control & Runoff",2.00
1435,4508.00,"5- Mahaica- Berbice",637,"Bush Lot Public Rd.","WEST COAST BERBICE ROAD (From Georgetown)","-57.6167","6.4167",,,2/20/2009 0:00:00,12/30/1899 13:00:00,"D- Property Damage","F- Driver",40.00,"Male","J- Minibus;N- Pickup","P- Speeding",2.00
1436,4509.00,"5- Mahaica- Berbice",636,"Golden Grove Public Rd.","WEST COAST BERBICE ROAD (From Georgetown)","-57.6167","6.4167",,,2/23/2009 0:00:00,12/30/1899 17:10:00,"D- Property Damage","F- Driver",28.00,"Male","L- Lorries Van","Y-Animal",1.00
1437,4510.00,"5- Mahaica- Berbice",675,"No. 9 Public Rd.","LEFT BANK BERBICE RIVER (From Georgetown)","-57.5500","6.2500",,,3/2/2009 0:00:00,12/30/1899 16:30:00,"B- Serious Injury","F- Driver",32.00,"Male","J- Minibus;W-Pedal Cycle","P- Speeding",2.00
1438,4511.00,"5- Mahaica- Berbice",675,"No. 9 Public Rd.","LEFT BANK BERBICE RIVER (From Georgetown)","-57.5500","6.2500",,,3/17/2009 0:00:00,12/30/1899 13:00:00,"D- Property Damage","F- Driver",48.00,"Male","M- Hire Cars","Y-Animal",1.00
1439,4512.00,"5- Mahaica- Berbice",637,"Bush Lot Public Rd.","WEST COAST BERBICE ROAD (From Georgetown)","-57.6167","6.4167",,,3/22/2009 0:00:00,12/30/1899 14:30:00,"D- Property Damage","F- Driver",53.00,"Male","K- Private Cars","P- Speeding",2.00
1440,4513.00,"5- Mahaica- Berbice",641,"Hopetown Public Rd.","WEST COAST BERBICE ROAD (From Georgetown)","-57.6000","6.4000",,,3/23/2009 0:00:00,12/30/1899 7:30:00,"D- Property Damage","F- Driver",50.00,"Female","K- Private Cars;M- Hire Cars","P- Speeding",2.00
1441,4514.00,"5- Mahaica- Berbice",836,"No. 29 Public Rd.","CORENTYNE COAST ROAD (Form New Amsterdam)","-57.2500","6.2000",,,4/1/2009 0:00:00,12/30/1899 5:40:00,"B- Serious Injury","F- Driver",20.00,"Male","M- Hire Cars;N- Pickup","P- Speeding",2.00
1442,4515.00,"5- Mahaica- Berbice5- Mahaica- Berbice",533,"Bath Settlement Public Rd.","East Coast Demerara Road (From Georgetown)","-57.8500","6.6333",,,4/8/2009 0:00:00,12/30/1899 19:00:00,"B- Serious Injury","F- Driver",29.00,"Male","K- Private Cars;W-Pedal Cycle","P- Speeding",2.00
1443,4516.00,"5- Mahaica- Berbice",533,"Bath Settlement Public Rd.","East Coast Demerara Road (From Georgetown)","-57.8500","6.6333",,,4/13/2009 0:00:00,12/30/1899 9:40:00,"A- Fatal","G- Rider",33.00,"Male","K- Private Cars;W-Pedal Cycle","U- Cyclist's Negligence",2.00
1444,4517.00,"5- Mahaica- Berbice",533,"Bath Settlement Public Rd.","East Coast Demerara Road (From Georgetown)","-57.8500","6.6333",,,5/8/2009 0:00:00,12/30/1899 16:40:00,"D- Property Damage","F- Driver",51.00,"Male","J- Minibus","Y-Animal",1.00
1445,4518.00,"5- Mahaica- Berbice",641,"Hopetown Public Rd.","WEST COAST BERBICE ROAD (From Georgetown)","-57.6000","6.4000",,,5/19/2009 0:00:00,12/30/1899 9:00:00,"C- Minor Injury","F- Driver",61.00,"Male","L- Lorries Van","O- Lost Control & Runoff",2.00
1446,4519.00,"5- Mahaica- Berbice",639,"No. 22 Bel Air Public Rd.","WEST COAST BERBICE ROAD (From Georgetown)","-58.2833","6.5167",,,5/30/2009 0:00:00,12/30/1899 19:20:00,"C- Minor Injury","F- Driver",49.00,"Male","M- Hire Cars","Q- Alcohol",2.00
1447,4520.00,"5- Mahaica- Berbice",533,"Bath Settlement Public Rd.","East Coast Demerara Road (From Georgetown)","-57.8500","6.6333",,,5/31/2009 0:00:00,12/30/1899 0:30:00,"C- Minor Injury","F- Driver",51.00,"Male","J- Minibus","Y-Animal",1.00
1448,4521.00,"5- Mahaica- Berbice",844,"No. 37 Public Rd.","CORENTYNE COAST ROAD (Form New Amsterdam)","-57.2167","6.1500",,,6/18/2009 0:00:00,12/30/1899 11:40:00,"C- Minor Injury","F- Driver",39.00,"Male","K- Private Cars","P- Speeding",2.00
1449,4522.00,"5- Mahaica- Berbice",608,"El Dorado Public Rd.","WEST COAST BERBICE ROAD (From Georgetown)","-57.7000","6.5000",,,6/17/2009 0:00:00,12/30/1899 13:10:00,"B- Serious Injury","F- Driver",34.00,"Male","J- Minibus;M- Hire Cars",,2.00
1450,4523.00,"5- Mahaica- Berbice",836,"No. 29 Public Rd.","CORENTYNE COAST ROAD (Form New Amsterdam)","-57.2500","6.2000",,,6/16/2009 0:00:00,12/30/1899 18:20:00,"B- Serious Injury","E- Pedestrian",38.00,"Male","L- Lorries Van","T-Pedestrian's Negligence",2.00
1451,4524.00,"5- Mahaica- Berbice",644,"Fort Wellington Public Rd.","WEST COAST BERBICE ROAD (From Georgetown)","-57.6000","6.4000",,,6/12/2009 0:00:00,12/30/1899 11:00:00,"C- Minor Injury","F- Driver",46.00,"Male","J- Minibus","R- Improper Overtaking",2.00
1452,4525.00,"5- Mahaica- Berbice",836,"No. 29 Public Rd.","CORENTYNE COAST ROAD (Form New Amsterdam)","-57.2500","6.2000",,,7/28/2009 0:00:00,12/30/1899 21:05:00,"D- Property Damage","F- Driver",40.00,"Male","N- Pickup;V-Motor Cycle","P- Speeding",2.00
1453,4526.00,"5- Mahaica- Berbice",533,"Bath Settlement Public Rd.","East Coast Demerara Road (From Georgetown)","-57.8500","6.6333",,,7/16/2009 0:00:00,12/30/1899 8:55:00,"D- Property Damage","F- Driver",50.00,"Male","J- Minibus","Y-Animal",1.00
1454,4527.00,"5- Mahaica- Berbice",836,"No. 29 Public Rd.","CORENTYNE COAST ROAD (Form New Amsterdam)","-57.2500","6.2000",,,7/19/2009 0:00:00,12/30/1899 13:10:00,"D- Property Damage","F- Driver",22.00,"Male","J- Minibus","P- Speeding",1.00
1455,4528.00,"5- Mahaica- Berbice",836,"No. 29 Public Rd.","CORENTYNE COAST ROAD (Form New Amsterdam)","-57.2500","6.2000",,,9/18/2009 0:00:00,12/30/1899 18:50:00,"B- Serious Injury","F- Driver",34.00,"Male","K- Private Cars","O- Lost Control & Runoff",2.00
1456,4529.00,"5- Mahaica- Berbice",837,"No. 30 Public Rd.","CORENTYNE COAST ROAD (Form New Amsterdam)","-57.2500","6.1833",,,9/21/2009 0:00:00,12/30/1899 17:00:00,"D- Property Damage","F- Driver",23.00,"Male","J- Minibus;K- Private Cars","P- Speeding",2.00
1457,4530.00,"5- Mahaica- Berbice",671,"No. 5 Public Rd.","LEFT BANK BERBICE RIVER (From Georgetown)","-57.5500","6.2667",,,9/22/2009 0:00:00,12/30/1899 10:45:00,"D- Property Damage","F- Driver",38.00,"Male","K- Private Cars;M- Hire Cars","P- Speeding",2.00
1458,4531.00,"5- Mahaica- Berbice",675,"No. 9 Public Rd.","LEFT BANK BERBICE RIVER (From Georgetown)","-57.5500","6.2500",,,9/25/2009 0:00:00,12/30/1899 20:15:00,"B- Serious Injury","E- Pedestrian",37.00,"Female","M- Hire Cars","T-Pedestrian's Negligence",2.00
1459,4532.00,"5- Mahaica- Berbice",635,"Lovely Lass Public Rd.","WEST COAST BERBICE ROAD (From Georgetown)","-57.6167","6.4167",,,11/6/2009 0:00:00,12/30/1899 17:35:00,"B- Serious Injury","G- Rider",38.00,"Female","V-Motor Cycle","Y-Animal",1.00
1460,4533.00,"5- Mahaica- Berbice",837,"No. 30 Public Rd.","CORENTYNE COAST ROAD (Form New Amsterdam)","-57.2500","6.1833",,,11/18/2009 0:00:00,12/30/1899 17:30:00,"C- Minor Injury","F- Driver",45.00,"Male","M- Hire Cars","P- Speeding",1.00
1461,4534.00,"5- Mahaica- Berbice",533,"Bath Settlement Public Rd.","East Coast Demerara Road (From Georgetown)","-57.8500","6.6333",,,12/6/2009 0:00:00,12/30/1899 3:00:00,"B- Serious Injury","F- Driver",21.00,"Male","K- Private Cars","Y-Animal",1.00
1462,4535.00,"5- Mahaica- Berbice",672,"No. 6 Public Rd.","LEFT BANK BERBICE RIVER (From Georgetown)","-57.5500","6.2500",,,12/15/2009 0:00:00,12/30/1899 20:00:00,"D- Property Damage","F- Driver",53.00,"Male","J- Minibus","Y-Animal",1.00
1463,4536.00,"5- Mahaica- Berbice",533,"Bath Settlement Public Rd.","East Coast Demerara Road (From Georgetown)","-57.8500","6.6333",,,12/21/2009 0:00:00,12/30/1899 19:45:00,"D- Property Damage","F- Driver",64.00,"Male","K- Private Cars;L- Lorries Van","R- Improper Overtaking",2.00
1464,4537.00,"5- Mahaica- Berbice",635,"Lovely Lass Public Rd.","WEST COAST BERBICE ROAD (From Georgetown)","-57.6167","6.4167",,,1/17/2010 0:00:00,12/30/1899 19:20:00,"C- Minor Injury","F- Driver",38.00,"Male","J- Minibus;L- Lorries Van","P- Speeding",2.00
1465,4538.00,"5- Mahaica- Berbice",636,"Golden Grove Public Rd.","WEST COAST BERBICE ROAD (From Georgetown)","-57.6167","6.4167",,,2/2/2010 0:00:00,12/30/1899 7:15:00,"C- Minor Injury","G- Rider",29.00,"Male","V-Motor Cycle","R- Improper Overtaking",1.00
1466,4539.00,"5- Mahaica- Berbice",637,"Bush Lot Public Rd.","WEST COAST BERBICE ROAD (From Georgetown)","-57.6167","6.4167",,,2/7/2010 0:00:00,12/30/1899 21:00:00,"D- Property Damage","F- Driver",63.00,"Male","L- Lorries Van","Y-Animal",1.00
1467,4540.00,"5- Mahaica- Berbice5- Mahaica- Berbice",835,"No. 28 Public Rd.","CORENTYNE COAST ROAD (Form New Amsterdam)","-57.2667","6.2000",,,2/7/2010 0:00:00,12/30/1899 9:30:00,"B- Serious Injury","F- Driver",46.00,"Male","J- Minibus","P- Speeding",1.00
1468,4541.00,"5- Mahaica- Berbice",636,"Golden Grove Public Rd.","WEST COAST BERBICE ROAD (From Georgetown)","-57.6167","6.4167",,,2/10/2010 0:00:00,12/30/1899 8:45:00,"B- Serious Injury","G- Rider",26.00,"Male","L- Lorries Van;V-Motor Cycle","U- Cyclist's Negligence",2.00
1469,4542.00,"5- Mahaica- Berbice",637,"Bush Lot Public Rd.","WEST COAST BERBICE ROAD (From Georgetown)","-57.6167","6.4167",,,2/18/2010 0:00:00,12/30/1899 17:35:00,"C- Minor Injury","F- Driver",58.00,"Male","N- Pickup;W-Pedal Cycle","O- Lost Control & Runoff",2.00
1470,4543.00,"5- Mahaica- Berbice",781,"No. 11 Public Rd.","EAST COAST BERBICE ROAD (From New Amsterdam)","-57.4833","6.2833",,,2/19/2010 0:00:00,12/30/1899 20:30:00,"D- Property Damage","F- Driver",46.00,"Male","K- Private Cars;N- Pickup","P- Speeding",2.00
1471,4544.00,"5- Mahaica- Berbice",671,"No. 5 Public Rd.","LEFT BANK BERBICE RIVER (From Georgetown)","-57.5500","6.2667",,,2/21/2010 0:00:00,12/30/1899 21:15:00,"B- Serious Injury","F- Driver",36.00,"Male","K- Private Cars;W-Pedal Cycle","Q- Alcohol",2.00
1472,4545.00,"5- Mahaica- Berbice",533,"Bath Settlement Public Rd.","East Coast Demerara Road (From Georgetown)","-57.8500","6.6333",,,4/10/2010 0:00:00,12/30/1899 10:45:00,"D- Property Damage","F- Driver",26.00,"Male","L- Lorries Van","P- Speeding",2.00
1473,4546.00,"5- Mahaica- Berbice",672,"No. 6 Public Rd.","LEFT BANK BERBICE RIVER (From Georgetown)","-57.5500","6.2500",,,4/24/2010 0:00:00,12/30/1899 15:40:00,"C- Minor Injury","F- Driver",36.00,"Male","J- Minibus;K- Private Cars","P- Speeding",2.00
1474,4547.00,"5- Mahaica- Berbice",533,"Bath Settlement Public Rd.","East Coast Demerara Road (From Georgetown)","-57.8500","6.6333",,,5/23/2010 0:00:00,12/30/1899 14:50:00,"C- Minor Injury","G- Rider",54.00,"Male","J- Minibus;W-Pedal Cycle","U- Cyclist's Negligence",2.00
1475,4548.00,"5- Mahaica- Berbice",641,"Hopetown Public Rd.","WEST COAST BERBICE ROAD (From Georgetown)","-57.6000","6.4000",,,5/22/2010 0:00:00,12/30/1899 7:10:00,"D- Property Damage","F- Driver",61.00,"Male","J- Minibus","Y-Animal",1.00
1476,4549.00,"5- Mahaica- Berbice",533,"Bath Settlement Public Rd.","East Coast Demerara Road (From Georgetown)","-57.8500","6.6333",,,6/1/2010 0:00:00,12/30/1899 10:25:00,"D- Property Damage","F- Driver",45.00,"Male","L- Lorries Van","P- Speeding",1.00
1477,4550.00,"5- Mahaica- Berbice",635,"Lovely Lass Public Rd.","WEST COAST BERBICE ROAD (From Georgetown)","-57.6167","6.4167",,,6/21/2010 0:00:00,12/30/1899 15:15:00,"C- Minor Injury","F- Driver",49.00,"Male","J- Minibus;V-Motor Cycle","P- Speeding",2.00