"ID","Accident ID","Region Number","Corridor ID","Location (Intersection/Road/Street)","Corridor","Location- longitude/ X","Location- latitude/  Y","Mile Marker","Village","Date of Accident","Time of Accident","Type of Accident","Class of Road User","Age/DOB","Gender","Class of Vehicles Involved","Contributing Factor","Number of Persons Involved"
1478,4551.00,"5- Mahaica- Berbice",672,"No. 7 Public Rd.","LEFT BANK BERBICE RIVER (From Georgetown)","-57.5500","6.2500",,,7/7/2010 0:00:00,12/30/1899 7:59:00,"C- Minor Injury","F- Driver",49.00,"Male","M- Hire Cars;N- Pickup","O- Lost Control & Runoff",2.00
1479,4552.00,"5- Mahaica- Berbice",594,"No. 10 Public Rd.","LEFT BANK MAHAICONY RIVER (From Georgetown)","-57.8000","6.5500",,,7/8/2010 0:00:00,12/30/1899 19:40:00,"B- Serious Injury","F- Driver",39.00,"Male","J- Minibus;W-Pedal Cycle","P- Speeding",2.00
1480,4553.00,"5- Mahaica- Berbice",835,"No. 28 Public Rd.","CORENTYNE COAST ROAD (Form New Amsterdam)","-57.2667","6.2000",,,7/17/2010 0:00:00,12/30/1899 15:15:00,"B- Serious Injury","F- Driver",33.00,"Male","N- Pickup","Y-Animal",1.00
1481,4554.00,"5- Mahaica- Berbice",596,"No. 12 Public Rd.","LEFT BANK MAHAICONY RIVER (From Georgetown)","-57.8000","6.5333",,,7/24/2010 0:00:00,12/30/1899 20:01:00,"A- Fatal","F- Driver",43.00,"Male","M- Hire Cars;W-Pedal Cycle","P- Speeding",2.00
1482,4555.00,"5- Mahaica- Berbice",637,"Bush Lot Public Rd.","WEST COAST BERBICE ROAD (From Georgetown)","-57.6167","6.4167",,,8/7/2010 0:00:00,12/30/1899 21:05:00,"B- Serious Injury","F- Driver",32.00,"Male","M- Hire Cars","P- Speeding",2.00
1483,4556.00,"5- Mahaica- Berbice",533,"Bath Settlement Public Rd.","East Coast Demerara Road (From Georgetown)","-57.8500","6.6333",,,10/16/2010 0:00:00,12/30/1899 10:45:00,"C- Minor Injury","F- Driver",26.00,"Male","N- Pickup","Y-Animal",1.00
1484,4557.00,"5- Mahaica- Berbice",837,"No. 30 Public Rd.","CORENTYNE COAST ROAD (Form New Amsterdam)","-57.2500","6.1833",,,8/19/2010 0:00:00,12/30/1899 23:15:00,"B- Serious Injury","F- Driver",37.00,"Male","J- Minibus;L- Lorries Van","P- Speeding",2.00
1485,4558.00,"5- Mahaica- Berbice",533,"Bath Settlement Public Rd.","East Coast Demerara Road (From Georgetown)","-57.8500","6.6333",,,8/24/2010 0:00:00,12/30/1899 7:50:00,"A- Fatal","F- Driver",47.00,"Male","J- Minibus;W-Pedal Cycle","P- Speeding",2.00
1486,4559.00,"5- Mahaica- Berbice",533,"Bath Settlement Public Rd.","East Coast Demerara Road (From Georgetown)","-57.8500","6.6333",,,8/27/2010 0:00:00,12/30/1899 3:40:00,"B- Serious Injury","F- Driver",48.00,"Male","K- Private Cars","Q- Alcohol",2.00
1487,4560.00,"5- Mahaica- Berbice",836,"No. 29 Public Rd.","CORENTYNE COAST ROAD (Form New Amsterdam)","-57.2500","6.2000",,,8/28/2010 0:00:00,12/30/1899 0:15:00,"A- Fatal","F- Driver",18.00,"Female","N- Pickup","P- Speeding",2.00
1488,4561.00,"5- Mahaica- Berbice",672,"No. 7 Public Rd.","LEFT BANK BERBICE RIVER (From Georgetown)","-57.5500","6.2500",,,8/29/2010 0:00:00,12/30/1899 19:20:00,"C- Minor Injury","F- Driver",47.00,"Male","M- Hire Cars","P- Speeding",2.00
1489,4562.00,"5- Mahaica- Berbice",533,"Bath Settlement Public Rd.","East Coast Demerara Road (From Georgetown)","-57.8500","6.6333",,,9/21/2010 0:00:00,12/30/1899 7:10:00,"C- Minor Injury","F- Driver",23.00,"Female","N- Pickup;W-Pedal Cycle","S- Driver's Negligence",2.00
1490,4563.00,"5- Mahaica- Berbice",533,"Bath Settlement Public Rd.","East Coast Demerara Road (From Georgetown)","-57.8500","6.6333",,,9/24/2010 0:00:00,12/30/1899 16:20:00,"D- Property Damage","F- Driver",48.00,"Male","N- Pickup;X-Tractor","P- Speeding",2.00
1491,4564.00,"5- Mahaica- Berbice",675,"No. 9 Public Rd.","LEFT BANK BERBICE RIVER (From Georgetown)","-57.5500","6.2500",,,9/26/2010 0:00:00,12/30/1899 0:08:00,"B- Serious Injury","F- Driver",31.00,"Male","K- Private Cars","P- Speeding",2.00
1492,4565.00,"5- Mahaica- Berbice5- Mahaica- Berbice",533,"Bath Settlement Public Rd.","East Coast Demerara Road (From Georgetown)","-57.8500","6.6333",,,10/23/2010 0:00:00,12/30/1899 16:20:00,"C- Minor Injury","G- Rider",29.00,"Male","K- Private Cars;V-Motor Cycle","R- Improper Overtaking",2.00
1493,4566.00,"5- Mahaica- Berbice",641,"Hopetown Public Rd.","WEST COAST BERBICE ROAD (From Georgetown)","-57.6000","6.4000",,,10/28/2010 0:00:00,12/30/1899 19:25:00,"C- Minor Injury","F- Driver",50.00,"Male","J- Minibus;K- Private Cars","R- Improper Overtaking",2.00
1494,4567.00,"5- Mahaica- Berbice",636,"Golden Grove Public Rd.","WEST COAST BERBICE ROAD (From Georgetown)","-57.6167","6.4167",,,11/12/2010 0:00:00,12/30/1899 21:30:00,"C- Minor Injury","G- Rider",42.00,"Male","V-Motor Cycle","Y-Animal",1.00
1495,4568.00,"5- Mahaica- Berbice",787,"No. 23 Public Rd.","EAST COAST BERBICE ROAD (From New Amsterdam)","-57.4500","6.2667",,,11/27/2010 0:00:00,12/30/1899 7:35:00,"B- Serious Injury","F- Driver",37.00,"Male","M- Hire Cars","P- Speeding",1.00
1496,4569.00,"5- Mahaica- Berbice",631,"Tempie Public Rd.","WEST COAST BERBICE ROAD (From Georgetown)","-57.6333","6.4333",,,12/2/2010 0:00:00,12/30/1899 11:00:00,"B- Serious Injury","F- Driver",41.00,"Male","K- Private Cars;N- Pickup","P- Speeding",1.00
1497,4570.00,"5- Mahaica- Berbice",639,"No. 22 Bel Air Public Rd.","WEST COAST BERBICE ROAD (From Georgetown)","-58.2833","6.5167",,,12/7/2010 0:00:00,12/30/1899 7:30:00,"C- Minor Injury","G- Rider",25.00,"Male","J- Minibus;W-Pedal Cycle","U- Cyclist's Negligence",2.00
1498,4571.00,"5- Mahaica- Berbice",533,"Bath Settlement Public Rd.","East Coast Demerara Road (From Georgetown)","-57.8500","6.6333",,,1/17/2011 0:00:00,12/30/1899 6:15:00,"D- Property Damage","F- Driver",31.00,"Male","J- Minibus;M- Hire Cars","P- Speeding",2.00
1499,4572.00,"5- Mahaica- Berbice",533,"Bath Settlement Public Rd.","East Coast Demerara Road (From Georgetown)","-57.8500","6.6333",,,1/31/2011 0:00:00,12/30/1899 4:50:00,"B- Serious Injury","F- Driver",36.00,"Male","M- Hire Cars;N- Pickup","Y-Animal",2.00
1500,4573.00,"5- Mahaica- Berbice",781,"No. 11 Public Rd.","EAST COAST BERBICE ROAD (From New Amsterdam)","-57.4833","6.2833",,,1/31/2011 0:00:00,12/30/1899 10:30:00,"A- Fatal","G- Rider",62.00,"Male","J- Minibus;W-Pedal Cycle","U- Cyclist's Negligence",2.00
1501,4574.00,"5- Mahaica- Berbice",634,"Onverwagt Public Rd.","WEST COAST BERBICE ROAD (From Georgetown)","-57.6167","6.4167",,,2/7/2011 0:00:00,12/30/1899 20:15:00,"D- Property Damage","F- Driver",76.00,"Male","N- Pickup","P- Speeding",1.00
1502,4575.00,"5- Mahaica- Berbice",533,"Bath Settlement Public Rd.","East Coast Demerara Road (From Georgetown)","-57.8500","6.6333",,,2/9/2011 0:00:00,12/30/1899 15:35:00,"C- Minor Injury","F- Driver",56.00,"Male","J- Minibus;M- Hire Cars","P- Speeding",1.00
1503,4576.00,"5- Mahaica- Berbice",533,"Bath Settlement Public Rd.","East Coast Demerara Road (From Georgetown)","-57.8500","6.6333",,,2/8/2011 0:00:00,12/30/1899 19:40:00,"D- Property Damage","F- Driver",51.00,"Male","K- Private Cars;V-Motor Cycle","Y-Animal",2.00
1504,4577.00,"5- Mahaica- Berbice",594,"No. 10 Public Rd.","LEFT BANK MAHAICONY RIVER (From Georgetown)","-57.8000","6.5500",,,2/27/2011 0:00:00,12/30/1899 13:45:00,"C- Minor Injury","F- Driver",53.00,"Male","K- Private Cars;L- Lorries Van","R- Improper Overtaking",2.00
1505,4578.00,"5- Mahaica- Berbice",641,"Hopetown Public Rd.","WEST COAST BERBICE ROAD (From Georgetown)","-57.6000","6.4000",,,3/1/2011 0:00:00,12/30/1899 19:30:00,"B- Serious Injury","F- Driver",33.00,"Male","L- Lorries Van;M- Hire Cars","P- Speeding",2.00
1506,4579.00,"5- Mahaica- Berbice",533,"Bath Settlement Public Rd.","East Coast Demerara Road (From Georgetown)","-57.8500","6.6333",,,4/14/2011 0:00:00,12/30/1899 9:40:00,"D- Property Damage","F- Driver",41.00,"Male","J- Minibus;K- Private Cars","P- Speeding",2.00
1507,4580.00,"5- Mahaica- Berbice",631,"Tempie Public Rd.","WEST COAST BERBICE ROAD (From Georgetown)","-57.6333","6.4333",,,4/18/2011 0:00:00,12/30/1899 16:00:00,"B- Serious Injury","F- Driver",28.00,"Male","K- Private Cars","O- Lost Control & Runoff",2.00
1508,4581.00,"5- Mahaica- Berbice",533,"Bath Settlement Public Rd.","East Coast Demerara Road (From Georgetown)","-57.8500","6.6333",,,4/25/2011 0:00:00,12/30/1899 10:35:00,"B- Serious Injury","F- Driver",24.00,"Male","K- Private Cars","S- Driver's Negligence",2.00
1509,4582.00,"5- Mahaica- Berbice",637,"Bush Lot Public Rd.","WEST COAST BERBICE ROAD (From Georgetown)","-57.6167","6.4167",,,5/29/2011 0:00:00,12/30/1899 12:05:00,"C- Minor Injury","F- Driver",43.00,"Male","K- Private Cars;W-Pedal Cycle","P- Speeding",2.00
1510,4583.00,"5- Mahaica- Berbice",671,"No. 5 Public Rd.","LEFT BANK BERBICE RIVER (From Georgetown)","-57.5500","6.2667",,,5/28/2011 0:00:00,12/30/1899 17:05:00,"B- Serious Injury","F- Driver",43.00,"Male","L- Lorries Van;V-Motor Cycle;W-Pedal Cycle","O- Lost Control & Runoff",3.00
1511,4584.00,"5- Mahaica- Berbice",835,"No. 28 Public Rd.","CORENTYNE COAST ROAD (Form New Amsterdam)","-57.2667","6.2000",,,5/22/2011 0:00:00,12/30/1899 13:00:00,"C- Minor Injury","E- Pedestrian",25.00,"Female","M- Hire Cars","T-Pedestrian's Negligence",2.00
1512,4585.00,"5- Mahaica- Berbice",533,"Bath Settlement Public Rd.","East Coast Demerara Road (From Georgetown)","-57.8500","6.6333",,,6/22/2011 0:00:00,12/30/1899 15:45:00,"D- Property Damage","F- Driver",46.00,"Male","J- Minibus;K- Private Cars","P- Speeding",2.00
1513,4586.00,"5- Mahaica- Berbice",671,"No. 5 Public Rd.","LEFT BANK BERBICE RIVER (From Georgetown)","-57.5500","6.2667",,,6/24/2011 0:00:00,12/30/1899 7:55:00,"D- Property Damage","F- Driver",61.00,"Male","L- Lorries Van","Y-Animal",1.00
1514,4587.00,"5- Mahaica- Berbice",533,"Bath Settlement Public Rd.","East Coast Demerara Road (From Georgetown)","-57.8500","6.6333",,,6/25/2011 0:00:00,12/30/1899 21:00:00,"A- Fatal","F- Driver",30.00,"Male","K- Private Cars","P- Speeding",2.00
1515,4588.00,"5- Mahaica- Berbice",644,"Fort Wellington Public Rd.","WEST COAST BERBICE ROAD (From Georgetown)","-57.6000","6.4000",,,6/13/2011 0:00:00,12/30/1899 13:40:00,"D- Property Damage","F- Driver",46.00,"Male","M- Hire Cars","O- Lost Control & Runoff",2.00
1516,4589.00,"5- Mahaica- Berbice",636,"Golden Grove Public Rd.","WEST COAST BERBICE ROAD (From Georgetown)","-57.6167","6.4167",,,7/31/2011 0:00:00,12/30/1899 13:00:00,"C- Minor Injury","G- Rider",27.00,"Male","W-Pedal Cycle","P- Speeding",1.00
1517,4590.00,"5- Mahaica- Berbice5- Mahaica- Berbice",781,"No. 11 Public Rd.","EAST COAST BERBICE ROAD (From New Amsterdam)","-57.4833","6.2833",,,8/9/2011 0:00:00,12/30/1899 16:30:00,"B- Serious Injury","G- Rider",14.00,"Female","K- Private Cars;W-Pedal Cycle","U- Cyclist's Negligence",2.00
1518,4591.00,"5- Mahaica- Berbice",781,"No. 11 Public Rd.","EAST COAST BERBICE ROAD (From New Amsterdam)","-57.4833","6.2833",,,8/27/2011 0:00:00,12/30/1899 19:30:00,"D- Property Damage","F- Driver",56.00,"Male","L- Lorries Van","Y-Animal",1.00
1519,4592.00,"5- Mahaica- Berbice",781,"No. 11 Public Rd.","EAST COAST BERBICE ROAD (From New Amsterdam)","-57.4833","6.2833",,,9/10/2011 0:00:00,12/30/1899 14:30:00,"B- Serious Injury","F- Driver",47.00,"Male","K- Private Cars;M- Hire Cars","P- Speeding",2.00
1520,4593.00,"5- Mahaica- Berbice",649,"Waterloo Public Rd.","WEST COAST BERBICE ROAD (From Georgetown)","-57.5833","6.3667",,,9/30/2011 0:00:00,12/30/1899 19:30:00,"D- Property Damage","F- Driver",37.00,"Male","K- Private Cars","Y-Animal",1.00
1521,4594.00,"5- Mahaica- Berbice",642,"Onderneeming Public Rd.","WEST COAST BERBICE ROAD (From Georgetown)","-57.6000","6.4000",,,10/8/2011 0:00:00,12/30/1899 7:15:00,"A- Fatal","G- Rider",36.00,"Female","J- Minibus;W-Pedal Cycle","U- Cyclist's Negligence",2.00
1522,4595.00,"5- Mahaica- Berbice",837,"No. 30 Public Rd.","CORENTYNE COAST ROAD (Form New Amsterdam)","-57.2500","6.1833",,,10/23/2011 0:00:00,12/30/1899 20:10:00,"B- Serious Injury","F- Driver",61.00,"Male","L- Lorries Van","Y-Animal",1.00
1523,4596.00,"5- Mahaica- Berbice",672,"No. 7 Public Rd.","LEFT BANK BERBICE RIVER (From Georgetown)","-57.5500","6.2500",,,10/3/2011 0:00:00,12/30/1899 8:45:00,"D- Property Damage","F- Driver",29.00,"Male","K- Private Cars","P- Speeding",1.00
1524,4597.00,"5- Mahaica- Berbice",634,"Onverwagt Public Rd.","WEST COAST BERBICE ROAD (From Georgetown)","-57.6167","6.4167",,,12/8/2011 0:00:00,12/30/1899 1:30:00,"B- Serious Injury","F- Driver",37.00,"Male","L- Lorries Van;W-Pedal Cycle","P- Speeding",2.00
1525,4598.00,"5- Mahaica- Berbice",672,"No. 6 Public Rd.","LEFT BANK BERBICE RIVER (From Georgetown)","-57.5500","6.2500",,,12/25/2011 0:00:00,12/30/1899 3:10:00,"D- Property Damage","F- Driver",25.00,"Male","K- Private Cars","P- Speeding",2.00
1526,4599.00,"5- Mahaica- Berbice",533,"Bath Settlement Public Rd.","East Coast Demerara Road (From Georgetown)","-57.8500","6.6333",,,12/28/2011 0:00:00,12/30/1899 16:45:00,"C- Minor Injury","E- Pedestrian",17.00,"Male","K- Private Cars","T-Pedestrian's Negligence",2.00
1527,4600.00,"5- Mahaica- Berbice",637,"Bush Lot Public Rd.","WEST COAST BERBICE ROAD (From Georgetown)","-57.6167","6.4167",,,12/31/2011 0:00:00,12/30/1899 22:30:00,"A- Fatal","F- Driver",40.00,"Male","M- Hire Cars","P- Speeding",2.00
1528,4601.00,"5- Mahaica- Berbice",533,"Bath Settlement Public Rd.","East Coast Demerara Road (From Georgetown)","-57.8500","6.6333",,,1/1/2012 0:00:00,12/30/1899 13:00:00,"D- Property Damage","F- Driver",56.00,"Male","L- Lorries Van","Y-Animal",1.00
1529,4602.00,"5- Mahaica- Berbice",639,"No. 22 Bel Air Public Rd.","WEST COAST BERBICE ROAD (From Georgetown)","-58.2833","6.5167",,,1/16/2012 0:00:00,12/30/1899 11:20:00,"B- Serious Injury","F- Driver",37.00,"Male","K- Private Cars;V-Motor Cycle","P- Speeding",2.00
1530,4603.00,"5- Mahaica- Berbice",781,"No. 11 Public Rd.","EAST COAST BERBICE ROAD (From New Amsterdam)","-57.4833","6.2833",,,1/15/2012 0:00:00,12/30/1899 18:45:00,"D- Property Damage","F- Driver",61.00,"Male","M- Hire Cars;N- Pickup","P- Speeding",2.00
1531,4604.00,"5- Mahaica- Berbice",533,"Bath Settlement Public Rd.","East Coast Demerara Road (From Georgetown)","-57.8500","6.6333",,,1/22/2012 0:00:00,12/30/1899 10:30:00,"D- Property Damage","F- Driver",39.00,"Male","L- Lorries Van","Y-Animal",1.00
1532,4605.00,"5- Mahaica- Berbice",533,"Bath Settlement Public Rd.","East Coast Demerara Road (From Georgetown)","-57.8500","6.6333",,,1/26/2012 0:00:00,12/30/1899 18:20:00,"D- Property Damage","F- Driver",50.00,"Male","K- Private Cars","P- Speeding",2.00
1533,4606.00,"5- Mahaica- Berbice",781,"No. 11 Public Rd.","EAST COAST BERBICE ROAD (From New Amsterdam)","-57.4833","6.2833",,,1/14/2012 0:00:00,12/30/1899 8:20:00,"C- Minor Injury","G- Rider",21.00,"Male","L- Lorries Van;V-Motor Cycle","U- Cyclist's Negligence",2.00
1534,4607.00,"5- Mahaica- Berbice",642,"Onderneeming Public Rd.","WEST COAST BERBICE ROAD (From Georgetown)","-57.6000","6.4000",,,2/9/2012 0:00:00,12/30/1899 14:30:00,"D- Property Damage","F- Driver",37.00,"Male","J- Minibus;L- Lorries Van","P- Speeding",2.00
1535,4608.00,"5- Mahaica- Berbice",637,"Bush Lot Public Rd.","WEST COAST BERBICE ROAD (From Georgetown)","-57.6167","6.4167",,,2/16/2012 0:00:00,12/30/1899 10:15:00,"D- Property Damage","F- Driver",37.00,"Male","J- Minibus","P- Speeding",2.00
1536,4609.00,"5- Mahaica- Berbice",533,"Bath Settlement Public Rd.","East Coast Demerara Road (From Georgetown)","-57.8500","6.6333",,,2/17/2012 0:00:00,12/30/1899 17:00:00,"C- Minor Injury","E- Pedestrian",20.00,"Male","V-Motor Cycle","T-Pedestrian's Negligence",2.00
1537,4610.00,"5- Mahaica- Berbice",637,"Bush Lot Public Rd.","WEST COAST BERBICE ROAD (From Georgetown)","-57.6167","6.4167",,,2/20/2012 0:00:00,12/30/1899 16:00:00,"C- Minor Injury","F- Driver",61.00,"Male","L- Lorries Van","Y-Animal",1.00
1538,4611.00,"5- Mahaica- Berbice",642,"Onderneeming Public Rd.","WEST COAST BERBICE ROAD (From Georgetown)","-57.6000","6.4000",,,2/18/2012 0:00:00,12/30/1899 12:30:00,"C- Minor Injury","F- Driver",46.00,"Male","J- Minibus;M- Hire Cars","P- Speeding",2.00
1539,4612.00,"5- Mahaica- Berbice",636,"Golden Grove Public Rd.","WEST COAST BERBICE ROAD (From Georgetown)","-57.6167","6.4167",,,3/3/2012 0:00:00,12/30/1899 20:45:00,"C- Minor Injury","F- Driver",45.00,"Male","J- Minibus;K- Private Cars","P- Speeding",2.00
1540,4613.00,"5- Mahaica- Berbice",641,"Hopetown Public Rd.","WEST COAST BERBICE ROAD (From Georgetown)","-57.6000","6.4000",,,3/10/2012 0:00:00,12/30/1899 10:40:00,"D- Property Damage","F- Driver",29.00,"Male","L- Lorries Van;V-Motor Cycle","O- Lost Control & Runoff",2.00
1541,4614.00,"5- Mahaica- Berbice",642,"Onderneeming Public Rd.","WEST COAST BERBICE ROAD (From Georgetown)","-57.6000","6.4000",,,4/9/2012 0:00:00,12/30/1899 18:30:00,"B- Serious Injury","F- Driver",41.00,"Male","M- Hire Cars","Q- Alcohol",1.00
1542,4615.00,"5- Mahaica- Berbice5- Mahaica- Berbice",637,"Bush Lot Public Rd.","WEST COAST BERBICE ROAD (From Georgetown)","-57.6167","6.4167",,,5/16/2012 0:00:00,12/30/1899 15:30:00,"C- Minor Injury","E- Pedestrian",17.00,"Female","J- Minibus","T-Pedestrian's Negligence",2.00
1543,4616.00,"5- Mahaica- Berbice",594,"No. 10 Public Rd.","LEFT BANK MAHAICONY RIVER (From Georgetown)","-57.8000","6.5500",,,5/25/2012 0:00:00,12/30/1899 17:35:00,"C- Minor Injury","G- Rider",36.00,"Male","J- Minibus;V-Motor Cycle","U- Cyclist's Negligence",2.00
1544,4617.00,"5- Mahaica- Berbice",671,"No. 5 Public Rd.","LEFT BANK BERBICE RIVER (From Georgetown)","-57.5500","6.2667",,,4/30/2012 0:00:00,12/30/1899 10:00:00,"D- Property Damage","F- Driver",30.00,"Male","J- Minibus","P- Speeding",2.00
1545,4618.00,"5- Mahaica- Berbice",638,"Armadale Public Rd.","WEST COAST BERBICE ROAD (From Georgetown)","-57.6167","6.4000",,,4/30/2012 0:00:00,12/30/1899 6:30:00,"C- Minor Injury","F- Driver",40.00,"Male","L- Lorries Van;M- Hire Cars","P- Speeding",2.00
1546,4619.00,"5- Mahaica- Berbice",639,"No. 22 Bel Air Public Rd.","WEST COAST BERBICE ROAD (From Georgetown)","-58.2833","6.5167",,,4/23/2012 0:00:00,12/30/1899 15:15:00,"B- Serious Injury","F- Driver",18.00,"Male","K- Private Cars;N- Pickup","P- Speeding",2.00
1547,4620.00,"5- Mahaica- Berbice",639,"No. 22 Bel Air Public Rd.","WEST COAST BERBICE ROAD (From Georgetown)","-58.2833","6.5167",,,5/5/2012 0:00:00,12/30/1899 12:00:00,"D- Property Damage","F- Driver",41.00,"Male","K- Private Cars;L- Lorries Van","O- Lost Control & Runoff",2.00
1548,4621.00,"5- Mahaica- Berbice",596,"No. 12 Public Rd.","LEFT BANK MAHAICONY RIVER (From Georgetown)","-57.8000","6.5333",,,5/1/2012 0:00:00,12/30/1899 15:00:00,"C- Minor Injury","G- Rider",19.00,"Male","J- Minibus;V-Motor Cycle","U- Cyclist's Negligence",2.00
1549,4622.00,"5- Mahaica- Berbice",644,"Fort Wellington Public Rd.","WEST COAST BERBICE ROAD (From Georgetown)","-57.6000","6.4000",,,5/8/2012 0:00:00,12/30/1899 17:00:00,"D- Property Damage","F- Driver",68.00,"Male","L- Lorries Van","Y-Animal",1.00
1550,4623.00,"5- Mahaica- Berbice",642,"Onderneeming Public Rd.","WEST COAST BERBICE ROAD (From Georgetown)","-57.6000","6.4000",,,5/10/2012 0:00:00,12/30/1899 8:38:00,"C- Minor Injury","G- Rider",19.00,"Male","M- Hire Cars;W-Pedal Cycle","U- Cyclist's Negligence",2.00
1551,4624.00,"5- Mahaica- Berbice",631,"Tempie Public Rd.","WEST COAST BERBICE ROAD (From Georgetown)","-57.6333","6.4333",,,5/9/2012 0:00:00,12/30/1899 22:30:00,"C- Minor Injury","G- Rider",24.00,"Male","V-Motor Cycle;W-Pedal Cycle","P- Speeding",2.00
1552,4625.00,"5- Mahaica- Berbice",533,"Bath Settlement Public Rd.","East Coast Demerara Road (From Georgetown)","-57.8500","6.6333",,,5/12/2012 0:00:00,12/30/1899 15:30:00,"C- Minor Injury","G- Rider",15.00,"Male","K- Private Cars;W-Pedal Cycle","U- Cyclist's Negligence",2.00
1553,4626.00,"5- Mahaica- Berbice",533,"Bath Settlement Public Rd.","East Coast Demerara Road (From Georgetown)","-57.8500","6.6333",,,5/29/2012 0:00:00,12/30/1899 9:20:00,"C- Minor Injury","F- Driver",21.00,"Male","K- Private Cars;W-Pedal Cycle","P- Speeding",2.00
1554,4627.00,"5- Mahaica- Berbice",637,"Bush Lot Public Rd.","WEST COAST BERBICE ROAD (From Georgetown)","-57.6167","6.4167",,,6/18/2012 0:00:00,12/30/1899 8:15:00,"C- Minor Injury","E- Pedestrian",12.00,"Female","J- Minibus","T-Pedestrian's Negligence",2.00
1555,4628.00,"5- Mahaica- Berbice",639,"No. 22 Bel Air Public Rd.","WEST COAST BERBICE ROAD (From Georgetown)","-58.2833","6.5167",,,6/21/2012 0:00:00,12/30/1899 20:30:00,"B- Serious Injury","F- Driver",37.00,"Male","J- Minibus","Q- Alcohol",2.00
1556,4629.00,"5- Mahaica- Berbice",533,"Bath Settlement Public Rd.","East Coast Demerara Road (From Georgetown)","-57.8500","6.6333",,,7/25/2012 0:00:00,12/30/1899 19:00:00,"D- Property Damage","F- Driver",51.00,"Male","J- Minibus;M- Hire Cars","P- Speeding",2.00
1557,4630.00,"5- Mahaica- Berbice",632,"Union Public Rd.","WEST COAST BERBICE ROAD (From Georgetown)","-57.6333","6.4333",,,7/27/2012 0:00:00,12/30/1899 16:30:00,"D- Property Damage","F- Driver",61.00,"Male","K- Private Cars;L- Lorries Van","P- Speeding",2.00
1558,4631.00,"5- Mahaica- Berbice",642,"Onderneeming Public Rd.","WEST COAST BERBICE ROAD (From Georgetown)","-57.6000","6.4000",,,7/1/2012 0:00:00,12/30/1899 10:30:00,"B- Serious Injury","F- Driver",23.00,"Male","K- Private Cars","O- Lost Control & Runoff",2.00
1559,4632.00,"5- Mahaica- Berbice",644,"Fort Wellington Public Rd.","WEST COAST BERBICE ROAD (From Georgetown)","-57.6000","6.4000",,,7/7/2012 0:00:00,12/30/1899 23:30:00,"D- Property Damage","F- Driver",46.00,"Male","L- Lorries Van","Y-Animal",1.00
1560,4633.00,"5- Mahaica- Berbice",533,"Bath Settlement Public Rd.","East Coast Demerara Road (From Georgetown)","-57.8500","6.6333",,,7/12/2012 0:00:00,12/30/1899 8:50:00,"B- Serious Injury","F- Driver",36.00,"Male","J- Minibus","P- Speeding",2.00
1561,4634.00,"5- Mahaica- Berbice",635,"Lovely Lass Public Rd.","WEST COAST BERBICE ROAD (From Georgetown)","-57.6167","6.4167",,,7/16/2012 0:00:00,12/30/1899 23:15:00,"D- Property Damage","F- Driver",61.00,"Male","L- Lorries Van","Y-Animal",1.00
1562,4635.00,"5- Mahaica- Berbice",533,"Bath Settlement Public Rd.","East Coast Demerara Road (From Georgetown)","-57.8500","6.6333",,,7/13/2012 0:00:00,12/30/1899 22:20:00,"D- Property Damage","F- Driver",49.00,"Male","N- Pickup","Y-Animal",1.00
1563,4636.00,"5- Mahaica- Berbice",837,"No. 30 Public Rd.","CORENTYNE COAST ROAD (Form New Amsterdam)","-57.2500","6.1833",,,8/19/2012 0:00:00,12/30/1899 2:00:00,"D- Property Damage","F- Driver",36.00,"Male","J- Minibus","Y-Animal",1.00
1564,4637.00,"5- Mahaica- Berbice",639,"No. 22 Bel Air Public Rd.","WEST COAST BERBICE ROAD (From Georgetown)","-58.2833","6.5167",,,8/21/2012 0:00:00,12/30/1899 17:30:00,"B- Serious Injury","F- Driver",44.00,"Male","J- Minibus;V-Motor Cycle","P- Speeding",2.00
1565,4638.00,"5- Mahaica- Berbice",642,"Onderneeming Public Rd.","WEST COAST BERBICE ROAD (From Georgetown)","-57.6000","6.4000",,,8/24/2012 0:00:00,12/30/1899 7:15:00,"C- Minor Injury","G- Rider",49.00,"Male","J- Minibus;W-Pedal Cycle","U- Cyclist's Negligence",2.00
1566,4639.00,"5- Mahaica- Berbice5- Mahaica- Berbice",594,"No. 10 Public Rd.","LEFT BANK MAHAICONY RIVER (From Georgetown)","-57.8000","6.5500",,,8/26/2012 0:00:00,12/30/1899 20:30:00,"A- Fatal","F- Driver",29.00,"Male","L- Lorries Van","P- Speeding",2.00
1567,4640.00,"5- Mahaica- Berbice",596,"No. 12 Public Rd.","LEFT BANK MAHAICONY RIVER (From Georgetown)","-57.8000","6.5333",,,9/2/2012 0:00:00,12/30/1899 19:30:00,"D- Property Damage","G- Rider",15.00,"Male","M- Hire Cars;W-Pedal Cycle","U- Cyclist's Negligence",2.00
1568,4641.00,"5- Mahaica- Berbice",594,"No. 10 Public Rd.","LEFT BANK MAHAICONY RIVER (From Georgetown)","-57.8000","6.5500",,,9/2/2012 0:00:00,12/30/1899 20:30:00,"B- Serious Injury","F- Driver",19.00,"Male","K- Private Cars","P- Speeding",2.00
1569,4642.00,"5- Mahaica- Berbice",533,"Bath Settlement Public Rd.","East Coast Demerara Road (From Georgetown)","-57.8500","6.6333",,,9/23/2012 0:00:00,12/30/1899 14:00:00,"D- Property Damage","F- Driver",46.00,"Male","L- Lorries Van","Y-Animal",1.00
1570,4643.00,"5- Mahaica- Berbice",641,"Hopetown Public Rd.","WEST COAST BERBICE ROAD (From Georgetown)","-57.6000","6.4000",,,9/27/2012 0:00:00,12/30/1899 17:00:00,"C- Minor Injury","G- Rider",44.00,"Male","V-Motor Cycle","P- Speeding",2.00
1571,4644.00,"5- Mahaica- Berbice",787,"No. 23 Public Rd.","EAST COAST BERBICE ROAD (From New Amsterdam)","-57.4500","6.2667",,,9/30/2012 0:00:00,12/30/1899 6:30:00,"B- Serious Injury","F- Driver",37.00,"Male","M- Hire Cars","P- Speeding",1.00