"ID","Accident ID","Region Number","Corridor ID","Location (Intersection/Road/Street)","Corridor","Location- longitude/ X","Location- latitude/  Y","Mile Marker","Village","Date of Accident","Time of Accident","Type of Accident","Class of Road User","Age/DOB","Gender","Class of Vehicles Involved","Contributing Factor","Number of Persons Involved"
1572,4645.00,"5- Mahaica- Berbice",639,"No. 22 Bel Air Public Rd.","WEST COAST BERBICE ROAD (From Georgetown)","-58.2833","6.5167",,,10/9/2012 0:00:00,12/30/1899 12:55:00,"D- Property Damage","F- Driver",46.00,"Male","L- Lorries Van","Y-Animal",1.00
1573,4646.00,"5- Mahaica- Berbice",637,"Bush Lot Public Rd.","WEST COAST BERBICE ROAD (From Georgetown)","-57.6167","6.4167",,,10/9/2012 0:00:00,12/30/1899 19:15:00,"A- Fatal","F- Driver",33.00,"Female","K- Private Cars","P- Speeding",2.00
1574,4647.00,"5- Mahaica- Berbice",642,"Onderneeming Public Rd.","WEST COAST BERBICE ROAD (From Georgetown)","-57.6000","6.4000",,,10/22/2012 0:00:00,12/30/1899 16:50:00,"D- Property Damage","F- Driver",24.00,"Male","K- Private Cars;M- Hire Cars","O- Lost Control & Runoff",2.00
1575,4648.00,"5- Mahaica- Berbice",533,"Bath Settlement Public Rd.","East Coast Demerara Road (From Georgetown)","-57.8500","6.6333",,,10/27/2012 0:00:00,12/30/1899 8:10:00,"C- Minor Injury","F- Driver",31.00,"Male","J- Minibus","Y-Animal",1.00
1576,4649.00,"5- Mahaica- Berbice",533,"Bath Settlement Public Rd.","East Coast Demerara Road (From Georgetown)","-57.8500","6.6333",,,10/27/2012 0:00:00,12/30/1899 19:00:00,"D- Property Damage","F- Driver",32.00,"Male","K- Private Cars;M- Hire Cars","R- Improper Overtaking",2.00
1577,4650.00,"5- Mahaica- Berbice",947,"No. 29 Public Rd.",,,,,,10/27/2012 0:00:00,12/30/1899 18:40:00,"C- Minor Injury","F- Driver",22.00,"Male","L- Lorries Van;V-Motor Cycle","R- Improper Overtaking",2.00
1578,4651.00,"5- Mahaica- Berbice",671,"No. 5 Public Rd.","LEFT BANK BERBICE RIVER (From Georgetown)","-57.5500","6.2667",,,10/30/2012 0:00:00,12/30/1899 16:45:00,"D- Property Damage","F- Driver",30.00,"Male","J- Minibus","P- Speeding",2.00
1579,4652.00,"5- Mahaica- Berbice",533,"Bath Settlement Public Rd.","East Coast Demerara Road (From Georgetown)","-57.8500","6.6333",,,10/28/2012 0:00:00,12/30/1899 10:55:00,"D- Property Damage","F- Driver",37.00,"Male","N- Pickup","O- Lost Control & Runoff",1.00
1580,4653.00,"5- Mahaica- Berbice",533,"Bath Settlement Public Rd.","East Coast Demerara Road (From Georgetown)","-57.8500","6.6333",,,11/5/2012 0:00:00,12/30/1899 20:00:00,"C- Minor Injury","F- Driver",39.00,"Male","M- Hire Cars","P- Speeding",1.00
1581,4654.00,"5- Mahaica- Berbice",533,"Bath Settlement Public Rd.","East Coast Demerara Road (From Georgetown)","-57.8500","6.6333",,,11/4/2012 0:00:00,12/30/1899 19:00:00,"B- Serious Injury","G- Rider",40.00,"Male","K- Private Cars;V-Motor Cycle","U- Cyclist's Negligence",2.00
1582,4655.00,"5- Mahaica- Berbice",675,"No. 9 Public Rd.","LEFT BANK BERBICE RIVER (From Georgetown)","-57.5500","6.2500",,,11/27/2012 0:00:00,12/30/1899 12:30:00,"C- Minor Injury","E- Pedestrian",19.00,"Female","L- Lorries Van","T-Pedestrian's Negligence",2.00
1583,4656.00,"5- Mahaica- Berbice",671,"No. 5 Public Rd.","LEFT BANK BERBICE RIVER (From Georgetown)","-57.5500","6.2667",,,11/27/2012 0:00:00,12/30/1899 12:50:00,"C- Minor Injury","F- Driver",67.00,"Male","L- Lorries Van","Y-Animal",1.00
1584,4657.00,"5- Mahaica- Berbice",632,"Union Public Rd.","WEST COAST BERBICE ROAD (From Georgetown)","-57.6333","6.4333",,,12/10/2012 0:00:00,12/30/1899 16:00:00,"D- Property Damage","F- Driver",35.00,"Male","J- Minibus","Y-Animal",1.00
1585,4658.00,"5- Mahaica- Berbice",837,"No. 30 Public Rd.","CORENTYNE COAST ROAD (Form New Amsterdam)","-57.2500","6.1833",,,12/12/2012 0:00:00,12/30/1899 21:00:00,"C- Minor Injury","G- Rider",9.00,"Female","K- Private Cars;W-Pedal Cycle","U- Cyclist's Negligence",2.00
1586,4659.00,"5- Mahaica- Berbice",635,"Lovely Lass Public Rd.","WEST COAST BERBICE ROAD (From Georgetown)","-57.6167","6.4167",,,12/17/2012 0:00:00,12/30/1899 19:00:00,"C- Minor Injury","F- Driver",46.00,"Male","J- Minibus;V-Motor Cycle","P- Speeding",2.00
1587,4660.00,"5- Mahaica- Berbice",630,"Britannia Public Rd.","WEST COAST BERBICE ROAD (From Georgetown)","-57.6333","6.4333",,,12/29/2012 0:00:00,12/30/1899 15:30:00,"D- Property Damage","F- Driver",51.00,"Male","L- Lorries Van","Y-Animal",1.00
1588,4661.00,"5- Mahaica- Berbice",642,"Onderneeming Public Rd.","WEST COAST BERBICE ROAD (From Georgetown)","-57.6000","6.4000",,,12/29/2012 0:00:00,12/30/1899 17:00:00,"D- Property Damage","F- Driver",39.00,"Male","J- Minibus;K- Private Cars","Q- Alcohol",2.00
1589,4662.00,"5- Mahaica- Berbice",533,"Bath Settlement Public Rd.","East Coast Demerara Road (From Georgetown)","-57.8500","6.6333",,,12/30/2012 0:00:00,12/30/1899 14:00:00,"C- Minor Injury","F- Driver",55.00,"Male","J- Minibus;M- Hire Cars","O- Lost Control & Runoff",2.00
1590,4663.00,"5- Mahaica- Berbice",641,"Hopetown Public Rd.","WEST COAST BERBICE ROAD (From Georgetown)","-57.6000","6.4000",,,12/30/2012 0:00:00,12/30/1899 16:00:00,"D- Property Damage","F- Driver",39.00,"Male","J- Minibus;M- Hire Cars","P- Speeding",2.00
1591,4664.00,"5- Mahaica- Berbice5- Mahaica- Berbice",594,"No. 10 Public Rd.","LEFT BANK MAHAICONY RIVER (From Georgetown)","-57.8000","6.5500",,,12/31/2012 0:00:00,12/30/1899 17:30:00,"D- Property Damage","F- Driver",61.00,"Male","L- Lorries Van;M- Hire Cars","P- Speeding",2.00
1592,4665.00,"4- Demerara- Mahaica",369,"Grove Public Rd.","East bank Demerara (from Georgetown)","-58.1876","6.6996",,"Grove",1/7/2002 0:00:00,12/30/1899 3:00:00,"B- Serious Injury","E- Pedestrian",34.00,"Male","V-Motor Cycle","T-Pedestrian's Negligence",2.00
1593,4665.00,"5- Mahaica- Berbice",635,"Lovely Lass Public Rd.","WEST COAST BERBICE ROAD (From Georgetown)","-57.6167","6.4167",,,12/31/2012 0:00:00,12/30/1899 21:10:00,"D- Property Damage","F- Driver",35.00,"Male","J- Minibus","Y-Animal",1.00
1594,4666.00,"4- Demerara- Mahaica",369,"Grove Public Rd.","East bank Demerara (from Georgetown)","-58.1876","6.6996",,"Grove",1/4/2002 0:00:00,12/30/1899 17:30:00,"B- Serious Injury","F- Driver",70.00,"Male","J- Minibus;W-Pedal Cycle","P- Speeding",2.00
1595,4667.00,"4- Demerara- Mahaica",373,"Friendship Public Rd.","East bank Demerara (from Georgetown)","-58.4293","5.8712",,"Friendship",1/6/2002 0:00:00,12/30/1899 12:20:00,"B- Serious Injury","F- Driver",26.00,"Male","M- Hire Cars","S- Driver's Negligence",1.00
1596,4668.00,"4- Demerara- Mahaica",373,"Friendship Public Rd.","East bank Demerara (from Georgetown)","-58.4293","5.8712",,"Friendship",1/19/2002 0:00:00,12/30/1899 5:00:00,"B- Serious Injury","F- Driver",53.00,"Female","N- Pickup","P- Speeding",1.00
1597,4669.00,"4- Demerara- Mahaica",368,"Diamond Access Rd.","East bank Demerara (from Georgetown)","-58.1752","6.7058",,,1/26/2002 0:00:00,12/30/1899 21:00:00,"D- Property Damage","F- Driver",,"Male","J- Minibus;M- Hire Cars","P- Speeding",2.00
1598,4670.00,"4- Demerara- Mahaica",374,"Garden of Eden Public Rd.","East bank Demerara (from Georgetown)","-58.1970","6.6383",,"Garden Of Eden",1/22/2002 0:00:00,12/30/1899 19:30:00,"D- Property Damage","F- Driver",,"Female","K- Private Cars","Y- Animal",1.00
1599,4671.00,"4- Demerara- Mahaica",373,"Friendship Public Rd.","East bank Demerara (from Georgetown)","-58.4293","5.8712",,"Friendship",1/22/2002 0:00:00,12/30/1899 18:30:00,"B- Serious Injury","F- Driver",,"Male","J- Minibus;L- Lorries Van","S- Driver's Negligence",2.00
1600,4672.00,"4- Demerara- Mahaica",373,"Friendship Public Rd.","East bank Demerara (from Georgetown)","-58.4293","5.8712",,"Friendship",1/22/2002 0:00:00,12/30/1899 14:30:00,"D- Property Damage","F- Driver",,"Male","M- Hire Cars;N- Pickup","P- Speeding",2.00
1601,4673.00,"4- Demerara- Mahaica",374,"Garden of Eden Public Rd.","East bank Demerara (from Georgetown)","-58.1970","6.6383",,"Garden Of Eden",2/20/2002 0:00:00,12/30/1899 12:35:00,"D- Property Damage","F- Driver",52.00,"Male","K- Private Cars;X-Tractor","S- Driver's Negligence",2.00
1602,4674.00,"4- Demerara- Mahaica",368,"Diamond Access Rd.","East bank Demerara (from Georgetown)","-58.1752","6.7058",,,2/25/2002 0:00:00,12/30/1899 1:30:00,"A- Fatal","E- Pedestrian",,"Male","N- Pickup","T-Pedestrian's Negligence",2.00
1603,4675.00,"4- Demerara- Mahaica",373,"Friendship Public Rd.","East bank Demerara (from Georgetown)","-58.4293","5.8712",,"Friendship",3/2/2002 0:00:00,12/30/1899 15:10:00,"B- Serious Injury","F- Driver",43.00,"Male","K- Private Cars;L- Lorries Van","P- Speeding",4.00
1604,4676.00,"4- Demerara- Mahaica",373,"Friendship Public Rd.","East bank Demerara (from Georgetown)","-58.4293","5.8712",,"Friendship",3/11/2002 0:00:00,12/30/1899 10:00:00,"D- Property Damage","F- Driver",30.00,"Male","J- Minibus;M- Hire Cars","S- Driver's Negligence",2.00
1605,4677.00,"4- Demerara- Mahaica",369,"Grove Public Rd.","East bank Demerara (from Georgetown)","-58.1876","6.6996",,"Grove",3/24/2002 0:00:00,12/30/1899 17:50:00,"C- Minor Injury","F- Driver",54.00,"Male","J- Minibus;K- Private Cars","P- Speeding",2.00
1606,4678.00,"4- Demerara- Mahaica",373,"Friendship Public Rd.","East bank Demerara (from Georgetown)","-58.4293","5.8712",,"Friendship",3/23/2002 0:00:00,12/30/1899 13:30:00,"A- Fatal","F- Driver",28.00,"Male","J- Minibus;N- Pickup","P- Speeding",2.00
1607,4679.00,"4- Demerara- Mahaica",369,"Grove Public Rd.","East bank Demerara (from Georgetown)","-58.1876","6.6996",,"Grove",7/17/2002 0:00:00,12/30/1899 9:45:00,"D- Property Damage","F- Driver",30.00,"Male","J- Minibus;L- Lorries Van","S- Driver's Negligence",2.00
1608,4680.00,"4- Demerara- Mahaica",373,"Friendship Public Rd.","East bank Demerara (from Georgetown)","-58.4293","5.8712",,"Friendship",7/14/2002 0:00:00,12/30/1899 16:00:00,"D- Property Damage","F- Driver",58.00,"Male","J- Minibus","P- Speeding",1.00
1609,4681.00,"4- Demerara- Mahaica",373,"Friendship Public Rd.","East bank Demerara (from Georgetown)","-58.4293","5.8712",,"Friendship",7/14/2002 0:00:00,12/30/1899 17:00:00,"B- Serious Injury","F- Driver",,"Male","L- Lorries Van","P- Speeding",3.00
1610,4682.00,"4- Demerara- Mahaica",368,"Diamond Access Rd.","East bank Demerara (from Georgetown)","-58.1752","6.7058",,,,,"B- Serious Injury","F- Driver",29.00,"Male","M- Hire Cars","S- Driver's Negligence",3.00
1611,4683.00,"4- Demerara- Mahaica",368,"Diamond Access Rd.","East bank Demerara (from Georgetown)","-58.1752","6.7058",,,7/20/2002 0:00:00,12/30/1899 8:00:00,"D- Property Damage","F- Driver",,"Male","K- Private Cars;L- Lorries Van","S- Driver's Negligence",2.00
1612,4684.00,"4- Demerara- Mahaica",373,"Friendship Public Rd.","East bank Demerara (from Georgetown)","-58.4293","5.8712",,"Friendship",3/27/2002 0:00:00,12/30/1899 13:30:00,"C- Minor Injury","F- Driver",57.00,"Male","J- Minibus;L- Lorries Van","S- Driver's Negligence",2.00
1613,4685.00,"4- Demerara- Mahaica",369,"Grove Public Rd.","East bank Demerara (from Georgetown)","-58.1876","6.6996",,"Grove",4/1/2002 0:00:00,12/30/1899 15:30:00,"C- Minor Injury","F- Driver",45.00,"Male","J- Minibus","S- Driver's Negligence",2.00
1614,4686.00,"4- Demerara- Mahaica",372,"New Hope Public Rd.","East bank Demerara (from Georgetown)","-58.1849","6.6807",,"New Hope",4/2/2002 0:00:00,12/30/1899 10:00:00,"A- Fatal","F- Driver",37.00,"Male","J- Minibus;K- Private Cars","S- Driver's Negligence",1.00
1615,4687.00,"4- Demerara- Mahaica",374,"Garden of Eden Public Rd.","East bank Demerara (from Georgetown)","-58.1970","6.6383",,"Garden Of Eden",3/26/2002 0:00:00,12/30/1899 9:00:00,"C- Minor Injury","F- Driver",,"Male","K- Private Cars","Y- Animal",2.00
1616,4688.00,"4- Demerara- Mahaica",373,"Friendship Public Rd.","East bank Demerara (from Georgetown)","-58.4293","5.8712",,"Friendship",4/21/2002 0:00:00,12/30/1899 19:10:00,"C- Minor Injury","F- Driver",,"Male","K- Private Cars;M- Hire Cars","S- Driver's Negligence",2.00
1617,4689.00,"4- Demerara- Mahaica",369,"Grove Public Rd.","East bank Demerara (from Georgetown)","-58.1876","6.6996",,"Grove",4/23/2002 0:00:00,,"D- Property Damage","F- Driver",,"Male","J- Minibus","Y- Animal",1.00
1618,4690.00,"4- Demerara- Mahaica",372,"New Hope Public Rd.","East bank Demerara (from Georgetown)","-58.1849","6.6807",,"New Hope",5/13/2002 0:00:00,12/30/1899 13:30:00,"B- Serious Injury","F- Driver",28.00,"Male","J- Minibus;N- Pickup","S- Driver's Negligence",2.00
1619,4691.00,"4- Demerara- Mahaica",369,"Grove Public Rd.","East bank Demerara (from Georgetown)","-58.1876","6.6996",,"Grove",5/18/2002 0:00:00,12/30/1899 3:45:00,"B- Serious Injury","F- Driver",58.00,"Male","L- Lorries Van","S- Driver's Negligence",2.00
1620,4692.00,"4- Demerara- Mahaica",374,"Garden of Eden Public Rd.","East bank Demerara (from Georgetown)","-58.1970","6.6383",,"Garden Of Eden",5/21/2002 0:00:00,12/30/1899 16:30:00,"D- Property Damage","F- Driver",44.00,"Male","J- Minibus;K- Private Cars","S- Driver's Negligence",2.00
1621,4693.00,"4- Demerara- Mahaica",372,"New Hope Public Rd.","East bank Demerara (from Georgetown)","-58.1849","6.6807",,"New Hope",5/27/2002 0:00:00,12/30/1899 11:00:00,"D- Property Damage","F- Driver",,"Male","K- Private Cars;N- Pickup","S- Driver's Negligence",2.00
1622,4694.00,"4- Demerara- Mahaica",369,"Grove Public Rd.","East bank Demerara (from Georgetown)","-58.1876","6.6996",,"Grove",5/31/2002 0:00:00,12/30/1899 6:30:00,"C- Minor Injury","F- Driver",33.00,"Male","J- Minibus","S- Driver's Negligence",2.00
1623,4695.00,"4- Demerara- Mahaica",373,"Friendship Public Rd.","East bank Demerara (from Georgetown)","-58.4293","5.8713",,"Friendship",5/28/2002 0:00:00,12/30/1899 23:00:00,"D- Property Damage","F- Driver",,"Male","N- Pickup","O- Lost Control & Runoff",1.00
1624,4696.00,"4- Demerara- Mahaica",373,"Friendship Public Rd.","East bank Demerara (from Georgetown)","-58.4293","5.8712",,"Friendship",5/30/2002 0:00:00,12/30/1899 15:00:00,"D- Property Damage","F- Driver",24.00,"Male","N- Pickup","S- Driver's Negligence",2.00
1625,4697.00,"4- Demerara- Mahaica",373,"Friendship Public Rd.","East bank Demerara (from Georgetown)","-58.4293","5.8712",,"Friendship",7/2/2002 0:00:00,12/30/1899 16:20:00,"A- Fatal","F- Driver",24.00,"Male","M- Hire Cars;V-Motor Cycle","S- Driver's Negligence",2.00
1626,4698.00,"4- Demerara- Mahaica",369,"Grove Public Rd.","East bank Demerara (from Georgetown)","-58.1876","6.6996",,"Grove",7/12/2002 0:00:00,12/30/1899 13:00:00,"D- Property Damage","F- Driver",31.00,"Male","J- Minibus","S- Driver's Negligence",2.00
1627,4699.00,"4- Demerara- Mahaica",374,"Garden of Eden Public Rd.","East bank Demerara (from Georgetown)","-58.1970","6.6383",,"Garden Of Eden",7/23/2002 0:00:00,12/30/1899 11:25:00,"C- Minor Injury","F- Driver",28.00,"Male","K- Private Cars","S- Driver's Negligence",2.00
1628,4700.00,"4- Demerara- Mahaica",369,"Grove Public Rd.","East bank Demerara (from Georgetown)","-58.1876","6.6996",,"Grove",7/29/2002 0:00:00,12/30/1899 12:45:00,"D- Property Damage","F- Driver",34.00,"Male","J- Minibus","S- Driver's Negligence",2.00
1629,4701.00,"4- Demerara- Mahaica",373,"Friendship Public Rd.","East bank Demerara (from Georgetown)","-58.4293","5.8712",,,7/30/2002 0:00:00,,"D- Property Damage","F- Driver",,"Male","K- Private Cars;M- Hire Cars","S- Driver's Negligence",2.00
1630,4702.00,"4- Demerara- Mahaica",374,"Garden of Eden Public Rd.","East bank Demerara (from Georgetown)","-58.1970","6.6383",,,8/2/2002 0:00:00,12/30/1899 18:30:00,"D- Property Damage","F- Driver",,"Male","K- Private Cars","P- Speeding",1.00
1631,4703.00,"4- Demerara- Mahaica",373,"Friendship Public Rd.","East bank Demerara (from Georgetown)","-58.4293","5.8712",,,8/3/2002 0:00:00,12/30/1899 19:00:00,"D- Property Damage","F- Driver",,"Male","K- Private Cars;M- Hire Cars","S- Driver's Negligence",2.00
1632,4704.00,"4- Demerara- Mahaica",371,"Craig Public Rd.","East bank Demerara (from Georgetown)","-58.1903","6.7096",,,8/4/2002 0:00:00,12/30/1899 19:00:00,"C- Minor Injury","F- Driver",,"Male","M- Hire Cars","Y- Animal",1.00
1633,4705.00,"4- Demerara- Mahaica",373,"Friendship Public Rd.","East bank Demerara (from Georgetown)","-58.4293","5.8712",,,8/7/2002 0:00:00,12/30/1899 15:30:00,"B- Serious Injury","F- Driver",52.00,"Male","K- Private Cars;L- Lorries Van","S- Driver's Negligence",2.00
1634,4706.00,"4- Demerara- Mahaica",373,"Friendship Public Rd.","East bank Demerara (from Georgetown)","-58.4293","5.8712",,,8/12/2002 0:00:00,12/30/1899 0:15:00,"A- Fatal","F- Driver",64.00,"Male","N- Pickup","S- Driver's Negligence",2.00
1635,4707.00,"4- Demerara- Mahaica",373,"Friendship Public Rd.","East bank Demerara (from Georgetown)","-58.4293","5.8712",,,8/11/2002 0:00:00,12/30/1899 4:15:00,"D- Property Damage","F- Driver",28.00,"Male","J- Minibus;M- Hire Cars","S- Driver's Negligence",2.00
1636,4708.00,"4- Demerara- Mahaica",373,"Friendship Public Rd.","East bank Demerara (from Georgetown)","-58.4293","5.8712",,,8/14/2002 0:00:00,12/30/1899 15:45:00,"C- Minor Injury","F- Driver",26.00,"Male","J- Minibus;L- Lorries Van;N- Pickup","S- Driver's Negligence",3.00
1637,4709.00,"4- Demerara- Mahaica",369,"Grove Public Rd.","East bank Demerara (from Georgetown)","-58.1876","6.6996",,,8/12/2002 0:00:00,12/30/1899 19:30:00,"D- Property Damage","F- Driver",37.00,"Male","K- Private Cars;L- Lorries Van","S- Driver's Negligence",2.00
1638,4710.00,"4- Demerara- Mahaica",371,"Craig Public Rd.","East bank Demerara (from Georgetown)","-58.1903","6.7096",,,8/22/2002 0:00:00,12/30/1899 5:30:00,"A- Fatal","F- Driver",,"Male","J- Minibus;K- Private Cars;L- Lorries Van","S- Driver's Negligence",4.00
1639,4711.00,"4- Demerara- Mahaica",373,"Friendship Public Rd.","East bank Demerara (from Georgetown)","-58.4293","5.8712",,,8/23/2002 0:00:00,12/30/1899 9:15:00,"A- Fatal","F- Driver",58.00,"Male","N- Pickup","S- Driver's Negligence",2.00
1640,4712.00,"4- Demerara- Mahaica",373,"Friendship Public Rd.","East bank Demerara (from Georgetown)","-58.4293","5.8712",,,8/31/2002 0:00:00,12/30/1899 15:00:00,"B- Serious Injury","F- Driver",29.00,"Male","L- Lorries Van","S- Driver's Negligence",2.00
1641,4713.00,"4- Demerara- Mahaica",369,"Grove Public Rd.","East bank Demerara (from Georgetown)","-58.1876","6.6996",,,9/11/2002 0:00:00,12/30/1899 14:30:00,"D- Property Damage","F- Driver",40.00,"Male","J- Minibus","S- Driver's Negligence",2.00
1642,4714.00,"4- Demerara- Mahaica",369,"Grove Public Rd.","East bank Demerara (from Georgetown)","-58.1876","6.6996",,,9/1/2002 0:00:00,12/30/1899 15:50:00,"C- Minor Injury","F- Driver",54.00,"Male","N- Pickup","S- Driver's Negligence",2.00
1643,4715.00,"4- Demerara- Mahaica",371,"Craig Public Rd.","East bank Demerara (from Georgetown)","-58.1903","6.7096",,,9/15/2002 0:00:00,12/30/1899 16:30:00,"D- Property Damage","F- Driver",27.00,"Male","K- Private Cars","S- Driver's Negligence",2.00
1644,4716.00,"4- Demerara- Mahaica",372,"New Hope Public Rd.","East bank Demerara (from Georgetown)","-58.1849","6.6807",,,9/22/2002 0:00:00,12/30/1899 4:00:00,"C- Minor Injury","F- Driver",,"Male","J- Minibus","S- Driver's Negligence",2.00
1645,4717.00,"4- Demerara- Mahaica",369,"Grove Public Rd.","East bank Demerara (from Georgetown)","-58.1876","6.6996",,,9/25/2002 0:00:00,12/30/1899 13:30:00,"C- Minor Injury","F- Driver",39.00,"Male","K- Private Cars;L- Lorries Van","S- Driver's Negligence",2.00
1646,4718.00,"4- Demerara- Mahaica",369,"Grove Public Rd.","East bank Demerara (from Georgetown)","-58.1876","6.6996",,,10/1/2002 0:00:00,12/30/1899 12:50:00,"D- Property Damage","F- Driver",,"Male","K- Private Cars;L- Lorries Van","S- Driver's Negligence",2.00
1647,4719.00,"4- Demerara- Mahaica",374,"Garden of Eden Public Rd.","East bank Demerara (from Georgetown)","-58.1970","6.6383",,,10/3/2002 0:00:00,12/30/1899 19:35:00,"A- Fatal","F- Driver",36.00,"Male","K- Private Cars;W-Pedal Cycle","S- Driver's Negligence",2.00
1648,4720.00,"4- Demerara- Mahaica",369,"Grove Public Rd.","East bank Demerara (from Georgetown)","-58.1876","6.6996",,,10/14/2002 0:00:00,12/30/1899 19:30:00,"C- Minor Injury","G- Rider",,"Male","J- Minibus;V-Motor Cycle","U- Cyclist's Negligence",2.00
1649,4721.00,"4- Demerara- Mahaica",371,"Craig Public Rd.","East bank Demerara (from Georgetown)","-58.1903","6.7096",,,10/19/2002 0:00:00,12/30/1899 13:30:00,"D- Property Damage","F- Driver",60.00,"Male","J- Minibus","S- Driver's Negligence",2.00
1650,4722.00,"4- Demerara- Mahaica",374,"Garden of Eden Public Rd.","East bank Demerara (from Georgetown)","-58.1970","6.6383",,,10/22/2002 0:00:00,12/30/1899 19:45:00,"D- Property Damage","F- Driver",,"Male","J- Minibus;X-Tractor","S- Driver's Negligence",2.00
1651,4723.00,"4- Demerara- Mahaica",369,"Grove Public Rd.","East bank Demerara (from Georgetown)","-58.1876","6.6996",,,10/25/2002 0:00:00,12/30/1899 6:30:00,"D- Property Damage","F- Driver",28.00,"Male","J- Minibus;M- Hire Cars;N- Pickup","S- Driver's Negligence",3.00
1652,4724.00,"4- Demerara- Mahaica",372,"New Hope Public Rd.","East bank Demerara (from Georgetown)","-58.1849","6.6807",,,10/27/2002 0:00:00,12/30/1899 1:30:00,"D- Property Damage","F- Driver",,"Male","K- Private Cars","Y- Animal",1.00
1653,4725.00,"4- Demerara- Mahaica",373,"Friendship Public Rd.","East bank Demerara (from Georgetown)","-58.4293","5.8712",,,11/2/2002 0:00:00,,"D- Property Damage","F- Driver",29.00,"Male","J- Minibus;L- Lorries Van","S- Driver's Negligence",2.00
1654,4726.00,"4- Demerara- Mahaica",374,"Garden of Eden Public Rd.","East bank Demerara (from Georgetown)","-58.1970","6.6383",,,11/4/2002 0:00:00,12/30/1899 14:53:00,"B- Serious Injury","G- Rider",25.00,"Male","J- Minibus;V-Motor Cycle","U- Cyclist's Negligence",2.00
1655,4727.00,"4- Demerara- Mahaica",374,"Garden of Eden Public Rd.","East bank Demerara (from Georgetown)","-58.1970","6.6383",,,11/8/2002 0:00:00,12/30/1899 9:10:00,"D- Property Damage","F- Driver",,"Male","K- Private Cars;N- Pickup","S- Driver's Negligence",2.00
1656,4728.00,"4- Demerara- Mahaica",369,"Grove Public Rd.","East bank Demerara (from Georgetown)","-58.1876","6.6996",,,11/19/2002 0:00:00,12/30/1899 6:10:00,"D- Property Damage","F- Driver",,"Male","J- Minibus","S- Driver's Negligence",2.00
1657,4729.00,"4- Demerara- Mahaica",373,"Friendship Public Rd.","East bank Demerara (from Georgetown)","-58.4293","5.8712",,,11/19/2002 0:00:00,12/30/1899 23:00:00,"D- Property Damage","F- Driver",41.00,"Male","K- Private Cars;M- Hire Cars","S- Driver's Negligence",2.00
1658,4730.00,"4- Demerara- Mahaica",369,"Grove Public Rd.","East bank Demerara (from Georgetown)","-58.1876","6.6996",,,11/24/2002 0:00:00,12/30/1899 18:00:00,"C- Minor Injury","F- Driver",36.00,"Male","L- Lorries Van;V-Motor Cycle","S- Driver's Negligence",2.00
1659,4731.00,"4- Demerara- Mahaica",373,"Friendship Public Rd.","East bank Demerara (from Georgetown)","-58.4293","5.8712",,,12/3/2002 0:00:00,12/30/1899 10:30:00,"D- Property Damage","F- Driver",,"Male","L- Lorries Van","S- Driver's Negligence",2.00
1660,4732.00,"4- Demerara- Mahaica",371,"Craig Public Rd.","East bank Demerara (from Georgetown)","-58.1903","6.7096",,,12/5/2002 0:00:00,12/30/1899 9:10:00,"D- Property Damage","F- Driver",30.00,"Male","J- Minibus;L- Lorries Van","S- Driver's Negligence",2.00
1661,4733.00,"4- Demerara- Mahaica",371,"Craig Public Rd.","East bank Demerara (from Georgetown)","-58.1903","6.7096",,,12/5/2002 0:00:00,12/30/1899 13:20:00,"D- Property Damage","F- Driver",43.00,"Male","J- Minibus;L- Lorries Van","S- Driver's Negligence",2.00
1662,4734.00,"4- Demerara- Mahaica",369,"Grove Public Rd.","East bank Demerara (from Georgetown)","-58.1876","6.6996",,,12/21/2002 0:00:00,12/30/1899 1:30:00,"B- Serious Injury","F- Driver",,"Male","J- Minibus","S- Driver's Negligence",2.00
1663,4735.00,"4- Demerara- Mahaica",369,"Grove Public Rd.","East bank Demerara (from Georgetown)","-58.1876","6.6996",,,1/1/2003 0:00:00,12/30/1899 16:00:00,"A- Fatal","F- Driver",,"Male","K- Private Cars","S- Driver's Negligence",2.00
1664,4736.00,"4- Demerara- Mahaica",371,"Craig Public Rd.","East bank Demerara (from Georgetown)","-58.1903","6.7096",,,1/1/2003 0:00:00,12/30/1899 0:30:00,"B- Serious Injury","F- Driver",43.00,"Male","M- Hire Cars","S- Driver's Negligence",2.00
1665,4737.00,"4- Demerara- Mahaica",369,"Grove Public Rd.","East bank Demerara (from Georgetown)","-58.1876","6.6996",,,1/4/2003 0:00:00,12/30/1899 5:30:00,"C- Minor Injury","G- Rider",21.00,"Male","J- Minibus;V-Motor Cycle","U- Cyclist's Negligence",2.00
1666,4738.00,"4- Demerara- Mahaica",369,"Grove Public Rd.","East bank Demerara (from Georgetown)","-58.1876","6.6996",,,1/5/2003 0:00:00,,"D- Property Damage","F- Driver",30.00,"Male","J- Minibus;K- Private Cars","S- Driver's Negligence",2.00