"ID","Accident ID","Region Number","Corridor ID","Location (Intersection/Road/Street)","Corridor","Location- longitude/ X","Location- latitude/  Y","Mile Marker","Village","Date of Accident","Time of Accident","Type of Accident","Class of Road User","Age/DOB","Gender","Class of Vehicles Involved","Contributing Factor","Number of Persons Involved"
1667,4739.00,"4- Demerara- Mahaica",373,"Friendship Public Rd.","East bank Demerara (from Georgetown)","-58.4293","5.8712",,,1/8/2003 0:00:00,,"D- Property Damage","F- Driver",,"Male","L- Lorries Van;N- Pickup","S- Driver's Negligence",3.00
1668,4740.00,"4- Demerara- Mahaica",371,"Craig Public Rd.","East bank Demerara (from Georgetown)","-58.1903","6.7096",,,1/10/2003 0:00:00,12/30/1899 4:20:00,"A- Fatal","F- Driver",35.00,"Male","L- Lorries Van;M- Hire Cars","S- Driver's Negligence",3.00
1669,4741.00,"4- Demerara- Mahaica",372,"New Hope Public Rd.","East bank Demerara (from Georgetown)","-58.1849","6.6807",,,1/11/2003 0:00:00,12/30/1899 18:10:00,"D- Property Damage","F- Driver",31.00,"Male","J- Minibus;L- Lorries Van","S- Driver's Negligence",2.00
1670,4742.00,"4- Demerara- Mahaica",373,"Friendship Public Rd.","East bank Demerara (from Georgetown)","-58.4293","5.8712",,,1/12/2003 0:00:00,12/30/1899 12:45:00,"B- Serious Injury","F- Driver",32.00,"Male","J- Minibus","S- Driver's Negligence",2.00
1671,4743.00,"4- Demerara- Mahaica",371,"Craig Public Rd.","East bank Demerara (from Georgetown)","-58.1903","6.7096",,,1/14/2003 0:00:00,12/30/1899 18:45:00,"C- Minor Injury","F- Driver",38.00,"Male","K- Private Cars","S- Driver's Negligence",2.00
1672,4744.00,"4- Demerara- Mahaica",369,"Grove Public Rd.","East bank Demerara (from Georgetown)","-58.1876","6.6996",,,1/17/2003 0:00:00,,"B- Serious Injury","G- Rider",27.00,"Male","M- Hire Cars;V-Motor Cycle","U- Cyclist's Negligence",2.00
1673,4745.00,"4- Demerara- Mahaica",369,"Grove Public Rd.","East bank Demerara (from Georgetown)","-58.1876","6.6996",,,1/17/2003 0:00:00,12/30/1899 16:30:00,"D- Property Damage","F- Driver",27.00,"Male","K- Private Cars;L- Lorries Van","S- Driver's Negligence",2.00
1674,4746.00,"4- Demerara- Mahaica",369,"Grove Public Rd.","East bank Demerara (from Georgetown)","-58.1876","6.6996",,,1/17/2003 0:00:00,12/30/1899 8:00:00,"B- Serious Injury","F- Driver",27.00,"Male","K- Private Cars;M- Hire Cars","S- Driver's Negligence",2.00
1675,4747.00,"4- Demerara- Mahaica",373,"Friendship Public Rd.","East bank Demerara (from Georgetown)","-58.4293","5.8712",,,1/23/2003 0:00:00,12/30/1899 19:45:00,"A- Fatal","F- Driver",39.00,"Male","J- Minibus;M- Hire Cars","S- Driver's Negligence",2.00
1676,4748.00,"4- Demerara- Mahaica",369,"Grove Public Rd.","East bank Demerara (from Georgetown)","-58.1876","6.6996",,,1/28/2003 0:00:00,,"D- Property Damage","F- Driver",21.00,"Male","J- Minibus;K- Private Cars","S- Driver's Negligence",2.00
1677,4749.00,"4- Demerara- Mahaica",373,"Friendship Public Rd.","East bank Demerara (from Georgetown)","-58.4293","5.8712",,,1/19/2003 0:00:00,,"D- Property Damage","F- Driver",66.00,"Male","K- Private Cars","S- Driver's Negligence",2.00
1678,4750.00,"4- Demerara- Mahaica",372,"New Hope Public Rd.","East bank Demerara (from Georgetown)","-58.1849","6.6807",,,2/6/2003 0:00:00,12/30/1899 5:15:00,"C- Minor Injury","F- Driver",28.00,"Male","L- Lorries Van;M- Hire Cars","S- Driver's Negligence",2.00
1679,4751.00,"4- Demerara- Mahaica",373,"Friendship Public Rd.","East bank Demerara (from Georgetown)","-58.4293","5.8712",,,2/13/2003 0:00:00,12/30/1899 18:35:00,"D- Property Damage","F- Driver",33.00,"Male","K- Private Cars;M- Hire Cars","S- Driver's Negligence",2.00
1680,4752.00,"4- Demerara- Mahaica",371,"Craig Public Rd.","East bank Demerara (from Georgetown)","-58.1903","6.7096",,,5/6/2003 0:00:00,12/30/1899 8:20:00,"C- Minor Injury","F- Driver",31.00,"Male","K- Private Cars","S- Driver's Negligence",2.00
1681,4753.00,"4- Demerara- Mahaica",374,"Garden of Eden Public Rd.","East bank Demerara (from Georgetown)","-58.1970","6.6383",,,5/22/2003 0:00:00,12/30/1899 9:30:00,"D- Property Damage","F- Driver",23.00,"Male","J- Minibus;L- Lorries Van","S- Driver's Negligence",2.00
1682,4754.00,"4- Demerara- Mahaica",369,"Grove Public Rd.","East bank Demerara (from Georgetown)","-58.1876","6.6996",,,5/26/2003 0:00:00,12/30/1899 18:45:00,"C- Minor Injury","F- Driver",39.00,"Male","J- Minibus;N- Pickup","S- Driver's Negligence",2.00
1683,4755.00,"4- Demerara- Mahaica",369,"Grove Public Rd.","East bank Demerara (from Georgetown)","-58.1876","6.6996",,,5/31/2003 0:00:00,12/30/1899 14:55:00,"D- Property Damage","F- Driver",34.00,"Male","L- Lorries Van;N- Pickup","S- Driver's Negligence",2.00
1684,4756.00,"4- Demerara- Mahaica",369,"Grove Public Rd.","East bank Demerara (from Georgetown)","-58.1876","6.6996",,,5/6/2003 0:00:00,,"D- Property Damage","F- Driver",,"Male","J- Minibus;L- Lorries Van;N- Pickup","S- Driver's Negligence",3.00
1685,4757.00,"4- Demerara- Mahaica",369,"Grove Public Rd.","East bank Demerara (from Georgetown)","-58.1876","6.6996",,,6/7/2003 0:00:00,12/30/1899 20:00:00,"C- Minor Injury","F- Driver",,"Male","K- Private Cars","S- Driver's Negligence",1.00
1686,4758.00,"4- Demerara- Mahaica",374,"Garden of Eden Public Rd.","East bank Demerara (from Georgetown)","-58.1970","6.6383",,,6/10/2003 0:00:00,12/30/1899 17:15:00,"A- Fatal","F- Driver",44.00,"Male","J- Minibus;L- Lorries Van;N- Pickup","S- Driver's Negligence",3.00
1687,4759.00,"4- Demerara- Mahaica",372,"New Hope Public Rd.","East bank Demerara (from Georgetown)","-58.1849","6.6807",,,6/14/2003 0:00:00,,"D- Property Damage","F- Driver",28.00,"Male","K- Private Cars;L- Lorries Van","S- Driver's Negligence",2.00
1688,4760.00,"4- Demerara- Mahaica",372,"New Hope Public Rd.","East bank Demerara (from Georgetown)","-58.1849","6.6807",,,6/15/2003 0:00:00,12/30/1899 23:00:00,"D- Property Damage","F- Driver",,"Male","K- Private Cars","S- Driver's Negligence",2.00
1689,4761.00,"4- Demerara- Mahaica",369,"Grove Public Rd.","East bank Demerara (from Georgetown)","-58.1876","6.6996",,,6/20/2003 0:00:00,12/30/1899 22:30:00,"D- Property Damage","F- Driver",,"Male","N- Pickup","Y- Animal",1.00
1690,4762.00,"4- Demerara- Mahaica",374,"Garden of Eden Public Rd.","East bank Demerara (from Georgetown)","-58.1970","6.6383",,,6/29/2003 0:00:00,12/30/1899 5:15:00,"C- Minor Injury","F- Driver",38.00,"Male","K- Private Cars","S- Driver's Negligence",2.00
1691,4763.00,"4- Demerara- Mahaica",369,"Grove Public Rd.","East bank Demerara (from Georgetown)","-58.1876","6.6996",,,6/29/2003 0:00:00,12/30/1899 13:00:00,"A- Fatal","F- Driver",29.00,"Male","K- Private Cars;W-Pedal Cycle","S- Driver's Negligence",2.00
1692,4764.00,"4- Demerara- Mahaica",369,"Grove Public Rd.","East bank Demerara (from Georgetown)","-58.1876","6.6996",,,6/27/2003 0:00:00,12/30/1899 9:15:00,"C- Minor Injury","F- Driver",43.00,"Male","J- Minibus;N- Pickup","S- Driver's Negligence",2.00
1693,4765.00,"4- Demerara- Mahaica",373,"Friendship Public Rd.","East bank Demerara (from Georgetown)","-58.4293","5.8712",,,7/5/2003 0:00:00,,"C- Minor Injury","F- Driver",,"Male","J- Minibus;M- Hire Cars","S- Driver's Negligence",2.00
1694,4766.00,"4- Demerara- Mahaica",369,"Grove Public Rd.","East bank Demerara (from Georgetown)","-58.1876","6.6996",,,7/8/2003 0:00:00,12/30/1899 20:35:00,"C- Minor Injury","F- Driver",39.00,"Male","M- Hire Cars","S- Driver's Negligence",2.00
1695,4767.00,"4- Demerara- Mahaica",369,"Grove Public Rd.","East bank Demerara (from Georgetown)","-58.1876","6.6996",,,7/9/2003 0:00:00,12/30/1899 13:45:00,"C- Minor Injury","F- Driver",,"Male","M- Hire Cars","S- Driver's Negligence",2.00
1696,4768.00,"4- Demerara- Mahaica",373,"Friendship Public Rd.","East bank Demerara (from Georgetown)","-58.4293","5.8712",,,7/10/2003 0:00:00,12/30/1899 20:15:00,"C- Minor Injury","F- Driver",35.00,"Male","K- Private Cars;X-Tractor","S- Driver's Negligence",2.00
1697,4769.00,"4- Demerara- Mahaica",374,"Garden of Eden Public Rd.","East bank Demerara (from Georgetown)","-58.1970","6.6383",,,7/19/2003 0:00:00,12/30/1899 17:45:00,"B- Serious Injury","F- Driver",,"Male","K- Private Cars","S- Driver's Negligence",2.00
1698,4770.00,"4- Demerara- Mahaica",369,"Grove Public Rd.","East bank Demerara (from Georgetown)","-58.1876","6.6996",,,7/18/2003 0:00:00,12/30/1899 6:05:00,"D- Property Damage","F- Driver",,"Male","K- Private Cars","Y- Animal",1.00
1699,4771.00,"4- Demerara- Mahaica",371,"Craig Public Rd.","East bank Demerara (from Georgetown)","-58.1903","6.7096",,,7/27/2003 0:00:00,12/30/1899 2:30:00,"A- Fatal","F- Driver",32.00,"Male","J- Minibus","S- Driver's Negligence",6.00
1700,4772.00,"4- Demerara- Mahaica",582,"Kaneville Public Road","LEFT BANK MAHAICA RIVER (From Georgetown)","-58.1867","6.6967",,,8/2/2003 0:00:00,,"D- Property Damage","F- Driver",,"Male","J- Minibus;K- Private Cars","S- Driver's Negligence",2.00
1701,4773.00,"4- Demerara- Mahaica",368,"Grove Diamond New Scheme","East bank Demerara (from Georgetown)","-58.1752","6.7058",,,8/2/2003 0:00:00,,"D- Property Damage","F- Driver",,"Male","K- Private Cars;L- Lorries Van","S- Driver's Negligence",2.00
1702,4774.00,"4- Demerara- Mahaica",372,"New Hope Public Rd.","East bank Demerara (from Georgetown)","-58.1849","6.6807",,,8/28/2003 0:00:00,12/30/1899 19:00:00,"D- Property Damage","F- Driver",46.00,"Male","K- Private Cars;L- Lorries Van","S- Driver's Negligence",2.00
1703,4775.00,"4- Demerara- Mahaica",369,"Grove Public Rd.","East bank Demerara (from Georgetown)","-58.1876","6.6996",,,9/2/2003 0:00:00,12/30/1899 15:30:00,"D- Property Damage","F- Driver",34.00,"Male","J- Minibus;L- Lorries Van","S- Driver's Negligence",2.00
1704,4776.00,"4- Demerara- Mahaica",374,"Garden of Eden Public Rd.","East bank Demerara (from Georgetown)","-58.1970","6.6383",,,9/3/2003 0:00:00,12/30/1899 19:15:00,"C- Minor Injury","F- Driver",35.00,"Male","J- Minibus;K- Private Cars","S- Driver's Negligence",2.00
1705,4777.00,"4- Demerara- Mahaica",373,"Friendship Public Rd.","East bank Demerara (from Georgetown)","-58.4293","5.8712",,,9/4/2003 0:00:00,12/30/1899 14:15:00,"D- Property Damage","F- Driver",32.00,"Male","K- Private Cars;L- Lorries Van","S- Driver's Negligence",2.00
1706,4778.00,"4- Demerara- Mahaica",369,"Back St. Grove","East bank Demerara (from Georgetown)","-58.1876","6.6996",,,9/15/2003 0:00:00,12/30/1899 13:00:00,"D- Property Damage","F- Driver",45.00,"Female","K- Private Cars;N- Pickup","O- Lost Control & Runoff",2.00
1707,4779.00,"4- Demerara- Mahaica",373,"Friendship Public Rd.","East bank Demerara (from Georgetown)","-58.4293","5.8712",,,9/24/2003 0:00:00,12/30/1899 6:15:00,"D- Property Damage","F- Driver",,"Male","K- Private Cars;L- Lorries Van","S- Driver's Negligence",2.00
1708,4780.00,"4- Demerara- Mahaica",373,"Friendship Public Rd.","East bank Demerara (from Georgetown)","-58.4293","5.8712",,,10/6/2003 0:00:00,,"D- Property Damage","F- Driver",28.00,"Male","K- Private Cars;L- Lorries Van","S- Driver's Negligence",2.00
1709,4781.00,"4- Demerara- Mahaica",369,"Grove Public Rd.","East bank Demerara (from Georgetown)","-58.1876","6.6996",,,10/7/2003 0:00:00,12/30/1899 20:00:00,"B- Serious Injury","F- Driver",26.00,"Male","K- Private Cars","S- Driver's Negligence",2.00
1710,4782.00,"4- Demerara- Mahaica",373,"Friendship Public Rd.","East bank Demerara (from Georgetown)","-58.4293","5.8712",,,10/8/2003 0:00:00,12/30/1899 15:30:00,"A- Fatal","F- Driver",31.00,"Female","J- Minibus;N- Pickup","S- Driver's Negligence",2.00
1711,4783.00,"4- Demerara- Mahaica",372,"New Hope Public Rd.","East bank Demerara (from Georgetown)","-58.1849","6.6807",,,10/21/2003 0:00:00,12/30/1899 4:30:00,"A- Fatal","F- Driver",42.00,"Male","J- Minibus","S- Driver's Negligence",2.00
1712,4784.00,"4- Demerara- Mahaica",372,"New Hope Public Rd.","East bank Demerara (from Georgetown)","-58.1849","6.6807",,,10/26/2003 0:00:00,,"B- Serious Injury","F- Driver",,"Male","L- Lorries Van","S- Driver's Negligence",2.00
1713,4785.00,"4- Demerara- Mahaica",374,"Garden of Eden Public Rd.","East bank Demerara (from Georgetown)","-58.1970","6.6383",,,10/31/2003 0:00:00,,"C- Minor Injury","F- Driver",,"Male","J- Minibus","Y- Animal",1.00
1714,4786.00,"4- Demerara- Mahaica",372,"New Hope Public Rd.","East bank Demerara (from Georgetown)","-58.1849","6.6807",,,10/2/2003 0:00:00,12/30/1899 20:30:00,"D- Property Damage","F- Driver",,"Male","K- Private Cars","S- Driver's Negligence",1.00
1715,4787.00,"4- Demerara- Mahaica",369,"Grove Public Rd.","East bank Demerara (from Georgetown)","-58.1876","6.6996",,,10/9/2003 0:00:00,12/30/1899 17:30:00,"B- Serious Injury","F- Driver",,"Male","K- Private Cars;N- Pickup","S- Driver's Negligence",3.00
1716,4788.00,"4- Demerara- Mahaica",371,"Craig Public Rd.","East bank Demerara (from Georgetown)","-58.1903","6.7096",,,11/15/2003 0:00:00,,"D- Property Damage","F- Driver",,"Male","J- Minibus;L- Lorries Van","S- Driver's Negligence",3.00
1717,4789.00,"4- Demerara- Mahaica",373,"Friendship Public Rd.","East bank Demerara (from Georgetown)","-58.4293","5.8712",,,11/26/2003 0:00:00,12/30/1899 13:20:00,"D- Property Damage","F- Driver",45.00,"Male","J- Minibus;K- Private Cars","S- Driver's Negligence",2.00
1718,4790.00,"4- Demerara- Mahaica",373,"Friendship Public Rd.","East bank Demerara (from Georgetown)","-58.4293","5.8712",,,12/1/2003 0:00:00,12/30/1899 17:00:00,"D- Property Damage","F- Driver",25.00,"Male","L- Lorries Van;N- Pickup","S- Driver's Negligence",2.00
1719,4791.00,"4- Demerara- Mahaica",369,"Grove Public Rd.","East bank Demerara (from Georgetown)","-58.1876","6.6996",,,12/16/2003 0:00:00,12/30/1899 19:15:00,"C- Minor Injury","F- Driver",30.00,"Male","K- Private Cars;V-Motor Cycle","S- Driver's Negligence",2.00
1720,4792.00,"4- Demerara- Mahaica",373,"Friendship Public Rd.","East bank Demerara (from Georgetown)","-58.4293","5.8712",,,12/18/2003 0:00:00,12/30/1899 9:30:00,"D- Property Damage","F- Driver",58.00,"Male","K- Private Cars;N- Pickup","S- Driver's Negligence",2.00
1721,4793.00,"4- Demerara- Mahaica",373,"Friendship Public Rd.","East bank Demerara (from Georgetown)","-58.4293","5.8712",,,12/30/2003 0:00:00,12/30/1899 13:15:00,"D- Property Damage","F- Driver",26.00,"Male","J- Minibus;X-Tractor","S- Driver's Negligence",2.00
1722,4794.00,"4- Demerara- Mahaica",374,"Garden of Eden Public Rd.","East bank Demerara (from Georgetown)","-58.1970","6.6383",,,12/22/2003 0:00:00,12/30/1899 10:15:00,"D- Property Damage","F- Driver",,"Male","J- Minibus;M- Hire Cars","S- Driver's Negligence",2.00
1723,4795.00,"4- Demerara- Mahaica",369,"Grove Public Rd.","East bank Demerara (from Georgetown)","-58.1876","6.6996",,,12/31/2003 0:00:00,12/30/1899 22:00:00,"B- Serious Injury","F- Driver",20.00,"Male","K- Private Cars","S- Driver's Negligence",2.00
1724,4796.00,"4- Demerara- Mahaica",371,"Craig Public Rd.","East bank Demerara (from Georgetown)","-58.1903","6.7096",,,1/1/2004 0:00:00,12/30/1899 14:30:00,"D- Property Damage","F- Driver",32.00,"Male","J- Minibus","S- Driver's Negligence",2.00
1725,4797.00,"4- Demerara- Mahaica",369,"Grove Public Rd.","East bank Demerara (from Georgetown)","-58.1876","6.6996",,,1/1/2004 0:00:00,,"C- Minor Injury","F- Driver",37.00,"Male","J- Minibus","S- Driver's Negligence",2.00
1726,4798.00,"4- Demerara- Mahaica",374,"Garden of Eden Public Rd.","East bank Demerara (from Georgetown)","-58.1970","6.6383",,,1/1/2004 0:00:00,,"C- Minor Injury","F- Driver",52.00,"Male","J- Minibus","S- Driver's Negligence",2.00
1727,4799.00,"4- Demerara- Mahaica",369,"Grove Public Rd.","East bank Demerara (from Georgetown)","-58.1876","6.6996",,,1/6/2004 0:00:00,12/30/1899 14:45:00,"D- Property Damage","F- Driver",37.00,"Male","L- Lorries Van;M- Hire Cars;N- Pickup","S- Driver's Negligence",3.00
1728,4800.00,"4- Demerara- Mahaica",372,"New Hope Public Rd.","East bank Demerara (from Georgetown)","-58.1849","6.6807",,,1/10/2004 0:00:00,12/30/1899 6:40:00,"A- Fatal","F- Driver",53.00,"Male","M- Hire Cars","P- Speeding",2.00
1729,4801.00,"4- Demerara- Mahaica",371,"Craig Public Rd.","East bank Demerara (from Georgetown)","-58.1903","6.7096",,,1/11/2004 0:00:00,12/30/1899 15:00:00,"D- Property Damage","F- Driver",,"Male","J- Minibus;M- Hire Cars","S- Driver's Negligence",2.00
1730,4802.00,"4- Demerara- Mahaica",369,"Grove Public Rd.","East bank Demerara (from Georgetown)","-58.1876","6.6996",,,1/10/2004 0:00:00,12/30/1899 2:30:00,"D- Property Damage","F- Driver",42.00,"Male","J- Minibus","O- Lost Control & Runoff",2.00
1731,4803.00,"4- Demerara- Mahaica",369,"Grove Public Rd.","East bank Demerara (from Georgetown)","-58.1876","6.6996",,,1/12/2004 0:00:00,12/30/1899 14:30:00,"B- Serious Injury","F- Driver",26.00,"Male","J- Minibus;L- Lorries Van","P- Speeding",2.00
1732,4804.00,"4- Demerara- Mahaica",372,"New Hope Public Rd.","East bank Demerara (from Georgetown)","-58.1849","6.6807",,,1/20/2004 0:00:00,12/30/1899 8:30:00,"B- Serious Injury","F- Driver",,"Male","L- Lorries Van","P- Speeding",2.00
1733,4805.00,"4- Demerara- Mahaica",374,"Garden of Eden Public Rd.","East bank Demerara (from Georgetown)","-58.1970","6.6383",,,1/16/2004 0:00:00,12/30/1899 0:30:00,"D- Property Damage","F- Driver",,"Male","K- Private Cars","S- Driver's Negligence",2.00
1734,4806.00,"4- Demerara- Mahaica",369,"Grove Public Rd.","East bank Demerara (from Georgetown)","-58.1876","6.6996",,,1/24/2004 0:00:00,12/30/1899 0:30:00,"C- Minor Injury","F- Driver",20.00,"Male","K- Private Cars","O- Lost Control & Runoff",1.00
1735,4807.00,"4- Demerara- Mahaica",373,"Friendship Public Rd.","East bank Demerara (from Georgetown)","-58.4293","5.8712",,,1/27/2004 0:00:00,12/30/1899 13:15:00,"D- Property Damage","F- Driver",,"Male","J- Minibus","O- Lost Control & Runoff",1.00
1736,4808.00,"4- Demerara- Mahaica",373,"Friendship Public Rd.","East bank Demerara (from Georgetown)","-58.4293","5.8712",,,2/11/2004 0:00:00,12/30/1899 6:45:00,"A- Fatal","F- Driver",30.00,"Male","L- Lorries Van","S- Driver's Negligence",2.00
1737,4809.00,"4- Demerara- Mahaica",369,"Grove Public Rd.","East bank Demerara (from Georgetown)","-58.1876","6.6996",,,2/14/2004 0:00:00,12/30/1899 10:30:00,"D- Property Damage","F- Driver",,"Male","J- Minibus;N- Pickup","S- Driver's Negligence",2.00
1738,4810.00,"4- Demerara- Mahaica",373,"Friendship Public Rd.","East bank Demerara (from Georgetown)","-58.4293","5.8712",,,2/14/2004 0:00:00,12/30/1899 21:15:00,"C- Minor Injury","F- Driver",,"Male","J- Minibus;M- Hire Cars","S- Driver's Negligence",2.00
1739,4811.00,"4- Demerara- Mahaica",369,"Grove Public Rd.","East bank Demerara (from Georgetown)","-58.1876","6.6996",,,2/25/2004 0:00:00,12/30/1899 19:00:00,"B- Serious Injury","F- Driver",41.00,"Female","K- Private Cars","S- Driver's Negligence",2.00
1740,4812.00,"4- Demerara- Mahaica",373,"Friendship Public Rd.","East bank Demerara (from Georgetown)","-58.4293","5.8712",,,2/20/2004 0:00:00,12/30/1899 12:45:00,"D- Property Damage","F- Driver",,"Male","K- Private Cars","S- Driver's Negligence",2.00
1741,4813.00,"4- Demerara- Mahaica",373,"Friendship Public Rd.","East bank Demerara (from Georgetown)","-58.4293","5.8712",,,2/28/2004 0:00:00,12/30/1899 20:15:00,"D- Property Damage","F- Driver",,"Male","K- Private Cars;L- Lorries Van","S- Driver's Negligence",2.00
1742,4814.00,"4- Demerara- Mahaica",369,"Grove Public Rd.","East bank Demerara (from Georgetown)","-58.1876","6.6996",,,3/5/2004 0:00:00,,"A- Fatal","F- Driver",,"Male","L- Lorries Van","S- Driver's Negligence",2.00
1743,4815.00,"4- Demerara- Mahaica",369,"Grove Public Rd.","East bank Demerara (from Georgetown)","-58.1876","6.6996",,,3/5/2004 0:00:00,12/30/1899 16:30:00,"D- Property Damage","F- Driver",38.00,"Male","J- Minibus","S- Driver's Negligence",2.00
1744,4816.00,"4- Demerara- Mahaica",369,"Grove Public Rd.","East bank Demerara (from Georgetown)","-58.1876","6.6996",,,3/5/2004 0:00:00,12/30/1899 17:20:00,"D- Property Damage","F- Driver",35.00,"Male","K- Private Cars;L- Lorries Van","S- Driver's Negligence",2.00
1745,4817.00,"4- Demerara- Mahaica",369,"Grove Public Rd.","East bank Demerara (from Georgetown)","-58.1876","6.6996",,,3/8/2004 0:00:00,12/30/1899 18:15:00,"B- Serious Injury","G- Rider",28.00,"Male","L- Lorries Van;W-Pedal Cycle","U- Cyclist's Negligence",2.00
1746,4818.00,"4- Demerara- Mahaica",369,"Grove Public Rd.","East bank Demerara (from Georgetown)","-58.1876","6.6996",,,3/27/2004 0:00:00,,"C- Minor Injury","G- Rider",,"Male","V-Motor Cycle;W-Pedal Cycle","U- Cyclist's Negligence",2.00
1747,4819.00,"4- Demerara- Mahaica",369,"Grove Public Rd.","East bank Demerara (from Georgetown)","-58.1876","6.6996",,,3/13/2004 0:00:00,12/30/1899 6:30:00,"C- Minor Injury","F- Driver",36.00,"Male","J- Minibus;L- Lorries Van","S- Driver's Negligence",2.00
1748,4820.00,"4- Demerara- Mahaica",373,"Friendship Public Rd.","East bank Demerara (from Georgetown)","-58.4293","5.8712",,,3/11/2004 0:00:00,,"D- Property Damage","F- Driver",23.00,"Male","K- Private Cars;L- Lorries Van","S- Driver's Negligence",2.00
1749,4821.00,"4- Demerara- Mahaica",372,"New Hope Public Rd.","East bank Demerara (from Georgetown)","-58.1849","6.6807",,,3/20/2004 0:00:00,12/30/1899 11:45:00,"D- Property Damage","F- Driver",,"Male","N- Pickup","S- Driver's Negligence",2.00
1750,4822.00,"4- Demerara- Mahaica",369,"Grove Public Rd.","East bank Demerara (from Georgetown)","-58.1876","6.6996",,,3/19/2004 0:00:00,12/30/1899 16:15:00,"C- Minor Injury","G- Rider",38.00,"Male","N- Pickup;W-Pedal Cycle","U- Cyclist's Negligence",2.00
1751,4823.00,"4- Demerara- Mahaica",369,"Grove Public Rd.","East bank Demerara (from Georgetown)","-58.1876","6.6996",,,3/17/2004 0:00:00,12/30/1899 19:30:00,"D- Property Damage","G- Rider",25.00,"Male","J- Minibus;V-Motor Cycle","U- Cyclist's Negligence",2.00
1752,4824.00,"4- Demerara- Mahaica",369,"Last St. Grove","East bank Demerara (from Georgetown)","-58.1876","6.6997",,,3/18/2004 0:00:00,12/30/1899 16:45:00,"C- Minor Injury","G- Rider",11.00,"Male","K- Private Cars;W-Pedal Cycle","U- Cyclist's Negligence",2.00
1753,4825.00,"4- Demerara- Mahaica",369,"Grove Public Rd.","East bank Demerara (from Georgetown)","-58.1876","6.6996",,,3/25/2004 0:00:00,12/30/1899 11:35:00,"D- Property Damage","F- Driver",42.00,"Male","K- Private Cars;L- Lorries Van","S- Driver's Negligence",3.00
1754,4826.00,"4- Demerara- Mahaica",368,"Grove Diamond New Scheme","East bank Demerara (from Georgetown)","-58.1752","6.7058",,,3/22/2004 0:00:00,,"D- Property Damage","F- Driver",52.00,"Male","K- Private Cars;M- Hire Cars","S- Driver's Negligence",2.00
1755,4827.00,"4- Demerara- Mahaica",369,"Grove Public Rd.","East bank Demerara (from Georgetown)","-58.1876","6.6996",,,3/27/2004 0:00:00,12/30/1899 14:30:00,"B- Serious Injury","G- Rider",14.00,"Male","K- Private Cars;W-Pedal Cycle","U- Cyclist's Negligence",2.00
1756,4828.00,"4- Demerara- Mahaica",371,"Craig Public Rd.","East bank Demerara (from Georgetown)","-58.1903","6.7096",,,3/29/2004 0:00:00,12/30/1899 17:00:00,"D- Property Damage","F- Driver",50.00,"Male","J- Minibus","S- Driver's Negligence",2.00
1757,4829.00,"4- Demerara- Mahaica",372,"New Hope Public Rd.","East bank Demerara (from Georgetown)","-58.1849","6.6807",,,3/29/2004 0:00:00,12/30/1899 18:30:00,"D- Property Damage","F- Driver",52.00,"Male","J- Minibus;L- Lorries Van","O- Lost Control & Runoff",2.00
1758,4830.00,"4- Demerara- Mahaica",371,"Craig Public Rd.","East bank Demerara (from Georgetown)","-58.1903","6.7096",,,3/30/2004 0:00:00,12/30/1899 11:00:00,"D- Property Damage","F- Driver",33.00,"Male","J- Minibus;L- Lorries Van","S- Driver's Negligence",2.00
1759,4831.00,"4- Demerara- Mahaica",373,"Friendship Public Rd.","East bank Demerara (from Georgetown)","-58.4293","5.8712",,,3/30/2004 0:00:00,12/30/1899 15:30:00,"C- Minor Injury","E- Pedestrian",15.00,"Female","K- Private Cars","T-Pedestrian's Negligence",2.00
1760,4832.00,"4- Demerara- Mahaica",371,"Craig Public Rd.","East bank Demerara (from Georgetown)","-58.1903","6.7096",,,4/4/2004 0:00:00,,"C- Minor Injury","F- Driver",24.00,"Male","L- Lorries Van;N- Pickup","S- Driver's Negligence",2.00
1761,4833.00,"4- Demerara- Mahaica",369,"Grove Public Rd.","East bank Demerara (from Georgetown)","-58.1876","6.6996",,,4/6/2004 0:00:00,,"D- Property Damage","F- Driver",,"Male","K- Private Cars;L- Lorries Van","S- Driver's Negligence",2.00
1762,4834.00,"4- Demerara- Mahaica",371,"Craig Public Rd.","East bank Demerara (from Georgetown)","-58.1903","6.7096",,,4/6/2004 0:00:00,12/30/1899 14:30:00,"D- Property Damage","F- Driver",,"Male","J- Minibus;L- Lorries Van","S- Driver's Negligence",2.00
1763,4835.00,"4- Demerara- Mahaica",373,"Friendship Public Rd.","East bank Demerara (from Georgetown)","-58.4293","5.8712",,,4/24/2004 0:00:00,12/30/1899 11:00:00,"D- Property Damage","F- Driver",,"Male","K- Private Cars;N- Pickup","S- Driver's Negligence",2.00