"ID","Accident ID","Region Number","Corridor ID","Location (Intersection/Road/Street)","Corridor","Location- longitude/ X","Location- latitude/  Y","Mile Marker","Village","Date of Accident","Time of Accident","Type of Accident","Class of Road User","Age/DOB","Gender","Class of Vehicles Involved","Contributing Factor","Number of Persons Involved"
1764,4836.00,"4- Demerara- Mahaica",373,"Friendship Public Rd.","East bank Demerara (from Georgetown)","-58.4293","5.8713",,,4/27/2004 0:00:00,12/30/1899 13:30:00,"D- Property Damage","F- Driver",32.00,"Male","J- Minibus;L- Lorries Van","S- Driver's Negligence",2.00
1765,4837.00,"4- Demerara- Mahaica",369,"Grove Public Rd.","East bank Demerara (from Georgetown)","-58.1876","6.6996",,,4/29/2004 0:00:00,12/30/1899 21:45:00,"D- Property Damage","F- Driver",27.00,"Male","J- Minibus;L- Lorries Van","S- Driver's Negligence",2.00
1766,4838.00,"4- Demerara- Mahaica",369,"Grove Public Rd.","East bank Demerara (from Georgetown)","-58.1876","6.6996",,,4/30/2004 0:00:00,12/30/1899 21:00:00,"B- Serious Injury","F- Driver",37.00,"Male","K- Private Cars","S- Driver's Negligence",2.00
1767,4839.00,"4- Demerara- Mahaica",369,"Grove Public Rd.","East bank Demerara (from Georgetown)","-58.1876","6.6996",,,5/3/2004 0:00:00,12/30/1899 14:30:00,"D- Property Damage","G- Rider",21.00,"Male","M- Hire Cars;V-Motor Cycle","U- Cyclist's Negligence",2.00
1768,4840.00,"4- Demerara- Mahaica",369,"Grove Public Rd.","East bank Demerara (from Georgetown)","-58.1876","6.6996",,,5/7/2004 0:00:00,,"B- Serious Injury","F- Driver",27.00,"Male","J- Minibus;L- Lorries Van","S- Driver's Negligence",3.00
1769,4841.00,"4- Demerara- Mahaica",369,"Grove Public Rd.","East bank Demerara (from Georgetown)","-58.1876","6.6996",,,5/19/2004 0:00:00,12/30/1899 7:00:00,"D- Property Damage","F- Driver",24.00,"Male","K- Private Cars;L- Lorries Van","S- Driver's Negligence",2.00
1770,4842.00,"4- Demerara- Mahaica",369,"Grove Public Rd.","East bank Demerara (from Georgetown)","-58.1876","6.6996",,,5/23/2004 0:00:00,12/30/1899 17:45:00,"C- Minor Injury","G- Rider",30.00,"Male","K- Private Cars;W-Pedal Cycle","U- Cyclist's Negligence",2.00
1771,4843.00,"4- Demerara- Mahaica",369,"Grove Public Rd.","East bank Demerara (from Georgetown)","-58.1876","6.6996",,,5/23/2004 0:00:00,12/30/1899 23:30:00,"D- Property Damage","F- Driver",,"Male","M- Hire Cars","S- Driver's Negligence",1.00
1772,4844.00,"4- Demerara- Mahaica",369,"Grove Public Rd.","East bank Demerara (from Georgetown)","-58.1876","6.6996",,,5/26/2004 0:00:00,12/30/1899 9:30:00,"D- Property Damage","F- Driver",,"Male","J- Minibus;K- Private Cars","S- Driver's Negligence",2.00
1773,4845.00,"4- Demerara- Mahaica",369,"Grove Public Rd.","East bank Demerara (from Georgetown)","-58.1876","6.6996",,,5/27/2004 0:00:00,12/30/1899 13:00:00,"C- Minor Injury","F- Driver",37.00,"Male","J- Minibus;L- Lorries Van","S- Driver's Negligence",2.00
1774,4846.00,"4- Demerara- Mahaica",372,"New Hope Public Rd.","East bank Demerara (from Georgetown)","-58.1849","6.6807",,,6/5/2004 0:00:00,12/30/1899 6:00:00,"B- Serious Injury","F- Driver",53.00,"Male","J- Minibus;K- Private Cars","S- Driver's Negligence",2.00
1775,4847.00,"4- Demerara- Mahaica",373,"Friendship Public Rd.","East bank Demerara (from Georgetown)","-58.4293","5.8712",,,6/6/2004 0:00:00,12/30/1899 15:50:00,"C- Minor Injury","F- Driver",52.00,"Male","J- Minibus","S- Driver's Negligence",2.00
1776,4848.00,"4- Demerara- Mahaica",372,"New Hope Public Rd.","East bank Demerara (from Georgetown)","-58.1849","6.6807",,,6/27/2004 0:00:00,12/30/1899 19:30:00,"D- Property Damage","F- Driver",36.00,"Male","J- Minibus;K- Private Cars","S- Driver's Negligence",3.00
1777,4849.00,"4- Demerara- Mahaica",369,"Grove Public Rd.","East bank Demerara (from Georgetown)","-58.1876","6.6996",,,6/27/2004 0:00:00,12/30/1899 0:10:00,"D- Property Damage","F- Driver",38.00,"Male","K- Private Cars;L- Lorries Van","S- Driver's Negligence",2.00
1778,4850.00,"4- Demerara- Mahaica",369,"Grove Public Rd.","East bank Demerara (from Georgetown)","-58.1876","6.6996",,,7/2/2004 0:00:00,12/30/1899 21:15:00,"B- Serious Injury","G- Rider",,"Male","M- Hire Cars;W-Pedal Cycle","U- Cyclist's Negligence",2.00
1779,4851.00,"4- Demerara- Mahaica",373,"Friendship Public Rd.","East bank Demerara (from Georgetown)","-58.4293","5.8712",,,7/3/2004 0:00:00,12/30/1899 12:10:00,"B- Serious Injury","F- Driver",32.00,"Male","L- Lorries Van;Z-Animal- Drawn","S- Driver's Negligence",2.00
1780,4852.00,"4- Demerara- Mahaica",369,"Grove Public Rd.","East bank Demerara (from Georgetown)","-58.1876","6.6996",,,7/5/2004 0:00:00,12/30/1899 20:30:00,"C- Minor Injury","E- Pedestrian",20.00,"Female","L- Lorries Van","T-Pedestrian's Negligence",2.00
1781,4853.00,"4- Demerara- Mahaica",372,"New Hope Public Rd.","East bank Demerara (from Georgetown)","-58.1849","6.6807",,,7/4/2004 0:00:00,12/30/1899 13:59:00,"C- Minor Injury","F- Driver",34.00,"Male","K- Private Cars","S- Driver's Negligence",2.00
1782,4854.00,"4- Demerara- Mahaica",374,"Garden of Eden Public Rd.","East bank Demerara (from Georgetown)","-58.1970","6.6383",,,7/25/2004 0:00:00,12/30/1899 23:50:00,"B- Serious Injury","F- Driver",23.00,"Male","K- Private Cars;M- Hire Cars","P- Speeding",2.00
1783,4855.00,"4- Demerara- Mahaica",373,"Friendship Public Rd.","East bank Demerara (from Georgetown)","-58.4293","5.8712",,,7/25/2004 0:00:00,12/30/1899 16:00:00,"D- Property Damage","F- Driver",,"Male","J- Minibus;M- Hire Cars","S- Driver's Negligence",2.00
1784,4856.00,"4- Demerara- Mahaica",371,"Craig Public Rd.","East bank Demerara (from Georgetown)","-58.1903","6.7096",,,7/31/2004 0:00:00,12/30/1899 7:30:00,"D- Property Damage","F- Driver",,"Male","K- Private Cars;N- Pickup","S- Driver's Negligence",2.00
1785,4857.00,"4- Demerara- Mahaica",368,"Diamond Access Rd.","East bank Demerara (from Georgetown)","-58.1752","6.7058",,,8/3/2004 0:00:00,,"B- Serious Injury","G- Rider",,"Female","V-Motor Cycle","P- Speeding",1.00
1786,4858.00,"4- Demerara- Mahaica",372,"New Hope Public Rd.","East bank Demerara (from Georgetown)","-58.1849","6.6807",,,8/9/2004 0:00:00,12/30/1899 2:10:00,"D- Property Damage","F- Driver",22.00,"Male","N- Pickup;X-Tractor","S- Driver's Negligence",2.00
1787,4859.00,"4- Demerara- Mahaica",373,"Friendship Public Rd.","East bank Demerara (from Georgetown)","-58.4293","5.8712",,,8/4/2004 0:00:00,12/30/1899 17:55:00,"B- Serious Injury","E- Pedestrian",38.00,"Male","J- Minibus","T-Pedestrian's Negligence",2.00
1788,4860.00,"4- Demerara- Mahaica",372,"New Hope Public Rd.","East bank Demerara (from Georgetown)","-58.1849","6.6807",,,8/16/2004 0:00:00,12/30/1899 11:15:00,"D- Property Damage","G- Rider",26.00,"Male","L- Lorries Van;V-Motor Cycle","U- Cyclist's Negligence",2.00
1789,4861.00,"4- Demerara- Mahaica",373,"Friendship Public Rd.","East bank Demerara (from Georgetown)","-58.4293","5.8713",,,8/13/2004 0:00:00,12/30/1899 19:30:00,"C- Minor Injury","F- Driver",52.00,"Male","K- Private Cars","P- Speeding",2.00
1790,4862.00,"4- Demerara- Mahaica",373,"Friendship Public Rd.","East bank Demerara (from Georgetown)","-58.4293","5.8712",,,8/19/2004 0:00:00,12/30/1899 8:35:00,"D- Property Damage","F- Driver",27.00,"Male","K- Private Cars","S- Driver's Negligence",2.00
1791,4863.00,"4- Demerara- Mahaica",369,"Grove Public Rd.","East bank Demerara (from Georgetown)","-58.1876","6.6996",,,8/20/2004 0:00:00,12/30/1899 19:00:00,"D- Property Damage","F- Driver",20.00,"Male","K- Private Cars;V-Motor Cycle","S- Driver's Negligence",2.00
1792,4864.00,"4- Demerara- Mahaica",369,"Grove Public Rd.","East bank Demerara (from Georgetown)","-58.1876","6.6996",,,8/20/2004 0:00:00,12/30/1899 18:25:00,"D- Property Damage","F- Driver",,"Male","L- Lorries Van;M- Hire Cars;W-Pedal Cycle","S- Driver's Negligence",3.00
1793,4865.00,"4- Demerara- Mahaica",374,"Garden of Eden Public Rd.","East bank Demerara (from Georgetown)","-58.1970","6.6383",,,8/26/2004 0:00:00,12/30/1899 11:50:00,"D- Property Damage","F- Driver",32.00,"Male","L- Lorries Van;N- Pickup","S- Driver's Negligence",2.00
1794,4866.00,"4- Demerara- Mahaica",371,"Craig Public Rd.","East bank Demerara (from Georgetown)","-58.1903","6.7096",,,9/9/2004 0:00:00,12/30/1899 6:45:00,"D- Property Damage","F- Driver",52.00,"Male","J- Minibus;L- Lorries Van;M- Hire Cars","S- Driver's Negligence",3.00
1795,4867.00,"4- Demerara- Mahaica",369,"Grove Public Rd.","East bank Demerara (from Georgetown)","-58.1876","6.6996",,,9/9/2004 0:00:00,,"D- Property Damage","F- Driver",43.00,"Male","K- Private Cars;M- Hire Cars","S- Driver's Negligence",2.00
1796,4868.00,"4- Demerara- Mahaica",372,"New Hope Public Rd.","East bank Demerara (from Georgetown)","-58.1849","6.6807",,,10/1/2004 0:00:00,,"A- Fatal","F- Driver",32.00,"Male","J- Minibus;L- Lorries Van","S- Driver's Negligence",3.00
1797,4869.00,"4- Demerara- Mahaica",373,"Friendship Public Rd.","East bank Demerara (from Georgetown)","-58.4293","5.8712",,,10/8/2004 0:00:00,12/30/1899 17:30:00,"B- Serious Injury","F- Driver",27.00,"Male","N- Pickup","P- Speeding",2.00
1798,4870.00,"4- Demerara- Mahaica",369,"Grove Public Rd.","East bank Demerara (from Georgetown)","-58.1876","6.6996",,,10/17/2004 0:00:00,12/30/1899 20:15:00,"B- Serious Injury","F- Driver",37.00,"Male","K- Private Cars","S- Driver's Negligence",2.00
1799,4871.00,"4- Demerara- Mahaica",369,"Grove Public Rd.","East bank Demerara (from Georgetown)","-58.1876","6.6996",,,10/16/2004 0:00:00,12/30/1899 22:40:00,"B- Serious Injury","F- Driver",19.00,"Male","M- Hire Cars","S- Driver's Negligence",2.00
1800,4872.00,"4- Demerara- Mahaica",371,"Craig Public Rd.","East bank Demerara (from Georgetown)","-58.1903","6.7096",,,10/18/2004 0:00:00,12/30/1899 7:00:00,"D- Property Damage","F- Driver",39.00,"Male","N- Pickup","Y- Animal",1.00
1801,4873.00,"4- Demerara- Mahaica",372,"New Hope Public Rd.","East bank Demerara (from Georgetown)","-58.1849","6.6807",,,10/22/2004 0:00:00,12/30/1899 18:40:00,"D- Property Damage","F- Driver",,"Male","J- Minibus;L- Lorries Van","S- Driver's Negligence",2.00
1802,4874.00,"4- Demerara- Mahaica",373,"Friendship Public Rd.","East bank Demerara (from Georgetown)","-58.4293","5.8712",,,,12/30/1899 10:24:00,"A- Fatal","F- Driver",,"Male","M- Hire Cars;W-Pedal Cycle","S- Driver's Negligence",2.00
1803,4875.00,"4- Demerara- Mahaica",373,"Friendship Public Rd.","East bank Demerara (from Georgetown)","-58.4293","5.8712",,,11/2/2004 0:00:00,12/30/1899 11:30:00,"D- Property Damage","F- Driver",21.00,"Male","K- Private Cars;M- Hire Cars","P- Speeding",2.00
1804,4876.00,"4- Demerara- Mahaica",371,"Craig Public Rd.","East bank Demerara (from Georgetown)","-58.1903","6.7096",,,11/13/2004 0:00:00,12/30/1899 21:30:00,"D- Property Damage","F- Driver",33.00,"Male","L- Lorries Van;M- Hire Cars","S- Driver's Negligence",2.00
1805,4877.00,"4- Demerara- Mahaica",373,"Friendship Public Rd.","East bank Demerara (from Georgetown)","-58.4293","5.8712",,,11/20/2004 0:00:00,12/30/1899 16:30:00,"A- Fatal","F- Driver",37.00,"Male","N- Pickup","S- Driver's Negligence",2.00
1806,4878.00,"4- Demerara- Mahaica",373,"Friendship Public Rd.","East bank Demerara (from Georgetown)","-58.4293","5.8712",,,11/27/2004 0:00:00,,"D- Property Damage","F- Driver",,"Male","J- Minibus;N- Pickup","S- Driver's Negligence",2.00
1807,4879.00,"4- Demerara- Mahaica",373,"Friendship Public Rd.","East bank Demerara (from Georgetown)","-58.4293","5.8712",,,11/29/2004 0:00:00,12/30/1899 9:30:00,"C- Minor Injury","F- Driver",42.00,"Male","N- Pickup","P- Speeding",2.00
1808,4880.00,"4- Demerara- Mahaica",369,"Grove Public Rd.","East bank Demerara (from Georgetown)","-58.1876","6.6996",,,12/1/2004 0:00:00,12/30/1899 7:00:00,"D- Property Damage","F- Driver",35.00,"Male","K- Private Cars;L- Lorries Van","S- Driver's Negligence",2.00
1809,4881.00,"4- Demerara- Mahaica",369,"Grove Public Rd.","East bank Demerara (from Georgetown)","-58.1876","6.6996",,,12/18/2004 0:00:00,,"D- Property Damage","F- Driver",28.00,"Male","J- Minibus","S- Driver's Negligence",2.00
1810,4882.00,"4- Demerara- Mahaica",369,"Grove Public Rd.","East bank Demerara (from Georgetown)","-58.1876","6.6996",,,12/16/2004 0:00:00,12/30/1899 6:30:00,"D- Property Damage","F- Driver",33.00,"Male","J- Minibus;L- Lorries Van","S- Driver's Negligence",2.00
1811,4883.00,"4- Demerara- Mahaica",374,"Garden of Eden Public Rd.","East bank Demerara (from Georgetown)","-58.1970","6.6383",,,12/13/2004 0:00:00,12/30/1899 5:45:00,"D- Property Damage","F- Driver",30.00,"Male","K- Private Cars;M- Hire Cars","S- Driver's Negligence",2.00
1812,4884.00,"4- Demerara- Mahaica",368,"Grove Diamond New Scheme","East bank Demerara (from Georgetown)","-58.1752","6.7058",,,12/21/2004 0:00:00,12/30/1899 14:20:00,"B- Serious Injury","F- Driver",32.00,"Male","L- Lorries Van;W-Pedal Cycle","P- Speeding",2.00
1813,4885.00,"4- Demerara- Mahaica",372,"New Hope Public Rd.","East bank Demerara (from Georgetown)","-58.1849","6.6807",,,12/28/2004 0:00:00,12/30/1899 19:30:00,"C- Minor Injury","F- Driver",,"Male","N- Pickup;W-Pedal Cycle","S- Driver's Negligence",2.00
1814,4886.00,"4- Demerara- Mahaica",371,"Craig Public Rd.","East bank Demerara (from Georgetown)","-58.1903","6.7096",,,1/10/2005 0:00:00,12/30/1899 10:00:00,"D- Property Damage","F- Driver",46.00,"Male","J- Minibus;K- Private Cars","S- Driver's Negligence",3.00
1815,4887.00,"4- Demerara- Mahaica",373,"Friendship Public Rd.","East bank Demerara (from Georgetown)","-58.4293","5.8712",,,1/15/2005 0:00:00,12/30/1899 2:45:00,"D- Property Damage","F- Driver",,"Male","N- Pickup","S- Driver's Negligence",1.00
1816,4888.00,"4- Demerara- Mahaica",369,"Grove Public Rd.","East bank Demerara (from Georgetown)","-58.1876","6.6996",,,1/18/2005 0:00:00,12/30/1899 9:50:00,"C- Minor Injury","F- Driver",,"Male","N- Pickup","S- Driver's Negligence",2.00
1817,4889.00,"4- Demerara- Mahaica",373,"Friendship Public Rd.","East bank Demerara (from Georgetown)","-58.4293","5.8712",,,1/25/2005 0:00:00,12/30/1899 14:45:00,"B- Serious Injury","F- Driver",27.00,"Male","N- Pickup","P- Speeding",2.00
1818,4890.00,"4- Demerara- Mahaica",373,"Friendship","East bank Demerara (from Georgetown)","-58.4293","5.8712",,,1/28/2005 0:00:00,12/30/1899 4:20:00,"A- Fatal","F- Driver",38.00,"Male","L- Lorries Van","S- Driver's Negligence",2.00
1819,4891.00,"4- Demerara- Mahaica",369,"Grove Public Rd.","East bank Demerara (from Georgetown)","-58.1876","6.6996",,,1/31/2005 0:00:00,12/30/1899 19:20:00,"D- Property Damage","F- Driver",,"Male","J- Minibus","P- Speeding",1.00
1820,4892.00,"4- Demerara- Mahaica",371,"Craig Public Rd.","East bank Demerara (from Georgetown)","-58.1903","6.7096",,,1/31/2005 0:00:00,12/30/1899 20:00:00,"D- Property Damage","F- Driver",34.00,"Male","K- Private Cars","O- Lost Control & Runoff",1.00
1821,4893.00,"4- Demerara- Mahaica",369,"Grove Public Rd.","East bank Demerara (from Georgetown)","-58.1876","6.6996",,,2/1/2005 0:00:00,12/30/1899 21:20:00,"D- Property Damage","F- Driver",52.00,"Male","J- Minibus;K- Private Cars","S- Driver's Negligence",2.00
1822,4894.00,"4- Demerara- Mahaica",374,"Garden of Eden Public Rd.","East bank Demerara (from Georgetown)","-58.1970","6.6383",,,2/10/2005 0:00:00,12/30/1899 21:30:00,"A- Fatal","F- Driver",29.00,"Male","N- Pickup","S- Driver's Negligence",2.00
1823,4895.00,"4- Demerara- Mahaica",369,"Grove Public Rd.","East bank Demerara (from Georgetown)","-58.1876","6.6996",,,2/19/2005 0:00:00,12/30/1899 18:50:00,"A- Fatal","G- Rider",52.00,"Male","N- Pickup;V-Motor Cycle","U- Cyclist's Negligence",2.00
1824,4896.00,"4- Demerara- Mahaica",373,"Friendship Public Rd.","East bank Demerara (from Georgetown)","-58.4293","5.8712",,,2/24/2005 0:00:00,12/30/1899 14:30:00,"A- Fatal","E- Pedestrian",8.00,"Male","K- Private Cars","T-Pedestrian's Negligence",2.00
1825,4897.00,"4- Demerara- Mahaica",373,"Friendship Public Rd.","East bank Demerara (from Georgetown)","-58.4293","5.8712",,,2/25/2005 0:00:00,12/30/1899 10:45:00,"C- Minor Injury","F- Driver",25.00,"Male","K- Private Cars","O- Lost Control & Runoff",2.00
1826,4898.00,"4- Demerara- Mahaica",372,"Hope Public Rd.","East bank Demerara (from Georgetown)","-58.2714","5.8995",,,3/15/2005 0:00:00,12/30/1899 20:15:00,"D- Property Damage","F- Driver",25.00,"Male","L- Lorries Van;X-Tractor","S- Driver's Negligence",2.00
1827,4899.00,"4- Demerara- Mahaica",371,"Buzz Bee Second St. Craig","East bank Demerara (from Georgetown)","-58.1903","6.7096",,,3/20/2005 0:00:00,12/30/1899 14:30:00,"C- Minor Injury","F- Driver",28.00,"Male","K- Private Cars","S- Driver's Negligence",2.00
1828,4900.00,"4- Demerara- Mahaica",373,"Friendship Public Rd.","East bank Demerara (from Georgetown)","-58.4293","5.8712",,,3/20/2005 0:00:00,12/30/1899 22:30:00,"B- Serious Injury","F- Driver",28.00,"Male","K- Private Cars","S- Driver's Negligence",2.00
1829,4901.00,"4- Demerara- Mahaica",369,"Grove Public Rd.","East bank Demerara (from Georgetown)","-58.1876","6.6996",,,3/30/2005 0:00:00,12/30/1899 21:30:00,"D- Property Damage","F- Driver",20.00,"Female","K- Private Cars","S- Driver's Negligence",2.00
1830,4902.00,"4- Demerara- Mahaica",374,"Garden of Eden Public Rd.","East bank Demerara (from Georgetown)","-58.1970","6.6383",,,4/3/2005 0:00:00,12/30/1899 18:30:00,"A- Fatal","F- Driver",27.00,"Female","J- Minibus","S- Driver's Negligence",2.00
1831,4903.00,"4- Demerara- Mahaica",369,"Third & 110 St. Grove","East bank Demerara (from Georgetown)","-58.1876","6.6997",,,4/9/2005 0:00:00,12/30/1899 14:45:00,"B- Serious Injury","G- Rider",19.00,"Male","V-Motor Cycle;W-Pedal Cycle","U- Cyclist's Negligence",2.00
1832,4904.00,"4- Demerara- Mahaica",371,"Craig Public Rd.","East bank Demerara (from Georgetown)","-58.1903","6.7096",,,4/15/2005 0:00:00,12/30/1899 17:20:00,"C- Minor Injury","G- Rider",15.00,"Male","K- Private Cars;W-Pedal Cycle","U- Cyclist's Negligence",2.00
1833,4905.00,"4- Demerara- Mahaica",369,"Grove Public Rd.","East bank Demerara (from Georgetown)","-58.1876","6.6996",,,4/20/2005 0:00:00,12/30/1899 8:00:00,"B- Serious Injury","G- Rider",17.00,"Male","N- Pickup;W-Pedal Cycle","U- Cyclist's Negligence",2.00
1834,4906.00,"4- Demerara- Mahaica",369,"Grove Public Rd.","East bank Demerara (from Georgetown)","-58.1876","6.6996",,,4/29/2005 0:00:00,12/30/1899 14:30:00,"C- Minor Injury","F- Driver",62.00,"Male","J- Minibus","P- Speeding",2.00
1835,4907.00,"4- Demerara- Mahaica",369,"Grove Public Rd.","East bank Demerara (from Georgetown)","-58.1876","6.6996",,,5/8/2005 0:00:00,12/30/1899 1:30:00,"B- Serious Injury","F- Driver",44.00,"Male","K- Private Cars","O- Lost Control & Runoff",1.00
1836,4908.00,"4- Demerara- Mahaica",371,"Craig Public Rd.","East bank Demerara (from Georgetown)","-58.1903","6.7096",,,5/15/2005 0:00:00,12/30/1899 8:15:00,"C- Minor Injury","G- Rider",12.00,"Female","V-Motor Cycle","P- Speeding",2.00
1837,4909.00,"4- Demerara- Mahaica",368,"Second Bridge Diamond New Scheme","East bank Demerara (from Georgetown)","-58.1851","6.7086",,,5/15/2005 0:00:00,12/30/1899 12:15:00,"D- Property Damage","F- Driver",35.00,"Male","K- Private Cars","S- Driver's Negligence",2.00
1838,4910.00,"4- Demerara- Mahaica",374,"Garden of Eden Public Rd.","East bank Demerara (from Georgetown)","-58.1970","6.6383",,,6/12/2005 0:00:00,12/30/1899 19:15:00,"D- Property Damage","F- Driver",37.00,"Male","J- Minibus;M- Hire Cars","S- Driver's Negligence",2.00
1839,4911.00,"4- Demerara- Mahaica",373,"Friendship Public Rd.","East bank Demerara (from Georgetown)","-58.4293","5.8712",,,6/13/2005 0:00:00,12/30/1899 15:15:00,"D- Property Damage","F- Driver",21.00,"Male","L- Lorries Van","P- Speeding",2.00
1840,4912.00,"4- Demerara- Mahaica",369,"Grove Public Rd.","East bank Demerara (from Georgetown)","-58.1876","6.6996",,,6/24/2005 0:00:00,12/30/1899 21:30:00,"C- Minor Injury","F- Driver",53.00,"Male","J- Minibus;L- Lorries Van","S- Driver's Negligence",3.00
1841,4913.00,"4- Demerara- Mahaica",371,"Craig Public Rd.","East bank Demerara (from Georgetown)","-58.1903","6.7096",,,7/3/2005 0:00:00,12/30/1899 19:10:00,"C- Minor Injury","G- Rider",42.00,"Male","K- Private Cars;W-Pedal Cycle","U- Cyclist's Negligence",2.00
1842,4914.00,"4- Demerara- Mahaica",369,"Grove Public Rd.","East bank Demerara (from Georgetown)","-58.1876","6.6996",,,7/6/2005 0:00:00,12/30/1899 13:00:00,"D- Property Damage","F- Driver",39.00,"Male","L- Lorries Van;N- Pickup","S- Driver's Negligence",2.00
1843,4915.00,"4- Demerara- Mahaica",369,"Grove Public Rd.","East bank Demerara (from Georgetown)","-58.1876","6.6996",,,7/3/2005 0:00:00,12/30/1899 19:15:00,"C- Minor Injury","F- Driver",43.00,"Male","K- Private Cars","S- Driver's Negligence",2.00
1844,4916.00,"4- Demerara- Mahaica",374,"Garden of Eden","East bank Demerara (from Georgetown)","-58.1970","6.6383",,,7/23/2005 0:00:00,12/30/1899 4:30:00,"B- Serious Injury","F- Driver",33.00,"Male","K- Private Cars","S- Driver's Negligence",2.00
1845,4917.00,"4- Demerara- Mahaica",374,"Garden of Eden Public Rd.","East bank Demerara (from Georgetown)","-58.1970","6.6383",,,7/25/2005 0:00:00,12/30/1899 15:40:00,"D- Property Damage","F- Driver",37.00,"Male","K- Private Cars;N- Pickup","S- Driver's Negligence",3.00
1846,4918.00,"4- Demerara- Mahaica",371,"Craig Public Rd.","East bank Demerara (from Georgetown)","-58.1903","6.7096",,,7/29/2005 0:00:00,12/30/1899 17:30:00,"D- Property Damage","F- Driver",27.00,"Male","K- Private Cars;L- Lorries Van","S- Driver's Negligence",2.00
1847,4919.00,"4- Demerara- Mahaica",369,"Grove Public Rd.","East bank Demerara (from Georgetown)","-58.1876","6.6996",,,8/7/2005 0:00:00,12/30/1899 12:30:00,"C- Minor Injury","F- Driver",34.00,"Male","J- Minibus;K- Private Cars","S- Driver's Negligence",2.00
1848,4920.00,"4- Demerara- Mahaica",369,"Grove Public Rd.","East bank Demerara (from Georgetown)","-58.1876","6.6996",,,8/13/2005 0:00:00,12/30/1899 6:30:00,"D- Property Damage","G- Rider",20.00,"Male","J- Minibus;V-Motor Cycle","U- Cyclist's Negligence",2.00
1849,4921.00,"4- Demerara- Mahaica",371,"Craig Public Rd.","East bank Demerara (from Georgetown)","-58.1903","6.7096",,,8/23/2005 0:00:00,12/30/1899 17:30:00,"C- Minor Injury","E- Pedestrian",11.00,"Male","J- Minibus","T-Pedestrian's Negligence",2.00
1850,4922.00,"4- Demerara- Mahaica",373,"Friendship Public Rd.","East bank Demerara (from Georgetown)","-58.4293","5.8712",,,8/29/2005 0:00:00,12/30/1899 11:45:00,"D- Property Damage","F- Driver",44.00,"Male","J- Minibus;M- Hire Cars","S- Driver's Negligence",2.00
1851,4923.00,"4- Demerara- Mahaica",373,"Friendship Public Rd.","East bank Demerara (from Georgetown)","-58.4293","5.8712",,,8/30/2005 0:00:00,12/30/1899 17:25:00,"C- Minor Injury","F- Driver",55.00,"Male","K- Private Cars;N- Pickup","O- Lost Control & Runoff",2.00
1852,4924.00,"4- Demerara- Mahaica",373,"Friendship","East bank Demerara (from Georgetown)","-58.4293","5.8712",,,9/14/2005 0:00:00,12/30/1899 9:45:00,"B- Serious Injury","F- Driver",23.00,"Male","K- Private Cars;M- Hire Cars","S- Driver's Negligence",2.00
1853,4925.00,"4- Demerara- Mahaica",369,"Grove Public Rd.","East bank Demerara (from Georgetown)","-58.1876","6.6996",,,9/5/2005 0:00:00,12/30/1899 19:15:00,"B- Serious Injury","G- Rider",14.00,"Male","V-Motor Cycle;W-Pedal Cycle","U- Cyclist's Negligence",2.00
1854,4926.00,"4- Demerara- Mahaica",369,"Grove Public Rd.","East bank Demerara (from Georgetown)","-58.1876","6.6996",,,9/16/2005 0:00:00,12/30/1899 16:00:00,"D- Property Damage","G- Rider",16.00,"Male","K- Private Cars;W-Pedal Cycle","U- Cyclist's Negligence",2.00
1855,4927.00,"4- Demerara- Mahaica",369,"Grove Public Rd.","East bank Demerara (from Georgetown)","-58.1876","6.6996",,,9/22/2005 0:00:00,12/30/1899 15:30:00,"D- Property Damage","F- Driver",35.00,"Male","L- Lorries Van;N- Pickup","S- Driver's Negligence",2.00
1856,4928.00,"4- Demerara- Mahaica",369,"Grove Public Rd.","East bank Demerara (from Georgetown)","-58.1876","6.6996",,,9/25/2005 0:00:00,12/30/1899 20:40:00,"D- Property Damage","F- Driver",72.00,"Male","J- Minibus;K- Private Cars","S- Driver's Negligence",2.00
1857,4929.00,"4- Demerara- Mahaica",369,"Grove Public Rd.","East bank Demerara (from Georgetown)","-58.1876","6.6996",,,10/3/2005 0:00:00,12/30/1899 21:20:00,"B- Serious Injury","F- Driver",27.00,"Female","K- Private Cars","S- Driver's Negligence",2.00
1858,4930.00,"4- Demerara- Mahaica",373,"Friendship Public Rd.","East bank Demerara (from Georgetown)","-58.4293","5.8712",,,10/5/2005 0:00:00,12/30/1899 2:30:00,"B- Serious Injury","F- Driver",34.00,"Male","J- Minibus;L- Lorries Van","S- Driver's Negligence",2.00