"ID","Accident ID","Region Number","Corridor ID","Location (Intersection/Road/Street)","Corridor","Location- longitude/ X","Location- latitude/  Y","Mile Marker","Village","Date of Accident","Time of Accident","Type of Accident","Class of Road User","Age/DOB","Gender","Class of Vehicles Involved","Contributing Factor","Number of Persons Involved"
1859,4931.00,"4- Demerara- Mahaica",373,"Friendship Public Rd.","East bank Demerara (from Georgetown)","-58.4293","5.8712",,,10/4/2005 0:00:00,12/30/1899 17:30:00,"D- Property Damage","F- Driver",,"Male","K- Private Cars","S- Driver's Negligence",1.00
1860,4932.00,"4- Demerara- Mahaica",373,"Friendship Public Rd.","East bank Demerara (from Georgetown)","-58.4293","5.8712",,,10/10/2005 0:00:00,12/30/1899 15:40:00,"A- Fatal","G- Rider",38.00,"Male","J- Minibus;W-Pedal Cycle","U- Cyclist's Negligence",2.00
1861,4933.00,"4- Demerara- Mahaica",371,"Craig Public Rd.","East bank Demerara (from Georgetown)","-58.1903","6.7096",,,10/11/2005 0:00:00,12/30/1899 8:45:00,"D- Property Damage","F- Driver",43.00,"Female","K- Private Cars;N- Pickup","S- Driver's Negligence",2.00
1862,4934.00,"4- Demerara- Mahaica",372,"Hope Public Rd.","East bank Demerara (from Georgetown)","-58.2714","5.8995",,,10/11/2005 0:00:00,12/30/1899 4:30:00,"D- Property Damage","F- Driver",,"Male","J- Minibus;L- Lorries Van","S- Driver's Negligence",2.00
1863,4935.00,"4- Demerara- Mahaica",371,"Buzz Bee Second St. Craig","East bank Demerara (from Georgetown)","-58.1903","6.7096",,,10/18/2005 0:00:00,12/30/1899 10:30:00,"B- Serious Injury","G- Rider",9.00,"Male","N- Pickup;W-Pedal Cycle","U- Cyclist's Negligence",2.00
1864,4936.00,"4- Demerara- Mahaica",374,"Garden of Eden Public Rd.","East bank Demerara (from Georgetown)","-58.1970","6.6383",,,10/22/2005 0:00:00,12/30/1899 19:45:00,"D- Property Damage","F- Driver",25.00,"Male","N- Pickup","S- Driver's Negligence",2.00
1865,4937.00,"4- Demerara- Mahaica",373,"Friendship Public Rd.","East bank Demerara (from Georgetown)","-58.4293","5.8712",,,10/22/2005 0:00:00,12/30/1899 23:45:00,"B- Serious Injury","G- Rider",47.00,"Male","V-Motor Cycle","U- Cyclist's Negligence",2.00
1866,4938.00,"4- Demerara- Mahaica",369,"Grove Public Rd.","East bank Demerara (from Georgetown)","-58.1876","6.6996",,,10/27/2005 0:00:00,12/30/1899 16:00:00,"D- Property Damage","F- Driver",25.00,"Male","J- Minibus;N- Pickup","S- Driver's Negligence",2.00
1867,4939.00,"4- Demerara- Mahaica",373,"Friendship Public Rd.","East bank Demerara (from Georgetown)","-58.4293","5.8713",,,11/1/2005 0:00:00,12/30/1899 20:30:00,"D- Property Damage","F- Driver",31.00,"Male","K- Private Cars;L- Lorries Van","S- Driver's Negligence",2.00
1868,4940.00,"4- Demerara- Mahaica",369,"Grove Public Rd.","East bank Demerara (from Georgetown)","-58.1876","6.6996",,,11/4/2005 0:00:00,12/30/1899 18:00:00,"C- Minor Injury","E- Pedestrian",27.00,"Female","J- Minibus","T-Pedestrian's Negligence",2.00
1869,4941.00,"4- Demerara- Mahaica",374,"Garden Of Eden Public Rd.","East bank Demerara (from Georgetown)","-58.1970","6.6383",,,11/6/2005 0:00:00,12/30/1899 12:30:00,"A- Fatal","F- Driver",36.00,"Male","K- Private Cars","O- Lost Control & Runoff",1.00
1870,4942.00,"4- Demerara- Mahaica",373,"Friendship Public Rd.","East bank Demerara (from Georgetown)","-58.4293","5.8712",,,11/17/2005 0:00:00,12/30/1899 4:30:00,"C- Minor Injury","F- Driver",46.00,"Male","L- Lorries Van;M- Hire Cars","S- Driver's Negligence",2.00
1871,4943.00,"4- Demerara- Mahaica",373,"Friendship Public Rd.","East bank Demerara (from Georgetown)","-58.4293","5.8712",,,11/16/2005 0:00:00,12/30/1899 19:30:00,"D- Property Damage","F- Driver",40.00,"Male","K- Private Cars;L- Lorries Van","S- Driver's Negligence",2.00
1872,4944.00,"4- Demerara- Mahaica",372,"Hope Public Rd.","East bank Demerara (from Georgetown)","-58.2714","5.8995",,,11/25/2005 0:00:00,12/30/1899 21:50:00,"B- Serious Injury","G- Rider",,"Male","K- Private Cars;V-Motor Cycle","U- Cyclist's Negligence",2.00
1873,4945.00,"4- Demerara- Mahaica",371,"Craig Public Rd.","East bank Demerara (from Georgetown)","-58.1903","6.7096",,,11/28/2005 0:00:00,12/30/1899 14:30:00,"D- Property Damage","F- Driver",30.00,"Male","L- Lorries Van","S- Driver's Negligence",2.00
1874,4946.00,"4- Demerara- Mahaica",371,"Craig Public Rd.","East bank Demerara (from Georgetown)","-58.1903","6.7096",,,12/4/2005 0:00:00,12/30/1899 12:50:00,"B- Serious Injury","F- Driver",28.00,"Male","J- Minibus","P- Speeding",2.00
1875,4947.00,"4- Demerara- Mahaica",371,"Craig Public Rd.","East bank Demerara (from Georgetown)","-58.1903","6.7096",,,12/9/2005 0:00:00,,"D- Property Damage","F- Driver",23.00,"Male","N- Pickup","S- Driver's Negligence",2.00
1876,4948.00,"4- Demerara- Mahaica",373,"Friendship Public Rd.","East bank Demerara (from Georgetown)","-58.4293","5.8712",,,12/11/2005 0:00:00,12/30/1899 3:00:00,"C- Minor Injury","F- Driver",42.00,"Male","N- Pickup","O- Lost Control & Runoff",1.00
1877,4949.00,"4- Demerara- Mahaica",373,"Friendship Public Rd.","East bank Demerara (from Georgetown)","-58.4293","5.8712",,,12/16/2005 0:00:00,,"D- Property Damage","F- Driver",,"Male","K- Private Cars","O- Lost Control & Runoff",1.00
1878,4950.00,"4- Demerara- Mahaica",373,"Friendship Public Rd.","East bank Demerara (from Georgetown)","-58.4293","5.8712",,,12/19/2005 0:00:00,12/30/1899 14:00:00,"B- Serious Injury","F- Driver",52.00,"Male","L- Lorries Van;V-Motor Cycle","S- Driver's Negligence",3.00
1879,4951.00,"4- Demerara- Mahaica",582,"Kaneville Public Road","LEFT BANK MAHAICA RIVER (From Georgetown)","-58.1867","6.6967",,,12/20/2005 0:00:00,12/30/1899 15:30:00,"D- Property Damage","F- Driver",22.00,"Male","J- Minibus","S- Driver's Negligence",2.00
1880,4952.00,"4- Demerara- Mahaica",369,"Grove Public Rd.","East bank Demerara (from Georgetown)","-58.1876","6.6996",,,12/22/2005 0:00:00,,"B- Serious Injury","F- Driver",33.00,"Male","J- Minibus","S- Driver's Negligence",2.00
1881,4953.00,"4- Demerara- Mahaica",374,"Garden Of Eden Public Rd.","East bank Demerara (from Georgetown)","-58.1970","6.6383",,,12/31/2005 0:00:00,12/30/1899 5:30:00,"D- Property Damage","F- Driver",51.00,"Male","K- Private Cars;N- Pickup","S- Driver's Negligence",2.00
1882,4954.00,"4- Demerara- Mahaica",373,"Friendship Public Rd.","East bank Demerara (from Georgetown)","-58.4293","5.8712",,,1/13/2006 0:00:00,12/30/1899 13:30:00,"D- Property Damage","F- Driver",37.00,"Male","K- Private Cars;N- Pickup","S- Driver's Negligence",2.00
1883,4955.00,"4- Demerara- Mahaica",372,"New Hope Public Rd.","East bank Demerara (from Georgetown)","-58.1849","6.6807",,,1/14/2006 0:00:00,12/30/1899 18:45:00,"B- Serious Injury","E- Pedestrian",40.00,"Male","N- Pickup","S- Driver's Negligence",2.00
1884,4956.00,"4- Demerara- Mahaica",369,"Grove Public Rd.","East bank Demerara (from Georgetown)","-58.1876","6.6996",,,2/15/2006 0:00:00,12/30/1899 15:45:00,"D- Property Damage","F- Driver",49.00,"Male","K- Private Cars;L- Lorries Van","S- Driver's Negligence",3.00
1885,4957.00,"4- Demerara- Mahaica",372,"Kaneville Public Road","East bank Demerara (from Georgetown)","-58.1867","6.6967",,,2/19/2006 0:00:00,12/30/1899 15:30:00,"D- Property Damage","F- Driver",40.00,"Male","K- Private Cars;L- Lorries Van","P- Speeding",2.00
1886,4958.00,"4- Demerara- Mahaica",369,"Grove Public Rd.","East bank Demerara (from Georgetown)","-58.1876","6.6996",,,2/14/2006 0:00:00,12/30/1899 7:50:00,"D- Property Damage","F- Driver",34.00,"Male","J- Minibus;K- Private Cars","S- Driver's Negligence",2.00
1887,4959.00,"4- Demerara- Mahaica",369,"Grove Public Rd.","East bank Demerara (from Georgetown)","-58.1876","6.6996",,,2/19/2006 0:00:00,12/30/1899 7:30:00,"D- Property Damage","F- Driver",32.00,"Male","L- Lorries Van","O- Lost Control & Runoff",1.00
1888,4960.00,"4- Demerara- Mahaica",373,"Friendship Public Rd.","East bank Demerara (from Georgetown)","-58.4293","5.8712",,,3/3/2006 0:00:00,12/30/1899 7:50:00,"D- Property Damage","F- Driver",31.00,"Male","K- Private Cars;M- Hire Cars","S- Driver's Negligence",2.00
1889,4961.00,"4- Demerara- Mahaica",373,"Friendship Public Rd.","East bank Demerara (from Georgetown)","-58.4293","5.8712",,,3/6/2006 0:00:00,12/30/1899 18:30:00,"B- Serious Injury","G- Rider",35.00,"Male","N- Pickup;W-Pedal Cycle","U- Cyclist's Negligence",2.00
1890,4962.00,"4- Demerara- Mahaica",373,"Friendship Public Rd.","East bank Demerara (from Georgetown)","-58.4293","5.8712",,,3/20/2006 0:00:00,12/30/1899 14:45:00,"A- Fatal","F- Driver",74.00,"Male","K- Private Cars;L- Lorries Van","P- Speeding",3.00
1891,4963.00,"4- Demerara- Mahaica",369,"Grove Public Rd.","East bank Demerara (from Georgetown)","-58.1876","6.6996",,,3/30/2006 0:00:00,12/30/1899 12:45:00,"B- Serious Injury","F- Driver",44.00,"Male","L- Lorries Van","P- Speeding",2.00
1892,4964.00,"4- Demerara- Mahaica",369,"Grove Public Rd.","East bank Demerara (from Georgetown)","-58.1876","6.6996",,,4/3/2006 0:00:00,12/30/1899 15:45:00,"A- Fatal","F- Driver",24.00,"Male","J- Minibus","P- Speeding",2.00
1893,4965.00,"4- Demerara- Mahaica",369,"Grove Public Rd.","East bank Demerara (from Georgetown)","-58.1876","6.6996",,,4/11/2006 0:00:00,12/30/1899 15:00:00,"D- Property Damage","F- Driver",41.00,"Male","M- Hire Cars;N- Pickup","S- Driver's Negligence",2.00
1894,4966.00,"4- Demerara- Mahaica",369,"Grove Public Rd.","East bank Demerara (from Georgetown)","-58.1876","6.6996",,,4/23/2006 0:00:00,12/30/1899 15:45:00,"B- Serious Injury","F- Driver",24.00,"Male","K- Private Cars;W-Pedal Cycle","S- Driver's Negligence",2.00
1895,4967.00,"4- Demerara- Mahaica",371,"Craig Public Rd.","East bank Demerara (from Georgetown)","-58.1903","6.7096",,,4/27/2006 0:00:00,12/30/1899 13:20:00,"D- Property Damage","F- Driver",50.00,"Male","J- Minibus;L- Lorries Van;N- Pickup","S- Driver's Negligence",3.00
1896,4968.00,"4- Demerara- Mahaica",369,"Grove Public Rd.","East bank Demerara (from Georgetown)","-58.1876","6.6996",,,5/4/2006 0:00:00,12/30/1899 20:00:00,"B- Serious Injury","F- Driver",79.00,"Male","K- Private Cars","S- Driver's Negligence",2.00
1897,4969.00,"4- Demerara- Mahaica",373,"Friendship Public Rd.","East bank Demerara (from Georgetown)","-58.4293","5.8712",,,5/5/2006 0:00:00,12/30/1899 4:25:00,"D- Property Damage","F- Driver",,"Male","K- Private Cars","S- Driver's Negligence",1.00
1898,4970.00,"4- Demerara- Mahaica",373,"Friendship Public Rd.","East bank Demerara (from Georgetown)","-58.4293","5.8712",,,5/5/2006 0:00:00,12/30/1899 19:30:00,"D- Property Damage","F- Driver",36.00,"Male","K- Private Cars;L- Lorries Van","S- Driver's Negligence",2.00
1899,4971.00,"4- Demerara- Mahaica",373,"Friendship Public Rd.","East bank Demerara (from Georgetown)","-58.4293","5.8712",,,5/14/2006 0:00:00,12/30/1899 3:50:00,"C- Minor Injury","F- Driver",47.00,"Male","J- Minibus;L- Lorries Van","S- Driver's Negligence",2.00
1900,4972.00,"4- Demerara- Mahaica",373,"Friendship","East bank Demerara (from Georgetown)","-58.4293","5.8712",,,5/14/2006 0:00:00,12/30/1899 13:00:00,"D- Property Damage","F- Driver",30.00,"Male","J- Minibus;K- Private Cars","S- Driver's Negligence",2.00
1901,4973.00,"4- Demerara- Mahaica",372,"Hope Public Rd.","East bank Demerara (from Georgetown)","-58.2714","5.8995",,,5/23/2006 0:00:00,12/30/1899 10:00:00,"B- Serious Injury","F- Driver",30.00,"Male","J- Minibus","S- Driver's Negligence",2.00
1902,4974.00,"4- Demerara- Mahaica",369,"Grove Public Rd.","East bank Demerara (from Georgetown)","-58.1876","6.6996",,,6/2/2006 0:00:00,12/30/1899 8:40:00,"D- Property Damage","F- Driver",46.00,"Male","J- Minibus;N- Pickup","S- Driver's Negligence",2.00
1903,4975.00,"4- Demerara- Mahaica",373,"Friendship Public Rd.","East bank Demerara (from Georgetown)","-58.4293","5.8712",,,6/18/2006 0:00:00,12/30/1899 19:30:00,"D- Property Damage","F- Driver",39.00,"Male","K- Private Cars","S- Driver's Negligence",2.00
1904,4976.00,"4- Demerara- Mahaica",369,"Grove Public Rd.","East bank Demerara (from Georgetown)","-58.1876","6.6996",,,6/24/2006 0:00:00,12/30/1899 10:30:00,"C- Minor Injury","G- Rider",47.00,"Male","J- Minibus;W-Pedal Cycle","U- Cyclist's Negligence",2.00
1905,4977.00,"4- Demerara- Mahaica",371,"Craig Public Rd.","East bank Demerara (from Georgetown)","-58.1903","6.7096",,,6/30/2006 0:00:00,12/30/1899 19:30:00,"D- Property Damage","F- Driver",27.00,"Male","J- Minibus","S- Driver's Negligence",2.00
1906,4978.00,"4- Demerara- Mahaica",372,"New Hope Public Rd.","East bank Demerara (from Georgetown)","-58.1849","6.6807",,,7/15/2006 0:00:00,12/30/1899 21:30:00,"D- Property Damage","F- Driver",47.00,"Male","K- Private Cars;L- Lorries Van","S- Driver's Negligence",2.00
1907,4979.00,"4- Demerara- Mahaica",374,"Garden Of Eden Public Rd.","East bank Demerara (from Georgetown)","-58.1970","6.6383",,,7/21/2006 0:00:00,12/30/1899 17:45:00,"B- Serious Injury","F- Driver",42.00,"Male","K- Private Cars;L- Lorries Van","S- Driver's Negligence",2.00
1908,4980.00,"4- Demerara- Mahaica",371,"Craig Public Rd.","East bank Demerara (from Georgetown)","-58.1903","6.7096",,,8/11/2006 0:00:00,12/30/1899 17:35:00,"C- Minor Injury","F- Driver",38.00,"Male","K- Private Cars","S- Driver's Negligence",2.00
1909,4981.00,"4- Demerara- Mahaica",371,"Craig Public Rd.","East bank Demerara (from Georgetown)","-58.1903","6.7096",,,8/13/2006 0:00:00,12/30/1899 12:05:00,"B- Serious Injury","G- Rider",18.00,"Male","V-Motor Cycle","U- Cyclist's Negligence",2.00
1910,4982.00,"4- Demerara- Mahaica",369,"Grove Public Rd.","East bank Demerara (from Georgetown)","-58.1876","6.6996",,,8/16/2006 0:00:00,12/30/1899 14:30:00,"D- Property Damage","F- Driver",64.00,"Male","K- Private Cars","S- Driver's Negligence",3.00
1911,4983.00,"4- Demerara- Mahaica",371,"Craig Public Rd.","East bank Demerara (from Georgetown)","-58.1903","6.7096",,,8/17/2006 0:00:00,,"B- Serious Injury","G- Rider",30.00,"Male","V-Motor Cycle","U- Cyclist's Negligence",1.00
1912,4984.00,"4- Demerara- Mahaica",369,"Grove Public Rd.","East bank Demerara (from Georgetown)","-58.1876","6.6996",,,8/21/2006 0:00:00,,"B- Serious Injury","G- Rider",41.00,"Female","V-Motor Cycle","U- Cyclist's Negligence",2.00
1913,4985.00,"4- Demerara- Mahaica",373,"Friendship Public Rd.","East bank Demerara (from Georgetown)","-58.4293","5.8712",,,8/22/2006 0:00:00,12/30/1899 1:00:00,"B- Serious Injury","F- Driver",22.00,"Male","K- Private Cars","O- Lost Control & Runoff",1.00
1914,4986.00,"4- Demerara- Mahaica",373,"Friendship Public Rd.","East bank Demerara (from Georgetown)","-58.4293","5.8712",,,8/29/2006 0:00:00,12/30/1899 2:15:00,"B- Serious Injury","F- Driver",32.00,"Male","M- Hire Cars","O- Lost Control & Runoff",3.00
1915,4987.00,"4- Demerara- Mahaica",369,"Grove Public Rd.","East bank Demerara (from Georgetown)","-58.1876","6.6996",,,11/1/2006 0:00:00,12/30/1899 16:00:00,"C- Minor Injury","F- Driver",25.00,"Male","K- Private Cars;V-Motor Cycle",,3.00
1916,4988.00,"4- Demerara- Mahaica",369,"Grove Public Rd.","East bank Demerara (from Georgetown)","-58.1876","6.6996",,,11/17/2006 0:00:00,12/30/1899 15:10:00,"B- Serious Injury","G- Rider",49.00,"Male","V-Motor Cycle","U- Cyclist's Negligence",2.00
1917,4989.00,"4- Demerara- Mahaica",373,"Friendship Public Rd.","East bank Demerara (from Georgetown)","-58.4293","5.8712",,,11/7/2006 0:00:00,12/30/1899 14:15:00,"B- Serious Injury","G- Rider",21.00,"Male","K- Private Cars;W-Pedal Cycle","U- Cyclist's Negligence",2.00
1918,4990.00,"4- Demerara- Mahaica",371,"Craig Access Rd.","East bank Demerara (from Georgetown)","-58.1988","6.6347",,,12/3/2006 0:00:00,,"D- Property Damage","F- Driver",,"Male","K- Private Cars;N- Pickup","S- Driver's Negligence",2.00
1919,4991.00,"4- Demerara- Mahaica",373,"Friendship Public Rd.","East bank Demerara (from Georgetown)","-58.4293","5.8712",,,12/7/2006 0:00:00,,"D- Property Damage","F- Driver",31.00,"Male","K- Private Cars","S- Driver's Negligence",2.00
1920,4992.00,"4- Demerara- Mahaica",371,"Craig Public Rd.","East bank Demerara (from Georgetown)","-58.1903","6.7096",,,12/10/2006 0:00:00,,"D- Property Damage","F- Driver",51.00,"Male","K- Private Cars","S- Driver's Negligence",2.00
1921,4993.00,"4- Demerara- Mahaica",369,"Grove Public Rd.","East bank Demerara (from Georgetown)","-58.1876","6.6996",,,12/21/2006 0:00:00,,"D- Property Damage","F- Driver",49.00,"Male","K- Private Cars","S- Driver's Negligence",2.00
1922,4994.00,"4- Demerara- Mahaica",373,"Friendship Public Rd.","East bank Demerara (from Georgetown)","-58.4293","5.8712",,,12/25/2006 0:00:00,12/30/1899 4:40:00,"A- Fatal","F- Driver",42.00,"Male","K- Private Cars","S- Driver's Negligence",2.00
1923,4995.00,"4- Demerara- Mahaica",373,"Friendship Public Rd.","East bank Demerara (from Georgetown)","-58.4293","5.8712",,,12/29/2006 0:00:00,,"B- Serious Injury","F- Driver",70.00,"Male","J- Minibus;N- Pickup","S- Driver's Negligence",2.00
1924,4996.00,"4- Demerara- Mahaica",373,"Friendship Public Rd.","East bank Demerara (from Georgetown)","-58.4293","5.8712",,,1/5/2007 0:00:00,,"B- Serious Injury","G- Rider",62.00,"Male","J- Minibus;K- Private Cars;V-Motor Cycle","U- Cyclist's Negligence",3.00
1925,4997.00,"4- Demerara- Mahaica",371,"Craig Public Rd.","East bank Demerara (from Georgetown)","-58.1903","6.7096",,,1/10/2007 0:00:00,,"B- Serious Injury","G- Rider",28.00,"Male","K- Private Cars;M- Hire Cars;W-Pedal Cycle","U- Cyclist's Negligence",3.00
1926,4998.00,"4- Demerara- Mahaica",373,"Friendship Public Rd.","East bank Demerara (from Georgetown)","-58.4293","5.8712",,,1/13/2007 0:00:00,,"D- Property Damage","F- Driver",36.00,"Male","L- Lorries Van","O- Lost Control & Runoff",1.00
1927,4999.00,"4- Demerara- Mahaica",373,"Friendship Public Rd.","East bank Demerara (from Georgetown)","-58.4293","5.8712",,,,12/30/1899 22:00:00,"D- Property Damage","F- Driver",28.00,"Male","M- Hire Cars","O- Lost Control & Runoff",1.00
1928,5000.00,"4- Demerara- Mahaica",373,"Friendship Public Rd.","East bank Demerara (from Georgetown)","-58.4293","5.8712",,,8/1/2008 0:00:00,12/30/1899 18:00:00,"B- Serious Injury","F- Driver",34.00,"Male","J- Minibus","P- Speeding",2.00
1929,5001.00,"4- Demerara- Mahaica",372,"New Hope Public Rd.","East bank Demerara (from Georgetown)","-58.1849","6.6807",,,8/3/2008 0:00:00,12/30/1899 20:15:00,"A- Fatal","E- Pedestrian",37.00,"Female","N- Pickup","T-Pedestrian's Negligence",2.00
1930,5002.00,"4- Demerara- Mahaica",369,"Grove Public Rd.","East bank Demerara (from Georgetown)","-58.1876","6.6996",,,9/9/2008 0:00:00,12/30/1899 10:20:00,"C- Minor Injury","F- Driver",47.00,"Male","J- Minibus;K- Private Cars","S- Driver's Negligence",3.00
1931,5003.00,"4- Demerara- Mahaica",369,"Grove Public Rd.","East bank Demerara (from Georgetown)","-58.1876","6.6996",,,10/11/2008 0:00:00,12/30/1899 21:30:00,"B- Serious Injury","E- Pedestrian",36.00,"Male","K- Private Cars","T-Pedestrian's Negligence",2.00
1932,5004.00,"4- Demerara- Mahaica",374,"Garden Of Eden Public Rd.","East bank Demerara (from Georgetown)","-58.1970","6.6383",,,10/22/2008 0:00:00,12/30/1899 23:15:00,"A- Fatal","E- Pedestrian",,,,,
1933,5005.00,"4- Demerara- Mahaica",373,"Friendship Public Rd.","East bank Demerara (from Georgetown)","-58.4293","5.8712",,,10/29/2008 0:00:00,12/30/1899 8:00:00,"C- Minor Injury","F- Driver",36.00,"Female","N- Pickup","S- Driver's Negligence",2.00
1934,5006.00,"4- Demerara- Mahaica",371,"Craig Public Rd.","East bank Demerara (from Georgetown)","-58.1903","6.7096",,,10/31/2008 0:00:00,12/30/1899 7:50:00,"C- Minor Injury","G- Rider",59.00,"Male","V-Motor Cycle","U- Cyclist's Negligence",2.00
1935,5007.00,"4- Demerara- Mahaica",371,"Craig Public Rd.","East bank Demerara (from Georgetown)","-58.1903","6.7096",,,11/17/2008 0:00:00,12/30/1899 16:50:00,"C- Minor Injury","E- Pedestrian",11.00,"Male","L- Lorries Van","T-Pedestrian's Negligence",2.00
1936,5008.00,"4- Demerara- Mahaica",371,"Craig Public Rd.","East bank Demerara (from Georgetown)","-58.1903","6.7096",,,11/21/2008 0:00:00,12/30/1899 7:15:00,"C- Minor Injury","G- Rider",28.00,"Male","W-Pedal Cycle","U- Cyclist's Negligence",2.00
1937,5009.00,"4- Demerara- Mahaica",373,"Friendship Public Rd.","East bank Demerara (from Georgetown)","-58.4293","5.8712",,,11/21/2008 0:00:00,12/30/1899 23:15:00,"C- Minor Injury","F- Driver",29.00,"Male","K- Private Cars","P- Speeding",2.00
1938,5010.00,"4- Demerara- Mahaica",369,"Grove Public Rd.","East bank Demerara (from Georgetown)","-58.1876","6.6996",,,12/9/2008 0:00:00,12/30/1899 8:35:00,"C- Minor Injury","G- Rider",51.00,"Male","V-Motor Cycle","P- Speeding",2.00
1939,5011.00,"4- Demerara- Mahaica",,,,,,,,12/22/2008 0:00:00,12/30/1899 21:30:00,"D- Property Damage","F- Driver",59.00,"Male","L- Lorries Van","P- Speeding",2.00
1940,5012.00,"4- Demerara- Mahaica",373,"Friendship Public Rd.","East bank Demerara (from Georgetown)","-58.4293","5.8712",,,1/1/2009 0:00:00,12/30/1899 21:30:00,"B- Serious Injury","F- Driver",33.00,"Male","M- Hire Cars","O- Lost Control & Runoff",1.00
1941,5013.00,"4- Demerara- Mahaica",369,"Third St. Grove","East bank Demerara (from Georgetown)","-58.1876","6.6996",,,12/30/2008 0:00:00,12/30/1899 13:30:00,"C- Minor Injury","F- Driver",20.00,"Male","M- Hire Cars","S- Driver's Negligence",2.00
1942,5014.00,"4- Demerara- Mahaica",369,"Grove Public Rd.","East bank Demerara (from Georgetown)","-58.1876","6.6996",,,1/1/2009 0:00:00,12/30/1899 14:15:00,"C- Minor Injury","F- Driver",37.00,"Male","L- Lorries Van","S- Driver's Negligence",2.00
1943,5015.00,"4- Demerara- Mahaica",369,"Grove Public Rd.","East bank Demerara (from Georgetown)","-58.1876","6.6996",,,2/5/2009 0:00:00,12/30/1899 19:20:00,"C- Minor Injury","F- Driver",22.00,"Male","K- Private Cars;W-Pedal Cycle","S- Driver's Negligence",3.00
1944,5016.00,"4- Demerara- Mahaica",369,"First St. Grove","East bank Demerara (from Georgetown)","-58.1876","6.6996",,,2/20/2009 0:00:00,12/30/1899 8:30:00,"D- Property Damage","F- Driver",,"Male","L- Lorries Van;V-Motor Cycle","S- Driver's Negligence",2.00
1945,5017.00,"4- Demerara- Mahaica",369,"Grove Public Rd.","East bank Demerara (from Georgetown)","-58.1876","6.6996",,,2/4/2009 0:00:00,12/30/1899 19:40:00,"D- Property Damage","F- Driver",,"Male","K- Private Cars","S- Driver's Negligence",2.00
1946,5018.00,"4- Demerara- Mahaica",373,"Friendship Public Rd.","East bank Demerara (from Georgetown)","-58.4293","5.8712",,,3/7/2009 0:00:00,12/30/1899 21:30:00,"A- Fatal","F- Driver",34.00,"Male","M- Hire Cars;V-Motor Cycle","S- Driver's Negligence",2.00
1947,5019.00,"4- Demerara- Mahaica",369,"Grove Public Rd.","East bank Demerara (from Georgetown)","-58.1876","6.6996",,,3/23/2009 0:00:00,12/30/1899 18:30:00,"D- Property Damage","F- Driver",22.00,"Male","K- Private Cars","P- Speeding",1.00
1948,5020.00,"4- Demerara- Mahaica",371,"Craig Public Rd.","East bank Demerara (from Georgetown)","-58.1903","6.7096",,,3/6/2009 0:00:00,12/30/1899 14:10:00,"D- Property Damage","F- Driver",,"Male","J- Minibus;K- Private Cars","S- Driver's Negligence",2.00
1949,5021.00,"4- Demerara- Mahaica",371,"Craig Public Rd.","East bank Demerara (from Georgetown)","-58.1903","6.7096",,,4/8/2009 0:00:00,12/30/1899 22:50:00,"D- Property Damage","F- Driver",40.00,"Male","K- Private Cars","Y- Animal",1.00
1950,5022.00,"4- Demerara- Mahaica",369,"Grove Public Rd.","East bank Demerara (from Georgetown)","-58.1876","6.6996",,,4/13/2009 0:00:00,12/30/1899 21:30:00,"A- Fatal","F- Driver",24.00,"Male","M- Hire Cars","S- Driver's Negligence",2.00
1951,5023.00,"4- Demerara- Mahaica",373,"Friendship Public Rd.","East bank Demerara (from Georgetown)","-58.4293","5.8712",,,4/26/2009 0:00:00,12/30/1899 20:05:00,"C- Minor Injury","F- Driver",36.00,"Male","J- Minibus","P- Speeding",4.00
1952,5024.00,"4- Demerara- Mahaica",369,"Third St. Grove","East bank Demerara (from Georgetown)","-58.1876","6.6996",,,6/2/2009 0:00:00,12/30/1899 16:30:00,"C- Minor Injury","F- Driver",37.00,"Male","K- Private Cars","P- Speeding",2.00
1953,5025.00,"4- Demerara- Mahaica",374,"Garden Of Eden Public Rd.","East bank Demerara (from Georgetown)","-58.1970","6.6383",,,6/17/2009 0:00:00,12/30/1899 2:45:00,"C- Minor Injury","F- Driver",,"Female","K- Private Cars;L- Lorries Van","S- Driver's Negligence",2.00
1954,5026.00,"4- Demerara- Mahaica",373,"Friendship Public Rd.","East bank Demerara (from Georgetown)","-58.4293","5.8712",,,6/17/2009 0:00:00,12/30/1899 12:00:00,"C- Minor Injury","F- Driver",27.00,"Male","K- Private Cars","S- Driver's Negligence",2.00
1955,5027.00,"4- Demerara- Mahaica",371,"Craig Public Rd.","East bank Demerara (from Georgetown)","-58.1903","6.7096",,,7/1/2009 0:00:00,12/30/1899 4:30:00,"C- Minor Injury","F- Driver",,"Male","J- Minibus;N- Pickup","P- Speeding",2.00