"ID","Accident ID","Region Number","Corridor ID","Location (Intersection/Road/Street)","Corridor","Location- longitude/ X","Location- latitude/  Y","Mile Marker","Village","Date of Accident","Time of Accident","Type of Accident","Class of Road User","Age/DOB","Gender","Class of Vehicles Involved","Contributing Factor","Number of Persons Involved"
1956,5028.00,"4- Demerara- Mahaica",373,"Friendship Public Rd.","East bank Demerara (from Georgetown)","-58.4293","5.8712",,,7/4/2009 0:00:00,,"D- Property Damage","F- Driver",,"Male","L- Lorries Van","S- Driver's Negligence",2.00
1957,5029.00,"4- Demerara- Mahaica",369,"Grove Public Rd.","East bank Demerara (from Georgetown)","-58.1876","6.6996",,,7/6/2009 0:00:00,12/30/1899 20:00:00,"A- Fatal","F- Driver",25.00,"Male","K- Private Cars","S- Driver's Negligence",2.00
1958,5030.00,"4- Demerara- Mahaica",373,"Friendship Public Rd.","East bank Demerara (from Georgetown)","-58.4293","5.8712",,,7/18/2009 0:00:00,12/30/1899 4:40:00,"D- Property Damage","F- Driver",40.00,"Male","L- Lorries Van;N- Pickup","S- Driver's Negligence",2.00
1959,5031.00,"4- Demerara- Mahaica",369,"Grove Public Rd.","East bank Demerara (from Georgetown)","-58.1876","6.6996",,,7/27/2009 0:00:00,,"C- Minor Injury","F- Driver",,,,,1.00
1960,5032.00,"4- Demerara- Mahaica",369,"First St. Grove","East bank Demerara (from Georgetown)","-58.1876","6.6996",,,7/20/2009 0:00:00,12/30/1899 13:00:00,"D- Property Damage","F- Driver",,"Male","K- Private Cars","S- Driver's Negligence",1.00
1961,5033.00,"4- Demerara- Mahaica",369,"Grove Public Rd.","East bank Demerara (from Georgetown)","-58.1876","6.6996",,,,,"C- Minor Injury","F- Driver",,"Male","N- Pickup","S- Driver's Negligence",1.00
1962,5034.00,"4- Demerara- Mahaica",373,"Friendship Public Rd.","East bank Demerara (from Georgetown)","-58.4293","5.8712",,,8/16/2009 0:00:00,12/30/1899 13:00:00,"C- Minor Injury","F- Driver",22.00,"Female","K- Private Cars","S- Driver's Negligence",2.00
1963,5035.00,"4- Demerara- Mahaica",373,"Friendship Public Rd.","East bank Demerara (from Georgetown)","-58.4293","5.8712",,,8/16/2009 0:00:00,12/30/1899 18:30:00,"A- Fatal","F- Driver",23.00,"Male","L- Lorries Van;V-Motor Cycle","S- Driver's Negligence",2.00
1964,5036.00,"4- Demerara- Mahaica",372,"Hope Public Rd.","East bank Demerara (from Georgetown)","-58.2714","5.8995",,,9/13/2009 0:00:00,12/30/1899 7:30:00,"B- Serious Injury","F- Driver",24.00,"Male","K- Private Cars;W-Pedal Cycle","P- Speeding",2.00
1965,5037.00,"4- Demerara- Mahaica",374,"Garden Of Eden Public Rd.","East bank Demerara (from Georgetown)","-58.1970","6.6383",,,9/26/2009 0:00:00,12/30/1899 9:15:00,"D- Property Damage","F- Driver",29.00,"Male","J- Minibus;K- Private Cars","P- Speeding",2.00
1966,5038.00,"4- Demerara- Mahaica",374,"Garden Of Eden","East bank Demerara (from Georgetown)","-58.1970","6.6383",,,9/25/2009 0:00:00,12/30/1899 18:35:00,"C- Minor Injury","F- Driver",37.00,"Male","K- Private Cars;L- Lorries Van;M- Hire Cars","S- Driver's Negligence",3.00
1967,5039.00,"4- Demerara- Mahaica",372,"Hope Public Rd.","East bank Demerara (from Georgetown)","-58.2714","5.8995",,,9/20/2009 0:00:00,12/30/1899 9:30:00,"B- Serious Injury","F- Driver",,"Male","L- Lorries Van","S- Driver's Negligence",1.00
1968,5040.00,"4- Demerara- Mahaica",369,"Grove Public Rd.","East bank Demerara (from Georgetown)","-58.1876","6.6996",,,10/1/2009 0:00:00,12/30/1899 8:30:00,"D- Property Damage","F- Driver",,"Male","K- Private Cars;L- Lorries Van","S- Driver's Negligence",2.00
1969,5041.00,"4- Demerara- Mahaica",369,"Grove Public Rd.","East bank Demerara (from Georgetown)","-58.1876","6.6996",,,10/13/2009 0:00:00,12/30/1899 8:20:00,"C- Minor Injury","F- Driver",29.00,"Male","J- Minibus;K- Private Cars;L- Lorries Van","S- Driver's Negligence",3.00
1970,5042.00,"4- Demerara- Mahaica",373,"Friendship","East bank Demerara (from Georgetown)","-58.4293","5.8712",,,10/21/2009 0:00:00,12/30/1899 9:40:00,"D- Property Damage","F- Driver",37.00,"Male","K- Private Cars;L- Lorries Van","S- Driver's Negligence",2.00
1971,5043.00,"4- Demerara- Mahaica",372,"Hope Public Rd.","East bank Demerara (from Georgetown)","-58.2714","5.8995",,,10/21/2009 0:00:00,12/30/1899 15:30:00,"D- Property Damage","F- Driver",32.00,"Male","J- Minibus;N- Pickup","S- Driver's Negligence",3.00
1972,5044.00,"4- Demerara- Mahaica",373,"Friendship Public Rd.","East bank Demerara (from Georgetown)","-58.4293","5.8712",,,10/24/2009 0:00:00,12/30/1899 20:30:00,"C- Minor Injury","F- Driver",40.00,"Male","K- Private Cars;L- Lorries Van","S- Driver's Negligence",2.00
1973,5045.00,"4- Demerara- Mahaica",369,"Grove Public Rd.","East bank Demerara (from Georgetown)","-58.1876","6.6996",,,10/7/2009 0:00:00,,"D- Property Damage","F- Driver",,"Male","K- Private Cars;N- Pickup","S- Driver's Negligence",2.00
1974,5046.00,"4- Demerara- Mahaica",372,"Hope Public Rd.","East bank Demerara (from Georgetown)","-58.2714","5.8995",,,10/27/2009 0:00:00,12/30/1899 4:30:00,"D- Property Damage","F- Driver",26.00,"Male","L- Lorries Van","S- Driver's Negligence",2.00
1975,5047.00,"4- Demerara- Mahaica",373,"Friendship Public Rd.","East bank Demerara (from Georgetown)","-58.4293","5.8712",,,11/2/2009 0:00:00,12/30/1899 2:00:00,"C- Minor Injury","F- Driver",,"Male","L- Lorries Van;V-Motor Cycle","P- Speeding",2.00
1976,5048.00,"4- Demerara- Mahaica",371,"Craig Public Rd.","East bank Demerara (from Georgetown)","-58.1903","6.7096",,,11/12/2009 0:00:00,12/30/1899 8:30:00,"B- Serious Injury","F- Driver",,"Male","L- Lorries Van","S- Driver's Negligence",2.00
1977,5049.00,"4- Demerara- Mahaica",369,"Grove Public Rd.","East bank Demerara (from Georgetown)","-58.1876","6.6996",,,11/26/2009 0:00:00,12/30/1899 19:30:00,"B- Serious Injury","F- Driver",,"Male","L- Lorries Van","S- Driver's Negligence",2.00
1978,5050.00,"4- Demerara- Mahaica",372,"Hope Public Rd.","East bank Demerara (from Georgetown)","-58.2714","5.8995",,,1/10/2010 0:00:00,12/30/1899 18:45:00,"A- Fatal","F- Driver",56.00,"Male","N- Pickup","S- Driver's Negligence",2.00
1979,5051.00,"4- Demerara- Mahaica",369,"Grove Public Rd.","East bank Demerara (from Georgetown)","-58.1876","6.6996",,,,,"A- Fatal","F- Driver",23.00,"Male","K- Private Cars;W-Pedal Cycle","P- Speeding",2.00
1980,5052.00,"4- Demerara- Mahaica",372,"Hope Public Rd.","East bank Demerara (from Georgetown)","-58.2714","5.8995",,,3/1/2010 0:00:00,,"D- Property Damage","F- Driver",,"Male","J- Minibus",,1.00
1981,5053.00,"4- Demerara- Mahaica",373,"Friendship Public Rd.","East bank Demerara (from Georgetown)","-58.4293","5.8712",,,4/22/2010 0:00:00,12/30/1899 16:00:00,"C- Minor Injury","F- Driver",,"Male","J- Minibus","P- Speeding",1.00
1982,5054.00,"4- Demerara- Mahaica",373,"Friendship Public Rd.","East bank Demerara (from Georgetown)","-58.4293","5.8712",,,5/28/2010 0:00:00,12/30/1899 20:40:00,"B- Serious Injury","F- Driver",,"Male","K- Private Cars","O- Lost Control & Runoff",1.00
1983,5055.00,"4- Demerara- Mahaica",369,"Grove Public Rd.","East bank Demerara (from Georgetown)","-58.1876","6.6996",,,5/29/2010 0:00:00,12/30/1899 21:00:00,"B- Serious Injury","F- Driver",39.00,"Male","K- Private Cars","P- Speeding",1.00
1984,5056.00,"4- Demerara- Mahaica",373,"Friendship Public Rd.","East bank Demerara (from Georgetown)","-58.4293","5.8712",,,5/30/2010 0:00:00,12/30/1899 21:10:00,"B- Serious Injury","F- Driver",22.00,"Male","K- Private Cars","P- Speeding",2.00
1985,5057.00,"4- Demerara- Mahaica",371,"Craig Public Rd.","East bank Demerara (from Georgetown)","-58.1903","6.7096",,,6/15/2010 0:00:00,12/30/1899 23:10:00,"A- Fatal","F- Driver",55.00,"Male","L- Lorries Van;V-Motor Cycle","P- Speeding",2.00
1986,5058.00,"4- Demerara- Mahaica",369,"Grove Public Rd.","East bank Demerara (from Georgetown)","-58.1876","6.6996",,,8/12/2010 0:00:00,12/30/1899 15:30:00,"D- Property Damage","F- Driver",23.00,"Male","J- Minibus;K- Private Cars","S- Driver's Negligence",2.00
1987,5059.00,"4- Demerara- Mahaica",374,"Garden Of Eden Public Rd.","East bank Demerara (from Georgetown)","-58.1970","6.6383",,,8/15/2010 0:00:00,12/30/1899 15:30:00,"C- Minor Injury","F- Driver",31.00,"Male","J- Minibus","P- Speeding",2.00
1988,5060.00,"4- Demerara- Mahaica",373,"Friendship Public Rd.","East bank Demerara (from Georgetown)","-58.4293","5.8712",,,8/28/2010 0:00:00,12/30/1899 17:15:00,"A- Fatal","F- Driver",24.00,"Male","K- Private Cars;V-Motor Cycle","S- Driver's Negligence",3.00
1989,5061.00,"4- Demerara- Mahaica",369,"Grove Public Rd.","East bank Demerara (from Georgetown)","-58.1876","6.6996",,,9/10/2010 0:00:00,,"D- Property Damage","F- Driver",51.00,"Male","K- Private Cars;L- Lorries Van","S- Driver's Negligence",2.00
1990,5062.00,"4- Demerara- Mahaica",373,"Friendship Public Rd.","East bank Demerara (from Georgetown)","-58.4293","5.8712",,,9/13/2010 0:00:00,,"D- Property Damage","F- Driver",32.00,"Male","L- Lorries Van;N- Pickup","P- Speeding",2.00
1991,5063.00,"4- Demerara- Mahaica",373,"Friendship Public Rd.","East bank Demerara (from Georgetown)","-58.4293","5.8712",,,11/1/2010 0:00:00,12/30/1899 12:30:00,"D- Property Damage","F- Driver",54.00,"Male","J- Minibus","S- Driver's Negligence",2.00
1992,5064.00,"4- Demerara- Mahaica",373,"Friendship Public Rd.","East bank Demerara (from Georgetown)","-58.4293","5.8712",,,11/8/2010 0:00:00,12/30/1899 18:20:00,"B- Serious Injury","F- Driver",24.00,"Male","L- Lorries Van;W-Pedal Cycle","S- Driver's Negligence",2.00
1993,5065.00,"4- Demerara- Mahaica",368,"Diamond Public Rd.","East bank Demerara (from Georgetown)","-58.1764","6.7061",,,11/11/2010 0:00:00,12/30/1899 22:30:00,"B- Serious Injury","F- Driver",,"Female","M- Hire Cars","S- Driver's Negligence",2.00
1994,5066.00,"4- Demerara- Mahaica",373,"Friendship Public Rd.","East bank Demerara (from Georgetown)","-58.4293","5.8712",,,,,"C- Minor Injury","F- Driver",,"Male","K- Private Cars","P- Speeding",2.00
1995,5067.00,"4- Demerara- Mahaica",373,"Friendship Public Rd.","East bank Demerara (from Georgetown)","-58.4293","5.8712",,,11/28/2010 0:00:00,12/30/1899 19:00:00,"D- Property Damage","F- Driver",,"Male","K- Private Cars","S- Driver's Negligence",2.00
1996,5068.00,"4- Demerara- Mahaica",369,"Grove Public Rd.","East bank Demerara (from Georgetown)","-58.1876","6.6996",,,12/20/2010 0:00:00,12/30/1899 23:05:00,"A- Fatal","F- Driver",42.00,"Male","J- Minibus;M- Hire Cars","P- Speeding",2.00
1997,5069.00,"4- Demerara- Mahaica",371,"Craig Public Rd.","East bank Demerara (from Georgetown)","-58.1903","6.7096",,,1/13/2011 0:00:00,12/30/1899 19:10:00,"D- Property Damage","F- Driver",28.00,"Male","K- Private Cars;N- Pickup","S- Driver's Negligence",2.00
1998,5070.00,"4- Demerara- Mahaica",367,"Little Diamond Rd.","East bank Demerara (from Georgetown)","-58.1864","6.7378",,,2/6/2011 0:00:00,12/30/1899 19:00:00,"C- Minor Injury","F- Driver",,"Male","K- Private Cars","P- Speeding",2.00
1999,5071.00,"4- Demerara- Mahaica",372,"New Hope Public Rd.","East bank Demerara (from Georgetown)","-58.1849","6.6807",,,3/22/2011 0:00:00,12/30/1899 9:50:00,"D- Property Damage","F- Driver",,"Male","L- Lorries Van;M- Hire Cars","P- Speeding",2.00
2000,5072.00,"4- Demerara- Mahaica",372,"New Hope Public Rd.","East bank Demerara (from Georgetown)","-58.1849","6.6807",,,3/27/2011 0:00:00,12/30/1899 7:30:00,"D- Property Damage","F- Driver",66.00,"Male","K- Private Cars;M- Hire Cars","S- Driver's Negligence",2.00
2001,5073.00,"4- Demerara- Mahaica",374,"Garden Of Eden Public Rd.","East bank Demerara (from Georgetown)","-58.1970","6.6383",,,4/2/2011 0:00:00,,"D- Property Damage","F- Driver",,"Male","J- Minibus;K- Private Cars","P- Speeding",2.00
2002,5074.00,"4- Demerara- Mahaica",374,"Garden Of Eden Public Rd.","East bank Demerara (from Georgetown)","-58.1970","6.6383",,,4/9/2011 0:00:00,12/30/1899 11:30:00,"D- Property Damage","F- Driver",,"Male","J- Minibus","S- Driver's Negligence",2.00
2003,5075.00,"4- Demerara- Mahaica",374,"Garden Of Eden Public Rd.","East bank Demerara (from Georgetown)","-58.1970","6.6383",,,4/27/2011 0:00:00,12/30/1899 15:00:00,"D- Property Damage","F- Driver",,"Male","J- Minibus","S- Driver's Negligence",2.00
2004,5076.00,"4- Demerara- Mahaica",369,"Grove Public Rd.","East bank Demerara (from Georgetown)","-58.1876","6.6996",,,5/8/2011 0:00:00,12/30/1899 21:30:00,"D- Property Damage","F- Driver",,"Male","K- Private Cars","S- Driver's Negligence",2.00
2005,5077.00,"4- Demerara- Mahaica",369,"Grove Public Rd.","East bank Demerara (from Georgetown)","-58.1876","6.6996",,,5/10/2011 0:00:00,12/30/1899 22:00:00,"A- Fatal","G- Rider",48.00,"Male","V-Motor Cycle","U- Cyclist's Negligence",2.00
2006,5078.00,"4- Demerara- Mahaica",373,"Friendship Public Rd.","East bank Demerara (from Georgetown)","-58.4293","5.8712",,,5/22/2011 0:00:00,12/30/1899 20:30:00,"B- Serious Injury","F- Driver",29.00,"Male","K- Private Cars;M- Hire Cars","S- Driver's Negligence",3.00
2007,5079.00,"4- Demerara- Mahaica",373,"Friendship Public Rd.","East bank Demerara (from Georgetown)","-58.4293","5.8712",,,6/2/2011 0:00:00,12/30/1899 8:40:00,"B- Serious Injury","F- Driver",45.00,"Female","L- Lorries Van","P- Speeding",2.00
2008,5080.00,"4- Demerara- Mahaica",369,"Grove Public Rd.","East bank Demerara (from Georgetown)","-58.1876","6.6996",,,6/7/2011 0:00:00,12/30/1899 11:45:00,"C- Minor Injury","F- Driver",,"Male","L- Lorries Van;N- Pickup","S- Driver's Negligence",2.00
2009,5081.00,"4- Demerara- Mahaica",371,"Craig Public Rd.","East bank Demerara (from Georgetown)","-58.1903","6.7096",,,6/10/2011 0:00:00,12/30/1899 13:20:00,"B- Serious Injury","G- Rider",,"Male","V-Motor Cycle","P- Speeding",1.00
2010,5082.00,"4- Demerara- Mahaica",374,"Garden Of Eden Public Rd.","East bank Demerara (from Georgetown)","-58.1970","6.6383",,,6/19/2011 0:00:00,12/30/1899 10:00:00,"C- Minor Injury","F- Driver",35.00,"Male","K- Private Cars","S- Driver's Negligence",2.00
2011,5083.00,"4- Demerara- Mahaica",373,"Friendship Public Rd.","East bank Demerara (from Georgetown)","-58.4293","5.8712",,,,,"D- Property Damage","F- Driver",56.00,"Male","J- Minibus;K- Private Cars","S- Driver's Negligence",2.00
2012,5084.00,"4- Demerara- Mahaica",582,"Kaneville Public Road","LEFT BANK MAHAICA RIVER (From Georgetown)","-58.1867","6.6967",,,7/9/2011 0:00:00,,"C- Minor Injury","F- Driver",,"Male","L- Lorries Van","P- Speeding",2.00
2013,5085.00,"4- Demerara- Mahaica",373,"Friendship Public Rd.","East bank Demerara (from Georgetown)","-58.4293","5.8712",,,7/20/2011 0:00:00,,"D- Property Damage","F- Driver",58.00,"Male","J- Minibus;L- Lorries Van","P- Speeding",2.00
2014,5086.00,"4- Demerara- Mahaica",369,"Grove Public Rd.","East bank Demerara (from Georgetown)","-58.1876","6.6996",,,8/11/2011 0:00:00,12/30/1899 8:37:00,"C- Minor Injury","F- Driver",,"Male","K- Private Cars","P- Speeding",3.00
2015,5087.00,"4- Demerara- Mahaica",369,"Grove Public Rd.","East bank Demerara (from Georgetown)","-58.1876","6.6996",,,,,"D- Property Damage","F- Driver",,"Male","N- Pickup","P- Speeding",1.00
2016,5088.00,"4- Demerara- Mahaica",368,"Diamond Public Rd.","East bank Demerara (from Georgetown)","-58.1764","6.7061",,,9/4/2011 0:00:00,,"D- Property Damage","F- Driver",26.00,"Male","K- Private Cars;L- Lorries Van","P- Speeding",3.00
2017,5089.00,"4- Demerara- Mahaica",373,"Friendship Public Rd.","East bank Demerara (from Georgetown)","-58.4293","5.8712",,,9/9/2011 0:00:00,,"D- Property Damage","F- Driver",24.00,"Male","L- Lorries Van;N- Pickup","S- Driver's Negligence",3.00
2018,5090.00,"4- Demerara- Mahaica",373,"Friendship Public Rd.","East bank Demerara (from Georgetown)","-58.4293","5.8712",,,9/18/2011 0:00:00,12/30/1899 9:30:00,"B- Serious Injury","F- Driver",37.00,"Male","L- Lorries Van","S- Driver's Negligence",2.00
2019,5091.00,"4- Demerara- Mahaica",369,"Grove Public Rd.","East bank Demerara (from Georgetown)","-58.1876","6.6996",,,9/22/2011 0:00:00,12/30/1899 8:30:00,"C- Minor Injury","F- Driver",,"Male","N- Pickup;V-Motor Cycle","S- Driver's Negligence",2.00
2020,5092.00,"4- Demerara- Mahaica",373,"First St. Friendship","East bank Demerara (from Georgetown)","-58.1900","6.6528",,,9/24/2011 0:00:00,12/30/1899 23:50:00,"B- Serious Injury","F- Driver",34.00,"Male","L- Lorries Van","S- Driver's Negligence",2.00
2021,5093.00,"4- Demerara- Mahaica",369,"Grove Public Rd.","East bank Demerara (from Georgetown)","-58.1876","6.6996",,,10/28/2011 0:00:00,12/30/1899 19:30:00,"C- Minor Injury","F- Driver",40.00,"Male","K- Private Cars","T-Pedestrian's Negligence",2.00
2022,5094.00,"4- Demerara- Mahaica",374,"Garden Of Eden Public Rd.","East bank Demerara (from Georgetown)","-58.1970","6.6383",,,10/23/2011 0:00:00,12/30/1899 12:30:00,"A- Fatal","F- Driver",24.00,"Male","J- Minibus;K- Private Cars;L- Lorries Van","P- Speeding",2.00
2023,5095.00,"4- Demerara- Mahaica",373,"Friendship Public Rd.","East bank Demerara (from Georgetown)","-58.4293","5.8712",,,10/27/2011 0:00:00,12/30/1899 11:30:00,"C- Minor Injury","F- Driver",36.00,"Male","L- Lorries Van","S- Driver's Negligence",1.00
2024,5096.00,"4- Demerara- Mahaica",369,"Grove Public Rd.","East bank Demerara (from Georgetown)","-58.1876","6.6996",,,11/13/2011 0:00:00,12/30/1899 7:30:00,"C- Minor Injury","F- Driver",16.00,"Male","V-Motor Cycle","U- Cyclist's Negligence",1.00
2025,5097.00,"4- Demerara- Mahaica",369,"Grove Public Rd.","East bank Demerara (from Georgetown)","-58.1876","6.6996",,,11/13/2011 0:00:00,12/30/1899 5:45:00,"D- Property Damage","F- Driver",52.00,"Male","K- Private Cars","P- Speeding",2.00
2026,5098.00,"4- Demerara- Mahaica",368,"Second St. Diamond New Scheme","East bank Demerara (from Georgetown)","-58.1848","6.7098",,,3/21/2009 0:00:00,12/30/1899 10:00:00,"D- Property Damage","F- Driver",47.00,"Male","K- Private Cars;N- Pickup","S- Driver's Negligence",2.00
2027,5099.00,"4- Demerara- Mahaica",368,"Diamond Public Rd.","East bank Demerara (from Georgetown)","-58.1764","6.7061",,,3/30/2009 0:00:00,12/30/1899 19:30:00,"C- Minor Injury","F- Driver",28.00,"Male","M- Hire Cars;N- Pickup","S- Driver's Negligence",2.00
2028,5100.00,"4- Demerara- Mahaica",368,"Second St. Diamond New Scheme","East bank Demerara (from Georgetown)","-58.1848","6.7098",,,4/2/2009 0:00:00,12/30/1899 17:30:00,"B- Serious Injury","F- Driver",34.00,"Male","M- Hire Cars","S- Driver's Negligence",2.00
2029,5101.00,"4- Demerara- Mahaica",368,"Second Bridge Diamond New Scheme","East bank Demerara (from Georgetown)","-58.1851","6.7086",,,4/23/2009 0:00:00,12/30/1899 8:45:00,"D- Property Damage","F- Driver",23.00,"Male","J- Minibus;M- Hire Cars","S- Driver's Negligence",2.00
2030,5102.00,"4- Demerara- Mahaica",368,"Diamond New Scheme","East bank Demerara (from Georgetown)","-58.1752","6.7058",,,4/28/2009 0:00:00,12/30/1899 16:30:00,"D- Property Damage","F- Driver",26.00,"Male","K- Private Cars;M- Hire Cars","S- Driver's Negligence",2.00
2031,5103.00,"4- Demerara- Mahaica",368,"Diamond Public Rd.","East bank Demerara (from Georgetown)","-58.1764","6.7061",,,5/8/2009 0:00:00,12/30/1899 8:00:00,"D- Property Damage","F- Driver",,"Female","K- Private Cars;M- Hire Cars;N- Pickup","S- Driver's Negligence",4.00
2032,5104.00,"4- Demerara- Mahaica",368,"Diamond Public Rd.","East bank Demerara (from Georgetown)","-58.1764","6.7061",,,5/15/2009 0:00:00,12/30/1899 8:30:00,"D- Property Damage","F- Driver",35.00,"Male","J- Minibus;N- Pickup","S- Driver's Negligence",2.00
2033,5105.00,"4- Demerara- Mahaica",368,"Diamond Junction","East bank Demerara (from Georgetown)","-58.1905","6.7102",,,5/25/2009 0:00:00,12/30/1899 8:00:00,"D- Property Damage","F- Driver",41.00,"Male","K- Private Cars;M- Hire Cars","S- Driver's Negligence",2.00
2034,5106.00,"4- Demerara- Mahaica",368,"Diamond Access Rd.","East bank Demerara (from Georgetown)","-58.1752","6.7058",,,5/26/2009 0:00:00,,"D- Property Damage","F- Driver",30.00,"Male","K- Private Cars","S- Driver's Negligence",2.00
2035,5107.00,"4- Demerara- Mahaica",368,"Second Bridge Diamond New Scheme","East bank Demerara (from Georgetown)","-58.1851","6.7086",,,4/23/2009 0:00:00,12/30/1899 9:30:00,"C- Minor Injury","F- Driver",38.00,"Male","M- Hire Cars","S- Driver's Negligence",2.00
2036,5108.00,"4- Demerara- Mahaica",368,"Diamond Public Rd.","East bank Demerara (from Georgetown)","-58.1764","6.7061",,,6/14/2009 0:00:00,12/30/1899 21:45:00,"C- Minor Injury","F- Driver",40.00,"Male","J- Minibus","S- Driver's Negligence",2.00
2037,5109.00,"4- Demerara- Mahaica",368,"Diamond New Scheme","East bank Demerara (from Georgetown)","-58.1752","6.7058",,,6/15/2009 0:00:00,,"D- Property Damage","F- Driver",39.00,"Male","J- Minibus;K- Private Cars","S- Driver's Negligence",2.00
2038,5110.00,"4- Demerara- Mahaica",368,"Diamond Public Rd.","East bank Demerara (from Georgetown)","-58.1764","6.7061",,,6/30/2009 0:00:00,12/30/1899 12:45:00,"C- Minor Injury","E- Pedestrian",45.00,"Male","V-Motor Cycle","T-Pedestrian's Negligence",2.00
2039,5111.00,"4- Demerara- Mahaica",368,"Diamond Public Rd.","East bank Demerara (from Georgetown)","-58.1764","6.7061",,,7/12/2007 0:00:00,12/30/1899 21:15:00,"C- Minor Injury","G- Rider",,"Male","M- Hire Cars;V-Motor Cycle","P- Speeding",3.00
2040,5112.00,"4- Demerara- Mahaica",368,"Diamond New Scheme","East bank Demerara (from Georgetown)","-58.1752","6.7058",,,7/14/2007 0:00:00,12/30/1899 15:30:00,"D- Property Damage","F- Driver",36.00,"Male","J- Minibus;M- Hire Cars","S- Driver's Negligence",2.00
2041,5113.00,"4- Demerara- Mahaica",368,"Diamond Public Rd.","East bank Demerara (from Georgetown)","-58.1764","6.7061",,,7/29/2007 0:00:00,12/30/1899 5:15:00,"D- Property Damage","F- Driver",27.00,"Male","N- Pickup","Y- Animal",1.00
2042,5114.00,"4- Demerara- Mahaica",368,"Diamond New Public Rd.","East bank Demerara (from Georgetown)","-58.1752","6.7058",,,8/9/2007 0:00:00,12/30/1899 18:15:00,"D- Property Damage","F- Driver",64.00,"Male","K- Private Cars","Y- Animal",1.00
2043,5115.00,"4- Demerara- Mahaica",368,"Seventeenth St. Diamond New Scheme","East bank Demerara (from Georgetown)","-58.1752","6.7058",,,8/16/2009 0:00:00,12/30/1899 8:30:00,"C- Minor Injury","G- Rider",29.00,"Male","K- Private Cars;W-Pedal Cycle","U- Cyclist's Negligence",2.00
2044,5116.00,"4- Demerara- Mahaica",368,"Diamond Public Rd.","East bank Demerara (from Georgetown)","-58.1764","6.7061",,,8/20/2009 0:00:00,12/30/1899 5:35:00,"C- Minor Injury","F- Driver",44.00,"Male","J- Minibus;L- Lorries Van","S- Driver's Negligence",2.00
2045,5117.00,"4- Demerara- Mahaica",368,"Diamond New Scheme","East bank Demerara (from Georgetown)","-58.1752","6.7058",,,8/29/2009 0:00:00,12/30/1899 10:30:00,"D- Property Damage","F- Driver",39.00,"Male","M- Hire Cars","P- Speeding",1.00
2046,5118.00,"4- Demerara- Mahaica",368,"Diamond New Scheme","East bank Demerara (from Georgetown)","-58.1752","6.7058",,,8/30/2009 0:00:00,12/30/1899 8:30:00,"B- Serious Injury","F- Driver",28.00,"Male","M- Hire Cars;W-Pedal Cycle","S- Driver's Negligence",2.00
2047,5119.00,"4- Demerara- Mahaica",368,"Diamond New Scheme","East bank Demerara (from Georgetown)","-58.1752","6.7058",,,8/15/2009 0:00:00,12/30/1899 23:00:00,"B- Serious Injury","F- Driver",27.00,"Female","M- Hire Cars","S- Driver's Negligence",6.00
2048,5120.00,"4- Demerara- Mahaica",374,"Great Diamond Public Rd.","East bank Demerara (from Georgetown)","-58.1752","6.7058",,,9/27/2009 0:00:00,12/30/1899 10:30:00,"D- Property Damage","F- Driver",43.00,"Male","M- Hire Cars;N- Pickup","S- Driver's Negligence",2.00
2049,5121.00,"4- Demerara- Mahaica",368,"Diamond Public Rd.","East bank Demerara (from Georgetown)","-58.1764","6.7061",,,9/19/2009 0:00:00,12/30/1899 21:15:00,"D- Property Damage","F- Driver",21.00,"Male","K- Private Cars;M- Hire Cars","S- Driver's Negligence",2.00
2050,5122.00,"4- Demerara- Mahaica",368,"Diamond Public Rd.","East bank Demerara (from Georgetown)","-58.1764","6.7061",,,9/28/2009 0:00:00,12/30/1899 7:20:00,"D- Property Damage","F- Driver",,"Male","K- Private Cars;M- Hire Cars","S- Driver's Negligence",2.00
2051,5123.00,"4- Demerara- Mahaica",368,"Diamond New Scheme","East bank Demerara (from Georgetown)","-58.1752","6.7058",,,10/7/2009 0:00:00,12/30/1899 15:45:00,"D- Property Damage","F- Driver",28.00,"Female","K- Private Cars","S- Driver's Negligence",2.00
2052,5124.00,"4- Demerara- Mahaica",368,"Diamond New Scheme","East bank Demerara (from Georgetown)","-58.1752","6.7058",,,10/9/2009 0:00:00,12/30/1899 7:45:00,"D- Property Damage","F- Driver",,"Male","J- Minibus;M- Hire Cars","S- Driver's Negligence",2.00
2053,5125.00,"4- Demerara- Mahaica",368,"Eighteenth St. Diamond New Scheme","East bank Demerara (from Georgetown)","-58.1752","6.7058",,,10/31/2009 0:00:00,12/30/1899 15:00:00,"D- Property Damage","F- Driver",39.00,"Male","M- Hire Cars","Y- Animal",1.00