"ID","Accident ID","Region Number","Corridor ID","Location (Intersection/Road/Street)","Corridor","Location- longitude/ X","Location- latitude/  Y","Mile Marker","Village","Date of Accident","Time of Accident","Type of Accident","Class of Road User","Age/DOB","Gender","Class of Vehicles Involved","Contributing Factor","Number of Persons Involved"
2054,5126.00,"4- Demerara- Mahaica",368,"Diamond New Scheme","East bank Demerara (from Georgetown)","-58.1752","6.7058",,,11/1/2009 0:00:00,12/30/1899 18:30:00,"D- Property Damage","F- Driver",28.00,"Male","K- Private Cars","Y- Animal",1.00
2055,5127.00,"4- Demerara- Mahaica",367,"Little Diamond Public Rd.","East bank Demerara (from Georgetown)","-58.1864","6.7378",,,11/8/2009 0:00:00,12/30/1899 8:42:00,"D- Property Damage","F- Driver",18.00,"Male","K- Private Cars;L- Lorries Van","S- Driver's Negligence",3.00
2056,5128.00,"4- Demerara- Mahaica",368,"Diamond New Scheme","East bank Demerara (from Georgetown)","-58.1752","6.7058",,,11/24/2009 0:00:00,12/30/1899 15:30:00,"B- Serious Injury","F- Driver",46.00,"Male","M- Hire Cars;W-Pedal Cycle","S- Driver's Negligence",2.00
2057,5129.00,"4- Demerara- Mahaica",368,"Diamond New Scheme","East bank Demerara (from Georgetown)","-58.1752","6.7058",,,11/25/2009 0:00:00,12/30/1899 7:30:00,"C- Minor Injury","F- Driver",22.00,"Male","K- Private Cars;W-Pedal Cycle","S- Driver's Negligence",2.00
2058,5130.00,"4- Demerara- Mahaica",368,"Diamond New Scheme","East bank Demerara (from Georgetown)","-58.1752","6.7058",,,12/13/2009 0:00:00,12/30/1899 17:20:00,"B- Serious Injury","F- Driver",28.00,"Male","K- Private Cars","S- Driver's Negligence",2.00
2059,5131.00,"4- Demerara- Mahaica",368,"Diamond Public Rd.","East bank Demerara (from Georgetown)","-58.1764","6.7061",,,12/27/2009 0:00:00,12/30/1899 1:25:00,"D- Property Damage","F- Driver",20.00,"Male","K- Private Cars;M- Hire Cars","S- Driver's Negligence",2.00
2060,5132.00,"4- Demerara- Mahaica",368,"Diamond Public Rd.","East bank Demerara (from Georgetown)","-58.1764","6.7061",,,12/24/2009 0:00:00,12/30/1899 9:00:00,"D- Property Damage","F- Driver",43.00,"Male","K- Private Cars","S- Driver's Negligence",2.00
2061,5133.00,"4- Demerara- Mahaica",368,"Diamond Public Rd.","East bank Demerara (from Georgetown)","-58.1764","6.7061",,,12/16/2009 0:00:00,12/30/1899 15:15:00,"C- Minor Injury","F- Driver",46.00,"Male","J- Minibus","S- Driver's Negligence",3.00
2062,5134.00,"4- Demerara- Mahaica",368,"Diamond Public Rd.","East bank Demerara (from Georgetown)","-58.1764","6.7061",,,1/24/2010 0:00:00,12/30/1899 20:30:00,"D- Property Damage","F- Driver",26.00,"Male","K- Private Cars;N- Pickup","S- Driver's Negligence",2.00
2063,5135.00,"4- Demerara- Mahaica",368,"Sixth St. Diamond New Scheme","East bank Demerara (from Georgetown)","-58.1752","6.7058",,,1/11/2010 0:00:00,12/30/1899 15:00:00,"C- Minor Injury","F- Driver",22.00,"Male","M- Hire Cars","S- Driver's Negligence",2.00
2064,5136.00,"4- Demerara- Mahaica",368,"Diamond New Scheme","East bank Demerara (from Georgetown)","-58.1752","6.7058",,,1/28/2010 0:00:00,12/30/1899 8:40:00,"C- Minor Injury","F- Driver",38.00,"Male","K- Private Cars;M- Hire Cars","S- Driver's Negligence",2.00
2065,5137.00,"4- Demerara- Mahaica",368,"Diamond New Scheme","East bank Demerara (from Georgetown)","-58.1752","6.7058",,,2/11/2010 0:00:00,,"D- Property Damage","F- Driver",32.00,"Male","L- Lorries Van;M- Hire Cars","S- Driver's Negligence",2.00
2066,5138.00,"4- Demerara- Mahaica",368,"Diamond New Scheme","East bank Demerara (from Georgetown)","-58.1752","6.7058",,,2/26/2010 0:00:00,12/30/1899 8:15:00,"B- Serious Injury","F- Driver",38.00,"Male","J- Minibus;V-Motor Cycle","S- Driver's Negligence",2.00
2067,5139.00,"4- Demerara- Mahaica",368,"Diamond New Scheme","East bank Demerara (from Georgetown)","-58.1752","6.7058",,,2/27/2010 0:00:00,12/30/1899 14:18:00,"C- Minor Injury","F- Driver",35.00,"Male","M- Hire Cars;V-Motor Cycle","S- Driver's Negligence",2.00
2068,5140.00,"4- Demerara- Mahaica",368,"Diamond Public Rd.","East bank Demerara (from Georgetown)","-58.1764","6.7061",,,3/10/2010 0:00:00,12/30/1899 6:15:00,"A- Fatal","F- Driver",35.00,"Male","K- Private Cars","S- Driver's Negligence",4.00
2069,5141.00,"4- Demerara- Mahaica",368,"Diamond Access Rd.","East bank Demerara (from Georgetown)","-58.1752","6.7058",,,4/2/2010 0:00:00,12/30/1899 22:00:00,"A- Fatal","F- Driver",,"Male","K- Private Cars","P- Speeding",2.00
2070,5142.00,"4- Demerara- Mahaica",368,"Diamond New Rd.","East bank Demerara (from Georgetown)","-58.1752","6.7058",,,4/4/2010 0:00:00,,"D- Property Damage","F- Driver",,"Male","K- Private Cars","S- Driver's Negligence",2.00
2071,5143.00,"4- Demerara- Mahaica",368,"Diamond Access Rd.","East bank Demerara (from Georgetown)","-58.1752","6.7058",,,4/5/2010 0:00:00,12/30/1899 12:30:00,"D- Property Damage","F- Driver",38.00,"Male","K- Private Cars;M- Hire Cars","S- Driver's Negligence",2.00
2072,5144.00,"4- Demerara- Mahaica",368,"Diamond Access Rd.","East bank Demerara (from Georgetown)","-58.1752","6.7058",,,4/9/2010 0:00:00,12/30/1899 19:30:00,"D- Property Damage","G- Rider",33.00,"Male","K- Private Cars;V-Motor Cycle","S- Driver's Negligence;U- Cyclist's Negligence",3.00
2073,5145.00,"4- Demerara- Mahaica",368,"Diamond Public Rd.","East bank Demerara (from Georgetown)","-58.1764","6.7061",,,4/13/2010 0:00:00,12/30/1899 11:30:00,"D- Property Damage","F- Driver",21.00,"Male","K- Private Cars;V-Motor Cycle","S- Driver's Negligence",2.00
2074,5146.00,"4- Demerara- Mahaica",368,"Diamond Public Rd.","East bank Demerara (from Georgetown)","-58.1764","6.7061",,,4/15/2010 0:00:00,12/30/1899 5:10:00,"C- Minor Injury","F- Driver",52.00,"Male","K- Private Cars;N- Pickup","S- Driver's Negligence",2.00
2075,5147.00,"4- Demerara- Mahaica",368,"Diamond Access Rd.","East bank Demerara (from Georgetown)","-58.1752","6.7058",,,5/18/2010 0:00:00,12/30/1899 19:45:00,"A- Fatal","F- Driver",20.00,"Male","K- Private Cars","S- Driver's Negligence",2.00
2076,5148.00,"4- Demerara- Mahaica",368,"Diamond Access Rd.","East bank Demerara (from Georgetown)","-58.1752","6.7058",,,6/3/2010 0:00:00,12/30/1899 9:30:00,"D- Property Damage","F- Driver",19.00,"Male","K- Private Cars;L- Lorries Van","S- Driver's Negligence",2.00
2077,5149.00,"4- Demerara- Mahaica",368,"Diamond Public Rd.","East bank Demerara (from Georgetown)","-58.1764","6.7061",,,4/16/2010 0:00:00,12/30/1899 6:45:00,"C- Minor Injury","F- Driver",29.00,"Male","J- Minibus;W-Pedal Cycle","S- Driver's Negligence",2.00
2078,5150.00,"4- Demerara- Mahaica",368,"Diamond Public Rd.","East bank Demerara (from Georgetown)","-58.1764","6.7061",,,4/27/2010 0:00:00,12/30/1899 19:40:00,"B- Serious Injury","F- Driver",34.00,"Male","M- Hire Cars;V-Motor Cycle","S- Driver's Negligence",2.00
2079,5151.00,"4- Demerara- Mahaica",368,"Diamond Public Rd.","East bank Demerara (from Georgetown)","-58.1764","6.7061",,,,,"B- Serious Injury","G- Rider",53.00,"Male","V-Motor Cycle","U- Cyclist's Negligence",2.00
2080,5152.00,"4- Demerara- Mahaica",368,"Diamond Access Rd.","East bank Demerara (from Georgetown)","-58.1752","6.7058",,,8/8/2010 0:00:00,12/30/1899 18:40:00,"A- Fatal","F- Driver",34.00,"Male","L- Lorries Van;W-Pedal Cycle","S- Driver's Negligence",2.00
2081,5153.00,"4- Demerara- Mahaica",367,"Little Diamond Public Rd.","East bank Demerara (from Georgetown)","-58.1864","6.7378",,,8/16/2010 0:00:00,,"C- Minor Injury","F- Driver",28.00,"Male","K- Private Cars;N- Pickup","S- Driver's Negligence",2.00
2082,5154.00,"4- Demerara- Mahaica",367,"Little Diamond Public Rd.","East bank Demerara (from Georgetown)","-58.1864","6.7378",,,9/3/2010 0:00:00,12/30/1899 15:30:00,"D- Property Damage","F- Driver",25.00,"Male","L- Lorries Van","S- Driver's Negligence",2.00
2083,5155.00,"4- Demerara- Mahaica",368,"Diamond Access Rd.","East bank Demerara (from Georgetown)","-58.1752","6.7058",,,9/7/2010 0:00:00,12/30/1899 7:01:00,"C- Minor Injury","G- Rider",26.00,"Male","K- Private Cars;W-Pedal Cycle","U- Cyclist's Negligence",2.00
2084,5156.00,"4- Demerara- Mahaica",368,"Diamond New Scheme","East bank Demerara (from Georgetown)","-58.1752","6.7058",,,9/13/2010 0:00:00,12/30/1899 6:20:00,"D- Property Damage","F- Driver",,"Male","K- Private Cars;M- Hire Cars","S- Driver's Negligence",2.00
2085,5157.00,"4- Demerara- Mahaica",368,"Diamond Access Rd.","East bank Demerara (from Georgetown)","-58.1752","6.7058",,,10/3/2010 0:00:00,12/30/1899 19:30:00,"D- Property Damage","F- Driver",26.00,"Male","K- Private Cars;N- Pickup","S- Driver's Negligence",2.00
2086,5158.00,"4- Demerara- Mahaica",368,"Diamond New Scheme","East bank Demerara (from Georgetown)","-58.1752","6.7058",,,10/3/2010 0:00:00,,"D- Property Damage","G- Rider",,"Male","M- Hire Cars;W-Pedal Cycle","U- Cyclist's Negligence",2.00
2087,5159.00,"4- Demerara- Mahaica",368,"Diamond Public Rd.","East bank Demerara (from Georgetown)","-58.1764","6.7061",,,10/31/2010 0:00:00,12/30/1899 22:30:00,"A- Fatal","F- Driver",27.00,"Male","K- Private Cars","P- Speeding",2.00
2088,5160.00,"4- Demerara- Mahaica",368,"Third St. Diamond New Scheme","East bank Demerara (from Georgetown)","-58.1752","6.7058",,,12/8/2010 0:00:00,12/30/1899 20:25:00,"D- Property Damage","F- Driver",,"Female","K- Private Cars;M- Hire Cars","S- Driver's Negligence",2.00
2089,5161.00,"4- Demerara- Mahaica",374,"Great Diamond Public Rd.","East bank Demerara (from Georgetown)","-58.1752","6.7058",,,5/5/2011 0:00:00,12/30/1899 3:20:00,"A- Fatal","F- Driver",55.00,"Male","N- Pickup","P- Speeding",2.00
2090,5162.00,"4- Demerara- Mahaica",368,"Diamond Access Rd.","East bank Demerara (from Georgetown)","-58.1752","6.7058",,,2/3/2011 0:00:00,12/30/1899 22:50:00,"D- Property Damage","F- Driver",,"Male","K- Private Cars;M- Hire Cars","S- Driver's Negligence",2.00
2091,5163.00,"4- Demerara- Mahaica",385,"Long Creek Linden Highway","Soesdyke-Linden Highway (Right Bank Demerara River-from Georgetown)","-58.2337","6.1320",,,6/30/2003 0:00:00,12/30/1899 9:15:00,"A- Fatal","F- Driver",49.00,"Male","J- Minibus","S- Driver's Negligence",1.00
2092,5164.00,"4- Demerara- Mahaica",387,"Madewini Public Rd.","East bank Demerara (from Georgetown)","-58.2492","6.5289",,,7/20/2003 0:00:00,12/30/1899 19:40:00,"D- Property Damage","F- Driver",36.00,"Male","J- Minibus;K- Private Cars","R- Improper Overtaking",2.00
2093,5165.00,"4- Demerara- Mahaica",387,"Madewini Public Rd.","East bank Demerara (from Georgetown)","-58.2492","6.5289",,,7/20/2003 0:00:00,12/30/1899 20:50:00,"D- Property Damage","F- Driver",44.00,"Male","J- Minibus;K- Private Cars","S- Driver's Negligence",2.00
2094,5166.00,"4- Demerara- Mahaica",394,"Yarrowkabra Public Rd.","Soesdyke-Linden Highway (Right Bank Demerara River-from Georgetown)","-58.2529","6.0835",,,7/30/2003 0:00:00,12/30/1899 19:00:00,"C- Minor Injury","E- Pedestrian",37.00,"Female","K- Private Cars","T-Pedestrian's Negligence",2.00
2095,5167.00,"4- Demerara- Mahaica",396,"Hauraruni Public Rd.","Soesdyke-Linden Highway (Right Bank Demerara River-from Georgetown)","-58.1850","6.7454",,,9/7/2003 0:00:00,12/30/1899 18:00:00,"A- Fatal","G- Rider",15.00,"Male","J- Minibus;W-Pedal Cycle","U- Cyclist's Negligence",2.00
2096,5168.00,"4- Demerara- Mahaica",387,"Madewini Public Rd.","East bank Demerara (from Georgetown)","-58.2492","6.5289",,,9/14/2003 0:00:00,12/30/1899 15:00:00,"A- Fatal","F- Driver",28.00,"Male","L- Lorries Van","S- Driver's Negligence",3.00
2097,5169.00,"4- Demerara- Mahaica",393,"Kuru Kururu Soesdyke","Soesdyke-Linden Highway (Right Bank Demerara River-from Georgetown)","-58.2040","6.5273",,,9/28/2003 0:00:00,12/30/1899 17:15:00,"C- Minor Injury","F- Driver",22.00,"Male","K- Private Cars;W-Pedal Cycle","S- Driver's Negligence",2.00
2098,5170.00,"4- Demerara- Mahaica",385,"Long Creek Public Rd.","Soesdyke-Linden Highway (Right Bank Demerara River-from Georgetown)","-58.2337","6.1320",,,10/20/2003 0:00:00,12/30/1899 19:30:00,"D- Property Damage","F- Driver",,"Male","K- Private Cars;L- Lorries Van","S- Driver's Negligence",2.00
2099,5171.00,"4- Demerara- Mahaica",385,"Long Creek Linden Highway","Soesdyke-Linden Highway (Right Bank Demerara River-from Georgetown)","-58.2337","6.1320",,,11/2/2003 0:00:00,12/30/1899 12:20:00,"D- Property Damage","F- Driver",43.00,"Male","K- Private Cars;N- Pickup","P- Speeding",2.00
2100,5172.00,"4- Demerara- Mahaica",393,"Kuru Kururu","Soesdyke-Linden Highway (Right Bank Demerara River-from Georgetown)","-58.2040","6.5273",,,11/21/2003 0:00:00,12/30/1899 12:15:00,"A- Fatal","F- Driver",50.00,"Male","N- Pickup","S- Driver's Negligence",1.00
2101,5173.00,"4- Demerara- Mahaica",387,"Madewini Public Rd.","East bank Demerara (from Georgetown)","-58.2492","6.5289",,,12/27/2003 0:00:00,12/30/1899 22:30:00,"D- Property Damage","F- Driver",,"Male","L- Lorries Van","P- Speeding",1.00
2102,5174.00,"4- Demerara- Mahaica",394,"Yarrowkabra Rd.","Soesdyke-Linden Highway (Right Bank Demerara River-from Georgetown)","-58.2529","6.0835",,,12/28/2003 0:00:00,12/30/1899 15:30:00,"D- Property Damage","F- Driver",30.00,"Male","K- Private Cars;M- Hire Cars","P- Speeding",2.00
2103,5175.00,"4- Demerara- Mahaica",396,"Hauraruni Public Rd.","Soesdyke-Linden Highway (Right Bank Demerara River-from Georgetown)","-58.1850","6.7454",,,1/29/2004 0:00:00,12/30/1899 23:00:00,"C- Minor Injury","F- Driver",,"Male","J- Minibus;K- Private Cars","P- Speeding",2.00
2104,5176.00,"4- Demerara- Mahaica",385,"Swan Public Rd.","Soesdyke-Linden Highway (Right Bank Demerara River-from Georgetown)","-58.1878","6.7960",,,2/12/2004 0:00:00,12/30/1899 21:00:00,"C- Minor Injury","F- Driver",26.00,"Male","N- Pickup;W-Pedal Cycle","S- Driver's Negligence",4.00
2105,5177.00,"4- Demerara- Mahaica",394,"Yarrowkabra Rd.","Soesdyke-Linden Highway (Right Bank Demerara River-from Georgetown)","-58.2529","6.0835",,,2/21/2004 0:00:00,12/30/1899 6:15:00,"C- Minor Injury","F- Driver",43.00,"Male","J- Minibus;L- Lorries Van","S- Driver's Negligence",2.00
2106,5178.00,"4- Demerara- Mahaica",393,"Kuru Kururu Village Rd.","Soesdyke-Linden Highway (Right Bank Demerara River-from Georgetown)","-58.2040","6.5273",,,3/30/2004 0:00:00,12/30/1899 10:50:00,"D- Property Damage","F- Driver",45.00,"Male","J- Minibus;N- Pickup","P- Speeding",2.00
2107,5179.00,"4- Demerara- Mahaica",394,"Yarrowkabra Public Rd.","Soesdyke-Linden Highway (Right Bank Demerara River-from Georgetown)","-58.2529","6.0835",,,4/6/2004 0:00:00,12/30/1899 3:30:00,"D- Property Damage","F- Driver",,"Male","J- Minibus","S- Driver's Negligence",1.00
2108,5180.00,"4- Demerara- Mahaica",385,"Long Creek Public Rd.","Soesdyke-Linden Highway (Right Bank Demerara River-from Georgetown)","-58.2337","6.1320",,,4/13/2004 0:00:00,12/30/1899 21:25:00,"C- Minor Injury","F- Driver",48.00,"Male","N- Pickup","S- Driver's Negligence",1.00
2109,5181.00,"4- Demerara- Mahaica",385,"Swan Public Rd.","Soesdyke-Linden Highway (Right Bank Demerara River-from Georgetown)","-58.1878","6.7960",,,6/22/2004 0:00:00,12/30/1899 19:00:00,"A- Fatal","F- Driver",26.00,"Male","K- Private Cars;L- Lorries Van","S- Driver's Negligence",2.00
2110,5182.00,"4- Demerara- Mahaica",385,"Long Creek Public Rd.","Soesdyke-Linden Highway (Right Bank Demerara River-from Georgetown)","-58.2337","6.1320",,,7/7/2004 0:00:00,12/30/1899 16:30:00,"C- Minor Injury","F- Driver",,"Male","K- Private Cars;W-Pedal Cycle","S- Driver's Negligence",2.00
2111,5183.00,"4- Demerara- Mahaica",394,"Yarrowkabra Public Rd.","Soesdyke-Linden Highway (Right Bank Demerara River-from Georgetown)","-58.2529","6.0835",,,7/20/2004 0:00:00,12/30/1899 1:45:00,"D- Property Damage","F- Driver",,"Male","K- Private Cars","S- Driver's Negligence",1.00
2112,5184.00,"4- Demerara- Mahaica",387,"Madewini Public Rd.","East bank Demerara (from Georgetown)","-58.2492","6.5289",,,7/25/2004 0:00:00,12/30/1899 16:45:00,"B- Serious Injury","E- Pedestrian",16.00,"Female","K- Private Cars","T-Pedestrian's Negligence",2.00
2113,5185.00,"4- Demerara- Mahaica",385,"Swan Public Rd.","Soesdyke-Linden Highway (Right Bank Demerara River-from Georgetown)","-58.1878","6.7960",,,7/25/2004 0:00:00,12/30/1899 21:30:00,"D- Property Damage","F- Driver",28.00,"Male","K- Private Cars","S- Driver's Negligence",3.00
2114,5186.00,"4- Demerara- Mahaica",393,"Kuru Kururu","Soesdyke-Linden Highway (Right Bank Demerara River-from Georgetown)","-58.2040","6.5273",,,8/14/2004 0:00:00,12/30/1899 9:05:00,"B- Serious Injury","F- Driver",50.00,"Male","L- Lorries Van","S- Driver's Negligence",2.00
2115,5187.00,"4- Demerara- Mahaica",393,"Kuru Kururu","Soesdyke-Linden Highway (Right Bank Demerara River-from Georgetown)","-58.2040","6.5273",,,9/4/2004 0:00:00,12/30/1899 11:30:00,"D- Property Damage","F- Driver",27.00,"Male","K- Private Cars;M- Hire Cars","P- Speeding",2.00
2116,5188.00,"4- Demerara- Mahaica",393,"Kuru Kururu","Soesdyke-Linden Highway (Right Bank Demerara River-from Georgetown)","-58.2040","6.5273",,,9/27/2004 0:00:00,12/30/1899 19:20:00,"B- Serious Injury","F- Driver",29.00,"Female","K- Private Cars","S- Driver's Negligence",2.00
2117,5189.00,"4- Demerara- Mahaica",394,"Yarrowkabra Public Rd.","Soesdyke-Linden Highway (Right Bank Demerara River-from Georgetown)","-58.2529","6.0835",,,11/15/2004 0:00:00,12/30/1899 8:15:00,"D- Property Damage","F- Driver",,"Male","K- Private Cars;L- Lorries Van","S- Driver's Negligence",2.00
2118,5190.00,"4- Demerara- Mahaica",393,"Kuru Kururu Public Rd.","Soesdyke-Linden Highway (Right Bank Demerara River-from Georgetown)","-58.2040","6.5273",,,11/19/2004 0:00:00,12/30/1899 9:00:00,"D- Property Damage","F- Driver",25.00,"Male","L- Lorries Van","S- Driver's Negligence",2.00
2119,5191.00,"4- Demerara- Mahaica",393,"Kuru Kururu Public Rd.","Soesdyke-Linden Highway (Right Bank Demerara River-from Georgetown)","-58.2040","6.5273",,,12/10/2004 0:00:00,12/30/1899 18:45:00,"A- Fatal","F- Driver",45.00,"Male","K- Private Cars;W-Pedal Cycle","S- Driver's Negligence",2.00
2120,5192.00,"4- Demerara- Mahaica",385,"Soesdyke Linden Highway","Soesdyke-Linden Highway (Right Bank Demerara River-from Georgetown)","-58.2123","6.5003",,,12/12/2004 0:00:00,12/30/1899 18:25:00,"D- Property Damage","F- Driver",66.00,"Male","J- Minibus;N- Pickup","P- Speeding",2.00
2121,5193.00,"4- Demerara- Mahaica",394,"Yarrowkabra Rd.","Soesdyke-Linden Highway (Right Bank Demerara River-from Georgetown)","-58.2529","6.0835",,,12/23/2004 0:00:00,12/30/1899 19:00:00,"C- Minor Injury","F- Driver",63.00,"Female","K- Private Cars;L- Lorries Van","P- Speeding",2.00
2122,5194.00,"4- Demerara- Mahaica",385,"Soesdyke Junction","Soesdyke-Linden Highway (Right Bank Demerara River-from Georgetown)","-58.2114","6.5019",,,12/24/2004 0:00:00,12/30/1899 17:00:00,"C- Minor Injury","F- Driver",32.00,"Male","J- Minibus;N- Pickup","S- Driver's Negligence",2.00
2123,5195.00,"4- Demerara- Mahaica",385,"Long Creek Public Rd.","Soesdyke-Linden Highway (Right Bank Demerara River-from Georgetown)","-58.2337","6.1320",,,12/25/2004 0:00:00,12/30/1899 14:10:00,"B- Serious Injury","F- Driver",54.00,"Male","L- Lorries Van;N- Pickup","S- Driver's Negligence",2.00
2124,5196.00,"4- Demerara- Mahaica",394,"Yarrowkabra Rd.","Soesdyke-Linden Highway (Right Bank Demerara River-from Georgetown)","-58.2529","6.0835",,,2/10/2004 0:00:00,12/30/1899 11:00:00,"D- Property Damage","F- Driver",26.00,"Male","K- Private Cars;L- Lorries Van","P- Speeding",2.00
2125,5197.00,"4- Demerara- Mahaica",301,"Hill Foot Soesdyke",,"-58.2123","6.5003",,,2/25/2004 0:00:00,12/30/1899 2:00:00,"B- Serious Injury","E- Pedestrian",,"Male","K- Private Cars","T-Pedestrian's Negligence",2.00
2126,5198.00,"4- Demerara- Mahaica",385,"Soesdyke Linden Highway","Soesdyke-Linden Highway (Right Bank Demerara River-from Georgetown)","-58.2123","6.5003",,,5/20/2004 0:00:00,12/30/1899 13:30:00,"C- Minor Injury","F- Driver",35.00,"Male","K- Private Cars;L- Lorries Van","P- Speeding",2.00
2127,5199.00,"4- Demerara- Mahaica",393,"Kuru Kururu","Soesdyke-Linden Highway (Right Bank Demerara River-from Georgetown)","-58.2040","6.5273",,,5/2/2005 0:00:00,12/30/1899 19:00:00,"B- Serious Injury","F- Driver",26.00,"Male","J- Minibus;K- Private Cars","P- Speeding",2.00
2128,5200.00,"4- Demerara- Mahaica",385,"Long Creek Linden Highway","Soesdyke-Linden Highway (Right Bank Demerara River-from Georgetown)","-58.2337","6.1320",,,5/3/2005 0:00:00,12/30/1899 12:00:00,"A- Fatal","F- Driver",,"Male","K- Private Cars","S- Driver's Negligence",1.00
2129,5201.00,"4- Demerara- Mahaica",394,"Yarrowkabra","Soesdyke-Linden Highway (Right Bank Demerara River-from Georgetown)","-58.2529","6.0835",,,5/19/2005 0:00:00,12/30/1899 11:30:00,"D- Property Damage","F- Driver",24.00,"Male","J- Minibus;L- Lorries Van","P- Speeding",2.00
2130,5202.00,"4- Demerara- Mahaica",385,"Madewini Creek","Soesdyke-Linden Highway (Right Bank Demerara River-from Georgetown)","-58.2492","6.5289",,,5/26/2005 0:00:00,12/30/1899 16:20:00,"A- Fatal","E- Pedestrian",5.00,"Female","L- Lorries Van","T-Pedestrian's Negligence",2.00
2131,5203.00,"4- Demerara- Mahaica",393,"Kuru Kururu","Soesdyke-Linden Highway (Right Bank Demerara River-from Georgetown)","-58.2040","6.5273",,,6/8/2005 0:00:00,12/30/1899 13:30:00,"D- Property Damage","F- Driver",43.00,"Female","K- Private Cars","P- Speeding",2.00
2132,5204.00,"4- Demerara- Mahaica",394,"Yarrowkabra Rd.","Soesdyke-Linden Highway (Right Bank Demerara River-from Georgetown)","-58.2529","6.0835",,,7/17/2005 0:00:00,12/30/1899 19:15:00,"B- Serious Injury","F- Driver",29.00,"Male","K- Private Cars;M- Hire Cars","S- Driver's Negligence",2.00
2133,5205.00,"4- Demerara- Mahaica",393,"Kuru Kururu","Soesdyke-Linden Highway (Right Bank Demerara River-from Georgetown)","-58.2040","6.5273",,,7/23/2005 0:00:00,12/30/1899 11:30:00,"B- Serious Injury","E- Pedestrian",27.00,"Male","K- Private Cars","T-Pedestrian's Negligence",2.00
2134,5206.00,"4- Demerara- Mahaica",385,"Swan Public Rd.","Soesdyke-Linden Highway (Right Bank Demerara River-from Georgetown)","-58.1878","6.7960",,,8/19/2005 0:00:00,12/30/1899 17:30:00,"D- Property Damage","F- Driver",40.00,"Male","L- Lorries Van;N- Pickup","P- Speeding",2.00
2135,5207.00,"4- Demerara- Mahaica",385,"Long Creek Linden Highway","Soesdyke-Linden Highway (Right Bank Demerara River-from Georgetown)","-58.2337","6.1320",,,8/22/2005 0:00:00,12/30/1899 12:18:00,"B- Serious Injury","F- Driver",,"Male","L- Lorries Van","P- Speeding",2.00
2136,5208.00,"4- Demerara- Mahaica",387,"Madewini Public Rd.","East bank Demerara (from Georgetown)","-58.2492","6.5289",,,10/20/2005 0:00:00,12/30/1899 16:40:00,"D- Property Damage","F- Driver",35.00,"Male","L- Lorries Van;N- Pickup","S- Driver's Negligence",2.00
2137,5209.00,"4- Demerara- Mahaica",393,"Kuru Kururu Public Rd.","Soesdyke-Linden Highway (Right Bank Demerara River-from Georgetown)","-58.2040","6.5273",,,10/22/2005 0:00:00,12/30/1899 16:45:00,"C- Minor Injury","F- Driver",28.00,"Male","J- Minibus;W-Pedal Cycle","U- Cyclist's Negligence",2.00
2138,5210.00,"4- Demerara- Mahaica",393,"Kuru Kururu Rd.","Soesdyke-Linden Highway (Right Bank Demerara River-from Georgetown)","-58.2040","6.5273",,,10/26/2005 0:00:00,12/30/1899 7:15:00,"C- Minor Injury","E- Pedestrian",19.00,"Female","J- Minibus","T-Pedestrian's Negligence",2.00
2139,5211.00,"4- Demerara- Mahaica",301,"Akizia Akoza",,"-58.2146","6.5049",,,11/20/2005 0:00:00,12/30/1899 17:00:00,"D- Property Damage","F- Driver",,"Male","K- Private Cars","S- Driver's Negligence",2.00
2140,5212.00,"4- Demerara- Mahaica",394,"Yarrowkabra Rd.","Soesdyke-Linden Highway (Right Bank Demerara River-from Georgetown)","-58.2529","6.0835",,,12/30/2005 0:00:00,12/30/1899 12:00:00,"D- Property Damage","F- Driver",51.00,"Male","K- Private Cars;N- Pickup","S- Driver's Negligence",2.00
2141,5213.00,"4- Demerara- Mahaica",385,"Swan Public Rd.","Soesdyke-Linden Highway (Right Bank Demerara River-from Georgetown)","-58.1878","6.7960",,,1/5/2006 0:00:00,12/30/1899 19:30:00,"B- Serious Injury","F- Driver",37.00,"Male","K- Private Cars","S- Driver's Negligence",2.00
2142,5214.00,"4- Demerara- Mahaica",394,"Yarrowkabra Linden Highway","Soesdyke-Linden Highway (Right Bank Demerara River-from Georgetown)","-58.2529","6.0835",,,2/12/2006 0:00:00,12/30/1899 22:30:00,"C- Minor Injury","F- Driver",45.00,"Male","K- Private Cars;L- Lorries Van","S- Driver's Negligence",2.00
2143,5215.00,"4- Demerara- Mahaica",393,"Kuru Kururu Public Rd.","Soesdyke-Linden Highway (Right Bank Demerara River-from Georgetown)","-58.2040","6.5273",,,3/1/2006 0:00:00,12/30/1899 19:10:00,"A- Fatal","F- Driver",65.00,"Male","K- Private Cars","S- Driver's Negligence",2.00