"ID","Accident ID","Region Number","Corridor ID","Location (Intersection/Road/Street)","Corridor","Location- longitude/ X","Location- latitude/  Y","Mile Marker","Village","Date of Accident","Time of Accident","Type of Accident","Class of Road User","Age/DOB","Gender","Class of Vehicles Involved","Contributing Factor","Number of Persons Involved"
2144,5216.00,"4- Demerara- Mahaica",387,"Madewini Public Rd.","East bank Demerara (from Georgetown)","-58.2492","6.5289",,,3/22/2006 0:00:00,12/30/1899 8:30:00,"C- Minor Injury","F- Driver",,"Male","N- Pickup","P- Speeding",2.00
2145,5217.00,"4- Demerara- Mahaica",385,"Swan Public Rd.","Soesdyke-Linden Highway (Right Bank Demerara River-from Georgetown)","-58.1878","6.7960",,,3/12/2006 0:00:00,12/30/1899 18:30:00,"C- Minor Injury","F- Driver",40.00,"Male","J- Minibus;K- Private Cars","S- Driver's Negligence",2.00
2146,5218.00,"4- Demerara- Mahaica",387,"Madewini Public Rd.","East bank Demerara (from Georgetown)","-58.2492","6.5289",,,4/17/2006 0:00:00,12/30/1899 18:45:00,"D- Property Damage","F- Driver",47.00,"Male","J- Minibus;N- Pickup","P- Speeding",2.00
2147,5219.00,"4- Demerara- Mahaica",394,"Yarrowkabra Glass Factory Rd.","Soesdyke-Linden Highway (Right Bank Demerara River-from Georgetown)","-58.2529","6.0835",,,4/18/2006 0:00:00,12/30/1899 9:15:00,"B- Serious Injury","F- Driver",43.00,"Male","J- Minibus","S- Driver's Negligence",2.00
2148,5220.00,"4- Demerara- Mahaica",393,"Kuru Kururu Public Rd.","Soesdyke-Linden Highway (Right Bank Demerara River-from Georgetown)","-58.2040","6.5273",,,4/29/2006 0:00:00,12/30/1899 20:10:00,"C- Minor Injury","F- Driver",,"Male","J- Minibus;K- Private Cars","S- Driver's Negligence",2.00
2149,5221.00,"4- Demerara- Mahaica",393,"Kuru Kururu Public Rd.","Soesdyke-Linden Highway (Right Bank Demerara River-from Georgetown)","-58.2040","6.5273",,,5/1/2006 0:00:00,12/30/1899 2:15:00,"B- Serious Injury","F- Driver",69.00,"Male","K- Private Cars;L- Lorries Van","S- Driver's Negligence",3.00
2150,5222.00,"4- Demerara- Mahaica",393,"Kuru Kururu Access Rd.","Soesdyke-Linden Highway (Right Bank Demerara River-from Georgetown)","-58.2040","6.5273",,,5/27/2006 0:00:00,12/30/1899 2:30:00,"B- Serious Injury","F- Driver",30.00,"Male","J- Minibus","P- Speeding",2.00
2151,5223.00,"4- Demerara- Mahaica",396,"Hauraruni Public Rd.","Soesdyke-Linden Highway (Right Bank Demerara River-from Georgetown)","-58.1850","6.7454",,,6/11/2006 0:00:00,,"C- Minor Injury","F- Driver",,"Male","L- Lorries Van;N- Pickup","S- Driver's Negligence",2.00
2152,5224.00,"4- Demerara- Mahaica",393,"Kuru Kururu Public Rd.","Soesdyke-Linden Highway (Right Bank Demerara River-from Georgetown)","-58.2040","6.5273",,,6/25/2006 0:00:00,12/30/1899 13:15:00,"C- Minor Injury","F- Driver",32.00,"Male","K- Private Cars;L- Lorries Van","P- Speeding",2.00
2153,5225.00,"4- Demerara- Mahaica",394,"Yarrowkabra Public Rd.","Soesdyke-Linden Highway (Right Bank Demerara River-from Georgetown)","-58.2529","6.0835",,,7/12/2006 0:00:00,12/30/1899 14:00:00,"C- Minor Injury","F- Driver",,"Male","J- Minibus;K- Private Cars","S- Driver's Negligence",2.00
2154,5226.00,"4- Demerara- Mahaica",393,"Kuru Kururu Public Rd.","Soesdyke-Linden Highway (Right Bank Demerara River-from Georgetown)","-58.2040","6.5273",,,7/17/2006 0:00:00,12/30/1899 19:15:00,"B- Serious Injury","F- Driver",43.00,"Male","J- Minibus","S- Driver's Negligence",2.00
2155,5227.00,"4- Demerara- Mahaica",394,"Yarrowkabra Public Rd.","Soesdyke-Linden Highway (Right Bank Demerara River-from Georgetown)","-58.2529","6.0835",,,8/5/2006 0:00:00,12/30/1899 21:15:00,"B- Serious Injury","F- Driver",39.00,"Male","J- Minibus","S- Driver's Negligence",2.00
2156,5228.00,"4- Demerara- Mahaica",393,"Kururara Public Rd.","Soesdyke-Linden Highway (Right Bank Demerara River-from Georgetown)","-58.2040","6.5273",,,8/11/2006 0:00:00,12/30/1899 10:30:00,"D- Property Damage","F- Driver",25.00,"Male","L- Lorries Van;N- Pickup","P- Speeding",2.00
2157,5229.00,"4- Demerara- Mahaica",385,"Swan Public Rd.","Soesdyke-Linden Highway (Right Bank Demerara River-from Georgetown)","-58.1878","6.7960",,,8/20/2006 0:00:00,12/30/1899 12:00:00,"D- Property Damage","F- Driver",46.00,"Female","K- Private Cars;N- Pickup","S- Driver's Negligence",2.00
2158,5230.00,"4- Demerara- Mahaica",393,"Kuru Kururu Public Rd.","Soesdyke-Linden Highway (Right Bank Demerara River-from Georgetown)","-58.2040","6.5273",,,8/24/2006 0:00:00,12/30/1899 7:30:00,"C- Minor Injury","F- Driver",26.00,"Male","K- Private Cars","S- Driver's Negligence",10.00
2159,5231.00,"4- Demerara- Mahaica",393,"Kuru Kururu Public Rd.","Soesdyke-Linden Highway (Right Bank Demerara River-from Georgetown)","-58.2040","6.5273",,,8/23/2006 0:00:00,12/30/1899 17:45:00,"D- Property Damage","F- Driver",40.00,"Male","K- Private Cars","S- Driver's Negligence",2.00
2160,5232.00,"4- Demerara- Mahaica",396,"Hallfort Public Rd.","Soesdyke-Linden Highway (Right Bank Demerara River-from Georgetown)","-58.2790","6.0134",,,9/10/2006 0:00:00,12/30/1899 17:30:00,"D- Property Damage","F- Driver",30.00,"Male","M- Hire Cars;N- Pickup","S- Driver's Negligence",2.00
2161,5233.00,"4- Demerara- Mahaica",385,"Swan Public Rd.","Soesdyke-Linden Highway (Right Bank Demerara River-from Georgetown)","-58.1878","6.7960",,,9/17/2006 0:00:00,12/30/1899 15:00:00,"D- Property Damage","F- Driver",40.00,"Male","L- Lorries Van","P- Speeding",1.00
2162,5234.00,"4- Demerara- Mahaica",385,"Long Creek Public Rd.","Soesdyke-Linden Highway (Right Bank Demerara River-from Georgetown)","-58.2337","6.1320",,,9/21/2006 0:00:00,12/30/1899 14:20:00,"D- Property Damage","F- Driver",,"Male","K- Private Cars","P- Speeding",1.00
2163,5235.00,"4- Demerara- Mahaica",393,"Kuru Kururu Village Rd.","Soesdyke-Linden Highway (Right Bank Demerara River-from Georgetown)","-58.2040","6.5273",,,9/21/2006 0:00:00,12/30/1899 12:30:00,"C- Minor Injury","F- Driver",24.00,"Male","M- Hire Cars","S- Driver's Negligence",2.00
2164,5236.00,"4- Demerara- Mahaica",385,"Long Creek Public Rd.","Soesdyke-Linden Highway (Right Bank Demerara River-from Georgetown)","-58.2337","6.1320",,,10/24/2006 0:00:00,12/30/1899 12:30:00,"C- Minor Injury","F- Driver",34.00,"Male","L- Lorries Van;N- Pickup","S- Driver's Negligence",2.00
2165,5237.00,"4- Demerara- Mahaica",385,"Swan Public Rd.","Soesdyke-Linden Highway (Right Bank Demerara River-from Georgetown)","-58.1878","6.7960",,,12/4/2006 0:00:00,12/30/1899 16:30:00,"B- Serious Injury","F- Driver",47.00,"Male","N- Pickup","P- Speeding",2.00
2166,5238.00,"4- Demerara- Mahaica",385,"Long Creek Public Rd.","Soesdyke-Linden Highway (Right Bank Demerara River-from Georgetown)","-58.2337","6.1320",,,12/27/2006 0:00:00,12/30/1899 17:00:00,"D- Property Damage","F- Driver",39.00,"Male","K- Private Cars","P- Speeding",1.00
2167,5239.00,"4- Demerara- Mahaica",385,"Swan Public Rd.","Soesdyke-Linden Highway (Right Bank Demerara River-from Georgetown)","-58.1878","6.7960",,,2/3/2007 0:00:00,12/30/1899 21:30:00,"B- Serious Injury","F- Driver",45.00,"Male","K- Private Cars;V-Motor Cycle","S- Driver's Negligence",2.00
2168,5240.00,"4- Demerara- Mahaica",385,"Long Creek Linden Highway","Soesdyke-Linden Highway (Right Bank Demerara River-from Georgetown)","-58.2337","6.1320",,,4/19/2007 0:00:00,12/30/1899 19:30:00,"D- Property Damage","F- Driver",45.00,"Male","L- Lorries Van;N- Pickup","S- Driver's Negligence",2.00
2169,5241.00,"4- Demerara- Mahaica",394,"Yarrowkabra Public Rd.","Soesdyke-Linden Highway (Right Bank Demerara River-from Georgetown)","-58.2529","6.0835",,,5/4/2007 0:00:00,12/30/1899 19:15:00,"A- Fatal","F- Driver",28.00,"Male","L- Lorries Van;N- Pickup","P- Speeding",4.00
2170,5242.00,"4- Demerara- Mahaica",394,"Yarrowkabra Public Rd.","Soesdyke-Linden Highway (Right Bank Demerara River-from Georgetown)","-58.2529","6.0835",,,5/22/2007 0:00:00,12/30/1899 18:45:00,"A- Fatal","F- Driver",50.00,"Male","J- Minibus;L- Lorries Van","P- Speeding",2.00
2171,5243.00,"4- Demerara- Mahaica",394,"Yarrowkabra Public Rd.","Soesdyke-Linden Highway (Right Bank Demerara River-from Georgetown)","-58.2529","6.0835",,,6/17/2007 0:00:00,12/30/1899 16:45:00,"A- Fatal","F- Driver",23.00,"Male","N- Pickup;V-Motor Cycle","P- Speeding",2.00
2172,5244.00,"4- Demerara- Mahaica",394,"Yarrowkabra Public Rd.","Soesdyke-Linden Highway (Right Bank Demerara River-from Georgetown)","-58.2529","6.0835",,,6/23/2007 0:00:00,12/30/1899 10:40:00,"C- Minor Injury","F- Driver",57.00,"Male","L- Lorries Van;X-Tractor","S- Driver's Negligence",3.00
2173,5245.00,"4- Demerara- Mahaica",387,"Madewini Public Rd.","East bank Demerara (from Georgetown)","-58.2492","6.5289",,,7/25/2007 0:00:00,12/30/1899 13:45:00,"C- Minor Injury","F- Driver",24.00,"Male","K- Private Cars;L- Lorries Van","S- Driver's Negligence",2.00
2174,5246.00,"4- Demerara- Mahaica",393,"Kuru Kururu","Soesdyke-Linden Highway (Right Bank Demerara River-from Georgetown)","-58.2040","6.5273",,,7/27/2007 0:00:00,12/30/1899 17:15:00,"C- Minor Injury","G- Rider",9.00,"Male","J- Minibus;W-Pedal Cycle","U- Cyclist's Negligence",2.00
2175,5247.00,"4- Demerara- Mahaica",387,"Madewini Public Rd.","East bank Demerara (from Georgetown)","-58.2492","6.5289",,,8/17/2007 0:00:00,12/30/1899 17:40:00,"D- Property Damage","F- Driver",23.00,"Male","M- Hire Cars","S- Driver's Negligence",2.00
2176,5248.00,"4- Demerara- Mahaica",387,"Madewini Sand Hegers Rd. Linden Highway","East bank Demerara (from Georgetown)","-58.2492","6.5289",,,8/12/2007 0:00:00,12/30/1899 23:30:00,"C- Minor Injury","F- Driver",28.00,"Male","K- Private Cars","P- Speeding",3.00
2177,5249.00,"4- Demerara- Mahaica",385,"Soesdyke Linden Highway","Soesdyke-Linden Highway (Right Bank Demerara River-from Georgetown)","-58.2123","6.5003",,,8/12/2007 0:00:00,12/30/1899 23:30:00,"D- Property Damage","F- Driver",28.00,"Male","K- Private Cars","P- Speeding",2.00
2178,5250.00,"4- Demerara- Mahaica",294,"Wirekabra Soesdyke",,"-58.2123","6.5003",,,8/28/2007 0:00:00,12/30/1899 9:00:00,"A- Fatal","E- Pedestrian",11.00,"Female","J- Minibus","T-Pedestrian's Negligence",2.00
2179,5251.00,"4- Demerara- Mahaica",394,"Yarrowkabra Public Rd.","Soesdyke-Linden Highway (Right Bank Demerara River-from Georgetown)","-58.2529","6.0835",,,8/29/2007 0:00:00,12/30/1899 3:30:00,"D- Property Damage","F- Driver",23.00,"Male","K- Private Cars;L- Lorries Van","P- Speeding",2.00
2180,5252.00,"4- Demerara- Mahaica",385,"Long Creek Linden Highway","Soesdyke-Linden Highway (Right Bank Demerara River-from Georgetown)","-58.2337","6.1320",,,11/29/2007 0:00:00,12/30/1899 17:00:00,"D- Property Damage","F- Driver",34.00,"Male","K- Private Cars","O- Lost Control & Runoff",1.00
2181,5253.00,"4- Demerara- Mahaica",394,"Yarrowkabra Public Rd.","Soesdyke-Linden Highway (Right Bank Demerara River-from Georgetown)","-58.2529","6.0835",,,12/19/2007 0:00:00,12/30/1899 23:30:00,"B- Serious Injury","F- Driver",34.00,"Male","K- Private Cars","S- Driver's Negligence",2.00
2182,5254.00,"4- Demerara- Mahaica",385,"Maruruni Soesdyke","Soesdyke-Linden Highway (Right Bank Demerara River-from Georgetown)","-58.2394","6.3383",,,1/3/2008 0:00:00,12/30/1899 10:30:00,"B- Serious Injury","F- Driver",47.00,"Male","L- Lorries Van","S- Driver's Negligence",1.00
2183,5255.00,"4- Demerara- Mahaica",385,"Soesdyke Linden Highway","Soesdyke-Linden Highway (Right Bank Demerara River-from Georgetown)","-58.2123","6.5003",,,2/6/2008 0:00:00,12/30/1899 19:00:00,"D- Property Damage","F- Driver",19.00,"Male","K- Private Cars","S- Driver's Negligence",2.00
2184,5256.00,"4- Demerara- Mahaica",394,"Yarrowkabra Public Rd.","Soesdyke-Linden Highway (Right Bank Demerara River-from Georgetown)","-58.2529","6.0835",,,3/6/2008 0:00:00,12/30/1899 15:00:00,"C- Minor Injury","F- Driver",,"Male","K- Private Cars;N- Pickup","P- Speeding",2.00
2185,5257.00,"4- Demerara- Mahaica",394,"Yarrowkabra Public Rd.","Soesdyke-Linden Highway (Right Bank Demerara River-from Georgetown)","-58.2529","6.0835",,,3/20/2008 0:00:00,12/30/1899 13:30:00,"D- Property Damage","F- Driver",21.00,"Male","K- Private Cars;L- Lorries Van","S- Driver's Negligence",2.00
2186,5258.00,"4- Demerara- Mahaica",393,"Kuru Kururu","Soesdyke-Linden Highway (Right Bank Demerara River-from Georgetown)","-58.2040","6.5273",,,4/18/2008 0:00:00,12/30/1899 16:45:00,"B- Serious Injury","E- Pedestrian",5.00,"Male","J- Minibus","T-Pedestrian's Negligence",2.00
2187,5259.00,"4- Demerara- Mahaica",385,"Soesdyke Linden Highway","Soesdyke-Linden Highway (Right Bank Demerara River-from Georgetown)","-58.2123","6.5003",,,4/20/2008 0:00:00,12/30/1899 18:20:00,"B- Serious Injury","G- Rider",25.00,"Male","V-Motor Cycle","P- Speeding",2.00
2188,5260.00,"4- Demerara- Mahaica",394,"Yarrowkabra Public Rd.","Soesdyke-Linden Highway (Right Bank Demerara River-from Georgetown)","-58.2529","6.0835",,,5/5/2008 0:00:00,12/30/1899 16:00:00,"A- Fatal","F- Driver",25.00,"Male","M- Hire Cars","P- Speeding",4.00
2189,5261.00,"4- Demerara- Mahaica",385,"Long Creek Public Rd.","Soesdyke-Linden Highway (Right Bank Demerara River-from Georgetown)","-58.2337","6.1320",,,5/10/2008 0:00:00,12/30/1899 12:15:00,"C- Minor Injury","F- Driver",26.00,"Male","K- Private Cars","P- Speeding",3.00
2190,5262.00,"4- Demerara- Mahaica",385,"Soesdyke Linden Highway","Soesdyke-Linden Highway (Right Bank Demerara River-from Georgetown)","-58.2353","6.5458",,,8/14/2008 0:00:00,12/30/1899 18:45:00,"A- Fatal","F- Driver",,"Male","K- Private Cars;W-Pedal Cycle","P- Speeding",2.00
2191,5263.00,"4- Demerara- Mahaica",301,"Kura Kumani Public Rd.",,"-58.2040","6.5273",,,8/22/2008 0:00:00,,"D- Property Damage","F- Driver",,"Male","K- Private Cars;N- Pickup","P- Speeding",2.00
2192,5264.00,"4- Demerara- Mahaica",301,"Idarnumi Linden Highway",,"-58.2790","6.0134",,,10/15/2008 0:00:00,12/30/1899 22:50:00,"B- Serious Injury","F- Driver",36.00,"Male","L- Lorries Van","P- Speeding",2.00
2193,5265.00,"4- Demerara- Mahaica",385,"Soesdyke Linden Highway","Soesdyke-Linden Highway (Right Bank Demerara River-from Georgetown)","-58.2123","6.5003",,,11/2/2008 0:00:00,12/30/1899 19:00:00,"D- Property Damage","F- Driver",32.00,"Male","K- Private Cars","P- Speeding",2.00
2194,5266.00,"4- Demerara- Mahaica",385,"Soesdyke Linden Highway","Soesdyke-Linden Highway (Right Bank Demerara River-from Georgetown)","-58.2123","6.5003",,,11/2/2008 0:00:00,,"C- Minor Injury","F- Driver",39.00,"Male","K- Private Cars;N- Pickup","R- Improper Overtaking",2.00
2195,5267.00,"4- Demerara- Mahaica",387,"Madewini Public Rd.","East bank Demerara (from Georgetown)","-58.2492","6.5289",,,12/27/2008 0:00:00,12/30/1899 20:00:00,"A- Fatal","F- Driver",49.00,"Male","N- Pickup","S- Driver's Negligence",2.00
2196,5268.00,"4- Demerara- Mahaica",385,"Soesdyke Linden Highway","Soesdyke-Linden Highway (Right Bank Demerara River-from Georgetown)","-58.2123","6.5003",,,12/18/2008 0:00:00,12/30/1899 8:45:00,"B- Serious Injury","F- Driver",57.00,"Male","L- Lorries Van","O- Lost Control & Runoff",1.00
2197,5269.00,"4- Demerara- Mahaica",394,"Yarrowkabra Public Rd.","Soesdyke-Linden Highway (Right Bank Demerara River-from Georgetown)","-58.2529","6.0835",,,12/23/2008 0:00:00,12/30/1899 19:00:00,"C- Minor Injury","F- Driver",37.00,"Male","K- Private Cars;L- Lorries Van;N- Pickup","P- Speeding",3.00
2198,5270.00,"4- Demerara- Mahaica",394,"Yarrowkabra Public Rd.","Soesdyke-Linden Highway (Right Bank Demerara River-from Georgetown)","-58.2529","6.0835",,,1/6/2009 0:00:00,12/30/1899 8:10:00,"D- Property Damage","F- Driver",32.00,"Male","K- Private Cars;L- Lorries Van","P- Speeding",2.00
2199,5271.00,"4- Demerara- Mahaica",393,"Kuru Kururu","Soesdyke-Linden Highway (Right Bank Demerara River-from Georgetown)","-58.2040","6.5273",,,1/11/2009 0:00:00,12/30/1899 14:00:00,"B- Serious Injury","E- Pedestrian",5.00,"Male","N- Pickup","T-Pedestrian's Negligence",2.00
2200,5272.00,"4- Demerara- Mahaica",393,"Kuru Kururu Public Rd.","Soesdyke-Linden Highway (Right Bank Demerara River-from Georgetown)","-58.2040","6.5273",,,2/14/2009 0:00:00,12/30/1899 17:55:00,"D- Property Damage","F- Driver",26.00,"Male","M- Hire Cars;N- Pickup","P- Speeding",2.00
2201,5273.00,"4- Demerara- Mahaica",393,"Kuru Kururu Public Rd.","Soesdyke-Linden Highway (Right Bank Demerara River-from Georgetown)","-58.2040","6.5273",,,2/25/2009 0:00:00,12/30/1899 9:00:00,"D- Property Damage","F- Driver",35.00,"Male","K- Private Cars","O- Lost Control & Runoff",1.00
2202,5274.00,"4- Demerara- Mahaica",394,"Wirekabra Soesdyke","Soesdyke-Linden Highway (Right Bank Demerara River-from Georgetown)","-58.2123","6.5003",,,4/11/2009 0:00:00,12/30/1899 1:30:00,"D- Property Damage","F- Driver",32.00,"Male","K- Private Cars","P- Speeding",1.00
2203,5275.00,"4- Demerara- Mahaica",393,"Kuru Kururu Public Rd.","Soesdyke-Linden Highway (Right Bank Demerara River-from Georgetown)","-58.2040","6.5273",,,4/14/2009 0:00:00,12/30/1899 4:10:00,"A- Fatal","F- Driver",42.00,"Male","L- Lorries Van","P- Speeding",2.00
2204,5276.00,"4- Demerara- Mahaica",394,"Yarrowkabra Highway","Soesdyke-Linden Highway (Right Bank Demerara River-from Georgetown)","-58.2529","6.0835",,,5/7/2009 0:00:00,12/30/1899 19:30:00,"D- Property Damage","F- Driver",30.00,"Male","K- Private Cars","P- Speeding",1.00
2205,5277.00,"4- Demerara- Mahaica",393,"Kuru Kururu","Soesdyke-Linden Highway (Right Bank Demerara River-from Georgetown)","-58.2040","6.5273",,,5/20/2009 0:00:00,12/30/1899 15:45:00,"D- Property Damage","F- Driver",48.00,"Male","J- Minibus;L- Lorries Van","S- Driver's Negligence",2.00
2206,5278.00,"4- Demerara- Mahaica",385,"Long Creek Public Rd.","Soesdyke-Linden Highway (Right Bank Demerara River-from Georgetown)","-58.2337","6.1320",,,7/9/2009 0:00:00,12/30/1899 7:30:00,"A- Fatal","F- Driver",42.00,"Male","M- Hire Cars","S- Driver's Negligence",2.00
2207,5279.00,"4- Demerara- Mahaica",393,"Kuru Kururu Linden Highway","Soesdyke-Linden Highway (Right Bank Demerara River-from Georgetown)","-58.2040","6.5273",,,7/11/2009 0:00:00,12/30/1899 0:30:00,"D- Property Damage","F- Driver",39.00,"Male","N- Pickup","P- Speeding",1.00
2208,5280.00,"4- Demerara- Mahaica",393,"Kuru Kururu Public Rd.","Soesdyke-Linden Highway (Right Bank Demerara River-from Georgetown)","-58.2040","6.5273",,,8/2/2009 0:00:00,12/30/1899 16:30:00,"C- Minor Injury","F- Driver",23.00,"Female","K- Private Cars","P- Speeding",2.00
2209,5281.00,"4- Demerara- Mahaica",394,"Yarrowkabra Public Rd.","Soesdyke-Linden Highway (Right Bank Demerara River-from Georgetown)","-58.2529","6.0835",,,8/3/2009 0:00:00,12/30/1899 17:15:00,"D- Property Damage","F- Driver",49.00,"Male","K- Private Cars;N- Pickup","S- Driver's Negligence",2.00
2210,5282.00,"4- Demerara- Mahaica",393,"Kuru Kururu Public Rd.","Soesdyke-Linden Highway (Right Bank Demerara River-from Georgetown)","-58.2040","6.5273",,,8/21/2009 0:00:00,12/30/1899 22:10:00,"B- Serious Injury","F- Driver",38.00,"Male","L- Lorries Van","P- Speeding",1.00
2211,5283.00,"4- Demerara- Mahaica",394,"Yarrowkabra Public Rd.","Soesdyke-Linden Highway (Right Bank Demerara River-from Georgetown)","-58.2529","6.0835",,,8/31/2009 0:00:00,12/30/1899 0:01:00,"D- Property Damage","F- Driver",32.00,"Male","K- Private Cars;M- Hire Cars","P- Speeding",1.00
2212,5284.00,"4- Demerara- Mahaica",397,"Dora Public Rd.","Soesdyke-Linden Highway (Right Bank Demerara River-from Georgetown)","-58.2176","6.2720",,,9/24/2009 0:00:00,12/30/1899 5:00:00,"C- Minor Injury","F- Driver",43.00,"Male","L- Lorries Van;M- Hire Cars","S- Driver's Negligence",2.00
2213,5285.00,"4- Demerara- Mahaica",393,"Kuru Kururu","Soesdyke-Linden Highway (Right Bank Demerara River-from Georgetown)","-58.2040","6.5273",,,9/28/2009 0:00:00,12/30/1899 8:00:00,"C- Minor Injury","F- Driver",,"Male","L- Lorries Van","P- Speeding",2.00
2214,5286.00,"4- Demerara- Mahaica",393,"Kuru Kururu Public Rd.","Soesdyke-Linden Highway (Right Bank Demerara River-from Georgetown)","-58.2040","6.5273",,,11/6/2009 0:00:00,,"D- Property Damage","F- Driver",35.00,"Male","J- Minibus;L- Lorries Van","R- Improper Overtaking",2.00
2215,5287.00,"4- Demerara- Mahaica",385,"Long Creek Public Rd.","Soesdyke-Linden Highway (Right Bank Demerara River-from Georgetown)","-58.2337","6.1320",,,11/8/2009 0:00:00,12/30/1899 16:15:00,"C- Minor Injury","F- Driver",21.00,"Male","N- Pickup","O- Lost Control & Runoff",2.00
2216,5288.00,"4- Demerara- Mahaica",387,"Madewini Public Rd.","East bank Demerara (from Georgetown)","-58.2492","6.5289",,,11/8/2009 0:00:00,12/30/1899 17:30:00,"D- Property Damage","F- Driver",23.00,"Female","J- Minibus;K- Private Cars","S- Driver's Negligence",2.00
2217,5289.00,"4- Demerara- Mahaica",394,"Yarrowkabra Public Rd.","Soesdyke-Linden Highway (Right Bank Demerara River-from Georgetown)","-58.2529","6.0835",,,11/26/2009 0:00:00,12/30/1899 7:30:00,"D- Property Damage","F- Driver",,"Male","J- Minibus;K- Private Cars","P- Speeding",2.00
2218,5290.00,"4- Demerara- Mahaica",385,"Long Creek Public Rd.","Soesdyke-Linden Highway (Right Bank Demerara River-from Georgetown)","-58.2337","6.1320",,,12/14/2009 0:00:00,12/30/1899 17:00:00,"B- Serious Injury","F- Driver",33.00,"Male","J- Minibus","P- Speeding",1.00
2219,5291.00,"4- Demerara- Mahaica",393,"Kuru Kururu Public Rd.","Soesdyke-Linden Highway (Right Bank Demerara River-from Georgetown)","-58.2040","6.5273",,,12/20/2009 0:00:00,12/30/1899 9:30:00,"D- Property Damage","F- Driver",,"Male","K- Private Cars","S- Driver's Negligence",2.00
2220,5292.00,"4- Demerara- Mahaica",387,"Madewini Linden Highway","East bank Demerara (from Georgetown)","-58.2492","6.5289",,,12/20/2009 0:00:00,12/30/1899 14:30:00,"D- Property Damage","F- Driver",,"Male","K- Private Cars;L- Lorries Van","S- Driver's Negligence",2.00
2221,5293.00,"4- Demerara- Mahaica",393,"Kuru Kururu","Soesdyke-Linden Highway (Right Bank Demerara River-from Georgetown)","-58.2040","6.5273",,,12/27/2009 0:00:00,12/30/1899 12:30:00,"D- Property Damage","F- Driver",,"Male","K- Private Cars","P- Speeding",2.00
2222,5294.00,"4- Demerara- Mahaica",393,"Kuru Kururu Linden Highway","Soesdyke-Linden Highway (Right Bank Demerara River-from Georgetown)","-58.2040","6.5273",,,2/4/2010 0:00:00,12/30/1899 17:30:00,"C- Minor Injury","F- Driver",,"Male","L- Lorries Van","S- Driver's Negligence",2.00
2223,5295.00,"4- Demerara- Mahaica",393,"Kuru Kururu Linden Highway","Soesdyke-Linden Highway (Right Bank Demerara River-from Georgetown)","-58.2040","6.5273",,,2/7/2010 0:00:00,12/30/1899 21:00:00,"C- Minor Injury","F- Driver",,"Male","K- Private Cars;N- Pickup","P- Speeding",2.00
2224,5296.00,"4- Demerara- Mahaica",394,"Yarrowkabra Public Rd.","Soesdyke-Linden Highway (Right Bank Demerara River-from Georgetown)","-58.2529","6.0835",,,2/11/2010 0:00:00,12/30/1899 14:45:00,"A- Fatal","F- Driver",,"Male","K- Private Cars;N- Pickup","S- Driver's Negligence",2.00
2225,5297.00,"4- Demerara- Mahaica",396,"Hauraruni Public Rd.","Soesdyke-Linden Highway (Right Bank Demerara River-from Georgetown)","-58.1850","6.7454",,,2/14/2010 0:00:00,12/30/1899 19:00:00,"C- Minor Injury","F- Driver",39.00,"Male","K- Private Cars;M- Hire Cars","S- Driver's Negligence",2.00
2226,5298.00,"4- Demerara- Mahaica",385,"Swaan Tuni Kuru Kuru","Soesdyke-Linden Highway (Right Bank Demerara River-from Georgetown)","-58.2123","6.5003",,,4/11/2010 0:00:00,12/30/1899 23:00:00,"D- Property Damage","F- Driver",,"Male","L- Lorries Van","P- Speeding",1.00
2227,5299.00,"4- Demerara- Mahaica",393,"Kuru Kururu Public Rd.","Soesdyke-Linden Highway (Right Bank Demerara River-from Georgetown)","-58.2040","6.5273",,,4/11/2010 0:00:00,12/30/1899 19:15:00,"A- Fatal","F- Driver",49.00,"Male","N- Pickup","P- Speeding",2.00
2228,5300.00,"4- Demerara- Mahaica",385,"Long Creek Public Rd.","Soesdyke-Linden Highway (Right Bank Demerara River-from Georgetown)","-58.2337","6.1320",,,4/16/2010 0:00:00,12/30/1899 12:38:00,"D- Property Damage","F- Driver",,"Male","J- Minibus","S- Driver's Negligence",1.00
2229,5301.00,"4- Demerara- Mahaica",394,"Yarrowkabra Public Rd.","Soesdyke-Linden Highway (Right Bank Demerara River-from Georgetown)","-58.2529","6.0835",,,4/25/2010 0:00:00,12/30/1899 10:10:00,"B- Serious Injury","F- Driver",,"Male","N- Pickup","S- Driver's Negligence",2.00
2230,5302.00,"4- Demerara- Mahaica",385,"Long Creek Public Rd.","Soesdyke-Linden Highway (Right Bank Demerara River-from Georgetown)","-58.2337","6.1320",,,5/1/2010 0:00:00,12/30/1899 19:00:00,"A- Fatal","F- Driver",32.00,"Male","K- Private Cars","S- Driver's Negligence",2.00
2231,5303.00,"4- Demerara- Mahaica",394,"Wirekabra Soesdyke","Soesdyke-Linden Highway (Right Bank Demerara River-from Georgetown)","-58.2123","6.5003",,,5/25/2010 0:00:00,12/30/1899 15:30:00,"D- Property Damage","F- Driver",,"Male","K- Private Cars","S- Driver's Negligence",2.00