"ID","Accident ID","Region Number","Corridor ID","Location (Intersection/Road/Street)","Corridor","Location- longitude/ X","Location- latitude/  Y","Mile Marker","Village","Date of Accident","Time of Accident","Type of Accident","Class of Road User","Age/DOB","Gender","Class of Vehicles Involved","Contributing Factor","Number of Persons Involved"
2232,5304.00,"4- Demerara- Mahaica",393,"Kuru Kururu","Soesdyke-Linden Highway (Right Bank Demerara River-from Georgetown)","-58.2040","6.5273",,,5/24/2010 0:00:00,,"C- Minor Injury","F- Driver",,"Male","L- Lorries Van;V-Motor Cycle","P- Speeding",2.00
2233,5305.00,"4- Demerara- Mahaica",393,"Kuru Kururu","Soesdyke-Linden Highway (Right Bank Demerara River-from Georgetown)","-58.2040","6.5273",,,7/6/2010 0:00:00,12/30/1899 18:15:00,"C- Minor Injury","E- Pedestrian",60.00,"Female","V-Motor Cycle","T-Pedestrian's Negligence",2.00
2234,5306.00,"4- Demerara- Mahaica",396,"Huramaini Public Rd.","Soesdyke-Linden Highway (Right Bank Demerara River-from Georgetown)","-58.2486","6.0505",,,7/15/2010 0:00:00,12/30/1899 6:41:00,"D- Property Damage","F- Driver",39.00,"Male","K- Private Cars","P- Speeding",1.00
2235,5307.00,"4- Demerara- Mahaica",393,"Kuru Kururu","Soesdyke-Linden Highway (Right Bank Demerara River-from Georgetown)","-58.2040","6.5273",,,7/15/2010 0:00:00,12/30/1899 7:10:00,"D- Property Damage","F- Driver",21.00,"Male","K- Private Cars;L- Lorries Van","P- Speeding",2.00
2236,5308.00,"4- Demerara- Mahaica",393,"Kuru Kururu","Soesdyke-Linden Highway (Right Bank Demerara River-from Georgetown)","-58.2040","6.5273",,,7/24/2010 0:00:00,12/30/1899 12:00:00,"D- Property Damage","F- Driver",,"Female","L- Lorries Van","P- Speeding",1.00
2237,5309.00,"4- Demerara- Mahaica",393,"Kuru Kururu","Soesdyke-Linden Highway (Right Bank Demerara River-from Georgetown)","-58.2040","6.5273",,,8/2/2010 0:00:00,12/30/1899 15:10:00,"D- Property Damage","F- Driver",26.00,"Male","K- Private Cars","P- Speeding",1.00
2238,5310.00,"4- Demerara- Mahaica",393,"Kuru Kururu","Soesdyke-Linden Highway (Right Bank Demerara River-from Georgetown)","-58.2040","6.5273",,,8/4/2010 0:00:00,12/30/1899 15:15:00,"D- Property Damage","F- Driver",40.00,"Male","J- Minibus;K- Private Cars","S- Driver's Negligence",2.00
2239,5311.00,"4- Demerara- Mahaica",394,"Yarrowkabra Public Rd.","Soesdyke-Linden Highway (Right Bank Demerara River-from Georgetown)","-58.2529","6.0835",,,8/11/2010 0:00:00,12/30/1899 10:20:00,"D- Property Damage","F- Driver",65.00,"Male","L- Lorries Van;M- Hire Cars","S- Driver's Negligence",2.00
2240,5312.00,"4- Demerara- Mahaica",385,"Marudi Public Highway.","Soesdyke-Linden Highway (Right Bank Demerara River-from Georgetown)","-58.2096","6.5051",,,8/22/2010 0:00:00,12/30/1899 16:40:00,"D- Property Damage","F- Driver",,"Male","J- Minibus;K- Private Cars","S- Driver's Negligence",2.00
2241,5313.00,"4- Demerara- Mahaica",393,"Kuru Kururu","Soesdyke-Linden Highway (Right Bank Demerara River-from Georgetown)","-58.2040","6.5273",,,8/25/2010 0:00:00,12/30/1899 20:25:00,"B- Serious Injury","F- Driver",,"Male","L- Lorries Van","S- Driver's Negligence",3.00
2242,5314.00,"4- Demerara- Mahaica",396,"Hanini Public Rd.","Soesdyke-Linden Highway (Right Bank Demerara River-from Georgetown)","-58.2486","6.0505",,,9/22/2010 0:00:00,12/30/1899 12:00:00,"B- Serious Injury","F- Driver",42.00,"Female","J- Minibus","P- Speeding",2.00
2243,5315.00,"4- Demerara- Mahaica",385,"Long Creek Linden Highway","Soesdyke-Linden Highway (Right Bank Demerara River-from Georgetown)","-58.2337","6.1320",,,9/30/2010 0:00:00,12/30/1899 16:20:00,"D- Property Damage","F- Driver",,"Male","K- Private Cars","S- Driver's Negligence",2.00
2244,5316.00,"4- Demerara- Mahaica",393,"Kuru Kururu","Soesdyke-Linden Highway (Right Bank Demerara River-from Georgetown)","-58.2040","6.5273",,,11/13/2010 0:00:00,12/30/1899 10:00:00,"D- Property Damage","F- Driver",35.00,"Male","K- Private Cars;N- Pickup","S- Driver's Negligence",2.00
2245,5317.00,"4- Demerara- Mahaica",394,"Yarrowkabra Public Rd.","Soesdyke-Linden Highway (Right Bank Demerara River-from Georgetown)","-58.2529","6.0835",,,12/24/2010 0:00:00,12/30/1899 8:10:00,"C- Minor Injury","F- Driver",,"Male","K- Private Cars;N- Pickup","S- Driver's Negligence",2.00
2246,5318.00,"4- Demerara- Mahaica",394,"Yarrowkabra Public Rd.","Soesdyke-Linden Highway (Right Bank Demerara River-from Georgetown)","-58.2529","6.0835",,,12/5/2010 0:00:00,12/30/1899 19:30:00,"D- Property Damage","F- Driver",35.00,"Male","K- Private Cars","S- Driver's Negligence",2.00
2247,5319.00,"4- Demerara- Mahaica",393,"Kuru Kururu Public Rd.","Soesdyke-Linden Highway (Right Bank Demerara River-from Georgetown)","-58.2040","6.5273",,,1/4/2011 0:00:00,12/30/1899 23:15:00,"A- Fatal","F- Driver",41.00,"Female","K- Private Cars","P- Speeding",2.00
2248,5320.00,"4- Demerara- Mahaica",385,"Long Creek Public Rd.","Soesdyke-Linden Highway (Right Bank Demerara River-from Georgetown)","-58.2337","6.1320",,,1/23/2011 0:00:00,12/30/1899 20:30:00,"A- Fatal","F- Driver",34.00,"Male","K- Private Cars","S- Driver's Negligence",2.00
2249,5321.00,"4- Demerara- Mahaica",387,"Madewini Public Rd.","East bank Demerara (from Georgetown)","-58.2492","6.5289",,,2/19/2011 0:00:00,12/30/1899 21:10:00,"C- Minor Injury","F- Driver",35.00,"Male","K- Private Cars","S- Driver's Negligence",2.00
2250,5322.00,"4- Demerara- Mahaica",385,"Soesdyke Linden Highway","Soesdyke-Linden Highway (Right Bank Demerara River-from Georgetown)","-58.2123","6.5003",,,3/20/2011 0:00:00,12/30/1899 23:15:00,"D- Property Damage","F- Driver",45.00,"Male","K- Private Cars","S- Driver's Negligence",2.00
2251,5323.00,"4- Demerara- Mahaica",396,"Hauraruni Public Rd.","Soesdyke-Linden Highway (Right Bank Demerara River-from Georgetown)","-58.1850","6.7454",,,4/19/2011 0:00:00,12/30/1899 9:10:00,"A- Fatal","F- Driver",55.00,"Male","N- Pickup","P- Speeding",2.00
2252,5324.00,"4- Demerara- Mahaica",387,"Madewini Public Rd.","East bank Demerara (from Georgetown)","-58.2492","6.5289",,,4/25/2011 0:00:00,12/30/1899 19:05:00,"B- Serious Injury","E- Pedestrian",30.00,"Female","K- Private Cars","T-Pedestrian's Negligence",2.00
2253,5325.00,"4- Demerara- Mahaica",385,"Marudi Public Rd.","Soesdyke-Linden Highway (Right Bank Demerara River-from Georgetown)","-58.2096","6.5051",,,5/1/2011 0:00:00,12/30/1899 5:45:00,"B- Serious Injury","F- Driver",22.00,"Male","K- Private Cars","P- Speeding",2.00
2254,5326.00,"4- Demerara- Mahaica",385,"Soesdyke Linden Highway","Soesdyke-Linden Highway (Right Bank Demerara River-from Georgetown)","-58.2123","6.5003",,,5/1/2011 0:00:00,12/30/1899 21:20:00,"C- Minor Injury","F- Driver",29.00,"Male","K- Private Cars","S- Driver's Negligence",4.00
2255,5327.00,"4- Demerara- Mahaica",394,"Yarrowkabra Public Rd.","Soesdyke-Linden Highway (Right Bank Demerara River-from Georgetown)","-58.2529","6.0835",,,5/2/2011 0:00:00,12/30/1899 9:45:00,"D- Property Damage","F- Driver",37.00,"Male","J- Minibus;K- Private Cars;M- Hire Cars;N- Pickup","P- Speeding",4.00
2256,5328.00,"4- Demerara- Mahaica",385,"Soesdyke Linden Highway","Soesdyke-Linden Highway (Right Bank Demerara River-from Georgetown)","-58.2123","6.5003",,,6/2/2011 0:00:00,,"A- Fatal","G- Rider",23.00,"Male","K- Private Cars;W-Pedal Cycle","U- Cyclist's Negligence",2.00
2257,5329.00,"4- Demerara- Mahaica",394,"Yarrowkabra Public Rd.","Soesdyke-Linden Highway (Right Bank Demerara River-from Georgetown)","-58.2529","6.0835",,,6/7/2011 0:00:00,12/30/1899 9:55:00,"D- Property Damage","F- Driver",30.00,"Male","J- Minibus;K- Private Cars","P- Speeding",2.00
2258,5330.00,"4- Demerara- Mahaica",385,"Swaan Tuni Linden Highway","Soesdyke-Linden Highway (Right Bank Demerara River-from Georgetown)","-58.2123","6.5003",,,6/6/2011 0:00:00,12/30/1899 1:30:00,"A- Fatal","F- Driver",24.00,"Male","K- Private Cars","S- Driver's Negligence",2.00
2259,5331.00,"4- Demerara- Mahaica",396,"Hauraruni Public Rd.","Soesdyke-Linden Highway (Right Bank Demerara River-from Georgetown)","-58.1850","6.7454",,,6/12/2011 0:00:00,12/30/1899 15:05:00,"B- Serious Injury","F- Driver",50.00,"Male","N- Pickup","O- Lost Control & Runoff",1.00
2260,5332.00,"4- Demerara- Mahaica",394,"Yarrowkabra Public Rd.","Soesdyke-Linden Highway (Right Bank Demerara River-from Georgetown)","-58.2529","6.0835",,,7/21/2011 0:00:00,12/30/1899 16:30:00,"D- Property Damage","F- Driver",38.00,"Male","L- Lorries Van","S- Driver's Negligence",2.00
2261,5333.00,"4- Demerara- Mahaica",385,"Long Creek Public Rd.","Soesdyke-Linden Highway (Right Bank Demerara River-from Georgetown)","-58.2337","6.1320",,,8/5/2011 0:00:00,12/30/1899 20:15:00,"B- Serious Injury","F- Driver",43.00,"Male","L- Lorries Van;N- Pickup","P- Speeding",2.00
2262,5334.00,"4- Demerara- Mahaica",394,"Wirekabra Soesdyke","Soesdyke-Linden Highway (Right Bank Demerara River-from Georgetown)","-58.2123","6.5003",,,11/21/2011 0:00:00,12/30/1899 17:15:00,"B- Serious Injury","E- Pedestrian",45.00,"Male","M- Hire Cars","T-Pedestrian's Negligence",2.00
2263,5335.00,"4- Demerara- Mahaica",385,"Soesdyke Linden Highway","Soesdyke-Linden Highway (Right Bank Demerara River-from Georgetown)","-58.2123","6.5003",,,11/14/2012 0:00:00,12/30/1899 23:00:00,"B- Serious Injury","F- Driver",37.00,"Male","N- Pickup","S- Driver's Negligence",3.00
2264,5336.00,"4- Demerara- Mahaica",393,"Kuru Kururu","Soesdyke-Linden Highway (Right Bank Demerara River-from Georgetown)","-58.2040","6.5273",,,11/25/2012 0:00:00,12/30/1899 8:15:00,"A- Fatal","F- Driver",27.00,"Male","L- Lorries Van;W-Pedal Cycle","S- Driver's Negligence",2.00
2265,5337.00,"4- Demerara- Mahaica",394,"Yarrowkabra Public Rd.","Soesdyke-Linden Highway (Right Bank Demerara River-from Georgetown)","-58.2529","6.0835",,,11/19/2012 0:00:00,12/30/1899 14:00:00,"D- Property Damage","F- Driver",43.00,"Male","K- Private Cars;L- Lorries Van","S- Driver's Negligence",2.00
2266,5338.00,"4- Demerara- Mahaica",385,"Soesdyke Linden Highway","Soesdyke-Linden Highway (Right Bank Demerara River-from Georgetown)","-58.2123","6.5003",,,6/19/2012 0:00:00,12/30/1899 19:30:00,"B- Serious Injury","F- Driver",53.00,"Male","L- Lorries Van","S- Driver's Negligence",2.00
2267,5339.00,"4- Demerara- Mahaica",394,"Yarrowkabra Public Rd.","Soesdyke-Linden Highway (Right Bank Demerara River-from Georgetown)","-58.2529","6.0835",,,6/12/2012 0:00:00,,"B- Serious Injury","F- Driver",44.00,"Male","K- Private Cars","S- Driver's Negligence",2.00
2268,5340.00,"4- Demerara- Mahaica",396,"Hauraruni Public Rd.","Soesdyke-Linden Highway (Right Bank Demerara River-from Georgetown)","-58.1850","6.7454",,,6/15/2012 0:00:00,12/30/1899 7:30:00,"B- Serious Injury","F- Driver",34.00,"Male","J- Minibus","P- Speeding",1.00
2269,5341.00,"4- Demerara- Mahaica",394,"Yarrowkabra Public Rd.","Soesdyke-Linden Highway (Right Bank Demerara River-from Georgetown)","-58.2529","6.0835",,,10/5/2012 0:00:00,12/30/1899 12:48:00,"A- Fatal","F- Driver",48.00,"Male","L- Lorries Van","P- Speeding",2.00
2270,5342.00,"4- Demerara- Mahaica",385,"Soesdyke Linden Highway","Soesdyke-Linden Highway (Right Bank Demerara River-from Georgetown)","-58.2123","6.5003",,,10/10/2012 0:00:00,,"C- Minor Injury","F- Driver",33.00,"Male","N- Pickup","S- Driver's Negligence",2.00
2271,5343.00,"4- Demerara- Mahaica",385,"Long Creek Linden Highway","Soesdyke-Linden Highway (Right Bank Demerara River-from Georgetown)","-58.2337","6.1320",,,10/21/2012 0:00:00,,"B- Serious Injury","G- Rider",49.00,"Male","V-Motor Cycle","U- Cyclist's Negligence",2.00
2272,5344.00,"4- Demerara- Mahaica",385,"Long Creek Linden Highway","Soesdyke-Linden Highway (Right Bank Demerara River-from Georgetown)","-58.2337","6.1320",,,12/16/2012 0:00:00,,"C- Minor Injury","F- Driver",27.00,"Male","K- Private Cars","P- Speeding",1.00
2273,5345.00,"4- Demerara- Mahaica",385,"Long Creek Linden Highway","Soesdyke-Linden Highway (Right Bank Demerara River-from Georgetown)","-58.2337","6.1320",,,12/16/2012 0:00:00,12/30/1899 23:46:00,"C- Minor Injury","F- Driver",23.00,"Male","K- Private Cars","P- Speeding",1.00
2274,5346.00,"4- Demerara- Mahaica",393,"Kuru Kururu Linden Highway","Soesdyke-Linden Highway (Right Bank Demerara River-from Georgetown)","-58.2040","6.5273",,,12/14/2012 0:00:00,12/30/1899 19:45:00,"B- Serious Injury","G- Rider",29.00,"Male","V-Motor Cycle","U- Cyclist's Negligence",2.00
2275,7359.00,"3- Essequibo Islands- West Demerara",180,"La Jalousie Public Rd.","West Coast Demerara (From Vreed-en-Hoop, I.b. Demerara River)","-58.2500","6.8167",,,10/28/2009 0:00:00,12/30/1899 12:10:00,"C- Minor Injury","F- Driver",,"Male","J- Minibus","O- Lost Control & Runoff",2.00
2276,7360.00,"3- Essequibo Islands- West Demerara",194,"Zeeburg Public Rd.","West Coast Demerara (From Vreed-en-Hoop, I.b. Demerara River)","-58.3167","6.8667",,,11/1/2009 0:00:00,12/30/1899 21:45:00,"A- Fatal","F- Driver",26.00,"Male","K- Private Cars","P- Speeding",2.00
2277,7361.00,"3- Essequibo Islands- West Demerara",189,"Leonora Public Rd.","West Coast Demerara (From Vreed-en-Hoop, I.b. Demerara River)","-58.2833","6.8500",,,11/21/2009 0:00:00,12/30/1899 1:20:00,"D- Property Damage","F- Driver",55.00,"Male","J- Minibus;M- Hire Cars","P- Speeding",2.00
2278,7362.00,"3- Essequibo Islands- West Demerara",182,"Den Amstel Public Rd.","West Coast Demerara (From Vreed-en-Hoop, I.b. Demerara River)","-58.2500","6.8333",,,11/21/2009 0:00:00,12/30/1899 8:00:00,"B- Serious Injury","G- Rider",24.00,"Male","J- Minibus;V-Motor Cycle","U- Cyclist's Negligence",2.00
2279,7363.00,"3- Essequibo Islands- West Demerara",196,"Meten Meer Zorg Public Rd.","West Coast Demerara (From Vreed-en-Hoop, I.b. Demerara River)","-58.3167","6.8667",,,11/30/2009 0:00:00,12/30/1899 12:30:00,"B- Serious Injury","E- Pedestrian",41.00,"Female","V-Motor Cycle","T-Pedestrian's Negligence",2.00
2280,7364.00,"3- Essequibo Islands- West Demerara",203,"Vergenoegen Public Rd.","Right Bank Essequibo River (From Vreed-en-Hoop, I.b. Demerara River)","-58.3667","6.8667",,,11/18/2009 0:00:00,,"C- Minor Injury","F- Driver",50.00,"Male","L- Lorries Van","O- Lost Control & Runoff",2.00
2281,7365.00,"3- Essequibo Islands- West Demerara",184,"Hague Public Rd.","West Coast Demerara (From Vreed-en-Hoop, I.b. Demerara River)","-58.2667","6.8333",,,12/2/2009 0:00:00,12/30/1899 21:30:00,"D- Property Damage","F- Driver",26.00,"Male","K- Private Cars","S- Driver's Negligence",2.00
2282,7366.00,"3- Essequibo Islands- West Demerara",179,"Windsor Forest Public Rd.","West Coast Demerara (From Vreed-en-Hoop, I.b. Demerara River)","-58.2333","6.8333",,,12/12/2009 0:00:00,,"D- Property Damage","F- Driver",,,"M- Hire Cars;N- Pickup","Q- Alcohol;S- Driver's Negligence",2.00
2283,7367.00,"3- Essequibo Islands- West Demerara",186,"Anna Catherina Public Rd.","West Coast Demerara (From Vreed-en-Hoop, I.b. Demerara River)","-58.2833","6.8500",,,12/25/2009 0:00:00,12/30/1899 20:30:00,"C- Minor Injury","F- Driver",28.00,"Male","K- Private Cars","S- Driver's Negligence",2.00
2284,7368.00,"3- Essequibo Islands- West Demerara",192,"Uitvlugt Public Rd.","West Coast Demerara (From Vreed-en-Hoop, I.b. Demerara River)","-58.3000","6.8667",,,12/24/2009 0:00:00,12/30/1899 10:40:00,"C- Minor Injury","F- Driver",29.00,"Male","J- Minibus;V-Motor Cycle","S- Driver's Negligence",2.00
2285,7369.00,"3- Essequibo Islands- West Demerara",201,"Zeelugt Public Rd.","Right Bank Essequibo River (From Vreed-en-Hoop, I.b. Demerara River)","-58.3500","6.8667",,,12/31/2009 0:00:00,12/30/1899 20:30:00,"A- Fatal","F- Driver",,,"K- Private Cars","P- Speeding",2.00
2286,7370.00,"3- Essequibo Islands- West Demerara",195,"De Willem Public Rd.","West Coast Demerara (From Vreed-en-Hoop, I.b. Demerara River)","-58.3167","6.8667",,,1/7/2010 0:00:00,12/30/1899 10:10:00,"B- Serious Injury","G- Rider",45.00,"Male","K- Private Cars;W-Pedal Cycle","U- Cyclist's Negligence",2.00
2287,7371.00,"3- Essequibo Islands- West Demerara",201,"Zeelugt Public Rd.","Right Bank Essequibo River (From Vreed-en-Hoop, I.b. Demerara River)","-58.3500","6.8667",,,1/9/2010 0:00:00,12/30/1899 11:00:00,"D- Property Damage","F- Driver",43.00,"Male","N- Pickup","P- Speeding",2.00
2288,7372.00,"3- Essequibo Islands- West Demerara",179,"Windsor Forest Public Rd.","West Coast Demerara (From Vreed-en-Hoop, I.b. Demerara River)","-58.2333","6.8333",,,1/16/2010 0:00:00,12/30/1899 18:45:00,"A- Fatal","F- Driver",29.00,"Male","J- Minibus","S- Driver's Negligence",2.00
2289,7373.00,"3- Essequibo Islands- West Demerara",192,"Uitvlugt Public Rd.","West Coast Demerara (From Vreed-en-Hoop, I.b. Demerara River)","-58.3000","6.8667",,,2/2/2010 0:00:00,12/30/1899 10:30:00,"C- Minor Injury","F- Driver",,,"J- Minibus;N- Pickup","P- Speeding;S- Driver's Negligence",2.00
2290,7374.00,"3- Essequibo Islands- West Demerara",196,"Meten Meer Zorg Public Rd.","West Coast Demerara (From Vreed-en-Hoop, I.b. Demerara River)","-58.3167","6.8667",,,2/6/2010 0:00:00,12/30/1899 13:30:00,"C- Minor Injury","F- Driver",,"Male","K- Private Cars","S- Driver's Negligence",2.00
2291,7375.00,"3- Essequibo Islands- West Demerara",186,"Anna Catherina Public Rd.","West Coast Demerara (From Vreed-en-Hoop, I.b. Demerara River)","-58.2833","6.8500",,,2/23/2010 0:00:00,12/30/1899 13:15:00,"C- Minor Injury","F- Driver",32.00,"Male","J- Minibus;K- Private Cars","P- Speeding",2.00
2292,7376.00,"3- Essequibo Islands- West Demerara",201,"Zeelugt Public Rd.","Right Bank Essequibo River (From Vreed-en-Hoop, I.b. Demerara River)","-58.3500","6.8667",,,2/23/2010 0:00:00,12/30/1899 15:30:00,"D- Property Damage","F- Driver",37.00,"Male","J- Minibus;M- Hire Cars","S- Driver's Negligence",3.00
2293,7377.00,"3- Essequibo Islands- West Demerara",201,"Zeelugt Access Rd.","Right Bank Essequibo River (From Vreed-en-Hoop, I.b. Demerara River)","-58.3500","6.8667",,,3/7/2010 0:00:00,12/30/1899 17:45:00,"C- Minor Injury","F- Driver",22.00,"Male","K- Private Cars;W-Pedal Cycle","S- Driver's Negligence",2.00
2294,7378.00,"3- Essequibo Islands- West Demerara",203,"Vergenoegen Public rd.","Right Bank Essequibo River (From Vreed-en-Hoop, I.b. Demerara River)","-58.3667","6.8667",,,4/4/2010 0:00:00,12/30/1899 18:30:00,"C- Minor Injury","F- Driver",37.00,"Male","K- Private Cars","Q- Alcohol",2.00
2295,7379.00,"3- Essequibo Islands- West Demerara",196,"Meten Meer Zorg Public Rd.","West Coast Demerara (From Vreed-en-Hoop, I.b. Demerara River)","-58.3167","6.8667",,,4/11/2010 0:00:00,12/30/1899 0:30:00,"A- Fatal","G- Rider",19.00,"Male","K- Private Cars;W-Pedal Cycle","U- Cyclist's Negligence",3.00
2296,7380.00,"3- Essequibo Islands- West Demerara",182,"Den Amstel Public Rd.","West Coast Demerara (From Vreed-en-Hoop, I.b. Demerara River)","-58.2500","6.8333",,,4/28/2010 0:00:00,12/30/1899 10:00:00,"D- Property Damage","F- Driver",,"Male","J- Minibus;K- Private Cars","P- Speeding",3.00
2297,7381.00,"3- Essequibo Islands- West Demerara",180,"La Jalousie Public Rd.","West Coast Demerara (From Vreed-en-Hoop, I.b. Demerara River)","-58.2500","6.8167",,,5/1/2010 0:00:00,12/30/1899 17:00:00,"C- Minor Injury","F- Driver",,"Female","J- Minibus;K- Private Cars","S- Driver's Negligence",3.00
2298,7382.00,"3- Essequibo Islands- West Demerara",196,"Meten Meer Zorg Public Rd.","West Coast Demerara (From Vreed-en-Hoop, I.b. Demerara River)","-58.3167","6.8667",,,5/24/2010 0:00:00,12/30/1899 2:00:00,"C- Minor Injury","F- Driver",40.00,"Male","J- Minibus;K- Private Cars","S- Driver's Negligence",2.00
2299,7383.00,"3- Essequibo Islands- West Demerara",202,"Tuschen Access Rd.","Right Bank Essequibo River (From Vreed-en-Hoop, I.b. Demerara River)","-58.3500","6.8667",,,5/16/2010 0:00:00,12/30/1899 13:30:00,"C- Minor Injury","F- Driver",37.00,"Male","K- Private Cars","S- Driver's Negligence",2.00
2300,7384.00,"3- Essequibo Islands- West Demerara",202,"Tuschen Public Rd.","Right Bank Essequibo River (From Vreed-en-Hoop, I.b. Demerara River)","-58.3500","6.8667",,,5/30/2010 0:00:00,12/30/1899 22:30:00,"D- Property Damage","F- Driver",34.00,"Male","J- Minibus;M- Hire Cars","P- Speeding;Q- Alcohol",2.00
2301,7385.00,"3- Essequibo Islands- West Demerara",180,"La Jalousie Public Rd.","West Coast Demerara (From Vreed-en-Hoop, I.b. Demerara River)","-58.2500","6.8167",,,6/7/2010 0:00:00,12/30/1899 8:30:00,"C- Minor Injury","F- Driver",22.00,"Male","L- Lorries Van","P- Speeding;S- Driver's Negligence",2.00
2302,7386.00,"3- Essequibo Islands- West Demerara",182,"Den Amstel Public Rd.","West Coast Demerara (From Vreed-en-Hoop, I.b. Demerara River)","-58.2500","6.8333",,,6/27/2010 0:00:00,12/30/1899 4:00:00,"C- Minor Injury","F- Driver",,"Female","M- Hire Cars","P- Speeding",2.00
2303,7387.00,"3- Essequibo Islands- West Demerara",203,"Vergenoegen Public Rd.","Right Bank Essequibo River (From Vreed-en-Hoop, I.b. Demerara River)","-58.3667","6.8667",,,6/28/2010 0:00:00,,"C- Minor Injury","F- Driver",23.00,"Male","J- Minibus","P- Speeding",2.00
2304,7388.00,"3- Essequibo Islands- West Demerara",191,"Stewartville Public Rd.","West Coast Demerara (From Vreed-en-Hoop, I.b. Demerara River)","-58.3000","6.8500",,,6/28/2010 0:00:00,12/30/1899 22:00:00,"C- Minor Injury","F- Driver",,"Male","J- Minibus;K- Private Cars","P- Speeding",3.00
2305,7389.00,"3- Essequibo Islands- West Demerara",182,"Den Amstel Public Rd.","West Coast Demerara (From Vreed-en-Hoop, I.b. Demerara River)","-58.2500","6.8333",,,6/25/2010 0:00:00,12/30/1899 20:30:00,"B- Serious Injury","F- Driver",25.00,"Male","J- Minibus","P- Speeding;S- Driver's Negligence",2.00
2306,7390.00,"3- Essequibo Islands- West Demerara",191,"Stewartville Public Rd.","West Coast Demerara (From Vreed-en-Hoop, I.b. Demerara River)","-58.3000","6.8500",,,6/30/2010 0:00:00,12/30/1899 14:00:00,"B- Serious Injury","E- Pedestrian",13.00,"Male","L- Lorries Van","T-Pedestrian's Negligence",2.00
2307,7391.00,"3- Essequibo Islands- West Demerara",189,"Leonora Public Rd.","West Coast Demerara (From Vreed-en-Hoop, I.b. Demerara River)","-58.2833","6.8500",,,7/5/2010 0:00:00,12/30/1899 22:00:00,"B- Serious Injury","F- Driver",22.00,"Male","K- Private Cars","P- Speeding;S- Driver's Negligence",2.00
2308,7392.00,"3- Essequibo Islands- West Demerara",184,"Hague Public Rd.","West Coast Demerara (From Vreed-en-Hoop, I.b. Demerara River)","-58.2667","6.8333",,,7/6/2010 0:00:00,12/30/1899 14:30:00,"D- Property Damage","F- Driver",34.00,"Male","K- Private Cars","P- Speeding",1.00
2309,7393.00,"3- Essequibo Islands- West Demerara",182,"Den Amstel Public Rd.","West Coast Demerara (From Vreed-en-Hoop, I.b. Demerara River)","-58.2500","6.8333",,,7/10/2010 0:00:00,12/30/1899 23:45:00,"A- Fatal","F- Driver",,"Male","K- Private Cars","S- Driver's Negligence",2.00
2310,7394.00,"3- Essequibo Islands- West Demerara",203,"Vergenoegen Public Rd.","Right Bank Essequibo River (From Vreed-en-Hoop, I.b. Demerara River)","-58.3667","6.8667",,,7/30/2010 0:00:00,12/30/1899 15:15:00,"D- Property Damage","F- Driver",28.00,"Male","J- Minibus;K- Private Cars","S- Driver's Negligence",2.00
2311,7395.00,"3- Essequibo Islands- West Demerara",189,"Leonora Public Rd.","West Coast Demerara (From Vreed-en-Hoop, I.b. Demerara River)","-58.2833","6.8500",,,7/31/2010 0:00:00,12/30/1899 23:45:00,"A- Fatal","F- Driver",30.00,"Male","K- Private Cars","Q- Alcohol",2.00
2312,7396.00,"3- Essequibo Islands- West Demerara",191,"Stewartville Public Rd.","West Coast Demerara (From Vreed-en-Hoop, I.b. Demerara River)","-58.3000","6.8500",,,8/6/2010 0:00:00,12/30/1899 21:00:00,"D- Property Damage","F- Driver",45.00,"Male","K- Private Cars;V-Motor Cycle","P- Speeding",2.00
2313,7397.00,"3- Essequibo Islands- West Demerara",196,"Meten Meer Zorg Public Rd.","West Coast Demerara (From Vreed-en-Hoop, I.b. Demerara River)","-58.3167","6.8667",,,8/9/2010 0:00:00,12/30/1899 17:00:00,"C- Minor Injury","F- Driver",21.00,"Male","K- Private Cars","P- Speeding",2.00
2314,7398.00,"3- Essequibo Islands- West Demerara",189,"Leonora Public Rd.","West Coast Demerara (From Vreed-en-Hoop, I.b. Demerara River)","-58.2833","6.8500",,,8/9/2010 0:00:00,12/30/1899 2:50:00,"C- Minor Injury","F- Driver",,"Male","K- Private Cars","S- Driver's Negligence",2.00
2315,7399.00,"3- Essequibo Islands- West Demerara",186,"Anna Catherina Public Rd.","West Coast Demerara (From Vreed-en-Hoop, I.b. Demerara River)","-58.2833","6.8500",,,8/21/2010 0:00:00,12/30/1899 21:00:00,"B- Serious Injury","E- Pedestrian",52.00,"Male","K- Private Cars","T-Pedestrian's Negligence",2.00
2316,7400.00,"3- Essequibo Islands- West Demerara",186,"Anna Catherina Public Rd.","West Coast Demerara (From Vreed-en-Hoop, I.b. Demerara River)","-58.2833","6.8500",,,8/22/2010 0:00:00,12/30/1899 13:00:00,"C- Minor Injury","F- Driver",,"Male","J- Minibus","Q- Alcohol",3.00