"ID","Accident ID","Region Number","Corridor ID","Location (Intersection/Road/Street)","Corridor","Location- longitude/ X","Location- latitude/  Y","Mile Marker","Village","Date of Accident","Time of Accident","Type of Accident","Class of Road User","Age/DOB","Gender","Class of Vehicles Involved","Contributing Factor","Number of Persons Involved"
2317,7401.00,"3- Essequibo Islands- West Demerara",186,"Anna Catherian Public Rd.","West Coast Demerara (From Vreed-en-Hoop, I.b. Demerara River)","-58.2833","6.8500",,,8/22/2010 0:00:00,12/30/1899 15:30:00,"C- Minor Injury","G- Rider",15.00,"Male","M- Hire Cars;W-Pedal Cycle","U- Cyclist's Negligence",2.00
2318,7402.00,"3- Essequibo Islands- West Demerara",186,"Anna Catherina Access Rd.","West Coast Demerara (From Vreed-en-Hoop, I.b. Demerara River)","-58.2833","6.8500",,,8/26/2010 0:00:00,12/30/1899 13:15:00,"C- Minor Injury","F- Driver",,"Male","K- Private Cars;V-Motor Cycle","P- Speeding",3.00
2319,7403.00,"3- Essequibo Islands- West Demerara",180,"La Jalousie Public Rd.","West Coast Demerara (From Vreed-en-Hoop, I.b. Demerara River)","-58.2500","6.8167",,,8/29/2010 0:00:00,12/30/1899 20:30:00,"B- Serious Injury","F- Driver",19.00,"Male","K- Private Cars","P- Speeding",2.00
2320,7404.00,"3- Essequibo Islands- West Demerara",201,"Zeelugt Public Rd.","Right Bank Essequibo River (From Vreed-en-Hoop, I.b. Demerara River)","-58.3500","6.8667",,,8/29/2010 0:00:00,12/30/1899 12:10:00,"C- Minor Injury","F- Driver",,"Male","K- Private Cars","P- Speeding",2.00
2321,7405.00,"3- Essequibo Islands- West Demerara",171,"Crane Public Rd.","West Coast Demerara (From Vreed-en-Hoop, I.b. Demerara River)","-58.2000","6.8167",,,8/30/2010 0:00:00,12/30/1899 16:10:00,"D- Property Damage","F- Driver",24.00,"Male","J- Minibus;K- Private Cars","S- Driver's Negligence",2.00
2322,7406.00,"3- Essequibo Islands- West Demerara",202,"Tuschen Old Rd.","Right Bank Essequibo River (From Vreed-en-Hoop, I.b. Demerara River)","-58.3500","6.8667",,,9/3/2010 0:00:00,12/30/1899 8:45:00,"C- Minor Injury","G- Rider",,"Male","L- Lorries Van;W-Pedal Cycle","U- Cyclist's Negligence",2.00
2323,7407.00,"3- Essequibo Islands- West Demerara",178,"Ruimzeight Public Rd.","West Coast Demerara (From Vreed-en-Hoop, I.b. Demerara River)","-58.2333","6.8333",,,9/3/2010 0:00:00,12/30/1899 23:30:00,"C- Minor Injury","F- Driver",27.00,"Male","L- Lorries Van;M- Hire Cars","S- Driver's Negligence",3.00
2324,7408.00,"3- Essequibo Islands- West Demerara",192,"Uitvlugt Public Rd.","West Coast Demerara (From Vreed-en-Hoop, I.b. Demerara River)","-58.3000","6.8667",,,9/4/2010 0:00:00,12/30/1899 21:30:00,"C- Minor Injury","F- Driver",,"Male","K- Private Cars","S- Driver's Negligence",2.00
2325,7409.00,"3- Essequibo Islands- West Demerara",203,"Vergenoegen Public Rd.","Right Bank Essequibo River (From Vreed-en-Hoop, I.b. Demerara River)","-58.3667","6.8667",,,9/8/2010 0:00:00,12/30/1899 12:10:00,"D- Property Damage","F- Driver",45.00,"Male","K- Private Cars;L- Lorries Van","P- Speeding",2.00
2326,7410.00,"3- Essequibo Islands- West Demerara",189,"Leonora Public Rd.","West Coast Demerara (From Vreed-en-Hoop, I.b. Demerara River)","-58.2833","6.8500",,,9/10/2010 0:00:00,12/30/1899 15:45:00,"B- Serious Injury","F- Driver",49.00,"Male","J- Minibus;W-Pedal Cycle","S- Driver's Negligence",2.00
2327,7411.00,"3- Essequibo Islands- West Demerara",192,"Uitvlugt Public Rd.","West Coast Demerara (From Vreed-en-Hoop, I.b. Demerara River)","-58.3000","6.8667",,,9/11/2010 0:00:00,12/30/1899 18:30:00,"D- Property Damage","F- Driver",31.00,"Male","K- Private Cars","P- Speeding;Q- Alcohol",2.00
2328,7412.00,"3- Essequibo Islands- West Demerara",202,"Tuschen Access Rd.","Right Bank Essequibo River (From Vreed-en-Hoop, I.b. Demerara River)","-58.3500","6.8667",,,9/21/2010 0:00:00,12/30/1899 10:00:00,"D- Property Damage","F- Driver",,"Male","K- Private Cars;N- Pickup","S- Driver's Negligence",2.00
2329,7413.00,"3- Essequibo Islands- West Demerara",184,"Hague Public Rd.","West Coast Demerara (From Vreed-en-Hoop, I.b. Demerara River)","-58.2667","6.8333",,,9/29/2010 0:00:00,12/30/1899 9:45:00,"B- Serious Injury","E- Pedestrian",51.00,"Female","J- Minibus","T-Pedestrian's Negligence",2.00
2330,7414.00,"3- Essequibo Islands- West Demerara",194,"Zeeburg Public Rd.","West Coast Demerara (From Vreed-en-Hoop, I.b. Demerara River)","-58.3167","6.8667",,,10/3/2010 0:00:00,12/30/1899 3:00:00,"C- Minor Injury","F- Driver",,"Male","K- Private Cars;N- Pickup","P- Speeding",3.00
2331,7415.00,"3- Essequibo Islands- West Demerara",182,"Den Amstel Public Rd.","West Coast Demerara (From Vreed-en-Hoop, I.b. Demerara River)","-58.2500","6.8333",,,10/4/2010 0:00:00,12/30/1899 21:30:00,"D- Property Damage","F- Driver",35.00,"Male","L- Lorries Van","S- Driver's Negligence",2.00
2332,7416.00,"3- Essequibo Islands- West Demerara",196,"Meten Meer Zorg Public Rd.","West Coast Demerara (From Vreed-en-Hoop, I.b. Demerara River)","-58.3167","6.8667",,,10/5/2010 0:00:00,12/30/1899 17:40:00,"D- Property Damage","F- Driver",45.00,"Male","N- Pickup","S- Driver's Negligence",2.00
2333,7417.00,"3- Essequibo Islands- West Demerara",206,"Greenwich Park Public Rd.","Right Bank Essequibo River (From Vreed-en-Hoop, I.b. Demerara River)","-58.3833","6.8667",,,10/7/2010 0:00:00,12/30/1899 1:00:00,"D- Property Damage","F- Driver",24.00,"Male","K- Private Cars","S- Driver's Negligence",2.00
2334,7418.00,"3- Essequibo Islands- West Demerara",182,"Den Amstel Public Rd.","West Coast Demerara (From Vreed-en-Hoop, I.b. Demerara River)","-58.2500","6.8333",,,10/10/2010 0:00:00,12/30/1899 14:20:00,"C- Minor Injury","F- Driver",32.00,"Male","K- Private Cars;M- Hire Cars","P- Speeding",2.00
2335,7419.00,"3- Essequibo Islands- West Demerara",189,"Leonora Public Rd.","West Coast Demerara (From Vreed-en-Hoop, I.b. Demerara River)","-58.2833","6.8500",,,10/17/2010 0:00:00,12/30/1899 20:45:00,"C- Minor Injury","F- Driver",,,"K- Private Cars","P- Speeding",2.00
2336,7420.00,"3- Essequibo Islands- West Demerara",186,"Anna Catherina Public Rd.","West Coast Demerara (From Vreed-en-Hoop, I.b. Demerara River)","-58.2833","6.8500",,,10/21/2010 0:00:00,12/30/1899 17:45:00,"D- Property Damage","F- Driver",39.00,"Male","K- Private Cars;L- Lorries Van","S- Driver's Negligence",2.00
2337,7421.00,"3- Essequibo Islands- West Demerara",179,"Winsor Forest Public Rd.","West Coast Demerara (From Vreed-en-Hoop, I.b. Demerara River)","-58.2333","6.8333",,,10/22/2010 0:00:00,12/30/1899 11:55:00,"D- Property Damage","F- Driver",50.00,"Male","J- Minibus;N- Pickup","P- Speeding",2.00
2338,7422.00,"3- Essequibo Islands- West Demerara",195,"De Willem Public Rd.","West Coast Demerara (From Vreed-en-Hoop, I.b. Demerara River)","-58.3167","6.8667",,,10/22/2010 0:00:00,12/30/1899 9:10:00,"C- Minor Injury","F- Driver",56.00,"Male","K- Private Cars;L- Lorries Van","S- Driver's Negligence",2.00
2339,7423.00,"3- Essequibo Islands- West Demerara",180,"La Jalousie Public Rd.","West Coast Demerara (From Vreed-en-Hoop, I.b. Demerara River)","-58.2500","6.8167",,,10/25/2010 0:00:00,12/30/1899 13:30:00,"D- Property Damage","F- Driver",23.00,"Male","K- Private Cars;M- Hire Cars;N- Pickup","P- Speeding",3.00
2340,7424.00,"3- Essequibo Islands- West Demerara",202,"tuschen Public Rd.","Right Bank Essequibo River (From Vreed-en-Hoop, I.b. Demerara River)","-58.3500","6.8667",,,10/30/2010 0:00:00,12/30/1899 13:30:00,"D- Property Damage","F- Driver",51.00,"Male","J- Minibus;K- Private Cars","S- Driver's Negligence",2.00
2341,7425.00,"3- Essequibo Islands- West Demerara",203,"Vergenoegen Public Rd.","Right Bank Essequibo River (From Vreed-en-Hoop, I.b. Demerara River)","-58.3667","6.8667",,,11/3/2010 0:00:00,,"D- Property Damage","F- Driver",36.00,"Male","J- Minibus;K- Private Cars","S- Driver's Negligence",2.00
2342,7426.00,"3- Essequibo Islands- West Demerara",187,"Edingburg Public Rd.","West Coast Demerara (From Vreed-en-Hoop, I.b. Demerara River)","-58.2833","6.8500",,,11/8/2010 0:00:00,12/30/1899 15:00:00,"D- Property Damage","F- Driver",38.00,"Male","M- Hire Cars;N- Pickup","Q- Alcohol",2.00
2343,7427.00,"3- Essequibo Islands- West Demerara",192,"Uitvlugt Public Rd.","West Coast Demerara (From Vreed-en-Hoop, I.b. Demerara River)","-58.3000","6.8667",,,11/12/2010 0:00:00,12/30/1899 16:00:00,"B- Serious Injury","G- Rider",43.00,"Male","W-Pedal Cycle;X-Tractor","U- Cyclist's Negligence",2.00
2344,7428.00,"3- Essequibo Islands- West Demerara",202,"Tuschen Access Rd.","Right Bank Essequibo River (From Vreed-en-Hoop, I.b. Demerara River)","-58.3500","6.8667",,,11/8/2010 0:00:00,12/30/1899 14:00:00,"C- Minor Injury","E- Pedestrian",39.00,"Female","K- Private Cars","T-Pedestrian's Negligence",2.00
2345,7429.00,"3- Essequibo Islands- West Demerara",202,"Tuschen Public Rd.","Right Bank Essequibo River (From Vreed-en-Hoop, I.b. Demerara River)","-58.3500","6.8667",,,11/24/2010 0:00:00,12/30/1899 14:00:00,"C- Minor Injury","F- Driver",41.00,"Male","L- Lorries Van;W-Pedal Cycle","S- Driver's Negligence",2.00
2346,7430.00,"3- Essequibo Islands- West Demerara",184,"Hague Public Rd.","West Coast Demerara (From Vreed-en-Hoop, I.b. Demerara River)","-58.2667","6.8333",,,11/28/2010 0:00:00,12/30/1899 4:00:00,"C- Minor Injury","F- Driver",28.00,"Male","K- Private Cars","P- Speeding;S- Driver's Negligence",2.00
2347,7431.00,"3- Essequibo Islands- West Demerara",202,"Tuschen Access Rd.","Right Bank Essequibo River (From Vreed-en-Hoop, I.b. Demerara River)","-58.3500","6.8667",,,11/29/2010 0:00:00,12/30/1899 9:30:00,"C- Minor Injury","F- Driver",,"Male","Z-Animal- Drawn","S- Driver's Negligence",2.00
2348,7432.00,"3- Essequibo Islands- West Demerara",184,"Hague Public Rd.","West Coast Demerara (From Vreed-en-Hoop, I.b. Demerara River)","-58.2667","6.8333",,,12/1/2010 0:00:00,12/30/1899 20:15:00,"C- Minor Injury","F- Driver",31.00,"Female","J- Minibus;K- Private Cars","P- Speeding",2.00
2349,7433.00,"3- Essequibo Islands- West Demerara",203,"Vergenoegen Public Rd.","Right Bank Essequibo River (From Vreed-en-Hoop, I.b. Demerara River)","-58.3667","6.8667",,,12/9/2010 0:00:00,12/30/1899 18:30:00,"B- Serious Injury","E- Pedestrian",73.00,"Female","K- Private Cars","T-Pedestrian's Negligence",2.00
2350,7434.00,"3- Essequibo Islands- West Demerara",189,"Leonora Public Rd.","West Coast Demerara (From Vreed-en-Hoop, I.b. Demerara River)","-58.2833","6.8500",,,12/11/2010 0:00:00,12/30/1899 17:30:00,"C- Minor Injury","F- Driver",52.00,"Male","M- Hire Cars;V-Motor Cycle","S- Driver's Negligence",3.00
2351,7435.00,"3- Essequibo Islands- West Demerara",201,"Zeelugt Public Rd.","Right Bank Essequibo River (From Vreed-en-Hoop, I.b. Demerara River)","-58.3500","6.8667",,,12/26/2010 0:00:00,12/30/1899 7:20:00,"D- Property Damage","F- Driver",,"Male","K- Private Cars","S- Driver's Negligence",2.00
2352,7436.00,"3- Essequibo Islands- West Demerara",189,"Leonora Public Rd.","West Coast Demerara (From Vreed-en-Hoop, I.b. Demerara River)","-58.2833","6.8500",,,12/27/2010 0:00:00,12/30/1899 2:10:00,"D- Property Damage","F- Driver",25.00,"Male","K- Private Cars;M- Hire Cars","S- Driver's Negligence",2.00
2353,7437.00,"3- Essequibo Islands- West Demerara",178,"Ruimzeight Public Rd.","West Coast Demerara (From Vreed-en-Hoop, I.b. Demerara River)","-58.2333","6.8333",,,12/30/2010 0:00:00,12/30/1899 8:25:00,"B- Serious Injury","E- Pedestrian",21.00,"Male","K- Private Cars","T-Pedestrian's Negligence",2.00
2354,7438.00,"3- Essequibo Islands- West Demerara",196,"Meten Meer Zorg Public Rd.","West Coast Demerara (From Vreed-en-Hoop, I.b. Demerara River)","-58.3167","6.8667",,,1/2/2011 0:00:00,12/30/1899 14:30:00,"C- Minor Injury","F- Driver",50.00,"Male","J- Minibus","P- Speeding",2.00
2355,7439.00,"3- Essequibo Islands- West Demerara",203,"Vergenoegen Public Rd.","Right Bank Essequibo River (From Vreed-en-Hoop, I.b. Demerara River)","-58.3667","6.8667",,,1/16/2011 0:00:00,12/30/1899 7:10:00,"B- Serious Injury","F- Driver",19.00,"Male","K- Private Cars","O- Lost Control & Runoff;P- Speeding",3.00
2356,7440.00,"3- Essequibo Islands- West Demerara",178,"Ruimzeight Public Rd.","West Coast Demerara (From Vreed-en-Hoop, I.b. Demerara River)","-58.2333","6.8333",,,1/23/2011 0:00:00,12/30/1899 21:15:00,"A- Fatal","E- Pedestrian",54.00,"Male","K- Private Cars","T-Pedestrian's Negligence",2.00
2357,7441.00,"3- Essequibo Islands- West Demerara",202,"Tuschen Public Rd.","Right Bank Essequibo River (From Vreed-en-Hoop, I.b. Demerara River)","-58.3500","6.8667",,,1/29/2011 0:00:00,12/30/1899 19:00:00,"A- Fatal","F- Driver",34.00,"Male","N- Pickup;V-Motor Cycle","P- Speeding",2.00
2358,7442.00,"3- Essequibo Islands- West Demerara",182,"Den Amstel Public Rd.","West Coast Demerara (From Vreed-en-Hoop, I.b. Demerara River)","-58.2500","6.8333",,,2/10/2011 0:00:00,12/30/1899 15:30:00,"C- Minor Injury","F- Driver",38.00,"Male","J- Minibus;K- Private Cars","O- Lost Control & Runoff",7.00
2359,7443.00,"3- Essequibo Islands- West Demerara",178,"Ruimzeight Public Rd.","West Coast Demerara (From Vreed-en-Hoop, I.b. Demerara River)","-58.2333","6.8333",,,2/14/2011 0:00:00,12/30/1899 20:30:00,"D- Property Damage","F- Driver",28.00,"Male","K- Private Cars;M- Hire Cars","S- Driver's Negligence",2.00
2360,7444.00,"3- Essequibo Islands- West Demerara",186,"Anna Catherina Sideline Dam","West Coast Demerara (From Vreed-en-Hoop, I.b. Demerara River)","-58.2833","6.8500",,,3/15/2011 0:00:00,12/30/1899 16:30:00,"D- Property Damage","F- Driver",,"Male","K- Private Cars;N- Pickup","S- Driver's Negligence",2.00
2361,7445.00,"3- Essequibo Islands- West Demerara",184,"Hague Public Rd.","West Coast Demerara (From Vreed-en-Hoop, I.b. Demerara River)","-58.2667","6.8333",,,3/17/2011 0:00:00,12/30/1899 2:00:00,"D- Property Damage","F- Driver",27.00,"Male","K- Private Cars","S- Driver's Negligence",1.00
2362,7446.00,"3- Essequibo Islands- West Demerara",196,"Meten Meer Zorg Public Rd.","West Coast Demerara (From Vreed-en-Hoop, I.b. Demerara River)","-58.3167","6.8667",,,3/20/2011 0:00:00,12/30/1899 22:00:00,"C- Minor Injury","E- Pedestrian",25.00,"Male","L- Lorries Van","T-Pedestrian's Negligence",2.00
2363,7447.00,"3- Essequibo Islands- West Demerara",185,"Cornelia Ida Public Rd.","West Coast Demerara (From Vreed-en-Hoop, I.b. Demerara River)","-58.2667","6.8500",,,3/27/2011 0:00:00,12/30/1899 0:30:00,"D- Property Damage","F- Driver",28.00,"Male","J- Minibus;K- Private Cars","S- Driver's Negligence",2.00
2364,7448.00,"3- Essequibo Islands- West Demerara",201,"Zeelugt Public Rd.","Right Bank Essequibo River (From Vreed-en-Hoop, I.b. Demerara River)","-58.3500","6.8667",,,4/7/2011 0:00:00,12/30/1899 23:00:00,"D- Property Damage","F- Driver",35.00,"Male","J- Minibus","Y- Animal",1.00
2365,7449.00,"3- Essequibo Islands- West Demerara",202,"Tuschen Public Rd.","Right Bank Essequibo River (From Vreed-en-Hoop, I.b. Demerara River)","-58.3500","6.8667",,,4/16/2011 0:00:00,12/30/1899 15:30:00,"C- Minor Injury","F- Driver",33.00,"Male","J- Minibus;K- Private Cars","S- Driver's Negligence",2.00
2366,7450.00,"3- Essequibo Islands- West Demerara",185,"Cornelia Ida Public Rd.","West Coast Demerara (From Vreed-en-Hoop, I.b. Demerara River)","-58.2667","6.8500",,,4/18/2011 0:00:00,12/30/1899 8:45:00,"D- Property Damage","F- Driver",,"Male","K- Private Cars","S- Driver's Negligence",2.00
2367,7451.00,"3- Essequibo Islands- West Demerara",178,"Ruimzeight Public Rd.","West Coast Demerara (From Vreed-en-Hoop, I.b. Demerara River)","-58.2333","6.8333",,,4/25/2011 0:00:00,12/30/1899 19:30:00,"B- Serious Injury","G- Rider",49.00,"Male","M- Hire Cars;W-Pedal Cycle","U- Cyclist's Negligence",2.00
2368,7452.00,"3- Essequibo Islands- West Demerara",179,"Windsor Forest Public Rd.","West Coast Demerara (From Vreed-en-Hoop, I.b. Demerara River)","-58.2333","6.8333",,,5/1/2011 0:00:00,12/30/1899 23:30:00,"B- Serious Injury","F- Driver",34.00,"Male","J- Minibus;K- Private Cars","O- Lost Control & Runoff;P- Speeding",2.00
2369,7453.00,"3- Essequibo Islands- West Demerara",195,"De Willem Public Rd.","West Coast Demerara (From Vreed-en-Hoop, I.b. Demerara River)","-58.3167","6.8667",,,5/2/2011 0:00:00,12/30/1899 5:10:00,"B- Serious Injury","F- Driver",45.00,"Male","J- Minibus;K- Private Cars","O- Lost Control & Runoff;P- Speeding",2.00
2370,7454.00,"3- Essequibo Islands- West Demerara",178,"Ruimzeight Public Rd.","West Coast Demerara (From Vreed-en-Hoop, I.b. Demerara River)","-58.2333","6.8333",,,5/8/2011 0:00:00,12/30/1899 20:30:00,"D- Property Damage","F- Driver",,"Male","K- Private Cars;M- Hire Cars","Q- Alcohol",2.00
2371,7455.00,"3- Essequibo Islands- West Demerara",196,"Meten Meer Zorg Public Rd.","West Coast Demerara (From Vreed-en-Hoop, I.b. Demerara River)","-58.3167","6.8667",,,5/8/2011 0:00:00,12/30/1899 18:50:00,"B- Serious Injury","G- Rider",13.00,"Female","W-Pedal Cycle","U- Cyclist's Negligence",2.00
2372,7456.00,"3- Essequibo Islands- West Demerara",202,"Tuschen Access Rd.","Right Bank Essequibo River (From Vreed-en-Hoop, I.b. Demerara River)","-58.3500","6.8667",,,5/17/2011 0:00:00,12/30/1899 19:15:00,"C- Minor Injury","E- Pedestrian",11.00,"Female","M- Hire Cars","T-Pedestrian's Negligence",2.00
2373,7457.00,"3- Essequibo Islands- West Demerara",203,"Vergenoegen Public Rd.","Right Bank Essequibo River (From Vreed-en-Hoop, I.b. Demerara River)","-58.3667","6.8667",,,5/18/2011 0:00:00,,"C- Minor Injury","F- Driver",33.00,"Female","J- Minibus;K- Private Cars","S- Driver's Negligence",4.00
2374,7458.00,"3- Essequibo Islands- West Demerara",201,"Zeelugt Public Rd.","Right Bank Essequibo River (From Vreed-en-Hoop, I.b. Demerara River)","-58.3500","6.8667",,,5/23/2011 0:00:00,12/30/1899 11:00:00,"D- Property Damage","F- Driver",,"Male","K- Private Cars;M- Hire Cars","S- Driver's Negligence",2.00
2375,7459.00,"3- Essequibo Islands- West Demerara",192,"Uitvlugt Public Rd.","West Coast Demerara (From Vreed-en-Hoop, I.b. Demerara River)","-58.3000","6.8667",,,5/31/2011 0:00:00,12/30/1899 17:15:00,"C- Minor Injury","G- Rider",18.00,"Male","K- Private Cars;W-Pedal Cycle","U- Cyclist's Negligence",2.00
2376,7460.00,"3- Essequibo Islands- West Demerara",203,"Vergenoegen Public Rd.","Right Bank Essequibo River (From Vreed-en-Hoop, I.b. Demerara River)","-58.3667","6.8667",,,5/31/2011 0:00:00,12/30/1899 23:00:00,"A- Fatal","F- Driver",50.00,"Male","K- Private Cars;M- Hire Cars","O- Lost Control & Runoff",3.00
2377,7461.00,"3- Essequibo Islands- West Demerara",202,"Tuschen Public Rd.","Right Bank Essequibo River (From Vreed-en-Hoop, I.b. Demerara River)","-58.3500","6.8667",,,6/11/2011 0:00:00,12/30/1899 17:00:00,"B- Serious Injury","F- Driver",49.00,"Male","J- Minibus;W-Pedal Cycle","Q- Alcohol",2.00
2378,7462.00,"3- Essequibo Islands- West Demerara",180,"La Jalousie Public Rd.","West Coast Demerara (From Vreed-en-Hoop, I.b. Demerara River)","-58.2500","6.8167",,,6/13/2011 0:00:00,12/30/1899 21:00:00,"D- Property Damage","F- Driver",46.00,"Male","K- Private Cars;N- Pickup","S- Driver's Negligence",2.00
2379,7463.00,"3- Essequibo Islands- West Demerara",177,"Wallers Delight Public Rd.","West Coast Demerara (From Vreed-en-Hoop, I.b. Demerara River)","-58.2167","6.8333",,,6/18/2011 0:00:00,12/30/1899 19:00:00,"D- Property Damage","F- Driver",,"Male","K- Private Cars;M- Hire Cars","Q- Alcohol",2.00
2380,7464.00,"3- Essequibo Islands- West Demerara",178,"Ruimzeight Public Rd.","West Coast Demerara (From Vreed-en-Hoop, I.b. Demerara River)","-58.2333","6.8333",,,6/21/2011 0:00:00,12/30/1899 14:30:00,"C- Minor Injury","F- Driver",,"Male","M- Hire Cars;V-Motor Cycle","S- Driver's Negligence",2.00
2381,7465.00,"3- Essequibo Islands- West Demerara",201,"Zeelugt Public Rd.","Right Bank Essequibo River (From Vreed-en-Hoop, I.b. Demerara River)","-58.3500","6.8667",,,6/26/2011 0:00:00,12/30/1899 15:30:00,"B- Serious Injury","F- Driver",27.00,"Male","K- Private Cars","Q- Alcohol",2.00
2382,7466.00,"3- Essequibo Islands- West Demerara",202,"Tuschen Public Rd.","Right Bank Essequibo River (From Vreed-en-Hoop, I.b. Demerara River)","-58.3500","6.8667",,,7/5/2011 0:00:00,12/30/1899 1:45:00,"D- Property Damage","F- Driver",,"Male","J- Minibus;K- Private Cars","P- Speeding",2.00
2383,7467.00,"3- Essequibo Islands- West Demerara",181,"Blankenburg Public Rd.","West Coast Demerara (From Vreed-en-Hoop, I.b. Demerara River)","-58.2500","6.8333",,,7/2/2011 0:00:00,12/30/1899 5:20:00,"D- Property Damage","F- Driver",,"Female","K- Private Cars;N- Pickup","P- Speeding",2.00
2384,7468.00,"3- Essequibo Islands- West Demerara",201,"Zeelugt Public Rd.","Right Bank Essequibo River (From Vreed-en-Hoop, I.b. Demerara River)","-58.3500","6.8667",,,7/9/2011 0:00:00,12/30/1899 23:40:00,"B- Serious Injury","F- Driver",,"Male","K- Private Cars","O- Lost Control & Runoff",2.00
2385,7469.00,"3- Essequibo Islands- West Demerara",203,"Vergenoegen Public Rd.","Right Bank Essequibo River (From Vreed-en-Hoop, I.b. Demerara River)","-58.3667","6.8667",,,7/27/2011 0:00:00,12/30/1899 16:45:00,"C- Minor Injury","F- Driver",,"Male","J- Minibus;V-Motor Cycle","S- Driver's Negligence",2.00
2386,7470.00,"3- Essequibo Islands- West Demerara",191,"Stewartville Public Rd.","West Coast Demerara (From Vreed-en-Hoop, I.b. Demerara River)","-58.3000","6.8500",,,7/30/2011 0:00:00,12/30/1899 0:15:00,"B- Serious Injury","F- Driver",,"Male","N- Pickup;W-Pedal Cycle","O- Lost Control & Runoff;P- Speeding",3.00
2387,7471.00,"3- Essequibo Islands- West Demerara",178,"Ruimzeight Public Rd.","West Coast Demerara (From Vreed-en-Hoop, I.b. Demerara River)","-58.2333","6.8333",,,8/3/2011 0:00:00,12/30/1899 16:15:00,"A- Fatal","F- Driver",42.00,"Male","K- Private Cars","P- Speeding",2.00
2388,7472.00,"3- Essequibo Islands- West Demerara",192,"Uitvlugt Public Rd.","West Coast Demerara (From Vreed-en-Hoop, I.b. Demerara River)","-58.3000","6.8667",,,8/8/2011 0:00:00,,"D- Property Damage","F- Driver",61.00,"Male","K- Private Cars;M- Hire Cars","S- Driver's Negligence",2.00
2389,7473.00,"3- Essequibo Islands- West Demerara",197,"De Kinderen Public Rd.","West Coast Demerara (From Vreed-en-Hoop, I.b. Demerara River)","-58.3333","6.8667",,,8/9/2011 0:00:00,12/30/1899 17:30:00,"A- Fatal","F- Driver",42.00,"Male","K- Private Cars;W-Pedal Cycle","P- Speeding",2.00
2390,7474.00,"3- Essequibo Islands- West Demerara",203,"Vergenoegen Public Rd.","Right Bank Essequibo River (From Vreed-en-Hoop, I.b. Demerara River)","-58.3667","6.8667",,,8/12/2011 0:00:00,12/30/1899 17:35:00,"D- Property Damage","F- Driver",,"Male","J- Minibus;K- Private Cars","S- Driver's Negligence",2.00
2391,7475.00,"3- Essequibo Islands- West Demerara",195,"De Willem Public Rd.","West Coast Demerara (From Vreed-en-Hoop, I.b. Demerara River)","-58.3167","6.8667",,,8/13/2011 0:00:00,12/30/1899 16:30:00,"C- Minor Injury","G- Rider",7.00,"Male","W-Pedal Cycle","U- Cyclist's Negligence",2.00
2392,7476.00,"3- Essequibo Islands- West Demerara",191,"Stewartville Public Rd.","West Coast Demerara (From Vreed-en-Hoop, I.b. Demerara River)","-58.3000","6.8500",,,8/30/2011 0:00:00,12/30/1899 17:30:00,"C- Minor Injury","F- Driver",,"Male","L- Lorries Van","S- Driver's Negligence",2.00
2393,7477.00,"3- Essequibo Islands- West Demerara",189,"Leonora Public Rd.","West Coast Demerara (From Vreed-en-Hoop, I.b. Demerara River)","-58.2833","6.8500",,,9/13/2011 0:00:00,12/30/1899 9:20:00,"D- Property Damage","F- Driver",48.00,"Male","J- Minibus;K- Private Cars","S- Driver's Negligence",2.00
2394,7478.00,"3- Essequibo Islands- West Demerara",189,"Leonora Public Rd.","West Coast Demerara (From Vreed-en-Hoop, I.b. Demerara River)","-58.2833","6.8500",,,9/5/2011 0:00:00,12/30/1899 13:30:00,"B- Serious Injury","F- Driver",26.00,"Male","J- Minibus;V-Motor Cycle","Q- Alcohol;S- Driver's Negligence",2.00
2395,7479.00,"3- Essequibo Islands- West Demerara",182,"Den Amstel Public Rd.","West Coast Demerara (From Vreed-en-Hoop, I.b. Demerara River)","-58.2500","6.8333",,,1/16/2012 0:00:00,12/30/1899 16:30:00,"B- Serious Injury","F- Driver",20.00,"Male","K- Private Cars;M- Hire Cars","P- Speeding",2.00
2396,7480.00,"3- Essequibo Islands- West Demerara",196,"Meten Meer Zorg Public Rd.","West Coast Demerara (From Vreed-en-Hoop, I.b. Demerara River)","-58.3167","6.8667",,,1/24/2012 0:00:00,,"C- Minor Injury","F- Driver",23.00,"Male","K- Private Cars","S- Driver's Negligence",4.00
2397,7481.00,"3- Essequibo Islands- West Demerara",179,"Windsor Forest Public Rd.","West Coast Demerara (From Vreed-en-Hoop, I.b. Demerara River)","-58.2333","6.8333",,,1/26/2012 0:00:00,,"D- Property Damage","F- Driver",26.00,"Male","J- Minibus;L- Lorries Van","S- Driver's Negligence",2.00