"ID","Accident ID","Region Number","Corridor ID","Location (Intersection/Road/Street)","Corridor","Location- longitude/ X","Location- latitude/  Y","Mile Marker","Village","Date of Accident","Time of Accident","Type of Accident","Class of Road User","Age/DOB","Gender","Class of Vehicles Involved","Contributing Factor","Number of Persons Involved"
2398,7482.00,"3- Essequibo Islands- West Demerara",202,"Tuschen Public Rd.","Right Bank Essequibo River (From Vreed-en-Hoop, I.b. Demerara River)","-58.3500","6.8667",,,1/28/2012 0:00:00,12/30/1899 23:45:00,"C- Minor Injury","F- Driver",55.00,"Male","K- Private Cars;M- Hire Cars","O- Lost Control & Runoff",3.00
2399,7483.00,"3- Essequibo Islands- West Demerara",192,"Uitvlugt Public Rd.","West Coast Demerara (From Vreed-en-Hoop, I.b. Demerara River)","-58.3000","6.8667",,,1/31/2012 0:00:00,12/30/1899 18:30:00,"D- Property Damage","F- Driver",26.00,"Male","J- Minibus;K- Private Cars","Q- Alcohol",2.00
2400,7484.00,"3- Essequibo Islands- West Demerara",202,"Tuschen Access Rd.","Right Bank Essequibo River (From Vreed-en-Hoop, I.b. Demerara River)","-58.3500","6.8667",,,2/23/2012 0:00:00,12/30/1899 21:30:00,"C- Minor Injury","F- Driver",40.00,"Male","K- Private Cars;V-Motor Cycle","P- Speeding;Q- Alcohol",3.00
2401,7485.00,"3- Essequibo Islands- West Demerara",178,"Ruimzeight Railway Line","West Coast Demerara (From Vreed-en-Hoop, I.b. Demerara River)","-58.2333","6.8333",,,2/27/2012 0:00:00,,"D- Property Damage","F- Driver",23.00,"Male","L- Lorries Van;M- Hire Cars","Q- Alcohol",2.00
2402,7486.00,"3- Essequibo Islands- West Demerara",196,"Meten Meer Zorg Public Rd.","West Coast Demerara (From Vreed-en-Hoop, I.b. Demerara River)","-58.3167","6.8667",,,2/20/2012 0:00:00,12/30/1899 22:15:00,"A- Fatal","E- Pedestrian",26.00,"Male","L- Lorries Van","T-Pedestrian's Negligence",2.00
2403,7487.00,"3- Essequibo Islands- West Demerara",179,"Windsor Forest Public Rd.","West Coast Demerara (From Vreed-en-Hoop, I.b. Demerara River)","-58.2333","6.8333",,,3/5/2012 0:00:00,12/30/1899 7:30:00,"C- Minor Injury","F- Driver",50.00,"Female","K- Private Cars;V-Motor Cycle","S- Driver's Negligence",2.00
2404,7488.00,"3- Essequibo Islands- West Demerara",185,"Cornelia Ida Public Rd.","West Coast Demerara (From Vreed-en-Hoop, I.b. Demerara River)","-58.2667","6.8500",,,3/29/2012 0:00:00,12/30/1899 19:00:00,"B- Serious Injury","F- Driver",22.00,"Male","K- Private Cars","P- Speeding",2.00
2405,7489.00,"3- Essequibo Islands- West Demerara",185,"Cornelia Ida Public Rd.","West Coast Demerara (From Vreed-en-Hoop, I.b. Demerara River)","-58.2667","6.8500",,,4/27/2012 0:00:00,12/30/1899 6:10:00,"B- Serious Injury","F- Driver",49.00,"Male","J- Minibus","O- Lost Control & Runoff",8.00
2406,7490.00,"3- Essequibo Islands- West Demerara",196,"Meten Meer Zorg Public Rd.","West Coast Demerara (From Vreed-en-Hoop, I.b. Demerara River)","-58.3167","6.8667",,,4/5/2012 0:00:00,12/30/1899 6:20:00,"C- Minor Injury","F- Driver",24.00,"Male","L- Lorries Van;W-Pedal Cycle","P- Speeding",2.00
2407,7491.00,"3- Essequibo Islands- West Demerara",186,"Anna Catherina Public Rd.","West Coast Demerara (From Vreed-en-Hoop, I.b. Demerara River)","-58.2833","6.8500",,,4/24/2012 0:00:00,12/30/1899 8:00:00,"D- Property Damage","F- Driver",41.00,"Male","K- Private Cars;L- Lorries Van","S- Driver's Negligence",2.00
2408,7492.00,"3- Essequibo Islands- West Demerara",204,"Philadelphia Public Rd.","Right Bank Essequibo River (From Vreed-en-Hoop, I.b. Demerara River)","-58.3667","6.8667",,,5/6/2012 0:00:00,12/30/1899 18:30:00,"D- Property Damage","F- Driver",22.00,"Male","N- Pickup","P- Speeding",1.00
2409,7493.00,"3- Essequibo Islands- West Demerara",196,"Meten Meer Zorg Public Rd.","West Coast Demerara (From Vreed-en-Hoop, I.b. Demerara River)","-58.3167","6.8667",,,5/9/2012 0:00:00,12/30/1899 20:30:00,"D- Property Damage","F- Driver",35.00,"Male","J- Minibus;K- Private Cars","P- Speeding",2.00
2410,7494.00,"3- Essequibo Islands- West Demerara",201,"Zeelugt Public Rd.","Right Bank Essequibo River (From Vreed-en-Hoop, I.b. Demerara River)","-58.3500","6.8667",,,5/11/2012 0:00:00,12/30/1899 12:50:00,"C- Minor Injury","F- Driver",22.00,"Male","K- Private Cars;M- Hire Cars","P- Speeding",2.00
2411,7495.00,"3- Essequibo Islands- West Demerara",191,"Stewartville Public Rd.","West Coast Demerara (From Vreed-en-Hoop, I.b. Demerara River)","-58.3000","6.8500",,,6/22/2012 0:00:00,12/30/1899 22:00:00,"D- Property Damage","F- Driver",53.00,"Male","M- Hire Cars","S- Driver's Negligence",2.00
2412,7496.00,"3- Essequibo Islands- West Demerara",184,"Hague Public Rd.","West Coast Demerara (From Vreed-en-Hoop, I.b. Demerara River)","-58.2667","6.8333",,,7/17/2012 0:00:00,12/30/1899 15:30:00,"C- Minor Injury","F- Driver",,"Female","J- Minibus;K- Private Cars","S- Driver's Negligence",2.00
2413,7497.00,"3- Essequibo Islands- West Demerara",189,"Leonora Public Rd.","West Coast Demerara (From Vreed-en-Hoop, I.b. Demerara River)","-58.2833","6.8500",,,7/24/2012 0:00:00,12/30/1899 18:15:00,"B- Serious Injury","F- Driver",30.00,"Male","J- Minibus;K- Private Cars;W-Pedal Cycle","P- Speeding",3.00
2414,7498.00,"3- Essequibo Islands- West Demerara",185,"Cornelia Ida Access Rd.","West Coast Demerara (From Vreed-en-Hoop, I.b. Demerara River)","-58.2667","6.8500",,,7/27/2012 0:00:00,12/30/1899 18:20:00,"B- Serious Injury","F- Driver",23.00,"Male","K- Private Cars","O- Lost Control & Runoff",3.00
2415,7499.00,"3- Essequibo Islands- West Demerara",185,"Cornelia Ida Public Rd.","West Coast Demerara (From Vreed-en-Hoop, I.b. Demerara River)","-58.2667","6.8500",,,10/1/2012 0:00:00,12/30/1899 7:45:00,"D- Property Damage","F- Driver",,"Male","K- Private Cars;L- Lorries Van","S- Driver's Negligence",3.00
2416,7500.00,"3- Essequibo Islands- West Demerara",202,"Tuschen Public Rd.","Right Bank Essequibo River (From Vreed-en-Hoop, I.b. Demerara River)","-58.3500","6.8667",,,10/7/2012 0:00:00,,"C- Minor Injury","F- Driver",58.00,"Male","M- Hire Cars","S- Driver's Negligence",2.00
2417,7501.00,"3- Essequibo Islands- West Demerara",189,"Leonora Public Rd.","West Coast Demerara (From Vreed-en-Hoop, I.b. Demerara River)","-58.2833","6.8500",,,10/5/2012 0:00:00,12/30/1899 13:30:00,"C- Minor Injury","F- Driver",,"Male","J- Minibus;K- Private Cars","S- Driver's Negligence",2.00
2418,7502.00,"3- Essequibo Islands- West Demerara",192,"Uitvlugt Public Rd.","West Coast Demerara (From Vreed-en-Hoop, I.b. Demerara River)","-58.3000","6.8667",,,10/13/2012 0:00:00,,"C- Minor Injury","F- Driver",37.00,"Male","L- Lorries Van","S- Driver's Negligence",2.00
2419,7503.00,"3- Essequibo Islands- West Demerara",186,"Anna Catherina Public Rd.","West Coast Demerara (From Vreed-en-Hoop, I.b. Demerara River)","-58.2833","6.8500",,,10/22/2012 0:00:00,12/30/1899 18:40:00,"B- Serious Injury","F- Driver",25.00,"Male","K- Private Cars;V-Motor Cycle","P- Speeding;Q- Alcohol",2.00
2420,7504.00,"3- Essequibo Islands- West Demerara",189,"Albert Loo St. Leonora","West Coast Demerara (From Vreed-en-Hoop, I.b. Demerara River)","-58.2833","6.8500",,,10/22/2012 0:00:00,12/30/1899 18:50:00,"B- Serious Injury","F- Driver",39.00,"Male","M- Hire Cars","P- Speeding;Q- Alcohol",2.00
2421,7505.00,"3- Essequibo Islands- West Demerara",192,"Uitvlugt Public Rd.","West Coast Demerara (From Vreed-en-Hoop, I.b. Demerara River)","-58.3000","6.8667",,,11/10/2012 0:00:00,12/30/1899 15:00:00,"B- Serious Injury","F- Driver",37.00,"Male","K- Private Cars;W-Pedal Cycle","P- Speeding;S- Driver's Negligence",2.00
2422,7506.00,"3- Essequibo Islands- West Demerara",186,"Anna Catherina","West Coast Demerara (From Vreed-en-Hoop, I.b. Demerara River)","-58.2833","6.8500",,,11/27/2012 0:00:00,12/30/1899 2:00:00,"A- Fatal","G- Rider",29.00,"Male","V-Motor Cycle","O- Lost Control & Runoff;P- Speeding",2.00
2423,7507.00,"3- Essequibo Islands- West Demerara",178,"Ruimzeight Public Rd.","West Coast Demerara (From Vreed-en-Hoop, I.b. Demerara River)","-58.2333","6.8333",,,11/27/2012 0:00:00,12/30/1899 17:30:00,"D- Property Damage","F- Driver",19.00,"Male","N- Pickup","S- Driver's Negligence",1.00
2424,7508.00,"3- Essequibo Islands- West Demerara",178,"Ruimzeight Public Rd.","West Coast Demerara (From Vreed-en-Hoop, I.b. Demerara River)","-58.2333","6.8333",,,11/28/2012 0:00:00,12/30/1899 17:35:00,"D- Property Damage","F- Driver",27.00,"Male","J- Minibus;K- Private Cars","S- Driver's Negligence",2.00
2425,7509.00,"3- Essequibo Islands- West Demerara",182,"Den Amstel Public Rd.","West Coast Demerara (From Vreed-en-Hoop, I.b. Demerara River)","-58.2500","6.8333",,,12/6/2012 0:00:00,12/30/1899 14:30:00,"C- Minor Injury","F- Driver",23.00,"Male","J- Minibus;K- Private Cars","S- Driver's Negligence",4.00
2426,7510.00,"3- Essequibo Islands- West Demerara",178,"Ruimzeight Public Rd.","West Coast Demerara (From Vreed-en-Hoop, I.b. Demerara River)","-58.2333","6.8333",,,12/31/2012 0:00:00,12/30/1899 21:30:00,"D- Property Damage","F- Driver",52.00,"Male","K- Private Cars;N- Pickup","S- Driver's Negligence",2.00
2427,7511.00,"3- Essequibo Islands- West Demerara",196,"2nd St. Meten Meer Zorg","West Coast Demerara (From Vreed-en-Hoop, I.b. Demerara River)","-58.3167","6.8667",,,12/21/2012 0:00:00,,"D- Property Damage","F- Driver",41.00,"Male","L- Lorries Van;Z-Animal- Drawn","S- Driver's Negligence",2.00
2428,7512.00,"9- Upper Takutu- Upper Essequibo",1086,"Kurupukari Public Rd.","Savannahs South of Kanuku Mountains LETHEM TO ACHIWUIB ROAD VIA DADANAWA AND SHEA","-59.8000","3.3667",,,2/8/2009 0:00:00,12/30/1899 17:00:00,"C- Minor Injury","G- Rider",,"Male","V-Motor Cycle","U- Cyclist's Negligence",2.00
2429,7513.00,"9- Upper Takutu- Upper Essequibo",1088,"St. Ignatius Public Rd.","Savannahs South of Kanuku Mountains LETHEM TO ACHIWUIB ROAD VIA DADANAWA AND SHEA","-59.6833","3.2167",,,1/9/2009 0:00:00,12/30/1899 8:30:00,"C- Minor Injury","F- Driver",26.00,"Female","N- Pickup","S- Driver's Negligence",2.00
2430,7514.00,"9- Upper Takutu- Upper Essequibo",1058,"Annai Public Rd.","LETHEM TO ANNAI ROAD VIA GOOD HOPE","-59.0500","4.0333",,,4/10/2009 0:00:00,12/30/1899 18:00:00,"B- Serious Injury","G- Rider",20.00,"Male","V-Motor Cycle","U- Cyclist's Negligence",2.00
2431,7515.00,"9- Upper Takutu- Upper Essequibo",1073,"Moco Moco Public Rd.","LETHEM TO MOCOMOCO ROAD","-59.6667","3.3333",,,4/10/2009 0:00:00,12/30/1899 21:00:00,"B- Serious Injury","G- Rider",30.00,"Male","V-Motor Cycle;W-Pedal Cycle","U- Cyclist's Negligence",2.00
2432,7516.00,"9- Upper Takutu- Upper Essequibo",1086,"Lethem Public Rd.","Savannahs South of Kanuku Mountains LETHEM TO ACHIWUIB ROAD VIA DADANAWA AND SHEA","-59.8000","3.3667",,,4/12/2009 0:00:00,12/30/1899 10:00:00,"D- Property Damage","F- Driver",51.00,"Female","N- Pickup","S- Driver's Negligence",2.00
2433,7517.00,"9- Upper Takutu- Upper Essequibo",1086,"Barrack Retreat Public Rd.","Savannahs South of Kanuku Mountains LETHEM TO ACHIWUIB ROAD VIA DADANAWA AND SHEA","-59.8000","3.3667",,,4/18/2009 0:00:00,12/30/1899 18:30:00,"B- Serious Injury","G- Rider",52.00,"Male","V-Motor Cycle","U- Cyclist's Negligence",2.00
2434,7518.00,"9- Upper Takutu- Upper Essequibo",1086,"Lethem Public Rd.","Savannahs South of Kanuku Mountains LETHEM TO ACHIWUIB ROAD VIA DADANAWA AND SHEA","-59.8000","3.3667",,,4/19/2009 0:00:00,12/30/1899 1:30:00,"D- Property Damage","F- Driver",30.00,"Male","N- Pickup","S- Driver's Negligence",2.00
2435,7519.00,"9- Upper Takutu- Upper Essequibo",1086,"Cork Wood Public Rd.","Savannahs South of Kanuku Mountains LETHEM TO ACHIWUIB ROAD VIA DADANAWA AND SHEA","-59.8000","3.3667",,,4/24/2009 0:00:00,12/30/1899 9:30:00,"D- Property Damage","F- Driver",41.00,"Male","J- Minibus;L- Lorries Van","S- Driver's Negligence",2.00
2436,7520.00,"9- Upper Takutu- Upper Essequibo",1058,"Annai Public Rd.","LETHEM TO ANNAI ROAD VIA GOOD HOPE","-59.0500","4.0333",,,6/9/2009 0:00:00,12/30/1899 8:45:00,"D- Property Damage","F- Driver",56.00,"Male","K- Private Cars;N- Pickup","S- Driver's Negligence",2.00
2437,7521.00,"9- Upper Takutu- Upper Essequibo",1086,"Cenotaph Rd. & Lethem Public Rd.","Savannahs South of Kanuku Mountains LETHEM TO ACHIWUIB ROAD VIA DADANAWA AND SHEA","-59.8000","3.3667",,,6/13/2009 0:00:00,12/30/1899 1:30:00,"C- Minor Injury","F- Driver",50.00,"Male","K- Private Cars;W-Pedal Cycle","S- Driver's Negligence",2.00
2438,7522.00,"9- Upper Takutu- Upper Essequibo",1086,"Takutu Bridge Access Rd.","Savannahs South of Kanuku Mountains LETHEM TO ACHIWUIB ROAD VIA DADANAWA AND SHEA","-59.8000","3.3667",,,6/29/2009 0:00:00,12/30/1899 16:30:00,"C- Minor Injury","F- Driver",45.00,"Male","N- Pickup;W-Pedal Cycle","S- Driver's Negligence",2.00
2439,7523.00,"9- Upper Takutu- Upper Essequibo",1086,"Metezzir Public Rd.","Savannahs South of Kanuku Mountains LETHEM TO ACHIWUIB ROAD VIA DADANAWA AND SHEA","-59.8000","3.3667",,,11/30/2009 0:00:00,12/30/1899 8:50:00,"A- Fatal","F- Driver",21.00,"Male","J- Minibus;N- Pickup","S- Driver's Negligence",2.00
2440,7524.00,"9- Upper Takutu- Upper Essequibo",1086,"Complex Crescent Public Rd.","Savannahs South of Kanuku Mountains LETHEM TO ACHIWUIB ROAD VIA DADANAWA AND SHEA","-59.8000","3.3667",,,1/1/2010 0:00:00,12/30/1899 5:50:00,"D- Property Damage","F- Driver",,"Male","N- Pickup","S- Driver's Negligence",1.00
2441,7525.00,"9- Upper Takutu- Upper Essequibo",1086,"Untile Public Rd.","Savannahs South of Kanuku Mountains LETHEM TO ACHIWUIB ROAD VIA DADANAWA AND SHEA","-59.8000","3.3667",,,1/14/2010 0:00:00,12/30/1899 21:25:00,"B- Serious Injury","F- Driver",32.00,"Male","L- Lorries Van","S- Driver's Negligence",2.00
2442,7526.00,"9- Upper Takutu- Upper Essequibo",1086,"Burn Success Public Rd.","Savannahs South of Kanuku Mountains LETHEM TO ACHIWUIB ROAD VIA DADANAWA AND SHEA","-59.8000","3.3667",,,2/19/2010 0:00:00,12/30/1899 16:26:00,"A- Fatal","F- Driver",23.00,"Female","N- Pickup;W-Pedal Cycle","S- Driver's Negligence",2.00
2443,7527.00,"9- Upper Takutu- Upper Essequibo",1086,"Lethem Public Rd.","Savannahs South of Kanuku Mountains LETHEM TO ACHIWUIB ROAD VIA DADANAWA AND SHEA","-59.8000","3.3667",,,2/20/2010 0:00:00,12/30/1899 12:00:00,"C- Minor Injury","G- Rider",23.00,"Male","V-Motor Cycle","U- Cyclist's Negligence",2.00
2444,7528.00,"9- Upper Takutu- Upper Essequibo",1086,"Lethem Public Rd.","Savannahs South of Kanuku Mountains LETHEM TO ACHIWUIB ROAD VIA DADANAWA AND SHEA","-59.8000","3.3667",,,2/25/2010 0:00:00,12/30/1899 17:30:00,"D- Property Damage","F- Driver",55.00,"Male","K- Private Cars;N- Pickup","S- Driver's Negligence",2.00
2445,7529.00,"9- Upper Takutu- Upper Essequibo",1086,"Lethem Trail Public Rd.","Savannahs South of Kanuku Mountains LETHEM TO ACHIWUIB ROAD VIA DADANAWA AND SHEA","-59.8000","3.3667",,,3/24/2010 0:00:00,12/30/1899 10:15:00,"B- Serious Injury","F- Driver",39.00,"Male","N- Pickup","S- Driver's Negligence",2.00
2446,7530.00,"9- Upper Takutu- Upper Essequibo",1086,"Tabatinga Public Rd.","Savannahs South of Kanuku Mountains LETHEM TO ACHIWUIB ROAD VIA DADANAWA AND SHEA","-59.8000","3.3667",,,4/20/2010 0:00:00,12/30/1899 18:00:00,"B- Serious Injury","F- Driver",29.00,"Male","K- Private Cars;N- Pickup","S- Driver's Negligence",4.00
2447,7531.00,"9- Upper Takutu- Upper Essequibo",1086,"Barrack Retreat Public Rd.","Savannahs South of Kanuku Mountains LETHEM TO ACHIWUIB ROAD VIA DADANAWA AND SHEA","-59.8000","3.3667",,,5/13/2010 0:00:00,12/30/1899 10:00:00,"C- Minor Injury","F- Driver",24.00,"Male","L- Lorries Van;N- Pickup","S- Driver's Negligence",2.00
2448,7532.00,"9- Upper Takutu- Upper Essequibo",1086,"Perara Public Rd.","Savannahs South of Kanuku Mountains LETHEM TO ACHIWUIB ROAD VIA DADANAWA AND SHEA","-59.8000","3.3667",,,5/20/2010 0:00:00,12/30/1899 17:25:00,"C- Minor Injury","F- Driver",43.00,"Male","N- Pickup","S- Driver's Negligence",1.00
2449,7533.00,"9- Upper Takutu- Upper Essequibo",1058,"Annai Public Rd.","LETHEM TO ANNAI ROAD VIA GOOD HOPE","-59.0500","4.0333",,,7/9/2010 0:00:00,12/30/1899 13:20:00,"A- Fatal","F- Driver",35.00,"Male","N- Pickup","S- Driver's Negligence",1.00
2450,7534.00,"9- Upper Takutu- Upper Essequibo",1086,"Lethem Public Rd.","Savannahs South of Kanuku Mountains LETHEM TO ACHIWUIB ROAD VIA DADANAWA AND SHEA","-59.8000","3.3667",,,8/12/2010 0:00:00,12/30/1899 18:50:00,"D- Property Damage","F- Driver",58.00,"Male","N- Pickup","S- Driver's Negligence",2.00
2451,7535.00,"9- Upper Takutu- Upper Essequibo",1086,"Lethem Air Strip Rd.","Savannahs South of Kanuku Mountains LETHEM TO ACHIWUIB ROAD VIA DADANAWA AND SHEA","-59.8000","3.3667",,,8/29/2010 0:00:00,12/30/1899 4:00:00,"B- Serious Injury","G- Rider",21.00,"Male","V-Motor Cycle","U- Cyclist's Negligence",1.00
2452,7536.00,"9- Upper Takutu- Upper Essequibo",1086,"Tabatinga Public Rd.","Savannahs South of Kanuku Mountains LETHEM TO ACHIWUIB ROAD VIA DADANAWA AND SHEA","-59.8000","3.3667",,,9/3/2010 0:00:00,12/30/1899 17:10:00,"B- Serious Injury","G- Rider",54.00,"Male","V-Motor Cycle","U- Cyclist's Negligence",1.00
2453,7537.00,"9- Upper Takutu- Upper Essequibo",1086,"Fair View Trail Rd.","Savannahs South of Kanuku Mountains LETHEM TO ACHIWUIB ROAD VIA DADANAWA AND SHEA","-59.8000","3.3667",,,10/25/2010 0:00:00,12/30/1899 15:00:00,"C- Minor Injury","G- Rider",32.00,"Male","N- Pickup;V-Motor Cycle","U- Cyclist's Negligence",2.00
2454,7538.00,"9- Upper Takutu- Upper Essequibo",1086,"Burn Success Public Rd.","Savannahs South of Kanuku Mountains LETHEM TO ACHIWUIB ROAD VIA DADANAWA AND SHEA","-59.8000","3.3667",,,12/28/2010 0:00:00,12/30/1899 8:50:00,"D- Property Damage","F- Driver",31.00,"Male","N- Pickup","S- Driver's Negligence",1.00
2455,7539.00,"9- Upper Takutu- Upper Essequibo",1086,"Barrack Retreat Public Rd.","Savannahs South of Kanuku Mountains LETHEM TO ACHIWUIB ROAD VIA DADANAWA AND SHEA","-59.8000","3.3667",,,12/28/2010 0:00:00,12/30/1899 18:10:00,"C- Minor Injury","F- Driver",21.00,"Male","K- Private Cars;W-Pedal Cycle","S- Driver's Negligence",2.00
2456,7540.00,"9- Upper Takutu- Upper Essequibo",1086,"Complex Rd. Lethem","Savannahs South of Kanuku Mountains LETHEM TO ACHIWUIB ROAD VIA DADANAWA AND SHEA","-59.8000","3.3667",,,1/8/2005 0:00:00,12/30/1899 7:30:00,"C- Minor Injury","F- Driver;G- Rider",18.00,"Female","N- Pickup;W-Pedal Cycle","S- Driver's Negligence",2.00
2457,7541.00,"9- Upper Takutu- Upper Essequibo",1086,"Lethem Public Rd.","Savannahs South of Kanuku Mountains LETHEM TO ACHIWUIB ROAD VIA DADANAWA AND SHEA","-59.8000","3.3667",,,1/8/2005 0:00:00,12/30/1899 1:25:00,"D- Property Damage","F- Driver",44.00,"Male","N- Pickup","S- Driver's Negligence",2.00
2458,7542.00,"9- Upper Takutu- Upper Essequibo",1086,"Metoosaro Rd.","Savannahs South of Kanuku Mountains LETHEM TO ACHIWUIB ROAD VIA DADANAWA AND SHEA","-59.8000","3.3667",,,2/8/2006 0:00:00,12/30/1899 13:30:00,"B- Serious Injury","F- Driver",19.00,"Male","N- Pickup","O- Lost Control & Runoff",1.00
2459,7543.00,"9- Upper Takutu- Upper Essequibo",1086,"Kumu Public Rd.","Savannahs South of Kanuku Mountains LETHEM TO ACHIWUIB ROAD VIA DADANAWA AND SHEA","-59.8000","3.3667",,,2/22/2008 0:00:00,12/30/1899 18:30:00,"B- Serious Injury","G- Rider",35.00,"Male","V-Motor Cycle;W-Pedal Cycle","U- Cyclist's Negligence",2.00
2460,7544.00,"9- Upper Takutu- Upper Essequibo",1086,"Rattle Snake Hill","Savannahs South of Kanuku Mountains LETHEM TO ACHIWUIB ROAD VIA DADANAWA AND SHEA","-59.8000","3.3667",,,3/14/2008 0:00:00,12/30/1899 13:45:00,"A- Fatal","F- Driver",37.00,"Male","N- Pickup","O- Lost Control & Runoff",1.00
2461,7545.00,"9- Upper Takutu- Upper Essequibo",1086,"Kurupukari Public Rd.","Savannahs South of Kanuku Mountains LETHEM TO ACHIWUIB ROAD VIA DADANAWA AND SHEA","-59.8000","3.3667",,,3/19/2008 0:00:00,12/30/1899 14:30:00,"B- Serious Injury","F- Driver",47.00,"Male","L- Lorries Van;N- Pickup","S- Driver's Negligence",2.00
2462,7546.00,"9- Upper Takutu- Upper Essequibo",1086,"Air Strip Rd. Lethem","Savannahs South of Kanuku Mountains LETHEM TO ACHIWUIB ROAD VIA DADANAWA AND SHEA","-59.8000","3.3667",,,4/19/2008 0:00:00,12/30/1899 19:30:00,"C- Minor Injury","E- Pedestrian",58.00,"Male","M- Hire Cars","T-Pedestrian's Negligence",2.00
2463,7547.00,"9- Upper Takutu- Upper Essequibo",1086,"Tabatingo Public Rd. Lethem","Savannahs South of Kanuku Mountains LETHEM TO ACHIWUIB ROAD VIA DADANAWA AND SHEA","-59.8000","3.3667",,,5/16/2008 0:00:00,12/30/1899 16:30:00,"D- Property Damage","F- Driver",39.00,"Male","K- Private Cars","S- Driver's Negligence",2.00
2464,7548.00,"9- Upper Takutu- Upper Essequibo",1086,"Kaiture Mountain","Savannahs South of Kanuku Mountains LETHEM TO ACHIWUIB ROAD VIA DADANAWA AND SHEA","-59.8000","3.3667",,,6/6/2008 0:00:00,12/30/1899 12:45:00,"B- Serious Injury","F- Driver",,"Male","L- Lorries Van","S- Driver's Negligence",2.00
2465,7549.00,"9- Upper Takutu- Upper Essequibo",1086,"Lethem Public Rd.","Savannahs South of Kanuku Mountains LETHEM TO ACHIWUIB ROAD VIA DADANAWA AND SHEA","-59.8000","3.3667",,,6/27/2008 0:00:00,12/30/1899 2:30:00,"D- Property Damage","F- Driver",25.00,"Male","J- Minibus;K- Private Cars","S- Driver's Negligence",2.00
2466,7550.00,"9- Upper Takutu- Upper Essequibo",1086,"Lethem Public Rd.","Savannahs South of Kanuku Mountains LETHEM TO ACHIWUIB ROAD VIA DADANAWA AND SHEA","-59.8000","3.3667",,,7/9/2008 0:00:00,12/30/1899 9:35:00,"B- Serious Injury","G- Rider",48.00,"Male","N- Pickup;V-Motor Cycle","P- Speeding",3.00
2467,7551.00,"9- Upper Takutu- Upper Essequibo",1086,"Lethem Public Rd.","Savannahs South of Kanuku Mountains LETHEM TO ACHIWUIB ROAD VIA DADANAWA AND SHEA","-59.8000","3.3667",,,8/16/2008 0:00:00,12/30/1899 18:15:00,"D- Property Damage","F- Driver",46.00,"Female","L- Lorries Van;N- Pickup","S- Driver's Negligence",2.00
2468,7552.00,"9- Upper Takutu- Upper Essequibo",1088,"St. Ignatius Public Rd.","Savannahs South of Kanuku Mountains LETHEM TO ACHIWUIB ROAD VIA DADANAWA AND SHEA","-59.6833","3.2167",,,9/8/2008 0:00:00,12/30/1899 3:30:00,"B- Serious Injury","G- Rider",23.00,"Male","V-Motor Cycle","U- Cyclist's Negligence",3.00
2469,7553.00,"9- Upper Takutu- Upper Essequibo",1086,"Tabatingo Lodge","Savannahs South of Kanuku Mountains LETHEM TO ACHIWUIB ROAD VIA DADANAWA AND SHEA","-59.8000","3.3667",,,9/29/2008 0:00:00,12/30/1899 9:15:00,"D- Property Damage","F- Driver",30.00,"Male","K- Private Cars","P- Speeding",1.00
2470,7554.00,"9- Upper Takutu- Upper Essequibo",1086,"Lethem Public Rd.","Savannahs South of Kanuku Mountains LETHEM TO ACHIWUIB ROAD VIA DADANAWA AND SHEA","-59.8000","3.3667",,,3/11/2008 0:00:00,12/30/1899 15:30:00,"C- Minor Injury","F- Driver",36.00,"Male","N- Pickup;W-Pedal Cycle","S- Driver's Negligence",3.00
2471,11536.00,"1- Barima- Waini",931,"Mabaruma Public Rd.","BARIMA-WANAINA ROAD (From Left Bank Barima River)","-59.7833","8.2000",,,2/9/2002 0:00:00,12/30/1899 16:40:00,"C- Minor Injury","G- Rider",30.00,"Male","V-Motor Cycle","Q- Alcohol",1.00
2472,11537.00,"1- Barima- Waini",935,"Hosororo Public Rd.","BARIMA-WANAINA ROAD (From Left Bank Barima River)","-59.8333","8.1667",,,2/9/2002 0:00:00,12/30/1899 10:15:00,"C- Minor Injury","G- Rider",29.00,"Male","V-Motor Cycle","O- Lost Control & Runoff",1.00
2473,11538.00,"1- Barima- Waini",931,,"BARIMA-WANAINA ROAD (From Left Bank Barima River)","-59.7833","8.2000",,,5/2/2002 0:00:00,12/30/1899 9:00:00,"B- Serious Injury","F- Driver",33.00,"Male","X-Tractor","P- Speeding",1.00
2474,11539.00,"1- Barima- Waini",931,"Mabaruma Public Rd.","BARIMA-WANAINA ROAD (From Left Bank Barima River)","-59.7833","8.2000",,,7/21/2002 0:00:00,12/30/1899 14:00:00,"D- Property Damage","G- Rider",45.00,"Male","V-Motor Cycle","P- Speeding",1.00
2475,11540.00,"1- Barima- Waini",933,"Kumaka Public Rd.","BARIMA-WANAINA ROAD (From Left Bank Barima River)","-59.8000","8.2000",,,8/7/2002 0:00:00,12/30/1899 16:35:00,"B- Serious Injury","F- Driver",27.00,"Male","X-Tractor","P- Speeding",1.00
2476,11541.00,"1- Barima- Waini",935,"Hosororo Public Rd.","BARIMA-WANAINA ROAD (From Left Bank Barima River)","-59.8333","8.1667",,,8/20/2002 0:00:00,12/30/1899 9:52:00,"C- Minor Injury","F- Driver",38.00,"Male","X-Tractor","S- Driver's Negligence",1.00
2477,11542.00,"1- Barima- Waini",931,"Mabaruma Public Rd.","BARIMA-WANAINA ROAD (From Left Bank Barima River)","-59.7833","8.2000",,,9/3/2002 0:00:00,12/30/1899 17:00:00,"C- Minor Injury","E- Pedestrian",,"Male","L- Lorries Van","T-Pedestrian's Negligence",2.00
2478,11543.00,"1- Barima- Waini",931,,"BARIMA-WANAINA ROAD (From Left Bank Barima River)","-59.7833","8.2000",,,3/18/2003 0:00:00,12/30/1899 9:30:00,"C- Minor Injury","F- Driver",28.00,"Male","J- Minibus",,1.00
2479,11544.00,"1- Barima- Waini",931,"Mabaruma Public Rd.","BARIMA-WANAINA ROAD (From Left Bank Barima River)","-59.7833","8.2000",,,6/16/2003 0:00:00,12/30/1899 15:40:00,"D- Property Damage","F- Driver",49.00,"Male",,"S- Driver's Negligence",1.00