"ID","Accident ID","Region Number","Corridor ID","Location (Intersection/Road/Street)","Corridor","Location- longitude/ X","Location- latitude/  Y","Mile Marker","Village","Date of Accident","Time of Accident","Type of Accident","Class of Road User","Age/DOB","Gender","Class of Vehicles Involved","Contributing Factor","Number of Persons Involved"
2676,11741.00,"5- Mahaica- Berbice",584,"Le Enterprise","LEFT BANK MAHAICONY RIVER (From Georgetown)","-57.8167","6.5667",,,4/26/2004 0:00:00,12/30/1899 8:30:00,"C- Minor Injury","F- Driver",30.00,"Male","N- Pickup","R- Improper Overtaking",1.00
2677,11742.00,"5- Mahaica- Berbice",552,"Airy Hall","East Coast Demerara Road (From Georgetown)","-57.7667","6.5667",,,4/27/2004 0:00:00,12/30/1899 21:00:00,"A- Fatal","F- Driver",46.00,"Male","L- Lorries Van;N- Pickup","R- Improper Overtaking",2.00
2678,11743.00,"5- Mahaica- Berbice",544,"Drill","East Coast Demerara Road (From Georgetown)","-57.8167","6.6167",,,5/1/2004 0:00:00,12/30/1899 5:30:00,"B- Serious Injury","F- Driver",53.00,"Male","J- Minibus","O- Lost Control & Runoff",1.00
2679,11744.00,"5- Mahaica- Berbice",554,"Novar","East Coast Demerara Road (From Georgetown)","-57.7667","6.5500",,,5/11/2004 0:00:00,12/30/1899 17:00:00,"A- Fatal","F- Driver",48.00,"Male","J- Minibus","O- Lost Control & Runoff",2.00
2680,11745.00,"5- Mahaica- Berbice",532,"Fair Field","East Coast Demerara Road (From Georgetown)","-57.8500","6.6500",,,5/21/2004 0:00:00,12/30/1899 3:30:00,"C- Minor Injury","F- Driver",27.00,"Male","J- Minibus","R- Improper Overtaking",1.00
2681,11746.00,"5- Mahaica- Berbice",546,"Farm","East Coast Demerara Road (From Georgetown)","-57.8167","6.5833",,,6/3/2004 0:00:00,12/30/1899 10:00:00,"D- Property Damage","F- Driver",36.00,"Male","J- Minibus;K- Private Cars","P- Speeding",2.00
2682,11747.00,"5- Mahaica- Berbice",542,"Nowor Never","East Coast Demerara Road (From Georgetown)","-57.8167","6.6167",,,6/11/2004 0:00:00,12/30/1899 10:30:00,"D- Property Damage","F- Driver",64.00,"Male","K- Private Cars","O- Lost Control & Runoff",1.00
2683,11748.00,"5- Mahaica- Berbice",544,"Drill","East Coast Demerara Road (From Georgetown)","-57.8167","6.6167",,,6/27/2004 0:00:00,12/30/1899 8:00:00,"B- Serious Injury","F- Driver",31.00,"Male","N- Pickup","S- Driver's Negligence",1.00
2684,11749.00,"5- Mahaica- Berbice",554,"Novar Burma","East Coast Demerara Road (From Georgetown)","-57.7667","6.5500",,,6/30/2004 0:00:00,12/30/1899 17:00:00,"B- Serious Injury","F- Driver",45.00,"Male","N- Pickup","T-Pedestrian's Negligence",2.00
2685,11750.00,"5- Mahaica- Berbice",532,"Fair Field","East Coast Demerara Road (From Georgetown)","-57.8500","6.6500",,,7/17/2004 0:00:00,12/30/1899 5:00:00,"D- Property Damage","F- Driver",,"Male","N- Pickup","S- Driver's Negligence;Y-Animal",1.00
2686,11751.00,"5- Mahaica- Berbice",536,"Zealand","East Coast Demerara Road (From Georgetown)","-57.8500","6.6333",,,10/15/2003 0:00:00,12/30/1899 20:30:00,"D- Property Damage","F- Driver",23.00,"Male","J- Minibus;K- Private Cars","O- Lost Control & Runoff",2.00
2687,11752.00,"5- Mahaica- Berbice",534,"Quakers Hall","East Coast Demerara Road (From Georgetown)","-57.8500","6.6333",,,10/14/2003 0:00:00,12/30/1899 6:30:00,"A- Fatal","F- Driver",25.00,"Male","L- Lorries Van;V-Motor Cycle","O- Lost Control & Runoff",2.00
2688,11753.00,"5- Mahaica- Berbice",540,"Perservance","East Coast Demerara Road (From Georgetown)","-57.8333","6.6167",,,10/15/2003 0:00:00,12/30/1899 10:15:00,"B- Serious Injury","F- Driver",32.00,"Male","L- Lorries Van","P- Speeding",2.00
2689,11754.00,"5- Mahaica- Berbice",537,"Planters Hall","East Coast Demerara Road (From Georgetown)","-57.8333","6.6333",,,10/22/2003 0:00:00,12/30/1899 20:30:00,"D- Property Damage","F- Driver",23.00,"Male","K- Private Cars","S- Driver's Negligence",2.00
2690,11755.00,"5- Mahaica- Berbice",552,"Airy Hall","East Coast Demerara Road (From Georgetown)","-57.7667","6.5667",,,10/25/2003 0:00:00,12/30/1899 4:50:00,"B- Serious Injury","F- Driver",46.00,"Male","L- Lorries Van","S- Driver's Negligence",1.00
2691,11756.00,"5- Mahaica- Berbice",552,"Airy Hall","East Coast Demerara Road (From Georgetown)","-57.7667","6.5667",,,10/26/2003 0:00:00,12/30/1899 21:30:00,"B- Serious Injury","F- Driver",25.00,"Male","K- Private Cars","S- Driver's Negligence",2.00
2692,11757.00,"5- Mahaica- Berbice",534,"Quakers Hall","East Coast Demerara Road (From Georgetown)","-57.8500","6.6333",,,11/10/2003 0:00:00,12/30/1899 16:30:00,"B- Serious Injury","F- Driver",42.00,"Male","L- Lorries Van","S- Driver's Negligence",2.00
2693,11758.00,"5- Mahaica- Berbice",551,"Huntley","East Coast Demerara Road (From Georgetown)","-57.7833","6.5667",,,11/19/2003 0:00:00,12/30/1899 12:00:00,"D- Property Damage","F- Driver",40.00,"Male","L- Lorries Van;X-Tractor","P- Speeding",2.00
2694,11759.00,"5- Mahaica- Berbice",540,"Perservance","East Coast Demerara Road (From Georgetown)","-57.8333","6.6167",,,11/23/2003 0:00:00,12/30/1899 19:30:00,"D- Property Damage","F- Driver",25.00,"Male","L- Lorries Van;X-Tractor","P- Speeding",2.00
2695,11760.00,"5- Mahaica- Berbice",544,"Drill","East Coast Demerara Road (From Georgetown)","-57.8167","6.6167",,,11/23/2003 0:00:00,12/30/1899 21:30:00,"D- Property Damage","F- Driver",43.00,"Male","K- Private Cars","S- Driver's Negligence",1.00
2696,11761.00,"5- Mahaica- Berbice",544,"Drill","East Coast Demerara Road (From Georgetown)","-57.8167","6.6167",,,12/4/2003 0:00:00,12/30/1899 12:15:00,"B- Serious Injury","F- Driver",42.00,"Male","K- Private Cars;N- Pickup","S- Driver's Negligence",2.00
2697,11762.00,"5- Mahaica- Berbice",559,"Abary","East Coast Demerara Road (From Georgetown)","-57.7500","6.5333",,,12/17/2003 0:00:00,12/30/1899 6:08:00,"D- Property Damage","F- Driver",32.00,"Male","J- Minibus;L- Lorries Van","Q- Alcohol",2.00
2698,11763.00,"5- Mahaica- Berbice",534,"Quakers Hall","East Coast Demerara Road (From Georgetown)","-57.8500","6.6333",,,1/10/2004 0:00:00,12/30/1899 11:50:00,"B- Serious Injury","F- Driver",37.00,"Male","J- Minibus","S- Driver's Negligence",1.00
2699,11764.00,"5- Mahaica- Berbice",553,"Dundee","East Coast Demerara Road (From Georgetown)","-57.7667","6.5500",,,1/29/2004 0:00:00,12/30/1899 18:15:00,"A- Fatal","F- Driver",36.00,"Male","J- Minibus;W-Pedal Cycle","S- Driver's Negligence",2.00
2700,11765.00,"5- Mahaica- Berbice",537,"Planters Hall","East Coast Demerara Road (From Georgetown)","-57.8333","6.6333",,,2/9/2004 0:00:00,12/30/1899 19:30:00,"A- Fatal","F- Driver",76.00,"Male","J- Minibus","O- Lost Control & Runoff;P- Speeding",2.00
2701,11766.00,"5- Mahaica- Berbice",548,"Park Public","East Coast Demerara Road (From Georgetown)","-57.7833","6.5833",,,2/14/2004 0:00:00,12/30/1899 22:30:00,"B- Serious Injury","F- Driver",,"Male","J- Minibus","S- Driver's Negligence",1.00
2702,11767.00,"5- Mahaica- Berbice",544,"Drill","East Coast Demerara Road (From Georgetown)","-57.8167","6.6167",,,2/13/2004 0:00:00,12/30/1899 16:00:00,"B- Serious Injury","F- Driver",45.00,"Male","L- Lorries Van","S- Driver's Negligence",1.00
2703,11768.00,"5- Mahaica- Berbice",552,"Airy Hall","East Coast Demerara Road (From Georgetown)","-57.7667","6.5667",,,3/16/2003 0:00:00,12/30/1899 15:30:00,"B- Serious Injury","F- Driver",27.00,"Male","J- Minibus;L- Lorries Van","S- Driver's Negligence",2.00
2704,11769.00,"5- Mahaica- Berbice",549,"fellowship","East Coast Demerara Road (From Georgetown)","-57.7833","6.5667",,,3/25/2003 0:00:00,12/30/1899 16:00:00,"B- Serious Injury","F- Driver",,"Male","J- Minibus;K- Private Cars","O- Lost Control & Runoff",2.00
2705,11770.00,"5- Mahaica- Berbice",555,"Good Faith","East Coast Demerara Road (From Georgetown)","-57.7667","6.5500",,,3/27/2003 0:00:00,12/30/1899 23:30:00,"D- Property Damage","F- Driver",67.00,"Male","L- Lorries Van","O- Lost Control & Runoff",1.00
2706,11771.00,"5- Mahaica- Berbice",554,"Novar","East Coast Demerara Road (From Georgetown)","-57.7667","6.5500",,,4/3/2003 0:00:00,12/30/1899 6:30:00,"B- Serious Injury","F- Driver",15.00,"Male","K- Private Cars","S- Driver's Negligence;Y-Animal",1.00
2707,11772.00,"5- Mahaica- Berbice",553,"Dundee","East Coast Demerara Road (From Georgetown)","-57.7667","6.5500",,,4/19/2003 0:00:00,12/30/1899 10:19:00,"B- Serious Injury","F- Driver",,"Male","K- Private Cars;L- Lorries Van","P- Speeding",2.00
2708,11773.00,"5- Mahaica- Berbice",546,"York Shine","East Coast Demerara Road (From Georgetown)","-57.8167","6.5833",,,5/9/2003 0:00:00,12/30/1899 17:35:00,"D- Property Damage","F- Driver",,"Male","L- Lorries Van;M- Hire Cars","P- Speeding",2.00
2709,11774.00,"5- Mahaica- Berbice",538,"Cottage","East Coast Demerara Road (From Georgetown)","-57.8333","6.6333",,,6/29/2003 0:00:00,12/30/1899 17:00:00,"B- Serious Injury","F- Driver",,,"K- Private Cars","T-Pedestrian's Negligence",2.00
2710,11775.00,"5- Mahaica- Berbice",545,"Zes Kendren","East Coast Demerara Road (From Georgetown)","-57.8167","6.5667",,,7/13/2003 0:00:00,12/30/1899 17:00:00,"D- Property Damage","F- Driver",30.00,"Female","K- Private Cars;L- Lorries Van","O- Lost Control & Runoff;P- Speeding",2.00
2711,11776.00,"5- Mahaica- Berbice",538,"Cottage","East Coast Demerara Road (From Georgetown)","-57.8333","6.6333",,,7/18/2003 0:00:00,12/30/1899 21:10:00,"D- Property Damage","F- Driver",,"Male","J- Minibus","S- Driver's Negligence;Y-Animal",1.00
2712,11777.00,"5- Mahaica- Berbice",553,"Dundee","East Coast Demerara Road (From Georgetown)","-57.7667","6.5500",,,7/20/2003 0:00:00,12/30/1899 21:00:00,"B- Serious Injury","F- Driver",35.00,"Male","K- Private Cars","S- Driver's Negligence",2.00
2713,11778.00,"5- Mahaica- Berbice",546,"Farm","East Coast Demerara Road (From Georgetown)","-57.8167","6.5833",,,8/17/2003 0:00:00,12/30/1899 11:30:00,"A- Fatal","F- Driver",60.00,"Male","L- Lorries Van","P- Speeding",2.00
2714,11779.00,"5- Mahaica- Berbice",584,"Le Enterprise","LEFT BANK MAHAICONY RIVER (From Georgetown)","-57.8167","6.5667",,,9/3/2003 0:00:00,12/30/1899 19:30:00,"B- Serious Injury","F- Driver",25.00,"Male","L- Lorries Van","P- Speeding",2.00
2715,11780.00,"5- Mahaica- Berbice",546,"Farm","East Coast Demerara Road (From Georgetown)","-57.8167","6.5833",,,9/10/2003 0:00:00,12/30/1899 18:00:00,"A- Fatal","F- Driver",33.00,"Male","N- Pickup","S- Driver's Negligence",2.00
2716,11781.00,"5- Mahaica- Berbice",554,"Novar","East Coast Demerara Road (From Georgetown)","-57.7667","6.5500",,,9/14/2003 0:00:00,12/30/1899 23:00:00,"B- Serious Injury","F- Driver",33.00,"Male","L- Lorries Van;N- Pickup","P- Speeding",2.00
2717,11782.00,"5- Mahaica- Berbice",547,"Mahaicony","East Coast Demerara Road (From Georgetown)","-57.8000","6.5667",,,3/10/2003 0:00:00,12/30/1899 7:00:00,"D- Property Damage","F- Driver",,"Male","J- Minibus;L- Lorries Van","P- Speeding",2.00
2718,11783.00,"5- Mahaica- Berbice",546,"York Shine","East Coast Demerara Road (From Georgetown)","-57.8167","6.5833",,,3/10/2003 0:00:00,12/30/1899 7:00:00,"D- Property Damage","F- Driver",28.00,"Male","L- Lorries Van","Q- Alcohol;Y-Animal",1.00
2719,11784.00,"5- Mahaica- Berbice",552,"Airy Hall","East Coast Demerara Road (From Georgetown)","-57.7667","6.5667",,,10/3/2003 0:00:00,12/30/1899 8:25:00,"B- Serious Injury","F- Driver",24.00,"Male","N- Pickup","U- Cyclist's Negligence",1.00
2720,11785.00,"5- Mahaica- Berbice",558,"Catherina","East Coast Demerara Road (From Georgetown)","-57.7500","6.5333",,,11/7/2002 0:00:00,12/30/1899 15:00:00,"B- Serious Injury","F- Driver",,"Male","N- Pickup","S- Driver's Negligence",2.00
2721,11786.00,"5- Mahaica- Berbice",539,"Belmonte","East Coast Demerara Road (From Georgetown)","-57.8333","6.6167",,,11/12/2002 0:00:00,12/30/1899 17:00:00,"B- Serious Injury","F- Driver",47.00,"Male","V-Motor Cycle","U- Cyclist's Negligence",1.00
2722,11787.00,"5- Mahaica- Berbice",551,"Huntley","East Coast Demerara Road (From Georgetown)","-57.7833","6.5667",,,11/19/2002 0:00:00,12/30/1899 8:15:00,"D- Property Damage","F- Driver",,"Male","J- Minibus;N- Pickup","Q- Alcohol",2.00
2723,11788.00,"5- Mahaica- Berbice",534,"Quakers Hall","East Coast Demerara Road (From Georgetown)","-57.8500","6.6333",,,11/29/2002 0:00:00,12/30/1899 18:30:00,"A- Fatal","F- Driver",62.00,"Female","K- Private Cars","S- Driver's Negligence",1.00
2724,11789.00,"5- Mahaica- Berbice",535,"De Kendren","East Coast Demerara Road (From Georgetown)","-57.9000","6.6333",,,11/30/2002 0:00:00,12/30/1899 19:45:00,"B- Serious Injury","F- Driver",29.00,"Male","J- Minibus;L- Lorries Van","P- Speeding",2.00
2725,11790.00,"5- Mahaica- Berbice",590,"Perth Village","LEFT BANK MAHAICONY RIVER (From Georgetown)","-57.8167","6.5500",,,12/24/2002 0:00:00,12/30/1899 9:45:00,"B- Serious Injury","F- Driver",,"Male","L- Lorries Van","P- Speeding",2.00
2726,11791.00,"5- Mahaica- Berbice",552,"Airy Hall","East Coast Demerara Road (From Georgetown)","-57.7667","6.5667",,,12/26/2002 0:00:00,12/30/1899 1:00:00,"B- Serious Injury","F- Driver",20.00,"Female","K- Private Cars","O- Lost Control & Runoff;S- Driver's Negligence",2.00
2727,11792.00,"5- Mahaica- Berbice",554,"Burma","East Coast Demerara Road (From Georgetown)","-57.7667","6.5500",,,1/19/2003 0:00:00,12/30/1899 9:15:00,"D- Property Damage","F- Driver",,"Male","N- Pickup","S- Driver's Negligence;Y-Animal",1.00
2728,11793.00,"5- Mahaica- Berbice",552,"Airy Hall","East Coast Demerara Road (From Georgetown)","-57.7667","6.5667",,,2/20/2003 0:00:00,12/30/1899 17:00:00,"B- Serious Injury","F- Driver",23.00,"Male","J- Minibus;K- Private Cars","S- Driver's Negligence",2.00
2729,11794.00,"5- Mahaica- Berbice",557,"Calcutta","East Coast Demerara Road (From Georgetown)","-57.7500","6.5500",,,2/2/2003 0:00:00,12/30/1899 15:45:00,"B- Serious Injury","F- Driver",,"Male","J- Minibus;K- Private Cars","S- Driver's Negligence",2.00
2730,11795.00,"5- Mahaica- Berbice",544,"Drill","East Coast Demerara Road (From Georgetown)","-57.8167","6.6167",,,2/8/2003 0:00:00,12/30/1899 22:45:00,"D- Property Damage","F- Driver",,"Male","K- Private Cars","O- Lost Control & Runoff",1.00
2731,11796.00,"5- Mahaica- Berbice",536,"Zealand","East Coast Demerara Road (From Georgetown)","-57.8500","6.6333",,,2/11/2003 0:00:00,12/30/1899 6:15:00,"D- Property Damage","F- Driver",,"Male","K- Private Cars","S- Driver's Negligence;Y-Animal",1.00
2732,11797.00,"5- Mahaica- Berbice",542,"Now or Nerver","East Coast Demerara Road (From Georgetown)","-57.8167","6.6167",,,2/16/2003 0:00:00,12/30/1899 14:35:00,"B- Serious Injury","F- Driver",50.00,"Male","J- Minibus;K- Private Cars","S- Driver's Negligence",2.00
2733,11798.00,"5- Mahaica- Berbice",552,"Airy Hall","East Coast Demerara Road (From Georgetown)","-57.7667","6.5667",,,2/20/2003 0:00:00,12/30/1899 14:00:00,"D- Property Damage","F- Driver",,"Male","J- Minibus","S- Driver's Negligence;Y-Animal",1.00
2734,11799.00,"5- Mahaica- Berbice",535,"De Kendren","East Coast Demerara Road (From Georgetown)","-57.9000","6.6333",,,2/27/2003 0:00:00,12/30/1899 17:30:00,"B- Serious Injury","F- Driver",26.00,"Male","K- Private Cars;W-Pedal Cycle","P- Speeding",2.00
2735,11800.00,"5- Mahaica- Berbice",542,"Now or Never","East Coast Demerara Road (From Georgetown)","-57.8167","6.6167",,,3/1/2003 0:00:00,12/30/1899 16:38:00,"D- Property Damage","F- Driver",,"Male","J- Minibus;N- Pickup","S- Driver's Negligence;Y-Animal",1.00
2736,11801.00,"5- Mahaica- Berbice",541,"Bushy Park","East Coast Demerara Road (From Georgetown)","-57.8333","6.6167",,,3/13/2003 0:00:00,12/30/1899 6:30:00,"D- Property Damage","F- Driver",23.00,"Male","N- Pickup","S- Driver's Negligence",1.00
2737,11802.00,"5- Mahaica- Berbice",552,"Airy Hall","East Coast Demerara Road (From Georgetown)","-57.7667","6.5667",,,10/21/2001 0:00:00,12/30/1899 17:00:00,"A- Fatal","F- Driver",30.00,"Male","K- Private Cars;L- Lorries Van","S- Driver's Negligence",2.00
2738,11803.00,"5- Mahaica- Berbice",622,"Essen Jacob","WEST COAST BERBICE ROAD (From Georgetown)","-57.6500","6.4667",,,10/24/2002 0:00:00,12/30/1899 17:00:00,"A- Fatal","F- Driver",31.00,"Male","K- Private Cars","P- Speeding",1.00
2739,11804.00,"5- Mahaica- Berbice",535,"De Kendren","East Coast Demerara Road (From Georgetown)","-57.9000","6.6333",,,10/28/2001 0:00:00,12/30/1899 20:50:00,"A- Fatal","F- Driver",29.00,"Male","K- Private Cars;W-Pedal Cycle","P- Speeding",2.00
2740,11805.00,"5- Mahaica- Berbice",544,"Drill","East Coast Demerara Road (From Georgetown)","-57.8167","6.6167",,,11/25/2001 0:00:00,12/30/1899 23:30:00,"C- Minor Injury","F- Driver",,"Male","K- Private Cars","P- Speeding",1.00
2741,11806.00,"5- Mahaica- Berbice",538,"Cottage","East Coast Demerara Road (From Georgetown)","-57.8333","6.6333",,,11/28/2001 0:00:00,12/30/1899 1:30:00,"A- Fatal","F- Driver",49.00,"Male","L- Lorries Van","O- Lost Control & Runoff",0.00
2742,11807.00,"5- Mahaica- Berbice",549,"Fellowship","East Coast Demerara Road (From Georgetown)","-57.7833","6.5667",,,12/10/2001 0:00:00,12/30/1899 17:30:00,"C- Minor Injury","F- Driver",39.00,"Male","K- Private Cars","T-Pedestrian's Negligence",2.00
2743,11808.00,"5- Mahaica- Berbice",538,"Cottage","East Coast Demerara Road (From Georgetown)","-57.8333","6.6333",,,12/16/2001 0:00:00,12/30/1899 17:00:00,"D- Property Damage","F- Driver",,"Male","K- Private Cars;N- Pickup","O- Lost Control & Runoff",2.00
2744,11809.00,"5- Mahaica- Berbice",537,"Planters Hall","East Coast Demerara Road (From Georgetown)","-57.8333","6.6333",,,12/25/2001 0:00:00,12/30/1899 2:00:00,"A- Fatal","F- Driver",26.00,"Male","K- Private Cars","P- Speeding;Y-Animal",1.00
2745,11810.00,"5- Mahaica- Berbice",540,"Perservance","East Coast Demerara Road (From Georgetown)","-57.8333","6.6167",,,12/30/2001 0:00:00,12/30/1899 23:30:00,"D- Property Damage","F- Driver",,"Male","J- Minibus","S- Driver's Negligence;Y-Animal",1.00
2746,11811.00,"5- Mahaica- Berbice",553,"Dundee","East Coast Demerara Road (From Georgetown)","-57.7667","6.5500",,,1/2/2002 0:00:00,12/30/1899 18:45:00,"D- Property Damage","F- Driver",34.00,"Male","J- Minibus;L- Lorries Van","O- Lost Control & Runoff",2.00
2747,11812.00,"5- Mahaica- Berbice",553,"Dundee","East Coast Demerara Road (From Georgetown)","-57.7667","6.5500",,,1/19/2002 0:00:00,12/30/1899 8:10:00,"D- Property Damage","F- Driver",,"Female","K- Private Cars","O- Lost Control & Runoff",1.00
2748,11813.00,"5- Mahaica- Berbice",544,"Drill","East Coast Demerara Road (From Georgetown)","-57.8167","6.6167",,,2/10/2002 0:00:00,12/30/1899 11:50:00,"C- Minor Injury","F- Driver",46.00,"Male","K- Private Cars;W-Pedal Cycle","S- Driver's Negligence",2.00
2749,11814.00,"5- Mahaica- Berbice",544,"Drill","East Coast Demerara Road (From Georgetown)","-57.8167","6.6167",,,2/16/2002 0:00:00,12/30/1899 7:45:00,"D- Property Damage","F- Driver",,"Male","N- Pickup","S- Driver's Negligence",1.00
2750,11815.00,"5- Mahaica- Berbice",549,"Fellowship","East Coast Demerara Road (From Georgetown)","-57.7833","6.5667",,,2/27/2002 0:00:00,12/30/1899 11:00:00,"A- Fatal","F- Driver",83.00,"Male","J- Minibus;W-Pedal Cycle","O- Lost Control & Runoff;P- Speeding",2.00
2751,11816.00,"5- Mahaica- Berbice",535,"De Kendren","East Coast Demerara Road (From Georgetown)","-57.9000","6.6333",,,2/5/2002 0:00:00,12/30/1899 9:00:00,"C- Minor Injury","F- Driver",18.00,"Male","J- Minibus;W-Pedal Cycle","O- Lost Control & Runoff;P- Speeding",2.00
2752,11817.00,"5- Mahaica- Berbice",546,"York Shine","East Coast Demerara Road (From Georgetown)","-57.8167","6.5833",,,2/6/2002 0:00:00,12/30/1899 15:00:00,"D- Property Damage","F- Driver",42.00,"Male","K- Private Cars","P- Speeding",1.00
2753,11818.00,"5- Mahaica- Berbice",552,"Airy Hall","East Coast Demerara Road (From Georgetown)","-57.7667","6.5667",,,2/18/2002 0:00:00,12/30/1899 16:15:00,"C- Minor Injury","G- Rider",24.00,"Male","W-Pedal Cycle","U- Cyclist's Negligence",2.00
2754,11819.00,"5- Mahaica- Berbice",546,"Farm Public Road","East Coast Demerara Road (From Georgetown)","-57.8167","6.5833",,,5/2/2008 0:00:00,12/30/1899 19:40:00,"C- Minor Injury","F- Driver",60.00,"Male","K- Private Cars","T-Pedestrian's Negligence",2.00
2755,11820.00,"5- Mahaica- Berbice",546,"Farm Public Road","East Coast Demerara Road (From Georgetown)","-57.8167","6.5833",,,5/8/2008 0:00:00,12/30/1899 14:50:00,"D- Property Damage","F- Driver",39.00,"Male","K- Private Cars","O- Lost Control & Runoff",1.00
2756,11821.00,"5- Mahaica- Berbice",552,"Airy Hall Public Road","East Coast Demerara Road (From Georgetown)","-57.7667","6.5667",,,6/6/2008 0:00:00,12/30/1899 12:15:00,"B- Serious Injury","F- Driver",,"Male","N- Pickup","P- Speeding",3.00
2757,11822.00,"5- Mahaica- Berbice",558,"Catherina Public Road","East Coast Demerara Road (From Georgetown)","-57.7500","6.5333",,,7/22/2008 0:00:00,12/30/1899 17:45:00,"B- Serious Injury","F- Driver",42.00,"Male","M- Hire Cars","T-Pedestrian's Negligence",2.00
2758,11823.00,"5- Mahaica- Berbice",546,"Farm Public Road","East Coast Demerara Road (From Georgetown)","-57.8167","6.5833",,,8/5/2008 0:00:00,12/30/1899 14:45:00,"D- Property Damage","F- Driver",72.00,"Male","L- Lorries Van","P- Speeding",2.00
2759,11824.00,"5- Mahaica- Berbice",552,"Airy Hall Public Road","East Coast Demerara Road (From Georgetown)","-57.7667","6.5667",,,9/7/2008 0:00:00,12/30/1899 13:30:00,"B- Serious Injury","F- Driver",42.00,"Male","J- Minibus","S- Driver's Negligence",2.00
2760,11825.00,"5- Mahaica- Berbice",554,"Novar Public Road","East Coast Demerara Road (From Georgetown)","-57.7667","6.5500",,,9/17/2008 0:00:00,12/30/1899 18:50:00,"A- Fatal","F- Driver",37.00,"Male","M- Hire Cars","P- Speeding",2.00
2761,11826.00,"5- Mahaica- Berbice",532,"Fair Field Public Road","East Coast Demerara Road (From Georgetown)","-57.8500","6.6500",,,10/4/2008 0:00:00,12/30/1899 12:30:00,"C- Minor Injury","F- Driver",,"Male","K- Private Cars;L- Lorries Van","S- Driver's Negligence",2.00
2762,11827.00,"5- Mahaica- Berbice",557,"Calcutta Public Road","East Coast Demerara Road (From Georgetown)","-57.7500","6.5500",,,10/2/2008 0:00:00,12/30/1899 13:00:00,"C- Minor Injury","F- Driver",39.00,"Male","L- Lorries Van","S- Driver's Negligence",2.00
2763,11828.00,"5- Mahaica- Berbice",552,"Airy Hall Public Road","East Coast Demerara Road (From Georgetown)","-57.7667","6.5667",,,10/18/2008 0:00:00,12/30/1899 19:00:00,"D- Property Damage","F- Driver",29.00,"Male","L- Lorries Van;M- Hire Cars","S- Driver's Negligence",2.00
2764,11829.00,"5- Mahaica- Berbice",538,"Cottage Public Road","East Coast Demerara Road (From Georgetown)","-57.8333","6.6333",,,11/7/2008 0:00:00,12/30/1899 15:15:00,"D- Property Damage","F- Driver",31.00,"Male","K- Private Cars","Y-Animal",1.00
2765,11830.00,"5- Mahaica- Berbice",546,"Farm Public Road","East Coast Demerara Road (From Georgetown)","-57.8167","6.5833",,,11/16/2008 0:00:00,12/30/1899 2:00:00,"B- Serious Injury","F- Driver",38.00,"Male","J- Minibus","Y-Animal",1.00
2766,11831.00,"5- Mahaica- Berbice",546,"Farm Public Road","East Coast Demerara Road (From Georgetown)","-57.8167","6.5833",,,11/17/2008 0:00:00,12/30/1899 18:25:00,"C- Minor Injury","G- Rider",15.00,"Male","W-Pedal Cycle","T-Pedestrian's Negligence",2.00
2767,11832.00,"5- Mahaica- Berbice",533,"Bath Public Road","East Coast Demerara Road (From Georgetown)","-57.8500","6.6333",,,11/27/2008 0:00:00,12/30/1899 13:00:00,"D- Property Damage","F- Driver",32.00,"Male","M- Hire Cars","Y-Animal",1.00
2768,11833.00,"5- Mahaica- Berbice",546,"Farm Public Road","East Coast Demerara Road (From Georgetown)","-57.8167","6.5833",,,11/24/2008 0:00:00,12/30/1899 14:45:00,"D- Property Damage","F- Driver",43.00,"Male","K- Private Cars","S- Driver's Negligence",1.00
2769,11834.00,"5- Mahaica- Berbice",542,"Now or Never Public Road","East Coast Demerara Road (From Georgetown)","-57.8167","6.6167",,,11/29/2008 0:00:00,12/30/1899 17:30:00,"D- Property Damage","F- Driver",35.00,"Male","K- Private Cars","Y-Animal",1.00
2770,11835.00,"5- Mahaica- Berbice",552,"Airy Hall Public Road","East Coast Demerara Road (From Georgetown)","-57.7667","6.5667",,,12/8/2008 0:00:00,12/30/1899 22:00:00,"C- Minor Injury","F- Driver",40.00,"Male","N- Pickup","S- Driver's Negligence",2.00
2771,11836.00,"5- Mahaica- Berbice",552,"Airy Hall Public Road","East Coast Demerara Road (From Georgetown)","-57.7667","6.5667",,,12/6/2008 0:00:00,12/30/1899 23:40:00,"C- Minor Injury","F- Driver",27.00,"Male","M- Hire Cars","S- Driver's Negligence",2.00
2772,11837.00,"5- Mahaica- Berbice",533,"Bath Public Road","East Coast Demerara Road (From Georgetown)","-57.8500","6.6333",,,12/9/2008 0:00:00,12/30/1899 12:35:00,"C- Minor Injury","F- Driver",32.00,"Male","K- Private Cars;L- Lorries Van","P- Speeding",2.00