"ID","Accident ID","Region Number","Corridor ID","Location (Intersection/Road/Street)","Corridor","Location- longitude/ X","Location- latitude/  Y","Mile Marker","Village","Date of Accident","Time of Accident","Type of Accident","Class of Road User","Age/DOB","Gender","Class of Vehicles Involved","Contributing Factor","Number of Persons Involved"
2773,11838.00,"5- Mahaica- Berbice",541,"Bushy Park Public Road","East Coast Demerara Road (From Georgetown)","-57.8333","6.6167",,,12/27/2008 0:00:00,12/30/1899 5:30:00,"B- Serious Injury","F- Driver",52.00,"Male","K- Private Cars","T-Pedestrian's Negligence",2.00
2774,11839.00,"5- Mahaica- Berbice",557,"Calcutta Public Road","East Coast Demerara Road (From Georgetown)","-57.7500","6.5500",,,1/4/2009 0:00:00,12/30/1899 18:30:00,"D- Property Damage","F- Driver",29.00,"Male","K- Private Cars","Y-Animal",1.00
2775,11840.00,"5- Mahaica- Berbice",544,"Drill Public Road","East Coast Demerara Road (From Georgetown)","-57.8167","6.6167",,,1/3/2009 0:00:00,12/30/1899 19:45:00,"D- Property Damage","F- Driver",47.00,"Male","K- Private Cars;M- Hire Cars","S- Driver's Negligence",2.00
2776,11841.00,"5- Mahaica- Berbice",558,"Catherina Public Road","East Coast Demerara Road (From Georgetown)","-57.7500","6.5333",,,1/11/2009 0:00:00,12/30/1899 8:45:00,"B- Serious Injury","F- Driver",53.00,"Male","J- Minibus","T-Pedestrian's Negligence",6.00
2777,11842.00,"5- Mahaica- Berbice",559,"Abary Public Road","East Coast Demerara Road (From Georgetown)","-57.7500","6.5333",,,1/20/2009 0:00:00,12/30/1899 17:00:00,"C- Minor Injury","F- Driver",38.00,"Male","L- Lorries Van","S- Driver's Negligence",2.00
2778,11843.00,"5- Mahaica- Berbice",559,"Abary Public Road","East Coast Demerara Road (From Georgetown)","-57.7500","6.5333",,,1/23/2009 0:00:00,12/30/1899 5:30:00,"D- Property Damage","F- Driver",28.00,"Male","L- Lorries Van","Y-Animal",1.00
2779,11844.00,"5- Mahaica- Berbice",546,"Farm Access Road","East Coast Demerara Road (From Georgetown)","-57.8167","6.5833",,,1/26/2009 0:00:00,12/30/1899 8:40:00,"D- Property Damage","F- Driver",34.00,"Male","J- Minibus;K- Private Cars","S- Driver's Negligence",2.00
2780,11845.00,"5- Mahaica- Berbice",546,"Farm Public Road","East Coast Demerara Road (From Georgetown)","-57.8167","6.5833",,,2/6/2009 0:00:00,12/30/1899 20:20:00,"D- Property Damage","F- Driver",25.00,"Male","K- Private Cars","O- Lost Control & Runoff",1.00
2781,11846.00,"5- Mahaica- Berbice",542,"Now or Never Public Road","East Coast Demerara Road (From Georgetown)","-57.8167","6.6167",,,2/22/2009 0:00:00,12/30/1899 16:30:00,"B- Serious Injury","F- Driver",51.00,"Male","J- Minibus","O- Lost Control & Runoff",1.00
2782,11847.00,"5- Mahaica- Berbice",549,"Fellowship Public Road","East Coast Demerara Road (From Georgetown)","-57.7833","6.5667",,,2/22/2009 0:00:00,12/30/1899 19:00:00,"C- Minor Injury","F- Driver",38.00,"Male","K- Private Cars","S- Driver's Negligence",2.00
2783,11848.00,"5- Mahaica- Berbice",552,"Airy Hall Public Road","East Coast Demerara Road (From Georgetown)","-57.7667","6.5667",,,3/5/2009 0:00:00,12/30/1899 12:55:00,"D- Property Damage","F- Driver",,"Male","K- Private Cars","S- Driver's Negligence",2.00
2784,11849.00,"5- Mahaica- Berbice",553,"Dundee Public Road","East Coast Demerara Road (From Georgetown)","-57.7667","6.5500",,,3/15/2009 0:00:00,12/30/1899 16:00:00,"D- Property Damage","F- Driver",46.00,"Male","K- Private Cars;L- Lorries Van;M- Hire Cars","S- Driver's Negligence",3.00
2785,11850.00,"5- Mahaica- Berbice",552,"Airy Hall Public Road","East Coast Demerara Road (From Georgetown)","-57.7667","6.5667",,,3/8/2009 0:00:00,12/30/1899 21:45:00,"D- Property Damage","F- Driver",21.00,"Male","K- Private Cars","P- Speeding",1.00
2786,11851.00,"5- Mahaica- Berbice",552,"Airy Hall Public Road","East Coast Demerara Road (From Georgetown)","-57.7667","6.5667",,,12/17/2012 0:00:00,12/30/1899 12:15:00,"A- Fatal","F- Driver",23.00,"Male","N- Pickup","O- Lost Control & Runoff",2.00
2787,11852.00,"5- Mahaica- Berbice",543,"Sarah Public Road","East Coast Demerara Road (From Georgetown)","-57.8167","6.6167",,,12/26/2012 0:00:00,12/30/1899 1:10:00,"B- Serious Injury","F- Driver",40.00,"Male","J- Minibus","P- Speeding",1.00
2788,11853.00,"5- Mahaica- Berbice",533,"Bath Public Road","East Coast Demerara Road (From Georgetown)","-57.8500","6.6333",,,12/19/2012 0:00:00,12/30/1899 16:30:00,"C- Minor Injury","F- Driver",55.00,"Male","K- Private Cars","T-Pedestrian's Negligence",2.00
2789,11854.00,"5- Mahaica- Berbice",540,"Perservance Public Road","East Coast Demerara Road (From Georgetown)","-57.8333","6.6167",,,12/27/2012 0:00:00,12/30/1899 14:30:00,"D- Property Damage","F- Driver",30.00,"Male","M- Hire Cars","O- Lost Control & Runoff",1.00
2790,11855.00,"5- Mahaica- Berbice",553,"Dundee Public Road","East Coast Demerara Road (From Georgetown)","-57.7667","6.5500",,,3/24/2009 0:00:00,12/30/1899 11:30:00,"D- Property Damage","F- Driver",50.00,"Male","J- Minibus;L- Lorries Van","S- Driver's Negligence",2.00
2791,11856.00,"5- Mahaica- Berbice",549,"Fellowship Public Road","East Coast Demerara Road (From Georgetown)","-57.7833","6.5667",,,3/26/2009 0:00:00,12/30/1899 14:15:00,"D- Property Damage","F- Driver",25.00,"Male","L- Lorries Van","Y-Animal",1.00
2792,11857.00,"5- Mahaica- Berbice",546,"Farm Railway Embankment","East Coast Demerara Road (From Georgetown)","-57.8167","6.5833",,,3/29/2009 0:00:00,12/30/1899 13:30:00,"B- Serious Injury","F- Driver",32.00,"Male","N- Pickup","O- Lost Control & Runoff",1.00
2793,11858.00,"5- Mahaica- Berbice",546,"Farm Railway Embankment","East Coast Demerara Road (From Georgetown)","-57.8167","6.5833",,,3/31/2009 0:00:00,12/30/1899 18:30:00,"B- Serious Injury","F- Driver",38.00,"Male","K- Private Cars","S- Driver's Negligence",5.00
2794,11859.00,"5- Mahaica- Berbice",557,"Calcutta Public Road","East Coast Demerara Road (From Georgetown)","-57.7500","6.5500",,,4/9/2009 0:00:00,12/30/1899 20:30:00,"B- Serious Injury","F- Driver",43.00,"Male","K- Private Cars","S- Driver's Negligence",2.00
2795,11860.00,"5- Mahaica- Berbice",540,"Perservance","East Coast Demerara Road (From Georgetown)","-57.8333","6.6167",,,4/16/2009 0:00:00,12/30/1899 19:30:00,"C- Minor Injury","F- Driver",29.00,"Male","L- Lorries Van","O- Lost Control & Runoff",1.00
2796,11861.00,"5- Mahaica- Berbice",590,"Perth Village","LEFT BANK MAHAICONY RIVER (From Georgetown)","-57.8167","6.5500",,,4/11/2009 0:00:00,12/30/1899 20:30:00,"D- Property Damage","F- Driver",33.00,"Female","K- Private Cars;W-Pedal Cycle","U- Cyclist's Negligence",2.00
2797,11862.00,"5- Mahaica- Berbice",552,"Airy Hall Public Road","East Coast Demerara Road (From Georgetown)","-57.7667","6.5667",,,4/29/2009 0:00:00,,"C- Minor Injury","F- Driver",25.00,"Male","J- Minibus","O- Lost Control & Runoff",1.00
2798,11863.00,"5- Mahaica- Berbice",551,"Huntley Public Road","East Coast Demerara Road (From Georgetown)","-57.7833","6.5667",,,5/16/2009 0:00:00,12/30/1899 22:30:00,"B- Serious Injury","F- Driver",55.00,"Male","J- Minibus;W-Pedal Cycle","S- Driver's Negligence",2.00
2799,11864.00,"5- Mahaica- Berbice",622,"Essen Jacob Access Road","WEST COAST BERBICE ROAD (From Georgetown)","-57.6500","6.4667",,,5/22/2009 0:00:00,12/30/1899 20:00:00,"A- Fatal","F- Driver",35.00,"Male","X-Tractor","O- Lost Control & Runoff",1.00
2800,11865.00,"5- Mahaica- Berbice",546,"Farm Public Road","East Coast Demerara Road (From Georgetown)","-57.8167","6.5833",,,5/26/2009 0:00:00,12/30/1899 16:00:00,"D- Property Damage","F- Driver",,"Male","J- Minibus;K- Private Cars","P- Speeding",2.00
2801,11866.00,"5- Mahaica- Berbice",552,"Airy Hall Public Road","East Coast Demerara Road (From Georgetown)","-57.7667","6.5667",,,6/29/2009 0:00:00,12/30/1899 23:30:00,"B- Serious Injury","F- Driver",48.00,"Male","L- Lorries Van","O- Lost Control & Runoff",1.00
2802,11867.00,"5- Mahaica- Berbice",540,"Perservance Public Road","East Coast Demerara Road (From Georgetown)","-57.8333","6.6167",,,7/17/2009 0:00:00,12/30/1899 1:00:00,"D- Property Damage","F- Driver",,"Male","K- Private Cars","Y-Animal",1.00
2803,11868.00,"5- Mahaica- Berbice",,"Railway Line Public Road",,,,,,7/20/2009 0:00:00,12/30/1899 17:30:00,"D- Property Damage","F- Driver",29.00,"Male","J- Minibus;K- Private Cars","S- Driver's Negligence",2.00
2804,11869.00,"5- Mahaica- Berbice",558,"Catherina Public Road","East Coast Demerara Road (From Georgetown)","-57.7500","6.5333",,,7/21/2009 0:00:00,12/30/1899 4:00:00,"B- Serious Injury","F- Driver",25.00,"Male","K- Private Cars","O- Lost Control & Runoff",1.00
2805,11870.00,"5- Mahaica- Berbice",549,"Fellowship Public Road","East Coast Demerara Road (From Georgetown)","-57.7833","6.5667",,,9/20/2009 0:00:00,12/30/1899 12:10:00,"D- Property Damage","F- Driver",27.00,"Male","L- Lorries Van","P- Speeding",2.00
2806,11871.00,"5- Mahaica- Berbice",552,"Airy Hall Public Road","East Coast Demerara Road (From Georgetown)","-57.7667","6.5667",,,9/23/2009 0:00:00,,"B- Serious Injury","F- Driver",32.00,"Male","J- Minibus","T-Pedestrian's Negligence",2.00
2807,11872.00,"5- Mahaica- Berbice",540,"Perservance Public Road","East Coast Demerara Road (From Georgetown)","-57.8333","6.6167",,,9/24/2009 0:00:00,12/30/1899 16:45:00,"D- Property Damage","F- Driver",48.00,"Male","K- Private Cars","Y-Animal",1.00
2808,11873.00,"5- Mahaica- Berbice",540,"Perservance Public Road","East Coast Demerara Road (From Georgetown)","-57.8333","6.6167",,,10/2/2009 0:00:00,12/30/1899 6:00:00,"C- Minor Injury","F- Driver",,"Male","K- Private Cars","O- Lost Control & Runoff",2.00
2809,11874.00,"5- Mahaica- Berbice",559,"Abary Public Road","East Coast Demerara Road (From Georgetown)","-57.7500","6.5333",,,10/6/2009 0:00:00,12/30/1899 16:30:00,"C- Minor Injury","F- Driver",40.00,"Male","L- Lorries Van;V-Motor Cycle","S- Driver's Negligence;U- Cyclist's Negligence",2.00
2810,11875.00,"5- Mahaica- Berbice",548,"Park Public Road","East Coast Demerara Road (From Georgetown)","-57.7833","6.5833",,,10/7/2009 0:00:00,,"A- Fatal","F- Driver",53.00,"Male","L- Lorries Van","S- Driver's Negligence",2.00
2811,11876.00,"5- Mahaica- Berbice",552,"Airy Hall Public Road","East Coast Demerara Road (From Georgetown)","-57.7667","6.5667",,,10/20/2009 0:00:00,,"C- Minor Injury","F- Driver",37.00,"Male","K- Private Cars","O- Lost Control & Runoff",1.00
2812,11877.00,"5- Mahaica- Berbice",546,"Farm Public Road","East Coast Demerara Road (From Georgetown)","-57.8167","6.5833",,,10/20/2009 0:00:00,12/30/1899 14:00:00,"A- Fatal","F- Driver",49.00,"Female","K- Private Cars","O- Lost Control & Runoff",1.00
2813,11878.00,"5- Mahaica- Berbice",552,"Airy Hall Public Road","East Coast Demerara Road (From Georgetown)","-57.7667","6.5667",,,11/4/2009 0:00:00,12/30/1899 10:40:00,"D- Property Damage","F- Driver",,"Male","J- Minibus","S- Driver's Negligence",2.00
2814,11879.00,"5- Mahaica- Berbice",546,"Farm Public Road","East Coast Demerara Road (From Georgetown)","-57.8167","6.5833",,,12/21/2009 0:00:00,12/30/1899 6:00:00,"D- Property Damage","F- Driver",,"Male","L- Lorries Van","S- Driver's Negligence",2.00
2815,11880.00,"5- Mahaica- Berbice",538,"Branch Road","East Coast Demerara Road (From Georgetown)","-57.8333","6.6333",,,12/21/2009 0:00:00,12/30/1899 1:00:00,"D- Property Damage","F- Driver",57.00,"Male","K- Private Cars","Y-Animal",1.00
2816,11881.00,"5- Mahaica- Berbice",534,"Quakers Hall Public Road","East Coast Demerara Road (From Georgetown)","-57.8500","6.6333",,,12/20/2009 0:00:00,12/30/1899 19:00:00,"D- Property Damage","F- Driver",37.00,"Male","K- Private Cars","S- Driver's Negligence",2.00
2817,11882.00,"5- Mahaica- Berbice",590,"Perth Public Road","LEFT BANK MAHAICONY RIVER (From Georgetown)","-57.8167","6.5500",,,1/12/2010 0:00:00,12/30/1899 18:30:00,"D- Property Damage","F- Driver",,"Male","N- Pickup","O- Lost Control & Runoff",1.00
2818,11883.00,"5- Mahaica- Berbice",602,"Wash Clothes","LEFT BANK MAHAICONY RIVER (From Georgetown)","-57.8000","6.5000",,,1/26/2010 0:00:00,12/30/1899 17:00:00,"A- Fatal","F- Driver",,"Male","J- Minibus;N- Pickup","U- Cyclist's Negligence",2.00
2819,11884.00,"5- Mahaica- Berbice",557,"Calcutta Public Road","East Coast Demerara Road (From Georgetown)","-57.7500","6.5500",,,2/8/2010 0:00:00,12/30/1899 15:45:00,"C- Minor Injury","F- Driver",,"Male","M- Hire Cars","T-Pedestrian's Negligence",2.00
2820,11885.00,"5- Mahaica- Berbice",549,"Fellowship Public Road","East Coast Demerara Road (From Georgetown)","-57.7833","6.5667",,,3/28/2010 0:00:00,12/30/1899 23:00:00,"C- Minor Injury","F- Driver",,"Male","K- Private Cars","S- Driver's Negligence",2.00
2821,11886.00,"5- Mahaica- Berbice",590,"Perth Access Road","LEFT BANK MAHAICONY RIVER (From Georgetown)","-57.8167","6.5500",,,4/8/2010 0:00:00,12/30/1899 17:00:00,"D- Property Damage","F- Driver",,"Male","L- Lorries Van;W-Pedal Cycle","S- Driver's Negligence",2.00
2822,11887.00,"5- Mahaica- Berbice",590,"Perth Public Road","LEFT BANK MAHAICONY RIVER (From Georgetown)","-57.8167","6.5500",,,4/18/2010 0:00:00,12/30/1899 19:00:00,"C- Minor Injury","F- Driver",41.00,"Male","N- Pickup","R- Improper Overtaking",2.00
2823,11888.00,"5- Mahaica- Berbice",553,"Dundee Public Road","East Coast Demerara Road (From Georgetown)","-57.7667","6.5500",,,5/1/2010 0:00:00,12/30/1899 13:55:00,"D- Property Damage","F- Driver",,"Male","J- Minibus;K- Private Cars","S- Driver's Negligence",2.00
2824,11889.00,"5- Mahaica- Berbice",590,"Perth Public Road","LEFT BANK MAHAICONY RIVER (From Georgetown)","-57.8167","6.5500",,,5/6/2010 0:00:00,12/30/1899 15:00:00,"D- Property Damage","F- Driver",,"Male","J- Minibus;K- Private Cars","S- Driver's Negligence",2.00
2825,11890.00,"5- Mahaica- Berbice",546,"Farm Public Road","East Coast Demerara Road (From Georgetown)","-57.8167","6.5833",,,5/13/2010 0:00:00,12/30/1899 21:25:00,"D- Property Damage","F- Driver",,"Male","K- Private Cars","Y-Animal",1.00
2826,11891.00,"5- Mahaica- Berbice",538,"Central Access Road","East Coast Demerara Road (From Georgetown)","-57.8333","6.6333",,,5/19/2010 0:00:00,12/30/1899 16:15:00,"C- Minor Injury","F- Driver",,"Male","K- Private Cars;L- Lorries Van","P- Speeding",2.00
2827,11892.00,"5- Mahaica- Berbice",557,"Calcutta Public Road","East Coast Demerara Road (From Georgetown)","-57.7500","6.5500",,,5/25/2010 0:00:00,12/30/1899 8:30:00,"D- Property Damage","F- Driver",56.00,"male","K- Private Cars","S- Driver's Negligence",2.00
2828,11893.00,"5- Mahaica- Berbice",552,"Airy Hall Public Road","East Coast Demerara Road (From Georgetown)","-57.7667","6.5667",,,6/20/2010 0:00:00,12/30/1899 9:30:00,"A- Fatal","F- Driver",36.00,"Male","N- Pickup","P- Speeding",2.00
2829,11894.00,"5- Mahaica- Berbice",551,"Huntley Public Road","East Coast Demerara Road (From Georgetown)","-57.7833","6.5667",,,6/20/2010 0:00:00,12/30/1899 19:30:00,"D- Property Damage","F- Driver",,"Male","N- Pickup","Y-Animal",1.00
2830,11895.00,"5- Mahaica- Berbice",561,"Littler T Public Road","East Coast Demerara Road (From Georgetown)","-57.7500","6.5167",,,7/8/2010 0:00:00,12/30/1899 17:30:00,"C- Minor Injury","F- Driver",32.00,"Male","J- Minibus","P- Speeding",2.00
2831,11896.00,"5- Mahaica- Berbice",534,"Quakers Hall Public Road","East Coast Demerara Road (From Georgetown)","-57.8500","6.6333",,,7/26/2010 0:00:00,12/30/1899 13:30:00,"A- Fatal","F- Driver",22.00,"Male","K- Private Cars","O- Lost Control & Runoff",1.00
2832,11897.00,"5- Mahaica- Berbice",558,"Catherina Public Road","East Coast Demerara Road (From Georgetown)","-57.7500","6.5333",,,7/29/2010 0:00:00,12/30/1899 18:45:00,"A- Fatal","F- Driver",,"Male","N- Pickup","T-Pedestrian's Negligence",2.00
2833,11898.00,"5- Mahaica- Berbice",534,"Quakers Hall Public Road","East Coast Demerara Road (From Georgetown)","-57.8500","6.6333",,,8/7/2010 0:00:00,12/30/1899 10:30:00,"C- Minor Injury","F- Driver",,"Male","J- Minibus;L- Lorries Van","S- Driver's Negligence",2.00
2834,11899.00,"5- Mahaica- Berbice",533,"Bath Public Road","East Coast Demerara Road (From Georgetown)","-57.8500","6.6333",,,8/12/2010 0:00:00,12/30/1899 17:30:00,"B- Serious Injury","F- Driver",27.00,"Male","M- Hire Cars;W-Pedal Cycle","U- Cyclist's Negligence",2.00
2835,11900.00,"5- Mahaica- Berbice",554,"Novar Public Road","East Coast Demerara Road (From Georgetown)","-57.7667","6.5500",,,9/10/2010 0:00:00,12/30/1899 12:30:00,"C- Minor Injury","F- Driver",,"Male","J- Minibus;V-Motor Cycle","S- Driver's Negligence",2.00
2836,11901.00,"5- Mahaica- Berbice",553,"Dundee Public Road","East Coast Demerara Road (From Georgetown)","-57.7667","6.5500",,,9/10/2010 0:00:00,12/30/1899 17:30:00,"B- Serious Injury","F- Driver",24.00,"Male","K- Private Cars","P- Speeding",2.00
2837,11902.00,"5- Mahaica- Berbice",557,"Calcutta Public Road","East Coast Demerara Road (From Georgetown)","-57.7500","6.5500",,,9/14/2010 0:00:00,12/30/1899 8:45:00,"B- Serious Injury","G- Rider",22.00,"Male","V-Motor Cycle","T-Pedestrian's Negligence",2.00
2838,11903.00,"5- Mahaica- Berbice",551,"Huntley Public Road","East Coast Demerara Road (From Georgetown)","-57.7833","6.5667",,,9/20/2010 0:00:00,12/30/1899 8:30:00,"B- Serious Injury","F- Driver",20.00,"Male","K- Private Cars","P- Speeding",2.00
2839,11904.00,"5- Mahaica- Berbice",546,"Farm Public Road","East Coast Demerara Road (From Georgetown)","-57.8167","6.5833",,,10/4/2010 0:00:00,12/30/1899 8:00:00,"B- Serious Injury","F- Driver",50.00,"Male","K- Private Cars","S- Driver's Negligence",4.00
2840,11905.00,"5- Mahaica- Berbice",546,"Farm Public Road","East Coast Demerara Road (From Georgetown)","-57.8167","6.5833",,,10/6/2010 0:00:00,12/30/1899 12:00:00,"B- Serious Injury","F- Driver",,"Male","L- Lorries Van;X-Tractor","P- Speeding",4.00
2841,11906.00,"5- Mahaica- Berbice",552,"Airy Hall Public Road","East Coast Demerara Road (From Georgetown)","-57.7667","6.5667",,,10/14/2011 0:00:00,12/30/1899 19:00:00,"B- Serious Injury","F- Driver",24.00,"Male","K- Private Cars","S- Driver's Negligence",4.00
2842,11922.00,"5- Mahaica- Berbice",551,"Huntley Public Road","East Coast Demerara Road (From Georgetown)","-57.7833","6.5667",,,12/16/2011 0:00:00,12/30/1899 15:45:00,"C- Minor Injury","F- Driver",,"Male","J- Minibus;N- Pickup","S- Driver's Negligence",2.00
2843,11923.00,"5- Mahaica- Berbice",534,"Quakers Hall Public Road","East Coast Demerara Road (From Georgetown)","-57.8500","6.6333",,,1/11/2012 0:00:00,12/30/1899 19:00:00,"A- Fatal","F- Driver",,"Male","L- Lorries Van","O- Lost Control & Runoff",3.00
2844,11924.00,"5- Mahaica- Berbice",546,"Farm Railway Embankment","East Coast Demerara Road (From Georgetown)","-57.8167","6.5833",,,2/2/2012 0:00:00,12/30/1899 17:45:00,"A- Fatal","F- Driver",29.00,"Male","L- Lorries Van;N- Pickup","O- Lost Control & Runoff;P- Speeding",2.00
2845,11925.00,"5- Mahaica- Berbice",538,"Cottage Public Road","East Coast Demerara Road (From Georgetown)","-57.8333","6.6333",,,2/19/2012 0:00:00,12/30/1899 10:25:00,"A- Fatal","F- Driver",33.00,"Male","K- Private Cars;W-Pedal Cycle","S- Driver's Negligence",2.00
2846,11926.00,"5- Mahaica- Berbice",546,"Farm Public Road","East Coast Demerara Road (From Georgetown)","-57.8167","6.5833",,,3/21/2012 0:00:00,12/30/1899 13:50:00,"C- Minor Injury","F- Driver",31.00,"Male","L- Lorries Van","O- Lost Control & Runoff",1.00
2847,11927.00,"5- Mahaica- Berbice",552,"Airy Hall Public Road","East Coast Demerara Road (From Georgetown)","-57.7667","6.5667",,,5/4/2012 0:00:00,12/30/1899 4:00:00,"D- Property Damage","F- Driver",27.00,"Male","K- Private Cars;L- Lorries Van","S- Driver's Negligence",2.00
2848,11928.00,"5- Mahaica- Berbice",554,"Novar Public Road","East Coast Demerara Road (From Georgetown)","-57.7667","6.5500",,,5/9/2012 0:00:00,,"C- Minor Injury","F- Driver",32.00,"Male","N- Pickup","T-Pedestrian's Negligence",2.00
2849,11929.00,"5- Mahaica- Berbice",544,"Drill Public Road","East Coast Demerara Road (From Georgetown)","-57.8167","6.6167",,,5/20/2012 0:00:00,12/30/1899 4:30:00,"C- Minor Injury","F- Driver",41.00,"Male","M- Hire Cars","Y-Animal",1.00
2850,11930.00,"5- Mahaica- Berbice",533,"Bath Public Road","East Coast Demerara Road (From Georgetown)","-57.8500","6.6333",,,6/25/2012 0:00:00,12/30/1899 22:45:00,"A- Fatal","F- Driver",38.00,"Male","L- Lorries Van;N- Pickup","O- Lost Control & Runoff;P- Speeding",2.00
2851,11931.00,"5- Mahaica- Berbice",542,"Now or Never Public Road","East Coast Demerara Road (From Georgetown)","-57.8167","6.6167",,,8/7/2012 0:00:00,12/30/1899 14:00:00,"B- Serious Injury","F- Driver",39.00,"Male","K- Private Cars","O- Lost Control & Runoff",1.00
2852,11932.00,"5- Mahaica- Berbice",552,"Airy Hall Public Road","East Coast Demerara Road (From Georgetown)","-57.7667","6.5667",,,8/25/2012 0:00:00,12/30/1899 22:15:00,"A- Fatal","F- Driver",22.00,"Male","K- Private Cars;L- Lorries Van","S- Driver's Negligence",4.00
2853,11933.00,"5- Mahaica- Berbice",533,"Bath Public Road","East Coast Demerara Road (From Georgetown)","-57.8500","6.6333",,,8/26/2012 0:00:00,12/30/1899 2:30:00,"A- Fatal","F- Driver",30.00,"Male","K- Private Cars;V-Motor Cycle","P- Speeding;U- Cyclist's Negligence",2.00
2854,11934.00,"5- Mahaica- Berbice",555,"Good Faith","East Coast Demerara Road (From Georgetown)","-57.7667","6.5500",,,10/14/2012 0:00:00,12/30/1899 17:00:00,"D- Property Damage","F- Driver",49.00,"Male","K- Private Cars","S- Driver's Negligence",2.00
2855,11935.00,"5- Mahaica- Berbice",534,"Quakers Hall Public Road","East Coast Demerara Road (From Georgetown)","-57.8500","6.6333",,,10/26/2012 0:00:00,12/30/1899 18:00:00,"B- Serious Injury","F- Driver",32.00,"Male","K- Private Cars;M- Hire Cars","S- Driver's Negligence",5.00
2856,11936.00,"5- Mahaica- Berbice",601,"Mortice Public Road","LEFT BANK MAHAICONY RIVER (From Georgetown)","-57.4333","6.1000",,,10/25/2010 0:00:00,12/30/1899 13:00:00,"C- Minor Injury","F- Driver",54.00,"Male","J- Minibus","S- Driver's Negligence;T-Pedestrian's Negligence",2.00
2857,11937.00,"5- Mahaica- Berbice",546,"Farm Public Road","East Coast Demerara Road (From Georgetown)","-57.8167","6.5833",,,11/14/2010 0:00:00,12/30/1899 5:00:00,"C- Minor Injury","F- Driver",,"Male","K- Private Cars;M- Hire Cars","P- Speeding",2.00
2858,11938.00,"5- Mahaica- Berbice",546,"Farm Public Road","East Coast Demerara Road (From Georgetown)","-57.8167","6.5833",,,,12/30/1899 7:00:00,"A- Fatal","F- Driver",44.00,"Male","M- Hire Cars;W-Pedal Cycle","U- Cyclist's Negligence",2.00
2859,11939.00,"5- Mahaica- Berbice",552,"Airy Hall Public Road","East Coast Demerara Road (From Georgetown)","-57.7667","6.5667",,,12/4/2010 0:00:00,12/30/1899 20:30:00,"D- Property Damage","F- Driver",43.00,"Male","K- Private Cars","P- Speeding",2.00
2860,11940.00,"5- Mahaica- Berbice",552,"Airy Hall Public Road","East Coast Demerara Road (From Georgetown)","-57.7667","6.5667",,,12/23/2010 0:00:00,12/30/1899 20:00:00,"B- Serious Injury","F- Driver",33.00,"Male","M- Hire Cars;V-Motor Cycle","U- Cyclist's Negligence",2.00
2861,11941.00,"5- Mahaica- Berbice",538,"Cottage Public Road","East Coast Demerara Road (From Georgetown)","-57.8333","6.6333",,,1/28/2011 0:00:00,12/30/1899 11:00:00,"C- Minor Injury","F- Driver",48.00,"Male","J- Minibus","S- Driver's Negligence",3.00
2862,11942.00,"5- Mahaica- Berbice",558,"Catherina Public Road","East Coast Demerara Road (From Georgetown)","-57.7500","6.5333",,,1/30/2011 0:00:00,12/30/1899 23:30:00,"B- Serious Injury","F- Driver",33.00,"Male","K- Private Cars","O- Lost Control & Runoff",1.00
2863,11943.00,"5- Mahaica- Berbice",553,"Dundee Public Road","East Coast Demerara Road (From Georgetown)","-57.7667","6.5500",,,3/2/2011 0:00:00,12/30/1899 15:15:00,"B- Serious Injury","F- Driver",40.00,"Male","K- Private Cars","T-Pedestrian's Negligence",2.00
2864,11944.00,"5- Mahaica- Berbice",550,"Grove Public Road","East Coast Demerara Road (From Georgetown)","-57.7833","6.5667",,,3/18/2011 0:00:00,12/30/1899 1:45:00,"B- Serious Injury","F- Driver",30.00,"Male","K- Private Cars","O- Lost Control & Runoff;P- Speeding",3.00
2865,11945.00,"5- Mahaica- Berbice",556,"Reccess Public Road","East Coast Demerara Road (From Georgetown)","-57.7500","6.5500",,,4/19/2011 0:00:00,12/30/1899 22:30:00,"B- Serious Injury","F- Driver",23.00,"Male","K- Private Cars","P- Speeding",2.00
2866,11946.00,"5- Mahaica- Berbice",552,"Airy Hall Public Road","East Coast Demerara Road (From Georgetown)","-57.7667","6.5667",,,5/3/2011 0:00:00,12/30/1899 19:15:00,"B- Serious Injury","F- Driver",32.00,"Male","K- Private Cars","P- Speeding",1.00
2867,11947.00,"5- Mahaica- Berbice",549,"Fellowship Public Road","East Coast Demerara Road (From Georgetown)","-57.7833","6.5667",,,5/16/2011 0:00:00,12/30/1899 14:00:00,"B- Serious Injury","F- Driver",,"Male","L- Lorries Van;M- Hire Cars","P- Speeding",2.00