"ID","Accident ID","Region Number","Corridor ID","Location (Intersection/Road/Street)","Corridor","Location- longitude/ X","Location- latitude/  Y","Mile Marker","Village","Date of Accident","Time of Accident","Type of Accident","Class of Road User","Age/DOB","Gender","Class of Vehicles Involved","Contributing Factor","Number of Persons Involved"
2868,11948.00,"5- Mahaica- Berbice",537,"Planters Hall Public Road","East Coast Demerara Road (From Georgetown)","-57.8333","6.6333",,,5/18/2011 0:00:00,12/30/1899 16:15:00,"B- Serious Injury","F- Driver",,"Male","K- Private Cars","S- Driver's Negligence",2.00
2869,11949.00,"5- Mahaica- Berbice",544,"Drill Public Road","East Coast Demerara Road (From Georgetown)","-57.8167","6.6167",,,8/1/2011 0:00:00,12/30/1899 5:45:00,"C- Minor Injury","F- Driver",24.00,"Male","K- Private Cars","P- Speeding",2.00
2870,11950.00,"5- Mahaica- Berbice",540,"Perservance Public Road","East Coast Demerara Road (From Georgetown)","-57.8333","6.6167",,,8/12/2011 0:00:00,12/30/1899 12:00:00,"C- Minor Injury","F- Driver",,"Male","K- Private Cars","S- Driver's Negligence",2.00
2871,11951.00,"5- Mahaica- Berbice",537,"Planters Hall Public Road","East Coast Demerara Road (From Georgetown)","-57.8333","6.6333",,,9/9/2011 0:00:00,12/30/1899 22:30:00,"A- Fatal","F- Driver",44.00,"Male","N- Pickup","P- Speeding",1.00
2872,11952.00,"5- Mahaica- Berbice",552,"Airy Hall Public Road","East Coast Demerara Road (From Georgetown)","-57.7667","6.5667",,,10/2/2011 0:00:00,12/30/1899 10:00:00,"A- Fatal","F- Driver",31.00,"Male","N- Pickup","P- Speeding",1.00
2873,11953.00,"5- Mahaica- Berbice",534,"Quakers Hall Public Road","East Coast Demerara Road (From Georgetown)","-57.8500","6.6333",,,12/4/2012 0:00:00,12/30/1899 10:15:00,"C- Minor Injury","F- Driver",22.00,"Male","K- Private Cars;L- Lorries Van","S- Driver's Negligence",3.00
2874,11954.00,"5- Mahaica- Berbice",548,"Park Public Road","East Coast Demerara Road (From Georgetown)","-57.7833","6.5833",,,12/10/2012 0:00:00,,"B- Serious Injury","F- Driver",39.00,"Male","K- Private Cars","R- Improper Overtaking",2.00
2875,11955.00,"5- Mahaica- Berbice",588,"Andrew & Hamlet Barnch Road","LEFT BANK MAHAICONY RIVER (From Georgetown)","-57.8167","6.5667",,,12/11/2012 0:00:00,12/30/1899 18:40:00,"D- Property Damage","F- Driver",34.00,"Male","L- Lorries Van;M- Hire Cars",,2.00
2876,12947.00,"8- Potaro-Siparuni",944,"111 Miles Public Road","BARTICA POTARO ROAD (From permanent Mark no. 118 at N.E corner of Bartica)","-59.0000","5.3667",,,6/6/2011 0:00:00,12/30/1899 15:30:00,"C- Minor Injury","F- Driver",17.00,"Female","M- Hire Cars","S- Driver's Negligence",3.00
2877,12948.00,"8- Potaro-Siparuni",947,"Prince Ville Trail","BARTICA POTARO ROAD (From permanent Mark no. 118 at N.E corner of Bartica)","-58.9667","5.3667",,,7/1/2011 0:00:00,12/30/1899 18:40:00,"A- Fatal","F- Driver",24.00,"Male","K- Private Cars;V-Motor Cycle","P- Speeding",2.00
2878,12949.00,"8- Potaro-Siparuni",944,"111 Miles Public Road","BARTICA POTARO ROAD (From permanent Mark no. 118 at N.E corner of Bartica)","-59.0000","5.3667",,,10/7/2011 0:00:00,12/30/1899 19:45:00,"D- Property Damage","F- Driver",42.00,"Male","N- Pickup;X-Tractor","S- Driver's Negligence",2.00
2879,12950.00,"8- Potaro-Siparuni",944,"111 Miles Public Road","BARTICA POTARO ROAD (From permanent Mark no. 118 at N.E corner of Bartica)","-59.0000","5.3667",,,12/12/2011 0:00:00,12/30/1899 14:45:00,"D- Property Damage","F- Driver",40.00,"Male","K- Private Cars;N- Pickup","S- Driver's Negligence",2.00
2880,12951.00,"8- Potaro-Siparuni",947,"Air Strip Road","BARTICA POTARO ROAD (From permanent Mark no. 118 at N.E corner of Bartica)","-58.9667","5.3667",,,11/21/2012 0:00:00,12/30/1899 6:45:00,"A- Fatal","F- Driver",40.00,"Male","K- Private Cars","P- Speeding",2.00
2881,14764.00,"3- Essequibo Islands- West Demerara",211,"Organgestein Public Rd.","Right Bank Essequibo River (From Vreed-en-Hoop, I.b. Demerara River)","-58.4000","6.8500",,,1/6/2002 0:00:00,12/30/1899 15:00:00,"C- Minor Injury","F- Driver",39.00,"Male","J- Minibus;K- Private Cars","P- Speeding",5.00
2882,14765.00,"3- Essequibo Islands- West Demerara",206,"Greenwich Park Public Rd.","Right Bank Essequibo River (From Vreed-en-Hoop, I.b. Demerara River)","-58.3833","6.8667",,,1/11/2002 0:00:00,12/30/1899 15:30:00,"A- Fatal","F- Driver",40.00,"Male","J- Minibus;L- Lorries Van","P- Speeding",12.00
2883,14766.00,"3- Essequibo Islands- West Demerara",215,"Parika Public Rd.","Right Bank Essequibo River (From Vreed-en-Hoop, I.b. Demerara River)","-58.4167","6.8500",,,3/26/2002 0:00:00,12/30/1899 20:00:00,"B- Serious Injury","G- Rider",22.00,"Male","V-Motor Cycle","U- Cyclist's Negligence",2.00
2884,14767.00,"3- Essequibo Islands- West Demerara",215,"Parika Public Rd.","Right Bank Essequibo River (From Vreed-en-Hoop, I.b. Demerara River)","-58.4167","6.8500",,,5/26/2002 0:00:00,12/30/1899 14:30:00,"C- Minor Injury","F- Driver",,"Male","J- Minibus","S- Driver's Negligence",2.00
2885,14768.00,"3- Essequibo Islands- West Demerara",215,"Parika Public Rd.","Right Bank Essequibo River (From Vreed-en-Hoop, I.b. Demerara River)","-58.4167","6.8500",,,7/29/2002 0:00:00,12/30/1899 11:45:00,"C- Minor Injury","G- Rider",30.00,"Male","V-Motor Cycle","U- Cyclist's Negligence",2.00
2886,14769.00,"3- Essequibo Islands- West Demerara",210,"Le Destin Public Rd.","Right Bank Essequibo River (From Vreed-en-Hoop, I.b. Demerara River)","-58.4000","6.8667",,,8/5/2002 0:00:00,12/30/1899 18:30:00,"D- Property Damage","F- Driver",48.00,"Male","J- Minibus;V-Motor Cycle","S- Driver's Negligence",2.00
2887,14770.00,"3- Essequibo Islands- West Demerara",215,"Parika Public Rd.","Right Bank Essequibo River (From Vreed-en-Hoop, I.b. Demerara River)","-58.4167","6.8500",,,7/31/2002 0:00:00,12/30/1899 18:00:00,"D- Property Damage","F- Driver",48.00,"Male","J- Minibus","S- Driver's Negligence",2.00
2888,14771.00,"3- Essequibo Islands- West Demerara",215,"Parika Public Rd.","Right Bank Essequibo River (From Vreed-en-Hoop, I.b. Demerara River)","-58.4167","6.8500",,,8/30/2002 0:00:00,12/30/1899 17:20:00,"D- Property Damage","F- Driver",28.00,"Male","J- Minibus;M- Hire Cars","S- Driver's Negligence",2.00
2889,14772.00,"3- Essequibo Islands- West Demerara",206,"Greenwich Park Public Rd.","Right Bank Essequibo River (From Vreed-en-Hoop, I.b. Demerara River)","-58.3833","6.8667",,,3/1/2002 0:00:00,12/30/1899 18:20:00,"B- Serious Injury","E- Pedestrian",32.00,"Male","J- Minibus","T-Pedestrian's Negligence",2.00
2890,14773.00,"3- Essequibo Islands- West Demerara",208,"Ruby Public Rd.","Right Bank Essequibo River (From Vreed-en-Hoop, I.b. Demerara River)","-58.3833","6.8667",,,9/2/2002 0:00:00,12/30/1899 16:30:00,"B- Serious Injury","G- Rider",29.00,"Male","J- Minibus;V-Motor Cycle","U- Cyclist's Negligence",2.00
2891,14774.00,"3- Essequibo Islands- West Demerara",220,"Naamryck Public Rd.","Right Bank Essequibo River (From Vreed-en-Hoop, I.b. Demerara River)","-58.4333","6.8333",,,9/17/2002 0:00:00,12/30/1899 16:15:00,"D- Property Damage","F- Driver",,"Male","J- Minibus;K- Private Cars","S- Driver's Negligence",2.00
2892,14775.00,"3- Essequibo Islands- West Demerara",212,"Bushy Park Public Rd.","Right Bank Essequibo River (From Vreed-en-Hoop, I.b. Demerara River)","-58.4167","6.8500",,,9/20/2004 0:00:00,12/30/1899 17:50:00,"C- Minor Injury","F- Driver",,"Male","M- Hire Cars;W-Pedal Cycle","P- Speeding",2.00
2893,14776.00,"3- Essequibo Islands- West Demerara",215,"Parika Public Rd.","Right Bank Essequibo River (From Vreed-en-Hoop, I.b. Demerara River)","-58.4167","6.8500",,,10/14/2002 0:00:00,12/30/1899 15:15:00,"C- Minor Injury","E- Pedestrian",4.00,"Male","V-Motor Cycle","T-Pedestrian's Negligence",2.00
2894,14777.00,"3- Essequibo Islands- West Demerara",211,"Organgestein Public Rd.","Right Bank Essequibo River (From Vreed-en-Hoop, I.b. Demerara River)","-58.4000","6.8500",,,10/25/2002 0:00:00,12/30/1899 10:45:00,"C- Minor Injury","F- Driver",39.00,"Male","K- Private Cars;L- Lorries Van","S- Driver's Negligence",2.00
2895,14778.00,"3- Essequibo Islands- West Demerara",206,"Greenwich Park Public Rd.","Right Bank Essequibo River (From Vreed-en-Hoop, I.b. Demerara River)","-58.3833","6.8667",,,1/17/2005 0:00:00,12/30/1899 22:00:00,"D- Property Damage","F- Driver",38.00,"Male","M- Hire Cars;X-Tractor","S- Driver's Negligence",2.00
2896,14779.00,"3- Essequibo Islands- West Demerara",208,"Ruby Public Rd.","Right Bank Essequibo River (From Vreed-en-Hoop, I.b. Demerara River)","-58.3833","6.8667",,,1/18/2005 0:00:00,12/30/1899 19:30:00,"D- Property Damage","F- Driver",48.00,"Male","K- Private Cars;V-Motor Cycle","P- Speeding;S- Driver's Negligence",2.00
2897,14780.00,"3- Essequibo Islands- West Demerara",215,"Parika Public Rd.","Right Bank Essequibo River (From Vreed-en-Hoop, I.b. Demerara River)","-58.4167","6.8500",,,1/17/2005 0:00:00,12/30/1899 13:15:00,"D- Property Damage","F- Driver",26.00,"Male","J- Minibus;L- Lorries Van","S- Driver's Negligence",2.00
2898,14781.00,"3- Essequibo Islands- West Demerara",210,"Le Destin Public Rd.","Right Bank Essequibo River (From Vreed-en-Hoop, I.b. Demerara River)","-58.4000","6.8667",,,1/18/2005 0:00:00,,"D- Property Damage","F- Driver",39.00,"Male","J- Minibus","Y- Animal",1.00
2899,14782.00,"3- Essequibo Islands- West Demerara",206,"Greenwich Park Public Rd.","Right Bank Essequibo River (From Vreed-en-Hoop, I.b. Demerara River)","-58.3833","6.8667",,,2/23/2005 0:00:00,12/30/1899 15:40:00,"D- Property Damage","F- Driver",56.00,"Male","J- Minibus;K- Private Cars","S- Driver's Negligence",2.00
2900,14783.00,"3- Essequibo Islands- West Demerara",212,"Bushy Park Public Rd.","Right Bank Essequibo River (From Vreed-en-Hoop, I.b. Demerara River)","-58.4167","6.8500",,,4/3/2005 0:00:00,12/30/1899 12:00:00,"B- Serious Injury","F- Driver",42.00,"Male","J- Minibus;L- Lorries Van;X-Tractor","S- Driver's Negligence",4.00
2901,14784.00,"3- Essequibo Islands- West Demerara",211,"Organgestein Public Rd.","Right Bank Essequibo River (From Vreed-en-Hoop, I.b. Demerara River)","-58.4000","6.8500",,,4/17/2005 0:00:00,12/30/1899 16:30:00,"D- Property Damage","F- Driver",26.00,"Male","K- Private Cars","Y- Animal",1.00
2902,14785.00,"3- Essequibo Islands- West Demerara",211,"Organgestein Public Rd.","Right Bank Essequibo River (From Vreed-en-Hoop, I.b. Demerara River)","-58.4000","6.8500",,,5/5/2005 0:00:00,12/30/1899 13:30:00,"D- Property Damage","F- Driver",53.00,"Male","J- Minibus","Y- Animal",1.00
2903,14786.00,"3- Essequibo Islands- West Demerara",206,"Greenwich Park Public Rd.","Right Bank Essequibo River (From Vreed-en-Hoop, I.b. Demerara River)","-58.3833","6.8667",,,5/12/2005 0:00:00,12/30/1899 8:15:00,"D- Property Damage","F- Driver",30.00,"Male","M- Hire Cars","Y- Animal",1.00
2904,14787.00,"3- Essequibo Islands- West Demerara",215,"Parika Public Rd.","Right Bank Essequibo River (From Vreed-en-Hoop, I.b. Demerara River)","-58.4167","6.8500",,,5/21/2005 0:00:00,12/30/1899 22:30:00,"B- Serious Injury","E- Pedestrian",17.00,"Female","K- Private Cars","T-Pedestrian's Negligence",2.00
2905,14788.00,"3- Essequibo Islands- West Demerara",215,"Parika Public Rd.","Right Bank Essequibo River (From Vreed-en-Hoop, I.b. Demerara River)","-58.4167","6.8500",,,5/25/2005 0:00:00,12/30/1899 21:30:00,"D- Property Damage","F- Driver",45.00,"Male","J- Minibus","Y- Animal",1.00
2906,14789.00,"3- Essequibo Islands- West Demerara",209,"Farm Public Rd.","Right Bank Essequibo River (From Vreed-en-Hoop, I.b. Demerara River)","-58.1833","6.7333",,,5/31/2005 0:00:00,12/30/1899 13:55:00,"D- Property Damage","F- Driver",,"Male","J- Minibus","Y- Animal",1.00
2907,14790.00,"3- Essequibo Islands- West Demerara",211,"Organgestein Public Rd.","Right Bank Essequibo River (From Vreed-en-Hoop, I.b. Demerara River)","-58.4000","6.8500",,,6/1/2005 0:00:00,12/30/1899 6:45:00,"D- Property Damage","F- Driver",,"Male","J- Minibus","Y- Animal",1.00
2908,14791.00,"3- Essequibo Islands- West Demerara",215,"Parika Public Rd.","Right Bank Essequibo River (From Vreed-en-Hoop, I.b. Demerara River)","-58.4167","6.8500",,,6/2/2005 0:00:00,12/30/1899 4:45:00,"C- Minor Injury","F- Driver",,,"K- Private Cars;L- Lorries Van","P- Speeding",3.00
2909,14792.00,"3- Essequibo Islands- West Demerara",209,"Farm Public Rd.","Right Bank Essequibo River (From Vreed-en-Hoop, I.b. Demerara River)","-58.1833","6.7333",,,6/23/2005 0:00:00,12/30/1899 15:30:00,"B- Serious Injury","G- Rider",43.00,"Male","V-Motor Cycle","Y- Animal",1.00
2910,14793.00,"3- Essequibo Islands- West Demerara",208,"Ruby Public Rd.","Right Bank Essequibo River (From Vreed-en-Hoop, I.b. Demerara River)","-58.3833","6.8667",,,7/3/2005 0:00:00,12/30/1899 8:45:00,"A- Fatal","E- Pedestrian",80.00,"Male","L- Lorries Van","T-Pedestrian's Negligence",2.00
2911,14794.00,"3- Essequibo Islands- West Demerara",211,"Organgestein Public Rd.","Right Bank Essequibo River (From Vreed-en-Hoop, I.b. Demerara River)","-58.4000","6.8500",,,7/1/2005 0:00:00,12/30/1899 22:00:00,"B- Serious Injury","F- Driver",22.00,"Male","K- Private Cars","O- Lost Control & Runoff;P- Speeding",3.00
2912,14795.00,"3- Essequibo Islands- West Demerara",212,"Bushy Park Public Rd.","Right Bank Essequibo River (From Vreed-en-Hoop, I.b. Demerara River)","-58.4167","6.8500",,,8/1/2005 0:00:00,12/30/1899 19:30:00,"B- Serious Injury","E- Pedestrian",27.00,"Male","V-Motor Cycle","T-Pedestrian's Negligence",2.00
2913,14796.00,"3- Essequibo Islands- West Demerara",211,"Organgestein Public Rd.","Right Bank Essequibo River (From Vreed-en-Hoop, I.b. Demerara River)","-58.4000","6.8500",,,8/6/2005 0:00:00,12/30/1899 22:00:00,"D- Property Damage","F- Driver",48.00,"Male","K- Private Cars","Y- Animal",1.00
2914,14797.00,"3- Essequibo Islands- West Demerara",215,"Parika Public Rd.","Right Bank Essequibo River (From Vreed-en-Hoop, I.b. Demerara River)","-58.4167","6.8500",,,8/17/2005 0:00:00,12/30/1899 18:00:00,"B- Serious Injury","G- Rider",22.00,"Male","L- Lorries Van;V-Motor Cycle","U- Cyclist's Negligence",3.00
2915,14798.00,"3- Essequibo Islands- West Demerara",215,"Parika Backdam","Right Bank Essequibo River (From Vreed-en-Hoop, I.b. Demerara River)","-58.4167","6.8500",,,9/12/2005 0:00:00,12/30/1899 9:00:00,"B- Serious Injury","F- Driver",30.00,"Male","J- Minibus;W-Pedal Cycle","P- Speeding",2.00
2916,14799.00,"3- Essequibo Islands- West Demerara",210,"Le Destin Public Rd.","Right Bank Essequibo River (From Vreed-en-Hoop, I.b. Demerara River)","-58.4000","6.8667",,,9/17/2005 0:00:00,12/30/1899 21:15:00,"B- Serious Injury","G- Rider",,,"V-Motor Cycle","O- Lost Control & Runoff",1.00
2917,14800.00,"3- Essequibo Islands- West Demerara",210,"Le Destin Public Rd.","Right Bank Essequibo River (From Vreed-en-Hoop, I.b. Demerara River)","-58.4000","6.8667",,,9/18/2005 0:00:00,12/30/1899 15:45:00,"A- Fatal","F- Driver",38.00,"Male","J- Minibus;K- Private Cars","P- Speeding",5.00
2918,14801.00,"3- Essequibo Islands- West Demerara",215,"Parika Public Rd.","Right Bank Essequibo River (From Vreed-en-Hoop, I.b. Demerara River)","-58.4167","6.8500",,,9/24/2005 0:00:00,12/30/1899 21:30:00,"C- Minor Injury","F- Driver",33.00,"Male","J- Minibus;N- Pickup","S- Driver's Negligence",5.00
2919,14802.00,"3- Essequibo Islands- West Demerara",208,"Ruby Public Rd.","Right Bank Essequibo River (From Vreed-en-Hoop, I.b. Demerara River)","-58.3833","6.8667",,,10/3/2005 0:00:00,12/30/1899 9:45:00,"C- Minor Injury","F- Driver",28.00,"Male","J- Minibus","S- Driver's Negligence",4.00
2920,14803.00,"3- Essequibo Islands- West Demerara",209,"Farm Public Rd.","Right Bank Essequibo River (From Vreed-en-Hoop, I.b. Demerara River)","-58.1833","6.7333",,,10/8/2005 0:00:00,12/30/1899 7:30:00,"B- Serious Injury","F- Driver",53.00,"Male","J- Minibus;L- Lorries Van","O- Lost Control & Runoff",8.00
2921,14804.00,"3- Essequibo Islands- West Demerara",215,"Parika Backdam","Right Bank Essequibo River (From Vreed-en-Hoop, I.b. Demerara River)","-58.4167","6.8500",,,10/30/2005 0:00:00,12/30/1899 10:30:00,"B- Serious Injury","E- Pedestrian",2.00,"Female","J- Minibus","T-Pedestrian's Negligence",2.00
2922,14805.00,"3- Essequibo Islands- West Demerara",211,"Organgestein Public Rd.","Right Bank Essequibo River (From Vreed-en-Hoop, I.b. Demerara River)","-58.4000","6.8500",,,11/28/2005 0:00:00,12/30/1899 10:20:00,"B- Serious Injury","F- Driver",31.00,"Male","J- Minibus;L- Lorries Van","O- Lost Control & Runoff",2.00
2923,14806.00,"3- Essequibo Islands- West Demerara",212,"Bushy Park Public Rd.","Right Bank Essequibo River (From Vreed-en-Hoop, I.b. Demerara River)","-58.4167","6.8500",,,11/29/2005 0:00:00,12/30/1899 20:45:00,"D- Property Damage","F- Driver",,"Male","K- Private Cars;L- Lorries Van","P- Speeding",2.00
2924,14807.00,"3- Essequibo Islands- West Demerara",209,"Farm Public Rd.","Right Bank Essequibo River (From Vreed-en-Hoop, I.b. Demerara River)","-58.1833","6.7333",,,12/22/2005 0:00:00,12/30/1899 19:00:00,"A- Fatal","F- Driver",35.00,"Male","J- Minibus","P- Speeding",2.00
2925,14808.00,"3- Essequibo Islands- West Demerara",206,"Greenwich Park Public Rd.","Right Bank Essequibo River (From Vreed-en-Hoop, I.b. Demerara River)","-58.3833","6.8667",,,1/20/2006 0:00:00,12/30/1899 11:00:00,"B- Serious Injury","F- Driver",22.00,"Male","J- Minibus;M- Hire Cars;X-Tractor","S- Driver's Negligence",3.00
2926,14809.00,"3- Essequibo Islands- West Demerara",215,"Parika Public Rd.","Right Bank Essequibo River (From Vreed-en-Hoop, I.b. Demerara River)","-58.4167","6.8500",,,2/13/2006 0:00:00,12/30/1899 11:50:00,"C- Minor Injury","F- Driver",,,"J- Minibus;W-Pedal Cycle","O- Lost Control & Runoff",2.00
2927,14810.00,"3- Essequibo Islands- West Demerara",207,"Good Hope Public Rd.","Right Bank Essequibo River (From Vreed-en-Hoop, I.b. Demerara River)","-58.5167","6.9833",,,2/23/2006 0:00:00,12/30/1899 19:30:00,"C- Minor Injury","F- Driver",,"Male","K- Private Cars;L- Lorries Van","S- Driver's Negligence",2.00
2928,14811.00,"3- Essequibo Islands- West Demerara",207,"Good Hope Public Rd.","Right Bank Essequibo River (From Vreed-en-Hoop, I.b. Demerara River)","-58.5167","6.9833",,,,12/30/1899 22:30:00,"A- Fatal","F- Driver",30.00,"Male","J- Minibus;V-Motor Cycle","S- Driver's Negligence",6.00
2929,14812.00,"3- Essequibo Islands- West Demerara",215,"Parika Public Rd.","Right Bank Essequibo River (From Vreed-en-Hoop, I.b. Demerara River)","-58.4167","6.8500",,,3/19/2006 0:00:00,12/30/1899 11:30:00,"D- Property Damage","F- Driver",47.00,"Male","N- Pickup","P- Speeding",2.00
2930,14813.00,"3- Essequibo Islands- West Demerara",209,"Farm Public Rd.","Right Bank Essequibo River (From Vreed-en-Hoop, I.b. Demerara River)","-58.1833","6.7333",,,4/11/2006 0:00:00,12/30/1899 19:00:00,"B- Serious Injury","F- Driver",27.00,"Male","L- Lorries Van","Y- Animal",3.00
2931,14814.00,"3- Essequibo Islands- West Demerara",209,"Farm Public Rd.","Right Bank Essequibo River (From Vreed-en-Hoop, I.b. Demerara River)","-58.1833","6.7333",,,4/24/2006 0:00:00,,"B- Serious Injury","F- Driver",46.00,"Male","L- Lorries Van","O- Lost Control & Runoff;P- Speeding",2.00
2932,14815.00,"3- Essequibo Islands- West Demerara",209,"Farm Public Rd.","Right Bank Essequibo River (From Vreed-en-Hoop, I.b. Demerara River)","-58.1833","6.7333",,,4/30/2006 0:00:00,12/30/1899 7:15:00,"A- Fatal","E- Pedestrian",73.00,"Female","J- Minibus","T-Pedestrian's Negligence",2.00
2933,14816.00,"3- Essequibo Islands- West Demerara",215,"Parika Back Public Rd.","Right Bank Essequibo River (From Vreed-en-Hoop, I.b. Demerara River)","-58.4167","6.8500",,,5/15/2006 0:00:00,12/30/1899 18:30:00,"B- Serious Injury","G- Rider",20.00,"Male","V-Motor Cycle","O- Lost Control & Runoff;P- Speeding",2.00
2934,14817.00,"3- Essequibo Islands- West Demerara",209,"Farm Public Rd.","Right Bank Essequibo River (From Vreed-en-Hoop, I.b. Demerara River)","-58.1833","6.7333",,,5/25/2006 0:00:00,12/30/1899 8:15:00,"D- Property Damage","F- Driver",28.00,"Male","J- Minibus;L- Lorries Van","S- Driver's Negligence",2.00
2935,14818.00,"3- Essequibo Islands- West Demerara",212,"Bushy Park Public Rd.","Right Bank Essequibo River (From Vreed-en-Hoop, I.b. Demerara River)","-58.4167","6.8500",,,6/9/2006 0:00:00,12/30/1899 16:30:00,"D- Property Damage","F- Driver",,"Male","M- Hire Cars","Y- Animal",1.00
2936,14819.00,"3- Essequibo Islands- West Demerara",206,"Greenwich Park Public Rd.","Right Bank Essequibo River (From Vreed-en-Hoop, I.b. Demerara River)","-58.3833","6.8667",,,6/11/2006 0:00:00,12/30/1899 13:00:00,"B- Serious Injury","F- Driver",22.00,"Male","K- Private Cars","P- Speeding",2.00
2937,14820.00,"3- Essequibo Islands- West Demerara",204,"Philadelphia Public Rd.","Right Bank Essequibo River (From Vreed-en-Hoop, I.b. Demerara River)","-58.3667","6.8667",,,6/23/2006 0:00:00,12/30/1899 19:15:00,"D- Property Damage","G- Rider",21.00,"Male","V-Motor Cycle","Y- Animal",1.00
2938,14821.00,"3- Essequibo Islands- West Demerara",215,"Parika Public Rd.","Right Bank Essequibo River (From Vreed-en-Hoop, I.b. Demerara River)","-58.4167","6.8500",,,6/26/2006 0:00:00,12/30/1899 12:30:00,"C- Minor Injury","F- Driver",,"Male","L- Lorries Van","S- Driver's Negligence",2.00
2939,14822.00,"3- Essequibo Islands- West Demerara",215,"Parika Old Rd.","Right Bank Essequibo River (From Vreed-en-Hoop, I.b. Demerara River)","-58.4167","6.8500",,,5/7/2006 0:00:00,12/30/1899 13:15:00,"D- Property Damage","E- Pedestrian",,,"J- Minibus","T-Pedestrian's Negligence",2.00
2940,14823.00,"3- Essequibo Islands- West Demerara",212,"Bushy Park Public Rd.","Right Bank Essequibo River (From Vreed-en-Hoop, I.b. Demerara River)","-58.4167","6.8500",,,7/30/2006 0:00:00,12/30/1899 12:30:00,"D- Property Damage","F- Driver",,"Male","K- Private Cars;L- Lorries Van","P- Speeding",2.00
2941,14824.00,"3- Essequibo Islands- West Demerara",209,"Farm Public Rd.","Right Bank Essequibo River (From Vreed-en-Hoop, I.b. Demerara River)","-58.1833","6.7333",,,8/3/2006 0:00:00,12/30/1899 17:15:00,"C- Minor Injury","G- Rider",11.00,"Female","M- Hire Cars;W-Pedal Cycle","U- Cyclist's Negligence",2.00
2942,14825.00,"3- Essequibo Islands- West Demerara",204,"Philadelphia Public Rd.","Right Bank Essequibo River (From Vreed-en-Hoop, I.b. Demerara River)","-58.3667","6.8667",,,10/7/2006 0:00:00,12/30/1899 19:30:00,"A- Fatal","F- Driver",19.00,"Male","K- Private Cars","O- Lost Control & Runoff;P- Speeding",4.00
2943,14826.00,"3- Essequibo Islands- West Demerara",211,"Organgestein Public Rd.","Right Bank Essequibo River (From Vreed-en-Hoop, I.b. Demerara River)","-58.4000","6.8500",,,10/22/2006 0:00:00,12/30/1899 11:00:00,"B- Serious Injury","F- Driver",47.00,"Male","J- Minibus;W-Pedal Cycle","S- Driver's Negligence",2.00
2944,14827.00,"3- Essequibo Islands- West Demerara",212,"Bushy Park Public Rd.","Right Bank Essequibo River (From Vreed-en-Hoop, I.b. Demerara River)","-58.4167","6.8500",,,11/25/2006 0:00:00,,"C- Minor Injury","F- Driver",59.00,"Male","M- Hire Cars;W-Pedal Cycle","S- Driver's Negligence",2.00
2945,14828.00,"3- Essequibo Islands- West Demerara",209,"Farm Public Rd.","Right Bank Essequibo River (From Vreed-en-Hoop, I.b. Demerara River)","-58.1833","6.7333",,,11/26/2006 0:00:00,12/30/1899 10:30:00,"C- Minor Injury","E- Pedestrian",8.00,"Female","K- Private Cars","T-Pedestrian's Negligence",2.00
2946,14829.00,"3- Essequibo Islands- West Demerara",215,"Parika Public Rd.","Right Bank Essequibo River (From Vreed-en-Hoop, I.b. Demerara River)","-58.4167","6.8500",,,12/1/2006 0:00:00,12/30/1899 19:50:00,"D- Property Damage","F- Driver",,"Male","J- Minibus;L- Lorries Van","S- Driver's Negligence",2.00
2947,14830.00,"3- Essequibo Islands- West Demerara",215,"Parika Public Rd.","Right Bank Essequibo River (From Vreed-en-Hoop, I.b. Demerara River)","-58.4167","6.8500",,,12/3/2006 0:00:00,12/30/1899 4:15:00,"B- Serious Injury","G- Rider",,"Male","V-Motor Cycle","U- Cyclist's Negligence",2.00
2948,14831.00,"3- Essequibo Islands- West Demerara",205,"Barnwell Public Rd.","Right Bank Essequibo River (From Vreed-en-Hoop, I.b. Demerara River)","-58.3667","6.8667",,,1/19/2007 0:00:00,,"A- Fatal","E- Pedestrian",31.00,"Male","J- Minibus","T-Pedestrian's Negligence",2.00
2949,14832.00,"3- Essequibo Islands- West Demerara",215,"Parika Backdam Public Rd.","Right Bank Essequibo River (From Vreed-en-Hoop, I.b. Demerara River)","-58.4167","6.8500",,,2/14/2007 0:00:00,12/30/1899 16:30:00,"B- Serious Injury","F- Driver",23.00,"Male","K- Private Cars;L- Lorries Van","O- Lost Control & Runoff;P- Speeding",3.00
2950,14833.00,"3- Essequibo Islands- West Demerara",215,"Parika Outfall","Right Bank Essequibo River (From Vreed-en-Hoop, I.b. Demerara River)","-58.4167","6.8500",,,2/15/2007 0:00:00,12/30/1899 13:00:00,"D- Property Damage","F- Driver",49.00,"Female","K- Private Cars;L- Lorries Van","S- Driver's Negligence",2.00