"ID","Accident ID","Region Number","Corridor ID","Location (Intersection/Road/Street)","Corridor","Location- longitude/ X","Location- latitude/  Y","Mile Marker","Village","Date of Accident","Time of Accident","Type of Accident","Class of Road User","Age/DOB","Gender","Class of Vehicles Involved","Contributing Factor","Number of Persons Involved"
2951,14834.00,"3- Essequibo Islands- West Demerara",209,"Farm Public Rd.","Right Bank Essequibo River (From Vreed-en-Hoop, I.b. Demerara River)","-58.1833","6.7333",,,3/15/2007 0:00:00,12/30/1899 18:30:00,"B- Serious Injury","F- Driver",46.00,"Male","J- Minibus;X-Tractor","S- Driver's Negligence",3.00
2952,14835.00,"3- Essequibo Islands- West Demerara",215,"Parika Public Rd.","Right Bank Essequibo River (From Vreed-en-Hoop, I.b. Demerara River)","-58.4167","6.8500",,,3/24/2007 0:00:00,12/30/1899 21:30:00,"D- Property Damage","F- Driver",,"Male","J- Minibus;N- Pickup","S- Driver's Negligence",2.00
2953,14836.00,"3- Essequibo Islands- West Demerara",206,"Greenwich Park Public Rd.","Right Bank Essequibo River (From Vreed-en-Hoop, I.b. Demerara River)","-58.3833","6.8667",,,4/1/2007 0:00:00,12/30/1899 23:40:00,"D- Property Damage","F- Driver",,"Male","J- Minibus;K- Private Cars","P- Speeding",3.00
2954,14837.00,"3- Essequibo Islands- West Demerara",211,"Organgestein Public Rd.","Right Bank Essequibo River (From Vreed-en-Hoop, I.b. Demerara River)","-58.4000","6.8500",,,5/19/2007 0:00:00,12/30/1899 6:05:00,"C- Minor Injury","G- Rider",39.00,"Male","K- Private Cars;V-Motor Cycle","U- Cyclist's Negligence",2.00
2955,14838.00,"3- Essequibo Islands- West Demerara",215,"Parika Public Rd.","Right Bank Essequibo River (From Vreed-en-Hoop, I.b. Demerara River)","-58.4167","6.8500",,,5/26/2007 0:00:00,12/30/1899 23:00:00,"C- Minor Injury","E- Pedestrian",33.00,"Male","V-Motor Cycle","T-Pedestrian's Negligence",2.00
2956,14839.00,"3- Essequibo Islands- West Demerara",205,"Barnwell Public Rd.","Right Bank Essequibo River (From Vreed-en-Hoop, I.b. Demerara River)","-58.3667","6.8667",,,6/17/2007 0:00:00,12/30/1899 1:30:00,"C- Minor Injury","G- Rider",33.00,"Male","V-Motor Cycle","O- Lost Control & Runoff",1.00
2957,14840.00,"3- Essequibo Islands- West Demerara",215,"Parika Public Rd.","Right Bank Essequibo River (From Vreed-en-Hoop, I.b. Demerara River)","-58.4167","6.8500",,,6/17/2007 0:00:00,12/30/1899 7:30:00,"C- Minor Injury","G- Rider",,"Male","V-Motor Cycle;W-Pedal Cycle","U- Cyclist's Negligence",2.00
2958,14841.00,"3- Essequibo Islands- West Demerara",215,"Parika Public Rd.","Right Bank Essequibo River (From Vreed-en-Hoop, I.b. Demerara River)","-58.4167","6.8500",,,7/29/2007 0:00:00,12/30/1899 11:25:00,"B- Serious Injury","E- Pedestrian",,"Male","J- Minibus","T-Pedestrian's Negligence",2.00
2959,14842.00,"3- Essequibo Islands- West Demerara",211,"Organgestein Public Rd.","Right Bank Essequibo River (From Vreed-en-Hoop, I.b. Demerara River)","-58.4000","6.8500",,,7/30/2007 0:00:00,12/30/1899 17:25:00,"C- Minor Injury","E- Pedestrian",60.00,"Female","L- Lorries Van","T-Pedestrian's Negligence",2.00
2960,14843.00,"3- Essequibo Islands- West Demerara",210,"Le Destin Public Rd.","Right Bank Essequibo River (From Vreed-en-Hoop, I.b. Demerara River)","-58.4000","6.8667",,,8/1/2007 0:00:00,12/30/1899 9:25:00,"A- Fatal","G- Rider",20.00,"Male","J- Minibus;W-Pedal Cycle","O- Lost Control & Runoff;U- Cyclist's Negligence",4.00
2961,14844.00,"3- Essequibo Islands- West Demerara",231,"Hubu Public Rd.","Right Bank Essequibo River (From Vreed-en-Hoop, I.b. Demerara River)","-58.4667","6.8167",,,8/19/2007 0:00:00,12/30/1899 16:30:00,"C- Minor Injury","G- Rider",12.00,"Male","K- Private Cars;W-Pedal Cycle","U- Cyclist's Negligence",2.00
2962,14845.00,"3- Essequibo Islands- West Demerara",209,"Farm Public Rd.","Right Bank Essequibo River (From Vreed-en-Hoop, I.b. Demerara River)","-58.1833","6.7333",,,8/20/2007 0:00:00,,"C- Minor Injury","G- Rider",12.00,"Male","K- Private Cars;W-Pedal Cycle","U- Cyclist's Negligence",2.00
2963,14846.00,"3- Essequibo Islands- West Demerara",211,"Organgestein Public Rd.","Right Bank Essequibo River (From Vreed-en-Hoop, I.b. Demerara River)","-58.4000","6.8500",,,8/29/2007 0:00:00,12/30/1899 7:15:00,"C- Minor Injury","F- Driver",,,"K- Private Cars;W-Pedal Cycle","S- Driver's Negligence",2.00
2964,14847.00,"3- Essequibo Islands- West Demerara",215,"Parika Public Rd.","Right Bank Essequibo River (From Vreed-en-Hoop, I.b. Demerara River)","-58.4167","6.8500",,,,12/30/1899 8:00:00,"D- Property Damage","F- Driver",33.00,"Male","K- Private Cars;M- Hire Cars","S- Driver's Negligence",2.00
2965,14848.00,"3- Essequibo Islands- West Demerara",215,"Parika Public Rd.","Right Bank Essequibo River (From Vreed-en-Hoop, I.b. Demerara River)","-58.4167","6.8500",,,9/14/2007 0:00:00,12/30/1899 13:15:00,"D- Property Damage","F- Driver",,,"L- Lorries Van","S- Driver's Negligence",2.00
2966,14849.00,"3- Essequibo Islands- West Demerara",204,"Philadelphia Public Rd.","Right Bank Essequibo River (From Vreed-en-Hoop, I.b. Demerara River)","-58.3667","6.8667",,,9/14/2007 0:00:00,12/30/1899 0:40:00,"D- Property Damage","F- Driver",,"Male","M- Hire Cars","Y- Animal",1.00
2967,14850.00,"3- Essequibo Islands- West Demerara",210,"Le Destin Public Rd.","Right Bank Essequibo River (From Vreed-en-Hoop, I.b. Demerara River)","-58.4000","6.8667",,,11/22/2007 0:00:00,12/30/1899 2:45:00,"D- Property Damage","F- Driver",57.00,"Male","K- Private Cars","Y- Animal",1.00
2968,14851.00,"3- Essequibo Islands- West Demerara",205,"Barnwell Public Rd.","Right Bank Essequibo River (From Vreed-en-Hoop, I.b. Demerara River)","-58.3667","6.8667",,,12/5/2007 0:00:00,12/30/1899 6:30:00,"B- Serious Injury","F- Driver",32.00,"Male","L- Lorries Van","S- Driver's Negligence",2.00
2969,14852.00,"3- Essequibo Islands- West Demerara",215,"Parika Public Rd.","Right Bank Essequibo River (From Vreed-en-Hoop, I.b. Demerara River)","-58.4167","6.8500",,,1/10/2008 0:00:00,12/30/1899 12:00:00,"C- Minor Injury","F- Driver",,"Male","M- Hire Cars","S- Driver's Negligence",2.00
2970,14853.00,"3- Essequibo Islands- West Demerara",215,"Parika Lookout Public Rd.","Right Bank Essequibo River (From Vreed-en-Hoop, I.b. Demerara River)","-58.4167","6.8500",,,1/19/2008 0:00:00,12/30/1899 19:30:00,"D- Property Damage","F- Driver",45.00,"Male","L- Lorries Van;N- Pickup","S- Driver's Negligence",2.00
2971,14854.00,"3- Essequibo Islands- West Demerara",212,"Bushy Park Public Rd.","Right Bank Essequibo River (From Vreed-en-Hoop, I.b. Demerara River)","-58.4167","6.8500",,,1/29/2008 0:00:00,12/30/1899 7:30:00,"B- Serious Injury","F- Driver",56.00,"Male","J- Minibus;W-Pedal Cycle","S- Driver's Negligence",2.00
2972,14855.00,"3- Essequibo Islands- West Demerara",215,"Parika Lookout Public Rd.","Right Bank Essequibo River (From Vreed-en-Hoop, I.b. Demerara River)","-58.4167","6.8500",,,2/8/2008 0:00:00,12/30/1899 7:30:00,"C- Minor Injury","F- Driver",45.00,"Male","J- Minibus;W-Pedal Cycle","S- Driver's Negligence",2.00
2973,14856.00,"3- Essequibo Islands- West Demerara",215,"Parika Public Rd.","Right Bank Essequibo River (From Vreed-en-Hoop, I.b. Demerara River)","-58.4167","6.8500",,,2/9/2008 0:00:00,12/30/1899 11:30:00,"B- Serious Injury","E- Pedestrian",13.00,"Male","L- Lorries Van","T-Pedestrian's Negligence",2.00
2974,14857.00,"3- Essequibo Islands- West Demerara",215,"Parika Public Rd.","Right Bank Essequibo River (From Vreed-en-Hoop, I.b. Demerara River)","-58.4167","6.8500",,,2/23/2008 0:00:00,12/30/1899 8:20:00,"D- Property Damage","F- Driver",,,"M- Hire Cars;N- Pickup","S- Driver's Negligence",2.00
2975,14858.00,"3- Essequibo Islands- West Demerara",215,"Parika Public Rd.","Right Bank Essequibo River (From Vreed-en-Hoop, I.b. Demerara River)","-58.4167","6.8500",,,4/10/2008 0:00:00,12/30/1899 14:00:00,"D- Property Damage","F- Driver",34.00,"Male","J- Minibus;L- Lorries Van","S- Driver's Negligence",2.00
2976,14859.00,"3- Essequibo Islands- West Demerara",215,"Parika Public Rd.","Right Bank Essequibo River (From Vreed-en-Hoop, I.b. Demerara River)","-58.4167","6.8500",,,4/4/2008 0:00:00,12/30/1899 8:30:00,"D- Property Damage","F- Driver",40.00,"Male","M- Hire Cars;N- Pickup","S- Driver's Negligence",2.00
2977,14860.00,"3- Essequibo Islands- West Demerara",215,"Parika Mini Bus Area","Right Bank Essequibo River (From Vreed-en-Hoop, I.b. Demerara River)","-58.4167","6.8500",,,4/13/2008 0:00:00,12/30/1899 17:15:00,"C- Minor Injury","E- Pedestrian",24.00,"Male","K- Private Cars","T-Pedestrian's Negligence",2.00
2978,14861.00,"3- Essequibo Islands- West Demerara",211,"Organgestein public Rd.","Right Bank Essequibo River (From Vreed-en-Hoop, I.b. Demerara River)","-58.4000","6.8500",,,4/17/2008 0:00:00,12/30/1899 17:30:00,"C- Minor Injury","F- Driver",42.00,"Male","L- Lorries Van;V-Motor Cycle","S- Driver's Negligence",2.00
2979,14862.00,"3- Essequibo Islands- West Demerara",215,"Parika Public Rd.","Right Bank Essequibo River (From Vreed-en-Hoop, I.b. Demerara River)","-58.4167","6.8500",,,5/19/2008 0:00:00,12/30/1899 10:30:00,"D- Property Damage","F- Driver",26.00,"Male","K- Private Cars;N- Pickup","S- Driver's Negligence",2.00
2980,14863.00,"3- Essequibo Islands- West Demerara",211,"Organgestein Public Rd.","Right Bank Essequibo River (From Vreed-en-Hoop, I.b. Demerara River)","-58.4000","6.8500",,,7/6/2008 0:00:00,12/30/1899 15:00:00,"C- Minor Injury","F- Driver",45.00,"Male","M- Hire Cars;V-Motor Cycle","S- Driver's Negligence;U- Cyclist's Negligence",3.00
2981,14864.00,"3- Essequibo Islands- West Demerara",213,"Hydronie Public Rd.","Right Bank Essequibo River (From Vreed-en-Hoop, I.b. Demerara River)","-58.4167","6.8500",,,7/18/2008 0:00:00,,"D- Property Damage","F- Driver",,"Male","J- Minibus;M- Hire Cars","S- Driver's Negligence",2.00
2982,14865.00,"3- Essequibo Islands- West Demerara",205,"Barnwell Public Rd.","Right Bank Essequibo River (From Vreed-en-Hoop, I.b. Demerara River)","-58.3667","6.8667",,,8/5/2008 0:00:00,12/30/1899 11:30:00,"A- Fatal","E- Pedestrian",16.00,"Female","K- Private Cars","T-Pedestrian's Negligence",2.00
2983,14866.00,"3- Essequibo Islands- West Demerara",215,"Parika Public Rd.","Right Bank Essequibo River (From Vreed-en-Hoop, I.b. Demerara River)","-58.4167","6.8500",,,8/21/2008 0:00:00,12/30/1899 10:00:00,"B- Serious Injury","E- Pedestrian",22.00,"Female","V-Motor Cycle","T-Pedestrian's Negligence",2.00
2984,14867.00,"3- Essequibo Islands- West Demerara",204,"Philadelphia Public Rd.","Right Bank Essequibo River (From Vreed-en-Hoop, I.b. Demerara River)","-58.3667","6.8667",,,8/30/2008 0:00:00,12/30/1899 15:30:00,"C- Minor Injury","G- Rider",45.00,"Male","V-Motor Cycle;W-Pedal Cycle","U- Cyclist's Negligence",2.00
2985,14868.00,"3- Essequibo Islands- West Demerara",215,"Parika Access Rd.","Right Bank Essequibo River (From Vreed-en-Hoop, I.b. Demerara River)","-58.4167","6.8500",,,9/30/2008 0:00:00,12/30/1899 17:00:00,"D- Property Damage","F- Driver",52.00,"Male","L- Lorries Van;M- Hire Cars","S- Driver's Negligence",2.00
2986,14869.00,"3- Essequibo Islands- West Demerara",215,"Parika Public Rd.","Right Bank Essequibo River (From Vreed-en-Hoop, I.b. Demerara River)","-58.4167","6.8500",,,10/1/2008 0:00:00,12/30/1899 13:45:00,"D- Property Damage","G- Rider",71.00,"Male","M- Hire Cars;V-Motor Cycle","U- Cyclist's Negligence",2.00
2987,14870.00,"3- Essequibo Islands- West Demerara",215,"Parika Public Rd.","Right Bank Essequibo River (From Vreed-en-Hoop, I.b. Demerara River)","-58.4167","6.8500",,,10/2/2008 0:00:00,12/30/1899 18:45:00,"C- Minor Injury","E- Pedestrian",75.00,"Female","N- Pickup","T-Pedestrian's Negligence",2.00
2988,14871.00,"3- Essequibo Islands- West Demerara",207,"Good Hope Public Rd.","Right Bank Essequibo River (From Vreed-en-Hoop, I.b. Demerara River)","-58.5167","6.9833",,,10/4/2008 0:00:00,12/30/1899 12:45:00,"D- Property Damage","F- Driver",68.00,"Female","K- Private Cars;N- Pickup","S- Driver's Negligence",2.00
2989,14872.00,"3- Essequibo Islands- West Demerara",215,"Parika Lookout Public Rd.","Right Bank Essequibo River (From Vreed-en-Hoop, I.b. Demerara River)","-58.4167","6.8500",,,10/10/2008 0:00:00,12/30/1899 12:30:00,"D- Property Damage","F- Driver",25.00,"Male","K- Private Cars;L- Lorries Van","S- Driver's Negligence",2.00
2990,14873.00,"3- Essequibo Islands- West Demerara",206,"Greenwich Park Public Rd.","Right Bank Essequibo River (From Vreed-en-Hoop, I.b. Demerara River)","-58.3833","6.8667",,,10/19/2008 0:00:00,12/30/1899 18:30:00,"B- Serious Injury","F- Driver",,"Male","N- Pickup","P- Speeding",2.00
2991,14874.00,"3- Essequibo Islands- West Demerara",217,"Hyde Park Parika","Right Bank Essequibo River (From Vreed-en-Hoop, I.b. Demerara River)","-58.4333","6.8500",,,10/31/2008 0:00:00,12/30/1899 17:30:00,"C- Minor Injury","E- Pedestrian",5.00,"Female","J- Minibus","T-Pedestrian's Negligence",2.00
2992,14875.00,"3- Essequibo Islands- West Demerara",215,"Parika Public Rd.","Right Bank Essequibo River (From Vreed-en-Hoop, I.b. Demerara River)","-58.4167","6.8500",,,11/10/2008 0:00:00,12/30/1899 9:30:00,"C- Minor Injury","G- Rider",20.00,"Female","N- Pickup;W-Pedal Cycle","U- Cyclist's Negligence",2.00
2993,14876.00,"3- Essequibo Islands- West Demerara",215,"Parika Public Rd.","Right Bank Essequibo River (From Vreed-en-Hoop, I.b. Demerara River)","-58.4167","6.8500",,,11/16/2008 0:00:00,12/30/1899 17:30:00,"C- Minor Injury","F- Driver",28.00,"Male","N- Pickup","P- Speeding",2.00
2994,14877.00,"3- Essequibo Islands- West Demerara",215,"Parika Old Road","Right Bank Essequibo River (From Vreed-en-Hoop, I.b. Demerara River)","-58.4167","6.8500",,,11/25/2008 0:00:00,12/30/1899 15:30:00,"C- Minor Injury","G- Rider",12.00,"Female","L- Lorries Van;W-Pedal Cycle","U- Cyclist's Negligence",2.00
2995,14878.00,"3- Essequibo Islands- West Demerara",215,"Parika Public Rd.","Right Bank Essequibo River (From Vreed-en-Hoop, I.b. Demerara River)","-58.4167","6.8500",,,12/9/2008 0:00:00,12/30/1899 17:10:00,"D- Property Damage","F- Driver",26.00,"Male","J- Minibus","Y- Animal",1.00
2996,14879.00,"3- Essequibo Islands- West Demerara",209,"Farm Village","Right Bank Essequibo River (From Vreed-en-Hoop, I.b. Demerara River)","-58.1833","6.7333",,,12/13/2008 0:00:00,12/30/1899 21:30:00,"C- Minor Injury","F- Driver",,"Male","K- Private Cars","P- Speeding",3.00
2997,14880.00,"3- Essequibo Islands- West Demerara",222,"Mora Public Rd.","Right Bank Essequibo River (From Vreed-en-Hoop, I.b. Demerara River)","-58.3667","5.5333",,,12/25/2008 0:00:00,12/30/1899 20:00:00,"D- Property Damage","F- Driver",19.00,"Male","J- Minibus;K- Private Cars","P- Speeding",2.00
2998,14881.00,"3- Essequibo Islands- West Demerara",215,"Parika Façade Access Rd.","Right Bank Essequibo River (From Vreed-en-Hoop, I.b. Demerara River)","-58.4167","6.8500",,,12/31/2008 0:00:00,12/30/1899 23:00:00,"D- Property Damage","F- Driver",30.00,"Male","J- Minibus;K- Private Cars","S- Driver's Negligence",2.00
2999,14882.00,"3- Essequibo Islands- West Demerara",215,"Parika Public Rd.","Right Bank Essequibo River (From Vreed-en-Hoop, I.b. Demerara River)","-58.4167","6.8500",,,1/27/2009 0:00:00,12/30/1899 8:15:00,"C- Minor Injury","E- Pedestrian",12.00,"Female","J- Minibus","T-Pedestrian's Negligence",2.00
3000,14883.00,"3- Essequibo Islands- West Demerara",215,"Parika Junction","Right Bank Essequibo River (From Vreed-en-Hoop, I.b. Demerara River)","-58.4167","6.8500",,,2/28/2009 0:00:00,12/30/1899 13:00:00,"C- Minor Injury","G- Rider",15.00,"Male","K- Private Cars;W-Pedal Cycle","U- Cyclist's Negligence",2.00
3001,14884.00,"3- Essequibo Islands- West Demerara",215,"Parika Public Rd.","Right Bank Essequibo River (From Vreed-en-Hoop, I.b. Demerara River)","-58.4167","6.8500",,,3/12/2009 0:00:00,12/30/1899 15:45:00,"C- Minor Injury","F- Driver",28.00,"Male","J- Minibus","S- Driver's Negligence",2.00
3002,14885.00,"3- Essequibo Islands- West Demerara",206,"Greenwich Park Public Rd.","Right Bank Essequibo River (From Vreed-en-Hoop, I.b. Demerara River)","-58.3833","6.8667",,,3/19/2009 0:00:00,12/30/1899 8:30:00,"D- Property Damage","F- Driver",31.00,"Male","K- Private Cars;M- Hire Cars","S- Driver's Negligence",2.00
3003,14886.00,"3- Essequibo Islands- West Demerara",215,"Parika Access Rd.","Right Bank Essequibo River (From Vreed-en-Hoop, I.b. Demerara River)","-58.4167","6.8500",,,4/3/2009 0:00:00,12/30/1899 11:45:00,"C- Minor Injury","G- Rider",24.00,"Male","N- Pickup;W-Pedal Cycle","U- Cyclist's Negligence",2.00
3004,14887.00,"3- Essequibo Islands- West Demerara",208,"Ruby Public Rd.","Right Bank Essequibo River (From Vreed-en-Hoop, I.b. Demerara River)","-58.3833","6.8667",,,5/3/2009 0:00:00,12/30/1899 1:45:00,"A- Fatal","F- Driver",22.00,"Male","K- Private Cars","P- Speeding",2.00
3005,14888.00,"3- Essequibo Islands- West Demerara",221,"Salem Public Rd.","Right Bank Essequibo River (From Vreed-en-Hoop, I.b. Demerara River)","-58.4333","6.8333",,,6/17/2009 0:00:00,12/30/1899 17:30:00,"B- Serious Injury","F- Driver",21.00,"Male","K- Private Cars;W-Pedal Cycle","P- Speeding",3.00
3006,14889.00,"3- Essequibo Islands- West Demerara",212,"Bushy Park Public Rd.","Right Bank Essequibo River (From Vreed-en-Hoop, I.b. Demerara River)","-58.4167","6.8500",,,6/12/2009 0:00:00,12/30/1899 19:30:00,"B- Serious Injury","G- Rider",39.00,"Male","K- Private Cars;W-Pedal Cycle","U- Cyclist's Negligence",2.00
3007,14890.00,"3- Essequibo Islands- West Demerara",211,"Organgestein Public Rd.","Right Bank Essequibo River (From Vreed-en-Hoop, I.b. Demerara River)","-58.4000","6.8500",,,6/20/2009 0:00:00,12/30/1899 19:30:00,"B- Serious Injury","F- Driver",,"Male","J- Minibus","P- Speeding",3.00
3008,14891.00,"3- Essequibo Islands- West Demerara",215,"Parika Public Rd.","Right Bank Essequibo River (From Vreed-en-Hoop, I.b. Demerara River)","-58.4167","6.8500",,,,12/30/1899 11:20:00,"C- Minor Injury","G- Rider",,"Male","V-Motor Cycle","U- Cyclist's Negligence",2.00
3009,14892.00,"3- Essequibo Islands- West Demerara",205,"Barnwell Public Rd.","Right Bank Essequibo River (From Vreed-en-Hoop, I.b. Demerara River)","-58.3667","6.8667",,,8/4/2009 0:00:00,12/30/1899 21:30:00,"B- Serious Injury","F- Driver",28.00,"Male","J- Minibus","P- Speeding;S- Driver's Negligence",3.00
3010,14893.00,"3- Essequibo Islands- West Demerara",215,"Parika Old Rd.","Right Bank Essequibo River (From Vreed-en-Hoop, I.b. Demerara River)","-58.4167","6.8500",,,8/17/2009 0:00:00,12/30/1899 13:40:00,"D- Property Damage","F- Driver",28.00,"Male","K- Private Cars;L- Lorries Van","S- Driver's Negligence",2.00
3011,14894.00,"3- Essequibo Islands- West Demerara",207,"Good Hope Public Rd.","Right Bank Essequibo River (From Vreed-en-Hoop, I.b. Demerara River)","-58.5167","6.9833",,,9/28/2009 0:00:00,12/30/1899 21:30:00,"B- Serious Injury","F- Driver",,"Male","K- Private Cars;M- Hire Cars","P- Speeding",2.00
3012,14895.00,"3- Essequibo Islands- West Demerara",215,"Parika Public Rd.","Right Bank Essequibo River (From Vreed-en-Hoop, I.b. Demerara River)","-58.4167","6.8500",,,10/1/2009 0:00:00,12/30/1899 8:30:00,"C- Minor Injury","F- Driver",,,"J- Minibus","S- Driver's Negligence",2.00
3013,14896.00,"3- Essequibo Islands- West Demerara",215,"Parika Access Rd.","Right Bank Essequibo River (From Vreed-en-Hoop, I.b. Demerara River)","-58.4167","6.8500",,,9/26/2009 0:00:00,12/30/1899 16:30:00,"C- Minor Injury","F- Driver",36.00,"Male","M- Hire Cars","S- Driver's Negligence",2.00
3014,14897.00,"3- Essequibo Islands- West Demerara",211,"Organgestein Public Rd.","Right Bank Essequibo River (From Vreed-en-Hoop, I.b. Demerara River)","-58.4000","6.8500",,,10/9/2009 0:00:00,12/30/1899 18:00:00,"D- Property Damage","F- Driver",42.00,"Male","N- Pickup","P- Speeding;S- Driver's Negligence",1.00
3015,14898.00,"3- Essequibo Islands- West Demerara",231,"Hubu Access Rd.","Right Bank Essequibo River (From Vreed-en-Hoop, I.b. Demerara River)","-58.4667","6.8167",,,10/24/2009 0:00:00,12/30/1899 20:00:00,"C- Minor Injury","E- Pedestrian",41.00,"Male","K- Private Cars","T-Pedestrian's Negligence",2.00
3016,14899.00,"3- Essequibo Islands- West Demerara",225,"Roden Rust Access Rd.","Right Bank Essequibo River (From Vreed-en-Hoop, I.b. Demerara River)","-58.4500","6.8167",,,10/23/2009 0:00:00,12/30/1899 15:15:00,"C- Minor Injury","G- Rider",10.00,"Male","W-Pedal Cycle","U- Cyclist's Negligence",3.00
3017,14900.00,"3- Essequibo Islands- West Demerara",233,"St. Lawrence","Right Bank Essequibo River (From Vreed-en-Hoop, I.b. Demerara River)","-58.4667","6.8000",,,12/6/2009 0:00:00,12/30/1899 9:40:00,"C- Minor Injury","F- Driver",43.00,"Male","J- Minibus","P- Speeding",2.00
3018,14901.00,"3- Essequibo Islands- West Demerara",215,"Parika Access Rd.","Right Bank Essequibo River (From Vreed-en-Hoop, I.b. Demerara River)","-58.4167","6.8500",,,12/7/2009 0:00:00,12/30/1899 18:45:00,"C- Minor Injury","F- Driver",42.00,"Male","M- Hire Cars","S- Driver's Negligence",2.00
3019,14902.00,"3- Essequibo Islands- West Demerara",206,"Greenwich Park Public Rd.","Right Bank Essequibo River (From Vreed-en-Hoop, I.b. Demerara River)","-58.3833","6.8667",,,12/9/2009 0:00:00,12/30/1899 15:00:00,"C- Minor Injury","E- Pedestrian",7.00,"Female","L- Lorries Van","T-Pedestrian's Negligence",2.00
3020,14903.00,"3- Essequibo Islands- West Demerara",231,"Hubu Public Rd.","Right Bank Essequibo River (From Vreed-en-Hoop, I.b. Demerara River)","-58.4667","6.8167",,,1/25/2010 0:00:00,12/30/1899 14:25:00,"B- Serious Injury","G- Rider",31.00,"Male","J- Minibus;V-Motor Cycle","U- Cyclist's Negligence",2.00
3021,14904.00,"3- Essequibo Islands- West Demerara",215,"Parika Access Rd.","Right Bank Essequibo River (From Vreed-en-Hoop, I.b. Demerara River)","-58.4167","6.8500",,,2/25/2010 0:00:00,12/30/1899 15:30:00,"C- Minor Injury","F- Driver",22.00,"Male","K- Private Cars","S- Driver's Negligence",2.00
3022,14905.00,"3- Essequibo Islands- West Demerara",223,"Sparta Access Rd.","Right Bank Essequibo River (From Vreed-en-Hoop, I.b. Demerara River)","-58.4500","6.8333",,,2/27/2010 0:00:00,12/30/1899 23:30:00,"D- Property Damage","F- Driver",,"Male","K- Private Cars","O- Lost Control & Runoff",1.00
3023,14906.00,"3- Essequibo Islands- West Demerara",204,"Philadelphia Public Rd.","Right Bank Essequibo River (From Vreed-en-Hoop, I.b. Demerara River)","-58.3667","6.8667",,,3/1/2010 0:00:00,,"D- Property Damage","F- Driver",32.00,"Male","K- Private Cars","S- Driver's Negligence",2.00
3024,14907.00,"3- Essequibo Islands- West Demerara",217,"Hyde Park","Right Bank Essequibo River (From Vreed-en-Hoop, I.b. Demerara River)","-58.4333","6.8500",,,3/2/2010 0:00:00,12/30/1899 19:20:00,"C- Minor Injury","G- Rider",24.00,"Male","V-Motor Cycle","O- Lost Control & Runoff",2.00
3025,14908.00,"3- Essequibo Islands- West Demerara",231,"Hubu Access Rd.","Right Bank Essequibo River (From Vreed-en-Hoop, I.b. Demerara River)","-58.4667","6.8167",,,3/8/2010 0:00:00,12/30/1899 13:00:00,"C- Minor Injury","F- Driver",32.00,"Male","L- Lorries Van;W-Pedal Cycle","S- Driver's Negligence",2.00
3026,14909.00,"3- Essequibo Islands- West Demerara",215,"Parika Public Rd.","Right Bank Essequibo River (From Vreed-en-Hoop, I.b. Demerara River)","-58.4167","6.8500",,,3/19/2010 0:00:00,12/30/1899 16:30:00,"D- Property Damage","F- Driver",32.00,"Male","K- Private Cars;V-Motor Cycle","S- Driver's Negligence",2.00
3027,14910.00,"3- Essequibo Islands- West Demerara",215,"Parika Access Rd.","Right Bank Essequibo River (From Vreed-en-Hoop, I.b. Demerara River)","-58.4167","6.8500",,,3/28/2010 0:00:00,12/30/1899 6:30:00,"C- Minor Injury","F- Driver",,"Male","M- Hire Cars","S- Driver's Negligence",2.00
3028,14911.00,"3- Essequibo Islands- West Demerara",213,"Hydronie Public Rd.","Right Bank Essequibo River (From Vreed-en-Hoop, I.b. Demerara River)","-58.4167","6.8500",,,3/29/2010 0:00:00,12/30/1899 12:15:00,"D- Property Damage","F- Driver",34.00,"Male","K- Private Cars;L- Lorries Van","S- Driver's Negligence",2.00
3029,14912.00,"3- Essequibo Islands- West Demerara",215,"Parika Public Rd.","Right Bank Essequibo River (From Vreed-en-Hoop, I.b. Demerara River)","-58.4167","6.8500",,,5/1/2010 0:00:00,12/30/1899 10:30:00,"A- Fatal","F- Driver",27.00,"Male","M- Hire Cars","S- Driver's Negligence",2.00
3030,14913.00,"3- Essequibo Islands- West Demerara",221,"Salem Public Rd.","Right Bank Essequibo River (From Vreed-en-Hoop, I.b. Demerara River)","-58.4333","6.8333",,,5/8/2010 0:00:00,12/30/1899 8:00:00,"C- Minor Injury","F- Driver",23.00,"Male","K- Private Cars;M- Hire Cars","S- Driver's Negligence",3.00