"ID","Accident ID","Region Number","Corridor ID","Location (Intersection/Road/Street)","Corridor","Location- longitude/ X","Location- latitude/  Y","Mile Marker","Village","Date of Accident","Time of Accident","Type of Accident","Class of Road User","Age/DOB","Gender","Class of Vehicles Involved","Contributing Factor","Number of Persons Involved"
3031,14914.00,"3- Essequibo Islands- West Demerara",215,"Parika Access Rd.","Right Bank Essequibo River (From Vreed-en-Hoop, I.b. Demerara River)","-58.4167","6.8500",,,5/9/2010 0:00:00,12/30/1899 23:45:00,"C- Minor Injury","F- Driver",46.00,"Male","K- Private Cars","P- Speeding",3.00
3032,14915.00,"3- Essequibo Islands- West Demerara",209,"Farm Public Rd.","Right Bank Essequibo River (From Vreed-en-Hoop, I.b. Demerara River)","-58.1833","6.7333",,,5/10/2010 0:00:00,12/30/1899 12:45:00,"D- Property Damage","F- Driver",55.00,"Male","L- Lorries Van;X-Tractor","S- Driver's Negligence",2.00
3033,14916.00,"3- Essequibo Islands- West Demerara",215,"Parika Access Rd.","Right Bank Essequibo River (From Vreed-en-Hoop, I.b. Demerara River)","-58.4167","6.8500",,,5/24/2010 0:00:00,12/30/1899 15:30:00,"D- Property Damage","F- Driver",31.00,"Male","J- Minibus;N- Pickup","S- Driver's Negligence",2.00
3034,14917.00,"3- Essequibo Islands- West Demerara",209,"Farm Public Rd.","Right Bank Essequibo River (From Vreed-en-Hoop, I.b. Demerara River)","-58.1833","6.7333",,,5/26/2010 0:00:00,12/30/1899 18:00:00,"C- Minor Injury","F- Driver",58.00,"Male","J- Minibus;L- Lorries Van","P- Speeding",3.00
3035,14918.00,"3- Essequibo Islands- West Demerara",215,"Parika Access Rd.","Right Bank Essequibo River (From Vreed-en-Hoop, I.b. Demerara River)","-58.4167","6.8500",,,6/1/2010 0:00:00,12/30/1899 15:30:00,"D- Property Damage","F- Driver",40.00,"Male","J- Minibus;N- Pickup;W-Pedal Cycle","S- Driver's Negligence",3.00
3036,14919.00,"3- Essequibo Islands- West Demerara",215,"Parika Public Rd.","Right Bank Essequibo River (From Vreed-en-Hoop, I.b. Demerara River)","-58.4167","6.8500",,,6/13/2010 0:00:00,12/30/1899 10:00:00,"C- Minor Injury","F- Driver",34.00,"Male","J- Minibus","S- Driver's Negligence",2.00
3037,14920.00,"3- Essequibo Islands- West Demerara",215,"Parika Public Rd.","Right Bank Essequibo River (From Vreed-en-Hoop, I.b. Demerara River)","-58.4167","6.8500",,,6/29/2010 0:00:00,12/30/1899 9:15:00,"C- Minor Injury","F- Driver",32.00,"Male","J- Minibus;W-Pedal Cycle","S- Driver's Negligence",3.00
3038,14921.00,"3- Essequibo Islands- West Demerara",215,"Parika Public Rd.","Right Bank Essequibo River (From Vreed-en-Hoop, I.b. Demerara River)","-58.4167","6.8500",,,8/3/2010 0:00:00,12/30/1899 12:00:00,"D- Property Damage","F- Driver",28.00,"Male","J- Minibus;M- Hire Cars","S- Driver's Negligence",2.00
3039,14922.00,"3- Essequibo Islands- West Demerara",215,"Parika Public Rd.","Right Bank Essequibo River (From Vreed-en-Hoop, I.b. Demerara River)","-58.4167","6.8500",,,8/6/2010 0:00:00,12/30/1899 14:00:00,"C- Minor Injury","G- Rider",15.00,"Male","M- Hire Cars;V-Motor Cycle","U- Cyclist's Negligence",2.00
3040,14923.00,"3- Essequibo Islands- West Demerara",215,"Parika Public Rd.","Right Bank Essequibo River (From Vreed-en-Hoop, I.b. Demerara River)","-58.4167","6.8500",,,8/9/2010 0:00:00,12/30/1899 14:00:00,"A- Fatal","G- Rider",23.00,"Male","W-Pedal Cycle","P- Speeding",2.00
3041,14924.00,"3- Essequibo Islands- West Demerara",215,"Parika Access Rd.","Right Bank Essequibo River (From Vreed-en-Hoop, I.b. Demerara River)","-58.4167","6.8500",,,8/15/2010 0:00:00,12/30/1899 23:00:00,"B- Serious Injury","G- Rider",37.00,"Male","V-Motor Cycle","O- Lost Control & Runoff;P- Speeding",1.00
3042,14925.00,"3- Essequibo Islands- West Demerara",215,"Parika Access Rd.","Right Bank Essequibo River (From Vreed-en-Hoop, I.b. Demerara River)","-58.4167","6.8500",,,8/28/2010 0:00:00,12/30/1899 18:30:00,"D- Property Damage","F- Driver",21.00,"Male","K- Private Cars;L- Lorries Van","S- Driver's Negligence",2.00
3043,14926.00,"3- Essequibo Islands- West Demerara",215,"Parika Public Rd.","Right Bank Essequibo River (From Vreed-en-Hoop, I.b. Demerara River)","-58.4167","6.8500",,,8/29/2010 0:00:00,12/30/1899 17:15:00,"D- Property Damage","F- Driver",43.00,"Male","K- Private Cars;L- Lorries Van","S- Driver's Negligence",3.00
3044,14927.00,"3- Essequibo Islands- West Demerara",215,"Parika Public Rd.","Right Bank Essequibo River (From Vreed-en-Hoop, I.b. Demerara River)","-58.4167","6.8500",,,9/21/2010 0:00:00,12/30/1899 12:50:00,"C- Minor Injury","E- Pedestrian",32.00,"Female","J- Minibus","T-Pedestrian's Negligence",2.00
3045,14928.00,"3- Essequibo Islands- West Demerara",206,"Greenwich Park Public Rd.","Right Bank Essequibo River (From Vreed-en-Hoop, I.b. Demerara River)","-58.3833","6.8667",,,9/29/2010 0:00:00,12/30/1899 16:30:00,"D- Property Damage","F- Driver",51.00,"Male","K- Private Cars","S- Driver's Negligence",2.00
3046,14929.00,"3- Essequibo Islands- West Demerara",215,"Parika Access Rd.","Right Bank Essequibo River (From Vreed-en-Hoop, I.b. Demerara River)","-58.4167","6.8500",,,10/5/2010 0:00:00,12/30/1899 7:00:00,"D- Property Damage","F- Driver",24.00,"Female","K- Private Cars","P- Speeding",2.00
3047,14930.00,"3- Essequibo Islands- West Demerara",222,"Mora Public Rd.","Right Bank Essequibo River (From Vreed-en-Hoop, I.b. Demerara River)","-58.3667","5.5333",,,10/24/2010 0:00:00,12/30/1899 17:30:00,"C- Minor Injury","F- Driver",,"Male","K- Private Cars","O- Lost Control & Runoff;P- Speeding",1.00
3048,14931.00,"3- Essequibo Islands- West Demerara",215,"Parika Access Rd.","Right Bank Essequibo River (From Vreed-en-Hoop, I.b. Demerara River)","-58.4167","6.8500",,,10/13/2010 0:00:00,12/30/1899 7:00:00,"D- Property Damage","F- Driver",22.00,"Male","L- Lorries Van;M- Hire Cars","S- Driver's Negligence",2.00
3049,14932.00,"3- Essequibo Islands- West Demerara",210,"Le Destin Public Rd.","Right Bank Essequibo River (From Vreed-en-Hoop, I.b. Demerara River)","-58.4000","6.8667",,,10/25/2010 0:00:00,12/30/1899 19:00:00,"C- Minor Injury","F- Driver",,"Male","J- Minibus;K- Private Cars","S- Driver's Negligence",3.00
3050,14933.00,"3- Essequibo Islands- West Demerara",215,"Parika Access Rd.","Right Bank Essequibo River (From Vreed-en-Hoop, I.b. Demerara River)","-58.4167","6.8500",,,10/29/2010 0:00:00,12/30/1899 10:00:00,"C- Minor Injury","F- Driver",29.00,"Male","M- Hire Cars;W-Pedal Cycle","O- Lost Control & Runoff",2.00
3051,14934.00,"3- Essequibo Islands- West Demerara",206,"Greenwich Park Public Rd.","Right Bank Essequibo River (From Vreed-en-Hoop, I.b. Demerara River)","-58.3833","6.8667",,,10/31/2010 0:00:00,12/30/1899 23:00:00,"D- Property Damage","F- Driver",36.00,"Male","K- Private Cars;M- Hire Cars","S- Driver's Negligence",3.00
3052,14935.00,"3- Essequibo Islands- West Demerara",211,"Organgestein Public Rd.","Right Bank Essequibo River (From Vreed-en-Hoop, I.b. Demerara River)","-58.4000","6.8500",,,11/13/2010 0:00:00,12/30/1899 18:30:00,"D- Property Damage","F- Driver",,"Male","K- Private Cars","Y- Animal",1.00
3053,14936.00,"3- Essequibo Islands- West Demerara",215,"Parika Public Rd.","Right Bank Essequibo River (From Vreed-en-Hoop, I.b. Demerara River)","-58.4167","6.8500",,,11/28/2010 0:00:00,12/30/1899 12:20:00,"B- Serious Injury","F- Driver",27.00,"Male","M- Hire Cars","P- Speeding",2.00
3054,14937.00,"3- Essequibo Islands- West Demerara",215,"Parika Public Rd.","Right Bank Essequibo River (From Vreed-en-Hoop, I.b. Demerara River)","-58.4167","6.8500",,,1/12/2010 0:00:00,12/30/1899 17:00:00,"C- Minor Injury","E- Pedestrian",6.00,"Female","K- Private Cars","T-Pedestrian's Negligence",2.00
3055,14938.00,"3- Essequibo Islands- West Demerara",210,"Le Destin Public Rd.","Right Bank Essequibo River (From Vreed-en-Hoop, I.b. Demerara River)","-58.4000","6.8667",,,12/17/2010 0:00:00,12/30/1899 17:00:00,"D- Property Damage","F- Driver",21.00,"Male","J- Minibus;N- Pickup","S- Driver's Negligence",2.00
3056,14939.00,"3- Essequibo Islands- West Demerara",215,"Parika Public Rd.","Right Bank Essequibo River (From Vreed-en-Hoop, I.b. Demerara River)","-58.4167","6.8500",,,12/23/2010 0:00:00,12/30/1899 18:00:00,"D- Property Damage","F- Driver",33.00,"Male","J- Minibus;N- Pickup","S- Driver's Negligence",2.00
3057,14940.00,"3- Essequibo Islands- West Demerara",206,"Greenwich Park Public Rd.","Right Bank Essequibo River (From Vreed-en-Hoop, I.b. Demerara River)","-58.3833","6.8667",,,12/31/2010 0:00:00,12/30/1899 10:30:00,"C- Minor Injury","F- Driver",27.00,"Male","J- Minibus","S- Driver's Negligence",2.00
3058,14941.00,"3- Essequibo Islands- West Demerara",215,"Parika Outfall Public Rd.","Right Bank Essequibo River (From Vreed-en-Hoop, I.b. Demerara River)","-58.4167","6.8500",,,1/10/2011 0:00:00,12/30/1899 14:00:00,"C- Minor Injury","E- Pedestrian",4.00,"Female","M- Hire Cars","T-Pedestrian's Negligence",2.00
3059,14942.00,"3- Essequibo Islands- West Demerara",215,"Parika Façade","Right Bank Essequibo River (From Vreed-en-Hoop, I.b. Demerara River)","-58.4167","6.8500",,,1/26/2011 0:00:00,12/30/1899 16:50:00,"C- Minor Injury","E- Pedestrian",4.00,"Female","K- Private Cars","T-Pedestrian's Negligence",2.00
3060,14943.00,"3- Essequibo Islands- West Demerara",213,"Hydronie Public Rd.","Right Bank Essequibo River (From Vreed-en-Hoop, I.b. Demerara River)","-58.4167","6.8500",,,3/14/2011 0:00:00,12/30/1899 18:30:00,"D- Property Damage","G- Rider",,"Male","J- Minibus;V-Motor Cycle","U- Cyclist's Negligence",2.00
3061,14944.00,"3- Essequibo Islands- West Demerara",211,"Organgestein Public Rd.","Right Bank Essequibo River (From Vreed-en-Hoop, I.b. Demerara River)","-58.4000","6.8500",,,4/15/2011 0:00:00,12/30/1899 9:30:00,"A- Fatal","F- Driver",47.00,"Male","M- Hire Cars","P- Speeding",2.00
3062,14945.00,"3- Essequibo Islands- West Demerara",208,"Ruby Public Rd.","Right Bank Essequibo River (From Vreed-en-Hoop, I.b. Demerara River)","-58.3833","6.8667",,,5/25/2011 0:00:00,12/30/1899 8:45:00,"B- Serious Injury","F- Driver",38.00,"Male","K- Private Cars;V-Motor Cycle","S- Driver's Negligence",2.00
3063,14946.00,"3- Essequibo Islands- West Demerara",217,"Hyde Park Public Rd.","Right Bank Essequibo River (From Vreed-en-Hoop, I.b. Demerara River)","-58.4333","6.8500",,,6/5/2011 0:00:00,12/30/1899 18:20:00,"C- Minor Injury","F- Driver",49.00,"Male","K- Private Cars;N- Pickup","R- Improper Overtaking",2.00
3064,14947.00,"3- Essequibo Islands- West Demerara",215,"Parika Public Rd.","Right Bank Essequibo River (From Vreed-en-Hoop, I.b. Demerara River)","-58.4167","6.8500",,,7/14/2011 0:00:00,12/30/1899 20:00:00,"A- Fatal","E- Pedestrian",52.00,"Male","L- Lorries Van","T-Pedestrian's Negligence",2.00
3065,14948.00,"3- Essequibo Islands- West Demerara",208,"Ruby Public Rd.","Right Bank Essequibo River (From Vreed-en-Hoop, I.b. Demerara River)","-58.3833","6.8667",,,7/16/2011 0:00:00,12/30/1899 15:30:00,"C- Minor Injury","F- Driver",30.00,"Male","K- Private Cars;L- Lorries Van","P- Speeding",2.00
3066,14949.00,"3- Essequibo Islands- West Demerara",226,"Blake Public Rd.","Right Bank Essequibo River (From Vreed-en-Hoop, I.b. Demerara River)","-58.4500","6.8167",,,7/17/2011 0:00:00,12/30/1899 21:00:00,"D- Property Damage","F- Driver",,"Male","K- Private Cars;M- Hire Cars","S- Driver's Negligence",2.00
3067,14950.00,"3- Essequibo Islands- West Demerara",215,"Parika Public Rd.","Right Bank Essequibo River (From Vreed-en-Hoop, I.b. Demerara River)","-58.4167","6.8500",,,7/24/2011 0:00:00,12/30/1899 8:30:00,"C- Minor Injury","F- Driver",25.00,"Male","M- Hire Cars","S- Driver's Negligence",2.00
3068,14951.00,"3- Essequibo Islands- West Demerara",208,"Ruby Public Rd.","Right Bank Essequibo River (From Vreed-en-Hoop, I.b. Demerara River)","-58.3833","6.8667",,,8/3/2011 0:00:00,12/30/1899 13:00:00,"D- Property Damage","F- Driver",21.00,"Male","K- Private Cars","P- Speeding",1.00
3069,14952.00,"3- Essequibo Islands- West Demerara",215,"Parika Back St.","Right Bank Essequibo River (From Vreed-en-Hoop, I.b. Demerara River)","-58.4167","6.8500",,,8/7/2011 0:00:00,12/30/1899 22:30:00,"B- Serious Injury","F- Driver",24.00,"Male","K- Private Cars","S- Driver's Negligence",2.00
3070,14953.00,"3- Essequibo Islands- West Demerara",215,"Parika Public Rd.","Right Bank Essequibo River (From Vreed-en-Hoop, I.b. Demerara River)","-58.4167","6.8500",,,8/13/2011 0:00:00,12/30/1899 9:40:00,"D- Property Damage","F- Driver",53.00,"Male","K- Private Cars","S- Driver's Negligence",2.00
3071,14954.00,"3- Essequibo Islands- West Demerara",212,"Bushy park Public Rd.","Right Bank Essequibo River (From Vreed-en-Hoop, I.b. Demerara River)","-58.4167","6.8500",,,,,"D- Property Damage","F- Driver",,"Female","K- Private Cars","S- Driver's Negligence",1.00
3072,14955.00,"3- Essequibo Islands- West Demerara",206,"Greenwich Park Public Rd.","Right Bank Essequibo River (From Vreed-en-Hoop, I.b. Demerara River)","-58.3833","6.8667",,,8/18/2011 0:00:00,12/30/1899 16:30:00,"C- Minor Injury","E- Pedestrian",17.00,"Female","V-Motor Cycle","T-Pedestrian's Negligence",2.00
3073,14956.00,"3- Essequibo Islands- West Demerara",204,"Philadelphia Public Rd.","Right Bank Essequibo River (From Vreed-en-Hoop, I.b. Demerara River)","-58.3667","6.8667",,,10/2/2011 0:00:00,12/30/1899 16:30:00,"C- Minor Injury","F- Driver",28.00,"Male","J- Minibus;K- Private Cars;W-Pedal Cycle","S- Driver's Negligence",3.00
3074,14957.00,"3- Essequibo Islands- West Demerara",207,"Good Hope Public Rd.","Right Bank Essequibo River (From Vreed-en-Hoop, I.b. Demerara River)","-58.5167","6.9833",,,10/3/2011 0:00:00,12/30/1899 11:00:00,"D- Property Damage","F- Driver",42.00,"Male","J- Minibus;L- Lorries Van","S- Driver's Negligence",3.00
3075,14958.00,"3- Essequibo Islands- West Demerara",209,"Farm Public Rd.","Right Bank Essequibo River (From Vreed-en-Hoop, I.b. Demerara River)","-58.1833","6.7333",,,10/4/2011 0:00:00,12/30/1899 13:45:00,"C- Minor Injury","F- Driver",29.00,"Male","J- Minibus;L- Lorries Van","S- Driver's Negligence",2.00
3076,14959.00,"3- Essequibo Islands- West Demerara",208,"Ruby Public Rd.","Right Bank Essequibo River (From Vreed-en-Hoop, I.b. Demerara River)","-58.3833","6.8667",,,10/8/2011 0:00:00,12/30/1899 15:30:00,"D- Property Damage","F- Driver",28.00,"Male","J- Minibus;L- Lorries Van","S- Driver's Negligence",2.00
3077,14960.00,"3- Essequibo Islands- West Demerara",210,"Le Destin Public Rd.","Right Bank Essequibo River (From Vreed-en-Hoop, I.b. Demerara River)","-58.4000","6.8667",,,11/24/2011 0:00:00,12/30/1899 23:15:00,"A- Fatal","G- Rider",26.00,"Male","V-Motor Cycle","O- Lost Control & Runoff;P- Speeding",2.00
3078,14961.00,"3- Essequibo Islands- West Demerara",211,"Organgestein Public Rd.","Right Bank Essequibo River (From Vreed-en-Hoop, I.b. Demerara River)","-58.4000","6.8500",,,12/18/2011 0:00:00,,"B- Serious Injury","F- Driver",31.00,"Male","K- Private Cars","O- Lost Control & Runoff",3.00
3079,14962.00,"3- Essequibo Islands- West Demerara",206,"Greenwich Park Public Rd.","Right Bank Essequibo River (From Vreed-en-Hoop, I.b. Demerara River)","-58.3833","6.8667",,,12/10/2011 0:00:00,12/30/1899 20:00:00,"D- Property Damage","F- Driver",22.00,"Male","L- Lorries Van","S- Driver's Negligence",2.00
3080,14963.00,"3- Essequibo Islands- West Demerara",215,"Parika Public Rd.","Right Bank Essequibo River (From Vreed-en-Hoop, I.b. Demerara River)","-58.4167","6.8500",,,12/25/2012 0:00:00,12/30/1899 9:00:00,"D- Property Damage","G- Rider",,"Male","J- Minibus;V-Motor Cycle","U- Cyclist's Negligence",2.00
3081,14964.00,"4- Demerara- Mahaica",451,"Happy Acre Public Road E.C.D","East Coast Demerara Road (From Georgetown)","-58.0833","6.8167",,,7/3/2003 0:00:00,12/30/1899 14:50:00,"D- Property Damage","F- Driver",51.00,"Male","K- Private Cars;N- Pickup","S- Driver's Negligence",2.00
3082,14965.00,"4- Demerara- Mahaica",449,"Atlantic Ville Public Road E.C.D","East Coast Demerara Road (From Georgetown)","-58.0833","6.8167",,,7/4/2003 0:00:00,12/30/1899 23:00:00,"B- Serious Injury","F- Driver",,"Male","N- Pickup;V-Motor Cycle","P- Speeding",2.00
3083,14966.00,"4- Demerara- Mahaica",432,"Turkeyen Access Road E.C.D","East Coast Demerara Road (From Georgetown)","-58.1167","6.8167",,,7/4/2003 0:00:00,12/30/1899 9:00:00,"D- Property Damage","F- Driver",23.00,"Female","K- Private Cars","S- Driver's Negligence",2.00
3084,14967.00,"4- Demerara- Mahaica",444,"Plaisance Public Road E.C.D","East Coast Demerara Road (From Georgetown)","-58.0833","6.8167",,,7/10/2003 0:00:00,12/30/1899 22:15:00,"C- Minor Injury","F- Driver",41.00,"Male","J- Minibus","O- Lost Control & Runoff",1.00
3085,14968.00,"4- Demerara- Mahaica",437,"Industry Public Road E.C.D","East Coast Demerara Road (From Georgetown)","-57.4333","6.3000",,,7/8/2003 0:00:00,12/30/1899 11:00:00,"B- Serious Injury","F- Driver",43.00,"Male","J- Minibus;K- Private Cars","R- Improper Overtaking",2.00
3086,14969.00,"4- Demerara- Mahaica",448,"Montrose Public Road E.C.D","East Coast Demerara Road (From Georgetown)","-58.0833","6.8167",,,7/9/2003 0:00:00,12/30/1899 17:45:00,"B- Serious Injury","F- Driver",32.00,"Male","M- Hire Cars;V-Motor Cycle","P- Speeding;S- Driver's Negligence",2.00
3087,14970.00,"4- Demerara- Mahaica",437,"Industry Public Road","East Coast Demerara Road (From Georgetown)","-57.4333","6.3000",,,7/15/2003 0:00:00,12/30/1899 17:10:00,"D- Property Damage","F- Driver",30.00,"Male","J- Minibus","S- Driver's Negligence",1.00
3088,14971.00,"4- Demerara- Mahaica",443,"Sparendaam Public Road E.C.D","East Coast Demerara Road (From Georgetown)","-58.1000","6.8167",,,7/16/2003 0:00:00,12/30/1899 8:00:00,"D- Property Damage","F- Driver",,"Male","K- Private Cars","Y-Animal",1.00
3089,14972.00,"4- Demerara- Mahaica",449,"Atlantic Ville Public Road E.C.D","East Coast Demerara Road (From Georgetown)","-58.0833","6.8167",,,7/19/2003 0:00:00,12/30/1899 9:15:00,"C- Minor Injury","F- Driver",,"Male","J- Minibus;L- Lorries Van","O- Lost Control & Runoff",1.00
3090,14973.00,"4- Demerara- Mahaica",437,"Industry Railway Embankmet E.C.D","East Coast Demerara Road (From Georgetown)","-57.4333","6.3000",,,7/20/2003 0:00:00,12/30/1899 0:30:00,"D- Property Damage","F- Driver",,"Male","M- Hire Cars","Y-Animal",1.00
3091,14974.00,"4- Demerara- Mahaica",430,"Liliendaal Railway Embankment E.C.D","East Coast Demerara Road (From Georgetown)","-58.1167","6.8167",,,7/20/2003 0:00:00,12/30/1899 5:30:00,"D- Property Damage","F- Driver",40.00,"Male","K- Private Cars","Y-Animal",1.00
3092,14975.00,"4- Demerara- Mahaica",451,"Happy Acre Railway Embankment E.C.D","East Coast Demerara Road (From Georgetown)","-58.0833","6.8167",,,7/22/2003 0:00:00,12/30/1899 16:30:00,"A- Fatal","F- Driver",22.00,"Male","M- Hire Cars","P- Speeding",1.00
3093,14976.00,"4- Demerara- Mahaica",429,"Sophia Access Road E.C.D","East Coast Demerara Road (From Georgetown)","-58.1167","6.8167",,,7/26/2003 0:00:00,12/30/1899 23:00:00,"C- Minor Injury","F- Driver",41.00,"Male","N- Pickup","R- Improper Overtaking",2.00
3094,14977.00,"4- Demerara- Mahaica",449,"Atlantic Ville Public Road E.C.D","East Coast Demerara Road (From Georgetown)","-58.0833","6.8167",,,7/26/2003 0:00:00,12/30/1899 19:45:00,"D- Property Damage","F- Driver",,"Male","K- Private Cars;M- Hire Cars","O- Lost Control & Runoff",2.00
3095,14978.00,"4- Demerara- Mahaica",430,"Liliendaal Railway Embankment E.C.D","East Coast Demerara Road (From Georgetown)","-58.1167","6.8167",,,7/28/2003 0:00:00,12/30/1899 15:50:00,"B- Serious Injury","F- Driver",41.00,"Male","J- Minibus","T-Pedestrian's Negligence",2.00
3096,14979.00,"4- Demerara- Mahaica",446,"Vryheid Lust Railway E.C.D","East Coast Demerara Road (From Georgetown)","-58.0833","6.8167",,,8/7/2003 0:00:00,12/30/1899 20:00:00,"D- Property Damage","F- Driver",47.00,"Male","K- Private Cars;M- Hire Cars","R- Improper Overtaking",2.00
3097,14980.00,"4- Demerara- Mahaica",439,"Ogle Public Road E.C.D","East Coast Demerara Road (From Georgetown)","-58.1000","6.8167",,,8/7/2003 0:00:00,12/30/1899 13:10:00,"D- Property Damage","F- Driver",26.00,"Male","J- Minibus;N- Pickup","R- Improper Overtaking",2.00
3098,14981.00,"4- Demerara- Mahaica",432,"Turkeyen Railway Embankment E.C.D","East Coast Demerara Road (From Georgetown)","-58.1167","6.8167",,,8/9/2003 0:00:00,12/30/1899 6:30:00,"B- Serious Injury","F- Driver",38.00,"Male","K- Private Cars;N- Pickup","S- Driver's Negligence",2.00
3099,14982.00,"4- Demerara- Mahaica",432,"Turkeyen Public Road E.C.D","East Coast Demerara Road (From Georgetown)","-58.1167","6.8167",,,8/11/2003 0:00:00,12/30/1899 7:00:00,"B- Serious Injury","F- Driver;G- Rider",,"Male","J- Minibus;V-Motor Cycle","O- Lost Control & Runoff",3.00
3100,14983.00,"4- Demerara- Mahaica",445,"Better Hope Railway Embankment E.C.D","East Coast Demerara Road (From Georgetown)","-58.0833","6.8167",,,8/11/2003 0:00:00,12/30/1899 16:15:00,"D- Property Damage","F- Driver",,"Male","J- Minibus;K- Private Cars","R- Improper Overtaking",3.00
3101,14984.00,"4- Demerara- Mahaica",444,"Plaisance Public Road E.C.D","East Coast Demerara Road (From Georgetown)","-58.0833","6.8167",,,8/23/2003 0:00:00,12/30/1899 5:00:00,"D- Property Damage","F- Driver",37.00,"Male","N- Pickup","O- Lost Control & Runoff;P- Speeding",1.00
3102,14985.00,"4- Demerara- Mahaica",442,"Goedverwagting Public Road E.C.D","East Coast Demerara Road (From Georgetown)","-58.1000","6.8167",,,8/23/2003 0:00:00,12/30/1899 13:15:00,"D- Property Damage","F- Driver",50.00,"Male","M- Hire Cars;V-Motor Cycle","P- Speeding;U- Cyclist's Negligence",2.00
3103,14986.00,"4- Demerara- Mahaica",439,"Ogle Public Road E.C.D","East Coast Demerara Road (From Georgetown)","-58.1000","6.8167",,,9/23/2003 0:00:00,12/30/1899 12:30:00,"D- Property Damage","F- Driver",,"Male","J- Minibus","R- Improper Overtaking",1.00
3104,14987.00,"4- Demerara- Mahaica",444,"Plaisance Railway Embankment E.C.D","East Coast Demerara Road (From Georgetown)","-58.0833","6.8167",,,8/18/2003 0:00:00,12/30/1899 8:10:00,"D- Property Damage","F- Driver",,"Male","J- Minibus;N- Pickup","S- Driver's Negligence",2.00
3105,14988.00,"4- Demerara- Mahaica",449,"Atlantic Ville Public Road E.C.D","East Coast Demerara Road (From Georgetown)","-58.0833","6.8167",,,8/23/2003 0:00:00,12/30/1899 21:00:00,"D- Property Damage","F- Driver",20.00,"Male","N- Pickup","O- Lost Control & Runoff;P- Speeding",1.00
3106,14989.00,"4- Demerara- Mahaica",432,"Turkeyen railway Embankment E.C.D","East Coast Demerara Road (From Georgetown)","-58.1167","6.8167",,,8/31/2003 0:00:00,12/30/1899 18:30:00,"D- Property Damage","F- Driver",,"Male","L- Lorries Van","Y-Animal",1.00
3107,14990.00,"4- Demerara- Mahaica",451,"Happy Acres Public Road E.C.D","East Coast Demerara Road (From Georgetown)","-58.0833","6.8167",,,8/26/2003 0:00:00,12/30/1899 15:40:00,"D- Property Damage","F- Driver",,"Male","J- Minibus;K- Private Cars","R- Improper Overtaking;S- Driver's Negligence",2.00
3108,14992.00,"4- Demerara- Mahaica",448,"Montrose Public Road E.C.D","East Coast Demerara Road (From Georgetown)","-58.0833","6.8167",,,9/1/2003 0:00:00,12/30/1899 15:05:00,"D- Property Damage","F- Driver",20.00,"Male","K- Private Cars;L- Lorries Van","O- Lost Control & Runoff",2.00
3109,14993.00,"4- Demerara- Mahaica",436,"Graham's Hall Railway Embankment E.C.D","East Coast Demerara Road (From Georgetown)","-58.1167","6.8167",,,9/3/2003 0:00:00,12/30/1899 5:45:00,"D- Property Damage","F- Driver",43.00,"Male","J- Minibus","S- Driver's Negligence",2.00
3110,14994.00,"4- Demerara- Mahaica",445,"Better Hope Public Road E.C.D","East Coast Demerara Road (From Georgetown)","-58.0833","6.8167",,,9/5/2003 0:00:00,12/30/1899 18:30:00,"C- Minor Injury","F- Driver",31.00,"Male","J- Minibus","T-Pedestrian's Negligence",2.00
3111,14995.00,"4- Demerara- Mahaica",430,"Liliendaal Access Road E.C.D","East Coast Demerara Road (From Georgetown)","-58.1167","6.8167",,,9/6/2003 0:00:00,12/30/1899 21:00:00,"B- Serious Injury","F- Driver",,"Male","K- Private Cars;V-Motor Cycle","R- Improper Overtaking",2.00
3112,14996.00,"4- Demerara- Mahaica",430,"Liliendaal Public Road E.C.D","East Coast Demerara Road (From Georgetown)","-58.1167","6.8167",,,9/13/2003 0:00:00,12/30/1899 10:00:00,"D- Property Damage","F- Driver",36.00,"Male","K- Private Cars;L- Lorries Van","S- Driver's Negligence",2.00
3113,14997.00,"4- Demerara- Mahaica",439,"Ogle Railway Embankment E.C.D","East Coast Demerara Road (From Georgetown)","-58.1000","6.8167",,,9/14/2003 0:00:00,12/30/1899 15:00:00,"C- Minor Injury","F- Driver",19.00,"Male","K- Private Cars;M- Hire Cars","O- Lost Control & Runoff;P- Speeding",2.00
3114,14998.00,"4- Demerara- Mahaica",432,"Turkeyen Public Road E.C.D","East Coast Demerara Road (From Georgetown)","-58.1167","6.8167",,,9/16/2003 0:00:00,12/30/1899 16:45:00,"D- Property Damage","F- Driver",27.00,"Male","K- Private Cars;N- Pickup","S- Driver's Negligence",2.00