"ID","Accident ID","Region Number","Corridor ID","Location (Intersection/Road/Street)","Corridor","Location- longitude/ X","Location- latitude/  Y","Mile Marker","Village","Date of Accident","Time of Accident","Type of Accident","Class of Road User","Age/DOB","Gender","Class of Vehicles Involved","Contributing Factor","Number of Persons Involved"
3115,14999.00,"4- Demerara- Mahaica",444,"Plaisance Public Road E.C.D","East Coast Demerara Road (From Georgetown)","-58.0833","6.8167",,,9/19/2003 0:00:00,12/30/1899 14:50:00,"D- Property Damage","F- Driver",,"Male","L- Lorries Van","S- Driver's Negligence",1.00
3116,15000.00,"4- Demerara- Mahaica",432,"Turkeyen Public Road E.C.D","East Coast Demerara Road (From Georgetown)","-58.1167","6.8167",,,9/19/2003 0:00:00,12/30/1899 20:30:00,"A- Fatal","F- Driver",23.00,"Male","J- Minibus;L- Lorries Van","S- Driver's Negligence",2.00
3117,15001.00,"4- Demerara- Mahaica",430,"Liliendaal Public Road E.C.D","East Coast Demerara Road (From Georgetown)","-58.1167","6.8167",,,9/26/2003 0:00:00,12/30/1899 20:30:00,"C- Minor Injury","F- Driver",23.00,"Male","J- Minibus;M- Hire Cars","P- Speeding",2.00
3118,15002.00,"4- Demerara- Mahaica",448,"Montrose Railway Embankment E.C.D","East Coast Demerara Road (From Georgetown)","-58.0833","6.8167",,,9/25/2003 0:00:00,12/30/1899 17:45:00,"D- Property Damage","F- Driver;H- Passenger",,"Male","J- Minibus","S- Driver's Negligence",2.00
3119,15003.00,"4- Demerara- Mahaica",442,"Goedverwagting Railway Embankment E.C.D","East Coast Demerara Road (From Georgetown)","-58.1000","6.8167",,,9/29/2003 0:00:00,12/30/1899 8:30:00,"B- Serious Injury","F- Driver",25.00,"Male","N- Pickup","S- Driver's Negligence",2.00
3120,15005.00,"4- Demerara- Mahaica",443,"Sparendaam Public Road E.C.D","East Coast Demerara Road (From Georgetown)","-58.1000","6.8167",,,10/3/2003 0:00:00,12/30/1899 12:45:00,"C- Minor Injury","F- Driver",47.00,"Female","K- Private Cars;V-Motor Cycle","U- Cyclist's Negligence",2.00
3121,15007.00,"4- Demerara- Mahaica",445,"Better Hope Access Road E.C.D","East Coast Demerara Road (From Georgetown)","-58.0833","6.8167",,,10/4/2003 0:00:00,12/30/1899 11:15:00,"B- Serious Injury","F- Driver",30.00,"Male","M- Hire Cars","T-Pedestrian's Negligence",2.00
3122,15008.00,"4- Demerara- Mahaica",449,"Atlantic Garden Public Road E.C.D","East Coast Demerara Road (From Georgetown)","-58.0833","6.8167",,,10/6/2003 0:00:00,12/30/1899 14:00:00,"D- Property Damage","F- Driver",,"Male","K- Private Cars;L- Lorries Van","S- Driver's Negligence",2.00
3123,15009.00,"4- Demerara- Mahaica",437,"Industry Railway Embankment E.C.D","East Coast Demerara Road (From Georgetown)","-57.4333","6.3000",,,10/8/2003 0:00:00,12/30/1899 7:20:00,"B- Serious Injury","F- Driver;G- Rider",36.00,"Female","K- Private Cars;V-Motor Cycle;W-Pedal Cycle","U- Cyclist's Negligence",3.00
3124,15010.00,"4- Demerara- Mahaica",430,"3rd Street Liliendaal E.C.D","East Coast Demerara Road (From Georgetown)","-58.1167","6.8167",,,10/10/2003 0:00:00,12/30/1899 10:00:00,"D- Property Damage","F- Driver",,"Male","L- Lorries Van","O- Lost Control & Runoff",1.00
3125,15011.00,"4- Demerara- Mahaica",432,"Turkeyen Railway Embankment E.C.D","East Coast Demerara Road (From Georgetown)","-58.1167","6.8167",,,10/16/2003 0:00:00,12/30/1899 23:30:00,"B- Serious Injury","F- Driver",,"Male","K- Private Cars","O- Lost Control & Runoff",1.00
3126,15012.00,"4- Demerara- Mahaica",445,"Better Hope Public Road E.C.D","East Coast Demerara Road (From Georgetown)","-58.0833","6.8167",,,10/17/2003 0:00:00,12/30/1899 4:00:00,"C- Minor Injury","F- Driver",,"Male","K- Private Cars;N- Pickup","S- Driver's Negligence",2.00
3127,15013.00,"4- Demerara- Mahaica",446,"Vryheid Lust Public Road E.C.D","East Coast Demerara Road (From Georgetown)","-58.0833","6.8167",,,10/16/2003 0:00:00,12/30/1899 14:00:00,"C- Minor Injury","F- Driver",51.00,"Male","K- Private Cars;W-Pedal Cycle","S- Driver's Negligence",2.00
3128,15014.00,"4- Demerara- Mahaica",439,"Ogle Railway Embankment E.C.D","East Coast Demerara Road (From Georgetown)","-58.1000","6.8167",,,10/18/2003 0:00:00,12/30/1899 21:00:00,"C- Minor Injury","F- Driver",,"Male","L- Lorries Van;V-Motor Cycle","O- Lost Control & Runoff",2.00
3129,15015.00,"4- Demerara- Mahaica",430,"Liliendaal Railway Embankment E.C.D","East Coast Demerara Road (From Georgetown)","-58.1167","6.8167",,,10/21/2003 0:00:00,12/30/1899 9:30:00,"B- Serious Injury","F- Driver",23.00,"Male","K- Private Cars;M- Hire Cars;N- Pickup","O- Lost Control & Runoff",4.00
3130,15016.00,"4- Demerara- Mahaica",445,"Better Hope Access Road E.C.D","East Coast Demerara Road (From Georgetown)","-58.0833","6.8167",,,10/7/2003 0:00:00,12/30/1899 15:00:00,"C- Minor Injury","G- Rider",,"Female","V-Motor Cycle","P- Speeding",2.00
3131,15017.00,"4- Demerara- Mahaica",434,"UG Access Road Turkeyen Railway Embankment E.C.D","East Coast Demerara Road (From Georgetown)","-58.1167","6.8167",,,10/24/2003 0:00:00,12/30/1899 21:45:00,"D- Property Damage","F- Driver",40.00,"Male","K- Private Cars;L- Lorries Van","S- Driver's Negligence",2.00
3132,15018.00,"4- Demerara- Mahaica",432,"Turkeyen Railway Embankment E.C.D","East Coast Demerara Road (From Georgetown)","-58.1167","6.8167",,,10/28/2003 0:00:00,12/30/1899 21:30:00,"D- Property Damage","F- Driver",48.00,"Male","K- Private Cars;N- Pickup","S- Driver's Negligence",2.00
3133,15019.00,"4- Demerara- Mahaica",437,"Industry Public Road E.C.D","East Coast Demerara Road (From Georgetown)","-57.4333","6.3000",,,10/29/2003 0:00:00,12/30/1899 10:00:00,"D- Property Damage","F- Driver",,"Male","M- Hire Cars","Y-Animal",1.00
3134,15020.00,"4- Demerara- Mahaica",429,"Sophia Railway Embankment E.C.D","East Coast Demerara Road (From Georgetown)","-58.1167","6.8167",,,10/28/2003 0:00:00,12/30/1899 9:55:00,"D- Property Damage","F- Driver",26.00,"Male","K- Private Cars;N- Pickup","R- Improper Overtaking",2.00
3135,15021.00,"4- Demerara- Mahaica",430,"Liliendaal Railway Embankment E.C.D","East Coast Demerara Road (From Georgetown)","-58.1167","6.8167",,,10/31/2003 0:00:00,12/30/1899 8:45:00,"D- Property Damage","F- Driver",30.00,"Male","K- Private Cars;N- Pickup","P- Speeding",2.00
3136,15022.00,"4- Demerara- Mahaica",430,"Liliendaal Railway Embankment E.C.D","East Coast Demerara Road (From Georgetown)","-58.1167","6.8167",,,11/3/2003 0:00:00,12/30/1899 8:10:00,"D- Property Damage","F- Driver",46.00,"Male","J- Minibus;K- Private Cars","P- Speeding",2.00
3137,15023.00,"4- Demerara- Mahaica",437,"Industry Public Road E.C.D","East Coast Demerara Road (From Georgetown)","-57.4333","6.3000",,,11/4/2003 0:00:00,12/30/1899 15:30:00,"D- Property Damage","F- Driver",,"Male","J- Minibus;L- Lorries Van","O- Lost Control & Runoff",2.00
3138,15024.00,"4- Demerara- Mahaica",439,"Ogle Public Road E.C.D","East Coast Demerara Road (From Georgetown)","-58.1000","6.8167",,,11/9/2003 0:00:00,12/30/1899 17:00:00,"D- Property Damage","F- Driver",,"Male","K- Private Cars;M- Hire Cars","S- Driver's Negligence",2.00
3139,15025.00,"4- Demerara- Mahaica",445,"Better Hope Public Road E.C.D","East Coast Demerara Road (From Georgetown)","-58.0833","6.8167",,,11/11/2003 0:00:00,12/30/1899 14:30:00,"C- Minor Injury","F- Driver",33.00,"Male","J- Minibus;W-Pedal Cycle","S- Driver's Negligence",2.00
3140,15026.00,"4- Demerara- Mahaica",443,"Sparendaam Public Road E.C.D","East Coast Demerara Road (From Georgetown)","-58.1000","6.8167",,,11/15/2003 0:00:00,12/30/1899 0:40:00,"B- Serious Injury","F- Driver",35.00,"Male","N- Pickup","O- Lost Control & Runoff",1.00
3141,15027.00,"4- Demerara- Mahaica",446,"Vryheid Lust Railway Embankment","East Coast Demerara Road (From Georgetown)","-58.0833","6.8167",,,11/14/2003 0:00:00,12/30/1899 7:50:00,"B- Serious Injury","F- Driver",59.00,"Male","J- Minibus","R- Improper Overtaking",2.00
3142,15028.00,"4- Demerara- Mahaica",437,"Industry Access Road E.C.D","East Coast Demerara Road (From Georgetown)","-57.4333","6.3000",,,11/8/2003 0:00:00,12/30/1899 19:35:00,"D- Property Damage","F- Driver",,"Male","K- Private Cars;L- Lorries Van","R- Improper Overtaking",2.00
3143,15029.00,"4- Demerara- Mahaica",446,"Vryheid Lust Public Road E.C.D","East Coast Demerara Road (From Georgetown)","-58.0833","6.8167",,,11/7/2003 0:00:00,12/30/1899 15:30:00,"C- Minor Injury","F- Driver",,"Male","M- Hire Cars","P- Speeding",2.00
3144,15030.00,"4- Demerara- Mahaica",446,"Vryheid Lust Railway Embankment E.C.D","East Coast Demerara Road (From Georgetown)","-58.0833","6.8167",,,11/18/2003 0:00:00,12/30/1899 8:20:00,"C- Minor Injury","F- Driver",,"Male","L- Lorries Van;W-Pedal Cycle","U- Cyclist's Negligence",2.00
3145,15031.00,"4- Demerara- Mahaica",432,"Turkeyen Public Road E.C.D","East Coast Demerara Road (From Georgetown)","-58.1167","6.8167",,,11/25/2003 0:00:00,12/30/1899 19:10:00,"D- Property Damage","F- Driver",38.00,"Male","K- Private Cars;M- Hire Cars","P- Speeding",2.00
3146,15032.00,"4- Demerara- Mahaica",430,"Liliendaal Railway Embankment E.C.D","East Coast Demerara Road (From Georgetown)","-58.1167","6.8167",,,11/17/2003 0:00:00,12/30/1899 19:10:00,"B- Serious Injury","F- Driver",,"Male","M- Hire Cars;N- Pickup","S- Driver's Negligence",2.00
3147,15033.00,"4- Demerara- Mahaica",438,"Oleander Gardens Public Road E.C.D","East Coast Demerara Road (From Georgetown)","-58.1000","6.8167",,,11/28/2003 0:00:00,12/30/1899 18:00:00,"D- Property Damage","F- Driver",,"Male","K- Private Cars;L- Lorries Van","S- Driver's Negligence",2.00
3148,15034.00,"4- Demerara- Mahaica",444,"Plaisance Railway Embankment E.C.D","East Coast Demerara Road (From Georgetown)","-58.0833","6.8167",,,11/10/2003 0:00:00,12/30/1899 18:30:00,"D- Property Damage","F- Driver",,"Male","J- Minibus","Y-Animal",1.00
3149,15035.00,"4- Demerara- Mahaica",445,"Better Hope Public Road E.C.D","East Coast Demerara Road (From Georgetown)","-58.0833","6.8167",,,12/5/2003 0:00:00,12/30/1899 12:30:00,"D- Property Damage","F- Driver",52.00,"Male","J- Minibus;K- Private Cars","P- Speeding",2.00
3150,15036.00,"4- Demerara- Mahaica",445,"Better Hope Public Road E.C.D","East Coast Demerara Road (From Georgetown)","-58.0833","6.8167",,,12/2/2003 0:00:00,12/30/1899 18:40:00,"D- Property Damage","F- Driver",,"Male","K- Private Cars;L- Lorries Van","P- Speeding",2.00
3151,15037.00,"4- Demerara- Mahaica",443,"Sparendaam Public Road, E.C.D","East Coast Demerara Road (From Georgetown)","-58.1000","6.8167",,,12/2/2003 0:00:00,12/30/1899 21:30:00,"B- Serious Injury","F- Driver",37.00,"Male","M- Hire Cars","P- Speeding",3.00
3152,15038.00,"4- Demerara- Mahaica",437,"Industry Public Road E.C.D","East Coast Demerara Road (From Georgetown)","-57.4333","6.3000",,,12/17/2003 0:00:00,12/30/1899 9:15:00,"B- Serious Injury","F- Driver",31.00,"Male","K- Private Cars;W-Pedal Cycle","U- Cyclist's Negligence",2.00
3153,15039.00,"4- Demerara- Mahaica",446,"Vryheid Lust Access Road E.C.D","East Coast Demerara Road (From Georgetown)","-58.0833","6.8167",,,12/15/2003 0:00:00,12/30/1899 20:30:00,"D- Property Damage","F- Driver",,"Male","J- Minibus","O- Lost Control & Runoff",1.00
3154,15040.00,"4- Demerara- Mahaica",430,"Liliendaal Public Road E.C.D","East Coast Demerara Road (From Georgetown)","-58.1167","6.8167",,,12/16/2003 0:00:00,12/30/1899 18:30:00,"C- Minor Injury","F- Driver",,"Male","J- Minibus","Y-Animal",1.00
3155,15041.00,"4- Demerara- Mahaica",450,"Felicity Public Road E.C.D","East Coast Demerara Road (From Georgetown)","-58.0833","6.8167",,,12/22/2003 0:00:00,12/30/1899 18:00:00,"C- Minor Injury","F- Driver",,"Male","K- Private Cars;N- Pickup","R- Improper Overtaking",2.00
3156,15042.00,"4- Demerara- Mahaica",446,"Vryheid Lust Railway Embankment E.C.D","East Coast Demerara Road (From Georgetown)","-58.0833","6.8167",,,12/22/2003 0:00:00,12/30/1899 17:45:00,"D- Property Damage","F- Driver",54.00,"Male","K- Private Cars;N- Pickup","S- Driver's Negligence",2.00
3157,15043.00,"4- Demerara- Mahaica",437,"Industry Railway Embankment E.C.D","East Coast Demerara Road (From Georgetown)","-57.4333","6.3000",,,12/21/2003 0:00:00,12/30/1899 16:30:00,"D- Property Damage","F- Driver",,"Male","K- Private Cars;M- Hire Cars","R- Improper Overtaking",2.00
3158,15044.00,"4- Demerara- Mahaica",445,"Better Hope Public Road E.C.D","East Coast Demerara Road (From Georgetown)","-58.0833","6.8167",,,12/26/2003 0:00:00,12/30/1899 18:30:00,"C- Minor Injury","F- Driver",,"Male","K- Private Cars","R- Improper Overtaking",2.00
3159,15045.00,"4- Demerara- Mahaica",445,"Robert Street Better Hope E.C.D","East Coast Demerara Road (From Georgetown)","-58.0833","6.8167",,,12/24/2003 0:00:00,12/30/1899 16:30:00,"C- Minor Injury","F- Driver",34.00,"Male","K- Private Cars","S- Driver's Negligence",2.00
3160,15046.00,"4- Demerara- Mahaica",446,"Vryheid Lust Railway Embankment E.C.D","East Coast Demerara Road (From Georgetown)","-58.0833","6.8167",,,12/24/2003 0:00:00,12/30/1899 13:50:00,"C- Minor Injury","F- Driver",,"Male","J- Minibus;W-Pedal Cycle","S- Driver's Negligence",2.00
3161,15047.00,"4- Demerara- Mahaica",445,"Better Hope Public Road E.C.D","East Coast Demerara Road (From Georgetown)","-58.0833","6.8167",,,12/29/2003 0:00:00,12/30/1899 5:45:00,"D- Property Damage","F- Driver",39.00,"Male","J- Minibus;K- Private Cars","S- Driver's Negligence",2.00
3162,15048.00,"4- Demerara- Mahaica",439,"Ogle Public Road E.C.D","East Coast Demerara Road (From Georgetown)","-58.1000","6.8167",,,12/29/2003 0:00:00,12/30/1899 19:25:00,"C- Minor Injury","F- Driver",26.00,"Male","K- Private Cars;V-Motor Cycle","R- Improper Overtaking",2.00
3163,15049.00,"4- Demerara- Mahaica",432,"Turkeyen Railway Embankment E.C.D","East Coast Demerara Road (From Georgetown)","-58.1167","6.8167",,,12/30/2003 0:00:00,12/30/1899 3:00:00,"B- Serious Injury","F- Driver",22.00,"Male","K- Private Cars;M- Hire Cars","S- Driver's Negligence",2.00
3164,15050.00,"4- Demerara- Mahaica",444,"Plaisance Railway Embankment E.C.D","East Coast Demerara Road (From Georgetown)","-58.0833","6.8167",,,12/20/2003 0:00:00,12/30/1899 21:30:00,"C- Minor Injury","F- Driver",29.00,"Male","K- Private Cars","T-Pedestrian's Negligence",2.00
3165,15051.00,"4- Demerara- Mahaica",432,"Turkeyen (UG) Access Road E.C.D","East Coast Demerara Road (From Georgetown)","-58.1167","6.8167",,,1/2/2004 0:00:00,12/30/1899 20:20:00,"D- Property Damage","F- Driver",32.00,"Male","L- Lorries Van","Y-Animal",1.00
3166,15052.00,"4- Demerara- Mahaica",434,"Cummings Lodge Public Road E.C.D","East Coast Demerara Road (From Georgetown)","-58.1167","6.8167",,,1/4/2004 0:00:00,12/30/1899 22:30:00,"D- Property Damage","F- Driver",51.00,"Male","K- Private Cars;V-Motor Cycle","R- Improper Overtaking",2.00
3167,15053.00,"4- Demerara- Mahaica",432,"Turkeyen Railway Embankment E.C.D","East Coast Demerara Road (From Georgetown)","-58.1167","6.8167",,,1/4/2004 0:00:00,12/30/1899 18:30:00,"D- Property Damage","F- Driver",29.00,"Female","K- Private Cars;M- Hire Cars","R- Improper Overtaking",2.00
3168,15054.00,"4- Demerara- Mahaica",446,"Vryheid Lust Railway Embankment E.C.D","East Coast Demerara Road (From Georgetown)","-58.0833","6.8167",,,1/10/2004 0:00:00,12/30/1899 12:30:00,"C- Minor Injury","F- Driver",,"Male","K- Private Cars;L- Lorries Van","S- Driver's Negligence",2.00
3169,15055.00,"4- Demerara- Mahaica",434,"Cummings Lodge Railway Embankment E.C.D","East Coast Demerara Road (From Georgetown)","-58.1167","6.8167",,,1/10/2004 0:00:00,12/30/1899 0:10:00,"D- Property Damage","F- Driver",,"Male","J- Minibus;K- Private Cars","R- Improper Overtaking",2.00
3170,15056.00,"4- Demerara- Mahaica",439,"Ogle Railway Embankment E.C.D","East Coast Demerara Road (From Georgetown)","-58.1000","6.8167",,,1/13/2004 0:00:00,12/30/1899 7:30:00,"C- Minor Injury","F- Driver",,"Male","K- Private Cars;V-Motor Cycle","U- Cyclist's Negligence",2.00
3171,15057.00,"4- Demerara- Mahaica",448,"Montrose Public Road E.C.D","East Coast Demerara Road (From Georgetown)","-58.0833","6.8167",,,1/13/2004 0:00:00,12/30/1899 20:30:00,"D- Property Damage","F- Driver",,"Male","K- Private Cars;M- Hire Cars","S- Driver's Negligence",2.00
3172,15058.00,"4- Demerara- Mahaica",439,"Ogle Airstrip Access Road E.C.D","East Coast Demerara Road (From Georgetown)","-58.1000","6.8167",,,1/16/2004 0:00:00,12/30/1899 17:00:00,"D- Property Damage","F- Driver",34.00,"Male","J- Minibus;M- Hire Cars","R- Improper Overtaking",2.00
3173,15059.00,"4- Demerara- Mahaica",446,"Vryheid Lust Railway Embankment E.C.D","East Coast Demerara Road (From Georgetown)","-58.0833","6.8167",,,1/17/2004 0:00:00,12/30/1899 9:15:00,"A- Fatal","F- Driver",23.00,"Male","K- Private Cars;W-Pedal Cycle","U- Cyclist's Negligence",2.00
3174,15060.00,"4- Demerara- Mahaica",446,"Vryheid Lust Railway Embankment E.C.D","East Coast Demerara Road (From Georgetown)","-58.0833","6.8167",,,1/21/2004 0:00:00,12/30/1899 18:50:00,"C- Minor Injury","F- Driver",31.00,"Male","J- Minibus","T-Pedestrian's Negligence",2.00
3175,15061.00,"4- Demerara- Mahaica",430,"Liliendaal Public Road E.C.D","East Coast Demerara Road (From Georgetown)","-58.1167","6.8167",,,1/23/2004 0:00:00,12/30/1899 15:30:00,"C- Minor Injury","F- Driver",41.00,"Male","J- Minibus;K- Private Cars","S- Driver's Negligence",2.00
3176,15062.00,"4- Demerara- Mahaica",490,"Victoria Road Plaisance E.C.D","East Coast Demerara Road (From Georgetown)","-57.9667","6.7500",,,1/31/2004 0:00:00,12/30/1899 6:30:00,"D- Property Damage","F- Driver",,"Male","J- Minibus","S- Driver's Negligence",2.00
3177,15063.00,"4- Demerara- Mahaica",439,"Ogle Backstreet E.C.D","East Coast Demerara Road (From Georgetown)","-58.1000","6.8167",,,1/12/2004 0:00:00,12/30/1899 21:30:00,"D- Property Damage","F- Driver",23.00,"Male","K- Private Cars;N- Pickup","S- Driver's Negligence",2.00
3178,15064.00,"4- Demerara- Mahaica",445,"Better hope Railway Embankment E.C.D","East Coast Demerara Road (From Georgetown)","-58.0833","6.8167",,,3/9/2004 0:00:00,12/30/1899 8:00:00,"C- Minor Injury","F- Driver",62.00,"Male","N- Pickup","U- Cyclist's Negligence",2.00
3179,15065.00,"4- Demerara- Mahaica",446,"Vryheid Lust Railway Rmbankment E.C.D","East Coast Demerara Road (From Georgetown)","-58.0833","6.8167",,,2/13/2004 0:00:00,12/30/1899 12:05:00,"C- Minor Injury","F- Driver",,"Male","K- Private Cars;W-Pedal Cycle","U- Cyclist's Negligence",2.00
3180,15066.00,"4- Demerara- Mahaica",445,"Better Hope Railway Embankment E.C.D","East Coast Demerara Road (From Georgetown)","-58.0833","6.8167",,,2/14/2004 0:00:00,12/30/1899 16:50:00,"B- Serious Injury","F- Driver",,"Male","J- Minibus;L- Lorries Van","P- Speeding",2.00
3181,15067.00,"4- Demerara- Mahaica",450,"Felicity Railway Embankment E.C.D","East Coast Demerara Road (From Georgetown)","-58.0833","6.8167",,,2/16/2004 0:00:00,12/30/1899 22:35:00,"B- Serious Injury","G- Rider",,"Male","W-Pedal Cycle","U- Cyclist's Negligence",2.00
3182,15068.00,"4- Demerara- Mahaica",443,"Sparendaam Railway Embankment E.C.D","East Coast Demerara Road (From Georgetown)","-58.1000","6.8167",,,2/18/2004 0:00:00,12/30/1899 8:00:00,"C- Minor Injury","F- Driver",35.00,"Male","M- Hire Cars","S- Driver's Negligence",2.00
3183,15069.00,"4- Demerara- Mahaica",436,"Graham's Hall Railway Embankment E.C.D","East Coast Demerara Road (From Georgetown)","-58.1167","6.8167",,,2/20/2004 0:00:00,12/30/1899 13:25:00,"B- Serious Injury","F- Driver",37.00,"Male","N- Pickup","R- Improper Overtaking",2.00
3184,15070.00,"4- Demerara- Mahaica",439,"Ogle Public Road E.C.D","East Coast Demerara Road (From Georgetown)","-58.1000","6.8167",,,2/20/2004 0:00:00,12/30/1899 19:45:00,"C- Minor Injury","F- Driver",,"Male","K- Private Cars;N- Pickup","S- Driver's Negligence",2.00
3185,15071.00,"4- Demerara- Mahaica",452,"Le Ressouvenir Railway Embankment E.C.D","East Coast Demerara Road (From Georgetown)","-58.0833","6.8167",,,2/20/2004 0:00:00,12/30/1899 11:00:00,"C- Minor Injury","F- Driver",22.00,"Male","J- Minibus;K- Private Cars","R- Improper Overtaking",2.00
3186,15072.00,"4- Demerara- Mahaica",444,"Plaisance Public Road E.C.D","East Coast Demerara Road (From Georgetown)","-58.0833","6.8167",,,2/22/2004 0:00:00,12/30/1899 9:30:00,"C- Minor Injury","F- Driver",35.00,"Male","J- Minibus","S- Driver's Negligence",2.00
3187,15073.00,"4- Demerara- Mahaica",436,"4th Street Cummings Lodge E.C.D","East Coast Demerara Road (From Georgetown)","-58.1167","6.8167",,,2/23/2004 0:00:00,12/30/1899 18:15:00,"C- Minor Injury","F- Driver",25.00,"Male","K- Private Cars","T-Pedestrian's Negligence",2.00
3188,15074.00,"4- Demerara- Mahaica",436,"Graham's Hall Railway Embankment E.C.D","East Coast Demerara Road (From Georgetown)","-58.1167","6.8167",,,2/25/2004 0:00:00,12/30/1899 14:15:00,"C- Minor Injury","F- Driver",33.00,"Male","J- Minibus","T-Pedestrian's Negligence",2.00
3189,15075.00,"4- Demerara- Mahaica",445,"Better Hope Public Road E.C.D","East Coast Demerara Road (From Georgetown)","-58.0833","6.8167",,,2/18/2004 0:00:00,12/30/1899 15:00:00,"D- Property Damage","F- Driver",,"Male","L- Lorries Van","S- Driver's Negligence",2.00
3190,15076.00,"4- Demerara- Mahaica",438,"Oleander Gardens Public Road E.C.D","East Coast Demerara Road (From Georgetown)","-58.1000","6.8167",,,2/28/2004 0:00:00,12/30/1899 7:12:00,"C- Minor Injury","F- Driver",71.00,"Male","L- Lorries Van","S- Driver's Negligence",2.00
3191,15077.00,"4- Demerara- Mahaica",444,"Plaisance Railway Embankment E.C.D","East Coast Demerara Road (From Georgetown)","-58.0833","6.8167",,,2/29/2004 0:00:00,12/30/1899 14:30:00,"D- Property Damage","F- Driver",19.00,"Male","K- Private Cars;N- Pickup","R- Improper Overtaking",2.00
3192,15078.00,"4- Demerara- Mahaica",434,"Cummings Lodge Access Road E.C.D","East Coast Demerara Road (From Georgetown)","-58.1167","6.8167",,,2/28/2004 0:00:00,12/30/1899 21:00:00,"D- Property Damage","F- Driver",36.00,"Male","N- Pickup","P- Speeding",2.00
3193,15079.00,"4- Demerara- Mahaica",445,"Better Hope Railway Embankment E.C.D","East Coast Demerara Road (From Georgetown)","-58.0833","6.8167",,,3/2/2004 0:00:00,12/30/1899 7:30:00,"C- Minor Injury","G- Rider",24.00,"Male","V-Motor Cycle;W-Pedal Cycle","U- Cyclist's Negligence",2.00
3194,15080.00,"4- Demerara- Mahaica",434,"Cummings Lodge Public Road E.C.D","East Coast Demerara Road (From Georgetown)","-58.1167","6.8167",,,3/1/2004 0:00:00,12/30/1899 20:30:00,"D- Property Damage","F- Driver",22.00,"Male","J- Minibus;K- Private Cars","R- Improper Overtaking",2.00
3195,15081.00,"4- Demerara- Mahaica",432,"Turkeyen Railway Embankment E.C.D","East Coast Demerara Road (From Georgetown)","-58.1167","6.8167",,,3/4/2004 0:00:00,12/30/1899 15:30:00,"D- Property Damage","F- Driver",49.00,"Male","K- Private Cars;N- Pickup","S- Driver's Negligence",2.00
3196,15082.00,"4- Demerara- Mahaica",444,"Plaisance Railway Embankment E.C.D","East Coast Demerara Road (From Georgetown)","-58.0833","6.8167",,,3/9/2004 0:00:00,12/30/1899 11:55:00,"D- Property Damage","F- Driver",,"Male","M- Hire Cars","Y-Animal",1.00
3197,15083.00,"4- Demerara- Mahaica",432,"Turkeyen Public Road E.C.D","East Coast Demerara Road (From Georgetown)","-58.1167","6.8167",,,3/15/2004 0:00:00,12/30/1899 0:05:00,"D- Property Damage","F- Driver",35.00,"Male","N- Pickup","P- Speeding",2.00
3198,15084.00,"4- Demerara- Mahaica",427,"Bel Air Public Road E.C.D","East Coast Demerara Road (From Georgetown)","-58.1500","6.8167",,,3/12/2004 0:00:00,12/30/1899 17:30:00,"D- Property Damage","F- Driver",,"Male","K- Private Cars;L- Lorries Van","S- Driver's Negligence",2.00
3199,15085.00,"4- Demerara- Mahaica",445,"Better Hope Railway Embankment E.C.D","East Coast Demerara Road (From Georgetown)","-58.0833","6.8167",,,3/19/2004 0:00:00,12/30/1899 9:00:00,"B- Serious Injury","F- Driver",36.00,"Male","J- Minibus","P- Speeding",2.00
3200,15086.00,"4- Demerara- Mahaica",451,"Happy Acres Public Road E.C.D","East Coast Demerara Road (From Georgetown)","-58.0833","6.8167",,,3/20/2004 0:00:00,12/30/1899 18:10:00,"C- Minor Injury","F- Driver",19.00,"Male","N- Pickup;W-Pedal Cycle","S- Driver's Negligence",2.00
3201,15087.00,"4- Demerara- Mahaica",446,"Vryheid Lust Public Road E.C.D","East Coast Demerara Road (From Georgetown)","-58.0833","6.8167",,,3/23/2004 0:00:00,12/30/1899 20:00:00,"B- Serious Injury","G- Rider",27.00,"Male","V-Motor Cycle;W-Pedal Cycle","U- Cyclist's Negligence",2.00
3202,15088.00,"4- Demerara- Mahaica",432,"Turkeyen Public Road E.C.D","East Coast Demerara Road (From Georgetown)","-58.1167","6.8167",,,3/30/2004 0:00:00,12/30/1899 8:30:00,"B- Serious Injury","F- Driver",20.00,"Male","L- Lorries Van","O- Lost Control & Runoff",1.00