"ID","Accident ID","Region Number","Corridor ID","Location (Intersection/Road/Street)","Corridor","Location- longitude/ X","Location- latitude/  Y","Mile Marker","Village","Date of Accident","Time of Accident","Type of Accident","Class of Road User","Age/DOB","Gender","Class of Vehicles Involved","Contributing Factor","Number of Persons Involved"
3203,15089.00,"4- Demerara- Mahaica",439,"Ogle Access Road E.C.D","East Coast Demerara Road (From Georgetown)","-58.1000","6.8167",,,3/31/2004 0:00:00,12/30/1899 11:30:00,"D- Property Damage","F- Driver",,"Male","J- Minibus;L- Lorries Van","S- Driver's Negligence",2.00
3204,15090.00,"4- Demerara- Mahaica",437,"Industry Public Road E.C.D","East Coast Demerara Road (From Georgetown)","-57.4333","6.3000",,,4/1/2004 0:00:00,12/30/1899 22:30:00,"D- Property Damage","F- Driver",58.00,"Male","J- Minibus;K- Private Cars","S- Driver's Negligence",2.00
3205,15091.00,"4- Demerara- Mahaica",439,"Ogle Railway Embankment E.C.D","East Coast Demerara Road (From Georgetown)","-58.1000","6.8167",,,6/7/2004 0:00:00,12/30/1899 7:45:00,"D- Property Damage","F- Driver",,"Female","K- Private Cars","S- Driver's Negligence",2.00
3206,15092.00,"4- Demerara- Mahaica",432,"Turkeyen Railway Embankment E.C.D","East Coast Demerara Road (From Georgetown)","-58.1167","6.8167",,,6/13/2004 0:00:00,12/30/1899 15:30:00,"B- Serious Injury","F- Driver",34.00,"Male","M- Hire Cars;V-Motor Cycle","S- Driver's Negligence",2.00
3207,15093.00,"4- Demerara- Mahaica",450,"Felicity Railway Embankment E.C.D","East Coast Demerara Road (From Georgetown)","-58.0833","6.8167",,,6/13/2004 0:00:00,12/30/1899 18:50:00,"D- Property Damage","F- Driver",52.00,"Male","K- Private Cars;M- Hire Cars","P- Speeding",2.00
3208,15094.00,"4- Demerara- Mahaica",448,"Montrose Public Road","East Coast Demerara Road (From Georgetown)","-58.0833","6.8167",,,6/16/2004 0:00:00,12/30/1899 4:45:00,"C- Minor Injury","G- Rider",27.00,"Male","V-Motor Cycle","Y-Animal",1.00
3209,15095.00,"4- Demerara- Mahaica",445,"Better Hope Public Road E.C.D","East Coast Demerara Road (From Georgetown)","-58.0833","6.8167",,,6/18/2004 0:00:00,12/30/1899 9:20:00,"B- Serious Injury","F- Driver",75.00,"Male","M- Hire Cars","S- Driver's Negligence;T-Pedestrian's Negligence",2.00
3210,15096.00,"4- Demerara- Mahaica",445,"Better hope Public Road E.C.D","East Coast Demerara Road (From Georgetown)","-58.0833","6.8167",,,6/20/2004 0:00:00,12/30/1899 23:00:00,"B- Serious Injury","F- Driver",23.00,"Male","M- Hire Cars","P- Speeding",2.00
3211,15097.00,"4- Demerara- Mahaica",452,"Le Ressouvenir Public Road E.C.D","East Coast Demerara Road (From Georgetown)","-58.0833","6.8167",,,6/20/2004 0:00:00,12/30/1899 21:05:00,"A- Fatal","F- Driver",30.00,"Male","K- Private Cars;W-Pedal Cycle","O- Lost Control & Runoff;P- Speeding;R- Improper Overtaking",2.00
3212,15098.00,"4- Demerara- Mahaica",432,"Turkeyen Railway Embankment E.C.D","East Coast Demerara Road (From Georgetown)","-58.1167","6.8167",,,6/20/2004 0:00:00,12/30/1899 9:00:00,"D- Property Damage","F- Driver",23.00,"Male","K- Private Cars","Y-Animal",1.00
3213,15099.00,"4- Demerara- Mahaica",490,"Victoria Road Plaisance E.C.D","East Coast Demerara Road (From Georgetown)","-57.9667","6.7500",,,6/22/2004 0:00:00,12/30/1899 15:30:00,"C- Minor Injury","F- Driver",24.00,"Male","J- Minibus;V-Motor Cycle","S- Driver's Negligence;U- Cyclist's Negligence",2.00
3214,15100.00,"4- Demerara- Mahaica",446,"Vryheid Lust Public Road E.C.D","East Coast Demerara Road (From Georgetown)","-58.0833","6.8167",,,6/28/2004 0:00:00,12/30/1899 19:50:00,"C- Minor Injury","F- Driver",42.00,"Male","J- Minibus","O- Lost Control & Runoff",1.00
3215,15101.00,"4- Demerara- Mahaica",445,"Better Hope Public Road E.C.D","East Coast Demerara Road (From Georgetown)","-58.0833","6.8167",,,6/26/2004 0:00:00,12/30/1899 11:00:00,"D- Property Damage","F- Driver",,"Male","J- Minibus","S- Driver's Negligence;Y-Animal",1.00
3216,15102.00,"4- Demerara- Mahaica",429,"Sophia Railway embankment E.C.D","East Coast Demerara Road (From Georgetown)","-58.1167","6.8167",,,6/29/2004 0:00:00,12/30/1899 8:40:00,"C- Minor Injury","F- Driver",22.00,"Male","K- Private Cars;V-Motor Cycle","R- Improper Overtaking",2.00
3217,15103.00,"4- Demerara- Mahaica",438,"Oleander Public Road E.C.D","East Coast Demerara Road (From Georgetown)","-58.1000","6.8167",,,7/4/2004 0:00:00,12/30/1899 0:40:00,"C- Minor Injury","F- Driver",23.00,"Male","K- Private Cars;V-Motor Cycle","S- Driver's Negligence",2.00
3218,15104.00,"4- Demerara- Mahaica",451,"Happy Acres Public Road E.C.D","East Coast Demerara Road (From Georgetown)","-58.0833","6.8167",,,7/4/2004 0:00:00,12/30/1899 19:15:00,"A- Fatal","F- Driver",48.00,"Male","N- Pickup","O- Lost Control & Runoff;P- Speeding;S- Driver's Negligence",2.00
3219,15105.00,"4- Demerara- Mahaica",444,"Plaisance Railway Embankment E.C.D","East Coast Demerara Road (From Georgetown)","-58.0833","6.8167",,,7/6/2004 0:00:00,12/30/1899 14:10:00,"D- Property Damage","F- Driver",62.00,"Male","M- Hire Cars","P- Speeding",2.00
3220,15106.00,"4- Demerara- Mahaica",436,"Graham's Hall Railway Embankment E.C.D","East Coast Demerara Road (From Georgetown)","-58.1167","6.8167",,,7/29/2004 0:00:00,12/30/1899 20:40:00,"C- Minor Injury","G- Rider",24.00,"Male","V-Motor Cycle","U- Cyclist's Negligence;Y-Animal",1.00
3221,15107.00,"4- Demerara- Mahaica",443,"Sparendaam Public Road E.C.D","East Coast Demerara Road (From Georgetown)","-58.1000","6.8167",,,7/16/2004 0:00:00,12/30/1899 7:30:00,"D- Property Damage","F- Driver",56.00,"Male","M- Hire Cars","P- Speeding;S- Driver's Negligence",2.00
3222,15108.00,"4- Demerara- Mahaica",439,"Ogle Railway Embankment E.C.D","East Coast Demerara Road (From Georgetown)","-58.1000","6.8167",,,7/21/2004 0:00:00,12/30/1899 16:20:00,"D- Property Damage","G- Rider",23.00,"Male","V-Motor Cycle","Y-Animal",1.00
3223,15109.00,"4- Demerara- Mahaica",448,"Montrose Public Road E.C.D","East Coast Demerara Road (From Georgetown)","-58.0833","6.8167",,,7/25/2004 0:00:00,12/30/1899 4:30:00,"D- Property Damage","F- Driver",48.00,"Male","K- Private Cars","S- Driver's Negligence",2.00
3224,15110.00,"4- Demerara- Mahaica",434,"UG Access Road E.C.D","East Coast Demerara Road (From Georgetown)","-58.1167","6.8167",,,7/27/2004 0:00:00,12/30/1899 13:00:00,"C- Minor Injury","F- Driver",31.00,"Male","J- Minibus;K- Private Cars","S- Driver's Negligence",2.00
3225,15111.00,"4- Demerara- Mahaica",439,"Ogle Public Road E.C.D","East Coast Demerara Road (From Georgetown)","-58.1000","6.8167",,,7/27/2004 0:00:00,12/30/1899 20:10:00,"D- Property Damage","F- Driver",33.00,"Male","M- Hire Cars;N- Pickup","R- Improper Overtaking",2.00
3226,15112.00,"4- Demerara- Mahaica",443,"Sparendaam Public Road E.C.D","East Coast Demerara Road (From Georgetown)","-58.1000","6.8167",,,7/31/2004 0:00:00,12/30/1899 15:25:00,"D- Property Damage","F- Driver",,"Male","K- Private Cars","P- Speeding;S- Driver's Negligence",2.00
3227,15113.00,"4- Demerara- Mahaica",444,"Plaisance Railway Embankment E.C.D","East Coast Demerara Road (From Georgetown)","-58.0833","6.8167",,,7/30/2004 0:00:00,12/30/1899 12:30:00,"C- Minor Injury","G- Rider",39.00,"Male","V-Motor Cycle","Y-Animal",1.00
3228,15114.00,"4- Demerara- Mahaica",439,"Ogle Public Road E.C.D","East Coast Demerara Road (From Georgetown)","-58.1000","6.8167",,,8/6/2004 0:00:00,12/30/1899 7:30:00,"B- Serious Injury","F- Driver",58.00,"Male","N- Pickup","S- Driver's Negligence",2.00
3229,15115.00,"4- Demerara- Mahaica",439,"Ogle Railway Embankment E.C.D","East Coast Demerara Road (From Georgetown)","-58.1000","6.8167",,,8/8/2004 0:00:00,12/30/1899 9:30:00,"C- Minor Injury","F- Driver",52.00,"Male","M- Hire Cars;W-Pedal Cycle","S- Driver's Negligence;T-Pedestrian's Negligence",2.00
3230,15116.00,"4- Demerara- Mahaica",439,"Ogle Public Road E.C.D","East Coast Demerara Road (From Georgetown)","-58.1000","6.8167",,,8/12/2004 0:00:00,12/30/1899 21:55:00,"D- Property Damage","F- Driver",44.00,"Male","M- Hire Cars","O- Lost Control & Runoff",1.00
3231,15117.00,"4- Demerara- Mahaica",432,"Turkeyen Public Road E.C.D","East Coast Demerara Road (From Georgetown)","-58.1167","6.8167",,,8/15/2004 0:00:00,12/30/1899 17:50:00,"D- Property Damage","F- Driver",26.00,"Male","K- Private Cars","R- Improper Overtaking",2.00
3232,15118.00,"4- Demerara- Mahaica",443,"Sparendaam Public Road E.C.D","East Coast Demerara Road (From Georgetown)","-58.1000","6.8167",,,8/15/2004 0:00:00,12/30/1899 21:30:00,"D- Property Damage","F- Driver",,"Male","L- Lorries Van","P- Speeding;Q- Alcohol",2.00
3233,15119.00,"4- Demerara- Mahaica",443,"Sparendaam Public Road E.C.D","East Coast Demerara Road (From Georgetown)","-58.1000","6.8167",,,8/21/2004 0:00:00,12/30/1899 17:25:00,"B- Serious Injury","F- Driver",49.00,"Male","K- Private Cars","T-Pedestrian's Negligence",2.00
3234,15120.00,"4- Demerara- Mahaica",434,"UG Access Road E.C.D","East Coast Demerara Road (From Georgetown)","-58.1167","6.8167",,,8/25/2004 0:00:00,12/30/1899 8:15:00,"D- Property Damage","F- Driver",52.00,"Male","K- Private Cars;N- Pickup","S- Driver's Negligence",2.00
3235,15121.00,"4- Demerara- Mahaica",442,"Goedverwagting Public Road E.C.D","East Coast Demerara Road (From Georgetown)","-58.1000","6.8167",,,8/18/2004 0:00:00,12/30/1899 8:00:00,"D- Property Damage","F- Driver",44.00,"Male","K- Private Cars;L- Lorries Van","R- Improper Overtaking",2.00
3236,15122.00,"4- Demerara- Mahaica",442,"Goedverwagting Railway Embankment E.C.D","East Coast Demerara Road (From Georgetown)","-58.1000","6.8167",,,8/28/2004 0:00:00,12/30/1899 21:30:00,"D- Property Damage","F- Driver",,"Male","M- Hire Cars","O- Lost Control & Runoff;P- Speeding;Q- Alcohol",2.00
3237,15123.00,"4- Demerara- Mahaica",452,"Le Ressouvenir Public Road E.C.D","East Coast Demerara Road (From Georgetown)","-58.0833","6.8167",,,7/16/2004 0:00:00,12/30/1899 16:30:00,"D- Property Damage","F- Driver",47.00,"Female","K- Private Cars","Y-Animal",2.00
3238,15124.00,"4- Demerara- Mahaica",448,"Montrose Public Road E.C.D","East Coast Demerara Road (From Georgetown)","-58.0833","6.8167",,,8/30/2004 0:00:00,12/30/1899 19:30:00,"D- Property Damage","F- Driver",42.00,"Female","K- Private Cars","S- Driver's Negligence",2.00
3239,15125.00,"4- Demerara- Mahaica",432,"Turkeyen Railway Embankment E.C.D","East Coast Demerara Road (From Georgetown)","-58.1167","6.8167",,,8/31/2004 0:00:00,12/30/1899 13:30:00,"D- Property Damage","F- Driver",35.00,"Male","M- Hire Cars","Y-Animal",1.00
3240,15126.00,"4- Demerara- Mahaica",446,"Vryheid Lust Railway Embankment E.C.D","East Coast Demerara Road (From Georgetown)","-58.0833","6.8167",,,9/1/2004 0:00:00,12/30/1899 15:00:00,"B- Serious Injury","G- Rider",28.00,"Male","V-Motor Cycle","S- Driver's Negligence;T-Pedestrian's Negligence",2.00
3241,15127.00,"4- Demerara- Mahaica",442,"Goedverwagting Railway Embankment E.C.D","East Coast Demerara Road (From Georgetown)","-58.1000","6.8167",,,9/2/2004 0:00:00,12/30/1899 11:40:00,"C- Minor Injury","F- Driver",22.00,"Male","M- Hire Cars","Y-Animal",2.00
3242,15128.00,"4- Demerara- Mahaica",437,"Industry Railway Embankment E.C.D","East Coast Demerara Road (From Georgetown)","-57.4333","6.3000",,,9/3/2004 0:00:00,12/30/1899 18:50:00,"D- Property Damage","F- Driver",45.00,"Male","J- Minibus;K- Private Cars","S- Driver's Negligence",2.00
3243,15129.00,"4- Demerara- Mahaica",439,"Ogle Public Road E.C.D","East Coast Demerara Road (From Georgetown)","-58.1000","6.8167",,,9/4/2004 0:00:00,12/30/1899 22:30:00,"D- Property Damage","F- Driver",25.00,"Male","K- Private Cars","S- Driver's Negligence",2.00
3244,15130.00,"4- Demerara- Mahaica",429,"Dennis Street Sophia E.C.D","East Coast Demerara Road (From Georgetown)","-58.1167","6.8167",,,9/6/2004 0:00:00,12/30/1899 11:20:00,"D- Property Damage","F- Driver",34.00,"Male","K- Private Cars;L- Lorries Van","S- Driver's Negligence",2.00
3245,15131.00,"4- Demerara- Mahaica",446,"Vryheid Lust Public Road E.C.D","East Coast Demerara Road (From Georgetown)","-58.0833","6.8167",,,9/9/2004 0:00:00,12/30/1899 7:15:00,"D- Property Damage","F- Driver",33.00,"Male","J- Minibus;K- Private Cars","P- Speeding;S- Driver's Negligence",2.00
3246,15132.00,"4- Demerara- Mahaica",432,"Turkeyen Public Road E.C.D","East Coast Demerara Road (From Georgetown)","-58.1167","6.8167",,,9/10/2004 0:00:00,12/30/1899 19:10:00,"D- Property Damage","F- Driver",40.00,"Male","J- Minibus;M- Hire Cars","P- Speeding;S- Driver's Negligence",2.00
3247,15133.00,"4- Demerara- Mahaica",432,"Turkeyen Public Road E.C.D","East Coast Demerara Road (From Georgetown)","-58.1167","6.8167",,,9/11/2004 0:00:00,12/30/1899 8:30:00,"D- Property Damage","F- Driver",20.00,"Male","J- Minibus;N- Pickup","P- Speeding",1.00
3248,15134.00,"4- Demerara- Mahaica",439,"Ogle Public Road E.C.D","East Coast Demerara Road (From Georgetown)","-58.1000","6.8167",,,9/17/2004 0:00:00,12/30/1899 15:00:00,"D- Property Damage","F- Driver",,"Male","K- Private Cars","Y-Animal",2.00
3249,15135.00,"4- Demerara- Mahaica",452,"Le Ressouvenir Railway Embankment E.C.D","East Coast Demerara Road (From Georgetown)","-58.0833","6.8167",,,9/4/2004 0:00:00,12/30/1899 22:20:00,"D- Property Damage","F- Driver",28.00,"Male","M- Hire Cars;V-Motor Cycle","R- Improper Overtaking;S- Driver's Negligence",1.00
3250,15136.00,"4- Demerara- Mahaica",445,"Better Hope Public Road E.C.D","East Coast Demerara Road (From Georgetown)","-58.0833","6.8167",,,8/25/2004 0:00:00,12/30/1899 20:45:00,"C- Minor Injury","F- Driver",,"Male","J- Minibus","S- Driver's Negligence;Y-Animal",1.00
3251,15137.00,"4- Demerara- Mahaica",443,"Sparendaam Public Road","East Coast Demerara Road (From Georgetown)","-58.1000","6.8167",,,9/18/2004 0:00:00,12/30/1899 14:00:00,"D- Property Damage","F- Driver",,"Male","J- Minibus","Y-Animal",2.00
3252,15138.00,"4- Demerara- Mahaica",427,"Bel Air Public Road E.C.D","East Coast Demerara Road (From Georgetown)","-58.1500","6.8167",,,9/20/2004 0:00:00,12/30/1899 20:20:00,"A- Fatal","F- Driver",54.00,"Male","K- Private Cars","R- Improper Overtaking;S- Driver's Negligence;T-Pedestrian's Negligence",2.00
3253,15139.00,"4- Demerara- Mahaica",451,"Happy Acre Public Road E.C.D","East Coast Demerara Road (From Georgetown)","-58.0833","6.8167",,,9/24/2004 0:00:00,12/30/1899 10:00:00,"D- Property Damage","F- Driver",48.00,"Male","J- Minibus;M- Hire Cars","P- Speeding;R- Improper Overtaking;S- Driver's Negligence",2.00
3254,15140.00,"4- Demerara- Mahaica",437,"Industry Railway Embankment E.C.D","East Coast Demerara Road (From Georgetown)","-57.4333","6.3000",,,9/26/2004 0:00:00,12/30/1899 10:00:00,"C- Minor Injury","F- Driver",20.00,"Male","N- Pickup","P- Speeding",2.00
3255,15141.00,"4- Demerara- Mahaica",446,"Vryheid Lust Public Road E.C.D","East Coast Demerara Road (From Georgetown)","-58.0833","6.8167",,,9/25/2004 0:00:00,12/30/1899 10:20:00,"C- Minor Injury","F- Driver",56.00,"Male","J- Minibus","S- Driver's Negligence",2.00
3256,15142.00,"4- Demerara- Mahaica",437,"6th Street Industry E.C.D","East Coast Demerara Road (From Georgetown)","-57.4333","6.3000",,,9/26/2004 0:00:00,12/30/1899 17:55:00,"D- Property Damage","F- Driver",28.00,"Female","J- Minibus;K- Private Cars","R- Improper Overtaking",2.00
3257,15143.00,"4- Demerara- Mahaica",439,"Ogle Railway Embankment E.C.D","East Coast Demerara Road (From Georgetown)","-58.1000","6.8167",,,9/26/2004 0:00:00,12/30/1899 19:30:00,"B- Serious Injury","F- Driver",53.00,"Male","J- Minibus","S- Driver's Negligence;T-Pedestrian's Negligence",1.00
3258,15144.00,"4- Demerara- Mahaica",429,"E Field Sophia Access Road E.C.D","East Coast Demerara Road (From Georgetown)","-58.1167","6.8167",,,9/27/2004 0:00:00,12/30/1899 13:30:00,"D- Property Damage","F- Driver",33.00,"Male","J- Minibus","S- Driver's Negligence;Y-Animal",2.00
3259,15145.00,"4- Demerara- Mahaica",432,"Turkeyen Public Road E.C.D","East Coast Demerara Road (From Georgetown)","-58.1167","6.8167",,,9/20/2004 0:00:00,12/30/1899 16:45:00,"D- Property Damage","F- Driver",,"Male","L- Lorries Van","R- Improper Overtaking",2.00
3260,15146.00,"4- Demerara- Mahaica",451,"Happy Acre Public Road E.C.D","East Coast Demerara Road (From Georgetown)","-58.0833","6.8167",,,9/22/2004 0:00:00,12/30/1899 18:30:00,"B- Serious Injury","F- Driver",46.00,"Male","K- Private Cars;V-Motor Cycle","P- Speeding;S- Driver's Negligence;U- Cyclist's Negligence",2.00
3261,15147.00,"4- Demerara- Mahaica",437,"Industry Public Road E.C.D","East Coast Demerara Road (From Georgetown)","-57.4333","6.3000",,,10/2/2004 0:00:00,12/30/1899 21:00:00,"B- Serious Injury","F- Driver",48.00,"Male","N- Pickup","P- Speeding;T-Pedestrian's Negligence",2.00
3262,15148.00,"4- Demerara- Mahaica",448,"Montrose Public Road E.C.D","East Coast Demerara Road (From Georgetown)","-58.0833","6.8167",,,10/8/2004 0:00:00,12/30/1899 13:30:00,"C- Minor Injury","F- Driver",72.00,"Male","J- Minibus;K- Private Cars","P- Speeding;R- Improper Overtaking",2.00
3263,15149.00,"4- Demerara- Mahaica",451,"Happy Acre Railway Embankment E.C.D","East Coast Demerara Road (From Georgetown)","-58.0833","6.8167",,,10/11/2004 0:00:00,12/30/1899 15:00:00,"B- Serious Injury","F- Driver",26.00,"Male","J- Minibus","P- Speeding;R- Improper Overtaking;S- Driver's Negligence",2.00
3264,15150.00,"4- Demerara- Mahaica",451,"Happy Acre Railway Embankment E.C.D","East Coast Demerara Road (From Georgetown)","-58.0833","6.8167",,,10/14/2004 0:00:00,12/30/1899 9:00:00,"D- Property Damage","F- Driver",33.00,"Male","J- Minibus;K- Private Cars","O- Lost Control & Runoff",1.00
3265,15151.00,"4- Demerara- Mahaica",452,"Le Ressouvenir Public Road E.C.D","East Coast Demerara Road (From Georgetown)","-58.0833","6.8167",,,10/17/2004 0:00:00,12/30/1899 8:45:00,"D- Property Damage","F- Driver",22.00,"Male","K- Private Cars","Y-Animal",2.00
3266,15152.00,"4- Demerara- Mahaica",444,"Plaisance Public Road E.C.D","East Coast Demerara Road (From Georgetown)","-58.0833","6.8167",,,10/19/2004 0:00:00,12/30/1899 7:30:00,"D- Property Damage","F- Driver",31.00,"Male","J- Minibus;K- Private Cars","O- Lost Control & Runoff",2.00
3267,15153.00,"4- Demerara- Mahaica",448,"Montrose Railway Embankment E.C.D","East Coast Demerara Road (From Georgetown)","-58.0833","6.8167",,,10/21/2004 0:00:00,12/30/1899 7:10:00,"B- Serious Injury","F- Driver",25.00,"Male","J- Minibus;W-Pedal Cycle","S- Driver's Negligence;U- Cyclist's Negligence",1.00
3268,15154.00,"4- Demerara- Mahaica",451,"Happy Acres Public Road E.C.D","East Coast Demerara Road (From Georgetown)","-58.0833","6.8167",,,10/25/2004 0:00:00,12/30/1899 22:30:00,"C- Minor Injury","F- Driver",24.00,"Male","K- Private Cars","Y-Animal",2.00
3269,15155.00,"4- Demerara- Mahaica",436,"Graham's Hall Railway Embankment E.C.D","East Coast Demerara Road (From Georgetown)","-58.1167","6.8167",,,10/27/2004 0:00:00,12/30/1899 16:45:00,"C- Minor Injury","F- Driver",31.00,"Female","J- Minibus;K- Private Cars","R- Improper Overtaking",2.00
3270,15156.00,"4- Demerara- Mahaica",432,"Turkeyen Railway Embankment E.C.D","East Coast Demerara Road (From Georgetown)","-58.1167","6.8167",,,10/29/2004 0:00:00,12/30/1899 17:00:00,"D- Property Damage","F- Driver",54.00,"Male","J- Minibus;K- Private Cars","R- Improper Overtaking;S- Driver's Negligence",1.00
3271,15157.00,"4- Demerara- Mahaica",442,"Goedverwagting Public Road E.C.D","East Coast Demerara Road (From Georgetown)","-58.1000","6.8167",,,11/5/2004 0:00:00,12/30/1899 7:00:00,"B- Serious Injury","G- Rider",24.00,"Male","V-Motor Cycle","U- Cyclist's Negligence;Y-Animal",2.00
3272,15158.00,"4- Demerara- Mahaica",448,"Montrose Public Road E.C.D","East Coast Demerara Road (From Georgetown)","-58.0833","6.8167",,,11/6/2004 0:00:00,12/30/1899 7:10:00,"C- Minor Injury","G- Rider",42.00,"Male","V-Motor Cycle","T-Pedestrian's Negligence;U- Cyclist's Negligence",2.00
3273,15159.00,"4- Demerara- Mahaica",439,"Ogle Railway Embankment E.C.D","East Coast Demerara Road (From Georgetown)","-58.1000","6.8167",,,11/11/2004 0:00:00,12/30/1899 9:00:00,"C- Minor Injury","G- Rider",35.00,"Male","V-Motor Cycle","T-Pedestrian's Negligence",2.00
3274,15160.00,"4- Demerara- Mahaica",429,"C Field Sophia E.C.D","East Coast Demerara Road (From Georgetown)","-58.1167","6.8167",,,11/18/2004 0:00:00,12/30/1899 7:45:00,"C- Minor Injury","G- Rider",18.00,"Male","V-Motor Cycle","P- Speeding;U- Cyclist's Negligence",2.00
3275,15161.00,"4- Demerara- Mahaica",449,"Atlantic Ville Public Road E.C.D","East Coast Demerara Road (From Georgetown)","-58.0833","6.8167",,,11/11/2004 0:00:00,12/30/1899 20:45:00,"C- Minor Injury","G- Rider",,"Male","V-Motor Cycle;W-Pedal Cycle","U- Cyclist's Negligence",2.00
3276,15162.00,"4- Demerara- Mahaica",439,"Ogle Punlic Road E.C.D","East Coast Demerara Road (From Georgetown)","-58.1000","6.8167",,,11/23/2004 0:00:00,12/30/1899 13:45:00,"D- Property Damage","F- Driver",36.00,"Male","M- Hire Cars;N- Pickup","S- Driver's Negligence",2.00
3277,15163.00,"4- Demerara- Mahaica",448,"Montrose Public Road E.C.D","East Coast Demerara Road (From Georgetown)","-58.0833","6.8167",,,11/24/2004 0:00:00,12/30/1899 9:15:00,"C- Minor Injury","F- Driver",31.00,"Male","K- Private Cars","P- Speeding",2.00
3278,15164.00,"4- Demerara- Mahaica",439,"Ogle Public Road E.C.D","East Coast Demerara Road (From Georgetown)","-58.1000","6.8167",,,11/20/2004 0:00:00,12/30/1899 18:15:00,"C- Minor Injury","G- Rider",,"Male","L- Lorries Van;V-Motor Cycle","P- Speeding;U- Cyclist's Negligence",2.00
3279,15166.00,"4- Demerara- Mahaica",448,"Montrose Public Road E.C.d","East Coast Demerara Road (From Georgetown)","-58.0833","6.8167",,,11/29/2004 0:00:00,12/30/1899 10:00:00,"C- Minor Injury","G- Rider",49.00,"Male","M- Hire Cars;V-Motor Cycle","P- Speeding;U- Cyclist's Negligence",2.00
3280,15167.00,"4- Demerara- Mahaica",437,"Industry Crowndam Road E.C.D","East Coast Demerara Road (From Georgetown)","-57.4333","6.3000",,,12/2/2004 0:00:00,12/30/1899 16:20:00,"D- Property Damage","F- Driver",21.00,"Male","K- Private Cars;N- Pickup","S- Driver's Negligence",2.00
3281,15168.00,"4- Demerara- Mahaica",437,"Industry Railway Embankment E.C.D","East Coast Demerara Road (From Georgetown)","-57.4333","6.3000",,,12/2/2004 0:00:00,12/30/1899 12:30:00,"C- Minor Injury","G- Rider",19.00,"Female","V-Motor Cycle;W-Pedal Cycle","P- Speeding",2.00
3282,15169.00,"4- Demerara- Mahaica",445,"Better Hope Public Road E.C.D","East Coast Demerara Road (From Georgetown)","-58.0833","6.8167",,,12/4/2004 0:00:00,12/30/1899 15:00:00,"C- Minor Injury","F- Driver",41.00,"Male","K- Private Cars;N- Pickup","P- Speeding;S- Driver's Negligence;T-Pedestrian's Negligence",3.00
3283,15170.00,"4- Demerara- Mahaica",445,"Better Hope Public Road E.C.D","East Coast Demerara Road (From Georgetown)","-58.0833","6.8167",,,12/5/2004 0:00:00,12/30/1899 13:45:00,"D- Property Damage","F- Driver",,"Male","K- Private Cars;M- Hire Cars","O- Lost Control & Runoff;P- Speeding",2.00
3284,15171.00,"4- Demerara- Mahaica",430,"Liliendaal Public Road E.C.D","East Coast Demerara Road (From Georgetown)","-58.1167","6.8167",,,9/16/2004 0:00:00,12/30/1899 17:30:00,"C- Minor Injury","F- Driver",27.00,"Male","M- Hire Cars","T-Pedestrian's Negligence",2.00
3285,15172.00,"4- Demerara- Mahaica",434,"UG Access Road E.C.D","East Coast Demerara Road (From Georgetown)","-58.1167","6.8167",,,12/16/2004 0:00:00,12/30/1899 6:00:00,"C- Minor Injury","F- Driver",57.00,"Male","L- Lorries Van;M- Hire Cars","P- Speeding",2.00
3286,15173.00,"4- Demerara- Mahaica",450,"Felicity Public Road E.C.D","East Coast Demerara Road (From Georgetown)","-58.0833","6.8167",,,12/17/2004 0:00:00,12/30/1899 17:00:00,"C- Minor Injury","F- Driver",50.00,"Male","M- Hire Cars","Y-Animal",1.00
3287,15174.00,"4- Demerara- Mahaica",430,"Liliendaal Public Road E.C.D","East Coast Demerara Road (From Georgetown)","-58.1167","6.8167",,,12/18/2004 0:00:00,12/30/1899 0:00:00,"A- Fatal","F- Driver",27.00,"Male","K- Private Cars","P- Speeding",2.00
3288,15175.00,"4- Demerara- Mahaica",432,"Turkeyen Public Road E.C.D","East Coast Demerara Road (From Georgetown)","-58.1167","6.8167",,,12/19/2004 0:00:00,12/30/1899 22:45:00,"B- Serious Injury","F- Driver",26.00,"Male","J- Minibus;N- Pickup","O- Lost Control & Runoff;P- Speeding;S- Driver's Negligence",2.00
3289,15176.00,"4- Demerara- Mahaica",437,"Industry Access Road E.C.D","East Coast Demerara Road (From Georgetown)","-57.4333","6.3000",,,12/19/2004 0:00:00,12/30/1899 17:30:00,"D- Property Damage","F- Driver",20.00,"Male","K- Private Cars","S- Driver's Negligence",2.00