"ID","Accident ID","Region Number","Corridor ID","Location (Intersection/Road/Street)","Corridor","Location- longitude/ X","Location- latitude/  Y","Mile Marker","Village","Date of Accident","Time of Accident","Type of Accident","Class of Road User","Age/DOB","Gender","Class of Vehicles Involved","Contributing Factor","Number of Persons Involved"
3290,15177.00,"4- Demerara- Mahaica",445,"Better Hope Public Road E.C.D","East Coast Demerara Road (From Georgetown)","-58.0833","6.8167",,,12/21/2004 0:00:00,12/30/1899 12:30:00,"D- Property Damage","F- Driver",36.00,"Male","K- Private Cars;L- Lorries Van","R- Improper Overtaking;S- Driver's Negligence",2.00
3291,15178.00,"4- Demerara- Mahaica",438,"Oleander Gardens E.C.D","East Coast Demerara Road (From Georgetown)","-58.1000","6.8167",,,12/23/2004 0:00:00,12/30/1899 12:50:00,"D- Property Damage","F- Driver",31.00,"Male","J- Minibus;K- Private Cars","R- Improper Overtaking",2.00
3292,15179.00,"4- Demerara- Mahaica",432,"Turkeyen Public Road E.C.D","East Coast Demerara Road (From Georgetown)","-58.1167","6.8167",,,12/24/2004 0:00:00,12/30/1899 2:00:00,"B- Serious Injury","F- Driver",32.00,"Male","K- Private Cars;V-Motor Cycle","P- Speeding;S- Driver's Negligence;U- Cyclist's Negligence",2.00
3293,15180.00,"4- Demerara- Mahaica",438,"Oleander Gardens E.C.D","East Coast Demerara Road (From Georgetown)","-58.1000","6.8167",,,12/25/2004 0:00:00,12/30/1899 3:00:00,"D- Property Damage","F- Driver",31.00,"Male","K- Private Cars;M- Hire Cars","S- Driver's Negligence",2.00
3294,15181.00,"4- Demerara- Mahaica",446,"Vryheid Lust Public Road E.C.D","East Coast Demerara Road (From Georgetown)","-58.0833","6.8167",,,12/24/2004 0:00:00,12/30/1899 22:00:00,"C- Minor Injury","G- Rider",19.00,"Male","K- Private Cars;V-Motor Cycle","R- Improper Overtaking",2.00
3295,15182.00,"4- Demerara- Mahaica",449,"Atlantic Ville Public Road E.C.D","East Coast Demerara Road (From Georgetown)","-58.0833","6.8167",,,12/25/2004 0:00:00,12/30/1899 14:00:00,"D- Property Damage","F- Driver",33.00,"Male","L- Lorries Van;N- Pickup","P- Speeding;R- Improper Overtaking",2.00
3296,15183.00,"4- Demerara- Mahaica",445,"Better Hope Public Road E.C.D","East Coast Demerara Road (From Georgetown)","-58.0833","6.8167",,,12/24/2004 0:00:00,12/30/1899 19:30:00,"B- Serious Injury","F- Driver",26.00,"Male","J- Minibus","P- Speeding;T-Pedestrian's Negligence",2.00
3297,15184.00,"4- Demerara- Mahaica",437,"Industry Public Road E.C.D","East Coast Demerara Road (From Georgetown)","-57.4333","6.3000",,,12/25/2004 0:00:00,12/30/1899 20:30:00,"B- Serious Injury","G- Rider",53.00,"Male","W-Pedal Cycle","U- Cyclist's Negligence",1.00
3298,15185.00,"4- Demerara- Mahaica",427,"Bel Air Railway E.C.D","East Coast Demerara Road (From Georgetown)","-58.1500","6.8167",,,12/26/2004 0:00:00,12/30/1899 8:45:00,"D- Property Damage","F- Driver",24.00,"Male","J- Minibus;K- Private Cars","P- Speeding;S- Driver's Negligence",2.00
3299,15186.00,"4- Demerara- Mahaica",439,"Ogle Public Road E.C.D","East Coast Demerara Road (From Georgetown)","-58.1000","6.8167",,,12/26/2004 0:00:00,12/30/1899 18:30:00,"B- Serious Injury","F- Driver",30.00,"Male","K- Private Cars;V-Motor Cycle","P- Speeding;S- Driver's Negligence;T-Pedestrian's Negligence",2.00
3300,15187.00,"4- Demerara- Mahaica",432,"Turkeyen Public Road E.C.D","East Coast Demerara Road (From Georgetown)","-58.1167","6.8167",,,12/26/2004 0:00:00,12/30/1899 22:30:00,"C- Minor Injury","F- Driver",46.00,"Male","K- Private Cars;M- Hire Cars","S- Driver's Negligence",2.00
3301,15188.00,"4- Demerara- Mahaica",432,"Turkeyen Railway Embankment E.C.D","East Coast Demerara Road (From Georgetown)","-58.1167","6.8167",,,12/29/2004 0:00:00,12/30/1899 20:50:00,"A- Fatal","F- Driver",,"Female","K- Private Cars","P- Speeding;S- Driver's Negligence",2.00
3302,15189.00,"4- Demerara- Mahaica",429,"Dennis Street Sophia E.C.D","East Coast Demerara Road (From Georgetown)","-58.1167","6.8167",,,12/17/2004 0:00:00,12/30/1899 3:30:00,"D- Property Damage","F- Driver",,"Male","J- Minibus","S- Driver's Negligence",2.00
3303,15190.00,"4- Demerara- Mahaica",429,"Dennis Street Sophia E.C.D","East Coast Demerara Road (From Georgetown)","-58.1167","6.8167",,,1/6/2004 0:00:00,12/30/1899 11:55:00,"D- Property Damage","F- Driver",50.00,"Male","J- Minibus","R- Improper Overtaking",2.00
3304,15191.00,"4- Demerara- Mahaica",439,"Ogle Railway Embankment E.C.D","East Coast Demerara Road (From Georgetown)","-58.1000","6.8167",,,1/7/2005 0:00:00,12/30/1899 20:30:00,"D- Property Damage","F- Driver",36.00,"Male","M- Hire Cars","Y-Animal",1.00
3305,15192.00,"4- Demerara- Mahaica",434,"UG Public Road Turkeyen E.C.D","East Coast Demerara Road (From Georgetown)","-58.1167","6.8167",,,1/11/2005 0:00:00,12/30/1899 19:30:00,"D- Property Damage","F- Driver",25.00,"Male","M- Hire Cars","Y-Animal",1.00
3306,15193.00,"4- Demerara- Mahaica",445,"Better Hope Public Road E.C.D","East Coast Demerara Road (From Georgetown)","-58.0833","6.8167",,,1/13/2005 0:00:00,12/30/1899 4:45:00,"D- Property Damage","F- Driver",33.00,"Male","M- Hire Cars;N- Pickup","S- Driver's Negligence",2.00
3307,15194.00,"4- Demerara- Mahaica",449,"Atlantic Ville Public Road E.C.D","East Coast Demerara Road (From Georgetown)","-58.0833","6.8167",,,1/14/2005 0:00:00,12/30/1899 11:00:00,"D- Property Damage","F- Driver",,"Male","K- Private Cars","P- Speeding",2.00
3308,15195.00,"4- Demerara- Mahaica",444,"Plaisance Public Road E.C.D","East Coast Demerara Road (From Georgetown)","-58.0833","6.8167",,,1/20/2005 0:00:00,12/30/1899 17:45:00,"D- Property Damage","F- Driver",36.00,"Female","K- Private Cars;N- Pickup","P- Speeding;R- Improper Overtaking",2.00
3309,15196.00,"4- Demerara- Mahaica",445,"Better Hope Railway Embankment E.C.D","East Coast Demerara Road (From Georgetown)","-58.0833","6.8167",,,1/23/2005 0:00:00,12/30/1899 16:00:00,"D- Property Damage","F- Driver",30.00,"Male","K- Private Cars","Y-Animal",1.00
3310,15197.00,"4- Demerara- Mahaica",430,"Liliendaal Public Road E.C.D","East Coast Demerara Road (From Georgetown)","-58.1167","6.8167",,,12/31/2004 0:00:00,12/30/1899 23:35:00,"D- Property Damage","F- Driver",,"Male","K- Private Cars;M- Hire Cars","P- Speeding",2.00
3311,15198.00,"4- Demerara- Mahaica",437,"Industry Railway Embankment E.C.D","East Coast Demerara Road (From Georgetown)","-57.4333","6.3000",,,1/20/2005 0:00:00,12/30/1899 13:30:00,"D- Property Damage","F- Driver",32.00,"Male","L- Lorries Van;N- Pickup","P- Speeding;S- Driver's Negligence",2.00
3312,15199.00,"4- Demerara- Mahaica",437,"Industry Railway Embankment E.C.D","East Coast Demerara Road (From Georgetown)","-57.4333","6.3000",,,1/30/2005 0:00:00,12/30/1899 20:03:00,"D- Property Damage","F- Driver",32.00,"Male","M- Hire Cars","Y-Animal",1.00
3313,15200.00,"4- Demerara- Mahaica",448,"Montrose Public Road E.C.D","East Coast Demerara Road (From Georgetown)","-58.0833","6.8167",,,1/1/2005 0:00:00,12/30/1899 20:00:00,"D- Property Damage","F- Driver",31.00,"Male","J- Minibus","Y-Animal",1.00
3314,15201.00,"4- Demerara- Mahaica",430,"Liliendaal Railway Embankment E.C.D","East Coast Demerara Road (From Georgetown)","-58.1167","6.8167",,,1/2/2005 0:00:00,12/30/1899 4:00:00,"B- Serious Injury","F- Driver",28.00,"Male","L- Lorries Van;N- Pickup","P- Speeding",2.00
3315,15202.00,"4- Demerara- Mahaica",445,"Better Hope Public Road E.C.D","East Coast Demerara Road (From Georgetown)","-58.0833","6.8167",,,2/3/2005 0:00:00,12/30/1899 22:00:00,"D- Property Damage","F- Driver",64.00,"Male","K- Private Cars","P- Speeding",2.00
3316,15203.00,"4- Demerara- Mahaica",432,"Turkeyen Access Road E.C.D","East Coast Demerara Road (From Georgetown)","-58.1167","6.8167",,,2/4/2005 0:00:00,12/30/1899 21:50:00,"D- Property Damage","F- Driver",,,,"S- Driver's Negligence",2.00
3317,15204.00,"4- Demerara- Mahaica",449,"Atlantic Gardens Access Road E.C.D","East Coast Demerara Road (From Georgetown)","-58.0833","6.8167",,,2/4/2005 0:00:00,12/30/1899 11:30:00,"D- Property Damage","F- Driver",35.00,"Male","K- Private Cars;N- Pickup","S- Driver's Negligence",2.00
3318,15205.00,"4- Demerara- Mahaica",452,"Le Ressouvenir Public Road E.C.D","East Coast Demerara Road (From Georgetown)","-58.0833","6.8167",,,2/6/2005 0:00:00,12/30/1899 7:25:00,"D- Property Damage","F- Driver",34.00,"Male","K- Private Cars","P- Speeding",2.00
3319,15206.00,"4- Demerara- Mahaica",446,"Vryheid Lust Public Road E.C.D","East Coast Demerara Road (From Georgetown)","-58.0833","6.8167",,,2/7/2005 0:00:00,12/30/1899 12:30:00,"D- Property Damage","F- Driver",40.00,"Male","J- Minibus;L- Lorries Van","R- Improper Overtaking",2.00
3320,15207.00,"4- Demerara- Mahaica",444,"Plaisance Public Road E.C.D","East Coast Demerara Road (From Georgetown)","-58.0833","6.8167",,,2/8/2005 0:00:00,12/30/1899 14:40:00,"D- Property Damage","F- Driver",35.00,"Male","L- Lorries Van","P- Speeding",2.00
3321,15208.00,"4- Demerara- Mahaica",439,"Ogle Access Road E.C.D","East Coast Demerara Road (From Georgetown)","-58.1000","6.8167",,,2/9/2005 0:00:00,12/30/1899 20:00:00,"C- Minor Injury","G- Rider",32.00,"Male","V-Motor Cycle","Y-Animal",1.00
3322,15209.00,"4- Demerara- Mahaica",436,"Graham's Hall Railway","East Coast Demerara Road (From Georgetown)","-58.1167","6.8167",,,2/8/2005 0:00:00,12/30/1899 14:30:00,"C- Minor Injury","F- Driver",,"Male","J- Minibus;W-Pedal Cycle","U- Cyclist's Negligence",2.00
3323,15210.00,"4- Demerara- Mahaica",490,"Victoria Road Plaisance E.C.D","East Coast Demerara Road (From Georgetown)","-57.9667","6.7500",,,2/10/2005 0:00:00,12/30/1899 17:45:00,"A- Fatal","F- Driver",54.00,"Male","L- Lorries Van","P- Speeding",2.00
3324,15211.00,"4- Demerara- Mahaica",443,"Sparendaam Public Road E.C.D","East Coast Demerara Road (From Georgetown)","-58.1000","6.8167",,,2/11/2005 0:00:00,12/30/1899 12:55:00,"C- Minor Injury","F- Driver",30.00,"Male","L- Lorries Van;W-Pedal Cycle","P- Speeding",2.00
3325,15212.00,"4- Demerara- Mahaica",452,"Le Ressouvenir Public Road E.C.D","East Coast Demerara Road (From Georgetown)","-58.0833","6.8167",,,2/13/2005 0:00:00,12/30/1899 18:30:00,"D- Property Damage","F- Driver",33.00,"Male","J- Minibus;L- Lorries Van","P- Speeding",2.00
3326,15213.00,"4- Demerara- Mahaica",432,"Turkeyen Railway Embankment E.C.D","East Coast Demerara Road (From Georgetown)","-58.1167","6.8167",,,2/14/2005 0:00:00,12/30/1899 1:00:00,"B- Serious Injury","F- Driver",24.00,"Male","J- Minibus;V-Motor Cycle","S- Driver's Negligence",2.00
3327,15214.00,"4- Demerara- Mahaica",445,"Better Hope Public Road E.C.D","East Coast Demerara Road (From Georgetown)","-58.0833","6.8167",,,2/15/2005 0:00:00,12/30/1899 15:00:00,"B- Serious Injury","F- Driver",25.00,"Male","K- Private Cars;V-Motor Cycle","P- Speeding",2.00
3328,15215.00,"4- Demerara- Mahaica",430,"Liliendaal Public Road E.C.D","East Coast Demerara Road (From Georgetown)","-58.1167","6.8167",,,2/16/2005 0:00:00,12/30/1899 20:20:00,"C- Minor Injury","F- Driver",29.00,"Male","N- Pickup;Z- Animal Drawn","P- Speeding",2.00
3329,15216.00,"4- Demerara- Mahaica",429,"Dennis Street Sophia E.C.D","East Coast Demerara Road (From Georgetown)","-58.1167","6.8167",,,2/18/2005 0:00:00,12/30/1899 0:00:00,"D- Property Damage","F- Driver",53.00,"Male","K- Private Cars;N- Pickup","S- Driver's Negligence",2.00
3330,15217.00,"4- Demerara- Mahaica",436,"Graham's Hall Railway Embankment E.C.D","East Coast Demerara Road (From Georgetown)","-58.1167","6.8167",,,2/19/2005 0:00:00,12/30/1899 15:00:00,"C- Minor Injury","F- Driver",43.00,"Male","K- Private Cars;N- Pickup","P- Speeding",2.00
3331,15218.00,"4- Demerara- Mahaica",443,"Sparendaam Railway Embankment E.C.D","East Coast Demerara Road (From Georgetown)","-58.1000","6.8167",,,2/20/2005 0:00:00,12/30/1899 7:30:00,"D- Property Damage","F- Driver",,"Male","J- Minibus;W-Pedal Cycle","S- Driver's Negligence",2.00
3332,15219.00,"4- Demerara- Mahaica",429,"Dennis Street Sophia E.C.D","East Coast Demerara Road (From Georgetown)","-58.1167","6.8167",,,2/20/2005 0:00:00,12/30/1899 17:40:00,"C- Minor Injury","F- Driver",,"Male","N- Pickup","S- Driver's Negligence",2.00
3333,15220.00,"4- Demerara- Mahaica",439,"Ogle Public Road E.C.D","East Coast Demerara Road (From Georgetown)","-58.1000","6.8167",,,2/24/2005 0:00:00,12/30/1899 7:15:00,"D- Property Damage","F- Driver",33.00,"Male","N- Pickup","Y-Animal",1.00
3334,15221.00,"4- Demerara- Mahaica",431,"Patterson Railway Embankment E.C.D","East Coast Demerara Road (From Georgetown)","-58.1167","6.8167",,,2/24/2005 0:00:00,12/30/1899 13:10:00,"D- Property Damage","F- Driver",43.00,"Male","K- Private Cars;L- Lorries Van","P- Speeding",2.00
3335,15222.00,"4- Demerara- Mahaica",444,"Plaisance Access Road E.C.D","East Coast Demerara Road (From Georgetown)","-58.0833","6.8167",,,2/25/2005 0:00:00,12/30/1899 19:00:00,"D- Property Damage","F- Driver",31.00,"Male","J- Minibus;L- Lorries Van","S- Driver's Negligence",2.00
3336,15223.00,"4- Demerara- Mahaica",427,"Bel Air Railway Embankment E.C.D","East Coast Demerara Road (From Georgetown)","-58.1500","6.8167",,,2/25/2005 0:00:00,12/30/1899 21:00:00,"D- Property Damage","F- Driver",18.00,"Male","K- Private Cars;N- Pickup","S- Driver's Negligence",2.00
3337,15224.00,"4- Demerara- Mahaica",444,"Plaisance Public Road E.C.D","East Coast Demerara Road (From Georgetown)","-58.0833","6.8167",,,2/25/2005 0:00:00,12/30/1899 19:35:00,"C- Minor Injury","F- Driver",,"Male","K- Private Cars","P- Speeding",2.00
3338,15225.00,"4- Demerara- Mahaica",444,"New Street Plaisance E.C.D","East Coast Demerara Road (From Georgetown)","-58.0833","6.8167",,,2/26/2005 0:00:00,12/30/1899 8:30:00,"C- Minor Injury","F- Driver",46.00,"Male","J- Minibus","S- Driver's Negligence",2.00
3339,15226.00,"4- Demerara- Mahaica",430,"Liliendaal Public Road E.C.D","East Coast Demerara Road (From Georgetown)","-58.1167","6.8167",,,3/3/2005 0:00:00,12/30/1899 20:30:00,"D- Property Damage","F- Driver",53.00,"Male","K- Private Cars","Y-Animal",1.00
3340,15227.00,"4- Demerara- Mahaica",446,"Vryheid Lust Public Road E.C.D","East Coast Demerara Road (From Georgetown)","-58.0833","6.8167",,,3/4/2005 0:00:00,12/30/1899 8:25:00,"B- Serious Injury","F- Driver",40.00,"Male","K- Private Cars","T-Pedestrian's Negligence",2.00
3341,15228.00,"4- Demerara- Mahaica",437,"Industry Road E.C.D","East Coast Demerara Road (From Georgetown)","-57.4333","6.3000",,,3/8/2005 0:00:00,12/30/1899 15:30:00,"C- Minor Injury","G- Rider",55.00,"Male","V-Motor Cycle","P- Speeding",2.00
3342,15229.00,"4- Demerara- Mahaica",437,"Industry Access Road E.C.D","East Coast Demerara Road (From Georgetown)","-57.4333","6.3000",,,3/8/2005 0:00:00,12/30/1899 3:08:00,"D- Property Damage","F- Driver",36.00,"Female","J- Minibus;K- Private Cars","S- Driver's Negligence",2.00
3343,15230.00,"4- Demerara- Mahaica",439,"Ogle Public Road E.C.D","East Coast Demerara Road (From Georgetown)","-58.1000","6.8167",,,3/13/2005 0:00:00,12/30/1899 19:30:00,"D- Property Damage","F- Driver",,"Male","K- Private Cars","S- Driver's Negligence",2.00
3344,15231.00,"4- Demerara- Mahaica",452,"Le Ressouvenir Public Road E.C.D","East Coast Demerara Road (From Georgetown)","-58.0833","6.8167",,,3/18/2005 0:00:00,12/30/1899 11:00:00,"D- Property Damage","F- Driver",,"Male","J- Minibus","O- Lost Control & Runoff",1.00
3345,15232.00,"4- Demerara- Mahaica",427,"Bel Air Railway Embankment E.C.D","East Coast Demerara Road (From Georgetown)","-58.1500","6.8167",,,3/18/2005 0:00:00,12/30/1899 17:00:00,"D- Property Damage","F- Driver",28.00,"Male","J- Minibus","Y-Animal",1.00
3346,15233.00,"4- Demerara- Mahaica",452,"Le Ressouvenir Public Road E.C.D","East Coast Demerara Road (From Georgetown)","-58.0833","6.8167",,,3/18/2005 0:00:00,12/30/1899 14:50:00,"D- Property Damage","F- Driver",50.00,"Male","J- Minibus","R- Improper Overtaking",2.00
3347,15234.00,"4- Demerara- Mahaica",439,"Ogle Railway Embankment E.C.D","East Coast Demerara Road (From Georgetown)","-58.1000","6.8167",,,3/20/2005 0:00:00,12/30/1899 13:15:00,"D- Property Damage","F- Driver",58.00,"Male","J- Minibus;K- Private Cars","R- Improper Overtaking",2.00
3348,15235.00,"4- Demerara- Mahaica",448,"Montrose Public Road E.C.D","East Coast Demerara Road (From Georgetown)","-58.0833","6.8167",,,3/21/2005 0:00:00,12/30/1899 15:30:00,"D- Property Damage","F- Driver",41.00,"Male","L- Lorries Van","O- Lost Control & Runoff",1.00
3349,15236.00,"4- Demerara- Mahaica",445,"Better Hope Public Road E.C.D","East Coast Demerara Road (From Georgetown)","-58.0833","6.8167",,,3/23/2005 0:00:00,,"A- Fatal","F- Driver",26.00,"Male","J- Minibus","P- Speeding",2.00
3350,15237.00,"4- Demerara- Mahaica",451,"Hapy Acres Public Road E.C.D","East Coast Demerara Road (From Georgetown)","-58.0833","6.8167",,,3/24/2005 0:00:00,12/30/1899 10:45:00,"D- Property Damage","F- Driver",35.00,"Male","J- Minibus;K- Private Cars","S- Driver's Negligence",2.00
3351,15238.00,"4- Demerara- Mahaica",444,"Plaisance Railway Embankment E.C.D","East Coast Demerara Road (From Georgetown)","-58.0833","6.8167",,,3/24/2005 0:00:00,,"C- Minor Injury","G- Rider",30.00,"Male","V-Motor Cycle","U- Cyclist's Negligence",2.00
3352,15239.00,"4- Demerara- Mahaica",432,"Turkeyen Public Road E.C.D","East Coast Demerara Road (From Georgetown)","-58.1167","6.8167",,,3/28/2005 0:00:00,12/30/1899 9:00:00,"A- Fatal","F- Driver",45.00,"Male","J- Minibus;K- Private Cars","P- Speeding",2.00
3353,15240.00,"4- Demerara- Mahaica",446,"Vryheid Lust Public Raod E.C.D","East Coast Demerara Road (From Georgetown)","-58.0833","6.8167",,,3/29/2005 0:00:00,12/30/1899 14:45:00,"C- Minor Injury","F- Driver",37.00,"Male","J- Minibus;K- Private Cars","P- Speeding",2.00
3354,15241.00,"4- Demerara- Mahaica",432,"Turkeyen Public Road E.C.D","East Coast Demerara Road (From Georgetown)","-58.1167","6.8167",,,4/2/2005 0:00:00,12/30/1899 8:50:00,"D- Property Damage","F- Driver",25.00,"Male","J- Minibus;X-Tractor","R- Improper Overtaking",2.00
3355,15242.00,"4- Demerara- Mahaica",490,"Victoria Street Plaisance E.C.D","East Coast Demerara Road (From Georgetown)","-57.9667","6.7500",,,3/28/2005 0:00:00,12/30/1899 19:15:00,"D- Property Damage","F- Driver",24.00,"Male","J- Minibus;K- Private Cars","S- Driver's Negligence",2.00
3356,15243.00,"4- Demerara- Mahaica",449,"Atlantic Ville Public Road E.C.D","East Coast Demerara Road (From Georgetown)","-58.0833","6.8167",,,4/5/2005 0:00:00,12/30/1899 12:30:00,"D- Property Damage","F- Driver",48.00,"Male","K- Private Cars;N- Pickup","R- Improper Overtaking",2.00
3357,15244.00,"4- Demerara- Mahaica",432,"Turkeyen Railway Embankment E.C.D","East Coast Demerara Road (From Georgetown)","-58.1167","6.8167",,,4/5/2005 0:00:00,12/30/1899 16:00:00,"D- Property Damage","F- Driver",30.00,"Male","K- Private Cars;M- Hire Cars;N- Pickup","S- Driver's Negligence",3.00
3358,15245.00,"4- Demerara- Mahaica",434,"UG Turkeyen Campus","East Coast Demerara Road (From Georgetown)","-58.1167","6.8167",,,4/5/2005 0:00:00,12/30/1899 17:10:00,"B- Serious Injury","F- Driver",32.00,"Female","K- Private Cars","S- Driver's Negligence",2.00
3359,15246.00,"4- Demerara- Mahaica",432,"Turkeyen Public Road E.C.D","East Coast Demerara Road (From Georgetown)","-58.1167","6.8167",,,4/9/2005 0:00:00,12/30/1899 7:10:00,"D- Property Damage","F- Driver",56.00,"Male","K- Private Cars","Y-Animal",1.00
3360,15247.00,"4- Demerara- Mahaica",432,"Turkeyen Public Road E.C.D","East Coast Demerara Road (From Georgetown)","-58.1167","6.8167",,,4/9/2005 0:00:00,12/30/1899 16:00:00,"D- Property Damage","F- Driver",,"Male","K- Private Cars","Y-Animal",1.00
3361,15248.00,"4- Demerara- Mahaica",451,"Happy Acre Public Road E.C.D","East Coast Demerara Road (From Georgetown)","-58.0833","6.8167",,,4/10/2005 0:00:00,12/30/1899 21:00:00,"A- Fatal","F- Driver",,"Male","J- Minibus;L- Lorries Van","P- Speeding",2.00
3362,15249.00,"4- Demerara- Mahaica",437,"Industry Public Road E.C.D","East Coast Demerara Road (From Georgetown)","-57.4333","6.3000",,,4/11/2005 0:00:00,12/30/1899 2:30:00,"D- Property Damage","F- Driver",27.00,"Male","K- Private Cars","O- Lost Control & Runoff",1.00
3363,15250.00,"4- Demerara- Mahaica",445,"Better Hope Public Road E.C.D","East Coast Demerara Road (From Georgetown)","-58.0833","6.8167",,,4/12/2005 0:00:00,12/30/1899 9:20:00,"B- Serious Injury","F- Driver",26.00,"Male","J- Minibus","P- Speeding",2.00
3364,15251.00,"4- Demerara- Mahaica",452,"Le Ressouvenir Public Road E.C.D","East Coast Demerara Road (From Georgetown)","-58.0833","6.8167",,,4/12/2005 0:00:00,12/30/1899 14:50:00,"D- Property Damage","F- Driver",35.00,"Female","K- Private Cars;M- Hire Cars","P- Speeding",2.00
3365,15252.00,"4- Demerara- Mahaica",432,"Turkeyen Railway Road E.C.D","East Coast Demerara Road (From Georgetown)","-58.1167","6.8167",,,4/15/2005 0:00:00,12/30/1899 16:25:00,"D- Property Damage","G- Rider",50.00,"Male","V-Motor Cycle","U- Cyclist's Negligence",2.00
3366,15253.00,"4- Demerara- Mahaica",442,"Goedverwagting Public Road E.C.D","East Coast Demerara Road (From Georgetown)","-58.1000","6.8167",,,4/16/2005 0:00:00,12/30/1899 18:45:00,"D- Property Damage","F- Driver",,"Male","M- Hire Cars","Y-Animal",1.00
3367,15254.00,"4- Demerara- Mahaica",437,"Industry Public Road E.C.D","East Coast Demerara Road (From Georgetown)","-57.4333","6.3000",,,4/18/2005 0:00:00,12/30/1899 8:30:00,"D- Property Damage","F- Driver",25.00,"Male","K- Private Cars","S- Driver's Negligence",2.00
3368,15255.00,"4- Demerara- Mahaica",434,"UG Turkeyen Campus","East Coast Demerara Road (From Georgetown)","-58.1167","6.8167",,,4/19/2005 0:00:00,12/30/1899 15:00:00,"D- Property Damage","F- Driver",21.00,"Male","K- Private Cars;V-Motor Cycle","U- Cyclist's Negligence",2.00
3369,15256.00,"4- Demerara- Mahaica",437,"Industry Public Road E.C.D","East Coast Demerara Road (From Georgetown)","-57.4333","6.3000",,,4/24/2005 0:00:00,12/30/1899 18:20:00,"D- Property Damage","F- Driver",40.00,"Male","M- Hire Cars","S- Driver's Negligence",2.00
3370,15257.00,"4- Demerara- Mahaica",445,"Better Hope Section Road E.C.D","East Coast Demerara Road (From Georgetown)","-58.0833","6.8167",,,4/20/2005 0:00:00,12/30/1899 1:30:00,"D- Property Damage","F- Driver",,"Female","J- Minibus;M- Hire Cars","P- Speeding",2.00
3371,15258.00,"4- Demerara- Mahaica",448,"Montrose Railway Embankment E.C.D","East Coast Demerara Road (From Georgetown)","-58.0833","6.8167",,,4/24/2005 0:00:00,12/30/1899 17:30:00,"D- Property Damage","F- Driver",25.00,"Male","K- Private Cars;L- Lorries Van","P- Speeding",2.00
3372,15259.00,"4- Demerara- Mahaica",451,"Happy Acres Access Road E.C.D","East Coast Demerara Road (From Georgetown)","-58.0833","6.8167",,,4/24/2005 0:00:00,12/30/1899 19:00:00,"D- Property Damage","F- Driver",,"Male","N- Pickup","P- Speeding",2.00
3373,15260.00,"4- Demerara- Mahaica",432,"Turkeyen Road E.C.D","East Coast Demerara Road (From Georgetown)","-58.1167","6.8167",,,4/25/2005 0:00:00,12/30/1899 20:00:00,"D- Property Damage","F- Driver",,"Male","N- Pickup","Y-Animal",1.00
3374,15261.00,"4- Demerara- Mahaica",437,"Industry Public Road E.C.D","East Coast Demerara Road (From Georgetown)","-57.4333","6.3000",,,4/27/2005 0:00:00,12/30/1899 20:50:00,"C- Minor Injury","F- Driver",43.00,"Male","J- Minibus;L- Lorries Van","P- Speeding",2.00
3375,15262.00,"4- Demerara- Mahaica",439,"Ogle Public Road E.C.D","East Coast Demerara Road (From Georgetown)","-58.1000","6.8167",,,4/30/2005 0:00:00,12/30/1899 5:40:00,"C- Minor Injury","F- Driver",32.00,"Male","L- Lorries Van;M- Hire Cars","S- Driver's Negligence",2.00
3376,15263.00,"4- Demerara- Mahaica",445,"Better hope Public Road E.C.D","East Coast Demerara Road (From Georgetown)","-58.0833","6.8167",,,4/28/2005 0:00:00,12/30/1899 7:00:00,"D- Property Damage","F- Driver",55.00,"Male","K- Private Cars;W-Pedal Cycle","U- Cyclist's Negligence",2.00
3377,15264.00,"4- Demerara- Mahaica",444,"Plaisance Public Road E.C.D","East Coast Demerara Road (From Georgetown)","-58.0833","6.8167",,,5/2/2005 0:00:00,12/30/1899 20:30:00,"C- Minor Injury","F- Driver",38.00,"Female","M- Hire Cars","S- Driver's Negligence",2.00
3378,15265.00,"4- Demerara- Mahaica",432,"Turkeyen Access Road E.C.D","East Coast Demerara Road (From Georgetown)","-58.1167","6.8167",,,5/7/2005 0:00:00,12/30/1899 11:45:00,"D- Property Damage","F- Driver",56.00,"Male","J- Minibus;L- Lorries Van","S- Driver's Negligence",2.00
3379,15266.00,"4- Demerara- Mahaica",446,"Vryheid Lust Public Road E.C.D","East Coast Demerara Road (From Georgetown)","-58.0833","6.8167",,,5/8/2005 0:00:00,12/30/1899 16:50:00,"C- Minor Injury","F- Driver",54.00,"Male","L- Lorries Van;N- Pickup","R- Improper Overtaking",2.00
3380,15267.00,"4- Demerara- Mahaica",432,"Turkeyen Public Road E.C.D","East Coast Demerara Road (From Georgetown)","-58.1167","6.8167",,,5/10/2005 0:00:00,12/30/1899 20:45:00,"D- Property Damage","F- Driver",,"Male","K- Private Cars","R- Improper Overtaking",2.00