"ID","Accident ID","Region Number","Corridor ID","Location (Intersection/Road/Street)","Corridor","Location- longitude/ X","Location- latitude/  Y","Mile Marker","Village","Date of Accident","Time of Accident","Type of Accident","Class of Road User","Age/DOB","Gender","Class of Vehicles Involved","Contributing Factor","Number of Persons Involved"
3381,15268.00,"4- Demerara- Mahaica",432,"Turkeyen Public Road E.C.D","East Coast Demerara Road (From Georgetown)","-58.1167","6.8167",,,5/11/2005 0:00:00,12/30/1899 14:30:00,"C- Minor Injury","F- Driver",27.00,"Male","L- Lorries Van;V-Motor Cycle","P- Speeding",2.00
3382,15269.00,"4- Demerara- Mahaica",437,"Industry Access Road E.C.D","East Coast Demerara Road (From Georgetown)","-57.4333","6.3000",,,5/13/2005 0:00:00,12/30/1899 23:15:00,"D- Property Damage","F- Driver",,"Male","K- Private Cars","O- Lost Control & Runoff",1.00
3383,15270.00,"4- Demerara- Mahaica",432,"Turkeyen Public Road E.C.D","East Coast Demerara Road (From Georgetown)","-58.1167","6.8167",,,5/16/2005 0:00:00,12/30/1899 21:30:00,"D- Property Damage","F- Driver",47.00,"Male","K- Private Cars","S- Driver's Negligence",2.00
3384,15271.00,"4- Demerara- Mahaica",445,"Better Hope Public Road E.C.D","East Coast Demerara Road (From Georgetown)","-58.0833","6.8167",,,5/21/2005 0:00:00,12/30/1899 5:00:00,"D- Property Damage","F- Driver",32.00,"Male","M- Hire Cars","Y-Animal",1.00
3385,15272.00,"4- Demerara- Mahaica",439,"Ogle Railway Embankment E.C.D","East Coast Demerara Road (From Georgetown)","-58.1000","6.8167",,,5/21/2005 0:00:00,12/30/1899 16:50:00,"D- Property Damage","F- Driver",69.00,"Male","J- Minibus;M- Hire Cars","S- Driver's Negligence",2.00
3386,15273.00,"4- Demerara- Mahaica",439,"Ogle East Street Cemetery Road E.C.D","East Coast Demerara Road (From Georgetown)","-58.1000","6.8167",,,5/22/2005 0:00:00,12/30/1899 14:30:00,"D- Property Damage","F- Driver",50.00,"Male","K- Private Cars;M- Hire Cars","S- Driver's Negligence",2.00
3387,15274.00,"4- Demerara- Mahaica",430,"Liliendaal Railway Embankment E.C.D","East Coast Demerara Road (From Georgetown)","-58.1167","6.8167",,,5/23/2005 0:00:00,12/30/1899 19:15:00,"D- Property Damage","F- Driver",20.00,"Male","K- Private Cars;M- Hire Cars","R- Improper Overtaking",2.00
3388,15275.00,"4- Demerara- Mahaica",432,"Turkeyen Railway Access Road E.C.D","East Coast Demerara Road (From Georgetown)","-58.1167","6.8167",,,5/27/2005 0:00:00,12/30/1899 16:15:00,"D- Property Damage","F- Driver",21.00,"Male","J- Minibus;N- Pickup","R- Improper Overtaking",2.00
3389,15276.00,"4- Demerara- Mahaica",448,"Montrose Public Road E.C.D","East Coast Demerara Road (From Georgetown)","-58.0833","6.8167",,,5/28/2005 0:00:00,12/30/1899 8:30:00,"B- Serious Injury","F- Driver",56.00,"Male","J- Minibus;L- Lorries Van","P- Speeding",3.00
3390,15277.00,"4- Demerara- Mahaica",448,"Montrose Public Road E.C.D","East Coast Demerara Road (From Georgetown)","-58.0833","6.8167",,,5/31/2005 0:00:00,12/30/1899 9:30:00,"D- Property Damage","F- Driver",35.00,"Male","J- Minibus;L- Lorries Van","S- Driver's Negligence",2.00
3391,15278.00,"4- Demerara- Mahaica",445,"Better Hope Public Road E.C.D","East Coast Demerara Road (From Georgetown)","-58.0833","6.8167",,,6/6/2005 0:00:00,12/30/1899 14:30:00,"C- Minor Injury","F- Driver",27.00,"Male","J- Minibus;W-Pedal Cycle","U- Cyclist's Negligence",2.00
3392,15279.00,"4- Demerara- Mahaica",430,"Liliendaal Railway Embankment E.C.D","East Coast Demerara Road (From Georgetown)","-58.1167","6.8167",,,6/6/2005 0:00:00,12/30/1899 14:45:00,"B- Serious Injury","F- Driver",49.00,"Male","M- Hire Cars","T-Pedestrian's Negligence",2.00
3393,15280.00,"4- Demerara- Mahaica",444,"Plaisance Public Road E.C.D","East Coast Demerara Road (From Georgetown)","-58.0833","6.8167",,,6/9/2005 0:00:00,12/30/1899 8:30:00,"D- Property Damage","F- Driver",55.00,"Male","J- Minibus;K- Private Cars","R- Improper Overtaking",2.00
3394,15281.00,"4- Demerara- Mahaica",439,"Ogle Railway Embankment E.C.D","East Coast Demerara Road (From Georgetown)","-58.1000","6.8167",,,6/8/2005 0:00:00,12/30/1899 16:00:00,"D- Property Damage","F- Driver",,"Male","N- Pickup;V-Motor Cycle","S- Driver's Negligence",2.00
3395,15282.00,"4- Demerara- Mahaica",444,"Plaisance Railway Embankment E.C.D","East Coast Demerara Road (From Georgetown)","-58.0833","6.8167",,,6/10/2005 0:00:00,12/30/1899 17:45:00,"D- Property Damage","F- Driver",45.00,"Male","J- Minibus","S- Driver's Negligence",2.00
3396,15283.00,"4- Demerara- Mahaica",432,"Turkeyen Railway Embankment E.C.D","East Coast Demerara Road (From Georgetown)","-58.1167","6.8167",,,6/11/2005 0:00:00,12/30/1899 20:30:00,"D- Property Damage","F- Driver",39.00,"Male","K- Private Cars","P- Speeding",2.00
3397,15284.00,"4- Demerara- Mahaica",439,"Ogle Public Road E.C.D","East Coast Demerara Road (From Georgetown)","-58.1000","6.8167",,,6/12/2005 0:00:00,12/30/1899 4:30:00,"B- Serious Injury","F- Driver",31.00,"Male","L- Lorries Van","Q- Alcohol",2.00
3398,15285.00,"4- Demerara- Mahaica",490,"Victoria Access Road E.C.D","East Coast Demerara Road (From Georgetown)","-57.9667","6.7500",,,6/12/2005 0:00:00,12/30/1899 10:00:00,"D- Property Damage","F- Driver",24.00,"Male","K- Private Cars","S- Driver's Negligence",2.00
3399,15286.00,"4- Demerara- Mahaica",427,"Bel Air Public Road E.C.d","East Coast Demerara Road (From Georgetown)","-58.1500","6.8167",,,6/20/2005 0:00:00,12/30/1899 19:30:00,"C- Minor Injury","F- Driver",38.00,"Female","K- Private Cars","S- Driver's Negligence",2.00
3400,15287.00,"4- Demerara- Mahaica",448,"Montrose Public Road E.C.D","East Coast Demerara Road (From Georgetown)","-58.0833","6.8167",,,6/24/2005 0:00:00,12/30/1899 13:45:00,"D- Property Damage","F- Driver",63.00,"Male","M- Hire Cars","S- Driver's Negligence",2.00
3401,15288.00,"4- Demerara- Mahaica",451,"Happy Acres Public Road E.C.D","East Coast Demerara Road (From Georgetown)","-58.0833","6.8167",,,6/26/2005 0:00:00,12/30/1899 0:20:00,"B- Serious Injury","F- Driver",25.00,"Male","V-Motor Cycle","U- Cyclist's Negligence",2.00
3402,15289.00,"4- Demerara- Mahaica",429,"Sophia Access Road E.C.D","East Coast Demerara Road (From Georgetown)","-58.1167","6.8167",,,6/26/2005 0:00:00,12/30/1899 5:30:00,"D- Property Damage","F- Driver",32.00,"Male","K- Private Cars","Y-Animal",1.00
3403,15290.00,"4- Demerara- Mahaica",445,"Better Hope Public Road E.C.D","East Coast Demerara Road (From Georgetown)","-58.0833","6.8167",,,6/30/2005 0:00:00,12/30/1899 21:00:00,"D- Property Damage","F- Driver",67.00,"Male","J- Minibus;K- Private Cars","P- Speeding",2.00
3404,15291.00,"4- Demerara- Mahaica",444,"Plaisance Railway Embankment E.C.D","East Coast Demerara Road (From Georgetown)","-58.0833","6.8167",,,7/3/2005 0:00:00,12/30/1899 1:20:00,"D- Property Damage","F- Driver",33.00,"Male","K- Private Cars;M- Hire Cars","P- Speeding",2.00
3405,15292.00,"4- Demerara- Mahaica",451,"Happy Acres Public Road E.C.D","East Coast Demerara Road (From Georgetown)","-58.0833","6.8167",,,7/4/2005 0:00:00,12/30/1899 15:35:00,"A- Fatal","F- Driver",28.00,"Male","J- Minibus;V-Motor Cycle","P- Speeding",2.00
3406,15293.00,"4- Demerara- Mahaica",451,"Happy Acres Public Road E.C.D","East Coast Demerara Road (From Georgetown)","-58.0833","6.8167",,,7/4/2005 0:00:00,12/30/1899 19:00:00,"D- Property Damage","F- Driver",40.00,"Male","M- Hire Cars","P- Speeding",2.00
3407,15294.00,"4- Demerara- Mahaica",429,"E Field Sophia Access Road E.C.D","East Coast Demerara Road (From Georgetown)","-58.1167","6.8167",,,7/7/2005 0:00:00,12/30/1899 20:00:00,"B- Serious Injury","F- Driver",37.00,"Male","L- Lorries Van;W-Pedal Cycle","R- Improper Overtaking",2.00
3408,15295.00,"4- Demerara- Mahaica",436,"Graham Street E.C.D","East Coast Demerara Road (From Georgetown)","-58.1167","6.8167",,,7/9/2005 0:00:00,12/30/1899 15:30:00,"C- Minor Injury","G- Rider",44.00,"Female","W-Pedal Cycle;Z- Animal Drawn","Y-Animal",1.00
3409,15296.00,"4- Demerara- Mahaica",448,"Montrose Public Road E.C.D","East Coast Demerara Road (From Georgetown)","-58.0833","6.8167",,,7/17/2005 0:00:00,12/30/1899 1:05:00,"C- Minor Injury","F- Driver",37.00,"Female","K- Private Cars;X-Tractor","O- Lost Control & Runoff",2.00
3410,15297.00,"4- Demerara- Mahaica",444,"Plaisance Public Road E.C.D","East Coast Demerara Road (From Georgetown)","-58.0833","6.8167",,,7/17/2005 0:00:00,12/30/1899 3:00:00,"D- Property Damage","F- Driver",33.00,"Male","K- Private Cars;X-Tractor","P- Speeding",2.00
3411,15298.00,"4- Demerara- Mahaica",432,"Turkeyen Public Road E.C.D","East Coast Demerara Road (From Georgetown)","-58.1167","6.8167",,,7/19/2005 0:00:00,12/30/1899 21:00:00,"D- Property Damage","F- Driver",39.00,"Male","J- Minibus;X-Tractor","P- Speeding",2.00
3412,15299.00,"4- Demerara- Mahaica",430,"Liliendaal Public Road E.C.D","East Coast Demerara Road (From Georgetown)","-58.1167","6.8167",,,7/27/2005 0:00:00,12/30/1899 20:00:00,"D- Property Damage","F- Driver",41.00,"Male","J- Minibus;M- Hire Cars","S- Driver's Negligence",2.00
3413,15300.00,"4- Demerara- Mahaica",449,"Atlantic Ville Road E.C.D","East Coast Demerara Road (From Georgetown)","-58.0833","6.8167",,,7/25/2005 0:00:00,12/30/1899 17:50:00,"D- Property Damage","F- Driver",38.00,"Male","J- Minibus;L- Lorries Van","P- Speeding",2.00
3414,15301.00,"4- Demerara- Mahaica",451,"Happy Acres Public Road E.C.D","East Coast Demerara Road (From Georgetown)","-58.0833","6.8167",,,7/5/1930 0:00:00,12/30/1899 13:30:00,"C- Minor Injury","F- Driver",47.00,"Male","K- Private Cars;V-Motor Cycle","S- Driver's Negligence",2.00
3415,15302.00,"4- Demerara- Mahaica",427,"Bel Air Public Road E.C.D","East Coast Demerara Road (From Georgetown)","-58.1500","6.8167",,,8/4/2005 0:00:00,12/30/1899 10:15:00,"D- Property Damage","F- Driver",,"Male","J- Minibus;K- Private Cars","P- Speeding",2.00
3416,15303.00,"4- Demerara- Mahaica",430,"Liliendaal Public Road E.C.D","East Coast Demerara Road (From Georgetown)","-58.1167","6.8167",,,8/6/2005 0:00:00,12/30/1899 19:30:00,"C- Minor Injury","F- Driver",35.00,"Male","K- Private Cars;Z- Animal Drawn","P- Speeding",2.00
3417,15304.00,"4- Demerara- Mahaica",444,"Plaisance Public Road E.C.D","East Coast Demerara Road (From Georgetown)","-58.0833","6.8167",,,8/8/2005 0:00:00,12/30/1899 11:00:00,"B- Serious Injury","F- Driver",35.00,"Male","K- Private Cars;Z- Animal Drawn","P- Speeding",2.00
3418,15305.00,"4- Demerara- Mahaica",445,"Better Hope South 1st Street E.C.D","East Coast Demerara Road (From Georgetown)","-58.0833","6.8167",,,8/8/2005 0:00:00,12/30/1899 21:15:00,"D- Property Damage","F- Driver",,"Male","K- Private Cars;W-Pedal Cycle","U- Cyclist's Negligence",2.00
3419,15306.00,"4- Demerara- Mahaica",444,"Plaisance Railway Embankment E.C.D","East Coast Demerara Road (From Georgetown)","-58.0833","6.8167",,,8/8/2005 0:00:00,12/30/1899 19:20:00,"C- Minor Injury","F- Driver",47.00,"Male","K- Private Cars","T-Pedestrian's Negligence",2.00
3420,15307.00,"4- Demerara- Mahaica",490,"Victoria Road Plaisance E.C.D","East Coast Demerara Road (From Georgetown)","-57.9667","6.7500",,,8/6/2005 0:00:00,12/30/1899 23:55:00,"D- Property Damage","F- Driver",50.00,"Male","J- Minibus;M- Hire Cars","P- Speeding",2.00
3421,15308.00,"4- Demerara- Mahaica",445,"Better Hope Public Road E.C.D","East Coast Demerara Road (From Georgetown)","-58.0833","6.8167",,,8/12/2005 0:00:00,12/30/1899 8:00:00,"D- Property Damage","F- Driver",45.00,"Male","J- Minibus;Z- Animal Drawn","Y-Animal",2.00
3422,15309.00,"4- Demerara- Mahaica",427,"Bel Air Public Road E.C.D","East Coast Demerara Road (From Georgetown)","-58.1500","6.8167",,,8/12/2005 0:00:00,12/30/1899 7:35:00,"D- Property Damage","F- Driver",33.00,"Male","J- Minibus;K- Private Cars","P- Speeding",2.00
3423,15310.00,"4- Demerara- Mahaica",445,"Better Hope Public Road E.C.D","East Coast Demerara Road (From Georgetown)","-58.0833","6.8167",,,8/14/2005 0:00:00,12/30/1899 19:00:00,"D- Property Damage","F- Driver",63.00,"Male","M- Hire Cars","P- Speeding",2.00
3424,15311.00,"4- Demerara- Mahaica",434,"Cummings Lodge Access Road E.C.D","East Coast Demerara Road (From Georgetown)","-58.1167","6.8167",,,8/14/2005 0:00:00,12/30/1899 21:00:00,"D- Property Damage","F- Driver",55.00,"Male","K- Private Cars;M- Hire Cars","R- Improper Overtaking",2.00
3425,15312.00,"4- Demerara- Mahaica",451,"Happy Acres Public Road E.C.D","East Coast Demerara Road (From Georgetown)","-58.0833","6.8167",,,8/15/2005 0:00:00,12/30/1899 23:30:00,"D- Property Damage","F- Driver",37.00,"Male","K- Private Cars;L- Lorries Van","R- Improper Overtaking",2.00
3426,15313.00,"4- Demerara- Mahaica",444,"Plaisance Public Road E.C.D","East Coast Demerara Road (From Georgetown)","-58.0833","6.8167",,,8/18/2005 0:00:00,12/30/1899 5:45:00,"B- Serious Injury","F- Driver",47.00,"Male","K- Private Cars;W-Pedal Cycle","S- Driver's Negligence",2.00
3427,15314.00,"4- Demerara- Mahaica",445,"Better Hope Public Road E.C.D","East Coast Demerara Road (From Georgetown)","-58.0833","6.8167",,,8/19/2005 0:00:00,12/30/1899 23:55:00,"A- Fatal","F- Driver",29.00,"Male","N- Pickup","P- Speeding",2.00
3428,15315.00,"4- Demerara- Mahaica",437,"Industry Railway Embankment E.C.D","East Coast Demerara Road (From Georgetown)","-57.4333","6.3000",,,8/20/2005 0:00:00,12/30/1899 1:15:00,"D- Property Damage","F- Driver",58.00,"Male","M- Hire Cars","P- Speeding",2.00
3429,15316.00,"4- Demerara- Mahaica",432,"Turkeyen RailwayEmbankment E.C.D","East Coast Demerara Road (From Georgetown)","-58.1167","6.8167",,,12/10/2007 0:00:00,12/30/1899 8:40:00,"D- Property Damage","F- Driver",47.00,"Male","J- Minibus;M- Hire Cars;W-Pedal Cycle","S- Driver's Negligence",3.00
3430,15317.00,"4- Demerara- Mahaica",437,"Industry Railway Embankment E.C.D","East Coast Demerara Road (From Georgetown)","-57.4333","6.3000",,,12/12/2007 0:00:00,12/30/1899 19:10:00,"D- Property Damage","F- Driver",33.00,"Male","L- Lorries Van;W-Pedal Cycle","O- Lost Control & Runoff",2.00
3431,15318.00,"4- Demerara- Mahaica",432,"Turkeyen Public Road E.C.D","East Coast Demerara Road (From Georgetown)","-58.1167","6.8167",,,12/12/2007 0:00:00,12/30/1899 21:30:00,"D- Property Damage","F- Driver",48.00,"Male","K- Private Cars","S- Driver's Negligence",2.00
3432,15319.00,"4- Demerara- Mahaica",449,"Atlantic Ville Public Road E.C.D","East Coast Demerara Road (From Georgetown)","-58.0833","6.8167",,,12/12/2007 0:00:00,12/30/1899 20:30:00,"D- Property Damage","F- Driver",32.00,"Male","K- Private Cars","S- Driver's Negligence",2.00
3433,15320.00,"4- Demerara- Mahaica",448,"Montrose Public Road E.C.D","East Coast Demerara Road (From Georgetown)","-58.0833","6.8167",,,12/18/2007 0:00:00,12/30/1899 18:15:00,"D- Property Damage","F- Driver",48.00,"Male","K- Private Cars;N- Pickup","P- Speeding",2.00
3434,15321.00,"4- Demerara- Mahaica",439,"Ogle Railway Embankment E.C.D","East Coast Demerara Road (From Georgetown)","-58.1000","6.8167",,,12/18/2007 0:00:00,12/30/1899 17:45:00,"D- Property Damage","F- Driver",37.00,"Male","M- Hire Cars;V-Motor Cycle","S- Driver's Negligence",2.00
3435,15322.00,"4- Demerara- Mahaica",451,"Happy Acres Public Road E.C.D","East Coast Demerara Road (From Georgetown)","-58.0833","6.8167",,,12/23/2007 0:00:00,12/30/1899 6:20:00,"D- Property Damage","F- Driver",25.00,"Male","M- Hire Cars;N- Pickup","P- Speeding",2.00
3436,15323.00,"4- Demerara- Mahaica",490,"Victoria Road Plaisance E.C.D","East Coast Demerara Road (From Georgetown)","-57.9667","6.7500",,,12/26/2007 0:00:00,12/30/1899 1:15:00,"D- Property Damage","F- Driver",30.00,"Male","M- Hire Cars","R- Improper Overtaking;S- Driver's Negligence",2.00
3437,15324.00,"4- Demerara- Mahaica",444,"Plaisance Access Road E.C.D","East Coast Demerara Road (From Georgetown)","-58.0833","6.8167",,,12/31/2007 0:00:00,12/30/1899 22:50:00,"C- Minor Injury","F- Driver",27.00,"Male","M- Hire Cars;V-Motor Cycle","R- Improper Overtaking",2.00
3438,15325.00,"4- Demerara- Mahaica",445,"Better Hope Public Road E.C.D","East Coast Demerara Road (From Georgetown)","-58.0833","6.8167",,,1/8/2008 0:00:00,12/30/1899 13:15:00,"C- Minor Injury","F- Driver",30.00,"Male","J- Minibus;K- Private Cars","S- Driver's Negligence",2.00
3439,15326.00,"4- Demerara- Mahaica",439,"Ogle Public Road E.C.D","East Coast Demerara Road (From Georgetown)","-58.1000","6.8167",,,1/22/2008 0:00:00,12/30/1899 19:00:00,"D- Property Damage","G- Rider",32.00,"Male","J- Minibus","P- Speeding",2.00
3440,15327.00,"4- Demerara- Mahaica",439,"Ogle Railway Embankment E.C.D","East Coast Demerara Road (From Georgetown)","-58.1000","6.8167",,,1/30/2008 0:00:00,12/30/1899 7:40:00,"D- Property Damage","F- Driver",55.00,"Female","K- Private Cars","P- Speeding",2.00
3441,15328.00,"4- Demerara- Mahaica",446,"Vryheid Lust Public Road E.C.D","East Coast Demerara Road (From Georgetown)","-58.0833","6.8167",,,1/30/2008 0:00:00,12/30/1899 7:50:00,"D- Property Damage","G- Rider",51.00,"Male","V-Motor Cycle;W-Pedal Cycle","S- Driver's Negligence;U- Cyclist's Negligence",2.00
3442,15329.00,"4- Demerara- Mahaica",427,"Bel Air Public Road E.C.D","East Coast Demerara Road (From Georgetown)","-58.1500","6.8167",,,2/6/2008 0:00:00,12/30/1899 20:15:00,"D- Property Damage","F- Driver",51.00,"Male","K- Private Cars;L- Lorries Van;N- Pickup","S- Driver's Negligence",3.00
3443,15330.00,"4- Demerara- Mahaica",439,"Ogle Public Road E.C.D","East Coast Demerara Road (From Georgetown)","-58.1000","6.8167",,,2/14/2008 0:00:00,12/30/1899 10:30:00,"B- Serious Injury;D- Property Damage","F- Driver",74.00,"Male","K- Private Cars;N- Pickup","S- Driver's Negligence",2.00
3444,15331.00,"4- Demerara- Mahaica",449,"Atlantic Gardens Public Road E.C.D","East Coast Demerara Road (From Georgetown)","-58.0833","6.8167",,,2/15/2008 0:00:00,12/30/1899 14:00:00,"A- Fatal","F- Driver",23.00,"Male","L- Lorries Van;W-Pedal Cycle","S- Driver's Negligence;U- Cyclist's Negligence",2.00
3445,15332.00,"4- Demerara- Mahaica",444,"Plaisance Railway Embankment E.C.D","East Coast Demerara Road (From Georgetown)","-58.0833","6.8167",,,2/29/2008 0:00:00,12/30/1899 19:10:00,"D- Property Damage","F- Driver",32.00,"Male","K- Private Cars","Y-Animal",1.00
3446,15333.00,"4- Demerara- Mahaica",446,"Vryheid Lust Railway Embankment E.C.D","East Coast Demerara Road (From Georgetown)","-58.0833","6.8167",,,2/15/2008 0:00:00,12/30/1899 16:50:00,"D- Property Damage","F- Driver",22.00,"Male","M- Hire Cars;N- Pickup","R- Improper Overtaking",2.00
3447,15334.00,"4- Demerara- Mahaica",451,"Happy Acre Public Road E.C.D","East Coast Demerara Road (From Georgetown)","-58.0833","6.8167",,,2/21/2008 0:00:00,12/30/1899 21:50:00,"D- Property Damage","F- Driver",,"Female","K- Private Cars;N- Pickup","R- Improper Overtaking",2.00
3448,15335.00,"4- Demerara- Mahaica",442,"Goedverwagting Public Road E.C.D","East Coast Demerara Road (From Georgetown)","-58.1000","6.8167",,,3/9/2008 0:00:00,12/30/1899 5:30:00,"B- Serious Injury","G- Rider",57.00,"Female","V-Motor Cycle","O- Lost Control & Runoff",1.00
3449,15336.00,"4- Demerara- Mahaica",445,"Better Hope Public Road E.C.D","East Coast Demerara Road (From Georgetown)","-58.0833","6.8167",,,3/13/2008 0:00:00,12/30/1899 7:40:00,"D- Property Damage","F- Driver",24.00,"Male","M- Hire Cars","P- Speeding",2.00
3450,15337.00,"4- Demerara- Mahaica",432,"Turkeyen Public Road E.C.D","East Coast Demerara Road (From Georgetown)","-58.1167","6.8167",,,3/29/2008 0:00:00,12/30/1899 23:00:00,"A- Fatal;B- Serious Injury;D- Property Damage","F- Driver",36.00,"Male","K- Private Cars;L- Lorries Van","S- Driver's Negligence",2.00
3451,15338.00,"4- Demerara- Mahaica",445,"Better Hope Access Road E.C.D","East Coast Demerara Road (From Georgetown)","-58.0833","6.8167",,,4/6/2008 0:00:00,12/30/1899 19:20:00,"A- Fatal","F- Driver",33.00,"Male","L- Lorries Van","P- Speeding",2.00
3452,15339.00,"4- Demerara- Mahaica",446,"Vryheid Lust Public Road E.C.D","East Coast Demerara Road (From Georgetown)","-58.0833","6.8167",,,4/8/2008 0:00:00,12/30/1899 16:40:00,"C- Minor Injury","G- Rider",25.00,"Male","V-Motor Cycle","T-Pedestrian's Negligence",2.00
3453,15340.00,"4- Demerara- Mahaica",439,"Ogle Public Road E.C.D","East Coast Demerara Road (From Georgetown)","-58.1000","6.8167",,,4/10/2008 0:00:00,12/30/1899 3:00:00,"D- Property Damage","F- Driver",,"Male","N- Pickup","Y-Animal",1.00
3454,15341.00,"4- Demerara- Mahaica",445,"Better Hope Public Road E.C.D","East Coast Demerara Road (From Georgetown)","-58.0833","6.8167",,,4/17/2008 0:00:00,12/30/1899 7:45:00,"D- Property Damage","F- Driver",28.00,"Male","K- Private Cars","S- Driver's Negligence",2.00
3455,15342.00,"4- Demerara- Mahaica",448,"Montrose Public Road E.C.D","East Coast Demerara Road (From Georgetown)","-58.0833","6.8167",,,4/29/2008 0:00:00,12/30/1899 4:00:00,"D- Property Damage","F- Driver",29.00,"Male","K- Private Cars","O- Lost Control & Runoff",1.00
3456,15343.00,"4- Demerara- Mahaica",446,"Vryheid Lust Public Road E.C.D","East Coast Demerara Road (From Georgetown)","-58.0833","6.8167",,,5/1/2008 0:00:00,12/30/1899 23:15:00,"A- Fatal","F- Driver",56.00,"Male","N- Pickup","P- Speeding",2.00
3457,15344.00,"4- Demerara- Mahaica",432,"Turkeyen Railway Embankment E.C.D","East Coast Demerara Road (From Georgetown)","-58.1167","6.8167",,,5/13/2008 0:00:00,12/30/1899 12:15:00,"C- Minor Injury","F- Driver",26.00,"Male","K- Private Cars","P- Speeding",2.00
3458,15345.00,"4- Demerara- Mahaica",432,"Turkeyen Public Road E.C.D","East Coast Demerara Road (From Georgetown)","-58.1167","6.8167",,,5/13/2008 0:00:00,12/30/1899 7:40:00,"D- Property Damage","F- Driver",,"Male","K- Private Cars;N- Pickup","S- Driver's Negligence",2.00
3459,15349.00,"4- Demerara- Mahaica",432,"Turkeyen Public Road E.C.D","East Coast Demerara Road (From Georgetown)","-58.1167","6.8167",,,5/13/2008 0:00:00,12/30/1899 13:30:00,"D- Property Damage","F- Driver",,"Male","K- Private Cars","S- Driver's Negligence",2.00
3460,15350.00,"4- Demerara- Mahaica",439,"Ogle Public Road E.C.D","East Coast Demerara Road (From Georgetown)","-58.1000","6.8167",,,5/14/2008 0:00:00,12/30/1899 8:15:00,"D- Property Damage","F- Driver",41.00,"Male","J- Minibus;L- Lorries Van","O- Lost Control & Runoff",3.00
3461,15351.00,"4- Demerara- Mahaica",445,"2nd Street Better Hope E.C.D","East Coast Demerara Road (From Georgetown)","-58.0833","6.8167",,,5/18/2008 0:00:00,12/30/1899 10:45:00,"A- Fatal","F- Driver",38.00,"Male","J- Minibus","S- Driver's Negligence",2.00
3462,15352.00,"4- Demerara- Mahaica",432,"Turkeyen Public Road E.C.D","East Coast Demerara Road (From Georgetown)","-58.1167","6.8167",,,5/20/2008 0:00:00,12/30/1899 8:45:00,"D- Property Damage","F- Driver",45.00,"Male","L- Lorries Van;N- Pickup","R- Improper Overtaking",2.00
3463,15353.00,"4- Demerara- Mahaica",439,"Ogle Airstrip Road E.C.D","East Coast Demerara Road (From Georgetown)","-58.1000","6.8167",,,6/5/2008 0:00:00,12/30/1899 13:40:00,"C- Minor Injury","F- Driver",34.00,"Male","N- Pickup","R- Improper Overtaking;T-Pedestrian's Negligence",2.00
3464,15354.00,"4- Demerara- Mahaica",444,"Plaisance Public Road E.C.D","East Coast Demerara Road (From Georgetown)","-58.0833","6.8167",,,6/10/2008 0:00:00,12/30/1899 17:45:00,"A- Fatal","F- Driver",83.00,"Male","K- Private Cars;W-Pedal Cycle","S- Driver's Negligence",2.00
3465,15355.00,"4- Demerara- Mahaica",432,"Turkeyen Public Road E.C.D","East Coast Demerara Road (From Georgetown)","-58.1167","6.8167",,,6/12/2008 0:00:00,12/30/1899 20:30:00,"D- Property Damage","F- Driver",57.00,"Male","J- Minibus;L- Lorries Van","P- Speeding",2.00
3466,15357.00,"4- Demerara- Mahaica",446,"Vryheid Lust Public Road E.C.D","East Coast Demerara Road (From Georgetown)","-58.0833","6.8167",,,6/14/2008 0:00:00,12/30/1899 22:30:00,"C- Minor Injury","F- Driver",23.00,"Male","M- Hire Cars","T-Pedestrian's Negligence",2.00
3467,15358.00,"4- Demerara- Mahaica",446,"Vryheid Lust Public Road E.C.D","East Coast Demerara Road (From Georgetown)","-58.0833","6.8167",,,6/10/2008 0:00:00,12/30/1899 12:45:00,"C- Minor Injury","F- Driver",25.00,"Male","K- Private Cars","S- Driver's Negligence",2.00
3468,15359.00,"4- Demerara- Mahaica",451,"Happy Acres Public Road E.C.D","East Coast Demerara Road (From Georgetown)","-58.0833","6.8167",,,6/18/2008 0:00:00,12/30/1899 19:10:00,"D- Property Damage","F- Driver",42.00,"Male","K- Private Cars;N- Pickup","R- Improper Overtaking;S- Driver's Negligence",2.00
3469,15360.00,"4- Demerara- Mahaica",439,"Ogle Public Road E.C.D","East Coast Demerara Road (From Georgetown)","-58.1000","6.8167",,,6/25/2008 0:00:00,12/30/1899 1:45:00,"A- Fatal","F- Driver",27.00,"Male","M- Hire Cars","T-Pedestrian's Negligence",2.00