"ID","Accident ID","Region Number","Corridor ID","Location (Intersection/Road/Street)","Corridor","Location- longitude/ X","Location- latitude/  Y","Mile Marker","Village","Date of Accident","Time of Accident","Type of Accident","Class of Road User","Age/DOB","Gender","Class of Vehicles Involved","Contributing Factor","Number of Persons Involved"
3470,15361.00,"4- Demerara- Mahaica",439,"Ogle Public Road E.C.D","East Coast Demerara Road (From Georgetown)","-58.1000","6.8167",,,7/7/2008 0:00:00,12/30/1899 7:00:00,"D- Property Damage","F- Driver",,"Male","J- Minibus;W-Pedal Cycle","U- Cyclist's Negligence",2.00
3471,15362.00,"4- Demerara- Mahaica",446,"Vryheid Lust Public Road E.C.D","East Coast Demerara Road (From Georgetown)","-58.0833","6.8167",,,7/21/2008 0:00:00,12/30/1899 14:30:00,"D- Property Damage","G- Rider",24.00,"Male","W-Pedal Cycle","T-Pedestrian's Negligence",2.00
3472,15363.00,"4- Demerara- Mahaica",451,"Happy Acres Public Road E.C.D","East Coast Demerara Road (From Georgetown)","-58.0833","6.8167",,,7/28/2008 0:00:00,12/30/1899 16:10:00,"D- Property Damage","F- Driver",51.00,"Male","K- Private Cars;L- Lorries Van","R- Improper Overtaking",2.00
3473,15364.00,"4- Demerara- Mahaica",452,"Le Ressouvenir Railway Embankment E.C.D","East Coast Demerara Road (From Georgetown)","-58.0833","6.8167",,,8/9/2008 0:00:00,12/30/1899 18:30:00,"D- Property Damage","F- Driver",40.00,"Male","L- Lorries Van","R- Improper Overtaking",2.00
3474,15365.00,"4- Demerara- Mahaica",445,"Better Hope Public Road E.C.D","East Coast Demerara Road (From Georgetown)","-58.0833","6.8167",,,8/9/2008 0:00:00,12/30/1899 9:00:00,"D- Property Damage","F- Driver",,"Male","K- Private Cars;N- Pickup","S- Driver's Negligence",2.00
3475,15366.00,"4- Demerara- Mahaica",451,"Happy Acres Public Road E.C.D","East Coast Demerara Road (From Georgetown)","-58.0833","6.8167",,,8/13/2008 0:00:00,12/30/1899 3:10:00,"D- Property Damage","F- Driver",56.00,"Male","N- Pickup","S- Driver's Negligence",2.00
3476,15367.00,"4- Demerara- Mahaica",445,"Better Hope Railway Embankment E.C.D","East Coast Demerara Road (From Georgetown)","-58.0833","6.8167",,,8/30/2008 0:00:00,12/30/1899 16:05:00,"D- Property Damage","F- Driver",24.00,"Female","K- Private Cars;W-Pedal Cycle","U- Cyclist's Negligence",2.00
3477,15368.00,"4- Demerara- Mahaica",448,"Montrose School Street E.C.D","East Coast Demerara Road (From Georgetown)","-58.0833","6.8167",,,8/30/2008 0:00:00,12/30/1899 17:00:00,"D- Property Damage","F- Driver",,"Male","K- Private Cars;N- Pickup","S- Driver's Negligence",2.00
3478,15369.00,"4- Demerara- Mahaica",430,"Liliendaal Public Road E.C.D","East Coast Demerara Road (From Georgetown)","-58.1167","6.8167",,,8/30/2008 0:00:00,12/30/1899 16:45:00,"B- Serious Injury","F- Driver",,"Male","K- Private Cars;W-Pedal Cycle","R- Improper Overtaking",2.00
3479,15370.00,"4- Demerara- Mahaica",444,"Plaisance Public Road E.C.D","East Coast Demerara Road (From Georgetown)","-58.0833","6.8167",,,8/1/2008 0:00:00,12/30/1899 21:45:00,"B- Serious Injury","F- Driver",36.00,"Male","K- Private Cars;W-Pedal Cycle","U- Cyclist's Negligence",2.00
3480,15371.00,"4- Demerara- Mahaica",452,"Le Ressouvenir Public Road E.C.D","East Coast Demerara Road (From Georgetown)","-58.0833","6.8167",,,8/30/2008 0:00:00,12/30/1899 17:00:00,"D- Property Damage","F- Driver",,"Male","K- Private Cars","P- Speeding",2.00
3481,15372.00,"4- Demerara- Mahaica",444,"Plaisance Public Road E.C.D","East Coast Demerara Road (From Georgetown)","-58.0833","6.8167",,,8/30/2008 0:00:00,12/30/1899 18:00:00,"C- Minor Injury","F- Driver",,"Male","K- Private Cars;N- Pickup","O- Lost Control & Runoff",2.00
3482,15373.00,"4- Demerara- Mahaica",446,"Vryheid Lust Access Road E.C.D","East Coast Demerara Road (From Georgetown)","-58.0833","6.8167",,,8/30/2008 0:00:00,12/30/1899 18:45:00,"D- Property Damage","F- Driver",,"Male","M- Hire Cars;W-Pedal Cycle","U- Cyclist's Negligence",2.00
3483,15374.00,"4- Demerara- Mahaica",449,"Atlantic Ville Public Road E.C.D","East Coast Demerara Road (From Georgetown)","-58.0833","6.8167",,,8/30/2008 0:00:00,12/30/1899 3:10:00,"B- Serious Injury","F- Driver",,"Male","J- Minibus;K- Private Cars","O- Lost Control & Runoff",3.00
3484,15375.00,"4- Demerara- Mahaica",432,"Turkeyen Railway Embankment E.C.D","East Coast Demerara Road (From Georgetown)","-58.1167","6.8167",,,9/9/2008 0:00:00,12/30/1899 20:30:00,"D- Property Damage","F- Driver",,"Male","K- Private Cars;N- Pickup","O- Lost Control & Runoff;T-Pedestrian's Negligence",2.00
3485,15376.00,"4- Demerara- Mahaica",445,"Better Hope Public Road E.C.D","East Coast Demerara Road (From Georgetown)","-58.0833","6.8167",,,9/9/2008 0:00:00,12/30/1899 5:45:00,"B- Serious Injury","G- Rider",,"Male","V-Motor Cycle;W-Pedal Cycle","U- Cyclist's Negligence",2.00
3486,15377.00,"4- Demerara- Mahaica",446,"Vryheid Lust Access Road E.C.D","East Coast Demerara Road (From Georgetown)","-58.0833","6.8167",,,9/9/2008 0:00:00,12/30/1899 1:00:00,"D- Property Damage","F- Driver",,"Male","K- Private Cars","O- Lost Control & Runoff",2.00
3487,15378.00,"4- Demerara- Mahaica",448,"Montrose Public Road E.C.D","East Coast Demerara Road (From Georgetown)","-58.0833","6.8167",,,9/27/2008 0:00:00,12/30/1899 23:00:00,"D- Property Damage","F- Driver",,"Female","K- Private Cars","O- Lost Control & Runoff",2.00
3488,15379.00,"4- Demerara- Mahaica",444,"Plaisance Public Road E.C.D","East Coast Demerara Road (From Georgetown)","-58.0833","6.8167",,,10/12/2008 0:00:00,12/30/1899 23:00:00,"D- Property Damage","F- Driver",,"Male","K- Private Cars;N- Pickup","O- Lost Control & Runoff",2.00
3489,15380.00,"4- Demerara- Mahaica",444,"Plaisance Railway Embankmwnt E.C.D","East Coast Demerara Road (From Georgetown)","-58.0833","6.8167",,,10/12/2008 0:00:00,12/30/1899 7:20:00,"C- Minor Injury","F- Driver",,"Male","N- Pickup","O- Lost Control & Runoff;T-Pedestrian's Negligence",2.00
3490,15381.00,"4- Demerara- Mahaica",452,"Le Ressouvenir Public Road E.C.D","East Coast Demerara Road (From Georgetown)","-58.0833","6.8167",,,10/12/2008 0:00:00,12/30/1899 22:00:00,"D- Property Damage","F- Driver",27.00,"Male","K- Private Cars;M- Hire Cars","S- Driver's Negligence",3.00
3491,15382.00,"4- Demerara- Mahaica",445,"Better Hope Public Road E.C.D","East Coast Demerara Road (From Georgetown)","-58.0833","6.8167",,,10/14/2008 0:00:00,12/30/1899 19:30:00,"A- Fatal","F- Driver",42.00,"Male","K- Private Cars","T-Pedestrian's Negligence",2.00
3492,15383.00,"4- Demerara- Mahaica",437,"Industry Public Road E.C.D","East Coast Demerara Road (From Georgetown)","-57.4333","6.3000",,,10/20/2008 0:00:00,12/30/1899 19:30:00,"D- Property Damage","F- Driver",32.00,"Male","K- Private Cars","O- Lost Control & Runoff",2.00
3493,15384.00,"4- Demerara- Mahaica",427,"Bel Air Public Road E.C.D","East Coast Demerara Road (From Georgetown)","-58.1500","6.8167",,,10/15/2008 0:00:00,12/30/1899 6:45:00,"D- Property Damage","F- Driver",57.00,"Male","K- Private Cars;L- Lorries Van;V-Motor Cycle","S- Driver's Negligence",3.00
3494,15385.00,"4- Demerara- Mahaica",432,"Turkeyen public Road E.C.D","East Coast Demerara Road (From Georgetown)","-58.1167","6.8167",,,11/2/2008 0:00:00,12/30/1899 23:50:00,"C- Minor Injury","F- Driver",32.00,"Male","K- Private Cars","P- Speeding",2.00
3495,15386.00,"4- Demerara- Mahaica",432,"Turkeyen Railway Embankment E.C.D","East Coast Demerara Road (From Georgetown)","-58.1167","6.8167",,,11/3/2008 0:00:00,12/30/1899 19:00:00,"D- Property Damage","F- Driver",32.00,"Male","J- Minibus;L- Lorries Van","R- Improper Overtaking",2.00
3496,15387.00,"4- Demerara- Mahaica",446,"Vryheid Lust Access Road E.C.D","East Coast Demerara Road (From Georgetown)","-58.0833","6.8167",,,11/7/2008 0:00:00,12/30/1899 18:30:00,"C- Minor Injury","G- Rider",14.00,"Female","W-Pedal Cycle","U- Cyclist's Negligence",2.00
3497,15388.00,"4- Demerara- Mahaica",439,"Ogle Public Road E.C.D","East Coast Demerara Road (From Georgetown)","-58.1000","6.8167",,,11/5/2008 0:00:00,12/30/1899 18:00:00,"D- Property Damage","F- Driver",29.00,"Male","K- Private Cars;M- Hire Cars","S- Driver's Negligence",2.00
3498,15389.00,"4- Demerara- Mahaica",445,"Better Hope Public Road E.C.D","East Coast Demerara Road (From Georgetown)","-58.0833","6.8167",,,11/6/2008 0:00:00,12/30/1899 15:20:00,"C- Minor Injury","F- Driver",31.00,"Male","M- Hire Cars;V-Motor Cycle","U- Cyclist's Negligence",2.00
3499,15390.00,"4- Demerara- Mahaica",448,"Montrose Public Road E.C.D","East Coast Demerara Road (From Georgetown)","-58.0833","6.8167",,,11/4/2008 0:00:00,12/30/1899 15:40:00,"B- Serious Injury","G- Rider",24.00,"Male","V-Motor Cycle","T-Pedestrian's Negligence",2.00
3500,15391.00,"4- Demerara- Mahaica",430,"Liliendaal Railway Embankment E.C.D","East Coast Demerara Road (From Georgetown)","-58.1167","6.8167",,,11/16/2008 0:00:00,12/30/1899 3:00:00,"B- Serious Injury","F- Driver",32.00,"Male","J- Minibus","Y-Animal",2.00
3501,15392.00,"4- Demerara- Mahaica",430,"Liliendaal Railway Embankment E.C.D","East Coast Demerara Road (From Georgetown)","-58.1167","6.8167",,,11/20/2008 0:00:00,12/30/1899 20:30:00,"B- Serious Injury","G- Rider",26.00,"Male","V-Motor Cycle","U- Cyclist's Negligence",2.00
3502,15393.00,"4- Demerara- Mahaica",448,"Montrose Public Road E.C.D","East Coast Demerara Road (From Georgetown)","-58.0833","6.8167",,,11/6/2008 0:00:00,12/30/1899 9:30:00,"D- Property Damage","F- Driver",30.00,"Male","M- Hire Cars","Y-Animal",2.00
3503,15394.00,"4- Demerara- Mahaica",427,"Bel Air Public Road E.C.D","East Coast Demerara Road (From Georgetown)","-58.1500","6.8167",,,11/24/2008 0:00:00,12/30/1899 8:20:00,"D- Property Damage","F- Driver",44.00,"Male","K- Private Cars","P- Speeding",2.00
3504,15395.00,"4- Demerara- Mahaica",446,"Vryheid Lust Acccess Road E.C.D","East Coast Demerara Road (From Georgetown)","-58.0833","6.8167",,,11/26/2008 0:00:00,12/30/1899 8:05:00,"C- Minor Injury","F- Driver",35.00,"Male","M- Hire Cars;W-Pedal Cycle","U- Cyclist's Negligence",2.00
3505,15396.00,"4- Demerara- Mahaica",439,"Ogle Railway Embankment E.C.D","East Coast Demerara Road (From Georgetown)","-58.1000","6.8167",,,11/27/2008 0:00:00,12/30/1899 15:40:00,"D- Property Damage","F- Driver",,"Male","J- Minibus;K- Private Cars","R- Improper Overtaking",2.00
3506,15397.00,"4- Demerara- Mahaica",445,"Better Hope Public Road E.C.D","East Coast Demerara Road (From Georgetown)","-58.0833","6.8167",,,11/27/2008 0:00:00,12/30/1899 10:25:00,"D- Property Damage","F- Driver",,"Male","J- Minibus;N- Pickup","S- Driver's Negligence",2.00
3507,15398.00,"4- Demerara- Mahaica",451,"Happy Acres Public Road E.C.D","East Coast Demerara Road (From Georgetown)","-58.0833","6.8167",,,11/10/2008 0:00:00,12/30/1899 19:00:00,"B- Serious Injury","F- Driver",45.00,"Male","K- Private Cars;V-Motor Cycle","P- Speeding;R- Improper Overtaking",2.00
3508,15399.00,"4- Demerara- Mahaica",432,"Turkeyen Railway Embankment junction E.C.D","East Coast Demerara Road (From Georgetown)","-58.1167","6.8167",,,11/16/2008 0:00:00,12/30/1899 14:45:00,"C- Minor Injury","F- Driver",49.00,"Female","K- Private Cars;V-Motor Cycle","U- Cyclist's Negligence",2.00
3509,15400.00,"4- Demerara- Mahaica",430,"Liliendaal Public Road E.C.D","East Coast Demerara Road (From Georgetown)","-58.1167","6.8167",,,12/20/2008 0:00:00,12/30/1899 20:30:00,"C- Minor Injury","F- Driver",21.00,"Male","K- Private Cars","O- Lost Control & Runoff",1.00
3510,15401.00,"4- Demerara- Mahaica",438,"Oleander Gardens Public Road E.C.D","East Coast Demerara Road (From Georgetown)","-58.1000","6.8167",,,12/22/2008 0:00:00,12/30/1899 15:10:00,"B- Serious Injury","F- Driver",43.00,"Male","J- Minibus","O- Lost Control & Runoff",1.00
3511,15402.00,"4- Demerara- Mahaica",446,"Vryheids Lust Access Road E.C.D","East Coast Demerara Road (From Georgetown)","-58.0833","6.8167",,,12/24/2008 0:00:00,12/30/1899 8:30:00,"B- Serious Injury","F- Driver",31.00,"Male","J- Minibus;W-Pedal Cycle","R- Improper Overtaking",2.00
3512,15403.00,"4- Demerara- Mahaica",439,"Ogle Railway Embankent E.C.D","East Coast Demerara Road (From Georgetown)","-58.1000","6.8167",,,12/29/2008 0:00:00,12/30/1899 15:45:00,"D- Property Damage","F- Driver",34.00,"Male","L- Lorries Van;M- Hire Cars","R- Improper Overtaking",2.00
3513,15404.00,"4- Demerara- Mahaica",439,"Ogle Public Road E.C.D","East Coast Demerara Road (From Georgetown)","-58.1000","6.8167",,,12/29/2008 0:00:00,12/30/1899 8:15:00,"D- Property Damage","F- Driver",58.00,"Male","K- Private Cars;L- Lorries Van","S- Driver's Negligence",2.00
3514,15405.00,"4- Demerara- Mahaica",445,"Better Hope Public Road E.C.D","East Coast Demerara Road (From Georgetown)","-58.0833","6.8167",,,1/4/2009 0:00:00,12/30/1899 23:00:00,"B- Serious Injury","F- Driver",21.00,"Male","J- Minibus","P- Speeding",2.00
3515,15406.00,"4- Demerara- Mahaica",452,"Le Ressouvenir Public Road E.C.D","East Coast Demerara Road (From Georgetown)","-58.0833","6.8167",,,1/8/2009 0:00:00,12/30/1899 20:30:00,"D- Property Damage","G- Rider",34.00,"Male","L- Lorries Van;V-Motor Cycle","U- Cyclist's Negligence",2.00
3516,15407.00,"4- Demerara- Mahaica",444,"Plaisance Public Road E.C.D","East Coast Demerara Road (From Georgetown)","-58.0833","6.8167",,,1/11/2009 0:00:00,12/30/1899 2:10:00,"D- Property Damage","F- Driver",31.00,"Male","K- Private Cars","O- Lost Control & Runoff",1.00
3517,15408.00,"4- Demerara- Mahaica",430,"Liliendaal Public Road E.C.D","East Coast Demerara Road (From Georgetown)","-58.1167","6.8167",,,1/15/2009 0:00:00,12/30/1899 1:30:00,"D- Property Damage","F- Driver",30.00,"Male","M- Hire Cars;N- Pickup","P- Speeding;S- Driver's Negligence",2.00
3518,15409.00,"4- Demerara- Mahaica",446,"Vryheids Lust Public Road E.C.D","East Coast Demerara Road (From Georgetown)","-58.0833","6.8167",,,1/13/2009 0:00:00,12/30/1899 15:30:00,"B- Serious Injury","F- Driver",44.00,"Male","J- Minibus","T-Pedestrian's Negligence",2.00
3519,15410.00,"4- Demerara- Mahaica",432,"Turkeyen Public Road E.C.D","East Coast Demerara Road (From Georgetown)","-58.1167","6.8167",,,1/18/2009 0:00:00,12/30/1899 14:00:00,"D- Property Damage","F- Driver",45.00,"Male","K- Private Cars;L- Lorries Van","P- Speeding",2.00
3520,15411.00,"4- Demerara- Mahaica",446,"Vryheids Lust Railway Embankment E.C.D","East Coast Demerara Road (From Georgetown)","-58.0833","6.8167",,,1/25/2009 0:00:00,12/30/1899 17:00:00,"B- Serious Injury","F- Driver",48.00,"Male","K- Private Cars;W-Pedal Cycle","U- Cyclist's Negligence",2.00
3521,15412.00,"4- Demerara- Mahaica",432,"Turkeyen Public Road E.C.D","East Coast Demerara Road (From Georgetown)","-58.1167","6.8167",,,2/1/2009 0:00:00,12/30/1899 20:30:00,"D- Property Damage","F- Driver",24.00,"Male","K- Private Cars;N- Pickup","P- Speeding;S- Driver's Negligence",2.00
3522,15413.00,"4- Demerara- Mahaica",437,"Industry Railway Embankment E.C.D","East Coast Demerara Road (From Georgetown)","-57.4333","6.3000",,,2/8/2009 0:00:00,12/30/1899 3:30:00,"D- Property Damage","F- Driver",24.00,"Male","K- Private Cars","O- Lost Control & Runoff;P- Speeding",2.00
3523,15414.00,"4- Demerara- Mahaica",439,"Ogle Railway Embankment e.C.D","East Coast Demerara Road (From Georgetown)","-58.1000","6.8167",,,2/17/2009 0:00:00,12/30/1899 14:15:00,"B- Serious Injury","F- Driver",24.00,"Male","J- Minibus","S- Driver's Negligence",2.00
3524,15415.00,"4- Demerara- Mahaica",490,"Victoria Road Plaisance E.C.D","East Coast Demerara Road (From Georgetown)","-57.9667","6.7500",,,2/22/2009 0:00:00,12/30/1899 20:05:00,"B- Serious Injury","F- Driver",50.00,"Male","K- Private Cars","P- Speeding",2.00
3525,15416.00,"4- Demerara- Mahaica",442,"Goedverwagting Public Road E.C.D","East Coast Demerara Road (From Georgetown)","-58.1000","6.8167",,,2/24/2009 0:00:00,12/30/1899 4:55:00,"B- Serious Injury","F- Driver",55.00,"Male","K- Private Cars","S- Driver's Negligence",2.00
3526,15417.00,"4- Demerara- Mahaica",429,"B Field Sophia Access Road E.C.D","East Coast Demerara Road (From Georgetown)","-58.1167","6.8167",,,2/25/2009 0:00:00,12/30/1899 8:15:00,"B- Serious Injury","F- Driver",44.00,"Male","K- Private Cars;V-Motor Cycle","P- Speeding",2.00
3527,15418.00,"4- Demerara- Mahaica",451,"Happy Acres Public Road E.C.D","East Coast Demerara Road (From Georgetown)","-58.0833","6.8167",,,3/1/2009 0:00:00,12/30/1899 20:00:00,"C- Minor Injury","F- Driver",21.00,"Male","K- Private Cars;M- Hire Cars","R- Improper Overtaking",2.00
3528,15419.00,"4- Demerara- Mahaica",451,"Happy Acres Public Road E.C.D","East Coast Demerara Road (From Georgetown)","-58.0833","6.8167",,,3/4/2009 0:00:00,12/30/1899 8:45:00,"D- Property Damage","F- Driver",39.00,"Male","K- Private Cars","P- Speeding;R- Improper Overtaking",2.00
3529,15420.00,"4- Demerara- Mahaica",439,"Ogle Railway Embankmet E.C.D","East Coast Demerara Road (From Georgetown)","-58.1000","6.8167",,,3/22/2009 0:00:00,12/30/1899 0:15:00,"B- Serious Injury","G- Rider",18.00,"Male","V-Motor Cycle","O- Lost Control & Runoff;P- Speeding",1.00
3530,15421.00,"4- Demerara- Mahaica",438,"Oleander Gardens Public Road E.C.D","East Coast Demerara Road (From Georgetown)","-58.1000","6.8167",,,3/24/2009 0:00:00,12/30/1899 12:20:00,"A- Fatal","F- Driver",30.00,"Male","K- Private Cars","T-Pedestrian's Negligence",2.00
3531,15422.00,"4- Demerara- Mahaica",451,"Happy Acres Public Road E.C.D","East Coast Demerara Road (From Georgetown)","-58.0833","6.8167",,,3/28/2009 0:00:00,12/30/1899 3:38:00,"A- Fatal","F- Driver",,"Male","K- Private Cars","O- Lost Control & Runoff;P- Speeding",1.00
3532,15423.00,"4- Demerara- Mahaica",430,"Liliendaal Public Road E.C.D","East Coast Demerara Road (From Georgetown)","-58.1167","6.8167",,,4/2/2009 0:00:00,12/30/1899 20:10:00,"C- Minor Injury","F- Driver",34.00,"Male","L- Lorries Van;X-Tractor","S- Driver's Negligence",2.00
3533,15424.00,"4- Demerara- Mahaica",443,"Sparendaam Public Road E.C.D","East Coast Demerara Road (From Georgetown)","-58.1000","6.8167",,,4/8/2008 0:00:00,12/30/1899 2:30:00,"D- Property Damage","F- Driver",21.00,"Male","M- Hire Cars","O- Lost Control & Runoff;P- Speeding",1.00
3534,15425.00,"4- Demerara- Mahaica",432,"Turkeyen Public Road E.C.D","East Coast Demerara Road (From Georgetown)","-58.1167","6.8167",,,4/30/2009 0:00:00,12/30/1899 23:30:00,"D- Property Damage","F- Driver",45.00,"Male","K- Private Cars;L- Lorries Van","R- Improper Overtaking",2.00
3535,15426.00,"4- Demerara- Mahaica",432,"Turkeyen Public Road E.C.D","East Coast Demerara Road (From Georgetown)","-58.1167","6.8167",,,5/1/2009 0:00:00,12/30/1899 23:00:00,"D- Property Damage","F- Driver",34.00,"Male","K- Private Cars","R- Improper Overtaking",2.00
3536,15427.00,"4- Demerara- Mahaica",443,"Sparendaam Public Road E.C.D","East Coast Demerara Road (From Georgetown)","-58.1000","6.8167",,,5/2/2009 0:00:00,12/30/1899 15:30:00,"D- Property Damage","F- Driver",,"Male","J- Minibus;K- Private Cars","S- Driver's Negligence",2.00
3537,15428.00,"4- Demerara- Mahaica",434,"UG Access Road E.C.D","East Coast Demerara Road (From Georgetown)","-58.1167","6.8167",,,5/3/2009 0:00:00,12/30/1899 20:00:00,"B- Serious Injury","F- Driver",47.00,"Male","J- Minibus;K- Private Cars","O- Lost Control & Runoff;P- Speeding;R- Improper Overtaking",3.00
3538,15429.00,"4- Demerara- Mahaica",446,"Vryheid Lust E.C.D","East Coast Demerara Road (From Georgetown)","-58.0833","6.8167",,,5/5/2009 0:00:00,12/30/1899 20:45:00,"B- Serious Injury;D- Property Damage","F- Driver",32.00,"Male","J- Minibus;M- Hire Cars","S- Driver's Negligence",2.00
3539,15430.00,"4- Demerara- Mahaica",444,"Plaisance Public Road E.C.D","East Coast Demerara Road (From Georgetown)","-58.0833","6.8167",,,5/10/2009 0:00:00,12/30/1899 1:00:00,"C- Minor Injury","F- Driver",31.00,"Male","K- Private Cars","O- Lost Control & Runoff",1.00
3540,15431.00,"4- Demerara- Mahaica",444,"Plaisance Railway Embankment E.C.D","East Coast Demerara Road (From Georgetown)","-58.0833","6.8167",,,5/16/2009 0:00:00,12/30/1899 15:00:00,"C- Minor Injury","F- Driver",33.00,"Male","J- Minibus;V-Motor Cycle","S- Driver's Negligence",2.00
3541,15432.00,"4- Demerara- Mahaica",448,"Montrose Public Road E.C.D","East Coast Demerara Road (From Georgetown)","-58.0833","6.8167",,,5/17/2009 0:00:00,12/30/1899 13:30:00,"D- Property Damage","F- Driver",30.00,"Male","K- Private Cars;L- Lorries Van","P- Speeding",2.00
3542,15433.00,"4- Demerara- Mahaica",449,"Atlantic Garden E.C.D","East Coast Demerara Road (From Georgetown)","-58.0833","6.8167",,,5/20/2009 0:00:00,12/30/1899 16:30:00,"C- Minor Injury","F- Driver",,"Male","J- Minibus","T-Pedestrian's Negligence",2.00
3543,15434.00,"4- Demerara- Mahaica",439,"Ogle Railway Embankment E.C.d","East Coast Demerara Road (From Georgetown)","-58.1000","6.8167",,,5/21/2009 0:00:00,12/30/1899 21:10:00,"C- Minor Injury","F- Driver",,"Male","K- Private Cars","R- Improper Overtaking",2.00
3544,15435.00,"4- Demerara- Mahaica",451,"Happy Acres Public Road E.C.D","East Coast Demerara Road (From Georgetown)","-58.0833","6.8167",,,5/27/2009 0:00:00,12/30/1899 19:45:00,"C- Minor Injury","F- Driver",53.00,"Male","J- Minibus;K- Private Cars","R- Improper Overtaking",2.00
3545,15436.00,"4- Demerara- Mahaica",452,"Le Ressouvenir Public Road E.C.D","East Coast Demerara Road (From Georgetown)","-58.0833","6.8167",,,5/5/2009 0:00:00,12/30/1899 14:45:00,"C- Minor Injury;D- Property Damage","F- Driver",50.00,"Male","J- Minibus;K- Private Cars","S- Driver's Negligence",2.00
3546,15437.00,"4- Demerara- Mahaica",432,"Turkeyen Public Road E.C.D","East Coast Demerara Road (From Georgetown)","-58.1167","6.8167",,,6/3/2009 0:00:00,12/30/1899 21:20:00,"B- Serious Injury","F- Driver",25.00,"Male","J- Minibus;L- Lorries Van","P- Speeding",2.00
3547,15438.00,"4- Demerara- Mahaica",432,"Turkeyen Access Road E.C.D","East Coast Demerara Road (From Georgetown)","-58.1167","6.8167",,,6/10/2009 0:00:00,12/30/1899 19:25:00,"B- Serious Injury","F- Driver",45.00,"Male","L- Lorries Van;W-Pedal Cycle","P- Speeding",2.00
3548,15439.00,"4- Demerara- Mahaica",446,"Vryheid Lust Public Road E.C.D","East Coast Demerara Road (From Georgetown)","-58.0833","6.8167",,,6/10/2009 0:00:00,12/30/1899 11:25:00,"A- Fatal","F- Driver",42.00,"Male","J- Minibus","P- Speeding",2.00
3549,15440.00,"4- Demerara- Mahaica",432,"Turkeyen Public Road E.C.D","East Coast Demerara Road (From Georgetown)","-58.1167","6.8167",,,6/20/2009 0:00:00,12/30/1899 10:00:00,"D- Property Damage","G- Rider",45.00,"Male","L- Lorries Van;V-Motor Cycle","U- Cyclist's Negligence",2.00
3550,15441.00,"4- Demerara- Mahaica",445,"Better Hope Public Road E.C.D","East Coast Demerara Road (From Georgetown)","-58.0833","6.8167",,,6/20/2009 0:00:00,12/30/1899 11:00:00,"D- Property Damage","F- Driver",26.00,"Male","L- Lorries Van;M- Hire Cars","O- Lost Control & Runoff",2.00
3551,15442.00,"4- Demerara- Mahaica",427,"Bel Air Public Road E.C.D","East Coast Demerara Road (From Georgetown)","-58.1500","6.8167",,,6/17/2009 0:00:00,12/30/1899 21:45:00,"B- Serious Injury","G- Rider",33.00,"Male","V-Motor Cycle","O- Lost Control & Runoff",1.00
3552,15443.00,"4- Demerara- Mahaica",439,"Ogle Public Road E.C.D","East Coast Demerara Road (From Georgetown)","-58.1000","6.8167",,,6/22/2009 0:00:00,12/30/1899 18:50:00,"D- Property Damage","F- Driver",23.00,"Male","K- Private Cars","P- Speeding",1.00
3553,15444.00,"4- Demerara- Mahaica",452,"Le Ressouvenir Public Road E.C.D","East Coast Demerara Road (From Georgetown)","-58.0833","6.8167",,,6/29/2009 0:00:00,12/30/1899 20:45:00,"B- Serious Injury","F- Driver",25.00,"Male","K- Private Cars","P- Speeding",2.00
3554,15445.00,"4- Demerara- Mahaica",429,"B Field Sophia Access Road E.C.D","East Coast Demerara Road (From Georgetown)","-58.1167","6.8167",,,7/1/2009 0:00:00,12/30/1899 21:30:00,"C- Minor Injury","F- Driver",20.00,"Male","K- Private Cars","S- Driver's Negligence",2.00
3555,15446.00,"4- Demerara- Mahaica",432,"Turkeyen Access Road E.C.D","East Coast Demerara Road (From Georgetown)","-58.1167","6.8167",,,7/3/2009 0:00:00,12/30/1899 20:05:00,"D- Property Damage","F- Driver",35.00,"Male","K- Private Cars","S- Driver's Negligence",2.00
3556,15447.00,"4- Demerara- Mahaica",451,"Happy Acre Public Road E.C.D","East Coast Demerara Road (From Georgetown)","-58.0833","6.8167",,,7/8/2009 0:00:00,12/30/1899 2:00:00,"D- Property Damage","F- Driver",36.00,"Female","K- Private Cars","P- Speeding",2.00
3557,15448.00,"4- Demerara- Mahaica",451,"Happy Acres Public Road E.C.D","East Coast Demerara Road (From Georgetown)","-58.0833","6.8167",,,7/13/2009 0:00:00,12/30/1899 10:45:00,"C- Minor Injury","F- Driver",22.00,"Male","K- Private Cars","P- Speeding",2.00