"ID","Accident ID","Region Number","Corridor ID","Location (Intersection/Road/Street)","Corridor","Location- longitude/ X","Location- latitude/  Y","Mile Marker","Village","Date of Accident","Time of Accident","Type of Accident","Class of Road User","Age/DOB","Gender","Class of Vehicles Involved","Contributing Factor","Number of Persons Involved"
3558,15449.00,"4- Demerara- Mahaica",439,"Ogle Public Road E.C.D","East Coast Demerara Road (From Georgetown)","-58.1000","6.8167",,,7/21/2009 0:00:00,12/30/1899 16:30:00,"C- Minor Injury","F- Driver",34.00,"Male","K- Private Cars;W-Pedal Cycle","U- Cyclist's Negligence",2.00
3559,15450.00,"4- Demerara- Mahaica",432,"Turkeyen Public Road E.C.D","East Coast Demerara Road (From Georgetown)","-58.1167","6.8167",,,7/25/2009 0:00:00,12/30/1899 8:00:00,"B- Serious Injury","F- Driver",29.00,"Male","K- Private Cars","P- Speeding",2.00
3560,15451.00,"4- Demerara- Mahaica",446,"Vryheids Lust Public Road E.C.D","East Coast Demerara Road (From Georgetown)","-58.0833","6.8167",,,7/28/2009 0:00:00,12/30/1899 13:00:00,"C- Minor Injury","G- Rider",32.00,"Female","V-Motor Cycle","U- Cyclist's Negligence",2.00
3561,15452.00,"4- Demerara- Mahaica",439,"Ogle Public Road E.C.D","East Coast Demerara Road (From Georgetown)","-58.1000","6.8167",,,7/31/2009 0:00:00,12/30/1899 1:00:00,"D- Property Damage","G- Rider",42.00,"Male","V-Motor Cycle","Y-Animal",1.00
3562,15453.00,"4- Demerara- Mahaica",448,"Montrose Public Road E.C.D","East Coast Demerara Road (From Georgetown)","-58.0833","6.8167",,,8/3/2009 0:00:00,12/30/1899 14:30:00,"D- Property Damage","F- Driver",65.00,"Male","K- Private Cars;M- Hire Cars","R- Improper Overtaking",2.00
3563,15454.00,"4- Demerara- Mahaica",444,"Plaisance Public Road E.C.D","East Coast Demerara Road (From Georgetown)","-58.0833","6.8167",,,8/7/2009 0:00:00,12/30/1899 14:00:00,"B- Serious Injury","F- Driver",26.00,"Male","J- Minibus;W-Pedal Cycle","U- Cyclist's Negligence",2.00
3564,15455.00,"4- Demerara- Mahaica",436,"Graham Street Plaisance E.C.D","East Coast Demerara Road (From Georgetown)","-58.1167","6.8167",,,8/5/2009 0:00:00,12/30/1899 16:00:00,"C- Minor Injury","F- Driver",35.00,"Male","K- Private Cars","T-Pedestrian's Negligence",2.00
3565,15456.00,"4- Demerara- Mahaica",432,"Turkeyen Public Road E.C.D","East Coast Demerara Road (From Georgetown)","-58.1167","6.8167",,,8/18/2009 0:00:00,12/30/1899 18:10:00,"D- Property Damage","F- Driver",35.00,"Female","K- Private Cars;M- Hire Cars","O- Lost Control & Runoff",3.00
3566,15457.00,"4- Demerara- Mahaica",432,"Turkeyen E.C.D","East Coast Demerara Road (From Georgetown)","-58.1167","6.8167",,,8/29/2009 0:00:00,12/30/1899 3:30:00,"C- Minor Injury","F- Driver",,"Male","K- Private Cars;M- Hire Cars","S- Driver's Negligence",2.00
3567,15458.00,"4- Demerara- Mahaica",444,"Plaisance Public Road E.C.D","East Coast Demerara Road (From Georgetown)","-58.0833","6.8167",,,8/29/2009 0:00:00,12/30/1899 5:30:00,"A- Fatal","G- Rider",,"Male","W-Pedal Cycle","O- Lost Control & Runoff;P- Speeding",1.00
3568,15459.00,"4- Demerara- Mahaica",432,"Turkeyen Railway Embankment E.C.D","East Coast Demerara Road (From Georgetown)","-58.1167","6.8167",,,8/29/2009 0:00:00,12/30/1899 11:15:00,"B- Serious Injury","F- Driver",43.00,"Female","K- Private Cars","O- Lost Control & Runoff",2.00
3569,15460.00,"4- Demerara- Mahaica",446,"Vryheid Lust Railway Embankment E.C.D","East Coast Demerara Road (From Georgetown)","-58.0833","6.8167",,,8/30/2009 0:00:00,12/30/1899 6:00:00,"D- Property Damage","F- Driver",25.00,"Male","K- Private Cars","O- Lost Control & Runoff",2.00
3570,15461.00,"4- Demerara- Mahaica",448,"Montrose Railway Embankment E.C.D","East Coast Demerara Road (From Georgetown)","-58.0833","6.8167",,,8/31/2009 0:00:00,12/30/1899 12:00:00,"C- Minor Injury","F- Driver",28.00,"Male","J- Minibus;V-Motor Cycle","R- Improper Overtaking",2.00
3571,15462.00,"4- Demerara- Mahaica",446,"Vryheid Lust Railway Embankment E.C.D","East Coast Demerara Road (From Georgetown)","-58.0833","6.8167",,,9/3/2009 0:00:00,12/30/1899 20:00:00,"B- Serious Injury","F- Driver",37.00,"Male","J- Minibus","P- Speeding",2.00
3572,15463.00,"4- Demerara- Mahaica",430,"Liliendaal Public Road E.C.D","East Coast Demerara Road (From Georgetown)","-58.1167","6.8167",,,9/6/2002 0:00:00,12/30/1899 1:45:00,"B- Serious Injury","F- Driver",48.00,"Male","K- Private Cars;V-Motor Cycle","P- Speeding",2.00
3573,15464.00,"4- Demerara- Mahaica",451,"Happy Acres Public Road E.C.D","East Coast Demerara Road (From Georgetown)","-58.0833","6.8167",,,9/6/2009 0:00:00,12/30/1899 8:00:00,"C- Minor Injury","F- Driver",51.00,"Male","K- Private Cars","O- Lost Control & Runoff",1.00
3574,15465.00,"4- Demerara- Mahaica",437,"Industry Access Road E.C.D","East Coast Demerara Road (From Georgetown)","-57.4333","6.3000",,,9/13/2009 0:00:00,12/30/1899 16:45:00,"D- Property Damage","F- Driver",27.00,"Male","K- Private Cars","Q- Alcohol",2.00
3575,15466.00,"4- Demerara- Mahaica",432,"Turkeyen E.C.D","East Coast Demerara Road (From Georgetown)","-58.1167","6.8167",,,9/15/2009 0:00:00,12/30/1899 19:00:00,"B- Serious Injury","F- Driver",36.00,"Male","L- Lorries Van","P- Speeding",2.00
3576,15467.00,"4- Demerara- Mahaica",445,"Better Hope Public Road E.C.D","East Coast Demerara Road (From Georgetown)","-58.0833","6.8167",,,9/16/2009 0:00:00,12/30/1899 18:15:00,"C- Minor Injury","F- Driver",50.00,"Male","K- Private Cars","T-Pedestrian's Negligence",2.00
3577,15468.00,"4- Demerara- Mahaica",448,"Montrose Railway Embankment E.C.D","East Coast Demerara Road (From Georgetown)","-58.0833","6.8167",,,9/16/2009 0:00:00,12/30/1899 8:00:00,"D- Property Damage","F- Driver",,"Male","J- Minibus","S- Driver's Negligence",2.00
3578,15469.00,"4- Demerara- Mahaica",434,"UG Turkeyen Road E.C.D","East Coast Demerara Road (From Georgetown)","-58.1167","6.8167",,,9/16/2009 0:00:00,12/30/1899 14:00:00,"D- Property Damage","F- Driver",22.00,"Male","K- Private Cars","S- Driver's Negligence",2.00
3579,15470.00,"4- Demerara- Mahaica",439,"Ogle Public Road E.C.D","East Coast Demerara Road (From Georgetown)","-58.1000","6.8167",,,9/10/2009 0:00:00,12/30/1899 8:00:00,"D- Property Damage","F- Driver",35.00,"Male","J- Minibus;K- Private Cars","P- Speeding",2.00
3580,15471.00,"4- Demerara- Mahaica",432,"Turkeyen Public Road E.C.D","East Coast Demerara Road (From Georgetown)","-58.1167","6.8167",,,9/18/2009 0:00:00,12/30/1899 12:40:00,"D- Property Damage","F- Driver",34.00,"Male","J- Minibus;K- Private Cars","S- Driver's Negligence",2.00
3581,15472.00,"4- Demerara- Mahaica",446,"Vryheid Lust Public Road E.C.D","East Coast Demerara Road (From Georgetown)","-58.0833","6.8167",,,9/19/2009 0:00:00,12/30/1899 12:30:00,"A- Fatal","G- Rider",40.00,"Male","V-Motor Cycle","T-Pedestrian's Negligence",2.00
3582,15473.00,"4- Demerara- Mahaica",451,"Happy Acre Public Road E.C.d","East Coast Demerara Road (From Georgetown)","-58.0833","6.8167",,,9/24/2009 0:00:00,12/30/1899 20:00:00,"D- Property Damage","F- Driver",35.00,"Male","J- Minibus;K- Private Cars","S- Driver's Negligence",2.00
3583,15474.00,"4- Demerara- Mahaica",449,"Atlantic Ville Public Road E.C.D","East Coast Demerara Road (From Georgetown)","-58.0833","6.8167",,,9/28/2009 0:00:00,12/30/1899 14:45:00,"D- Property Damage","F- Driver",28.00,"Male","J- Minibus;K- Private Cars","P- Speeding",2.00
3584,15475.00,"4- Demerara- Mahaica",452,"Le Ressouvenir Public Road E.C.D","East Coast Demerara Road (From Georgetown)","-58.0833","6.8167",,,9/30/2009 0:00:00,12/30/1899 14:30:00,"D- Property Damage","F- Driver",31.00,"Male","J- Minibus;L- Lorries Van","S- Driver's Negligence",2.00
3585,15476.00,"4- Demerara- Mahaica",446,"Vryheid Lust Public Road E.C.D","East Coast Demerara Road (From Georgetown)","-58.0833","6.8167",,,10/13/2009 0:00:00,12/30/1899 20:40:00,"B- Serious Injury","F- Driver",45.00,"Male","J- Minibus","P- Speeding",2.00
3586,15477.00,"4- Demerara- Mahaica",445,"Better Hope Public Road E.C.D","East Coast Demerara Road (From Georgetown)","-58.0833","6.8167",,,10/16/2009 0:00:00,12/30/1899 14:30:00,"C- Minor Injury","F- Driver",32.00,"Male","K- Private Cars;V-Motor Cycle","U- Cyclist's Negligence",2.00
3587,15478.00,"4- Demerara- Mahaica",430,"Liliendaal Public Road E.C.D","East Coast Demerara Road (From Georgetown)","-58.1167","6.8167",,,10/23/2009 0:00:00,12/30/1899 23:10:00,"D- Property Damage","F- Driver",36.00,"Male","K- Private Cars","S- Driver's Negligence",2.00
3588,15479.00,"4- Demerara- Mahaica",444,"Plaisance Railway Embankment E.C.D","East Coast Demerara Road (From Georgetown)","-58.0833","6.8167",,,10/24/2009 0:00:00,12/30/1899 18:00:00,"D- Property Damage","F- Driver",30.00,"Male","J- Minibus;K- Private Cars","S- Driver's Negligence",2.00
3589,15480.00,"4- Demerara- Mahaica",437,"Industry Public Road E.C.D","East Coast Demerara Road (From Georgetown)","-57.4333","6.3000",,,10/27/2009 0:00:00,12/30/1899 7:45:00,"C- Minor Injury","F- Driver",23.00,"Female","K- Private Cars","S- Driver's Negligence",2.00
3590,15481.00,"4- Demerara- Mahaica",439,"Ogle Access Road E.C.D","East Coast Demerara Road (From Georgetown)","-58.1000","6.8167",,,10/28/2009 0:00:00,12/30/1899 15:00:00,"D- Property Damage","F- Driver",34.00,"Male","K- Private Cars;L- Lorries Van","S- Driver's Negligence",2.00
3591,15482.00,"4- Demerara- Mahaica",445,"Better Hope Railway Embankment E.C.D","East Coast Demerara Road (From Georgetown)","-58.0833","6.8167",,,10/29/2009 0:00:00,12/30/1899 16:00:00,"B- Serious Injury","F- Driver",,"Male","J- Minibus;X-Tractor","R- Improper Overtaking",2.00
3592,15483.00,"4- Demerara- Mahaica",448,"Montrose Public Road E.C.D","East Coast Demerara Road (From Georgetown)","-58.0833","6.8167",,,11/3/2009 0:00:00,12/30/1899 11:30:00,"C- Minor Injury","F- Driver",,"Female","L- Lorries Van;W-Pedal Cycle","P- Speeding",2.00
3593,15484.00,"4- Demerara- Mahaica",430,"Liliendaal Public Road E.C.D","East Coast Demerara Road (From Georgetown)","-58.1167","6.8167",,,11/6/2009 0:00:00,,"A- Fatal","F- Driver",30.00,,"K- Private Cars","P- Speeding",2.00
3594,15485.00,"4- Demerara- Mahaica",439,"Ogle Public Road E.C.D","East Coast Demerara Road (From Georgetown)","-58.1000","6.8167",,,11/12/2009 0:00:00,12/30/1899 18:30:00,"C- Minor Injury","F- Driver",30.00,"Male","K- Private Cars","S- Driver's Negligence",2.00
3595,15486.00,"4- Demerara- Mahaica",432,"Turkeyen Railway Embankment E.C.D","East Coast Demerara Road (From Georgetown)","-58.1167","6.8167",,,11/2/2009 0:00:00,12/30/1899 13:20:00,"D- Property Damage","F- Driver",26.00,"Male","K- Private Cars","P- Speeding",2.00
3596,15487.00,"4- Demerara- Mahaica",439,"Ogle Public Road E.C.D","East Coast Demerara Road (From Georgetown)","-58.1000","6.8167",,,11/16/2009 0:00:00,12/30/1899 18:10:00,"D- Property Damage","F- Driver",23.00,"Female","K- Private Cars","P- Speeding",2.00
3597,15488.00,"4- Demerara- Mahaica",449,"Atlantic Ville Public Road E.C.D","East Coast Demerara Road (From Georgetown)","-58.0833","6.8167",,,11/23/2009 0:00:00,12/30/1899 8:30:00,"B- Serious Injury","F- Driver",42.00,"Male","K- Private Cars","S- Driver's Negligence",2.00
3598,15489.00,"4- Demerara- Mahaica",439,"Ogle Railway Embankment E.C.D","East Coast Demerara Road (From Georgetown)","-58.1000","6.8167",,,11/23/2009 0:00:00,12/30/1899 10:30:00,"D- Property Damage","F- Driver",25.00,"Male","K- Private Cars;N- Pickup","S- Driver's Negligence",2.00
3599,15490.00,"4- Demerara- Mahaica",437,"Industry Public Road E.C.D","East Coast Demerara Road (From Georgetown)","-57.4333","6.3000",,,11/25/2009 0:00:00,12/30/1899 17:30:00,"D- Property Damage","G- Rider",49.00,"Male","V-Motor Cycle","U- Cyclist's Negligence",2.00
3600,15491.00,"4- Demerara- Mahaica",444,"Plaisance Public Road E.C.D","East Coast Demerara Road (From Georgetown)","-58.0833","6.8167",,,11/29/2009 0:00:00,12/30/1899 10:00:00,"B- Serious Injury","F- Driver",54.00,"Male","K- Private Cars;L- Lorries Van","P- Speeding",2.00
3601,15492.00,"4- Demerara- Mahaica",444,"Plaisance Public Road E.C.D","East Coast Demerara Road (From Georgetown)","-58.0833","6.8167",,,12/5/2009 0:00:00,12/30/1899 12:15:00,"B- Serious Injury","F- Driver",24.00,"Male","K- Private Cars;W-Pedal Cycle","P- Speeding",2.00
3602,15493.00,"4- Demerara- Mahaica",451,"Happy Acre Public Road E.C.D","East Coast Demerara Road (From Georgetown)","-58.0833","6.8167",,,12/5/2009 0:00:00,12/30/1899 18:30:00,"A- Fatal","F- Driver",60.00,"Female","K- Private Cars;W-Pedal Cycle","P- Speeding",2.00
3603,15494.00,"4- Demerara- Mahaica",445,"Better Hope Public Road E.C.D","East Coast Demerara Road (From Georgetown)","-58.0833","6.8167",,,12/12/2009 0:00:00,12/30/1899 15:15:00,"D- Property Damage","F- Driver",49.00,"Male","J- Minibus;K- Private Cars","S- Driver's Negligence",2.00
3604,15495.00,"4- Demerara- Mahaica",430,"Liliendaal Railway Embankment E.C.D","East Coast Demerara Road (From Georgetown)","-58.1167","6.8167",,,12/13/2009 0:00:00,12/30/1899 6:35:00,"B- Serious Injury","F- Driver",25.00,"Male","K- Private Cars;W-Pedal Cycle","P- Speeding",2.00
3605,15496.00,"4- Demerara- Mahaica",439,"Ogle Public Road E.C.D","East Coast Demerara Road (From Georgetown)","-58.1000","6.8167",,,12/18/2009 0:00:00,12/30/1899 17:15:00,"A- Fatal","F- Driver",51.00,"Male","J- Minibus;K- Private Cars","P- Speeding",2.00
3606,15497.00,"4- Demerara- Mahaica",443,"Sparendaam Public Road E.C.D","East Coast Demerara Road (From Georgetown)","-58.1000","6.8167",,,12/25/2009 0:00:00,12/30/1899 11:40:00,"D- Property Damage","F- Driver",,"Male","K- Private Cars","S- Driver's Negligence",2.00
3607,15498.00,"4- Demerara- Mahaica",444,"Plaisance Public Road E.C.D","East Coast Demerara Road (From Georgetown)","-58.0833","6.8167",,,12/26/2009 0:00:00,12/30/1899 23:50:00,"B- Serious Injury","F- Driver",50.00,"Male","M- Hire Cars","S- Driver's Negligence",2.00
3608,15499.00,"4- Demerara- Mahaica",446,"Vryheid Lust Public Road E.C.D","East Coast Demerara Road (From Georgetown)","-58.0833","6.8167",,,12/31/2009 0:00:00,12/30/1899 20:50:00,"B- Serious Injury","F- Driver",24.00,"Male","K- Private Cars;W-Pedal Cycle","P- Speeding",2.00
3609,15500.00,"4- Demerara- Mahaica",,"Public Road E.C.D","East Coast Demerara Road (From Georgetown)",,,,,4/1/2009 0:00:00,12/30/1899 12:00:00,"C- Minor Injury;D- Property Damage","F- Driver",53.00,"Male","J- Minibus;K- Private Cars","P- Speeding;R- Improper Overtaking",2.00
3610,15501.00,"4- Demerara- Mahaica",445,"Better Hope Public Road E.C.D","East Coast Demerara Road (From Georgetown)","-58.0833","6.8167",,,1/5/2010 0:00:00,12/30/1899 8:30:00,"B- Serious Injury","F- Driver",74.00,"Female","M- Hire Cars;W-Pedal Cycle","P- Speeding;T-Pedestrian's Negligence",2.00
3611,15502.00,"4- Demerara- Mahaica",451,"Happy Acre Public Road E.C.D","East Coast Demerara Road (From Georgetown)","-58.0833","6.8167",,,1/9/2010 0:00:00,12/30/1899 16:00:00,"D- Property Damage","F- Driver",42.00,"Male","J- Minibus;L- Lorries Van","P- Speeding;S- Driver's Negligence",2.00
3612,15503.00,"4- Demerara- Mahaica",451,"Happy Acre Public Road E.C.D","East Coast Demerara Road (From Georgetown)","-58.0833","6.8167",,,1/13/2010 0:00:00,12/30/1899 8:30:00,"C- Minor Injury","F- Driver",51.00,"Female","L- Lorries Van;V-Motor Cycle","U- Cyclist's Negligence",2.00
3613,15504.00,"4- Demerara- Mahaica",449,"Atlantic Ville Public Road E.C.D","East Coast Demerara Road (From Georgetown)","-58.0833","6.8167",,,1/13/2010 0:00:00,12/30/1899 19:20:00,"C- Minor Injury","F- Driver",38.00,"Female","L- Lorries Van","O- Lost Control & Runoff;P- Speeding;S- Driver's Negligence",2.00
3614,15505.00,"4- Demerara- Mahaica",432,"Turkeyen Public Road E.C.D","East Coast Demerara Road (From Georgetown)","-58.1167","6.8167",,,1/16/2010 0:00:00,12/30/1899 3:00:00,"D- Property Damage","F- Driver",43.00,"Male","K- Private Cars;L- Lorries Van","R- Improper Overtaking",2.00
3615,15506.00,"4- Demerara- Mahaica",437,"Industry Public Road E.C.D","East Coast Demerara Road (From Georgetown)","-57.4333","6.3000",,,1/19/2010 0:00:00,12/30/1899 13:50:00,"C- Minor Injury","F- Driver",49.00,"Male","K- Private Cars","Y-Animal",1.00
3616,15507.00,"4- Demerara- Mahaica",444,"Plaisance Public Road E.C.D","East Coast Demerara Road (From Georgetown)","-58.0833","6.8167",,,1/13/2010 0:00:00,12/30/1899 16:15:00,"D- Property Damage","F- Driver",,"Male","J- Minibus","P- Speeding",2.00
3617,15508.00,"4- Demerara- Mahaica",437,"Industry Public Road E.C.D","East Coast Demerara Road (From Georgetown)","-57.4333","6.3000",,,2/7/2010 0:00:00,12/30/1899 21:45:00,"D- Property Damage","F- Driver",61.00,"Male","K- Private Cars","S- Driver's Negligence",2.00
3618,15509.00,"4- Demerara- Mahaica",452,"Le Ressouvenir Railway E.C.D","East Coast Demerara Road (From Georgetown)","-58.0833","6.8167",,,2/5/2010 0:00:00,12/30/1899 9:30:00,"B- Serious Injury;D- Property Damage","F- Driver",57.00,"Male","K- Private Cars;V-Motor Cycle","S- Driver's Negligence;U- Cyclist's Negligence",3.00
3619,15510.00,"4- Demerara- Mahaica",450,"Felicity Public Road E.C.D","East Coast Demerara Road (From Georgetown)","-58.0833","6.8167",,,2/17/2010 0:00:00,12/30/1899 15:45:00,"D- Property Damage","F- Driver",43.00,"Male","J- Minibus;K- Private Cars","Y-Animal",2.00
3620,15511.00,"4- Demerara- Mahaica",439,"Ogle Railway Embankment E.C.D","East Coast Demerara Road (From Georgetown)","-58.1000","6.8167",,,2/17/2010 0:00:00,12/30/1899 16:00:00,"B- Serious Injury","F- Driver",23.00,"Female","K- Private Cars;M- Hire Cars","P- Speeding;R- Improper Overtaking;S- Driver's Negligence",3.00
3621,15512.00,"4- Demerara- Mahaica",449,"Atlantic Garden Road E.C.D","East Coast Demerara Road (From Georgetown)","-58.0833","6.8167",,,2/18/2010 0:00:00,12/30/1899 17:40:00,"C- Minor Injury;D- Property Damage","F- Driver",32.00,"Female","K- Private Cars","P- Speeding;R- Improper Overtaking",2.00
3622,15513.00,"4- Demerara- Mahaica",444,"Plaisance Public Road E.C.D","East Coast Demerara Road (From Georgetown)","-58.0833","6.8167",,,2/18/2010 0:00:00,12/30/1899 16:10:00,"D- Property Damage","E- Pedestrian",,"Male","K- Private Cars","P- Speeding;S- Driver's Negligence",2.00
3623,15514.00,"4- Demerara- Mahaica",427,"Bel Air Public Road E.C.D","East Coast Demerara Road (From Georgetown)","-58.1500","6.8167",,,3/7/2010 0:00:00,12/30/1899 11:00:00,"C- Minor Injury","F- Driver",20.00,"Male","K- Private Cars;W-Pedal Cycle","P- Speeding;R- Improper Overtaking",2.00
3624,15515.00,"4- Demerara- Mahaica",439,"Ogle Railway Embankmet E.C.D","East Coast Demerara Road (From Georgetown)","-58.1000","6.8167",,,3/5/2010 0:00:00,12/30/1899 20:40:00,"D- Property Damage","G- Rider",,"Male","J- Minibus;W-Pedal Cycle","U- Cyclist's Negligence",2.00
3625,15516.00,"4- Demerara- Mahaica",437,"Industry Railway Embankment E.C.D","East Coast Demerara Road (From Georgetown)","-57.4333","6.3000",,,3/12/2010 0:00:00,12/30/1899 1:00:00,"D- Property Damage","F- Driver",22.00,"Male","K- Private Cars","O- Lost Control & Runoff;P- Speeding",1.00
3626,15517.00,"4- Demerara- Mahaica",430,"Liliendaal Railway Embankment E.C.D","East Coast Demerara Road (From Georgetown)","-58.1167","6.8167",,,3/11/2010 0:00:00,12/30/1899 21:30:00,"C- Minor Injury;D- Property Damage","F- Driver",22.00,"Male","J- Minibus;K- Private Cars","Y-Animal",2.00
3627,15518.00,"4- Demerara- Mahaica",439,"Ogle Public Road E.C.D","East Coast Demerara Road (From Georgetown)","-58.1000","6.8167",,,3/28/2010 0:00:00,12/30/1899 4:20:00,"C- Minor Injury;D- Property Damage","F- Driver",,"Male","K- Private Cars;L- Lorries Van","O- Lost Control & Runoff;P- Speeding",2.00
3628,15519.00,"4- Demerara- Mahaica",444,"Plaisance Public Road E.C.D","East Coast Demerara Road (From Georgetown)","-58.0833","6.8167",,,4/14/2010 0:00:00,12/30/1899 16:30:00,"D- Property Damage","F- Driver",22.00,"Male","J- Minibus;L- Lorries Van","P- Speeding",2.00
3629,15520.00,"4- Demerara- Mahaica",427,"Bel Air Public Road E.C.D","East Coast Demerara Road (From Georgetown)","-58.1500","6.8167",,,4/17/2010 0:00:00,12/30/1899 21:10:00,"D- Property Damage","F- Driver",20.00,"Male","L- Lorries Van","Y-Animal",1.00
3630,15521.00,"4- Demerara- Mahaica",432,"Turkeyen Railway Embankment E.C.D","East Coast Demerara Road (From Georgetown)","-58.1167","6.8167",,,4/23/2010 0:00:00,12/30/1899 19:40:00,"C- Minor Injury","F- Driver",48.00,"Male","K- Private Cars;N- Pickup","P- Speeding;S- Driver's Negligence",2.00
3631,15522.00,"4- Demerara- Mahaica",445,"Better Hope Public Road E.C.D","East Coast Demerara Road (From Georgetown)","-58.0833","6.8167",,,4/27/2010 0:00:00,12/30/1899 19:00:00,"B- Serious Injury","F- Driver",55.00,"Male","K- Private Cars","T-Pedestrian's Negligence",2.00
3632,15523.00,"4- Demerara- Mahaica",443,"Sparendaam Public Road E.C.D","East Coast Demerara Road (From Georgetown)","-58.1000","6.8167",,,4/28/2010 0:00:00,12/30/1899 2:40:00,"B- Serious Injury;D- Property Damage","F- Driver",43.00,"Male","N- Pickup","O- Lost Control & Runoff;P- Speeding",1.00
3633,15524.00,"4- Demerara- Mahaica",434,"UG Access Road E.C.D","East Coast Demerara Road (From Georgetown)","-58.1167","6.8167",,,4/22/2010 0:00:00,12/30/1899 15:00:00,"C- Minor Injury","F- Driver",48.00,"Female","J- Minibus;K- Private Cars","S- Driver's Negligence",2.00
3634,15525.00,"4- Demerara- Mahaica",446,"Vryheids Lust Access Road E.C.D","East Coast Demerara Road (From Georgetown)","-58.0833","6.8167",,,4/28/2010 0:00:00,12/30/1899 9:15:00,"C- Minor Injury","F- Driver",58.00,"Male","J- Minibus;N- Pickup","P- Speeding;R- Improper Overtaking;S- Driver's Negligence",2.00
3635,15526.00,"4- Demerara- Mahaica",439,"Ogle Public Road E.C.D","East Coast Demerara Road (From Georgetown)","-58.1000","6.8167",,,5/3/2010 0:00:00,12/30/1899 19:00:00,"C- Minor Injury","F- Driver",33.00,"Male","K- Private Cars;M- Hire Cars","S- Driver's Negligence",1.00
3636,15527.00,"4- Demerara- Mahaica",443,"Sparendaam Public Road E.C.D","East Coast Demerara Road (From Georgetown)","-58.1000","6.8167",,,5/3/2010 0:00:00,12/30/1899 20:15:00,"C- Minor Injury;D- Property Damage","F- Driver",24.00,"Male","K- Private Cars;N- Pickup","P- Speeding",2.00
3637,15528.00,"4- Demerara- Mahaica",452,"Le Ressouvenir Public Road E.C.D","East Coast Demerara Road (From Georgetown)","-58.0833","6.8167",,,5/3/2010 0:00:00,12/30/1899 12:00:00,"C- Minor Injury","F- Driver",34.00,"Male","J- Minibus;W-Pedal Cycle","U- Cyclist's Negligence",2.00
3638,15529.00,"4- Demerara- Mahaica",429,"Dennis Street and B Field Access Road E.C.D","East Coast Demerara Road (From Georgetown)","-58.1167","6.8167",,,5/8/2010 0:00:00,12/30/1899 19:30:00,"A- Fatal","F- Driver",39.00,"Male","J- Minibus;V-Motor Cycle","P- Speeding;R- Improper Overtaking;S- Driver's Negligence",2.00
3639,15530.00,"4- Demerara- Mahaica",430,"Liliendaal Railway Embankment E.C.D","East Coast Demerara Road (From Georgetown)","-58.1167","6.8167",,,5/8/2010 0:00:00,12/30/1899 19:15:00,"B- Serious Injury","F- Driver",50.00,"Male","K- Private Cars","S- Driver's Negligence;T-Pedestrian's Negligence",2.00
3640,15531.00,"4- Demerara- Mahaica",439,"Ogle Railway Embankment E.C.D","East Coast Demerara Road (From Georgetown)","-58.1000","6.8167",,,5/9/2010 0:00:00,12/30/1899 10:25:00,"B- Serious Injury","F- Driver",41.00,"Male","K- Private Cars;W-Pedal Cycle","U- Cyclist's Negligence",2.00
3641,15532.00,"4- Demerara- Mahaica",445,"Better Hope Pubic Road E.C.D","East Coast Demerara Road (From Georgetown)","-58.0833","6.8167",,,5/14/2010 0:00:00,12/30/1899 17:30:00,"B- Serious Injury","F- Driver",57.00,"Male","K- Private Cars","T-Pedestrian's Negligence",2.00
3642,15533.00,"4- Demerara- Mahaica",439,"Ogle Railway Embankment E.C.D","East Coast Demerara Road (From Georgetown)","-58.1000","6.8167",,,5/20/2010 0:00:00,12/30/1899 17:00:00,"B- Serious Injury","G- Rider",52.00,"Male","V-Motor Cycle","P- Speeding",2.00
3643,15534.00,"4- Demerara- Mahaica",450,"Felicity Public  Road E.C.D","East Coast Demerara Road (From Georgetown)","-58.0833","6.8167",,,6/2/2010 0:00:00,12/30/1899 19:30:00,"C- Minor Injury","F- Driver",62.00,"Male","K- Private Cars","S- Driver's Negligence;T-Pedestrian's Negligence",2.00
3644,15535.00,"4- Demerara- Mahaica",429,"B Field Access Road E.C.D","East Coast Demerara Road (From Georgetown)","-58.1167","6.8167",,,6/4/2010 0:00:00,12/30/1899 17:00:00,"B- Serious Injury","F- Driver",39.00,"Male","L- Lorries Van","S- Driver's Negligence",2.00
3645,15536.00,"4- Demerara- Mahaica",445,"Better Hope E.C.D","East Coast Demerara Road (From Georgetown)","-58.0833","6.8167",,,6/7/2010 0:00:00,12/30/1899 0:12:00,"D- Property Damage","F- Driver",21.00,"Male","K- Private Cars;L- Lorries Van","P- Speeding",2.00