"ID","Accident ID","Region Number","Corridor ID","Location (Intersection/Road/Street)","Corridor","Location- longitude/ X","Location- latitude/  Y","Mile Marker","Village","Date of Accident","Time of Accident","Type of Accident","Class of Road User","Age/DOB","Gender","Class of Vehicles Involved","Contributing Factor","Number of Persons Involved"
3646,15537.00,"4- Demerara- Mahaica",434,"UG Access Road E.C.D","East Coast Demerara Road (From Georgetown)","-58.1167","6.8167",,,6/17/2010 0:00:00,12/30/1899 15:30:00,"C- Minor Injury","F- Driver",28.00,"Male","K- Private Cars;W-Pedal Cycle","S- Driver's Negligence;T-Pedestrian's Negligence",2.00
3647,15538.00,"4- Demerara- Mahaica",450,"Felicity Railway Embankment E.C.D","East Coast Demerara Road (From Georgetown)","-58.0833","6.8167",,,6/29/2010 0:00:00,12/30/1899 14:30:00,"D- Property Damage","F- Driver",21.00,"Male","K- Private Cars","S- Driver's Negligence",2.00
3648,15539.00,"4- Demerara- Mahaica",445,"Better Hope Railway Embankment E.C.D","East Coast Demerara Road (From Georgetown)","-58.0833","6.8167",,,6/6/2010 0:00:00,12/30/1899 18:50:00,"D- Property Damage","F- Driver",20.00,"Male","L- Lorries Van","Y-Animal",1.00
3649,15540.00,"4- Demerara- Mahaica",437,"Industry Railway Embankment E.C.D","East Coast Demerara Road (From Georgetown)","-57.4333","6.3000",,,7/4/2010 0:00:00,12/30/1899 8:00:00,"A- Fatal","F- Driver",59.00,"Male","K- Private Cars;W-Pedal Cycle","P- Speeding;U- Cyclist's Negligence",2.00
3650,15541.00,"4- Demerara- Mahaica",448,"Montrose Public Road E.C.D","East Coast Demerara Road (From Georgetown)","-58.0833","6.8167",,,7/24/2010 0:00:00,12/30/1899 23:15:00,"C- Minor Injury","F- Driver",31.00,"Male","K- Private Cars;L- Lorries Van","P- Speeding",2.00
3651,15542.00,"4- Demerara- Mahaica",446,"Vryheids Lust Public Road E.C.D","East Coast Demerara Road (From Georgetown)","-58.0833","6.8167",,,7/31/2010 0:00:00,12/30/1899 3:54:00,"A- Fatal","F- Driver",46.00,"Male","K- Private Cars;L- Lorries Van","O- Lost Control & Runoff;P- Speeding;S- Driver's Negligence",2.00
3652,15543.00,"4- Demerara- Mahaica",429,"Corner of C Field and Dennis Street  Sophia E.C.D","East Coast Demerara Road (From Georgetown)","-58.1167","6.8167",,,7/11/2010 0:00:00,12/30/1899 1:50:00,"B- Serious Injury","F- Driver",22.00,"Male","V-Motor Cycle","P- Speeding",2.00
3653,15544.00,"4- Demerara- Mahaica",430,"Liliendaal Public Road E.C.D","East Coast Demerara Road (From Georgetown)","-58.1167","6.8167",,,7/27/2010 0:00:00,12/30/1899 6:45:00,"D- Property Damage","F- Driver",22.00,"Male","J- Minibus;K- Private Cars","P- Speeding;R- Improper Overtaking",2.00
3654,15545.00,"4- Demerara- Mahaica",432,"Turkeyen Public Road E.C.D","East Coast Demerara Road (From Georgetown)","-58.1167","6.8167",,,8/1/2010 0:00:00,12/30/1899 17:00:00,"C- Minor Injury","F- Driver",33.00,"Male","J- Minibus;K- Private Cars","R- Improper Overtaking",2.00
3655,15546.00,"4- Demerara- Mahaica",444,"Plaisance Public Road E.C.D","East Coast Demerara Road (From Georgetown)","-58.0833","6.8167",,,8/9/2010 0:00:00,12/30/1899 20:30:00,"B- Serious Injury","F- Driver",40.00,"Female","M- Hire Cars","O- Lost Control & Runoff",2.00
3656,15547.00,"4- Demerara- Mahaica",445,"Better Hope Public Road E.C.D","East Coast Demerara Road (From Georgetown)","-58.0833","6.8167",,,8/19/2010 0:00:00,12/30/1899 12:00:00,"B- Serious Injury","F- Driver",29.00,"Female","K- Private Cars","P- Speeding;Y-Animal",2.00
3657,15548.00,"4- Demerara- Mahaica",432,"Turkeyen Public Road E.C.D","East Coast Demerara Road (From Georgetown)","-58.1167","6.8167",,,8/20/2010 0:00:00,12/30/1899 17:00:00,"D- Property Damage","F- Driver",37.00,"Male","K- Private Cars;L- Lorries Van","R- Improper Overtaking",2.00
3658,15549.00,"4- Demerara- Mahaica",430,"Liliendaal Railway Embankment E.C.D","East Coast Demerara Road (From Georgetown)","-58.1167","6.8167",,,9/5/2010 0:00:00,12/30/1899 0:00:00,"B- Serious Injury","F- Driver",27.00,"Male","N- Pickup;V-Motor Cycle","P- Speeding;S- Driver's Negligence",2.00
3659,15550.00,"4- Demerara- Mahaica",432,"Turkeyen Railway Embankment E.C.D","East Coast Demerara Road (From Georgetown)","-58.1167","6.8167",,,9/1/2010 0:00:00,12/30/1899 18:00:00,"D- Property Damage","F- Driver",48.00,"Male","K- Private Cars","O- Lost Control & Runoff;P- Speeding",3.00
3660,15551.00,"4- Demerara- Mahaica",446,"Vryheid Lust Public Road E.C.D","East Coast Demerara Road (From Georgetown)","-58.0833","6.8167",,,9/23/2010 0:00:00,12/30/1899 10:00:00,"D- Property Damage","F- Driver",68.00,"Male","K- Private Cars;L- Lorries Van","O- Lost Control & Runoff;P- Speeding;S- Driver's Negligence",3.00
3661,15552.00,"4- Demerara- Mahaica",430,"Liliendaal Railway Embankment e.C.D","East Coast Demerara Road (From Georgetown)","-58.1167","6.8167",,,9/20/2010 0:00:00,12/30/1899 18:30:00,"C- Minor Injury","F- Driver",34.00,"Female","M- Hire Cars;V-Motor Cycle","Y-Animal",2.00
3662,15553.00,"4- Demerara- Mahaica",446,"Vryheid Lust Railway Embankment E.C.D","East Coast Demerara Road (From Georgetown)","-58.0833","6.8167",,,9/28/2010 0:00:00,12/30/1899 7:40:00,"B- Serious Injury","F- Driver",25.00,"Male","N- Pickup","P- Speeding",2.00
3663,15554.00,"4- Demerara- Mahaica",452,"Le Ressouvenir Public Road E.C.D","East Coast Demerara Road (From Georgetown)","-58.0833","6.8167",,,9/28/2010 0:00:00,12/30/1899 17:45:00,"B- Serious Injury","F- Driver",29.00,"Male","V-Motor Cycle;W-Pedal Cycle;X-Tractor","P- Speeding;S- Driver's Negligence;U- Cyclist's Negligence",3.00
3664,15555.00,"4- Demerara- Mahaica",439,"Ogle Railway Embankment E.C.D","East Coast Demerara Road (From Georgetown)","-58.1000","6.8167",,,9/30/2010 0:00:00,12/30/1899 17:00:00,"D- Property Damage","F- Driver",20.00,"Male","K- Private Cars;V-Motor Cycle","S- Driver's Negligence",2.00
3665,15556.00,"4- Demerara- Mahaica",432,"Turkeyen Public Road E.C.D","East Coast Demerara Road (From Georgetown)","-58.1167","6.8167",,,10/17/2010 0:00:00,12/30/1899 14:00:00,"D- Property Damage","F- Driver",39.00,"Male","K- Private Cars;L- Lorries Van","O- Lost Control & Runoff;P- Speeding",2.00
3666,15557.00,"4- Demerara- Mahaica",434,"Cummings Lodge Railway embankment E.C.D","East Coast Demerara Road (From Georgetown)","-58.1167","6.8167",,,10/17/2010 0:00:00,12/30/1899 21:45:00,"A- Fatal","F- Driver",40.00,"Male","M- Hire Cars;V-Motor Cycle","O- Lost Control & Runoff;P- Speeding",2.00
3667,15558.00,"4- Demerara- Mahaica",448,"Montrose Public Road E.C.D","East Coast Demerara Road (From Georgetown)","-58.0833","6.8167",,,10/30/2010 0:00:00,12/30/1899 14:25:00,"D- Property Damage","F- Driver",33.00,"Male","J- Minibus","Y-Animal",1.00
3668,15559.00,"4- Demerara- Mahaica",444,"Plaisance Public Road E.C.D","East Coast Demerara Road (From Georgetown)","-58.0833","6.8167",,,11/11/2010 0:00:00,12/30/1899 20:30:00,"D- Property Damage","F- Driver",32.00,"Male","J- Minibus;K- Private Cars","P- Speeding;S- Driver's Negligence",2.00
3669,15560.00,"4- Demerara- Mahaica",432,"Turkeyen Public Road E.C.D","East Coast Demerara Road (From Georgetown)","-58.1167","6.8167",,,11/12/2010 0:00:00,12/30/1899 21:15:00,"C- Minor Injury","F- Driver",33.00,"Male","N- Pickup;V-Motor Cycle","P- Speeding",2.00
3670,15561.00,"4- Demerara- Mahaica",429,"A Field Access Road Sophia E.C.D","East Coast Demerara Road (From Georgetown)","-58.1167","6.8167",,,11/13/2010 0:00:00,12/30/1899 19:15:00,"D- Property Damage","F- Driver",28.00,"Male","K- Private Cars","O- Lost Control & Runoff",1.00
3671,15562.00,"4- Demerara- Mahaica",429,"B Field Access Road Sophia E.C.D","East Coast Demerara Road (From Georgetown)","-58.1167","6.8167",,,11/4/2010 0:00:00,12/30/1899 17:30:00,"B- Serious Injury","F- Driver",41.00,"Male","M- Hire Cars","T-Pedestrian's Negligence",2.00
3672,15563.00,"4- Demerara- Mahaica",430,"Liliendaal Railway Embankment E.C.D","East Coast Demerara Road (From Georgetown)","-58.1167","6.8167",,,11/15/2010 0:00:00,12/30/1899 16:45:00,"B- Serious Injury","F- Driver",31.00,"Male","J- Minibus;V-Motor Cycle","R- Improper Overtaking;S- Driver's Negligence",2.00
3673,15564.00,"4- Demerara- Mahaica",445,"Better HopePublic Road E.C.D","East Coast Demerara Road (From Georgetown)","-58.0833","6.8167",,,11/17/2010 0:00:00,12/30/1899 17:20:00,"B- Serious Injury","G- Rider",38.00,"Male","V-Motor Cycle;W-Pedal Cycle","P- Speeding",2.00
3674,15565.00,"4- Demerara- Mahaica",445,"Better Hope Public Road E.C.D","East Coast Demerara Road (From Georgetown)","-58.0833","6.8167",,,11/27/2010 0:00:00,12/30/1899 20:45:00,"D- Property Damage","F- Driver",48.00,"Male","K- Private Cars","P- Speeding;R- Improper Overtaking",2.00
3675,15566.00,"4- Demerara- Mahaica",429,"Dennis Street Sophia E.C.D","East Coast Demerara Road (From Georgetown)","-58.1167","6.8167",,,11/24/2010 0:00:00,12/30/1899 16:15:00,"C- Minor Injury","F- Driver",,"Male","L- Lorries Van","P- Speeding;T-Pedestrian's Negligence",2.00
3676,15567.00,"4- Demerara- Mahaica",432,"Turkeyen Public Road E.C.D","East Coast Demerara Road (From Georgetown)","-58.1167","6.8167",,,12/8/2010 0:00:00,12/30/1899 5:10:00,"A- Fatal","F- Driver",43.00,"Male","L- Lorries Van","O- Lost Control & Runoff;P- Speeding;R- Improper Overtaking;S- Driver's Negligence",2.00
3677,15568.00,"4- Demerara- Mahaica",448,"Montrose Railway Embankment Road E.C.D","East Coast Demerara Road (From Georgetown)","-58.0833","6.8167",,,12/12/2010 0:00:00,,"D- Property Damage","F- Driver",,"Male","K- Private Cars;N- Pickup","O- Lost Control & Runoff;P- Speeding",2.00
3678,15569.00,"4- Demerara- Mahaica",430,"Liliendaal Public Road E.C.D","East Coast Demerara Road (From Georgetown)","-58.1167","6.8167",,,12/14/2010 0:00:00,12/30/1899 8:20:00,"A- Fatal","F- Driver",48.00,"Male","K- Private Cars","P- Speeding;T-Pedestrian's Negligence",2.00
3679,15570.00,"4- Demerara- Mahaica",444,"Plaisance Public Road E.C.D","East Coast Demerara Road (From Georgetown)","-58.0833","6.8167",,,12/16/2010 0:00:00,12/30/1899 8:15:00,"C- Minor Injury","F- Driver",20.00,"Male","K- Private Cars","S- Driver's Negligence",2.00
3680,15571.00,"4- Demerara- Mahaica",452,"Le Ressouvenir Railway Embankment E.C.D","East Coast Demerara Road (From Georgetown)","-58.0833","6.8167",,,12/19/2010 0:00:00,12/30/1899 19:15:00,"C- Minor Injury","F- Driver",39.00,"Male","M- Hire Cars;W-Pedal Cycle","T-Pedestrian's Negligence",2.00
3681,15572.00,"4- Demerara- Mahaica",490,"Victoria Road Plaisance","East Coast Demerara Road (From Georgetown)","-57.9667","6.7500",,,12/20/2010 0:00:00,12/30/1899 20:40:00,"D- Property Damage","F- Driver",29.00,"Male","K- Private Cars;N- Pickup","S- Driver's Negligence",2.00
3682,15573.00,"4- Demerara- Mahaica",437,"Industry Railway Embankment E.C.D","East Coast Demerara Road (From Georgetown)","-57.4333","6.3000",,,12/18/2010 0:00:00,12/30/1899 20:30:00,"B- Serious Injury","F- Driver",59.00,"Male","M- Hire Cars","S- Driver's Negligence;T-Pedestrian's Negligence",2.00
3683,15574.00,"4- Demerara- Mahaica",430,"Liliendaal Public Road E.C.D","East Coast Demerara Road (From Georgetown)","-58.1167","6.8167",,,12/20/2010 0:00:00,12/30/1899 18:30:00,"B- Serious Injury","F- Driver",43.00,"Male","K- Private Cars","S- Driver's Negligence;Y-Animal",2.00
3684,15575.00,"4- Demerara- Mahaica",434,"UG Road Turkeyen E.C.D","East Coast Demerara Road (From Georgetown)","-58.1167","6.8167",,,12/26/2010 0:00:00,12/30/1899 21:00:00,"D- Property Damage","F- Driver",,"Male","L- Lorries Van","S- Driver's Negligence",2.00
3685,15576.00,"4- Demerara- Mahaica",451,"Happy Acres Public Road E.C.D","East Coast Demerara Road (From Georgetown)","-58.0833","6.8167",,,12/24/2010 0:00:00,12/30/1899 7:30:00,"D- Property Damage","F- Driver",23.00,"Male","N- Pickup;V-Motor Cycle","S- Driver's Negligence;U- Cyclist's Negligence",2.00
3686,15577.00,"4- Demerara- Mahaica",432,"Turkeyen Public Road E.C.D","East Coast Demerara Road (From Georgetown)","-58.1167","6.8167",,,12/27/2010 0:00:00,12/30/1899 14:50:00,"C- Minor Injury","F- Driver",,"Male","K- Private Cars","P- Speeding;S- Driver's Negligence",2.00
3687,15578.00,"4- Demerara- Mahaica",432,"Turkeyen Public Road E.C.D","East Coast Demerara Road (From Georgetown)","-58.1167","6.8167",,,12/22/2010 0:00:00,12/30/1899 16:00:00,"B- Serious Injury","F- Driver",32.00,"Male","J- Minibus","P- Speeding;S- Driver's Negligence",2.00
3688,15579.00,"4- Demerara- Mahaica",443,"Sparendaam Public Road E.C.D","East Coast Demerara Road (From Georgetown)","-58.1000","6.8167",,,12/16/2010 0:00:00,12/30/1899 4:05:00,"D- Property Damage","F- Driver",26.00,"Male","K- Private Cars;L- Lorries Van","S- Driver's Negligence",2.00
3689,15580.00,"4- Demerara- Mahaica",434,"Cummings Lodge Railway Embankment E.C.D","East Coast Demerara Road (From Georgetown)","-58.1167","6.8167",,,12/27/2010 0:00:00,12/30/1899 1:30:00,"D- Property Damage","F- Driver",35.00,"Male","K- Private Cars","S- Driver's Negligence",2.00
3690,15581.00,"4- Demerara- Mahaica",451,"Happy Acres Public Road E.C.D","East Coast Demerara Road (From Georgetown)","-58.0833","6.8167",,,9/7/2011 0:00:00,12/30/1899 8:00:00,"B- Serious Injury","F- Driver",28.00,"Male","K- Private Cars;V-Motor Cycle","R- Improper Overtaking",2.00
3691,15582.00,"4- Demerara- Mahaica",439,"Ogle Railway Embankment E.C.D","East Coast Demerara Road (From Georgetown)","-58.1000","6.8167",,,9/20/2011 0:00:00,12/30/1899 8:30:00,"C- Minor Injury","F- Driver",28.00,"Male","K- Private Cars;V-Motor Cycle","S- Driver's Negligence",2.00
3692,15583.00,"4- Demerara- Mahaica",445,"Better Hope Public Road E.C.D","East Coast Demerara Road (From Georgetown)","-58.0833","6.8167",,,10/9/2011 0:00:00,12/30/1899 19:10:00,"C- Minor Injury","F- Driver",51.00,"Male","K- Private Cars;M- Hire Cars","R- Improper Overtaking",2.00
3693,15584.00,"4- Demerara- Mahaica",445,"Better Hope Public Road E.C.D","East Coast Demerara Road (From Georgetown)","-58.0833","6.8167",,,10/19/2011 0:00:00,12/30/1899 18:00:00,"D- Property Damage","F- Driver",,"Male","J- Minibus;K- Private Cars","S- Driver's Negligence",2.00
3694,15585.00,"4- Demerara- Mahaica",451,"Happy Acres Public Road E.C.D","East Coast Demerara Road (From Georgetown)","-58.0833","6.8167",,,10/23/2011 0:00:00,12/30/1899 3:30:00,"C- Minor Injury","F- Driver",30.00,"Male","J- Minibus","S- Driver's Negligence",2.00
3695,15586.00,"4- Demerara- Mahaica",442,"Goedverwagting Public Road E.C.D","East Coast Demerara Road (From Georgetown)","-58.1000","6.8167",,,10/26/2011 0:00:00,12/30/1899 19:45:00,"D- Property Damage","F- Driver",39.00,"Male","L- Lorries Van;N- Pickup","R- Improper Overtaking",2.00
3696,15587.00,"4- Demerara- Mahaica",434,"Cummings Lodge Railway Embankment E.C.D","East Coast Demerara Road (From Georgetown)","-58.1167","6.8167",,,10/31/2011 0:00:00,12/30/1899 8:15:00,"D- Property Damage","F- Driver",50.00,"Female","K- Private Cars;M- Hire Cars","O- Lost Control & Runoff",2.00
3697,15588.00,"4- Demerara- Mahaica",437,"Industry Railway Embankment E.C.D","East Coast Demerara Road (From Georgetown)","-57.4333","6.3000",,,11/9/2011 0:00:00,12/30/1899 10:00:00,"D- Property Damage","F- Driver",,"Male","K- Private Cars;L- Lorries Van","P- Speeding",2.00
3698,15589.00,"4- Demerara- Mahaica",490,"Victoria Road Plaisance E.C.D","East Coast Demerara Road (From Georgetown)","-57.9667","6.7500",,,11/19/2011 0:00:00,12/30/1899 19:30:00,"D- Property Damage","F- Driver",,"Male","K- Private Cars;M- Hire Cars","S- Driver's Negligence",2.00
3699,15590.00,"4- Demerara- Mahaica",446,"Vryheid Lust Public Road E.C.D","East Coast Demerara Road (From Georgetown)","-58.0833","6.8167",,,11/19/2011 0:00:00,12/30/1899 23:30:00,"D- Property Damage","F- Driver",50.00,"Male","K- Private Cars","O- Lost Control & Runoff",2.00
3700,15591.00,"4- Demerara- Mahaica",446,"Vryheid Lust Public Road E.C.D","East Coast Demerara Road (From Georgetown)","-58.0833","6.8167",,,11/20/2011 0:00:00,12/30/1899 3:30:00,"B- Serious Injury","F- Driver",27.00,"Male","K- Private Cars","S- Driver's Negligence",2.00
3701,15592.00,"4- Demerara- Mahaica",439,"Ogle Public Road E.C.D","East Coast Demerara Road (From Georgetown)","-58.1000","6.8167",,,11/20/2011 0:00:00,12/30/1899 19:30:00,"D- Property Damage","F- Driver",36.00,"Male","L- Lorries Van","O- Lost Control & Runoff",1.00
3702,15593.00,"4- Demerara- Mahaica",437,"Industry Access Road E.C.D","East Coast Demerara Road (From Georgetown)","-57.4333","6.3000",,,11/29/2011 0:00:00,12/30/1899 19:50:00,"C- Minor Injury","F- Driver",30.00,"Male","K- Private Cars;V-Motor Cycle","P- Speeding",2.00
3703,15594.00,"4- Demerara- Mahaica",432,"Turkeyen Railway Embankment E.C.D","East Coast Demerara Road (From Georgetown)","-58.1167","6.8167",,,11/26/2011 0:00:00,12/30/1899 8:30:00,"D- Property Damage","F- Driver",42.00,"Male","J- Minibus;K- Private Cars","S- Driver's Negligence",2.00
3704,15595.00,"4- Demerara- Mahaica",427,"Bel Air Public Road E.C.D","East Coast Demerara Road (From Georgetown)","-58.1500","6.8167",,,12/7/2011 0:00:00,12/30/1899 9:20:00,"D- Property Damage","F- Driver",30.00,"Male","L- Lorries Van;M- Hire Cars","S- Driver's Negligence",2.00
3705,15596.00,"4- Demerara- Mahaica",443,"Sparendaam Public Road E.C.D","East Coast Demerara Road (From Georgetown)","-58.1000","6.8167",,,12/14/2011 0:00:00,12/30/1899 15:20:00,"B- Serious Injury","F- Driver",24.00,"Male","L- Lorries Van","R- Improper Overtaking",2.00
3706,15597.00,"4- Demerara- Mahaica",432,"Turkeyen Public Road E.C.D","East Coast Demerara Road (From Georgetown)","-58.1167","6.8167",,,12/17/2011 0:00:00,12/30/1899 10:45:00,"C- Minor Injury","F- Driver",18.00,"Male","J- Minibus;K- Private Cars","R- Improper Overtaking",2.00
3707,15598.00,"4- Demerara- Mahaica",438,"Olge Ralway Embankment E.C.D","East Coast Demerara Road (From Georgetown)","-58.1000","6.8167",,,12/22/2011 0:00:00,12/30/1899 13:00:00,"D- Property Damage","F- Driver",34.00,"Male","J- Minibus;K- Private Cars;L- Lorries Van","O- Lost Control & Runoff",3.00
3708,15599.00,"4- Demerara- Mahaica",439,"Ogle Public Road E.C.D","East Coast Demerara Road (From Georgetown)","-58.1000","6.8167",,,12/23/2011 0:00:00,12/30/1899 17:30:00,"D- Property Damage","F- Driver",43.00,"Male","K- Private Cars;M- Hire Cars","R- Improper Overtaking",2.00
3709,15600.00,"4- Demerara- Mahaica",427,"Bel Air Public Road E.C.D","East Coast Demerara Road (From Georgetown)","-58.1500","6.8167",,,12/22/2011 0:00:00,12/30/1899 18:50:00,"D- Property Damage","F- Driver",24.00,"Male","J- Minibus;K- Private Cars","O- Lost Control & Runoff",2.00
3710,15601.00,"4- Demerara- Mahaica",446,"Vryheid Lust Public Road E.C.D","East Coast Demerara Road (From Georgetown)","-58.0833","6.8167",,,12/24/2011 0:00:00,12/30/1899 18:57:00,"C- Minor Injury","F- Driver",41.00,"Male","K- Private Cars;L- Lorries Van","S- Driver's Negligence",2.00
3711,15602.00,"4- Demerara- Mahaica",446,"Vryheid Lust Railway Embankment E.C.D","East Coast Demerara Road (From Georgetown)","-58.0833","6.8167",,,12/24/2011 0:00:00,12/30/1899 9:30:00,"C- Minor Injury","F- Driver",31.00,"Male","K- Private Cars;W-Pedal Cycle","U- Cyclist's Negligence",2.00
3712,15603.00,"4- Demerara- Mahaica",429,"Sophia Public Road E.C.D","East Coast Demerara Road (From Georgetown)","-58.1167","6.8167",,,12/30/2011 0:00:00,12/30/1899 20:00:00,"B- Serious Injury","F- Driver",,"Male","K- Private Cars","S- Driver's Negligence",2.00
3713,15604.00,"4- Demerara- Mahaica",429,"B Field Access Road E.C.D","East Coast Demerara Road (From Georgetown)","-58.1167","6.8167",,,12/27/2011 0:00:00,12/30/1899 18:30:00,"C- Minor Injury","F- Driver",51.00,"Male","M- Hire Cars;V-Motor Cycle","O- Lost Control & Runoff",2.00
3714,15605.00,"4- Demerara- Mahaica",430,"Liliendaal Railway Embankment E.C.D","East Coast Demerara Road (From Georgetown)","-58.1167","6.8167",,,12/29/2011 0:00:00,12/30/1899 22:40:00,"D- Property Damage","F- Driver",48.00,"Male","K- Private Cars;L- Lorries Van","S- Driver's Negligence",2.00
3715,15606.00,"4- Demerara- Mahaica",436,"Graham Hall Railway Embankment E.C.D","East Coast Demerara Road (From Georgetown)","-58.1167","6.8167",,,1/4/2012 0:00:00,12/30/1899 8:10:00,"B- Serious Injury","F- Driver",29.00,"Male","M- Hire Cars","T-Pedestrian's Negligence",2.00
3716,15607.00,"4- Demerara- Mahaica",429,"C Field Sophia Access Road E.C.D","East Coast Demerara Road (From Georgetown)","-58.1167","6.8167",,,1/4/2012 0:00:00,12/30/1899 17:30:00,"C- Minor Injury","F- Driver",47.00,"Male","J- Minibus","S- Driver's Negligence",
3717,15608.00,"4- Demerara- Mahaica",432,"Turkeyen Public Road E.C.D","East Coast Demerara Road (From Georgetown)","-58.1167","6.8167",,,1/4/2012 0:00:00,12/30/1899 20:35:00,"B- Serious Injury","F- Driver",30.00,"Male","K- Private Cars;M- Hire Cars","S- Driver's Negligence",2.00
3718,15609.00,"4- Demerara- Mahaica",451,"Happy Acres Public Road E.C.D","East Coast Demerara Road (From Georgetown)","-58.0833","6.8167",,,1/7/2012 0:00:00,12/30/1899 9:30:00,"D- Property Damage","F- Driver",25.00,"Male","K- Private Cars","S- Driver's Negligence",2.00
3719,15610.00,"4- Demerara- Mahaica",432,"Turkeyen Railway Embankment E.C.D","East Coast Demerara Road (From Georgetown)","-58.1167","6.8167",,,1/11/2012 0:00:00,12/30/1899 7:30:00,"D- Property Damage","G- Rider",27.00,"Male","M- Hire Cars;V-Motor Cycle","S- Driver's Negligence",2.00
3720,15611.00,"4- Demerara- Mahaica",430,"Liliendaal Public Road E.C.D","East Coast Demerara Road (From Georgetown)","-58.1167","6.8167",,,1/12/2012 0:00:00,12/30/1899 11:30:00,"D- Property Damage","F- Driver",26.00,"Male","J- Minibus;K- Private Cars","P- Speeding",2.00
3721,15612.00,"4- Demerara- Mahaica",429,"Dennis Street Sophia E.C.D","East Coast Demerara Road (From Georgetown)","-58.1167","6.8167",,,1/15/2012 0:00:00,12/30/1899 10:30:00,"B- Serious Injury","F- Driver",29.00,"Female","L- Lorries Van","O- Lost Control & Runoff",1.00
3722,15613.00,"4- Demerara- Mahaica",445,"Better Hope Railway Embankment E.C.D","East Coast Demerara Road (From Georgetown)","-58.0833","6.8167",,,1/15/2012 0:00:00,12/30/1899 19:30:00,"B- Serious Injury","F- Driver",31.00,"Male","J- Minibus","O- Lost Control & Runoff",2.00
3723,15614.00,"4- Demerara- Mahaica",452,"Le Ressouvenir Public Road E.C.D","East Coast Demerara Road (From Georgetown)","-58.0833","6.8167",,,1/17/2012 0:00:00,12/30/1899 1:40:00,"B- Serious Injury","F- Driver",28.00,"Male","K- Private Cars","P- Speeding",2.00
3724,15615.00,"4- Demerara- Mahaica",448,"Montrose Public Road E.C.D","East Coast Demerara Road (From Georgetown)","-58.0833","6.8167",,,1/19/2012 0:00:00,12/30/1899 18:55:00,"D- Property Damage","F- Driver",50.00,"Male","K- Private Cars","S- Driver's Negligence",3.00
3725,15616.00,"4- Demerara- Mahaica",448,"Montrose Public Road E.C.D","East Coast Demerara Road (From Georgetown)","-58.0833","6.8167",,,1/23/2012 0:00:00,12/30/1899 19:00:00,"D- Property Damage","F- Driver",,"Male","K- Private Cars","P- Speeding",2.00
3726,15617.00,"4- Demerara- Mahaica",445,"Better Hope Railway Embankment E.C.D","East Coast Demerara Road (From Georgetown)","-58.0833","6.8167",,,1/26/2012 0:00:00,12/30/1899 2:30:00,"D- Property Damage","F- Driver",26.00,"Male","K- Private Cars","O- Lost Control & Runoff",1.00
3727,15618.00,"4- Demerara- Mahaica",448,"Montrose Public Road E.C.D","East Coast Demerara Road (From Georgetown)","-58.0833","6.8167",,,1/31/2012 0:00:00,12/30/1899 19:30:00,"D- Property Damage","F- Driver",34.00,"Male","K- Private Cars","T-Pedestrian's Negligence",2.00
3728,15619.00,"4- Demerara- Mahaica",452,"Le Ressouvenir Public Road E.C.D","East Coast Demerara Road (From Georgetown)","-58.0833","6.8167",,,2/4/2012 0:00:00,12/30/1899 19:00:00,"B- Serious Injury","F- Driver",25.00,"Male","M- Hire Cars;V-Motor Cycle","U- Cyclist's Negligence",2.00
3729,15620.00,"4- Demerara- Mahaica",439,"Ogle Access Road E.C.D","East Coast Demerara Road (From Georgetown)","-58.1000","6.8167",,,1/24/2012 0:00:00,12/30/1899 20:30:00,"C- Minor Injury","F- Driver",,"Male","L- Lorries Van","S- Driver's Negligence",2.00
3730,15621.00,"4- Demerara- Mahaica",429,"A Field Sophia Access Road","East Coast Demerara Road (From Georgetown)","-58.1167","6.8167",,,2/7/2012 0:00:00,12/30/1899 19:37:00,"B- Serious Injury","F- Driver",23.00,"Female","V-Motor Cycle","P- Speeding",2.00
3731,15622.00,"4- Demerara- Mahaica",430,"Liliendaal Railway Embankment E.C.D","East Coast Demerara Road (From Georgetown)","-58.1167","6.8167",,,2/12/2012 0:00:00,12/30/1899 11:20:00,"D- Property Damage","F- Driver",41.00,"Male","K- Private Cars;M- Hire Cars","P- Speeding",2.00
3732,15623.00,"4- Demerara- Mahaica",446,"Vryheid Lust Railway Embankment E.C.D","East Coast Demerara Road (From Georgetown)","-58.0833","6.8167",,,2/13/2012 0:00:00,12/30/1899 8:00:00,"C- Minor Injury","F- Driver",50.00,"Male","K- Private Cars;W-Pedal Cycle","U- Cyclist's Negligence",2.00