"ID","Accident ID","Region Number","Corridor ID","Location (Intersection/Road/Street)","Corridor","Location- longitude/ X","Location- latitude/  Y","Mile Marker","Village","Date of Accident","Time of Accident","Type of Accident","Class of Road User","Age/DOB","Gender","Class of Vehicles Involved","Contributing Factor","Number of Persons Involved"
3733,15624.00,"4- Demerara- Mahaica",445,"Better Hope Public Road E.C.D","East Coast Demerara Road (From Georgetown)","-58.0833","6.8167",,,2/22/2012 0:00:00,12/30/1899 20:00:00,"C- Minor Injury","F- Driver",,"Male","J- Minibus","S- Driver's Negligence",2.00
3734,15625.00,"4- Demerara- Mahaica",430,"Liliendaal Railway Embankment E.C.D","East Coast Demerara Road (From Georgetown)","-58.1167","6.8167",,,3/1/2012 0:00:00,12/30/1899 13:45:00,"B- Serious Injury","F- Driver",31.00,"Female","K- Private Cars;L- Lorries Van","P- Speeding",2.00
3735,15626.00,"4- Demerara- Mahaica",445,"Better Hope Public Road E.C.D","East Coast Demerara Road (From Georgetown)","-58.0833","6.8167",,,3/4/2012 0:00:00,12/30/1899 5:10:00,"D- Property Damage","F- Driver",43.00,"Male","J- Minibus","Y-Animal",1.00
3736,15627.00,"4- Demerara- Mahaica",429,"A Field Sophia Public Road E.C.D","East Coast Demerara Road (From Georgetown)","-58.1167","6.8167",,,3/7/2012 0:00:00,12/30/1899 20:00:00,"A- Fatal","G- Rider",24.00,"Male","V-Motor Cycle","P- Speeding",1.00
3737,15628.00,"4- Demerara- Mahaica",434,"Cummings Lodge Railway Embankment E.C.D","East Coast Demerara Road (From Georgetown)","-58.1167","6.8167",,,3/9/2012 0:00:00,12/30/1899 1:45:00,"B- Serious Injury","F- Driver",39.00,"Male","K- Private Cars","R- Improper Overtaking",2.00
3738,15629.00,"4- Demerara- Mahaica",430,"Liliendaal Public Road E.C.D","East Coast Demerara Road (From Georgetown)","-58.1167","6.8167",,,3/16/2012 0:00:00,12/30/1899 16:00:00,"D- Property Damage","F- Driver",39.00,"Male","J- Minibus;K- Private Cars","R- Improper Overtaking",2.00
3739,15630.00,"4- Demerara- Mahaica",446,"Vryheid Lust Public Road E.C.D","East Coast Demerara Road (From Georgetown)","-58.0833","6.8167",,,3/15/2012 0:00:00,12/30/1899 19:00:00,"D- Property Damage","F- Driver",26.00,"Male","K- Private Cars","P- Speeding",2.00
3740,15631.00,"4- Demerara- Mahaica",446,"Vryheid Lust Railway Embankment E.C.D","East Coast Demerara Road (From Georgetown)","-58.0833","6.8167",,,3/22/2012 0:00:00,12/30/1899 15:25:00,"C- Minor Injury","G- Rider",26.00,"Male","V-Motor Cycle;W-Pedal Cycle","U- Cyclist's Negligence",2.00
3741,15632.00,"4- Demerara- Mahaica",446,"Vryheid Lust Public Road E.C.D","East Coast Demerara Road (From Georgetown)","-58.0833","6.8167",,,3/29/2012 0:00:00,12/30/1899 17:25:00,"B- Serious Injury","F- Driver",34.00,"Male","K- Private Cars","P- Speeding",2.00
3742,15633.00,"4- Demerara- Mahaica",446,"Vryheid Lust Public Road E.C.D","East Coast Demerara Road (From Georgetown)","-58.0833","6.8167",,,4/7/2012 0:00:00,12/30/1899 9:30:00,"D- Property Damage","F- Driver",46.00,"Male","L- Lorries Van","S- Driver's Negligence",2.00
3743,15634.00,"4- Demerara- Mahaica",443,"Sparendaam Public Road E.C.D","East Coast Demerara Road (From Georgetown)","-58.1000","6.8167",,,4/9/2012 0:00:00,12/30/1899 23:30:00,"C- Minor Injury","F- Driver",30.00,"Male","K- Private Cars","S- Driver's Negligence",2.00
3744,15635.00,"4- Demerara- Mahaica",439,"Ogle Public Road E.C.D","East Coast Demerara Road (From Georgetown)","-58.1000","6.8167",,,4/8/2012 0:00:00,12/30/1899 4:30:00,"D- Property Damage","F- Driver",52.00,"Male","L- Lorries Van","Q- Alcohol",2.00
3745,15636.00,"4- Demerara- Mahaica",446,"Vryheid Lust Public Road E.C.D","East Coast Demerara Road (From Georgetown)","-58.0833","6.8167",,,4/12/2012 0:00:00,12/30/1899 21:15:00,"A- Fatal","F- Driver",24.00,"Male","K- Private Cars","P- Speeding",2.00
3746,15637.00,"4- Demerara- Mahaica",432,"Turkeyen Railway Embankment E.C.D","East Coast Demerara Road (From Georgetown)","-58.1167","6.8167",,,4/17/2012 0:00:00,12/30/1899 18:00:00,"D- Property Damage","F- Driver",32.00,"Male","K- Private Cars;L- Lorries Van","O- Lost Control & Runoff",2.00
3747,15638.00,"4- Demerara- Mahaica",437,"Industry Railway Embankment E.C.D","East Coast Demerara Road (From Georgetown)","-57.4333","6.3000",,,4/16/2012 0:00:00,12/30/1899 15:30:00,"C- Minor Injury","F- Driver",41.00,"Male","K- Private Cars;M- Hire Cars","R- Improper Overtaking",2.00
3748,15639.00,"4- Demerara- Mahaica",436,"Graham Hall Railway Embankment E.C.D","East Coast Demerara Road (From Georgetown)","-58.1167","6.8167",,,4/22/2012 0:00:00,12/30/1899 2:30:00,"D- Property Damage","F- Driver",30.00,"Male","K- Private Cars","O- Lost Control & Runoff",1.00
3749,15640.00,"4- Demerara- Mahaica",434,"UG Access Road E.C.D","East Coast Demerara Road (From Georgetown)","-58.1167","6.8167",,,4/26/2012 0:00:00,12/30/1899 9:30:00,"C- Minor Injury","F- Driver",63.00,"Male","J- Minibus;K- Private Cars","P- Speeding",3.00
3750,15641.00,"4- Demerara- Mahaica",434,"UG Railway Embankment E.C.D","East Coast Demerara Road (From Georgetown)","-58.1167","6.8167",,,4/30/2012 0:00:00,12/30/1899 11:00:00,"C- Minor Injury","F- Driver",19.00,"Male","K- Private Cars;V-Motor Cycle","U- Cyclist's Negligence",3.00
3751,15642.00,"4- Demerara- Mahaica",452,"Le Ressouvenir Public Road E.C.D","East Coast Demerara Road (From Georgetown)","-58.0833","6.8167",,,5/2/2012 0:00:00,12/30/1899 11:45:00,"C- Minor Injury","F- Driver",,"Male","J- Minibus;L- Lorries Van","S- Driver's Negligence",3.00
3752,15643.00,"4- Demerara- Mahaica",439,"Ogle Public Road E.C.D","East Coast Demerara Road (From Georgetown)","-58.1000","6.8167",,,5/7/2012 0:00:00,12/30/1899 17:20:00,"D- Property Damage","F- Driver",27.00,"Male","J- Minibus;K- Private Cars","R- Improper Overtaking",2.00
3753,15644.00,"4- Demerara- Mahaica",444,"Plaisance Public Road E.C.D","East Coast Demerara Road (From Georgetown)","-58.0833","6.8167",,,5/9/2012 0:00:00,12/30/1899 7:30:00,"D- Property Damage","F- Driver",28.00,"Male","K- Private Cars;L- Lorries Van","R- Improper Overtaking",2.00
3754,15645.00,"4- Demerara- Mahaica",432,"Turkeyen Public Road E.C.D","East Coast Demerara Road (From Georgetown)","-58.1167","6.8167",,,5/19/2012 0:00:00,12/30/1899 12:00:00,"C- Minor Injury","F- Driver",67.00,"Male","K- Private Cars","S- Driver's Negligence",2.00
3755,15646.00,"4- Demerara- Mahaica",439,"Ogle Public Road E.C.D","East Coast Demerara Road (From Georgetown)","-58.1000","6.8167",,,5/28/2012 0:00:00,12/30/1899 7:45:00,"D- Property Damage","F- Driver",29.00,"Male","K- Private Cars;L- Lorries Van","S- Driver's Negligence",2.00
3756,15647.00,"4- Demerara- Mahaica",430,"Liliendaal Railway Embankment E.C.D","East Coast Demerara Road (From Georgetown)","-58.1167","6.8167",,,5/27/2012 0:00:00,12/30/1899 8:00:00,"D- Property Damage","F- Driver",27.00,"Male","K- Private Cars;M- Hire Cars","O- Lost Control & Runoff",2.00
3757,15648.00,"4- Demerara- Mahaica",432,"Turkeyen Public Road E.C.D","East Coast Demerara Road (From Georgetown)","-58.1167","6.8167",,,6/2/2012 0:00:00,12/30/1899 20:30:00,"B- Serious Injury","F- Driver",28.00,"Male","J- Minibus","S- Driver's Negligence",2.00
3758,15649.00,"4- Demerara- Mahaica",446,"Vryheid Lust Public Road E.C.D","East Coast Demerara Road (From Georgetown)","-58.0833","6.8167",,,6/1/2012 0:00:00,12/30/1899 19:20:00,"A- Fatal","G- Rider",30.00,"Male","V-Motor Cycle;W-Pedal Cycle","U- Cyclist's Negligence",2.00
3759,15650.00,"4- Demerara- Mahaica",432,"Turkeyen Public Road E.C.D","East Coast Demerara Road (From Georgetown)","-58.1167","6.8167",,,6/11/2012 0:00:00,12/30/1899 10:00:00,"D- Property Damage","F- Driver",39.00,"Male","J- Minibus;M- Hire Cars","S- Driver's Negligence",2.00
3760,15651.00,"4- Demerara- Mahaica",451,"Happy Acres Public Road E.C.D","East Coast Demerara Road (From Georgetown)","-58.0833","6.8167",,,6/13/2012 0:00:00,12/30/1899 12:45:00,"D- Property Damage","F- Driver",33.00,"Male","K- Private Cars;L- Lorries Van","S- Driver's Negligence",2.00
3761,15652.00,"4- Demerara- Mahaica",439,"Ogle Railway Embankment E.C.D","East Coast Demerara Road (From Georgetown)","-58.1000","6.8167",,,6/27/2012 0:00:00,12/30/1899 8:30:00,"D- Property Damage","F- Driver",33.00,"Male","J- Minibus;K- Private Cars","R- Improper Overtaking",2.00
3762,15653.00,"4- Demerara- Mahaica",439,"Ogle Railway Embankment E.C.D","East Coast Demerara Road (From Georgetown)","-58.1000","6.8167",,,6/19/2012 0:00:00,12/30/1899 9:30:00,"D- Property Damage","F- Driver",29.00,"Male","M- Hire Cars","P- Speeding",2.00
3763,15654.00,"4- Demerara- Mahaica",452,"Le Ressouvenir E.C.D","East Coast Demerara Road (From Georgetown)","-58.0833","6.8167",,,7/2/2012 0:00:00,12/30/1899 10:00:00,"D- Property Damage","F- Driver",40.00,"Male","J- Minibus;K- Private Cars","P- Speeding",2.00
3764,15655.00,"4- Demerara- Mahaica",439,"Ogle Railway Embankment E.C.D","East Coast Demerara Road (From Georgetown)","-58.1000","6.8167",,,7/27/2012 0:00:00,12/30/1899 16:00:00,"D- Property Damage","F- Driver",45.00,"Male","J- Minibus;L- Lorries Van","R- Improper Overtaking",2.00
3765,15656.00,"4- Demerara- Mahaica",437,"Industry Railway Embankment E.C.D","East Coast Demerara Road (From Georgetown)","-57.4333","6.3000",,,7/10/2012 0:00:00,12/30/1899 6:30:00,"D- Property Damage","F- Driver",63.00,"Male","K- Private Cars;L- Lorries Van","S- Driver's Negligence",2.00
3766,15657.00,"4- Demerara- Mahaica",444,"Plaisance Railway Embankment E.C.D","East Coast Demerara Road (From Georgetown)","-58.0833","6.8167",,,7/13/2012 0:00:00,12/30/1899 0:10:00,"C- Minor Injury","F- Driver",27.00,"Male","K- Private Cars;L- Lorries Van","S- Driver's Negligence",2.00
3767,15658.00,"4- Demerara- Mahaica",452,"Le Ressouvenir Public Road E.C.D","East Coast Demerara Road (From Georgetown)","-58.0833","6.8167",,,7/29/2012 0:00:00,12/30/1899 19:00:00,"B- Serious Injury","F- Driver",34.00,"Male","K- Private Cars","P- Speeding;T-Pedestrian's Negligence",2.00
3768,15659.00,"4- Demerara- Mahaica",432,"Turkeyen Public Road E.C.D","East Coast Demerara Road (From Georgetown)","-58.1167","6.8167",,,9/20/2012 0:00:00,12/30/1899 6:20:00,"D- Property Damage","F- Driver",27.00,"Male","K- Private Cars","S- Driver's Negligence",2.00
3769,15660.00,"4- Demerara- Mahaica",432,"Turkeyen Public Road E.C.D","East Coast Demerara Road (From Georgetown)","-58.1167","6.8167",,,11/26/2012 0:00:00,12/30/1899 18:00:00,"D- Property Damage","F- Driver",33.00,"Male","K- Private Cars;M- Hire Cars","S- Driver's Negligence",2.00
3770,15661.00,"4- Demerara- Mahaica",430,"Liliendaal Railway Embankment E.C.D","East Coast Demerara Road (From Georgetown)","-58.1167","6.8167",,,11/29/2012 0:00:00,12/30/1899 8:30:00,"D- Property Damage","F- Driver",50.00,"Male","K- Private Cars;M- Hire Cars","S- Driver's Negligence",2.00
3771,15662.00,"4- Demerara- Mahaica",439,"Ogle Access  Road E.C.D","East Coast Demerara Road (From Georgetown)","-58.1000","6.8167",,,12/1/2012 0:00:00,12/30/1899 19:05:00,"A- Fatal","F- Driver",25.00,"Male","K- Private Cars;V-Motor Cycle","R- Improper Overtaking",2.00
3772,15663.00,"4- Demerara- Mahaica",449,"Atlantic Ville Public Road E.C.D","East Coast Demerara Road (From Georgetown)","-58.0833","6.8167",,,12/10/2012 0:00:00,12/30/1899 19:00:00,"A- Fatal","F- Driver",31.00,"Male","J- Minibus;K- Private Cars","P- Speeding;R- Improper Overtaking",2.00
3773,15664.00,"4- Demerara- Mahaica",446,"Vryheid Lust Public Road E.C.D","East Coast Demerara Road (From Georgetown)","-58.0833","6.8167",,,12/16/2012 0:00:00,12/30/1899 11:45:00,"B- Serious Injury","F- Driver",28.00,"Male","K- Private Cars;W-Pedal Cycle","P- Speeding;U- Cyclist's Negligence",2.00
3774,15665.00,"4- Demerara- Mahaica",446,"vryheid Lust Public Road E.C.D","East Coast Demerara Road (From Georgetown)","-58.0833","6.8167",,,12/22/2012 0:00:00,12/30/1899 23:45:00,"C- Minor Injury","F- Driver",19.00,"Male","K- Private Cars","S- Driver's Negligence",2.00
3775,15666.00,"4- Demerara- Mahaica",445,"Better Hope Railway Embankment E.C.D","East Coast Demerara Road (From Georgetown)","-58.0833","6.8167",,,12/24/2012 0:00:00,12/30/1899 13:45:00,"C- Minor Injury","F- Driver",47.00,"Male","M- Hire Cars","T-Pedestrian's Negligence",2.00
3776,15667.00,"4- Demerara- Mahaica",437,"Industry Railway Embankment E.C.D","East Coast Demerara Road (From Georgetown)","-57.4333","6.3000",,,7/10/2012 0:00:00,12/30/1899 6:30:00,"D- Property Damage","F- Driver",63.00,"Male","K- Private Cars;L- Lorries Van","P- Speeding",2.00
3777,15668.00,"4- Demerara- Mahaica",439,"Ogle Railway Embankment E.C.D","East Coast Demerara Road (From Georgetown)","-58.1000","6.8167",,,7/13/2012 0:00:00,12/30/1899 7:30:00,"D- Property Damage","F- Driver",,"Male","J- Minibus;M- Hire Cars","P- Speeding;S- Driver's Negligence",2.00
3778,15669.00,"4- Demerara- Mahaica",432,"Turkeyen Public Road E.C.D","East Coast Demerara Road (From Georgetown)","-58.1167","6.8167",,,8/10/2012 0:00:00,12/30/1899 16:00:00,"D- Property Damage","F- Driver",32.00,"Male","K- Private Cars;M- Hire Cars","R- Improper Overtaking",2.00
3779,15670.00,"4- Demerara- Mahaica",451,"Happy Acres Public Road E.C.D","East Coast Demerara Road (From Georgetown)","-58.0833","6.8167",,,8/13/2012 0:00:00,12/30/1899 8:30:00,"D- Property Damage","F- Driver",27.00,"Male","K- Private Cars","P- Speeding",2.00
3780,15671.00,"4- Demerara- Mahaica",432,"Turkeyen Public Road E.C.D","East Coast Demerara Road (From Georgetown)","-58.1167","6.8167",,,8/21/2012 0:00:00,12/30/1899 13:20:00,"D- Property Damage","F- Driver",32.00,"Male","K- Private Cars;L- Lorries Van","S- Driver's Negligence",2.00
3781,15672.00,"4- Demerara- Mahaica",445,"Better Hope Railway Embankment E.C.D","East Coast Demerara Road (From Georgetown)","-58.0833","6.8167",,,8/25/2012 0:00:00,12/30/1899 16:30:00,"D- Property Damage","F- Driver",39.00,"Male","K- Private Cars;M- Hire Cars","P- Speeding;R- Improper Overtaking;S- Driver's Negligence",2.00
3782,15673.00,"4- Demerara- Mahaica",445,"Better Hope Public Road E.C.D","East Coast Demerara Road (From Georgetown)","-58.0833","6.8167",,,8/28/2012 0:00:00,12/30/1899 17:00:00,"C- Minor Injury","F- Driver",42.00,"Male","K- Private Cars;V-Motor Cycle","R- Improper Overtaking",2.00
3783,15674.00,"4- Demerara- Mahaica",432,"Turkeyen Public Road E.C.D","East Coast Demerara Road (From Georgetown)","-58.1167","6.8167",,,9/1/2012 0:00:00,12/30/1899 15:55:00,"D- Property Damage","F- Driver",32.00,"Male","J- Minibus;K- Private Cars","R- Improper Overtaking",2.00
3784,15675.00,"4- Demerara- Mahaica",430,"Liliendaal Public Road E.C.D","East Coast Demerara Road (From Georgetown)","-58.1167","6.8167",,,9/4/2012 0:00:00,12/30/1899 20:00:00,"C- Minor Injury","F- Driver",27.00,"Male","J- Minibus;K- Private Cars","P- Speeding;R- Improper Overtaking",2.00
3785,15676.00,"4- Demerara- Mahaica",446,"Vryheid Lust Public Road E.C.D","East Coast Demerara Road (From Georgetown)","-58.0833","6.8167",,,9/9/2012 0:00:00,12/30/1899 16:30:00,"B- Serious Injury","F- Driver",32.00,"Male","K- Private Cars;W-Pedal Cycle","R- Improper Overtaking;S- Driver's Negligence;U- Cyclist's Negligence",2.00
3786,15677.00,"4- Demerara- Mahaica",443,"Sparendaam Public Road E.C.D","East Coast Demerara Road (From Georgetown)","-58.1000","6.8167",,,9/11/2012 0:00:00,12/30/1899 12:45:00,"C- Minor Injury","F- Driver",35.00,"Male","K- Private Cars","P- Speeding",2.00
3787,15678.00,"4- Demerara- Mahaica",432,"Turkeyen Public Road E.C.D","East Coast Demerara Road (From Georgetown)","-58.1167","6.8167",,,9/14/2012 0:00:00,12/30/1899 16:00:00,"B- Serious Injury","F- Driver",50.00,"Male","J- Minibus;V-Motor Cycle","P- Speeding",2.00
3788,15679.00,"4- Demerara- Mahaica",437,"Industry Public Road E.C.D","East Coast Demerara Road (From Georgetown)","-57.4333","6.3000",,,9/15/2012 0:00:00,12/30/1899 19:30:00,"A- Fatal","F- Driver",41.00,"Female","K- Private Cars","P- Speeding;S- Driver's Negligence",2.00
3789,15680.00,"4- Demerara- Mahaica",448,"Montrose Public Road E.C.D","East Coast Demerara Road (From Georgetown)","-58.0833","6.8167",,,9/16/2012 0:00:00,12/30/1899 0:30:00,"A- Fatal","F- Driver",28.00,"Male","J- Minibus;K- Private Cars;L- Lorries Van","P- Speeding;R- Improper Overtaking;S- Driver's Negligence",3.00
3790,15681.00,"4- Demerara- Mahaica",448,"Montrose Public Road E.C.D","East Coast Demerara Road (From Georgetown)","-58.0833","6.8167",,,9/13/2012 0:00:00,12/30/1899 13:00:00,"C- Minor Injury","F- Driver",35.00,"Male","K- Private Cars","R- Improper Overtaking;S- Driver's Negligence",2.00
3791,15682.00,"4- Demerara- Mahaica",446,"Vryheid Lust E.C.D","East Coast Demerara Road (From Georgetown)","-58.0833","6.8167",,,9/22/2012 0:00:00,12/30/1899 14:00:00,"C- Minor Injury","F- Driver",54.00,"Male","K- Private Cars;V-Motor Cycle","S- Driver's Negligence;U- Cyclist's Negligence",2.00
3792,15683.00,"4- Demerara- Mahaica",451,"Happy Acre Railway Public Road E.C.D","East Coast Demerara Road (From Georgetown)","-58.0833","6.8167",,,4/1/2004 0:00:00,12/30/1899 16:40:00,"D- Property Damage","F- Driver",47.00,"Male","J- Minibus","P- Speeding;S- Driver's Negligence",2.00
3793,15684.00,"4- Demerara- Mahaica",430,"Liliendaal Public Road E.C.D","East Coast Demerara Road (From Georgetown)","-58.1167","6.8167",,,4/1/2004 0:00:00,12/30/1899 22:30:00,"D- Property Damage","F- Driver",27.00,"Male","M- Hire Cars","O- Lost Control & Runoff",1.00
3794,15685.00,"4- Demerara- Mahaica",446,"Vryheid Lust Public Road E.C.D","East Coast Demerara Road (From Georgetown)","-58.0833","6.8167",,,4/7/2004 0:00:00,12/30/1899 17:15:00,"C- Minor Injury","F- Driver",21.00,"Male","K- Private Cars;V-Motor Cycle","S- Driver's Negligence;U- Cyclist's Negligence",2.00
3795,15686.00,"4- Demerara- Mahaica",442,"Goedverwagting Road E.C.D","East Coast Demerara Road (From Georgetown)","-58.1000","6.8167",,,4/11/2004 0:00:00,12/30/1899 8:00:00,"D- Property Damage","F- Driver",,"Male","J- Minibus;K- Private Cars","P- Speeding;S- Driver's Negligence",3.00
3796,15687.00,"4- Demerara- Mahaica",439,"Ogle Railway Public Road E.C.D","East Coast Demerara Road (From Georgetown)","-58.1000","6.8167",,,4/11/2004 0:00:00,12/30/1899 19:00:00,"C- Minor Injury","F- Driver",21.00,"Male","M- Hire Cars;W-Pedal Cycle","S- Driver's Negligence;U- Cyclist's Negligence",2.00
3797,15688.00,"4- Demerara- Mahaica",432,"Turkeyen Public Road E.C.D","East Coast Demerara Road (From Georgetown)","-58.1167","6.8167",,,4/16/2004 0:00:00,12/30/1899 7:30:00,"C- Minor Injury","F- Driver",,"Male","L- Lorries Van","O- Lost Control & Runoff",1.00
3798,15689.00,"4- Demerara- Mahaica",427,"Bel Air Public Road E.C.D","East Coast Demerara Road (From Georgetown)","-58.1500","6.8167",,,4/16/2004 0:00:00,12/30/1899 8:20:00,"C- Minor Injury","F- Driver",62.00,"Male","L- Lorries Van;N- Pickup","S- Driver's Negligence",2.00
3799,15690.00,"4- Demerara- Mahaica",432,"Turkeyen Public Road E.C.D","East Coast Demerara Road (From Georgetown)","-58.1167","6.8167",,,4/10/2004 0:00:00,,"C- Minor Injury","F- Driver",20.00,"Male","K- Private Cars","Y-Animal",1.00
3800,15691.00,"4- Demerara- Mahaica",437,"Industry Railway Embankkkment E.C.D","East Coast Demerara Road (From Georgetown)","-57.4333","6.3000",,,4/7/2004 0:00:00,12/30/1899 8:10:00,"C- Minor Injury","F- Driver",36.00,"Male","M- Hire Cars","S- Driver's Negligence",2.00
3801,15692.00,"4- Demerara- Mahaica",490,"Victoria Road Plaisance E.C.D","East Coast Demerara Road (From Georgetown)","-57.9667","6.7500",,,4/20/2004 0:00:00,12/30/1899 19:30:00,"D- Property Damage","F- Driver",30.00,"Male","J- Minibus;W-Pedal Cycle","R- Improper Overtaking",2.00
3802,15693.00,"4- Demerara- Mahaica",439,"Ogle Railway Embankment E.C.D","East Coast Demerara Road (From Georgetown)","-58.1000","6.8167",,,4/24/2004 0:00:00,12/30/1899 19:10:00,"B- Serious Injury","F- Driver",31.00,"Male","M- Hire Cars","S- Driver's Negligence",2.00
3803,15694.00,"4- Demerara- Mahaica",446,"Vryheid Lust Public Road E.C.D","East Coast Demerara Road (From Georgetown)","-58.0833","6.8167",,,4/27/2004 0:00:00,12/30/1899 14:15:00,"C- Minor Injury","F- Driver",30.00,"Male","K- Private Cars;L- Lorries Van","S- Driver's Negligence",2.00
3804,15695.00,"4- Demerara- Mahaica",446,"Vryheid Lust Railway Embankment E.C.D","East Coast Demerara Road (From Georgetown)","-58.0833","6.8167",,,4/25/2004 0:00:00,12/30/1899 10:25:00,"B- Serious Injury","F- Driver",25.00,"Male","M- Hire Cars;V-Motor Cycle","S- Driver's Negligence",2.00
3805,15696.00,"4- Demerara- Mahaica",439,"Ogle Railway Embankment E.C.D","East Coast Demerara Road (From Georgetown)","-58.1000","6.8167",,,4/29/2004 0:00:00,12/30/1899 5:00:00,"D- Property Damage","F- Driver",,"Male","J- Minibus;L- Lorries Van","R- Improper Overtaking",2.00
3806,15697.00,"4- Demerara- Mahaica",430,"Liliendaal Public Road E.C.D","East Coast Demerara Road (From Georgetown)","-58.1167","6.8167",,,4/28/2004 0:00:00,12/30/1899 10:35:00,"B- Serious Injury;D- Property Damage","F- Driver",44.00,"Male","J- Minibus","S- Driver's Negligence",3.00
3807,15698.00,"4- Demerara- Mahaica",429,"Dennis Street Sophia E.C.D","East Coast Demerara Road (From Georgetown)","-58.1167","6.8167",,,5/4/2004 0:00:00,12/30/1899 16:45:00,"D- Property Damage","F- Driver",39.00,"Male","L- Lorries Van;N- Pickup","S- Driver's Negligence",2.00
3808,15699.00,"4- Demerara- Mahaica",432,"Turkeyen Railway Embankment E.C.D","East Coast Demerara Road (From Georgetown)","-58.1167","6.8167",,,5/7/2004 0:00:00,12/30/1899 14:00:00,"B- Serious Injury","F- Driver",52.00,"Male","M- Hire Cars;W-Pedal Cycle","S- Driver's Negligence;U- Cyclist's Negligence",2.00
3809,15700.00,"4- Demerara- Mahaica",442,"Goedverwagting Public Road E.C.D","East Coast Demerara Road (From Georgetown)","-58.1000","6.8167",,,5/8/2004 0:00:00,12/30/1899 12:30:00,"D- Property Damage","F- Driver",30.00,"Male","J- Minibus;K- Private Cars","R- Improper Overtaking;Y-Animal",2.00
3810,15701.00,"4- Demerara- Mahaica",449,"Atlantic Ville Public Road E.C.D","East Coast Demerara Road (From Georgetown)","-58.0833","6.8167",,,5/14/2004 0:00:00,12/30/1899 17:10:00,"B- Serious Injury","G- Rider",51.00,"Male","W-Pedal Cycle","P- Speeding",1.00
3811,15702.00,"4- Demerara- Mahaica",437,"Industry Railway Embankment E.C.D","East Coast Demerara Road (From Georgetown)","-57.4333","6.3000",,,5/16/2004 0:00:00,12/30/1899 22:30:00,"D- Property Damage","F- Driver",37.00,"Male","M- Hire Cars","S- Driver's Negligence;Y-Animal",2.00
3812,15703.00,"4- Demerara- Mahaica",451,"Happy Acre Public Road E.C.D","East Coast Demerara Road (From Georgetown)","-58.0833","6.8167",,,5/17/2004 0:00:00,12/30/1899 3:00:00,"D- Property Damage","F- Driver",41.00,"Male","M- Hire Cars","Y-Animal",1.00
3813,15704.00,"4- Demerara- Mahaica",437,"Industry Railway Embankment E.C.D","East Coast Demerara Road (From Georgetown)","-57.4333","6.3000",,,5/18/2004 0:00:00,12/30/1899 18:30:00,"C- Minor Injury","F- Driver",27.00,"Male","M- Hire Cars","P- Speeding;U- Cyclist's Negligence",2.00
3814,15705.00,"4- Demerara- Mahaica",446,"Vryheid Lust Public Road E.C.D","East Coast Demerara Road (From Georgetown)","-58.0833","6.8167",,,5/18/2004 0:00:00,12/30/1899 20:30:00,"A- Fatal","F- Driver",22.00,"Male","M- Hire Cars","P- Speeding",2.00
3815,15706.00,"4- Demerara- Mahaica",439,"Ogle Railway Embankment E.C.D","East Coast Demerara Road (From Georgetown)","-58.1000","6.8167",,,5/19/2004 0:00:00,12/30/1899 13:25:00,"C- Minor Injury","F- Driver",34.00,"Male","L- Lorries Van;V-Motor Cycle","R- Improper Overtaking;S- Driver's Negligence",2.00
3816,15707.00,"4- Demerara- Mahaica",446,"Vryheid Lust Public Road E.C.D","East Coast Demerara Road (From Georgetown)","-58.0833","6.8167",,,5/23/2004 0:00:00,12/30/1899 18:20:00,"B- Serious Injury","F- Driver",21.00,"Female","K- Private Cars","S- Driver's Negligence",2.00
3817,15708.00,"4- Demerara- Mahaica",446,"Vryheid Lust Public Road E.C.D","East Coast Demerara Road (From Georgetown)","-58.0833","6.8167",,,5/22/2004 0:00:00,12/30/1899 21:05:00,"C- Minor Injury","F- Driver",23.00,"Male","M- Hire Cars","T-Pedestrian's Negligence",2.00
3818,15709.00,"4- Demerara- Mahaica",430,"Liliendaal Public Road E.C.D","East Coast Demerara Road (From Georgetown)","-58.1167","6.8167",,,5/22/2004 0:00:00,12/30/1899 23:10:00,"D- Property Damage","F- Driver",28.00,"Male","J- Minibus;M- Hire Cars","S- Driver's Negligence",2.00
3819,15710.00,"4- Demerara- Mahaica",430,"Liliendaal Public Road E.C.D","East Coast Demerara Road (From Georgetown)","-58.1167","6.8167",,,5/31/2004 0:00:00,12/30/1899 8:30:00,"C- Minor Injury","F- Driver",,"Male","N- Pickup;V-Motor Cycle;W-Pedal Cycle","P- Speeding;S- Driver's Negligence;U- Cyclist's Negligence",4.00