"ID","Accident ID","Region Number","Corridor ID","Location (Intersection/Road/Street)","Corridor","Location- longitude/ X","Location- latitude/  Y","Mile Marker","Village","Date of Accident","Time of Accident","Type of Accident","Class of Road User","Age/DOB","Gender","Class of Vehicles Involved","Contributing Factor","Number of Persons Involved"
3820,15711.00,"4- Demerara- Mahaica",445,"Better Hope Public Road E.C.D","East Coast Demerara Road (From Georgetown)","-58.0833","6.8167",,,5/31/2005 0:00:00,12/30/1899 16:00:00,"C- Minor Injury","F- Driver",,"Male","L- Lorries Van;W-Pedal Cycle","S- Driver's Negligence;U- Cyclist's Negligence",2.00
3821,15712.00,"4- Demerara- Mahaica",453,"Success Public Road E.c.D","East Coast Demerara Road (From Georgetown)","-58.0667","6.8167",,,5/31/2005 0:00:00,12/30/1899 23:45:00,"D- Property Damage","F- Driver",37.00,"Male","M- Hire Cars","Y-Animal",1.00
3822,15713.00,"4- Demerara- Mahaica",436,"Graham's Hall Railway E.C.D","East Coast Demerara Road (From Georgetown)","-58.1167","6.8167",,,6/1/2005 0:00:00,12/30/1899 18:30:00,"B- Serious Injury","G- Rider",29.00,"Female","V-Motor Cycle","P- Speeding;Y-Animal",1.00
3823,15714.00,"4- Demerara- Mahaica",439,"Ogle Railway Embankment E.C.D","East Coast Demerara Road (From Georgetown)","-58.1000","6.8167",,,6/1/2004 0:00:00,12/30/1899 12:45:00,"D- Property Damage","F- Driver",,"Male","K- Private Cars","P- Speeding;S- Driver's Negligence",2.00
3824,15715.00,"4- Demerara- Mahaica",444,"Plaisance Public Road E.C.D","East Coast Demerara Road (From Georgetown)","-58.0833","6.8167",,,6/2/2004 0:00:00,12/30/1899 8:45:00,"C- Minor Injury","F- Driver",30.00,"Male","J- Minibus","S- Driver's Negligence;T-Pedestrian's Negligence",2.00
3825,15716.00,"4- Demerara- Mahaica",442,"Goedverwagting Access Road E.C.D","East Coast Demerara Road (From Georgetown)","-58.1000","6.8167",,,6/6/2004 0:00:00,12/30/1899 1:15:00,"D- Property Damage","F- Driver",35.00,"Male","K- Private Cars;M- Hire Cars","S- Driver's Negligence",2.00
3826,18842.00,"6- East Berbice- Corentyne",892,"# 78 Public Rd.","LEFT BANK CORENTYN RIVER (From New Amsterdam)","-57.1333","5.9000",,,2/6/2010 0:00:00,12/30/1899 23:45:00,"B- Serious Injury","F- Driver",45.00,"Male","K- Private Cars","S- Driver's Negligence",2.00
3827,18843.00,"6- East Berbice- Corentyne",884,"# 73 Public Rd.","LEFT BANK CORENTYN RIVER (From New Amsterdam)","-57.1500","5.9333",,,2/14/2010 0:00:00,12/30/1899 18:45:00,"D- Property Damage","F- Driver",36.00,"Male","K- Private Cars","S- Driver's Negligence",2.00
3828,18844.00,"6- East Berbice- Corentyne",893,"Springlands Public Rd.","LEFT BANK CORENTYN RIVER (From New Amsterdam)","-57.1333","5.9000",,,2/15/2010 0:00:00,12/30/1899 11:45:00,"B- Serious Injury","G- Rider",31.00,"Male","V-Motor Cycle;W-Pedal Cycle","U- Cyclist's Negligence",2.00
3829,18845.00,"6- East Berbice- Corentyne",877,"# 66 Public Rd.","LEFT BANK CORENTYN RIVER (From New Amsterdam)","-57.1500","5.9667",,,3/13/2010 0:00:00,12/30/1899 1:20:00,"D- Property Damage","F- Driver",,"Male","K- Private Cars","Y- Animal",1.00
3830,18846.00,"6- East Berbice- Corentyne",887,"# 76 Public Rd.","LEFT BANK CORENTYN RIVER (From New Amsterdam)","-57.1500","5.9167",,,4/1/2010 0:00:00,12/30/1899 9:35:00,"B- Serious Injury","F- Driver",44.00,"Male","M- Hire Cars;V-Motor Cycle","S- Driver's Negligence",2.00
3831,18847.00,"6- East Berbice- Corentyne",885,"# 74 Public Rd.","LEFT BANK CORENTYN RIVER (From New Amsterdam)","-57.1500","5.9333",,,4/23/2010 0:00:00,12/30/1899 22:00:00,"D- Property Damage","F- Driver",,"Male","K- Private Cars","Y- Animal",1.00
3832,18848.00,"6- East Berbice- Corentyne",896,"# 79 Public Rd.","LEFT BANK CORENTYN RIVER (From New Amsterdam)","-57.1333","5.8833",,,5/19/2010 0:00:00,12/30/1899 13:50:00,"B- Serious Injury","F- Driver",34.00,"Male","K- Private Cars;L- Lorries Van","S- Driver's Negligence",1.00
3833,18849.00,"6- East Berbice- Corentyne",892,"# 78 Public Rd.","LEFT BANK CORENTYN RIVER (From New Amsterdam)","-57.1333","5.9000",,,7/3/2010 0:00:00,12/30/1899 20:05:00,"B- Serious Injury","G- Rider",29.00,"Male","V-Motor Cycle","U- Cyclist's Negligence",1.00
3834,18850.00,"6- East Berbice- Corentyne",879,"# 68 Public Rd.","LEFT BANK CORENTYN RIVER (From New Amsterdam)","-57.1500","5.9500",,,7/3/2010 0:00:00,12/30/1899 19:30:00,"D- Property Damage","F- Driver",25.00,"Male","K- Private Cars","Y- Animal",1.00
3835,18851.00,"6- East Berbice- Corentyne",879,"# 68 Public Rd.","LEFT BANK CORENTYN RIVER (From New Amsterdam)","-57.1500","5.9500",,,7/3/2010 0:00:00,12/30/1899 20:00:00,"D- Property Damage","F- Driver",55.00,"Male","K- Private Cars","S- Driver's Negligence",1.00
3836,18852.00,"6- East Berbice- Corentyne",902,"Crabwood Creek Public Rd.","LEFT BANK CORENTYN RIVER (From New Amsterdam)","-57.1667","5.8500",,,8/24/2010 0:00:00,12/30/1899 17:35:00,"B- Serious Injury","E- Pedestrian",6.00,"Male","K- Private Cars","T-Pedestrian's Negligence",2.00
3837,18853.00,"6- East Berbice- Corentyne",881,"# 70 Public Rd.","LEFT BANK CORENTYN RIVER (From New Amsterdam)","-57.1500","5.9500",,,10/1/2010 0:00:00,12/30/1899 12:20:00,"D- Property Damage","F- Driver",51.00,"Male","K- Private Cars","S- Driver's Negligence",1.00
3838,18854.00,"6- East Berbice- Corentyne",885,"# 74 Public Rd.","LEFT BANK CORENTYN RIVER (From New Amsterdam)","-57.1500","5.9333",,,10/10/2010 0:00:00,12/30/1899 12:45:00,"A- Fatal","F- Driver",22.00,"Male","K- Private Cars","P- Speeding",2.00
3839,18855.00,"6- East Berbice- Corentyne",889,"# 77 Public Rd.","LEFT BANK CORENTYN RIVER (From New Amsterdam)","-57.1333","5.9000",,,10/16/2010 0:00:00,12/30/1899 11:00:00,"B- Serious Injury","F- Driver",50.00,"Male","J- Minibus;W-Pedal Cycle","S- Driver's Negligence;U- Cyclist's Negligence",2.00
3840,18856.00,"6- East Berbice- Corentyne",887,"# 76 Public Rd.","LEFT BANK CORENTYN RIVER (From New Amsterdam)","-57.1500","5.9167",,,10/17/2010 0:00:00,12/30/1899 19:20:00,"A- Fatal","F- Driver",23.00,"Male","M- Hire Cars;V-Motor Cycle","P- Speeding",3.00
3841,18857.00,"6- East Berbice- Corentyne",882,"# 71 Public Rd.","LEFT BANK CORENTYN RIVER (From New Amsterdam)","-57.1500","5.9333",,,11/10/2010 0:00:00,,"B- Serious Injury","E- Pedestrian",2.00,"Male","J- Minibus","T-Pedestrian's Negligence",2.00
3842,18858.00,"6- East Berbice- Corentyne",879,"# 68 Public Rd.","LEFT BANK CORENTYN RIVER (From New Amsterdam)","-57.1500","5.9500",,,11/23/2010 0:00:00,12/30/1899 23:30:00,"D- Property Damage","F- Driver",46.00,"Male","K- Private Cars","Y- Animal",1.00
3843,18859.00,"6- East Berbice- Corentyne",902,"Crabwood Creek Public Rd.","LEFT BANK CORENTYN RIVER (From New Amsterdam)","-57.1667","5.8500",,,11/30/2010 0:00:00,12/30/1899 11:10:00,"B- Serious Injury","F- Driver",18.00,"Male","K- Private Cars;W-Pedal Cycle","U- Cyclist's Negligence",2.00
3844,18860.00,"6- East Berbice- Corentyne",882,"# 71 Public Rd.","LEFT BANK CORENTYN RIVER (From New Amsterdam)","-57.1500","5.9333",,,12/3/2010 0:00:00,12/30/1899 21:45:00,"B- Serious Injury","F- Driver",,"Male","K- Private Cars;L- Lorries Van","P- Speeding",2.00
3845,18861.00,"6- East Berbice- Corentyne",893,"Springlands Public Rd.","LEFT BANK CORENTYN RIVER (From New Amsterdam)","-57.1333","5.9000",,,12/22/2010 0:00:00,12/30/1899 21:35:00,"B- Serious Injury","F- Driver",27.00,"Male","M- Hire Cars","P- Speeding",2.00
3846,18862.00,"6- East Berbice- Corentyne",902,"Crabwood Creek Public Rd.","LEFT BANK CORENTYN RIVER (From New Amsterdam)","-57.1667","5.8500",,,12/31/2010 0:00:00,12/30/1899 17:15:00,"B- Serious Injury","G- Rider",12.00,"Male","W-Pedal Cycle","U- Cyclist's Negligence",2.00
3847,18863.00,"6- East Berbice- Corentyne",892,"# 78 Public Rd.","LEFT BANK CORENTYN RIVER (From New Amsterdam)","-57.1333","5.9000",,,1/2/2011 0:00:00,12/30/1899 19:40:00,"A- Fatal","F- Driver",41.00,"Male","L- Lorries Van;V-Motor Cycle","S- Driver's Negligence",2.00
3848,18864.00,"6- East Berbice- Corentyne",884,"# 73 Public Rd.","LEFT BANK CORENTYN RIVER (From New Amsterdam)","-57.1500","5.9333",,,1/11/2011 0:00:00,12/30/1899 11:00:00,"D- Property Damage","F- Driver",65.00,"Male","L- Lorries Van","S- Driver's Negligence",1.00
3849,18865.00,"6- East Berbice- Corentyne",889,"# 77 Public Rd.","LEFT BANK CORENTYN RIVER (From New Amsterdam)","-57.1333","5.9000",,,1/24/2011 0:00:00,12/30/1899 18:45:00,"D- Property Damage","F- Driver",,"Male","K- Private Cars","S- Driver's Negligence",1.00
3850,18866.00,"6- East Berbice- Corentyne",902,"Crabwood Creek Public Rd.","LEFT BANK CORENTYN RIVER (From New Amsterdam)","-57.1667","5.8500",,,1/17/2011 0:00:00,12/30/1899 8:40:00,"B- Serious Injury","F- Driver",62.00,"Male","J- Minibus;L- Lorries Van","S- Driver's Negligence",2.00
3851,18867.00,"6- East Berbice- Corentyne",900,"Line Path Public Rd.","LEFT BANK CORENTYN RIVER (From New Amsterdam)","-57.1500","5.8667",,,2/20/2011 0:00:00,12/30/1899 10:35:00,"B- Serious Injury","F- Driver",44.00,"Male","L- Lorries Van","S- Driver's Negligence",2.00
3852,18868.00,"6- East Berbice- Corentyne",883,"# 72 Public Rd.","LEFT BANK CORENTYN RIVER (From New Amsterdam)","-57.1500","5.9333",,,2/27/2011 0:00:00,12/30/1899 16:20:00,"B- Serious Injury","F- Driver",26.00,"Male","K- Private Cars;W-Pedal Cycle","S- Driver's Negligence",2.00
3853,18869.00,"6- East Berbice- Corentyne",881,"# 70 Public Rd.","LEFT BANK CORENTYN RIVER (From New Amsterdam)","-57.1500","5.9500",,,4/24/2011 0:00:00,12/30/1899 10:45:00,"B- Serious Injury","F- Driver",32.00,"Male","K- Private Cars;W-Pedal Cycle","S- Driver's Negligence",2.00
3854,18870.00,"6- East Berbice- Corentyne",900,"Line Path Public Rd.","LEFT BANK CORENTYN RIVER (From New Amsterdam)","-57.1500","5.8667",,,4/29/2011 0:00:00,12/30/1899 13:30:00,"B- Serious Injury","F- Driver",58.00,"Male","K- Private Cars;V-Motor Cycle","S- Driver's Negligence",2.00
3855,18871.00,"6- East Berbice- Corentyne",900,"Line Path Public Rd.","LEFT BANK CORENTYN RIVER (From New Amsterdam)","-57.1500","5.8667",,,5/22/2011 0:00:00,12/30/1899 3:24:00,"A- Fatal","F- Driver",,"Male","K- Private Cars","S- Driver's Negligence",2.00
3856,18872.00,"6- East Berbice- Corentyne",900,"Line Path Public Rd.","LEFT BANK CORENTYN RIVER (From New Amsterdam)","-57.1500","5.8667",,,5/22/2011 0:00:00,12/30/1899 18:45:00,"B- Serious Injury","F- Driver",,"Male","L- Lorries Van;V-Motor Cycle","S- Driver's Negligence",2.00
3857,18873.00,"6- East Berbice- Corentyne",881,"# 70 Public Rd.","LEFT BANK CORENTYN RIVER (From New Amsterdam)","-57.1500","5.9500",,,5/26/2011 0:00:00,12/30/1899 14:30:00,"A- Fatal","F- Driver",26.00,"Male","K- Private Cars","S- Driver's Negligence",2.00
3858,18874.00,"6- East Berbice- Corentyne",893,"Springlands Public Rd.","LEFT BANK CORENTYN RIVER (From New Amsterdam)","-57.1333","5.9000",,,6/9/2011 0:00:00,12/30/1899 10:40:00,"C- Minor Injury","F- Driver",29.00,"Male","K- Private Cars;V-Motor Cycle","S- Driver's Negligence",2.00
3859,18875.00,"6- East Berbice- Corentyne",900,"Line Path Public Rd.","LEFT BANK CORENTYN RIVER (From New Amsterdam)","-57.1500","5.8667",,,6/9/2011 0:00:00,12/30/1899 18:50:00,"C- Minor Injury","F- Driver",42.00,"Male","J- Minibus;X-Tractor","P- Speeding",2.00
3860,18876.00,"6- East Berbice- Corentyne",897,"Kim Jongill St. Corrivertown","LEFT BANK CORENTYN RIVER (From New Amsterdam)","-57.1500","5.8667",,,7/3/2011 0:00:00,12/30/1899 18:40:00,"A- Fatal","G- Rider",56.00,"Male","V-Motor Cycle","U- Cyclist's Negligence",1.00
3861,18877.00,"6- East Berbice- Corentyne",892,"Rahaman St. # 78 Corriverton","LEFT BANK CORENTYN RIVER (From New Amsterdam)","-57.1333","5.9000",,,7/3/2011 0:00:00,12/30/1899 14:45:00,"B- Serious Injury","F- Driver",32.00,"Male","K- Private Cars","S- Driver's Negligence",2.00
3862,18878.00,"6- East Berbice- Corentyne",893,"Springlands Public Rd.","LEFT BANK CORENTYN RIVER (From New Amsterdam)","-57.1333","5.9000",,,7/24/2011 0:00:00,12/30/1899 16:40:00,"D- Property Damage","F- Driver",40.00,"Male","J- Minibus;M- Hire Cars","S- Driver's Negligence",2.00
3863,18879.00,"6- East Berbice- Corentyne",899,"Skeldon Public Rd.","LEFT BANK CORENTYN RIVER (From New Amsterdam)","-57.1333","5.8833",,,9/18/2011 0:00:00,12/30/1899 17:20:00,"D- Property Damage","F- Driver",,"Male","K- Private Cars;L- Lorries Van","S- Driver's Negligence",2.00
3864,18880.00,"6- East Berbice- Corentyne",896,"# 79 Public Rd.","LEFT BANK CORENTYN RIVER (From New Amsterdam)","-57.1333","5.8833",,,9/20/2011 0:00:00,12/30/1899 15:55:00,"C- Minor Injury","F- Driver",,"Male","M- Hire Cars;V-Motor Cycle","S- Driver's Negligence",2.00
3865,18881.00,"6- East Berbice- Corentyne",896,"Queen St. # 79","LEFT BANK CORENTYN RIVER (From New Amsterdam)","-57.1333","5.8833",,,10/13/2011 0:00:00,12/30/1899 14:55:00,"C- Minor Injury","F- Driver",49.00,"Male","K- Private Cars","S- Driver's Negligence",2.00
3866,18882.00,"6- East Berbice- Corentyne",891,"Princetown Public Rd.","LEFT BANK CORENTYN RIVER (From New Amsterdam)","-57.1333","5.9000",,,10/28/2011 0:00:00,12/30/1899 18:05:00,"C- Minor Injury","F- Driver",22.00,"Male","K- Private Cars;M- Hire Cars","S- Driver's Negligence",2.00
3867,18883.00,"6- East Berbice- Corentyne",893,"Springlands Public Rd.","LEFT BANK CORENTYN RIVER (From New Amsterdam)","-57.1333","5.9000",,,10/30/2011 0:00:00,12/30/1899 2:53:00,"C- Minor Injury","F- Driver",37.00,"Male","K- Private Cars","S- Driver's Negligence",2.00
3868,18884.00,"6- East Berbice- Corentyne",887,"# 76 Public Rd.","LEFT BANK CORENTYN RIVER (From New Amsterdam)","-57.1500","5.9167",,,10/21/2011 0:00:00,12/30/1899 19:30:00,"C- Minor Injury","F- Driver",40.00,"Male","K- Private Cars","Y- Animal",1.00
3869,18885.00,"6- East Berbice- Corentyne",891,"Princetown Public Rd.","LEFT BANK CORENTYN RIVER (From New Amsterdam)","-57.1333","5.9000",,,10/24/2011 0:00:00,12/30/1899 19:15:00,"D- Property Damage","F- Driver",23.00,"Male","M- Hire Cars","Y- Animal",1.00
3870,18886.00,"6- East Berbice- Corentyne",893,"Springlands Public Rd.","LEFT BANK CORENTYN RIVER (From New Amsterdam)","-57.1333","5.9000",,,11/17/2011 0:00:00,12/30/1899 16:00:00,"C- Minor Injury","F- Driver",25.00,"Male","M- Hire Cars","S- Driver's Negligence",3.00
3871,18887.00,"6- East Berbice- Corentyne",896,"# 79 Public Rd.","LEFT BANK CORENTYN RIVER (From New Amsterdam)","-57.1333","5.8833",,,11/25/2011 0:00:00,12/30/1899 9:05:00,"C- Minor Injury","F- Driver",,"Male","K- Private Cars","S- Driver's Negligence",2.00
3872,18888.00,"6- East Berbice- Corentyne",898,"Cheddie Jagan St. Kingston","LEFT BANK CORENTYN RIVER (From New Amsterdam)","-58.1667","6.8167",,,11/23/2011 0:00:00,12/30/1899 10:30:00,"B- Serious Injury","G- Rider",40.00,"Male","L- Lorries Van;W-Pedal Cycle","U- Cyclist's Negligence",2.00
3873,18889.00,"6- East Berbice- Corentyne",893,"Springlands Public Rd.","LEFT BANK CORENTYN RIVER (From New Amsterdam)","-57.1333","5.9000",,,12/5/2011 0:00:00,12/30/1899 11:03:00,"B- Serious Injury","G- Rider",17.00,"Male","J- Minibus;W-Pedal Cycle","U- Cyclist's Negligence",3.00
3874,18890.00,"6- East Berbice- Corentyne",891,"Princetown Public Rd.","LEFT BANK CORENTYN RIVER (From New Amsterdam)","-57.1333","5.9000",,,12/18/2011 0:00:00,12/30/1899 8:50:00,"B- Serious Injury","E- Pedestrian",9.00,"Female","M- Hire Cars","T-Pedestrian's Negligence",2.00
3875,18891.00,"6- East Berbice- Corentyne",885,"# 74 Public Rd.","LEFT BANK CORENTYN RIVER (From New Amsterdam)","-57.1500","5.9333",,,12/24/2011 0:00:00,12/30/1899 14:22:00,"B- Serious Injury","F- Driver",36.00,"Male","J- Minibus;L- Lorries Van;V-Motor Cycle","P- Speeding",4.00
3876,18892.00,"6- East Berbice- Corentyne",892,"# 78 Public Rd.","LEFT BANK CORENTYN RIVER (From New Amsterdam)","-57.1333","5.9000",,,12/29/2011 0:00:00,12/30/1899 8:35:00,"C- Minor Injury","F- Driver",93.00,"Male","K- Private Cars;V-Motor Cycle","S- Driver's Negligence",2.00
3877,18893.00,"6- East Berbice- Corentyne",881,"# 70 Public Rd.","LEFT BANK CORENTYN RIVER (From New Amsterdam)","-57.1500","5.9500",,,1/1/2012 0:00:00,12/30/1899 1:35:00,"B- Serious Injury","F- Driver",49.00,"Male","J- Minibus;K- Private Cars","S- Driver's Negligence",3.00
3878,18894.00,"6- East Berbice- Corentyne",880,"# 69 Public Rd.","LEFT BANK CORENTYN RIVER (From New Amsterdam)","-57.1500","5.9500",,,1/1/2012 0:00:00,12/30/1899 17:35:00,"C- Minor Injury","F- Driver",46.00,"Male","K- Private Cars;V-Motor Cycle","S- Driver's Negligence",2.00
3879,18895.00,"6- East Berbice- Corentyne",900,"2nd St. Line Path","LEFT BANK CORENTYN RIVER (From New Amsterdam)","-57.1500","5.8667",,,1/1/2012 0:00:00,12/30/1899 13:50:00,"C- Minor Injury","F- Driver",27.00,"Male","M- Hire Cars","S- Driver's Negligence",2.00
3880,18896.00,"6- East Berbice- Corentyne",883,"# 72 Public Rd.","LEFT BANK CORENTYN RIVER (From New Amsterdam)","-57.1500","5.9333",,,1/16/2012 0:00:00,12/30/1899 17:30:00,"B- Serious Injury","G- Rider",29.00,"Male","V-Motor Cycle;W-Pedal Cycle","U- Cyclist's Negligence",2.00
3881,18897.00,"6- East Berbice- Corentyne",889,"# 77 Public Rd.","LEFT BANK CORENTYN RIVER (From New Amsterdam)","-57.1333","5.9000",,,1/14/2012 0:00:00,12/30/1899 17:30:00,"C- Minor Injury","G- Rider",22.00,"Male","V-Motor Cycle;W-Pedal Cycle","U- Cyclist's Negligence",2.00
3882,18898.00,"6- East Berbice- Corentyne",899,"Skeldon Public Rd.","LEFT BANK CORENTYN RIVER (From New Amsterdam)","-57.1333","5.8833",,,1/30/2012 0:00:00,12/30/1899 3:00:00,"D- Property Damage","F- Driver",21.00,"Male","K- Private Cars","P- Speeding",1.00
3883,18899.00,"6- East Berbice- Corentyne",902,"Crabwood Creek Public Rd.","LEFT BANK CORENTYN RIVER (From New Amsterdam)","-57.1667","5.8500",,,2/8/2012 0:00:00,12/30/1899 20:15:00,"D- Property Damage","F- Driver",35.00,"Male","L- Lorries Van","Y- Animal",1.00
3884,18900.00,"6- East Berbice- Corentyne",878,"# 67 Public Rd.","LEFT BANK CORENTYN RIVER (From New Amsterdam)","-57.1500","5.9667",,,2/12/2012 0:00:00,12/30/1899 16:45:00,"B- Serious Injury","F- Driver",35.00,"Male","L- Lorries Van;V-Motor Cycle","Q- Alcohol",2.00
3885,18901.00,"6- East Berbice- Corentyne",885,"# 74 Middle St","LEFT BANK CORENTYN RIVER (From New Amsterdam)","-57.1500","5.9333",,,2/15/2012 0:00:00,12/30/1899 19:30:00,"D- Property Damage","F- Driver",44.00,"Male","K- Private Cars","S- Driver's Negligence",2.00
3886,18902.00,"6- East Berbice- Corentyne",902,"Crabwood Creek Public Rd.","LEFT BANK CORENTYN RIVER (From New Amsterdam)","-57.1667","5.8500",,,2/19/2012 0:00:00,12/30/1899 21:00:00,"A- Fatal","F- Driver",27.00,"Male","K- Private Cars","O- Lost Control & Runoff",2.00
3887,18903.00,"6- East Berbice- Corentyne",878,"# 67 Access Rd.","LEFT BANK CORENTYN RIVER (From New Amsterdam)","-57.1500","5.9667",,,3/24/2012 0:00:00,12/30/1899 19:00:00,"D- Property Damage","F- Driver",30.00,"Male","K- Private Cars","P- Speeding",2.00
3888,18904.00,"6- East Berbice- Corentyne",886,"# 75 Public Rd.","LEFT BANK CORENTYN RIVER (From New Amsterdam)","-57.1500","5.9167",,,5/9/2012 0:00:00,12/30/1899 10:30:00,"B- Serious Injury","G- Rider",19.00,"Male","L- Lorries Van;V-Motor Cycle","U- Cyclist's Negligence",2.00
3889,18905.00,"6- East Berbice- Corentyne",900,"Line Path Public Rd.","LEFT BANK CORENTYN RIVER (From New Amsterdam)","-57.1500","5.8667",,,,12/30/1899 17:10:00,"C- Minor Injury","G- Rider",27.00,"Male","K- Private Cars;V-Motor Cycle","U- Cyclist's Negligence",2.00
3890,18906.00,"6- East Berbice- Corentyne",892,"# 78 Public Rd.","LEFT BANK CORENTYN RIVER (From New Amsterdam)","-57.1333","5.9000",,,7/4/2012 0:00:00,12/30/1899 13:30:00,"D- Property Damage","F- Driver",29.00,"Male","K- Private Cars","S- Driver's Negligence",1.00
3891,18907.00,"6- East Berbice- Corentyne",900,"Line path Public Rd.","LEFT BANK CORENTYN RIVER (From New Amsterdam)","-57.1500","5.8667",,,7/11/2012 0:00:00,12/30/1899 11:30:00,"C- Minor Injury","F- Driver",,"Male","M- Hire Cars","S- Driver's Negligence",3.00
3892,18908.00,"6- East Berbice- Corentyne",893,"Springlands Public Rd.","LEFT BANK CORENTYN RIVER (From New Amsterdam)","-57.1333","5.9000",,,7/13/2012 0:00:00,12/30/1899 11:00:00,"C- Minor Injury","F- Driver",,"Male","K- Private Cars","S- Driver's Negligence",2.00
3893,18909.00,"6- East Berbice- Corentyne",913,"Molson Creek Public Rd.","LEFT BANK CORENTYN RIVER (From New Amsterdam)","-57.1667","5.8167",,,7/21/2012 0:00:00,12/30/1899 14:30:00,"D- Property Damage","F- Driver",22.00,"Male","K- Private Cars;L- Lorries Van","S- Driver's Negligence",2.00
3894,18910.00,"6- East Berbice- Corentyne",881,"# 70 Public Rd.","LEFT BANK CORENTYN RIVER (From New Amsterdam)","-57.1500","5.9500",,,8/19/2012 0:00:00,12/30/1899 19:20:00,"D- Property Damage","F- Driver",32.00,"Male","K- Private Cars","P- Speeding",1.00
3895,18911.00,"6- East Berbice- Corentyne",888,"Scottsburg Public Rd.","LEFT BANK CORENTYN RIVER (From New Amsterdam)","-57.1333","5.9000",,,8/23/2012 0:00:00,12/30/1899 17:10:00,"B- Serious Injury","F- Driver",18.00,"Male","K- Private Cars;W-Pedal Cycle","P- Speeding",3.00
3896,18912.00,"6- East Berbice- Corentyne",896,"# 79 Public Rd.","LEFT BANK CORENTYN RIVER (From New Amsterdam)","-57.1333","5.8833",,,9/4/2012 0:00:00,12/30/1899 17:00:00,"C- Minor Injury","G- Rider",21.00,"Male","V-Motor Cycle","U- Cyclist's Negligence",2.00
3897,18913.00,"6- East Berbice- Corentyne",883,"# 72 Public Rd.","LEFT BANK CORENTYN RIVER (From New Amsterdam)","-57.1500","5.9333",,,9/11/2012 0:00:00,12/30/1899 19:00:00,"D- Property Damage","F- Driver",35.00,"Male","M- Hire Cars","S- Driver's Negligence",1.00
3898,18914.00,"6- East Berbice- Corentyne",892,"# 78 Public Rd.","LEFT BANK CORENTYN RIVER (From New Amsterdam)","-57.1333","5.9000",,,10/6/2012 0:00:00,12/30/1899 3:00:00,"D- Property Damage","F- Driver",39.00,"Male","K- Private Cars","P- Speeding",3.00
3899,18915.00,"6- East Berbice- Corentyne",880,"# 69 Public Rd.","LEFT BANK CORENTYN RIVER (From New Amsterdam)","-57.1500","5.9500",,,10/22/2012 0:00:00,12/30/1899 20:10:00,"D- Property Damage","F- Driver",29.00,"Male","L- Lorries Van","P- Speeding;Y- Animal",1.00
3900,18916.00,"6- East Berbice- Corentyne",888,"Scottsburg Public Rd.","LEFT BANK CORENTYN RIVER (From New Amsterdam)","-57.1333","5.9000",,,10/26/2012 0:00:00,12/30/1899 17:28:00,"B- Serious Injury","G- Rider",21.00,"Male","M- Hire Cars;V-Motor Cycle","U- Cyclist's Negligence",2.00
3901,18917.00,"6- East Berbice- Corentyne",902,"Crabwood Creek Public Rd.","LEFT BANK CORENTYN RIVER (From New Amsterdam)","-57.1667","5.8500",,,11/14/2012 0:00:00,12/30/1899 19:40:00,"B- Serious Injury","F- Driver",67.00,"Male","K- Private Cars;V-Motor Cycle","P- Speeding;S- Driver's Negligence",2.00
3902,18918.00,"6- East Berbice- Corentyne",897,"Queenstown Public Rd.","LEFT BANK CORENTYN RIVER (From New Amsterdam)","-57.1500","5.8667",,,11/10/2012 0:00:00,12/30/1899 22:30:00,"D- Property Damage","F- Driver",33.00,"Male","K- Private Cars","Q- Alcohol",2.00
3903,18919.00,"6- East Berbice- Corentyne",899,"Skeldon Public Rd.","LEFT BANK CORENTYN RIVER (From New Amsterdam)","-57.1333","5.8833",,,12/17/2012 0:00:00,12/30/1899 16:30:00,"B- Serious Injury","G- Rider",21.00,"Male","K- Private Cars;V-Motor Cycle","U- Cyclist's Negligence",2.00
3904,18920.00,"6- East Berbice- Corentyne",897,"Queenstown Public Rd.","LEFT BANK CORENTYN RIVER (From New Amsterdam)","-57.1500","5.8667",,,12/23/2012 0:00:00,12/30/1899 11:00:00,"D- Property Damage","F- Driver",,"Male","J- Minibus;M- Hire Cars","S- Driver's Negligence",2.00
3905,18921.00,"6- East Berbice- Corentyne",881,"# 70 Public Rd.","LEFT BANK CORENTYN RIVER (From New Amsterdam)","-57.1500","5.9500",,,3/13/2003 0:00:00,12/30/1899 15:00:00,"D- Property Damage","F- Driver",35.00,"Male","K- Private Cars","S- Driver's Negligence",1.00
3906,18922.00,"6- East Berbice- Corentyne",886,"# 75 Public Rd.","LEFT BANK CORENTYN RIVER (From New Amsterdam)","-57.1500","5.9167",,,3/23/2003 0:00:00,12/30/1899 9:00:00,"B- Serious Injury","F- Driver",35.00,"Male","M- Hire Cars","S- Driver's Negligence",3.00
3907,18923.00,"6- East Berbice- Corentyne",893,"Springlands Police Station Compound","LEFT BANK CORENTYN RIVER (From New Amsterdam)","-57.1333","5.9000",,,4/9/2003 0:00:00,12/30/1899 10:00:00,"D- Property Damage","F- Driver",28.00,"Male","K- Private Cars;N- Pickup","S- Driver's Negligence",2.00
3908,18924.00,"6- East Berbice- Corentyne",879,"# 68 Public Rd.","LEFT BANK CORENTYN RIVER (From New Amsterdam)","-57.1500","5.9500",,,4/21/2003 0:00:00,12/30/1899 17:49:00,"B- Serious Injury","F- Driver",17.00,"Male","M- Hire Cars;V-Motor Cycle","S- Driver's Negligence",3.00
3909,18925.00,"6- East Berbice- Corentyne",880,"# 69 Public Rd.","LEFT BANK CORENTYN RIVER (From New Amsterdam)","-57.1500","5.9500",,,4/29/2003 0:00:00,12/30/1899 18:55:00,"A- Fatal","F- Driver",71.00,"Male","J- Minibus;V-Motor Cycle","S- Driver's Negligence",3.00