"ID","Accident ID","Region Number","Corridor ID","Location (Intersection/Road/Street)","Corridor","Location- longitude/ X","Location- latitude/  Y","Mile Marker","Village","Date of Accident","Time of Accident","Type of Accident","Class of Road User","Age/DOB","Gender","Class of Vehicles Involved","Contributing Factor","Number of Persons Involved"
3910,18926.00,"6- East Berbice- Corentyne",893,"Springlands Public Rd.","LEFT BANK CORENTYN RIVER (From New Amsterdam)","-57.1333","5.9000",,,5/1/2003 0:00:00,12/30/1899 22:30:00,"B- Serious Injury","G- Rider",30.00,"Male","V-Motor Cycle","P- Speeding",2.00
3911,18927.00,"6- East Berbice- Corentyne",902,"Crabwood Creek Public Rd.","LEFT BANK CORENTYN RIVER (From New Amsterdam)","-57.1667","5.8500",,,5/7/2003 0:00:00,12/30/1899 10:35:00,"C- Minor Injury","F- Driver",33.00,"Male","M- Hire Cars;N- Pickup","S- Driver's Negligence",2.00
3912,18928.00,"6- East Berbice- Corentyne",900,"Line Path Public Rd.","LEFT BANK CORENTYN RIVER (From New Amsterdam)","-57.1500","5.8667",,,6/14/2003 0:00:00,12/30/1899 11:00:00,"B- Serious Injury","G- Rider",48.00,"Male","V-Motor Cycle;W-Pedal Cycle","P- Speeding",2.00
3913,18929.00,"6- East Berbice- Corentyne",880,"# 69 Public Rd.","LEFT BANK CORENTYN RIVER (From New Amsterdam)","-57.1500","5.9500",,,6/17/2003 0:00:00,12/30/1899 11:45:00,"A- Fatal","F- Driver",32.00,"Male","L- Lorries Van;W-Pedal Cycle","S- Driver's Negligence",2.00
3914,18930.00,"6- East Berbice- Corentyne",891,"Princetown Public Rd.","LEFT BANK CORENTYN RIVER (From New Amsterdam)","-57.1333","5.9000",,,6/21/2003 0:00:00,12/30/1899 9:45:00,"C- Minor Injury","F- Driver",25.00,"Male","J- Minibus","S- Driver's Negligence",2.00
3915,18931.00,"6- East Berbice- Corentyne",893,"Springlands Public Rd.","LEFT BANK CORENTYN RIVER (From New Amsterdam)","-57.1333","5.9000",,,6/22/2003 0:00:00,12/30/1899 21:20:00,"C- Minor Injury","F- Driver",37.00,"Male","K- Private Cars;L- Lorries Van","S- Driver's Negligence",2.00
3916,18932.00,"6- East Berbice- Corentyne",892,"# 78 Public Rd.","LEFT BANK CORENTYN RIVER (From New Amsterdam)","-57.1333","5.9000",,,6/24/2003 0:00:00,12/30/1899 16:25:00,"B- Serious Injury","F- Driver",35.00,"Male","J- Minibus;M- Hire Cars","S- Driver's Negligence",4.00
3917,18933.00,"6- East Berbice- Corentyne",881,"# 70 Public Rd.","LEFT BANK CORENTYN RIVER (From New Amsterdam)","-57.1500","5.9500",,,7/28/2003 0:00:00,12/30/1899 7:30:00,"D- Property Damage","F- Driver",52.00,"Male","K- Private Cars","Y- Animal",1.00
3918,18934.00,"6- East Berbice- Corentyne",879,"# 68 Public Rd.","LEFT BANK CORENTYN RIVER (From New Amsterdam)","-57.1500","5.9500",,,8/12/2003 0:00:00,12/30/1899 15:00:00,"C- Minor Injury","F- Driver",27.00,"Male","J- Minibus;V-Motor Cycle","S- Driver's Negligence",2.00
3919,18935.00,"6- East Berbice- Corentyne",900,"Line Path Public Rd.","LEFT BANK CORENTYN RIVER (From New Amsterdam)","-57.1500","5.8667",,,8/24/2003 0:00:00,12/30/1899 7:25:00,"A- Fatal","F- Driver",,"Male","K- Private Cars","S- Driver's Negligence",2.00
3920,18936.00,"6- East Berbice- Corentyne",900,"Line Path Public Rd.","LEFT BANK CORENTYN RIVER (From New Amsterdam)","-57.1500","5.8667",,,9/5/2003 0:00:00,12/30/1899 14:37:00,"B- Serious Injury","F- Driver",32.00,"Male","M- Hire Cars","S- Driver's Negligence",4.00
3921,18937.00,"6- East Berbice- Corentyne",882,"# 71 Public Rd.","LEFT BANK CORENTYN RIVER (From New Amsterdam)","-57.1500","5.9333",,,10/5/2003 0:00:00,12/30/1899 17:40:00,"B- Serious Injury","F- Driver",42.00,"Male","L- Lorries Van","S- Driver's Negligence",2.00
3922,18938.00,"6- East Berbice- Corentyne",884,"# 73 Public Rd.","LEFT BANK CORENTYN RIVER (From New Amsterdam)","-57.1500","5.9333",,,10/12/2003 0:00:00,12/30/1899 23:30:00,"B- Serious Injury","F- Driver",,,"K- Private Cars","S- Driver's Negligence",2.00
3923,18939.00,"6- East Berbice- Corentyne",900,"Line Path Public Rd.","LEFT BANK CORENTYN RIVER (From New Amsterdam)","-57.1500","5.8667",,,10/19/2003 0:00:00,12/30/1899 17:00:00,"A- Fatal","F- Driver",25.00,"Male","V-Motor Cycle","P- Speeding;Q- Alcohol",1.00
3924,18940.00,"6- East Berbice- Corentyne",886,"# 75 Public Rd.","LEFT BANK CORENTYN RIVER (From New Amsterdam)","-57.1500","5.9167",,,10/22/2003 0:00:00,12/30/1899 11:40:00,"D- Property Damage","F- Driver",28.00,"Male","K- Private Cars","S- Driver's Negligence",2.00
3925,18941.00,"6- East Berbice- Corentyne",888,"Scottsburg Public Rd.","LEFT BANK CORENTYN RIVER (From New Amsterdam)","-57.1333","5.9000",,,10/25/2003 0:00:00,12/30/1899 12:00:00,"B- Serious Injury","F- Driver",34.00,"Male","L- Lorries Van","P- Speeding",2.00
3926,18942.00,"6- East Berbice- Corentyne",885,"# 74 Public Rd.","LEFT BANK CORENTYN RIVER (From New Amsterdam)","-57.1500","5.9333",,,10/27/2003 0:00:00,12/30/1899 14:30:00,"B- Serious Injury","F- Driver",24.00,"Male","M- Hire Cars","O- Lost Control & Runoff",3.00
3927,18943.00,"6- East Berbice- Corentyne",882,"# 71 Public Rd.","LEFT BANK CORENTYN RIVER (From New Amsterdam)","-57.1500","5.9333",,,11/6/2003 0:00:00,12/30/1899 8:30:00,"D- Property Damage","F- Driver",51.00,"Male","J- Minibus;K- Private Cars","P- Speeding;S- Driver's Negligence",2.00
3928,18944.00,"6- East Berbice- Corentyne",885,"# 74 Public Rd.","LEFT BANK CORENTYN RIVER (From New Amsterdam)","-57.1500","5.9333",,,11/23/2003 0:00:00,12/30/1899 19:00:00,"B- Serious Injury","F- Driver",41.00,"Male","J- Minibus;L- Lorries Van","P- Speeding",2.00
3929,18945.00,"6- East Berbice- Corentyne",896,"# 79 Public Rd.","LEFT BANK CORENTYN RIVER (From New Amsterdam)","-57.1333","5.8833",,,11/27/2003 0:00:00,12/30/1899 14:30:00,"D- Property Damage","F- Driver",36.00,"Male","L- Lorries Van;M- Hire Cars","S- Driver's Negligence",2.00
3930,18946.00,"6- East Berbice- Corentyne",902,"Crabwood Creek Public Rd.","LEFT BANK CORENTYN RIVER (From New Amsterdam)","-57.1667","5.8500",,,12/1/2003 0:00:00,12/30/1899 7:00:00,"D- Property Damage","F- Driver",22.00,"Male","K- Private Cars","S- Driver's Negligence",1.00
3931,18947.00,"6- East Berbice- Corentyne",886,"# 75 Public Rd.","LEFT BANK CORENTYN RIVER (From New Amsterdam)","-57.1500","5.9167",,,12/7/2003 0:00:00,12/30/1899 10:30:00,"B- Serious Injury","G- Rider",33.00,"Male","V-Motor Cycle","U- Cyclist's Negligence",3.00
3932,18948.00,"6- East Berbice- Corentyne",893,"Springlands Public Rd.","LEFT BANK CORENTYN RIVER (From New Amsterdam)","-57.1333","5.9000",,,12/15/2003 0:00:00,12/30/1899 6:55:00,"C- Minor Injury","F- Driver",,"Male","V-Motor Cycle","U- Cyclist's Negligence",2.00
3933,18949.00,"6- East Berbice- Corentyne",900,"Line Path Public Rd.","LEFT BANK CORENTYN RIVER (From New Amsterdam)","-57.1500","5.8667",,,12/19/2003 0:00:00,12/30/1899 12:32:00,"C- Minor Injury","F- Driver",24.00,"Male","K- Private Cars;M- Hire Cars","S- Driver's Negligence",2.00
3934,18950.00,"6- East Berbice- Corentyne",884,"# 73 Public Rd.","LEFT BANK CORENTYN RIVER (From New Amsterdam)","-57.1500","5.9333",,,12/30/2003 0:00:00,12/30/1899 16:15:00,"C- Minor Injury","G- Rider",35.00,"Male","V-Motor Cycle","Y- Animal",2.00
3935,18951.00,"6- East Berbice- Corentyne",885,"# 74 Public Rd.","LEFT BANK CORENTYN RIVER (From New Amsterdam)","-57.1500","5.9333",,,1/1/2004 0:00:00,12/30/1899 11:10:00,"C- Minor Injury","F- Driver",47.00,"Male","J- Minibus","S- Driver's Negligence",1.00
3936,18952.00,"6- East Berbice- Corentyne",881,"# 70 public Rd.","LEFT BANK CORENTYN RIVER (From New Amsterdam)","-57.1500","5.9500",,,1/3/2004 0:00:00,12/30/1899 11:48:00,"A- Fatal","G- Rider",,"Male","V-Motor Cycle","P- Speeding",2.00
3937,18953.00,"6- East Berbice- Corentyne",890,"Dukestown Public Rd.","LEFT BANK CORENTYN RIVER (From New Amsterdam)","-57.1333","5.9000",,,1/9/2004 0:00:00,12/30/1899 21:10:00,"B- Serious Injury","F- Driver",,,,"S- Driver's Negligence",3.00
3938,18954.00,"6- East Berbice- Corentyne",902,"Crabwood Creek Public Rd.","LEFT BANK CORENTYN RIVER (From New Amsterdam)","-57.1667","5.8500",,,2/2/2004 0:00:00,12/30/1899 17:25:00,"C- Minor Injury","F- Driver",37.00,"Male","K- Private Cars;L- Lorries Van;W-Pedal Cycle","S- Driver's Negligence",3.00
3939,18955.00,"6- East Berbice- Corentyne",896,"# 79 Public Rd.","LEFT BANK CORENTYN RIVER (From New Amsterdam)","-57.1333","5.8833",,,2/10/2004 0:00:00,12/30/1899 17:40:00,"B- Serious Injury","F- Driver",22.00,"Male","M- Hire Cars;W-Pedal Cycle","S- Driver's Negligence;U- Cyclist's Negligence",2.00
3940,18956.00,"6- East Berbice- Corentyne",893,"Springlands Public Rd.","LEFT BANK CORENTYN RIVER (From New Amsterdam)","-57.1333","5.9000",,,2/14/2004 0:00:00,12/30/1899 8:35:00,"B- Serious Injury","F- Driver",43.00,"Male","J- Minibus;V-Motor Cycle","S- Driver's Negligence",2.00
3941,18957.00,"6- East Berbice- Corentyne",902,"Crabwood Creek Public Rd.","LEFT BANK CORENTYN RIVER (From New Amsterdam)","-57.1667","5.8500",,,2/28/2004 0:00:00,12/30/1899 9:20:00,"C- Minor Injury","F- Driver",43.00,"Male","M- Hire Cars","S- Driver's Negligence",2.00
3942,18958.00,"6- East Berbice- Corentyne",902,"Crabwood Creek Public Rd.","LEFT BANK CORENTYN RIVER (From New Amsterdam)","-57.1667","5.8500",,,3/1/2004 0:00:00,12/30/1899 12:58:00,"C- Minor Injury","G- Rider",22.00,"Male","V-Motor Cycle","U- Cyclist's Negligence",2.00
3943,18959.00,"6- East Berbice- Corentyne",884,"# 73 Public Rd.","LEFT BANK CORENTYN RIVER (From New Amsterdam)","-57.1500","5.9333",,,3/11/2004 0:00:00,12/30/1899 15:30:00,"A- Fatal","F- Driver",51.00,"Male","L- Lorries Van;W-Pedal Cycle","S- Driver's Negligence",2.00
3944,18960.00,"6- East Berbice- Corentyne",893,"Springlands Public Rd.","LEFT BANK CORENTYN RIVER (From New Amsterdam)","-57.1333","5.9000",,,3/19/2004 0:00:00,12/30/1899 21:45:00,"B- Serious Injury","G- Rider",38.00,"Male","K- Private Cars;V-Motor Cycle","U- Cyclist's Negligence",3.00
3945,18961.00,"6- East Berbice- Corentyne",886,"# 75 Public Rd.","LEFT BANK CORENTYN RIVER (From New Amsterdam)","-57.1500","5.9167",,,3/29/2004 0:00:00,12/30/1899 8:30:00,"D- Property Damage","F- Driver",28.00,"Male","M- Hire Cars;V-Motor Cycle","P- Speeding;S- Driver's Negligence",2.00
3946,18962.00,"6- East Berbice- Corentyne",887,"# 76 Public Rd.","LEFT BANK CORENTYN RIVER (From New Amsterdam)","-57.1500","5.9167",,,3/28/2004 0:00:00,12/30/1899 17:05:00,"B- Serious Injury","F- Driver",38.00,"Male","K- Private Cars;W-Pedal Cycle","S- Driver's Negligence",2.00
3947,18963.00,"6- East Berbice- Corentyne",888,"Scottsburg Public Rd.","LEFT BANK CORENTYN RIVER (From New Amsterdam)","-57.1333","5.9000",,,4/12/2004 0:00:00,12/30/1899 18:30:00,"C- Minor Injury","F- Driver",26.00,"Male","J- Minibus;K- Private Cars","S- Driver's Negligence",2.00
3948,18964.00,"6- East Berbice- Corentyne",885,"# 74 Public Rd.","LEFT BANK CORENTYN RIVER (From New Amsterdam)","-57.1500","5.9333",,,4/15/2004 0:00:00,12/30/1899 10:30:00,"D- Property Damage","F- Driver",67.00,"Male","K- Private Cars","Y- Animal",1.00
3949,18965.00,"6- East Berbice- Corentyne",881,"# 70 Oublic Rd.","LEFT BANK CORENTYN RIVER (From New Amsterdam)","-57.1500","5.9500",,,5/18/2004 0:00:00,12/30/1899 8:30:00,"C- Minor Injury","E- Pedestrian",9.00,"Male","J- Minibus","T-Pedestrian's Negligence",2.00
3950,18966.00,"6- East Berbice- Corentyne",879,"# 68 Public Rd.","LEFT BANK CORENTYN RIVER (From New Amsterdam)","-57.1500","5.9500",,,6/20/2004 0:00:00,12/30/1899 18:30:00,"B- Serious Injury","F- Driver",21.00,"Male","M- Hire Cars;V-Motor Cycle","S- Driver's Negligence",2.00
3951,18967.00,"6- East Berbice- Corentyne",886,"# 75 Public Rd.","LEFT BANK CORENTYN RIVER (From New Amsterdam)","-57.1500","5.9167",,,7/19/2004 0:00:00,12/30/1899 0:50:00,"B- Serious Injury","F- Driver",,,,,2.00
3952,18968.00,"6- East Berbice- Corentyne",900,"Line Path Public Rd.","LEFT BANK CORENTYN RIVER (From New Amsterdam)","-57.1500","5.8667",,,7/20/2004 0:00:00,12/30/1899 13:45:00,"B- Serious Injury","F- Driver",30.00,"Male","M- Hire Cars","O- Lost Control & Runoff",2.00
3953,18969.00,"6- East Berbice- Corentyne",896,"# 79 Public Rd.","LEFT BANK CORENTYN RIVER (From New Amsterdam)","-57.1333","5.8833",,,8/6/2004 0:00:00,12/30/1899 21:10:00,"A- Fatal","G- Rider",22.00,"Male","V-Motor Cycle","U- Cyclist's Negligence",2.00
3954,18970.00,"6- East Berbice- Corentyne",883,"# 72 Public Rd.","LEFT BANK CORENTYN RIVER (From New Amsterdam)","-57.1500","5.9333",,,9/12/2004 0:00:00,12/30/1899 19:15:00,"D- Property Damage","F- Driver",,,"M- Hire Cars","S- Driver's Negligence",2.00
3955,18971.00,"6- East Berbice- Corentyne",893,"Springlands Public Rd.","LEFT BANK CORENTYN RIVER (From New Amsterdam)","-57.1333","5.9000",,,9/14/2004 0:00:00,12/30/1899 7:40:00,"C- Minor Injury","G- Rider",,,"V-Motor Cycle",,1.00
3956,18972.00,"6- East Berbice- Corentyne",892,"# 78 Public Rd.","LEFT BANK CORENTYN RIVER (From New Amsterdam)","-57.1333","5.9000",,,9/20/2004 0:00:00,12/30/1899 7:30:00,"B- Serious Injury","F- Driver",,,"M- Hire Cars","S- Driver's Negligence",2.00
3957,18973.00,"6- East Berbice- Corentyne",902,"Donkey City Public Rd.","LEFT BANK CORENTYN RIVER (From New Amsterdam)","-57.1667","5.8500",,,10/22/2004 0:00:00,12/30/1899 9:30:00,"D- Property Damage","F- Driver",,"Male","K- Private Cars","S- Driver's Negligence",2.00
3958,18974.00,"6- East Berbice- Corentyne",900,"Line Path Public Rd.","LEFT BANK CORENTYN RIVER (From New Amsterdam)","-57.1500","5.8667",,,10/6/2004 0:00:00,12/30/1899 15:00:00,"B- Serious Injury","F- Driver",18.00,"Male","L- Lorries Van","R- Improper Overtaking",2.00
3959,18975.00,"6- East Berbice- Corentyne",877,,"LEFT BANK CORENTYN RIVER (From New Amsterdam)","-57.1500","5.9667",,,10/9/2004 0:00:00,12/30/1899 19:30:00,"A- Fatal","F- Driver",19.00,"Male","L- Lorries Van;W-Pedal Cycle","S- Driver's Negligence",2.00
3960,18976.00,"6- East Berbice- Corentyne",887,"# 76 Public Rd.","LEFT BANK CORENTYN RIVER (From New Amsterdam)","-57.1500","5.9167",,,10/26/2004 0:00:00,12/30/1899 11:40:00,"C- Minor Injury","F- Driver",47.00,"Male","M- Hire Cars;W-Pedal Cycle","S- Driver's Negligence",2.00
3961,18977.00,"6- East Berbice- Corentyne",900,"Line Path Public Rd.","LEFT BANK CORENTYN RIVER (From New Amsterdam)","-57.1500","5.8667",,,10/26/2004 0:00:00,12/30/1899 15:55:00,"A- Fatal","F- Driver",44.00,"Male","L- Lorries Van","S- Driver's Negligence",2.00
3962,18978.00,"6- East Berbice- Corentyne",902,"Crabwood Creek Public Rd.","LEFT BANK CORENTYN RIVER (From New Amsterdam)","-57.1667","5.8500",,,10/30/2004 0:00:00,12/30/1899 10:55:00,"A- Fatal","G- Rider",55.00,"Male","V-Motor Cycle","U- Cyclist's Negligence",2.00
3963,18979.00,"6- East Berbice- Corentyne",881,"# 70 Public Rd.","LEFT BANK CORENTYN RIVER (From New Amsterdam)","-57.1500","5.9500",,,11/7/2004 0:00:00,12/30/1899 18:15:00,"B- Serious Injury","F- Driver",,"Male","L- Lorries Van","S- Driver's Negligence",2.00
3964,18980.00,"6- East Berbice- Corentyne",883,"# 72 Public Rd.","LEFT BANK CORENTYN RIVER (From New Amsterdam)","-57.1500","5.9333",,,11/19/2004 0:00:00,12/30/1899 12:40:00,"B- Serious Injury","F- Driver",,"Male","K- Private Cars","S- Driver's Negligence",2.00
3965,18981.00,"6- East Berbice- Corentyne",902,"Crabwood Creek Public Rd.","LEFT BANK CORENTYN RIVER (From New Amsterdam)","-57.1667","5.8500",,,11/19/2004 0:00:00,12/30/1899 15:45:00,"B- Serious Injury","F- Driver",35.00,"Male","L- Lorries Van","S- Driver's Negligence",2.00
3966,18982.00,"6- East Berbice- Corentyne",893,"Springlands Public Rd.","LEFT BANK CORENTYN RIVER (From New Amsterdam)","-57.1333","5.9000",,,11/27/2004 0:00:00,12/30/1899 8:40:00,"B- Serious Injury","F- Driver",,"Male","K- Private Cars","S- Driver's Negligence",2.00
3967,18983.00,"6- East Berbice- Corentyne",893,"Springlands Public Rd.","LEFT BANK CORENTYN RIVER (From New Amsterdam)","-57.1333","5.9000",,,11/28/2004 0:00:00,12/30/1899 9:00:00,"A- Fatal","F- Driver",39.00,"Male","K- Private Cars","S- Driver's Negligence",2.00
3968,18984.00,"6- East Berbice- Corentyne",893,"Springlands Public Rd.","LEFT BANK CORENTYN RIVER (From New Amsterdam)","-57.1333","5.9000",,,12/4/2004 0:00:00,12/30/1899 21:10:00,"C- Minor Injury","F- Driver",35.00,"Male","K- Private Cars","S- Driver's Negligence",2.00
3969,18985.00,"6- East Berbice- Corentyne",899,"Skeldon Public Rd.","LEFT BANK CORENTYN RIVER (From New Amsterdam)","-57.1333","5.8833",,,1/1/2005 0:00:00,12/30/1899 11:20:00,"C- Minor Injury","F- Driver",38.00,"Male","L- Lorries Van;V-Motor Cycle","P- Speeding;S- Driver's Negligence",2.00
3970,18986.00,"6- East Berbice- Corentyne",893,"Springlands Public Rd.","LEFT BANK CORENTYN RIVER (From New Amsterdam)","-57.1333","5.9000",,,1/21/2005 0:00:00,12/30/1899 21:55:00,"C- Minor Injury","F- Driver",54.00,"Male","L- Lorries Van;V-Motor Cycle","R- Improper Overtaking",2.00
3971,18987.00,"6- East Berbice- Corentyne",900,"Line Path Public Rd.","LEFT BANK CORENTYN RIVER (From New Amsterdam)","-57.1500","5.8667",,,2/7/2005 0:00:00,12/30/1899 23:35:00,"B- Serious Injury","G- Rider",25.00,"Male","V-Motor Cycle","Y- Animal",2.00
3972,18988.00,"6- East Berbice- Corentyne",899,"Skeldon Estate Entrance","LEFT BANK CORENTYN RIVER (From New Amsterdam)","-57.1333","5.8833",,,2/18/2005 0:00:00,,"B- Serious Injury","F- Driver",45.00,"Male","L- Lorries Van","S- Driver's Negligence",2.00
3973,18989.00,"6- East Berbice- Corentyne",902,"Crabwood Creek Public Rd.","LEFT BANK CORENTYN RIVER (From New Amsterdam)","-57.1667","5.8500",,,2/27/2005 0:00:00,12/30/1899 18:30:00,"C- Minor Injury","G- Rider",,"Male","W-Pedal Cycle","U- Cyclist's Negligence",3.00
3974,18990.00,"6- East Berbice- Corentyne",892,"# 78 Public Rd.","LEFT BANK CORENTYN RIVER (From New Amsterdam)","-57.1333","5.9000",,,3/3/2005 0:00:00,12/30/1899 17:20:00,"B- Serious Injury","E- Pedestrian",38.00,"Male","L- Lorries Van","T-Pedestrian's Negligence",2.00
3975,18991.00,"6- East Berbice- Corentyne",896,"# 79 Public Rd.","LEFT BANK CORENTYN RIVER (From New Amsterdam)","-57.1333","5.8833",,,3/16/2005 0:00:00,12/30/1899 15:00:00,"B- Serious Injury","F- Driver",19.00,"Male","K- Private Cars","S- Driver's Negligence",2.00
3976,18992.00,"6- East Berbice- Corentyne",892,"Rampoor Public Rd.","LEFT BANK CORENTYN RIVER (From New Amsterdam)","-57.1333","5.9000",,,3/16/2005 0:00:00,12/30/1899 9:30:00,"B- Serious Injury","G- Rider",40.00,"Male","V-Motor Cycle","U- Cyclist's Negligence",2.00
3977,18993.00,"6- East Berbice- Corentyne",893,"Springlands Public Rd.","LEFT BANK CORENTYN RIVER (From New Amsterdam)","-57.1333","5.9000",,,3/20/2005 0:00:00,12/30/1899 21:15:00,"B- Serious Injury","F- Driver",35.00,"Male","J- Minibus","S- Driver's Negligence",2.00
3978,18994.00,"6- East Berbice- Corentyne",892,"# 78 Public Rd.","LEFT BANK CORENTYN RIVER (From New Amsterdam)","-57.1333","5.9000",,,3/30/2005 0:00:00,12/30/1899 10:45:00,"D- Property Damage","F- Driver",46.00,"Male","J- Minibus;M- Hire Cars","S- Driver's Negligence",2.00
3979,18995.00,"6- East Berbice- Corentyne",890,"Dukestown Public Rd.","LEFT BANK CORENTYN RIVER (From New Amsterdam)","-57.1333","5.9000",,,4/6/2005 0:00:00,12/30/1899 19:13:00,"C- Minor Injury","F- Driver",,,,,2.00
3980,18996.00,"6- East Berbice- Corentyne",892,"# 78 Public Rd.","LEFT BANK CORENTYN RIVER (From New Amsterdam)","-57.1333","5.9000",,,5/5/2005 0:00:00,12/30/1899 20:00:00,"B- Serious Injury","G- Rider",36.00,"Male","V-Motor Cycle","Y- Animal",1.00
3981,18997.00,"6- East Berbice- Corentyne",902,"Crabwood Creek Public Rd.","LEFT BANK CORENTYN RIVER (From New Amsterdam)","-57.1667","5.8500",,,5/14/2005 0:00:00,12/30/1899 15:00:00,"B- Serious Injury","F- Driver",21.00,"Male","M- Hire Cars;W-Pedal Cycle","S- Driver's Negligence",2.00
3982,18998.00,"6- East Berbice- Corentyne",893,"Springlands Public Rd.","LEFT BANK CORENTYN RIVER (From New Amsterdam)","-57.1333","5.9000",,,5/24/2005 0:00:00,12/30/1899 10:40:00,"C- Minor Injury","G- Rider",38.00,"Male","M- Hire Cars;W-Pedal Cycle","U- Cyclist's Negligence",2.00
3983,18999.00,"6- East Berbice- Corentyne",902,"Crabwood Creek Public Rd.","LEFT BANK CORENTYN RIVER (From New Amsterdam)","-57.1667","5.8500",,,5/30/2005 0:00:00,12/30/1899 16:40:00,"B- Serious Injury","E- Pedestrian",8.00,"Female","K- Private Cars","T-Pedestrian's Negligence",2.00
3984,19000.00,"6- East Berbice- Corentyne",896,"# 79 Public Rd.","LEFT BANK CORENTYN RIVER (From New Amsterdam)","-57.1333","5.8833",,,6/4/2005 0:00:00,12/30/1899 21:00:00,"A- Fatal","G- Rider",48.00,"Male","J- Minibus;V-Motor Cycle","U- Cyclist's Negligence",2.00
3985,19001.00,"6- East Berbice- Corentyne",896,"# 79 Public Rd.","LEFT BANK CORENTYN RIVER (From New Amsterdam)","-57.1333","5.8833",,,6/9/2005 0:00:00,12/30/1899 10:13:00,"C- Minor Injury","G- Rider",38.00,"Male","M- Hire Cars;W-Pedal Cycle","U- Cyclist's Negligence",2.00
3986,19002.00,"6- East Berbice- Corentyne",885,"# 74 Public Rd.","LEFT BANK CORENTYN RIVER (From New Amsterdam)","-57.1500","5.9333",,,6/26/2005 0:00:00,12/30/1899 1:45:00,"C- Minor Injury","F- Driver",21.00,"Male","K- Private Cars","P- Speeding;Y- Animal",1.00
3987,19003.00,"6- East Berbice- Corentyne",881,"# 70 Public Rd.","LEFT BANK CORENTYN RIVER (From New Amsterdam)","-57.1500","5.9500",,,7/31/2005 0:00:00,12/30/1899 17:30:00,"D- Property Damage","F- Driver",28.00,"Male","K- Private Cars","S- Driver's Negligence",3.00
3988,19004.00,"6- East Berbice- Corentyne",885,"# 74 Public Rd.","LEFT BANK CORENTYN RIVER (From New Amsterdam)","-57.1500","5.9333",,,8/1/2005 0:00:00,12/30/1899 21:00:00,"D- Property Damage","F- Driver",28.00,"Male","M- Hire Cars","Y- Animal",1.00
3989,19005.00,"6- East Berbice- Corentyne",888,"Scottsburg Public Rd.","LEFT BANK CORENTYN RIVER (From New Amsterdam)","-57.1333","5.9000",,,9/2/2005 0:00:00,12/30/1899 15:30:00,"B- Serious Injury","F- Driver",30.00,"Male","L- Lorries Van;V-Motor Cycle","R- Improper Overtaking",3.00
3990,19006.00,"6- East Berbice- Corentyne",893,"Springlands Public Rd.","LEFT BANK CORENTYN RIVER (From New Amsterdam)","-57.1333","5.9000",,,9/28/2005 0:00:00,12/30/1899 18:42:00,"C- Minor Injury","G- Rider",21.00,"Male","L- Lorries Van;W-Pedal Cycle","U- Cyclist's Negligence",2.00
3991,19007.00,"6- East Berbice- Corentyne",900,"Line Path Public Rd.","LEFT BANK CORENTYN RIVER (From New Amsterdam)","-57.1500","5.8667",,,9/19/2005 0:00:00,12/30/1899 15:09:00,"B- Serious Injury","F- Driver",34.00,"Male","M- Hire Cars;V-Motor Cycle","S- Driver's Negligence",2.00
3992,19008.00,"6- East Berbice- Corentyne",900,"Line Path Public Rd.","LEFT BANK CORENTYN RIVER (From New Amsterdam)","-57.1500","5.8667",,,10/10/2005 0:00:00,12/30/1899 10:40:00,"B- Serious Injury","G- Rider",11.00,"Male","L- Lorries Van;W-Pedal Cycle","U- Cyclist's Negligence",2.00
3993,19009.00,"6- East Berbice- Corentyne",885,"# 74 Public Rd.","LEFT BANK CORENTYN RIVER (From New Amsterdam)","-57.1500","5.9333",,,10/14/2005 0:00:00,12/30/1899 7:30:00,"C- Minor Injury","E- Pedestrian",,,"M- Hire Cars","T-Pedestrian's Negligence",2.00
3994,19010.00,"6- East Berbice- Corentyne",899,"Skeldon Public Rd.","LEFT BANK CORENTYN RIVER (From New Amsterdam)","-57.1333","5.8833",,,12/21/2005 0:00:00,12/30/1899 20:45:00,"C- Minor Injury","F- Driver",,"Male","K- Private Cars","S- Driver's Negligence",2.00
3995,19011.00,"6- East Berbice- Corentyne",885,"# 74 Public Rd.","LEFT BANK CORENTYN RIVER (From New Amsterdam)","-57.1500","5.9333",,,12/27/2005 0:00:00,12/30/1899 21:30:00,"A- Fatal","F- Driver",25.00,"Male","L- Lorries Van","P- Speeding",3.00
3996,19012.00,"6- East Berbice- Corentyne",885,"# 74 Public Rd.","LEFT BANK CORENTYN RIVER (From New Amsterdam)","-57.1500","5.9333",,,1/2/2006 0:00:00,12/30/1899 17:00:00,"D- Property Damage","F- Driver",40.00,"Male","K- Private Cars","P- Speeding;Y- Animal",1.00
3997,19013.00,"6- East Berbice- Corentyne",892,"# 78 Public Rd.","LEFT BANK CORENTYN RIVER (From New Amsterdam)","-57.1333","5.9000",,,1/8/2006 0:00:00,12/30/1899 11:50:00,"D- Property Damage","F- Driver",40.00,"Male","K- Private Cars;M- Hire Cars","S- Driver's Negligence",2.00
3998,19014.00,"6- East Berbice- Corentyne",886,"# 75 Public Rd.","LEFT BANK CORENTYN RIVER (From New Amsterdam)","-57.1500","5.9167",,,1/9/2006 0:00:00,12/30/1899 14:10:00,"C- Minor Injury","F- Driver",25.00,"Male","M- Hire Cars;X-Tractor","S- Driver's Negligence",2.00
3999,19015.00,"6- East Berbice- Corentyne",885,"# 74 Public Rd.","LEFT BANK CORENTYN RIVER (From New Amsterdam)","-57.1500","5.9333",,,1/22/2006 0:00:00,12/30/1899 10:45:00,"B- Serious Injury","G- Rider",35.00,"Male","V-Motor Cycle","U- Cyclist's Negligence",2.00
4000,19016.00,"6- East Berbice- Corentyne",889,"# 77 Public Rd.","LEFT BANK CORENTYN RIVER (From New Amsterdam)","-57.1333","5.9000",,,1/24/2006 0:00:00,12/30/1899 18:50:00,"C- Minor Injury","F- Driver",21.00,"Male","M- Hire Cars","S- Driver's Negligence",2.00