"ID","Accident ID","Region Number","Corridor ID","Location (Intersection/Road/Street)","Corridor","Location- longitude/ X","Location- latitude/  Y","Mile Marker","Village","Date of Accident","Time of Accident","Type of Accident","Class of Road User","Age/DOB","Gender","Class of Vehicles Involved","Contributing Factor","Number of Persons Involved"
4001,19017.00,"6- East Berbice- Corentyne",896,"# 79 Public Rd.","LEFT BANK CORENTYN RIVER (From New Amsterdam)","-57.1333","5.8833",,,2/3/2006 0:00:00,12/30/1899 22:10:00,"D- Property Damage","F- Driver",47.00,"Male","N- Pickup","Y- Animal",1.00
4002,19018.00,"6- East Berbice- Corentyne",881,"# 70 Public Rd.","LEFT BANK CORENTYN RIVER (From New Amsterdam)","-57.1500","5.9500",,,2/9/2006 0:00:00,12/30/1899 20:00:00,"D- Property Damage","F- Driver",38.00,"Male","K- Private Cars;L- Lorries Van","S- Driver's Negligence",2.00
4003,19019.00,"6- East Berbice- Corentyne",889,"# 77 Public Rd.","LEFT BANK CORENTYN RIVER (From New Amsterdam)","-57.1333","5.9000",,,2/25/2006 0:00:00,12/30/1899 23:05:00,"B- Serious Injury","G- Rider",27.00,"Male","V-Motor Cycle","S- Driver's Negligence",2.00
4004,19020.00,"6- East Berbice- Corentyne",893,"Springlands Public Rd.","LEFT BANK CORENTYN RIVER (From New Amsterdam)","-57.1333","5.9000",,,3/3/2006 0:00:00,12/30/1899 19:06:00,"A- Fatal","G- Rider",22.00,"Male","V-Motor Cycle;W-Pedal Cycle","U- Cyclist's Negligence",2.00
4005,19021.00,"6- East Berbice- Corentyne",893,"Springlands Public Rd.","LEFT BANK CORENTYN RIVER (From New Amsterdam)","-57.1333","5.9000",,,4/16/2006 0:00:00,12/30/1899 19:30:00,"B- Serious Injury","F- Driver",33.00,"Male","K- Private Cars;X-Tractor","P- Speeding",2.00
4006,19022.00,"6- East Berbice- Corentyne",899,"Skeldon Public Rd.","LEFT BANK CORENTYN RIVER (From New Amsterdam)","-57.1333","5.8833",,,5/15/2006 0:00:00,12/30/1899 15:15:00,"C- Minor Injury","F- Driver",28.00,"Male","K- Private Cars;W-Pedal Cycle","S- Driver's Negligence",2.00
4007,19023.00,"6- East Berbice- Corentyne",900,"Line Path Public Rd.","LEFT BANK CORENTYN RIVER (From New Amsterdam)","-57.1500","5.8667",,,5/17/2006 0:00:00,12/30/1899 17:30:00,"B- Serious Injury","F- Driver",35.00,"Male","M- Hire Cars;W-Pedal Cycle","S- Driver's Negligence",2.00
4008,19024.00,"6- East Berbice- Corentyne",902,"Crabwood Creek Public Rd.","LEFT BANK CORENTYN RIVER (From New Amsterdam)","-57.1667","5.8500",,,5/26/2006 0:00:00,,"D- Property Damage","F- Driver",27.00,"Male","M- Hire Cars","S- Driver's Negligence",2.00
4009,19025.00,"6- East Berbice- Corentyne",893,"Springlands Public Rd.","LEFT BANK CORENTYN RIVER (From New Amsterdam)","-57.1333","5.9000",,,7/4/2006 0:00:00,12/30/1899 14:05:00,"B- Serious Injury","F- Driver",45.00,"Male","K- Private Cars;M- Hire Cars","P- Speeding",8.00
4010,19026.00,"6- East Berbice- Corentyne",889,"# 77 Public Rd.","LEFT BANK CORENTYN RIVER (From New Amsterdam)","-57.1333","5.9000",,,7/4/2006 0:00:00,12/30/1899 19:00:00,"D- Property Damage","F- Driver",35.00,"Male","K- Private Cars;M- Hire Cars","P- Speeding",2.00
4011,19027.00,"6- East Berbice- Corentyne",893,"Springlands Public Rd.","LEFT BANK CORENTYN RIVER (From New Amsterdam)","-57.1333","5.9000",,,7/19/2006 0:00:00,12/30/1899 16:25:00,"B- Serious Injury","F- Driver",43.00,"Male","M- Hire Cars","S- Driver's Negligence",6.00
4012,19028.00,"6- East Berbice- Corentyne",889,"# 77 Public Rd.","LEFT BANK CORENTYN RIVER (From New Amsterdam)","-57.1333","5.9000",,,9/18/2006 0:00:00,12/30/1899 8:40:00,"B- Serious Injury","F- Driver",24.00,"Male","M- Hire Cars","S- Driver's Negligence",2.00
4013,19029.00,"6- East Berbice- Corentyne",881,"# 70 Public Rd.","LEFT BANK CORENTYN RIVER (From New Amsterdam)","-57.1500","5.9500",,,9/25/2006 0:00:00,12/30/1899 12:00:00,"A- Fatal","F- Driver",48.00,"Male","J- Minibus","S- Driver's Negligence",2.00
4014,19030.00,"6- East Berbice- Corentyne",889,"# 77 Public Rd.","LEFT BANK CORENTYN RIVER (From New Amsterdam)","-57.1333","5.9000",,,9/18/2006 0:00:00,12/30/1899 23:30:00,"B- Serious Injury","G- Rider",44.00,"Male","V-Motor Cycle","Y- Animal",1.00
4015,19031.00,"6- East Berbice- Corentyne",881,"# 70 Public Rd.","LEFT BANK CORENTYN RIVER (From New Amsterdam)","-57.1500","5.9500",,,1/10/2006 0:00:00,12/30/1899 7:15:00,"D- Property Damage","F- Driver",37.00,"Male","J- Minibus;M- Hire Cars","P- Speeding",3.00
4016,19032.00,"6- East Berbice- Corentyne",893,"Springlands Public Rd.","LEFT BANK CORENTYN RIVER (From New Amsterdam)","-57.1333","5.9000",,,10/18/2006 0:00:00,12/30/1899 19:40:00,"C- Minor Injury","F- Driver",37.00,"Male","M- Hire Cars;V-Motor Cycle","S- Driver's Negligence",2.00
4017,19033.00,"6- East Berbice- Corentyne",886,"# 75 Public Rd.","LEFT BANK CORENTYN RIVER (From New Amsterdam)","-57.1500","5.9167",,,11/14/2006 0:00:00,12/30/1899 20:30:00,"A- Fatal","F- Driver",50.00,"Male","M- Hire Cars;V-Motor Cycle","S- Driver's Negligence",2.00
4018,19034.00,"6- East Berbice- Corentyne",883,"# 72 Public Rd.","LEFT BANK CORENTYN RIVER (From New Amsterdam)","-57.1500","5.9333",,,11/28/2006 0:00:00,12/30/1899 16:30:00,"A- Fatal","F- Driver",57.00,"Male","K- Private Cars;M- Hire Cars","S- Driver's Negligence",2.00
4019,19035.00,"6- East Berbice- Corentyne",899,"Skeldon Public Rd.","LEFT BANK CORENTYN RIVER (From New Amsterdam)","-57.1333","5.8833",,,12/10/2006 0:00:00,12/30/1899 12:30:00,"C- Minor Injury","F- Driver",46.00,"Male","J- Minibus;W-Pedal Cycle","S- Driver's Negligence",2.00
4020,19036.00,"6- East Berbice- Corentyne",888,"Scottsburg Public Rd.","LEFT BANK CORENTYN RIVER (From New Amsterdam)","-57.1333","5.9000",,,12/26/2006 0:00:00,12/30/1899 20:11:00,"C- Minor Injury","F- Driver",,"Male","K- Private Cars","S- Driver's Negligence",2.00
4021,19037.00,"6- East Berbice- Corentyne",879,"# 68 Public Rd.","LEFT BANK CORENTYN RIVER (From New Amsterdam)","-57.1500","5.9500",,,12/27/2006 0:00:00,12/30/1899 17:00:00,"A- Fatal","F- Driver",34.00,"Male","K- Private Cars;W-Pedal Cycle","S- Driver's Negligence",2.00
4022,19038.00,"6- East Berbice- Corentyne",900,"Line Path Public Rd.","LEFT BANK CORENTYN RIVER (From New Amsterdam)","-57.1500","5.8667",,,1/21/2007 0:00:00,12/30/1899 21:00:00,"B- Serious Injury","G- Rider",47.00,"Male","K- Private Cars;V-Motor Cycle","U- Cyclist's Negligence",2.00
4023,19039.00,"6- East Berbice- Corentyne",902,"Crabwood Creek Public Rd.","LEFT BANK CORENTYN RIVER (From New Amsterdam)","-57.1667","5.8500",,,1/27/2007 0:00:00,12/30/1899 19:30:00,"A- Fatal","G- Rider",28.00,"Male","V-Motor Cycle","O- Lost Control & Runoff",1.00
4024,19040.00,"6- East Berbice- Corentyne",878,"# 67 Public Rd.","LEFT BANK CORENTYN RIVER (From New Amsterdam)","-57.1500","5.9667",,,2/7/2007 0:00:00,12/30/1899 10:15:00,"C- Minor Injury","F- Driver",32.00,"Male","J- Minibus","S- Driver's Negligence",2.00
4025,19041.00,"6- East Berbice- Corentyne",885,"# 74 Public Rd.","LEFT BANK CORENTYN RIVER (From New Amsterdam)","-57.1500","5.9333",,,2/12/2007 0:00:00,12/30/1899 10:30:00,"A- Fatal","G- Rider",46.00,"Male","V-Motor Cycle","O- Lost Control & Runoff",1.00
4026,19042.00,"6- East Berbice- Corentyne",888,"Scottsburg Public Rd.","LEFT BANK CORENTYN RIVER (From New Amsterdam)","-57.1333","5.9000",,,2/14/2007 0:00:00,12/30/1899 15:00:00,"B- Serious Injury","F- Driver",,"Male","M- Hire Cars;V-Motor Cycle","S- Driver's Negligence",2.00
4027,19043.00,"6- East Berbice- Corentyne",893,"Springlands Public Rd.","LEFT BANK CORENTYN RIVER (From New Amsterdam)","-57.1333","5.9000",,,3/13/2007 0:00:00,12/30/1899 1:45:00,"A- Fatal","F- Driver",25.00,"Male","K- Private Cars","O- Lost Control & Runoff",1.00
4028,19044.00,"6- East Berbice- Corentyne",891,"Princetown Public Rd.","LEFT BANK CORENTYN RIVER (From New Amsterdam)","-57.1333","5.9000",,,4/4/2007 0:00:00,12/30/1899 11:20:00,"D- Property Damage","F- Driver",,"Male","K- Private Cars","Y- Animal",1.00
4029,19045.00,"6- East Berbice- Corentyne",892,"# 78 Public Rd.","LEFT BANK CORENTYN RIVER (From New Amsterdam)","-57.1333","5.9000",,,4/9/2007 0:00:00,12/30/1899 20:00:00,"A- Fatal","F- Driver",25.00,"Male","M- Hire Cars","S- Driver's Negligence",2.00
4030,19046.00,"6- East Berbice- Corentyne",885,"# 74 Public Rd.","LEFT BANK CORENTYN RIVER (From New Amsterdam)","-57.1500","5.9333",,,4/24/2007 0:00:00,12/30/1899 5:05:00,"B- Serious Injury","F- Driver",25.00,"Male","L- Lorries Van","S- Driver's Negligence",2.00
4031,19047.00,"6- East Berbice- Corentyne",899,"Skeldon Public Rd.","LEFT BANK CORENTYN RIVER (From New Amsterdam)","-57.1333","5.8833",,,5/15/2007 0:00:00,12/30/1899 15:45:00,"C- Minor Injury","F- Driver",42.00,"Male","K- Private Cars",,1.00
4032,19048.00,"6- East Berbice- Corentyne",902,"Crabwood Creek Public Rd.","LEFT BANK CORENTYN RIVER (From New Amsterdam)","-57.1667","5.8500",,,5/16/2007 0:00:00,12/30/1899 11:15:00,"B- Serious Injury","F- Driver",,"Male","M- Hire Cars",,1.00
4033,19049.00,"6- East Berbice- Corentyne",880,"# 69 Public Rd.","LEFT BANK CORENTYN RIVER (From New Amsterdam)","-57.1500","5.9500",,,5/20/2007 0:00:00,12/30/1899 19:40:00,"C- Minor Injury","G- Rider",21.00,"Male","V-Motor Cycle","Y- Animal",1.00
4034,19050.00,"6- East Berbice- Corentyne",888,"Scottsburg Public Rd.","LEFT BANK CORENTYN RIVER (From New Amsterdam)","-57.1333","5.9000",,,5/30/2007 0:00:00,12/30/1899 15:40:00,"A- Fatal","F- Driver",26.00,"Male","K- Private Cars",,1.00
4035,19051.00,"6- East Berbice- Corentyne",881,"# 70 Public Rd.","LEFT BANK CORENTYN RIVER (From New Amsterdam)","-57.1500","5.9500",,,6/1/2007 0:00:00,12/30/1899 10:20:00,"B- Serious Injury","F- Driver",50.00,"Male","M- Hire Cars",,1.00
4036,19052.00,"6- East Berbice- Corentyne",881,"# 70 Public Rd.","LEFT BANK CORENTYN RIVER (From New Amsterdam)","-57.1500","5.9500",,,6/8/2007 0:00:00,12/30/1899 11:05:00,"D- Property Damage","F- Driver",28.00,"Male","J- Minibus",,1.00
4037,19053.00,"2- Pomeroon- Supenaam",21,"Maria's Lodge Public Rd.","Essequibo Coast Road (Northwards from Supenaam River)","-58.4833","7.1167",,,1/21/2002 0:00:00,12/30/1899 22:30:00,"C- Minor Injury","F- Driver",,"Male","L- Lorries Van;W-Pedal Cycle","S- Driver's Negligence",2.00
4038,19053.00,"6- East Berbice- Corentyne",885,"# 74 Public Rd.","LEFT BANK CORENTYN RIVER (From New Amsterdam)","-57.1500","5.9333",,,6/12/2007 0:00:00,12/30/1899 12:45:00,"C- Minor Injury","F- Driver",,"Male","L- Lorries Van",,1.00
4039,19054.00,"2- Pomeroon- Supenaam",18,"Airy Hall Public Rd.","Essequibo Coast Road (Northwards from Supenaam River)","-58.4833","7.0833",,,2/18/2002 0:00:00,12/30/1899 22:30:00,"B- Serious Injury","F- Driver",,"Male","L- Lorries Van","T-Pedestrian's Negligence",2.00
4040,19055.00,"2- Pomeroon- Supenaam",23,"Zorg Public Rd.","Essequibo Coast Road (Northwards from Supenaam River)","-58.4833","7.1333",,,3/9/2002 0:00:00,12/30/1899 18:48:00,"A- Fatal","F- Driver",30.00,"Male","M- Hire Cars;W-Pedal Cycle","P- Speeding",2.00
4041,19056.00,"2- Pomeroon- Supenaam",3,"Spring Garden Public Rd.","Essequibo Coast Road (Northwards from Supenaam River)","-58.5000","6.9833",,,3/14/2002 0:00:00,12/30/1899 9:30:00,"C- Minor Injury","F- Driver",43.00,"Male","M- Hire Cars","P- Speeding",2.00
4042,19057.00,"2- Pomeroon- Supenaam",14,"Huist Dieren Public Rd.","Essequibo Coast Road (Northwards from Supenaam River)","-58.5000","7.0500",,,4/14/2002 0:00:00,12/30/1899 15:00:00,"B- Serious Injury","G- Rider",11.00,"Male","M- Hire Cars;W-Pedal Cycle","U- Cyclist's Negligence",2.00
4043,19058.00,"2- Pomeroon- Supenaam",22,"Johanna Cecelia Public Rd.","Essequibo Coast Road (Northwards from Supenaam River)","-58.4833","7.1167",,,4/23/2002 0:00:00,12/30/1899 14:50:00,"D- Property Damage","F- Driver",,"Male","J- Minibus","O- Lost Control & Runoff",1.00
4044,19059.00,"2- Pomeroon- Supenaam",11,"Fair Field Public Rd.","Essequibo Coast Road (Northwards from Supenaam River)","-58.5000","7.0333",,,5/1/2002 0:00:00,12/30/1899 19:00:00,"B- Serious Injury","F- Driver",18.00,"Male","L- Lorries Van","P- Speeding",2.00
4045,19060.00,"2- Pomeroon- Supenaam",10,"Hibernia Public Rd.","Essequibo Coast Road (Northwards from Supenaam River)","-58.5000","7.0333",,,5/12/2002 0:00:00,12/30/1899 11:30:00,"B- Serious Injury","E- Pedestrian",6.00,"Male","K- Private Cars","T-Pedestrian's Negligence",2.00
4046,19061.00,"2- Pomeroon- Supenaam",24,"Golden Fleece Public Rd.","Essequibo Coast Road (Northwards from Supenaam River)","-58.4833","7.1500",,,5/12/2002 0:00:00,12/30/1899 23:15:00,"B- Serious Injury","F- Driver",34.00,"Male","K- Private Cars","S- Driver's Negligence",2.00
4047,19062.00,"2- Pomeroon- Supenaam",2,"Good Hope Public Rd.","Essequibo Coast Road (Northwards from Supenaam River)","-57.9333","6.6833",,,5/22/2002 0:00:00,12/30/1899 22:45:00,"D- Property Damage","F- Driver",,"Male","M- Hire Cars","Y- Animal",1.00
4048,19063.00,"2- Pomeroon- Supenaam",18,"Adventure Public Rd.","Essequibo Coast Road (Northwards from Supenaam River)","-58.4833","7.0833",,,5/28/2002 0:00:00,12/30/1899 9:00:00,"C- Minor Injury","F- Driver",48.00,"Male","M- Hire Cars","S- Driver's Negligence",2.00
4049,19064.00,"2- Pomeroon- Supenaam",15,"Pomona Public Rd.","Essequibo Coast Road (Northwards from Supenaam River)","-58.5000","7.0667",,,6/3/2002 0:00:00,12/30/1899 16:00:00,"D- Property Damage","F- Driver",,"Male","K- Private Cars;M- Hire Cars","Q- Alcohol",2.00
4050,19065.00,"2- Pomeroon- Supenaam",20,"Suddie Public Rd.","Essequibo Coast Road (Northwards from Supenaam River)","-58.4833","7.1167",,,6/18/2002 0:00:00,12/30/1899 19:30:00,"B- Serious Injury","E- Pedestrian",7.00,"Male","W-Pedal Cycle","T-Pedestrian's Negligence",2.00
4051,19066.00,"2- Pomeroon- Supenaam",17,"Riverstown Public Rd.","Essequibo Coast Road (Northwards from Supenaam River)","-58.5000","7.0667",,,7/5/2002 0:00:00,12/30/1899 15:00:00,"B- Serious Injury","E- Pedestrian",7.00,"Male","M- Hire Cars","T-Pedestrian's Negligence",2.00
4052,19067.00,"2- Pomeroon- Supenaam",2,"Good Hope Public Rd.","Essequibo Coast Road (Northwards from Supenaam River)","-57.9333","6.6833",,,7/7/2002 0:00:00,12/30/1899 14:40:00,"B- Serious Injury","F- Driver",32.00,"Male","K- Private Cars;L- Lorries Van","P- Speeding",2.00
4053,19068.00,"2- Pomeroon- Supenaam",22,"Johanna Cecelia Public Rd.","Essequibo Coast Road (Northwards from Supenaam River)","-58.4833","7.1167",,,7/13/2002 0:00:00,12/30/1899 18:20:00,"B- Serious Injury","F- Driver",24.00,"Male","K- Private Cars;M- Hire Cars","S- Driver's Negligence",3.00
4054,19069.00,"2- Pomeroon- Supenaam",20,"Suddie Public Rd.","Essequibo Coast Road (Northwards from Supenaam River)","-58.4833","7.1167",,,7/15/2002 0:00:00,12/30/1899 10:30:00,"C- Minor Injury","F- Driver",,"Male","M- Hire Cars;V-Motor Cycle","S- Driver's Negligence",2.00
4055,19070.00,"2- Pomeroon- Supenaam",5,"Aurora Public Rd.","Essequibo Coast Road (Northwards from Supenaam River)","-58.5000","7.0000",,,8/8/2002 0:00:00,12/30/1899 11:00:00,"C- Minor Injury","E- Pedestrian",10.00,"Male","M- Hire Cars","T-Pedestrian's Negligence",2.00
4056,19071.00,"2- Pomeroon- Supenaam",20,"Suddie Public Rd.","Essequibo Coast Road (Northwards from Supenaam River)","-58.4833","7.1167",,,8/11/2002 0:00:00,12/30/1899 12:40:00,"B- Serious Injury","F- Driver",48.00,"Male","M- Hire Cars;V-Motor Cycle","Q- Alcohol",3.00
4057,19072.00,"2- Pomeroon- Supenaam",24,"Golden Fleece Public Rd.","Essequibo Coast Road (Northwards from Supenaam River)","-58.4833","7.1500",,,8/10/2002 0:00:00,12/30/1899 18:00:00,"C- Minor Injury","F- Driver",23.00,"Male","M- Hire Cars;W-Pedal Cycle","S- Driver's Negligence",2.00
4058,19073.00,"2- Pomeroon- Supenaam",31,"Annadale Public Rd.","Essequibo Coast Road (Northwards from Supenaam River)","-58.5000","7.1667",,,8/29/2002 0:00:00,12/30/1899 17:50:00,"B- Serious Injury","F- Driver",27.00,"Male","L- Lorries Van","S- Driver's Negligence",1.00
4059,19074.00,"2- Pomeroon- Supenaam",22,"Johanna Cecelia Public Rd.","Essequibo Coast Road (Northwards from Supenaam River)","-58.4833","7.1167",,,9/13/2002 0:00:00,12/30/1899 7:45:00,"D- Property Damage","F- Driver",25.00,"Male","J- Minibus;L- Lorries Van","S- Driver's Negligence",2.00
4060,19075.00,"2- Pomeroon- Supenaam",19,"Onderneeming Public Rd.","Essequibo Coast Road (Northwards from Supenaam River)","-58.4833","7.1000",,,9/26/2002 0:00:00,12/30/1899 21:08:00,"B- Serious Injury","G- Rider",57.00,"Male","V-Motor Cycle;W-Pedal Cycle","Q- Alcohol",2.00
4061,19076.00,"2- Pomeroon- Supenaam",24,"Golden Fleece Public Rd.","Essequibo Coast Road (Northwards from Supenaam River)","-58.4833","7.1500",,,9/18/2002 0:00:00,12/30/1899 15:20:00,"B- Serious Injury","F- Driver",,"Male","L- Lorries Van","S- Driver's Negligence",2.00
4062,19077.00,"2- Pomeroon- Supenaam",22,"Johanna Cecelia Public Rd.","Essequibo Coast Road (Northwards from Supenaam River)","-58.4833","7.1167",,,9/20/2002 0:00:00,12/30/1899 8:00:00,"D- Property Damage","F- Driver",21.00,"Male","K- Private Cars;L- Lorries Van","S- Driver's Negligence",2.00
4063,19078.00,"2- Pomeroon- Supenaam",19,"Onderneeming Public Rd.","Essequibo Coast Road (Northwards from Supenaam River)","-58.4833","7.1000",,,10/16/2002 0:00:00,12/30/1899 18:30:00,"D- Property Damage","F- Driver",23.00,"Male","L- Lorries Van;M- Hire Cars","S- Driver's Negligence",2.00
4064,19079.00,"2- Pomeroon- Supenaam",9,"Dryshore Public Rd.","Essequibo Coast Road (Northwards from Supenaam River)","-58.5000","7.0167",,,11/10/2002 0:00:00,12/30/1899 8:30:00,"B- Serious Injury","F- Driver",40.00,"Male","M- Hire Cars","P- Speeding",2.00
4065,19080.00,"2- Pomeroon- Supenaam",9,"Dryshore Public Rd.","Essequibo Coast Road (Northwards from Supenaam River)","-58.5000","7.0167",,,11/25/2002 0:00:00,12/30/1899 17:15:00,"D- Property Damage","F- Driver",76.00,"Male","K- Private Cars","S- Driver's Negligence",2.00
4066,19081.00,"2- Pomeroon- Supenaam",17,"Riverstown Public Rd.","Essequibo Coast Road (Northwards from Supenaam River)","-58.5000","7.0667",,,11/27/2002 0:00:00,12/30/1899 7:30:00,"B- Serious Injury","E- Pedestrian",7.00,"Female","M- Hire Cars","T-Pedestrian's Negligence",2.00
4067,19082.00,"2- Pomeroon- Supenaam",24,"Golden Fleece Public Rd.","Essequibo Coast Road (Northwards from Supenaam River)","-58.4833","7.1500",,,12/25/2002 0:00:00,12/30/1899 2:00:00,"C- Minor Injury","G- Rider",22.00,"Male","J- Minibus;W-Pedal Cycle","U- Cyclist's Negligence",2.00
4068,19083.00,"2- Pomeroon- Supenaam",23,"Zorg Public Rd.","Essequibo Coast Road (Northwards from Supenaam River)","-58.4833","7.1333",,,1/15/2003 0:00:00,12/30/1899 12:45:00,"B- Serious Injury","F- Driver",,"Male","M- Hire Cars","P- Speeding",2.00
4069,19084.00,"2- Pomeroon- Supenaam",22,"Johanna Cecelia Public Rd.","Essequibo Coast Road (Northwards from Supenaam River)","-58.4833","7.1167",,,1/26/2003 0:00:00,12/30/1899 19:10:00,"B- Serious Injury","E- Pedestrian",35.00,"Male","K- Private Cars","T-Pedestrian's Negligence",2.00
4070,19085.00,"2- Pomeroon- Supenaam",10,"Hibernia Public Rd.","Essequibo Coast Road (Northwards from Supenaam River)","-58.5000","7.0333",,,2/17/2003 0:00:00,12/30/1899 12:15:00,"A- Fatal","F- Driver",,"Female","M- Hire Cars","P- Speeding",2.00
4071,19086.00,"2- Pomeroon- Supenaam",12,"Vilvoorden Public Rd.","Essequibo Coast Road (Northwards from Supenaam River)","-58.0500","7.0333",,,3/23/2003 0:00:00,12/30/1899 20:00:00,"B- Serious Injury","G- Rider",20.00,"Male","L- Lorries Van;W-Pedal Cycle","U- Cyclist's Negligence",2.00
4072,19087.00,"2- Pomeroon- Supenaam",14,"Huist Dieren Public Rd.","Essequibo Coast Road (Northwards from Supenaam River)","-58.5000","7.0500",,,4/28/2003 0:00:00,12/30/1899 17:45:00,"A- Fatal","F- Driver",38.00,"Male","K- Private Cars","Q- Alcohol",1.00
4073,19088.00,"2- Pomeroon- Supenaam",21,"Maria's Lodge Public Rd.","Essequibo Coast Road (Northwards from Supenaam River)","-58.4833","7.1167",,,4/29/2003 0:00:00,12/30/1899 12:30:00,"B- Serious Injury","E- Pedestrian",12.00,"Male","M- Hire Cars","T-Pedestrian's Negligence",2.00
4074,19089.00,"2- Pomeroon- Supenaam",17,"Riverstown Public Rd.","Essequibo Coast Road (Northwards from Supenaam River)","-58.5000","7.0667",,,5/7/2003 0:00:00,12/30/1899 8:15:00,"B- Serious Injury","F- Driver",45.00,"Male","M- Hire Cars","S- Driver's Negligence",2.00
4075,19090.00,"2- Pomeroon- Supenaam",24,"Golden Fleece Public Rd.","Essequibo Coast Road (Northwards from Supenaam River)","-58.4833","7.1500",,,5/8/2003 0:00:00,12/30/1899 12:15:00,"A- Fatal","F- Driver",27.00,"Female","M- Hire Cars","P- Speeding",2.00
4076,19091.00,"2- Pomeroon- Supenaam",18,"Adventure Stelling","Essequibo Coast Road (Northwards from Supenaam River)","-58.4833","7.0833",,,8/30/2003 0:00:00,12/30/1899 21:30:00,"B- Serious Injury","F- Driver",23.00,"Male","L- Lorries Van","Q- Alcohol",2.00
4077,19092.00,"2- Pomeroon- Supenaam",30,"Abram Zuil Public Rd.","Essequibo Coast Road (Northwards from Supenaam River)","-58.5000","7.1667",,,8/24/2003 0:00:00,12/30/1899 15:15:00,"B- Serious Injury","E- Pedestrian",12.00,"Female","M- Hire Cars","T-Pedestrian's Negligence",2.00
4078,19093.00,"2- Pomeroon- Supenaam",12,"Vilvoorden Public Rd","Essequibo Coast Road (Northwards from Supenaam River)","-58.0500","7.0333",,,10/17/2003 0:00:00,12/30/1899 8:15:00,"C- Minor Injury","F- Driver",,"Male","M- Hire Cars;N- Pickup","R- Improper Overtaking",2.00
4079,19094.00,"2- Pomeroon- Supenaam",19,"Onderneeming Public Rd.","Essequibo Coast Road (Northwards from Supenaam River)","-58.4833","7.1000",,,11/1/2003 0:00:00,12/30/1899 16:10:00,"A- Fatal","G- Rider",43.00,"Male","L- Lorries Van;V-Motor Cycle;W-Pedal Cycle","R- Improper Overtaking",2.00
4080,19095.00,"2- Pomeroon- Supenaam",18,"Airy Hall Public Rd.","Essequibo Coast Road (Northwards from Supenaam River)","-58.4833","7.0833",,,11/2/2003 0:00:00,12/30/1899 18:00:00,"B- Serious Injury","F- Driver",42.00,"Male","M- Hire Cars","T-Pedestrian's Negligence",2.00
4081,19096.00,"2- Pomeroon- Supenaam",17,"Riverstown Public Rd.","Essequibo Coast Road (Northwards from Supenaam River)","-58.5000","7.0667",,,12/6/2003 0:00:00,12/30/1899 16:20:00,"A- Fatal","F- Driver",,"Male","L- Lorries Van","P- Speeding",2.00
4082,19097.00,"2- Pomeroon- Supenaam",2,"Good Hope Public Rd.","Essequibo Coast Road (Northwards from Supenaam River)","-57.9333","6.6833",,,12/6/2003 0:00:00,12/30/1899 22:50:00,"B- Serious Injury","F- Driver",30.00,"Male","J- Minibus;K- Private Cars","O- Lost Control & Runoff",2.00
4083,19098.00,"2- Pomeroon- Supenaam",17,"Riverstown Public Rd.","Essequibo Coast Road (Northwards from Supenaam River)","-58.5000","7.0667",,,12/24/2003 0:00:00,12/30/1899 18:30:00,"B- Serious Injury","G- Rider",46.00,"Male","V-Motor Cycle;W-Pedal Cycle","U- Cyclist's Negligence",2.00
4084,19099.00,"2- Pomeroon- Supenaam",4,"Good Intent Public Rd.","Essequibo Coast Road (Northwards from Supenaam River)","-58.6000","6.8667",,,12/16/2003 0:00:00,12/30/1899 18:15:00,"A- Fatal","F- Driver",43.00,"Male","M- Hire Cars","P- Speeding",4.00
4085,19100.00,"2- Pomeroon- Supenaam",2,"Good Hope Public Rd.","Essequibo Coast Road (Northwards from Supenaam River)","-57.9333","6.6833",,,2/10/2004 0:00:00,12/30/1899 8:25:00,"D- Property Damage","F- Driver",,"Male","J- Minibus;L- Lorries Van","P- Speeding",2.00
4086,19101.00,"2- Pomeroon- Supenaam",5,"Aurora Public Rd.","Essequibo Coast Road (Northwards from Supenaam River)","-58.5000","7.0000",,,3/6/2004 0:00:00,12/30/1899 19:00:00,"C- Minor Injury","G- Rider",,"Male","V-Motor Cycle","U- Cyclist's Negligence",2.00
4087,19102.00,"2- Pomeroon- Supenaam",14,"Huist Dieren Public Rd.","Essequibo Coast Road (Northwards from Supenaam River)","-58.5000","7.0500",,,4/3/2004 0:00:00,12/30/1899 22:30:00,"B- Serious Injury","G- Rider",25.00,"Male","V-Motor Cycle","P- Speeding",2.00
4088,19103.00,"2- Pomeroon- Supenaam",5,"Aurora Public Rd.","Essequibo Coast Road (Northwards from Supenaam River)","-58.5000","7.0000",,,5/7/2004 0:00:00,12/30/1899 16:00:00,"B- Serious Injury","F- Driver",23.00,"Male","M- Hire Cars;W-Pedal Cycle","P- Speeding",2.00
4089,19104.00,"2- Pomeroon- Supenaam",5,"Aurora Public Rd.","Essequibo Coast Road (Northwards from Supenaam River)","-58.5000","7.0000",,,11/5/2004 0:00:00,12/30/1899 19:45:00,"D- Property Damage","F- Driver",,"Male","K- Private Cars;L- Lorries Van","R- Improper Overtaking",2.00
4090,19105.00,"2- Pomeroon- Supenaam",13,"Middlesex Public Rd.","Essequibo Coast Road (Northwards from Supenaam River)","-58.5000","7.0500",,,11/6/2004 0:00:00,12/30/1899 13:10:00,"B- Serious Injury","F- Driver",64.00,"Male","M- Hire Cars","P- Speeding",2.00
4091,19106.00,"2- Pomeroon- Supenaam",3,"Spring Garden Public Rd.","Essequibo Coast Road (Northwards from Supenaam River)","-58.5000","6.9833",,,11/14/2004 0:00:00,12/30/1899 16:30:00,"B- Serious Injury","F- Driver",39.00,"Male","K- Private Cars;M- Hire Cars","P- Speeding",2.00