"ID","Accident ID","Region Number","Corridor ID","Location (Intersection/Road/Street)","Corridor","Location- longitude/ X","Location- latitude/  Y","Mile Marker","Village","Date of Accident","Time of Accident","Type of Accident","Class of Road User","Age/DOB","Gender","Class of Vehicles Involved","Contributing Factor","Number of Persons Involved"
4092,19107.00,"2- Pomeroon- Supenaam",2,"Good Hope Public Rd.","Essequibo Coast Road (Northwards from Supenaam River)","-57.9333","6.6833",,,12/26/2004 0:00:00,12/30/1899 7:00:00,"C- Minor Injury","G- Rider",51.00,"Male","K- Private Cars;W-Pedal Cycle","U- Cyclist's Negligence",2.00
4093,19108.00,"2- Pomeroon- Supenaam",23,"Zorg Public Rd.","Essequibo Coast Road (Northwards from Supenaam River)","-58.4833","7.1333",,,4/23/2004 0:00:00,12/30/1899 14:00:00,"B- Serious Injury","F- Driver",,"Male","L- Lorries Van;M- Hire Cars","P- Speeding",2.00
4094,19109.00,"2- Pomeroon- Supenaam",28,"Cullen Public Rd.","Essequibo Coast Road (Northwards from Supenaam River)","-58.5000","7.1667",,,4/24/2004 0:00:00,12/30/1899 14:15:00,"D- Property Damage","F- Driver",,"Male","L- Lorries Van;V-Motor Cycle","P- Speeding",2.00
4095,19110.00,"2- Pomeroon- Supenaam",32,"Zorg-en-Vlyght Public Rd.","Essequibo Coast Road (Northwards from Supenaam River)","-58.5000","7.1833",,,11/7/2004 0:00:00,12/30/1899 16:00:00,"B- Serious Injury","F- Driver",19.00,"Male","L- Lorries Van","P- Speeding",3.00
4096,19111.00,"2- Pomeroon- Supenaam",25,"Perseverance Public Rd.","Essequibo Coast Road (Northwards from Supenaam River)","-58.4833","7.1500",,,7/15/2004 0:00:00,12/30/1899 0:15:00,"B- Serious Injury","F- Driver",55.00,"Male","J- Minibus;M- Hire Cars","Q- Alcohol",2.00
4097,19112.00,"2- Pomeroon- Supenaam",28,"Cullen Public Rd.","Essequibo Coast Road (Northwards from Supenaam River)","-58.5000","7.1667",,,9/9/2004 0:00:00,12/30/1899 15:55:00,"B- Serious Injury","F- Driver",30.00,"Male","M- Hire Cars","P- Speeding",2.00
4098,19113.00,"2- Pomeroon- Supenaam",17,"Riverstown Public Rd.","Essequibo Coast Road (Northwards from Supenaam River)","-58.5000","7.0667",,,10/1/2004 0:00:00,12/30/1899 19:30:00,"A- Fatal","F- Driver",44.00,"Male",,"P- Speeding",2.00
4099,19114.00,"2- Pomeroon- Supenaam",28,"Cullen Public Rd.","Essequibo Coast Road (Northwards from Supenaam River)","-58.5000","7.1667",,,10/2/2004 0:00:00,12/30/1899 19:00:00,"B- Serious Injury","F- Driver",33.00,"Male","K- Private Cars;W-Pedal Cycle","S- Driver's Negligence",2.00
4100,19115.00,"2- Pomeroon- Supenaam",18,"Adventure Public Rd.","Essequibo Coast Road (Northwards from Supenaam River)","-58.4833","7.0833",,,10/16/2004 0:00:00,12/30/1899 23:30:00,"C- Minor Injury","F- Driver",39.00,"Male","K- Private Cars;M- Hire Cars","P- Speeding",3.00
4101,19116.00,"2- Pomeroon- Supenaam",19,"Onderneeming Public Rd.","Essequibo Coast Road (Northwards from Supenaam River)","-58.4833","7.1000",,,10/19/2004 0:00:00,12/30/1899 14:45:00,"B- Serious Injury","E- Pedestrian",7.00,"Male","M- Hire Cars","T-Pedestrian's Negligence",2.00
4102,19117.00,"2- Pomeroon- Supenaam",10,"Hibernia Public Rd.","Essequibo Coast Road (Northwards from Supenaam River)","-58.5000","7.0333",,,11/17/2004 0:00:00,12/30/1899 15:15:00,"A- Fatal","E- Pedestrian",7.00,"Male","K- Private Cars","T-Pedestrian's Negligence",2.00
4103,19118.00,"2- Pomeroon- Supenaam",28,"Cullen Public Rd.","Essequibo Coast Road (Northwards from Supenaam River)","-58.5000","7.1667",,,12/4/2004 0:00:00,12/30/1899 11:00:00,"C- Minor Injury","G- Rider",11.00,"Male","M- Hire Cars;W-Pedal Cycle","U- Cyclist's Negligence",2.00
4104,19119.00,"2- Pomeroon- Supenaam",28,"Cullen Public Rd.","Essequibo Coast Road (Northwards from Supenaam River)","-58.5000","7.1667",,,12/21/2004 0:00:00,12/30/1899 13:00:00,"B- Serious Injury","F- Driver",,"Male","K- Private Cars","P- Speeding",1.00
4105,19120.00,"2- Pomeroon- Supenaam",10,"Hibernia Public Rd.","Essequibo Coast Road (Northwards from Supenaam River)","-58.5000","7.0333",,,12/26/2004 0:00:00,12/30/1899 23:00:00,"A- Fatal","F- Driver",39.00,"Male","K- Private Cars;M- Hire Cars","O- Lost Control & Runoff",2.00
4106,19121.00,"2- Pomeroon- Supenaam",5,"Aurora Public Rd.","Essequibo Coast Road (Northwards from Supenaam River)","-58.5000","7.0000",,,1/21/2005 0:00:00,12/30/1899 3:30:00,"B- Serious Injury","G- Rider",,"Male","V-Motor Cycle","P- Speeding",1.00
4107,19122.00,"2- Pomeroon- Supenaam",12,"Vilvoordeen Public Rd.","Essequibo Coast Road (Northwards from Supenaam River)","-58.0500","7.0333",,,4/19/2005 0:00:00,12/30/1899 18:30:00,"B- Serious Injury","E- Pedestrian",7.00,"Male","M- Hire Cars","T-Pedestrian's Negligence",2.00
4108,19123.00,"2- Pomeroon- Supenaam",9,"Dryshore Public Rd.","Essequibo Coast Road (Northwards from Supenaam River)","-58.5000","7.0167",,,4/27/2005 0:00:00,12/30/1899 14:45:00,"B- Serious Injury","F- Driver",30.00,"Male","L- Lorries Van;W-Pedal Cycle","R- Improper Overtaking",2.00
4109,19124.00,"2- Pomeroon- Supenaam",5,"Aurora Public Rd.","Essequibo Coast Road (Northwards from Supenaam River)","-58.5000","7.0000",,,8/2/2005 0:00:00,12/30/1899 18:40:00,"B- Serious Injury","E- Pedestrian",11.00,"Female","M- Hire Cars","T-Pedestrian's Negligence",2.00
4110,19125.00,"2- Pomeroon- Supenaam",15,"Pomona H/Sch. St.","Essequibo Coast Road (Northwards from Supenaam River)","-58.5000","7.0667",,,10/26/2005 0:00:00,12/30/1899 7:15:00,"B- Serious Injury","E- Pedestrian",8.00,"Female","J- Minibus","T-Pedestrian's Negligence",2.00
4111,19126.00,"2- Pomeroon- Supenaam",23,"Zorg Public Rd.","Essequibo Coast Road (Northwards from Supenaam River)","-58.4833","7.1333",,,1/26/2005 0:00:00,12/30/1899 14:35:00,"D- Property Damage","F- Driver",36.00,"Male","J- Minibus","S- Driver's Negligence",2.00
4112,19127.00,"2- Pomeroon- Supenaam",31,"Annadale Public Rd.","Essequibo Coast Road (Northwards from Supenaam River)","-58.5000","7.1667",,,1/29/2005 0:00:00,12/30/1899 14:30:00,"C- Minor Injury","F- Driver",45.00,"Male","L- Lorries Van","O- Lost Control & Runoff",2.00
4113,19128.00,"2- Pomeroon- Supenaam",18,"Adventure Public Rd.","Essequibo Coast Road (Northwards from Supenaam River)","-58.4833","7.0833",,,2/24/2005 0:00:00,12/30/1899 19:00:00,"C- Minor Injury","F- Driver",58.00,"Male","K- Private Cars;M- Hire Cars","S- Driver's Negligence",2.00
4114,19129.00,"2- Pomeroon- Supenaam",25,"Perseverance Public Rd.","Essequibo Coast Road (Northwards from Supenaam River)","-58.4833","7.1500",,,3/17/2005 0:00:00,12/30/1899 12:45:00,"C- Minor Injury","F- Driver",40.00,"Male","M- Hire Cars;W-Pedal Cycle","S- Driver's Negligence",3.00
4115,19130.00,"2- Pomeroon- Supenaam",17,"Riverstown Public Rd.","Essequibo Coast Road (Northwards from Supenaam River)","-58.5000","7.0667",,,3/29/2005 0:00:00,12/30/1899 1:30:00,"B- Serious Injury","F- Driver",47.00,"Male","M- Hire Cars","P- Speeding",4.00
4116,19131.00,"2- Pomeroon- Supenaam",23,"Zorg Public Rd.","Essequibo Coast Road (Northwards from Supenaam River)","-58.4833","7.1333",,,4/6/2005 0:00:00,12/30/1899 17:30:00,"B- Serious Injury","F- Driver",45.00,"Male","L- Lorries Van;W-Pedal Cycle","R- Improper Overtaking",2.00
4117,19132.00,"2- Pomeroon- Supenaam",18,"Adventure Public Rd.","Essequibo Coast Road (Northwards from Supenaam River)","-58.4833","7.0833",,,5/23/2005 0:00:00,12/30/1899 2:30:00,"B- Serious Injury","F- Driver",50.00,"Male","K- Private Cars","P- Speeding",2.00
4118,19133.00,"2- Pomeroon- Supenaam",25,"Perseverance Public Rd.","Essequibo Coast Road (Northwards from Supenaam River)","-58.4833","7.1500",,,6/8/2005 0:00:00,12/30/1899 17:05:00,"B- Serious Injury","E- Pedestrian",8.00,"Male","M- Hire Cars","T-Pedestrian's Negligence",2.00
4119,19134.00,"2- Pomeroon- Supenaam",30,"Abram Zuil Public Rd.","Essequibo Coast Road (Northwards from Supenaam River)","-58.5000","7.1667",,,4/7/2005 0:00:00,12/30/1899 12:30:00,"B- Serious Injury","F- Driver",30.00,"Male","M- Hire Cars","Q- Alcohol",1.00
4120,19135.00,"2- Pomeroon- Supenaam",19,"Onderneeming Public Rd.","Essequibo Coast Road (Northwards from Supenaam River)","-58.4833","7.1000",,,8/2/2005 0:00:00,12/30/1899 12:10:00,"B- Serious Injury","F- Driver",24.00,"Male","M- Hire Cars;V-Motor Cycle","S- Driver's Negligence",4.00
4121,19136.00,"2- Pomeroon- Supenaam",17,"Riverstown Public Rd.","Essequibo Coast Road (Northwards from Supenaam River)","-58.5000","7.0667",,,8/13/2005 0:00:00,12/30/1899 8:00:00,"C- Minor Injury","E- Pedestrian",12.00,"Male","M- Hire Cars","T-Pedestrian's Negligence",2.00
4122,19137.00,"2- Pomeroon- Supenaam",19,"Onderneeming Public Rd.","Essequibo Coast Road (Northwards from Supenaam River)","-58.4833","7.1000",,,8/15/2005 0:00:00,12/30/1899 11:00:00,"B- Serious Injury","G- Rider",63.00,"Male","M- Hire Cars;W-Pedal Cycle","U- Cyclist's Negligence",2.00
4123,19138.00,"2- Pomeroon- Supenaam",34,"La Union Public Rd.","Essequibo Coast Road (Northwards from Supenaam River)","-58.5000","7.1833",,,8/30/2005 0:00:00,12/30/1899 15:00:00,"B- Serious Injury","F- Driver",29.00,"Male","L- Lorries Van;M- Hire Cars","S- Driver's Negligence",3.00
4124,19139.00,"2- Pomeroon- Supenaam",18,"Adventure Public Rd.","Essequibo Coast Road (Northwards from Supenaam River)","-58.4833","7.0833",,,12/11/2005 0:00:00,12/30/1899 15:30:00,"B- Serious Injury","F- Driver",20.00,"Male","K- Private Cars","P- Speeding",2.00
4125,19140.00,"2- Pomeroon- Supenaam",17,"Riverstown Public Rd.","Essequibo Coast Road (Northwards from Supenaam River)","-58.5000","7.0667",,,12/12/2005 0:00:00,12/30/1899 15:50:00,"B- Serious Injury","E- Pedestrian",45.00,"Female","M- Hire Cars","T-Pedestrian's Negligence",3.00
4126,19141.00,"2- Pomeroon- Supenaam",3,"Spring Garden Public Rd.","Essequibo Coast Road (Northwards from Supenaam River)","-58.5000","6.9833",,,4/9/2006 0:00:00,12/30/1899 8:55:00,"C- Minor Injury","F- Driver",57.00,"Female","K- Private Cars;M- Hire Cars","P- Speeding",5.00
4127,19142.00,"2- Pomeroon- Supenaam",9,"Dryshore Public Rd.","Essequibo Coast Road (Northwards from Supenaam River)","-58.5000","7.0167",,,6/1/2006 0:00:00,12/30/1899 19:30:00,"B- Serious Injury","E- Pedestrian",47.00,"Male","M- Hire Cars","T-Pedestrian's Negligence",2.00
4128,19143.00,"2- Pomeroon- Supenaam",15,"Pomona Public Rd.","Essequibo Coast Road (Northwards from Supenaam River)","-58.5000","7.0667",,,6/18/2006 0:00:00,12/30/1899 20:00:00,"C- Minor Injury","E- Pedestrian",45.00,"Male","K- Private Cars","T-Pedestrian's Negligence",2.00
4129,19144.00,"2- Pomeroon- Supenaam",9,"Dryshore Public Rd.","Essequibo Coast Road (Northwards from Supenaam River)","-58.5000","7.0167",,,8/7/2006 0:00:00,12/30/1899 9:00:00,"A- Fatal","E- Pedestrian",10.00,"Male","M- Hire Cars","T-Pedestrian's Negligence",2.00
4130,19145.00,"2- Pomeroon- Supenaam",2,"Good Hope Public Rd.","Essequibo Coast Road (Northwards from Supenaam River)","-57.9333","6.6833",,,11/20/2006 0:00:00,12/30/1899 7:30:00,"D- Property Damage","F- Driver",49.00,"Male","L- Lorries Van","Y- Animal",1.00
4131,19146.00,"2- Pomeroon- Supenaam",33,"Hoff-Van-Aurich Public Rd.","Essequibo Coast Road (Northwards from Supenaam River)","-58.5000","7.1833",,,2/4/2006 0:00:00,12/30/1899 16:00:00,"B- Serious Injury","F- Driver",21.00,"Male","L- Lorries Van","P- Speeding",1.00
4132,19147.00,"2- Pomeroon- Supenaam",18,"Airy Hall Public Rd.","Essequibo Coast Road (Northwards from Supenaam River)","-58.4833","7.0833",,,3/8/2006 0:00:00,12/30/1899 16:45:00,"C- Minor Injury","F- Driver",75.00,"Male","M- Hire Cars","P- Speeding",3.00
4133,19148.00,"2- Pomeroon- Supenaam",28,"Cullen Public Rd.","Essequibo Coast Road (Northwards from Supenaam River)","-58.5000","7.1667",,,4/30/2006 0:00:00,12/30/1899 18:45:00,"C- Minor Injury","F- Driver",19.00,"Female","M- Hire Cars","S- Driver's Negligence",2.00
4134,19149.00,"2- Pomeroon- Supenaam",31,"Annadale Public Rd.","Essequibo Coast Road (Northwards from Supenaam River)","-58.5000","7.1667",,,6/17/2006 0:00:00,12/30/1899 18:30:00,"C- Minor Injury","F- Driver",29.00,"Male","L- Lorries Van;W-Pedal Cycle","Q- Alcohol",2.00
4135,19150.00,"2- Pomeroon- Supenaam",31,"Annadale Public Rd.","Essequibo Coast Road (Northwards from Supenaam River)","-58.5000","7.1667",,,6/22/2006 0:00:00,12/30/1899 16:00:00,"C- Minor Injury","F- Driver",37.00,"Male","J- Minibus;W-Pedal Cycle","S- Driver's Negligence",2.00
4136,19151.00,"2- Pomeroon- Supenaam",32,"Zorg-en-Vlyght Public Rd.","Essequibo Coast Road (Northwards from Supenaam River)","-58.5000","7.1833",,,7/19/2006 0:00:00,12/30/1899 23:30:00,"D- Property Damage","F- Driver",23.00,"Male","M- Hire Cars;N- Pickup","S- Driver's Negligence",2.00
4137,19152.00,"2- Pomeroon- Supenaam",28,"Cullen Public Rd.","Essequibo Coast Road (Northwards from Supenaam River)","-58.5000","7.1667",,,8/26/2006 0:00:00,12/30/1899 19:00:00,"B- Serious Injury","F- Driver",46.00,"Male","K- Private Cars","P- Speeding",2.00
4138,19153.00,"2- Pomeroon- Supenaam",18,"Adventure Public Rd.","Essequibo Coast Road (Northwards from Supenaam River)","-58.4833","7.0833",,,8/27/2006 0:00:00,12/30/1899 15:45:00,"B- Serious Injury","F- Driver",34.00,"Male","J- Minibus;V-Motor Cycle","P- Speeding",2.00
4139,19154.00,"2- Pomeroon- Supenaam",23,"Zorg Public Rd.","Essequibo Coast Road (Northwards from Supenaam River)","-58.4833","7.1333",,,9/19/2006 0:00:00,12/30/1899 23:40:00,"A- Fatal","F- Driver",50.00,"Male","K- Private Cars","P- Speeding",2.00
4140,19155.00,"2- Pomeroon- Supenaam",22,"Johanna Cecelia Public Rd.","Essequibo Coast Road (Northwards from Supenaam River)","-58.4833","7.1167",,,9/24/2006 0:00:00,12/30/1899 7:00:00,"A- Fatal","G- Rider",43.00,"Male","V-Motor Cycle","P- Speeding",1.00
4141,19156.00,"2- Pomeroon- Supenaam",19,"Onderneeming Sand Pit Rd.","Essequibo Coast Road (Northwards from Supenaam River)","-58.4833","7.1000",,,10/23/2006 0:00:00,12/30/1899 18:30:00,"C- Minor Injury","F- Driver",53.00,"Male","N- Pickup;W-Pedal Cycle","S- Driver's Negligence",2.00
4142,19157.00,"2- Pomeroon- Supenaam",33,"Hoff-Van-Aurich Public Rd.","Essequibo Coast Road (Northwards from Supenaam River)","-58.5000","7.1833",,,10/31/2006 0:00:00,12/30/1899 21:00:00,"A- Fatal","F- Driver",26.00,"Male","M- Hire Cars","P- Speeding",2.00
4143,19158.00,"2- Pomeroon- Supenaam",18,"Adventure Public Rd.","Essequibo Coast Road (Northwards from Supenaam River)","-58.4833","7.0833",,,11/7/2006 0:00:00,12/30/1899 10:00:00,"B- Serious Injury","F- Driver",,"Male","L- Lorries Van","P- Speeding",2.00
4144,19159.00,"2- Pomeroon- Supenaam",15,"Pomona Public Rd.","Essequibo Coast Road (Northwards from Supenaam River)","-58.5000","7.0667",,,5/15/2007 0:00:00,12/30/1899 15:30:00,"B- Serious Injury","F- Driver",21.00,"Female","V-Motor Cycle","O- Lost Control & Runoff",3.00
4145,19160.00,"2- Pomeroon- Supenaam",12,"Vilvoordeen Public Rd.","Essequibo Coast Road (Northwards from Supenaam River)","-58.0500","7.0333",,,6/4/2007 0:00:00,12/30/1899 20:30:00,"A- Fatal","F- Driver",42.00,"Male","M- Hire Cars","Q- Alcohol",1.00
4146,19161.00,"2- Pomeroon- Supenaam",2,"Good Hope Public Rd.","Essequibo Coast Road (Northwards from Supenaam River)","-57.9333","6.6833",,,6/4/2007 0:00:00,12/30/1899 18:45:00,"B- Serious Injury","F- Driver",61.00,"Female","K- Private Cars","S- Driver's Negligence",2.00
4147,19162.00,"2- Pomeroon- Supenaam",33,"Hoff-Van-Aurich Public Rd.","Essequibo Coast Road (Northwards from Supenaam River)","-58.5000","7.1833",,,1/27/2007 0:00:00,12/30/1899 19:00:00,"B- Serious Injury","F- Driver",53.00,"Female","K- Private Cars;M- Hire Cars","Q- Alcohol",9.00
4148,19163.00,"2- Pomeroon- Supenaam",25,"Perseverance Public Rd.","Essequibo Coast Road (Northwards from Supenaam River)","-58.4833","7.1500",,,7/20/2007 0:00:00,12/30/1899 14:20:00,"A- Fatal","F- Driver",36.00,"Male","X-Tractor","P- Speeding",1.00
4149,19164.00,"2- Pomeroon- Supenaam",20,"Suddie Public Rd.","Essequibo Coast Road (Northwards from Supenaam River)","-58.4833","7.1167",,,6/6/2007 0:00:00,12/30/1899 9:30:00,"C- Minor Injury","G- Rider",14.00,"Female","M- Hire Cars;W-Pedal Cycle","U- Cyclist's Negligence",2.00
4150,19165.00,"2- Pomeroon- Supenaam",30,"Abram Zuil Public Rd.","Essequibo Coast Road (Northwards from Supenaam River)","-58.5000","7.1667",,,4/9/2007 0:00:00,12/30/1899 17:00:00,"B- Serious Injury","F- Driver",54.00,"Male","X-Tractor","S- Driver's Negligence",2.00
4151,19166.00,"2- Pomeroon- Supenaam",34,"La Union Public Rd.","Essequibo Coast Road (Northwards from Supenaam River)","-58.5000","7.1833",,,7/27/2007 0:00:00,12/30/1899 21:30:00,"C- Minor Injury","F- Driver",60.00,"Male","K- Private Cars;L- Lorries Van","S- Driver's Negligence",2.00
4152,19167.00,"2- Pomeroon- Supenaam",19,"Onderneeming Public Rd.","Essequibo Coast Road (Northwards from Supenaam River)","-58.4833","7.1000",,,9/12/2007 0:00:00,12/30/1899 20:35:00,"B- Serious Injury","F- Driver",45.00,"Male","L- Lorries Van","P- Speeding",2.00
4153,19168.00,"2- Pomeroon- Supenaam",34,"La Union Public Rd.","Essequibo Coast Road (Northwards from Supenaam River)","-58.5000","7.1833",,,11/7/2007 0:00:00,12/30/1899 15:00:00,"C- Minor Injury","F- Driver",40.00,"Male","L- Lorries Van","P- Speeding",2.00
4154,19169.00,"2- Pomeroon- Supenaam",30,"Abram Zuil Public Rd.","Essequibo Coast Road (Northwards from Supenaam River)","-58.5000","7.1667",,,12/14/2007 0:00:00,12/30/1899 10:45:00,"C- Minor Injury","F- Driver",90.00,"Male","M- Hire Cars;N- Pickup","S- Driver's Negligence",3.00
4155,19170.00,"2- Pomeroon- Supenaam",22,"Johanna Cecelia Public Rd.","Essequibo Coast Road (Northwards from Supenaam River)","-58.4833","7.1167",,,2/4/2008 0:00:00,12/30/1899 16:50:00,"D- Property Damage","F- Driver",,"Male","J- Minibus;M- Hire Cars","Q- Alcohol",2.00
4156,19171.00,"2- Pomeroon- Supenaam",18,"Airy Hall Public Rd.","Essequibo Coast Road (Northwards from Supenaam River)","-58.4833","7.0833",,,3/14/2008 0:00:00,12/30/1899 19:30:00,"B- Serious Injury","F- Driver",24.00,"Male","M- Hire Cars","Q- Alcohol",2.00
4157,19172.00,"2- Pomeroon- Supenaam",23,"Zorg Public Rd.","Essequibo Coast Road (Northwards from Supenaam River)","-58.4833","7.1333",,,4/17/2008 0:00:00,12/30/1899 15:30:00,"D- Property Damage","F- Driver",26.00,"Male","J- Minibus;K- Private Cars;L- Lorries Van","R- Improper Overtaking",3.00
4158,19173.00,"2- Pomeroon- Supenaam",23,"Zorg Public Rd.","Essequibo Coast Road (Northwards from Supenaam River)","-58.4833","7.1333",,,5/7/2008 0:00:00,12/30/1899 16:45:00,"D- Property Damage","F- Driver",52.00,"Male","M- Hire Cars","S- Driver's Negligence",2.00
4159,19174.00,"2- Pomeroon- Supenaam",3,"Spring Garden Public Rd.","Essequibo Coast Road (Northwards from Supenaam River)","-58.5000","6.9833",,,5/9/2008 0:00:00,12/30/1899 19:00:00,"B- Serious Injury","F- Driver",18.00,"Male","L- Lorries Van","Q- Alcohol",2.00
4160,19175.00,"2- Pomeroon- Supenaam",19,"Onderneeming Public Rd.","Essequibo Coast Road (Northwards from Supenaam River)","-58.4833","7.1000",,,5/19/2008 0:00:00,12/30/1899 18:30:00,"B- Serious Injury","G- Rider",19.00,"Male","M- Hire Cars;V-Motor Cycle","U- Cyclist's Negligence",2.00
4161,19176.00,"2- Pomeroon- Supenaam",18,"Adventure Public Rd.","Essequibo Coast Road (Northwards from Supenaam River)","-58.4833","7.0833",,,5/22/2008 0:00:00,12/30/1899 17:30:00,"A- Fatal","F- Driver",55.00,"Male","M- Hire Cars","S- Driver's Negligence",2.00
4162,19177.00,"2- Pomeroon- Supenaam",4,"Good Intent Public Rd.","Essequibo Coast Road (Northwards from Supenaam River)","-58.6000","6.8667",,,6/22/2008 0:00:00,12/30/1899 15:20:00,"C- Minor Injury","G- Rider",,"Male","K- Private Cars;W-Pedal Cycle","U- Cyclist's Negligence",2.00
4163,19178.00,"2- Pomeroon- Supenaam",17,"Riverstown Public Rd.","Essequibo Coast Road (Northwards from Supenaam River)","-58.5000","7.0667",,,8/20/2008 0:00:00,12/30/1899 15:00:00,"B- Serious Injury","E- Pedestrian",7.00,"Female","M- Hire Cars","T-Pedestrian's Negligence",2.00
4164,19179.00,"2- Pomeroon- Supenaam",17,"Riverstown Public Rd.","Essequibo Coast Road (Northwards from Supenaam River)","-58.5000","7.0667",,,9/11/2008 0:00:00,12/30/1899 14:10:00,"D- Property Damage","F- Driver",45.00,"Male","M- Hire Cars;X-Tractor","S- Driver's Negligence",2.00
4165,19180.00,"2- Pomeroon- Supenaam",14,"Huist Dieren Public Rd.","Essequibo Coast Road (Northwards from Supenaam River)","-58.5000","7.0500",,,9/8/2008 0:00:00,,"C- Minor Injury","E- Pedestrian",7.00,"Female","K- Private Cars","T-Pedestrian's Negligence",2.00
4166,19181.00,"2- Pomeroon- Supenaam",3,"Spring Garden Public Rd.","Essequibo Coast Road (Northwards from Supenaam River)","-58.5000","6.9833",,,9/19/2008 0:00:00,12/30/1899 16:00:00,"C- Minor Injury","F- Driver",35.00,"Male","K- Private Cars","S- Driver's Negligence",2.00
4167,19182.00,"2- Pomeroon- Supenaam",20,"Suddie Public Rd.","Essequibo Coast Road (Northwards from Supenaam River)","-58.4833","7.1167",,,9/28/2008 0:00:00,12/30/1899 11:30:00,"C- Minor Injury","F- Driver",34.00,"Male","M- Hire Cars","S- Driver's Negligence",2.00
4168,19183.00,"2- Pomeroon- Supenaam",22,"Johanna Cecelia Public Rd.","Essequibo Coast Road (Northwards from Supenaam River)","-58.4833","7.1167",,,11/28/2008 0:00:00,12/30/1899 18:30:00,"D- Property Damage","F- Driver",,"Male","K- Private Cars","Y- Animal",1.00
4169,19184.00,"2- Pomeroon- Supenaam",21,"Maria's Lodge Public Rd.","Essequibo Coast Road (Northwards from Supenaam River)","-58.4833","7.1167",,,2/9/2009 0:00:00,12/30/1899 2:20:00,"A- Fatal","F- Driver",36.00,"Male","M- Hire Cars;N- Pickup","P- Speeding",3.00
4170,19185.00,"2- Pomeroon- Supenaam",10,"Hibernia Public Rd.","Essequibo Coast Road (Northwards from Supenaam River)","-58.5000","7.0333",,,2/14/2009 0:00:00,12/30/1899 23:05:00,"A- Fatal","F- Driver",52.00,"Male","M- Hire Cars","P- Speeding",2.00
4171,19186.00,"2- Pomeroon- Supenaam",25,"Perseverance Public Rd.","Essequibo Coast Road (Northwards from Supenaam River)","-58.4833","7.1500",,,4/21/2009 0:00:00,12/30/1899 7:30:00,"C- Minor Injury","F- Driver",51.00,"Male","J- Minibus;L- Lorries Van","S- Driver's Negligence",3.00
4172,19187.00,"2- Pomeroon- Supenaam",13,"Middlesex Public Rd.","Essequibo Coast Road (Northwards from Supenaam River)","-58.5000","7.0500",,,4/26/2009 0:00:00,12/30/1899 16:30:00,"B- Serious Injury","E- Pedestrian",8.00,"Male","M- Hire Cars","T-Pedestrian's Negligence",2.00
4173,19188.00,"2- Pomeroon- Supenaam",33,"Hoff-Van-Aurich Public Rd.","Essequibo Coast Road (Northwards from Supenaam River)","-58.5000","7.1833",,,5/2/2009 0:00:00,12/30/1899 18:45:00,"B- Serious Injury","F- Driver",38.00,"Male","L- Lorries Van;M- Hire Cars","S- Driver's Negligence",2.00
4174,19189.00,"2- Pomeroon- Supenaam",25,"Perseverance Public Rd.","Essequibo Coast Road (Northwards from Supenaam River)","-58.4833","7.1500",,,5/10/2009 0:00:00,12/30/1899 16:45:00,"A- Fatal","E- Pedestrian",6.00,"Male","K- Private Cars","T-Pedestrian's Negligence",2.00
4175,19190.00,"2- Pomeroon- Supenaam",31,"Annadale Public Rd.","Essequibo Coast Road (Northwards from Supenaam River)","-58.5000","7.1667",,,6/19/2009 0:00:00,12/30/1899 7:30:00,"B- Serious Injury","F- Driver",32.00,"Male","N- Pickup","S- Driver's Negligence",2.00
4176,19191.00,"2- Pomeroon- Supenaam",11,"Fair Field Public Rd.","Essequibo Coast Road (Northwards from Supenaam River)","-58.5000","7.0333",,,7/22/2009 0:00:00,12/30/1899 9:20:00,"C- Minor Injury","F- Driver",71.00,"Male","M- Hire Cars;W-Pedal Cycle","P- Speeding",2.00
4177,19192.00,"2- Pomeroon- Supenaam",135,"Free & Easy Wakenaam","Wakenaam Island (Northeastwards from Good Success)","-58.4500","6.9500",,,8/5/2009 0:00:00,12/30/1899 18:30:00,"B- Serious Injury","F- Driver",86.00,"Male","W-Pedal Cycle;X-Tractor","P- Speeding",2.00
4178,19193.00,"2- Pomeroon- Supenaam",3,"Spring Garden Public Rd.","Essequibo Coast Road (Northwards from Supenaam River)","-58.5000","6.9833",,,10/27/2009 0:00:00,12/30/1899 9:30:00,"C- Minor Injury","G- Rider",42.00,"Male","M- Hire Cars;W-Pedal Cycle","U- Cyclist's Negligence",2.00
4179,19194.00,"2- Pomeroon- Supenaam",34,"La Union Public Rd.","Essequibo Coast Road (Northwards from Supenaam River)","-58.5000","7.1833",,,11/4/2009 0:00:00,12/30/1899 14:50:00,"C- Minor Injury","F- Driver",16.00,"Male","J- Minibus","P- Speeding",4.00
4180,19195.00,"2- Pomeroon- Supenaam",17,"Riverstown Public Rd.","Essequibo Coast Road (Northwards from Supenaam River)","-58.5000","7.0667",,,12/29/2009 0:00:00,12/30/1899 13:30:00,"D- Property Damage","F- Driver",46.00,"Male","L- Lorries Van;M- Hire Cars","S- Driver's Negligence",2.00
4181,19196.00,"2- Pomeroon- Supenaam",22,"Johanna Cecelia Public Rd.","Essequibo Coast Road (Northwards from Supenaam River)","-58.4833","7.1167",,,1/10/2010 0:00:00,12/30/1899 13:30:00,"B- Serious Injury","F- Driver",46.00,"Male","M- Hire Cars;V-Motor Cycle","S- Driver's Negligence",2.00