"ID","Accident ID","Region Number","Corridor ID","Location (Intersection/Road/Street)","Corridor","Location- longitude/ X","Location- latitude/  Y","Mile Marker","Village","Date of Accident","Time of Accident","Type of Accident","Class of Road User","Age/DOB","Gender","Class of Vehicles Involved","Contributing Factor","Number of Persons Involved"
4182,19197.00,"2- Pomeroon- Supenaam",23,"Zorg Public Rd.","Essequibo Coast Road (Northwards from Supenaam River)","-58.4833","7.1333",,,2/2/2010 0:00:00,12/30/1899 14:40:00,"C- Minor Injury","F- Driver",23.00,"Male","J- Minibus;L- Lorries Van","R- Improper Overtaking",3.00
4183,19198.00,"2- Pomeroon- Supenaam",19,"Onderneeming Public Rd.","Essequibo Coast Road (Northwards from Supenaam River)","-58.4833","7.1000",,,2/9/2010 0:00:00,12/30/1899 22:10:00,"A- Fatal","F- Driver",26.00,"Male","X-Tractor","P- Speeding",2.00
4184,19199.00,"2- Pomeroon- Supenaam",14,"Huist Dieren Public Rd.","Essequibo Coast Road (Northwards from Supenaam River)","-58.5000","7.0500",,,2/18/2010 0:00:00,12/30/1899 12:30:00,"B- Serious Injury","F- Driver",36.00,"Male","K- Private Cars;W-Pedal Cycle","P- Speeding",2.00
4185,19200.00,"2- Pomeroon- Supenaam",5,"Aurora Public Rd.","Essequibo Coast Road (Northwards from Supenaam River)","-58.5000","7.0000",,,2/18/2010 0:00:00,12/30/1899 17:30:00,"B- Serious Injury","G- Rider",39.00,"Male","V-Motor Cycle","U- Cyclist's Negligence",2.00
4186,19201.00,"2- Pomeroon- Supenaam",23,"Zorg Public Rd.","Essequibo Coast Road (Northwards from Supenaam River)","-58.4833","7.1333",,,3/17/2010 0:00:00,12/30/1899 16:00:00,"C- Minor Injury","F- Driver",37.00,"Male","L- Lorries Van;M- Hire Cars","P- Speeding",2.00
4187,19202.00,"2- Pomeroon- Supenaam",23,"Zorg Public Rd.","Essequibo Coast Road (Northwards from Supenaam River)","-58.4833","7.1333",,,2/27/2010 0:00:00,12/30/1899 14:30:00,"D- Property Damage","F- Driver",22.00,"Male","K- Private Cars;M- Hire Cars","S- Driver's Negligence",2.00
4188,19203.00,"2- Pomeroon- Supenaam",10,"Hibernia Public Rd.","Essequibo Coast Road (Northwards from Supenaam River)","-58.5000","7.0333",,,6/13/2010 0:00:00,12/30/1899 19:00:00,"C- Minor Injury","F- Driver",24.00,"Male","K- Private Cars;M- Hire Cars","S- Driver's Negligence",2.00
4189,19204.00,"2- Pomeroon- Supenaam",21,"Maria's Lodge Public Rd.","Essequibo Coast Road (Northwards from Supenaam River)","-58.4833","7.1167",,,6/17/2010 0:00:00,12/30/1899 17:00:00,"C- Minor Injury","F- Driver",36.00,"Male","M- Hire Cars;X-Tractor","S- Driver's Negligence",2.00
4190,19205.00,"2- Pomeroon- Supenaam",24,"Golden Fleece Public Rd.","Essequibo Coast Road (Northwards from Supenaam River)","-58.4833","7.1500",,,7/9/2010 0:00:00,12/30/1899 16:15:00,"D- Property Damage","F- Driver",29.00,"Male","K- Private Cars;L- Lorries Van","S- Driver's Negligence",2.00
4191,19206.00,"2- Pomeroon- Supenaam",28,"Cullen Public Rd.","Essequibo Coast Road (Northwards from Supenaam River)","-58.5000","7.1667",,,8/1/2010 0:00:00,12/30/1899 18:45:00,"B- Serious Injury","F- Driver",23.00,"Male","M- Hire Cars;W-Pedal Cycle","U- Cyclist's Negligence",2.00
4192,19207.00,"2- Pomeroon- Supenaam",23,"Zorg Public Rd.","Essequibo Coast Road (Northwards from Supenaam River)","-58.4833","7.1333",,,8/23/2010 0:00:00,12/30/1899 20:10:00,"D- Property Damage","F- Driver",31.00,"Male","K- Private Cars","O- Lost Control & Runoff",1.00
4193,19208.00,"2- Pomeroon- Supenaam",28,"Clairmont Leguan","Essequibo Coast Road (Northwards from Supenaam River)","-58.5000","7.1667",,,9/20/2010 0:00:00,12/30/1899 16:00:00,"B- Serious Injury","F- Driver",38.00,"Male","L- Lorries Van;W-Pedal Cycle","R- Improper Overtaking",2.00
4194,19209.00,"2- Pomeroon- Supenaam",22,"Johanna Cecelia Public Rd.","Essequibo Coast Road (Northwards from Supenaam River)","-58.4833","7.1167",,,10/8/2010 0:00:00,12/30/1899 17:45:00,"C- Minor Injury","G- Rider",17.00,"Male","M- Hire Cars;V-Motor Cycle","U- Cyclist's Negligence",2.00
4195,19210.00,"2- Pomeroon- Supenaam",19,"Onderneeming Public Rd.","Essequibo Coast Road (Northwards from Supenaam River)","-58.4833","7.1000",,,10/8/2010 0:00:00,12/30/1899 9:45:00,"C- Minor Injury","F- Driver",28.00,"Male","M- Hire Cars;V-Motor Cycle","S- Driver's Negligence",2.00
4196,19211.00,"2- Pomeroon- Supenaam",14,"Huist Dieren Public Rd.","Essequibo Coast Road (Northwards from Supenaam River)","-58.5000","7.0500",,,10/8/2010 0:00:00,12/30/1899 13:00:00,"C- Minor Injury","E- Pedestrian",18.00,"Male","J- Minibus","T-Pedestrian's Negligence",2.00
4197,19212.00,"2- Pomeroon- Supenaam",86,"Enterprise Public Rd. Leguan","Leguan Island (Southeast Coast Road Northeastwards from Enterprise)","-58.4000","6.9167",,,10/22/2010 0:00:00,12/30/1899 21:30:00,"A- Fatal","F- Driver",18.00,"Male","K- Private Cars","P- Speeding",3.00
4198,19213.00,"2- Pomeroon- Supenaam",20,"Suddie Public Rd.","Essequibo Coast Road (Northwards from Supenaam River)","-58.4833","7.1167",,,10/28/2010 0:00:00,12/30/1899 14:35:00,"B- Serious Injury","E- Pedestrian",7.00,"Male","J- Minibus","T-Pedestrian's Negligence",2.00
4199,19214.00,"2- Pomeroon- Supenaam",17,"Riverstown Public Rd.","Essequibo Coast Road (Northwards from Supenaam River)","-58.5000","7.0667",,,10/29/2010 0:00:00,12/30/1899 13:30:00,"C- Minor Injury","F- Driver",47.00,"Male","M- Hire Cars;V-Motor Cycle","S- Driver's Negligence",2.00
4200,19215.00,"2- Pomeroon- Supenaam",15,"Pomona Public Rd.","Essequibo Coast Road (Northwards from Supenaam River)","-58.5000","7.0667",,,12/13/2010 0:00:00,12/30/1899 7:55:00,"C- Minor Injury","F- Driver",,"Male","K- Private Cars","S- Driver's Negligence",2.00
4201,19216.00,"2- Pomeroon- Supenaam",30,"Abram Zuil Public Rd.","Essequibo Coast Road (Northwards from Supenaam River)","-58.5000","7.1667",,,12/15/2010 0:00:00,12/30/1899 14:00:00,"D- Property Damage","F- Driver",18.00,"Male","L- Lorries Van","O- Lost Control & Runoff",1.00
4202,19217.00,"2- Pomeroon- Supenaam",5,"Aurora Public Rd.","Essequibo Coast Road (Northwards from Supenaam River)","-58.5000","7.0000",,,12/25/2010 0:00:00,,"A- Fatal","F- Driver",23.00,"Male","K- Private Cars","P- Speeding",2.00
4203,19218.00,"2- Pomeroon- Supenaam",5,"Aurora Public Rd.","Essequibo Coast Road (Northwards from Supenaam River)","-58.5000","7.0000",,,1/4/2011 0:00:00,12/30/1899 14:45:00,"B- Serious Injury","F- Driver",51.00,"Female","M- Hire Cars","P- Speeding",2.00
4204,19219.00,"2- Pomeroon- Supenaam",22,"Johanna Cecelia Public Rd.","Essequibo Coast Road (Northwards from Supenaam River)","-58.4833","7.1167",,,2/7/2011 0:00:00,12/30/1899 16:30:00,"D- Property Damage","F- Driver",,"Male","J- Minibus;L- Lorries Van","S- Driver's Negligence",2.00
4205,19220.00,"2- Pomeroon- Supenaam",28,"Cullen Public Rd.","Essequibo Coast Road (Northwards from Supenaam River)","-58.5000","7.1667",,,2/9/2011 0:00:00,12/30/1899 20:00:00,"C- Minor Injury","F- Driver",28.00,"Male","K- Private Cars;L- Lorries Van","P- Speeding",2.00
4206,19221.00,"2- Pomeroon- Supenaam",2,"Good Hope Public Rd.","Essequibo Coast Road (Northwards from Supenaam River)","-57.9333","6.6833",,,3/2/2011 0:00:00,12/30/1899 18:00:00,"B- Serious Injury","F- Driver",26.00,"Male","K- Private Cars","P- Speeding",2.00
4207,19222.00,"2- Pomeroon- Supenaam",3,"Spring Garden Public Rd.","Essequibo Coast Road (Northwards from Supenaam River)","-58.5000","6.9833",,,3/21/2011 0:00:00,12/30/1899 19:00:00,"C- Minor Injury","F- Driver",72.00,"Male","K- Private Cars","R- Improper Overtaking",2.00
4208,19223.00,"2- Pomeroon- Supenaam",85,"Waterloo Public Rd.","Essequibo Coast Road (Northwards from Supenaam River)","-58.7500","7.6333",,,3/20/2011 0:00:00,12/30/1899 17:30:00,"C- Minor Injury","G- Rider",,"Male","V-Motor Cycle","R- Improper Overtaking",2.00
4209,19224.00,"2- Pomeroon- Supenaam",21,"Maria's Lodge Public Rd.","Essequibo Coast Road (Northwards from Supenaam River)","-58.4833","7.1167",,,6/2/2011 0:00:00,12/30/1899 17:50:00,"C- Minor Injury","G- Rider",23.00,"Female","W-Pedal Cycle;X-Tractor","U- Cyclist's Negligence",2.00
4210,19225.00,"2- Pomeroon- Supenaam",21,"Maria's Lodge Public Rd.","Essequibo Coast Road (Northwards from Supenaam River)","-58.4833","7.1167",,,6/2/2011 0:00:00,12/30/1899 18:10:00,"C- Minor Injury","G- Rider",49.00,"Male","V-Motor Cycle","Y- Animal",1.00
4211,19226.00,"2- Pomeroon- Supenaam",22,"Johanna Cecelia Public Rd.","Essequibo Coast Road (Northwards from Supenaam River)","-58.4833","7.1167",,,6/20/2011 0:00:00,12/30/1899 9:35:00,"B- Serious Injury","F- Driver",60.00,"Male","L- Lorries Van","R- Improper Overtaking",2.00
4212,19227.00,"2- Pomeroon- Supenaam",19,"Onderneeming Public Rd.","Essequibo Coast Road (Northwards from Supenaam River)","-58.4833","7.1000",,,6/29/2011 0:00:00,12/30/1899 16:30:00,"C- Minor Injury","F- Driver",39.00,"Male","K- Private Cars;M- Hire Cars","P- Speeding",2.00
4213,19228.00,"2- Pomeroon- Supenaam",13,"Middlesex Publc Rd.","Essequibo Coast Road (Northwards from Supenaam River)","-58.5000","7.0500",,,7/27/2011 0:00:00,12/30/1899 9:00:00,"B- Serious Injury","G- Rider",10.00,"Male","M- Hire Cars;W-Pedal Cycle","U- Cyclist's Negligence",2.00
4214,19229.00,"2- Pomeroon- Supenaam",18,"Airy Hall Public Rd.","Essequibo Coast Road (Northwards from Supenaam River)","-58.4833","7.0833",,,8/2/2011 0:00:00,12/30/1899 3:00:00,"A- Fatal","F- Driver",50.00,"Male",,"P- Speeding",2.00
4215,19230.00,"2- Pomeroon- Supenaam",24,"Golden Fleece Public Rd.","Essequibo Coast Road (Northwards from Supenaam River)","-58.4833","7.1500",,,8/2/2011 0:00:00,12/30/1899 11:45:00,"D- Property Damage","F- Driver",,"Male","L- Lorries Van;M- Hire Cars","S- Driver's Negligence",2.00
4216,19231.00,"2- Pomeroon- Supenaam",19,"Onderneeming Public Rd.","Essequibo Coast Road (Northwards from Supenaam River)","-58.4833","7.1000",,,8/12/2011 0:00:00,12/30/1899 12:30:00,"C- Minor Injury","F- Driver",,"Male","M- Hire Cars;V-Motor Cycle","R- Improper Overtaking",2.00
4217,19232.00,"2- Pomeroon- Supenaam",18,"Adventure Public Rd.","Essequibo Coast Road (Northwards from Supenaam River)","-58.4833","7.0833",,,8/13/2011 0:00:00,12/30/1899 17:50:00,"C- Minor Injury","E- Pedestrian",64.00,"Female","V-Motor Cycle","T-Pedestrian's Negligence",2.00
4218,19233.00,"2- Pomeroon- Supenaam",18,"Adventure Public Rd.","Essequibo Coast Road (Northwards from Supenaam River)","-58.4833","7.0833",,,8/13/2011 0:00:00,12/30/1899 18:00:00,"C- Minor Injury","E- Pedestrian",28.00,"Male","K- Private Cars","T-Pedestrian's Negligence",2.00
4219,19234.00,"2- Pomeroon- Supenaam",1,"Supenaam Public Rd.","Essequibo Coast Road (Northwards from Supenaam River)","-58.5167","6.9667",,,8/16/2011 0:00:00,12/30/1899 19:00:00,"D- Property Damage","F- Driver",,"Male","K- Private Cars;M- Hire Cars","P- Speeding",2.00
4220,19235.00,"2- Pomeroon- Supenaam",9,"Dryshore Public Rd.","Essequibo Coast Road (Northwards from Supenaam River)","-58.5000","7.0167",,,9/27/2011 0:00:00,12/30/1899 12:15:00,"B- Serious Injury","F- Driver",,"Male","K- Private Cars","P- Speeding",1.00
4221,19236.00,"2- Pomeroon- Supenaam",14,"Huist Dieren Public Rd.","Essequibo Coast Road (Northwards from Supenaam River)","-58.5000","7.0500",,,10/7/2011 0:00:00,12/30/1899 16:45:00,"B- Serious Injury","F- Driver",54.00,"Male","K- Private Cars;L- Lorries Van","R- Improper Overtaking",2.00
4222,19237.00,"2- Pomeroon- Supenaam",18,"Airy Hall Public Rd.","Essequibo Coast Road (Northwards from Supenaam River)","-58.4833","7.0833",,,10/8/2011 0:00:00,12/30/1899 16:45:00,"B- Serious Injury","F- Driver",30.00,"Male","L- Lorries Van","O- Lost Control & Runoff",1.00
4223,19238.00,"2- Pomeroon- Supenaam",1,"Supenaam Public Rd.","Essequibo Coast Road (Northwards from Supenaam River)","-58.5167","6.9667",,,11/9/2011 0:00:00,12/30/1899 12:30:00,"B- Serious Injury","F- Driver",51.00,"Male","M- Hire Cars;N- Pickup","R- Improper Overtaking",2.00
4224,19239.00,"2- Pomeroon- Supenaam",23,"Zorg Public Rd.","Essequibo Coast Road (Northwards from Supenaam River)","-58.4833","7.1333",,,12/8/2011 0:00:00,12/30/1899 20:10:00,"B- Serious Injury","G- Rider",49.00,"Male","V-Motor Cycle","Y- Animal",1.00
4225,19240.00,"2- Pomeroon- Supenaam",20,"Suddie Public Rd.","Essequibo Coast Road (Northwards from Supenaam River)","-58.4833","7.1167",,,1/9/2012 0:00:00,12/30/1899 12:30:00,"C- Minor Injury","F- Driver",68.00,"Male","J- Minibus;X-Tractor","S- Driver's Negligence",2.00
4226,19241.00,"2- Pomeroon- Supenaam",19,"Onderneeming Public Rd.","Essequibo Coast Road (Northwards from Supenaam River)","-58.4833","7.1000",,,1/11/2012 0:00:00,12/30/1899 7:55:00,"C- Minor Injury","F- Driver",,"Male","M- Hire Cars","S- Driver's Negligence",2.00
4227,19242.00,"2- Pomeroon- Supenaam",10,"Hibernia Public Rd.","Essequibo Coast Road (Northwards from Supenaam River)","-58.5000","7.0333",,,1/1/2012 0:00:00,12/30/1899 14:30:00,"B- Serious Injury","F- Driver",52.00,"Male","M- Hire Cars","S- Driver's Negligence",2.00
4228,19243.00,"2- Pomeroon- Supenaam",20,"Suddie Public Rd.","Essequibo Coast Road (Northwards from Supenaam River)","-58.4833","7.1167",,,1/31/2012 0:00:00,12/30/1899 11:55:00,"A- Fatal","G- Rider",73.00,"Male","M- Hire Cars;W-Pedal Cycle","U- Cyclist's Negligence",2.00
4229,19244.00,"2- Pomeroon- Supenaam",18,"Airy Hall Public Rd.","Essequibo Coast Road (Northwards from Supenaam River)","-58.4833","7.0833",,,2/28/2012 0:00:00,12/30/1899 10:20:00,"D- Property Damage","F- Driver",28.00,"Male","K- Private Cars;N- Pickup","S- Driver's Negligence",2.00
4230,19245.00,"2- Pomeroon- Supenaam",18,"Adventure Public Rd.","Essequibo Coast Road (Northwards from Supenaam River)","-58.4833","7.0833",,,3/10/2012 0:00:00,12/30/1899 19:10:00,"D- Property Damage","F- Driver",29.00,"Male","L- Lorries Van;M- Hire Cars","P- Speeding",2.00
4231,19246.00,"2- Pomeroon- Supenaam",21,"Maria's Lodge Public Rd.","Essequibo Coast Road (Northwards from Supenaam River)","-58.4833","7.1167",,,2/25/2012 0:00:00,12/30/1899 0:45:00,"A- Fatal","F- Driver",19.00,"Male","K- Private Cars","Q- Alcohol",1.00
4232,19247.00,"2- Pomeroon- Supenaam",20,"Suddie Public Rd.","Essequibo Coast Road (Northwards from Supenaam River)","-58.4833","7.1167",,,4/26/2012 0:00:00,12/30/1899 20:00:00,"B- Serious Injury","F- Driver",32.00,"Male","K- Private Cars;W-Pedal Cycle","S- Driver's Negligence",2.00
4233,19248.00,"2- Pomeroon- Supenaam",25,"Perseverance Public Rd.","Essequibo Coast Road (Northwards from Supenaam River)","-58.4833","7.1500",,,4/5/2012 0:00:00,12/30/1899 17:00:00,"D- Property Damage","F- Driver",31.00,"Male","L- Lorries Van","S- Driver's Negligence",2.00
4234,19249.00,"2- Pomeroon- Supenaam",32,"Zorg-en-Vlyght Public Rd.","Essequibo Coast Road (Northwards from Supenaam River)","-58.5000","7.1833",,,8/7/2012 0:00:00,12/30/1899 20:15:00,"A- Fatal","G- Rider",62.00,"Male","V-Motor Cycle","O- Lost Control & Runoff",1.00
4235,19250.00,"2- Pomeroon- Supenaam",9,"Dryshore Public Rd.","Essequibo Coast Road (Northwards from Supenaam River)","-58.5000","7.0167",,,9/1/2012 0:00:00,12/30/1899 15:45:00,"B- Serious Injury","F- Driver",,"Male","M- Hire Cars","S- Driver's Negligence",2.00
4236,19251.00,"2- Pomeroon- Supenaam",11,"Fair Field Public Rd.","Essequibo Coast Road (Northwards from Supenaam River)","-58.5000","7.0333",,,9/22/2012 0:00:00,12/30/1899 17:30:00,"D- Property Damage","F- Driver",42.00,"Male","K- Private Cars","O- Lost Control & Runoff",1.00
4237,19252.00,"2- Pomeroon- Supenaam",34,"La Union Public Rd.","Essequibo Coast Road (Northwards from Supenaam River)","-58.5000","7.1833",,,9/27/2012 0:00:00,12/30/1899 15:00:00,"D- Property Damage","F- Driver",40.00,"Male","K- Private Cars;X-Tractor","S- Driver's Negligence",2.00
4238,19253.00,"2- Pomeroon- Supenaam",19,"Onderneeming Public Rd.","Essequibo Coast Road (Northwards from Supenaam River)","-58.4833","7.1000",,,9/27/2012 0:00:00,12/30/1899 14:30:00,"B- Serious Injury","F- Driver",46.00,"Female","K- Private Cars","S- Driver's Negligence",2.00
4239,19254.00,"2- Pomeroon- Supenaam",9,"Dryshore Public Rd.","Essequibo Coast Road (Northwards from Supenaam River)","-58.5000","7.0167",,,10/24/2012 0:00:00,12/30/1899 15:40:00,"C- Minor Injury","F- Driver",26.00,"Male","K- Private Cars;M- Hire Cars","R- Improper Overtaking",2.00
4240,19255.00,"2- Pomeroon- Supenaam",33,"Hoff-Van-Aurich Public Rd.","Essequibo Coast Road (Northwards from Supenaam River)","-58.5000","7.1833",,,11/8/2012 0:00:00,12/30/1899 12:30:00,"A- Fatal","F- Driver",45.00,"Male","M- Hire Cars;W-Pedal Cycle","P- Speeding",2.00
4241,19256.00,"2- Pomeroon- Supenaam",12,"Vilvoordeen Public Rd.","Essequibo Coast Road (Northwards from Supenaam River)","-58.0500","7.0333",,,11/19/2012 0:00:00,12/30/1899 18:30:00,"B- Serious Injury","F- Driver",,"Male","M- Hire Cars","Q- Alcohol",2.00
4242,19257.00,"2- Pomeroon- Supenaam",23,"Zorg Public Rd.","Essequibo Coast Road (Northwards from Supenaam River)","-58.4833","7.1333",,,11/25/2012 0:00:00,12/30/1899 18:00:00,"D- Property Damage","F- Driver",,"Male","K- Private Cars","S- Driver's Negligence",1.00
4243,19258.00,"2- Pomeroon- Supenaam",28,"Cullen Public Rd.","Essequibo Coast Road (Northwards from Supenaam River)","-58.5000","7.1667",,,12/1/2012 0:00:00,12/30/1899 14:30:00,"A- Fatal","F- Driver",22.00,"Male","L- Lorries Van;V-Motor Cycle","P- Speeding",3.00
4244,19259.00,"2- Pomeroon- Supenaam",23,"Zorg Public Rd.","Essequibo Coast Road (Northwards from Supenaam River)","-58.4833","7.1333",,,12/20/2012 0:00:00,12/30/1899 22:30:00,"D- Property Damage","F- Driver",,"Male","K- Private Cars","S- Driver's Negligence",1.00
4245,19260.00,"2- Pomeroon- Supenaam",24,"Golden Fleece Public Rd.","Essequibo Coast Road (Northwards from Supenaam River)","-58.4833","7.1500",,,12/22/2012 0:00:00,12/30/1899 20:30:00,"A- Fatal","F- Driver",59.00,"Male","M- Hire Cars","S- Driver's Negligence",2.00
4246,19261.00,"2- Pomeroon- Supenaam",23,"Zorg Public Rd.","Essequibo Coast Road (Northwards from Supenaam River)","-58.4833","7.1333",,,12/29/2012 0:00:00,12/30/1899 16:45:00,"D- Property Damage","F- Driver",,"Male","K- Private Cars;M- Hire Cars","P- Speeding",3.00
4247,19262.00,"4- Demerara- Mahaica",470,"Vigilance Public Road","East Coast Demerara Road (From Georgetown)","-58.0167","6.7833",,,8/7/2002 0:00:00,12/30/1899 19:30:00,"B- Serious Injury","F- Driver",23.00,"Male","L- Lorries Van","P- Speeding",2.00
4248,19263.00,"4- Demerara- Mahaica",464,"Lusigan Public Road","East Coast Demerara Road (From Georgetown)","-58.0333","6.8000",,,8/11/2002 0:00:00,12/30/1899 21:00:00,"B- Serious Injury","F- Driver",28.00,"Male","J- Minibus;V-Motor Cycle","U- Cyclist's Negligence",2.00
4249,19264.00,"4- Demerara- Mahaica",464,"Lusigan Public Road","East Coast Demerara Road (From Georgetown)","-58.0333","6.8000",,,8/13/2002 0:00:00,12/30/1899 20:30:00,"C- Minor Injury","F- Driver",30.00,"Male","J- Minibus;M- Hire Cars;W-Pedal Cycle","U- Cyclist's Negligence",3.00
4250,19265.00,"4- Demerara- Mahaica",469,"Friendshipship Public Road","East Coast Demerara Road (From Georgetown)","-58.0333","6.7833",,,8/12/2002 0:00:00,12/30/1899 20:10:00,"B- Serious Injury","F- Driver",,"Male","J- Minibus;V-Motor Cycle","P- Speeding",2.00
4251,19266.00,"4- Demerara- Mahaica",461,"Good Hope Public Road","East Coast Demerara Road (From Georgetown)","-58.0500","6.8000",,,8/20/2002 0:00:00,12/30/1899 21:30:00,"D- Property Damage","F- Driver",25.00,"Male","K- Private Cars","Y-Animal",1.00
4252,19267.00,"4- Demerara- Mahaica",472,"Stratsphey Public Road","East Coast Demerara Road (From Georgetown)","-58.0167","6.7833",,,8/10/2002 0:00:00,,"D- Property Damage","F- Driver",56.00,"Male","J- Minibus;L- Lorries Van","S- Driver's Negligence",3.00
4253,19268.00,"4- Demerara- Mahaica",477,"Melanie Access Road","East Coast Demerara Road (From Georgetown)","-58.0000","6.7833",,,8/21/2002 0:00:00,12/30/1899 21:30:00,"D- Property Damage","F- Driver",45.00,"Male","K- Private Cars","P- Speeding",2.00
4254,19269.00,"4- Demerara- Mahaica",461,"Good Hope Access Road","East Coast Demerara Road (From Georgetown)","-58.0500","6.8000",,,8/22/2002 0:00:00,12/30/1899 7:30:00,"B- Serious Injury","F- Driver",37.00,"Male","J- Minibus","T-Pedestrian's Negligence",2.00
4255,19270.00,"4- Demerara- Mahaica",474,"Non Pariel Public Road","East Coast Demerara Road (From Georgetown)","-58.0167","6.7833",,,8/24/2002 0:00:00,12/30/1899 12:30:00,"A- Fatal","E- Pedestrian",24.00,"Male","V-Motor Cycle","U- Cyclist's Negligence",2.00
4256,19271.00,"4- Demerara- Mahaica",478,"Bachelors Adventure","East Coast Demerara Road (From Georgetown)","-58.0000","6.7667",,,8/31/2002 0:00:00,12/30/1899 23:15:00,"D- Property Damage","F- Driver",35.00,"Male","J- Minibus;K- Private Cars","S- Driver's Negligence",2.00
4257,19272.00,"4- Demerara- Mahaica",464,"Lusignan Public Road","East Coast Demerara Road (From Georgetown)","-58.0333","6.8000",,,9/1/2002 0:00:00,12/30/1899 19:35:00,"A- Fatal","G- Rider",70.00,"Male","V-Motor Cycle","U- Cyclist's Negligence",2.00
4258,19273.00,"4- Demerara- Mahaica",464,"Lusignan Public Road","East Coast Demerara Road (From Georgetown)","-58.0333","6.8000",,,9/2/2002 0:00:00,12/30/1899 3:30:00,"D- Property Damage","F- Driver",53.00,"Male","L- Lorries Van","S- Driver's Negligence",1.00
4259,19274.00,"4- Demerara- Mahaica",464,"Lusignan Public Road","East Coast Demerara Road (From Georgetown)","-58.0333","6.8000",,,9/5/2002 0:00:00,,"C- Minor Injury","F- Driver",21.00,"Female","J- Minibus;L- Lorries Van","S- Driver's Negligence",2.00
4260,19275.00,"4- Demerara- Mahaica",470,"Vigilance Public Road","East Coast Demerara Road (From Georgetown)","-58.0167","6.7833",,,9/6/2002 0:00:00,12/30/1899 7:45:00,"B- Serious Injury","F- Driver",48.00,"Male","L- Lorries Van","P- Speeding",2.00
4261,19276.00,"4- Demerara- Mahaica",466,"Courban Park Public Road","East Coast Demerara Road (From Georgetown)","-58.0333","6.8000",,,9/9/2002 0:00:00,12/30/1899 8:00:00,"C- Minor Injury","F- Driver",25.00,"Male","N- Pickup;V-Motor Cycle","S- Driver's Negligence",2.00
4262,19277.00,"4- Demerara- Mahaica",477,"Melanie Damishana","East Coast Demerara Road (From Georgetown)","-58.0000","6.7833",,,9/11/2002 0:00:00,12/30/1899 14:00:00,"C- Minor Injury","F- Driver",26.00,"Male","J- Minibus;V-Motor Cycle","U- Cyclist's Negligence",2.00
4263,19278.00,"4- Demerara- Mahaica",465,"Annandale Public Road","East Coast Demerara Road (From Georgetown)","-58.0333","6.8000",,,9/14/2002 0:00:00,12/30/1899 1:15:00,"C- Minor Injury","F- Driver",43.00,"Male","K- Private Cars;W-Pedal Cycle","S- Driver's Negligence",2.00
4264,19279.00,"4- Demerara- Mahaica",473,"Coligen Public Road","East Coast Demerara Road (From Georgetown)","-58.0167","6.7833",,,9/14/2002 0:00:00,12/30/1899 19:15:00,"B- Serious Injury","F- Driver",,"Male","L- Lorries Van","S- Driver's Negligence",2.00
4265,19280.00,"4- Demerara- Mahaica",474,"Non Pariel Public Road","East Coast Demerara Road (From Georgetown)","-58.0167","6.7833",,,9/16/2002 0:00:00,12/30/1899 14:15:00,"D- Property Damage","F- Driver",39.00,"Male","J- Minibus;N- Pickup","S- Driver's Negligence",2.00
4266,19281.00,"4- Demerara- Mahaica",470,"Vigilance Public Road","East Coast Demerara Road (From Georgetown)","-58.0167","6.7833",,,9/17/2002 0:00:00,12/30/1899 13:00:00,"C- Minor Injury","F- Driver",35.00,"Male","J- Minibus;W-Pedal Cycle","S- Driver's Negligence",2.00
4267,19282.00,"4- Demerara- Mahaica",464,"Lusignan Public Road","East Coast Demerara Road (From Georgetown)","-58.0333","6.8000",,,9/18/2002 0:00:00,12/30/1899 9:00:00,"C- Minor Injury","E- Pedestrian",42.00,"Male","M- Hire Cars","S- Driver's Negligence",2.00
4268,19283.00,"4- Demerara- Mahaica",468,"Buxton Public Road","East Coast Demerara Road (From Georgetown)","-58.0333","6.7833",,,9/24/2002 0:00:00,12/30/1899 9:00:00,"D- Property Damage","F- Driver",26.00,"Male","J- Minibus;K- Private Cars","S- Driver's Negligence",2.00
4269,19284.00,"4- Demerara- Mahaica",465,"Annandale Public Road","East Coast Demerara Road (From Georgetown)","-58.0333","6.8000",,,9/23/2002 0:00:00,12/30/1899 17:00:00,"A- Fatal","F- Driver",35.00,"Male","N- Pickup;W-Pedal Cycle","P- Speeding",2.00
4270,19285.00,"4- Demerara- Mahaica",477,"Melanie Damishana","East Coast Demerara Road (From Georgetown)","-58.0000","6.7833",,,9/28/2002 0:00:00,12/30/1899 18:35:00,"D- Property Damage","F- Driver",54.00,"Male","J- Minibus","Y-Animal",1.00
4271,19286.00,"4- Demerara- Mahaica",464,"Lusignan Railway Line","East Coast Demerara Road (From Georgetown)","-58.0333","6.8000",,,9/29/2002 0:00:00,12/30/1899 19:00:00,"C- Minor Injury","F- Driver",23.00,"Male","K- Private Cars;W-Pedal Cycle","U- Cyclist's Negligence",3.00