"ID","Accident ID","Region Number","Corridor ID","Location (Intersection/Road/Street)","Corridor","Location- longitude/ X","Location- latitude/  Y","Mile Marker","Village","Date of Accident","Time of Accident","Type of Accident","Class of Road User","Age/DOB","Gender","Class of Vehicles Involved","Contributing Factor","Number of Persons Involved"
4272,19287.00,"4- Demerara- Mahaica",464,"Luisgnan Public Road","East Coast Demerara Road (From Georgetown)","-58.0333","6.8000",,,10/4/2002 0:00:00,12/30/1899 19:00:00,"B- Serious Injury","F- Driver",59.00,"Male","L- Lorries Van;W-Pedal Cycle","U- Cyclist's Negligence",2.00
4273,19288.00,"4- Demerara- Mahaica",478,"Bachelors Adventure Public Road","East Coast Demerara Road (From Georgetown)","-58.0000","6.7667",,,10/8/2002 0:00:00,12/30/1899 18:00:00,"B- Serious Injury","F- Driver",22.00,"Male","L- Lorries Van;W-Pedal Cycle","P- Speeding",2.00
4274,19289.00,"4- Demerara- Mahaica",468,"Buxton Public Road","East Coast Demerara Road (From Georgetown)","-58.0333","6.7833",,,10/12/2002 0:00:00,12/30/1899 20:00:00,"D- Property Damage","F- Driver",32.00,"Male","J- Minibus;K- Private Cars","S- Driver's Negligence",2.00
4275,19290.00,"4- Demerara- Mahaica",472,"Strasthpey Public Road","East Coast Demerara Road (From Georgetown)","-58.0167","6.7833",,,10/13/2002 0:00:00,12/30/1899 11:00:00,"D- Property Damage","F- Driver",53.00,"Male","J- Minibus;N- Pickup","S- Driver's Negligence",2.00
4276,19291.00,"4- Demerara- Mahaica",464,"Lusignan Railway Line","East Coast Demerara Road (From Georgetown)","-58.0333","6.8000",,,10/16/2002 0:00:00,12/30/1899 4:00:00,"A- Fatal","E- Pedestrian",,,,,2.00
4277,19292.00,"4- Demerara- Mahaica",468,"Buxton Public Road","East Coast Demerara Road (From Georgetown)","-58.0333","6.7833",,,10/16/2002 0:00:00,12/30/1899 13:30:00,"C- Minor Injury","E- Pedestrian",,"Male","J- Minibus","T-Pedestrian's Negligence",2.00
4278,19293.00,"4- Demerara- Mahaica",465,"Annandale Market Road","East Coast Demerara Road (From Georgetown)","-58.0333","6.8000",,,10/17/2002 0:00:00,12/30/1899 8:00:00,"C- Minor Injury","E- Pedestrian",50.00,"Male","L- Lorries Van","S- Driver's Negligence",2.00
4279,19294.00,"4- Demerara- Mahaica",464,"Lusignan Railway Embankment","East Coast Demerara Road (From Georgetown)","-58.0333","6.8000",,,10/18/2002 0:00:00,12/30/1899 7:00:00,"C- Minor Injury","F- Driver",,"Male","L- Lorries Van;V-Motor Cycle","S- Driver's Negligence",2.00
4280,19295.00,"4- Demerara- Mahaica",461,"Good Hope Public Road","East Coast Demerara Road (From Georgetown)","-58.0500","6.8000",,,10/22/2002 0:00:00,12/30/1899 8:00:00,"D- Property Damage","F- Driver",34.00,"Male","K- Private Cars","S- Driver's Negligence",2.00
4281,19296.00,"4- Demerara- Mahaica",472,"Strasthpey Public Road","East Coast Demerara Road (From Georgetown)","-58.0167","6.7833",,,11/1/2002 0:00:00,12/30/1899 20:18:00,"C- Minor Injury","E- Pedestrian",33.00,"Male","L- Lorries Van","T-Pedestrian's Negligence",2.00
4282,19297.00,"4- Demerara- Mahaica",464,"Lusignan Public Road","East Coast Demerara Road (From Georgetown)","-58.0333","6.8000",,,11/3/2002 0:00:00,12/30/1899 14:00:00,"D- Property Damage","F- Driver",47.00,"Male","K- Private Cars","S- Driver's Negligence",2.00
4283,19298.00,"4- Demerara- Mahaica",465,"Annandale Access Road","East Coast Demerara Road (From Georgetown)","-58.0333","6.8000",,,11/6/2002 0:00:00,12/30/1899 11:00:00,"D- Property Damage","F- Driver",32.00,"Male","K- Private Cars","S- Driver's Negligence",2.00
4284,19299.00,"4- Demerara- Mahaica",464,"Lusignan Public Road","East Coast Demerara Road (From Georgetown)","-58.0333","6.8000",,,11/1/7102 0:00:00,12/30/1899 12:00:00,"D- Property Damage","F- Driver",,"Male","K- Private Cars;N- Pickup","S- Driver's Negligence",2.00
4285,19300.00,"4- Demerara- Mahaica",477,"Melanie Damishana","East Coast Demerara Road (From Georgetown)","-58.0000","6.7833",,,11/14/2002 0:00:00,12/30/1899 17:45:00,"D- Property Damage","F- Driver",40.00,"Male","K- Private Cars","S- Driver's Negligence",2.00
4286,19301.00,"4- Demerara- Mahaica",461,"Good Hope Access Road","East Coast Demerara Road (From Georgetown)","-58.0500","6.8000",,,11/15/2002 0:00:00,12/30/1899 19:00:00,"D- Property Damage","F- Driver",,"Male","J- Minibus;L- Lorries Van","S- Driver's Negligence",2.00
4287,19302.00,"4- Demerara- Mahaica",465,"Annandale Public Road","East Coast Demerara Road (From Georgetown)","-58.0333","6.8000",,,11/17/2002 0:00:00,12/30/1899 19:00:00,"D- Property Damage","F- Driver",45.00,"Male","K- Private Cars;L- Lorries Van","S- Driver's Negligence",2.00
4288,19303.00,"4- Demerara- Mahaica",474,"Non Pariel Public Road","East Coast Demerara Road (From Georgetown)","-58.0167","6.7833",,,11/19/2002 0:00:00,12/30/1899 16:30:00,"C- Minor Injury","E- Pedestrian",23.00,"Male","K- Private Cars","S- Driver's Negligence",2.00
4289,19304.00,"4- Demerara- Mahaica",464,"Lusigana Access Road","East Coast Demerara Road (From Georgetown)","-58.0333","6.8000",,,11/24/2002 0:00:00,12/30/1899 19:30:00,"D- Property Damage","F- Driver",,"Male","K- Private Cars;L- Lorries Van","S- Driver's Negligence",2.00
4290,19305.00,"4- Demerara- Mahaica",477,"Melanie Damishana Public Road","East Coast Demerara Road (From Georgetown)","-58.0000","6.7833",,,11/26/2002 0:00:00,12/30/1899 13:45:00,"A- Fatal","E- Pedestrian",32.00,"Male","L- Lorries Van","T-Pedestrian's Negligence",2.00
4291,19306.00,"4- Demerara- Mahaica",473,"Coldigen Public Road","East Coast Demerara Road (From Georgetown)","-58.0167","6.7833",,,11/28/2002 0:00:00,12/30/1899 17:30:00,"D- Property Damage","F- Driver",29.00,"Female","J- Minibus;K- Private Cars","P- Speeding",2.00
4292,19307.00,"4- Demerara- Mahaica",478,"Bachelors Adventure Public Road","East Coast Demerara Road (From Georgetown)","-58.0000","6.7667",,,11/30/2002 0:00:00,12/30/1899 22:30:00,"C- Minor Injury","E- Pedestrian",69.00,"Male","N- Pickup","T-Pedestrian's Negligence",2.00
4293,19308.00,"4- Demerara- Mahaica",470,"Vigilance Public Road","East Coast Demerara Road (From Georgetown)","-58.0167","6.7833",,,11/29/2002 0:00:00,12/30/1899 17:15:00,"D- Property Damage","F- Driver",55.00,"Male","K- Private Cars;N- Pickup","S- Driver's Negligence",2.00
4294,19309.00,"4- Demerara- Mahaica",461,"Good Hope Public Road","East Coast Demerara Road (From Georgetown)","-58.0500","6.8000",,,12/1/2002 0:00:00,12/30/1899 22:30:00,"B- Serious Injury","F- Driver",,"Male","K- Private Cars","P- Speeding",2.00
4295,19310.00,"4- Demerara- Mahaica",465,"Annandale Public Road","East Coast Demerara Road (From Georgetown)","-58.0333","6.8000",,,12/4/2002 0:00:00,12/30/1899 5:35:00,"D- Property Damage","F- Driver",31.00,"Male","J- Minibus;L- Lorries Van","S- Driver's Negligence",2.00
4296,19311.00,"4- Demerara- Mahaica",477,"Melanie Damishana Public Road","East Coast Demerara Road (From Georgetown)","-58.0000","6.7833",,,12/4/2002 0:00:00,12/30/1899 9:30:00,"D- Property Damage","F- Driver",42.00,"Male","J- Minibus;L- Lorries Van","S- Driver's Negligence",2.00
4297,19312.00,"4- Demerara- Mahaica",465,"Annandale Public Road","East Coast Demerara Road (From Georgetown)","-58.0333","6.8000",,,12/3/2002 0:00:00,12/30/1899 19:45:00,"D- Property Damage","F- Driver",29.00,"Male","J- Minibus","S- Driver's Negligence",2.00
4298,19313.00,"4- Demerara- Mahaica",465,"Annandale Public Road","East Coast Demerara Road (From Georgetown)","-58.0333","6.8000",,,12/8/2002 0:00:00,12/30/1899 8:00:00,"D- Property Damage","F- Driver",32.00,"Male","J- Minibus;K- Private Cars","S- Driver's Negligence",2.00
4299,19314.00,"4- Demerara- Mahaica",468,"Buxton Line Top","East Coast Demerara Road (From Georgetown)","-58.0333","6.7833",,,12/12/2002 0:00:00,12/30/1899 9:00:00,"C- Minor Injury","F- Driver",28.00,"Male","K- Private Cars;W-Pedal Cycle","U- Cyclist's Negligence",2.00
4300,19315.00,"4- Demerara- Mahaica",465,"Annandale Public Road","East Coast Demerara Road (From Georgetown)","-58.0333","6.8000",,,12/10/2002 0:00:00,12/30/1899 16:30:00,"D- Property Damage","F- Driver",49.00,"Male","J- Minibus;K- Private Cars","S- Driver's Negligence",3.00
4301,19316.00,"4- Demerara- Mahaica",474,"Non Pariel Railway Embankment","East Coast Demerara Road (From Georgetown)","-58.0167","6.7833",,,12/15/2002 0:00:00,12/30/1899 19:30:00,"D- Property Damage","F- Driver",,"Male","J- Minibus;K- Private Cars","P- Speeding",2.00
4302,19317.00,"4- Demerara- Mahaica",470,"Vigilance Public Road","East Coast Demerara Road (From Georgetown)","-58.0167","6.7833",,,12/20/2002 0:00:00,12/30/1899 7:15:00,"D- Property Damage","F- Driver",36.00,"Male","L- Lorries Van;N- Pickup","S- Driver's Negligence",2.00
4303,19318.00,"4- Demerara- Mahaica",474,"Non Pariel","East Coast Demerara Road (From Georgetown)","-58.0167","6.7833",,,12/24/2002 0:00:00,12/30/1899 22:30:00,"D- Property Damage","F- Driver",,"Male","J- Minibus;K- Private Cars","P- Speeding",2.00
4304,19319.00,"4- Demerara- Mahaica",471,"Bladen Hall Public Road","East Coast Demerara Road (From Georgetown)","-58.0167","6.7833",,,12/28/2002 0:00:00,12/30/1899 21:30:00,"C- Minor Injury","F- Driver",,"Male","J- Minibus;N- Pickup","S- Driver's Negligence",2.00
4305,19320.00,"4- Demerara- Mahaica",469,"Friendship Public Road","East Coast Demerara Road (From Georgetown)","-58.0333","6.7833",,,1/2/2003 0:00:00,12/30/1899 17:25:00,"D- Property Damage","F- Driver",46.00,"Male","K- Private Cars;L- Lorries Van","S- Driver's Negligence",2.00
4306,19321.00,"4- Demerara- Mahaica",477,"Melanie Access Road","East Coast Demerara Road (From Georgetown)","-58.0000","6.7833",,,1/3/2003 0:00:00,12/30/1899 17:10:00,"C- Minor Injury","E- Pedestrian",49.00,"Male","M- Hire Cars","T-Pedestrian's Negligence",2.00
4307,19322.00,"4- Demerara- Mahaica",472,"Strastspey Public Road","East Coast Demerara Road (From Georgetown)","-58.0167","6.7833",,,1/8/2003 0:00:00,12/30/1899 16:30:00,"D- Property Damage","F- Driver",62.00,"Male","K- Private Cars;L- Lorries Van","S- Driver's Negligence",2.00
4308,19323.00,"4- Demerara- Mahaica",477,"Melanie Damishana Public Road","East Coast Demerara Road (From Georgetown)","-58.0000","6.7833",,,1/12/2003 0:00:00,12/30/1899 16:40:00,"B- Serious Injury","F- Driver",42.00,"Male","K- Private Cars","P- Speeding",2.00
4309,19324.00,"4- Demerara- Mahaica",470,"Vigilance Public Road","East Coast Demerara Road (From Georgetown)","-58.0167","6.7833",,,1/23/2003 0:00:00,,"D- Property Damage","F- Driver",49.00,"Male","K- Private Cars","S- Driver's Negligence",2.00
4310,19325.00,"4- Demerara- Mahaica",468,"Buxton Public Road","East Coast Demerara Road (From Georgetown)","-58.0333","6.7833",,,1/27/2003 0:00:00,12/30/1899 15:15:00,"B- Serious Injury","E- Pedestrian",42.00,"Male","M- Hire Cars","S- Driver's Negligence",2.00
4311,19326.00,"4- Demerara- Mahaica",465,"Annandale Public Road","East Coast Demerara Road (From Georgetown)","-58.0333","6.8000",,,1/29/2003 0:00:00,12/30/1899 14:30:00,"D- Property Damage","F- Driver",21.00,"Male","J- Minibus;N- Pickup","S- Driver's Negligence",2.00
4312,19327.00,"4- Demerara- Mahaica",473,"Colidgen Public Road","East Coast Demerara Road (From Georgetown)","-58.0167","6.7833",,,1/30/2003 0:00:00,12/30/1899 10:00:00,"C- Minor Injury","F- Driver",28.00,"Male","J- Minibus","P- Speeding",2.00
4313,19328.00,"4- Demerara- Mahaica",472,"Strathspey Public Road","East Coast Demerara Road (From Georgetown)","-58.0167","6.7833",,,2/1/2003 0:00:00,12/30/1899 14:15:00,"D- Property Damage","F- Driver",24.00,"Male","K- Private Cars","P- Speeding",2.00
4314,19329.00,"4- Demerara- Mahaica",465,"Annandale Public Road","East Coast Demerara Road (From Georgetown)","-58.0333","6.8000",,,2/10/2003 0:00:00,12/30/1899 8:30:00,"B- Serious Injury","F- Driver",25.00,"Male","M- Hire Cars","S- Driver's Negligence",2.00
4315,19330.00,"4- Demerara- Mahaica",465,"Annandale Access Road","East Coast Demerara Road (From Georgetown)","-58.0333","6.8000",,,2/10/2003 0:00:00,12/30/1899 17:20:00,"D- Property Damage","F- Driver",,"Male","K- Private Cars;N- Pickup","S- Driver's Negligence",2.00
4316,19331.00,"4- Demerara- Mahaica",468,"Buxton Public Road","East Coast Demerara Road (From Georgetown)","-58.0333","6.7833",,,2/19/2003 0:00:00,12/30/1899 17:45:00,"D- Property Damage","F- Driver",19.00,"Male","J- Minibus;N- Pickup","S- Driver's Negligence",2.00
4317,19332.00,"4- Demerara- Mahaica",461,"Good Hope Public Road","East Coast Demerara Road (From Georgetown)","-58.0500","6.8000",,,2/22/2003 0:00:00,12/30/1899 10:00:00,"D- Property Damage","F- Driver",46.00,"Male","J- Minibus;L- Lorries Van","S- Driver's Negligence",2.00
4318,19333.00,"4- Demerara- Mahaica",465,"Annandale Public Road","East Coast Demerara Road (From Georgetown)","-58.0333","6.8000",,,2/23/2003 0:00:00,12/30/1899 20:30:00,"C- Minor Injury","F- Driver",28.00,"Male","J- Minibus;V-Motor Cycle","U- Cyclist's Negligence",2.00
4319,19334.00,"4- Demerara- Mahaica",464,"Lusignan Public Road","East Coast Demerara Road (From Georgetown)","-58.0333","6.8000",,,2/25/2003 0:00:00,12/30/1899 19:30:00,"B- Serious Injury","F- Driver",32.00,"Male","J- Minibus","S- Driver's Negligence",3.00
4320,19335.00,"4- Demerara- Mahaica",469,"Friendship","East Coast Demerara Road (From Georgetown)","-58.0333","6.7833",,,2/22/2003 0:00:00,12/30/1899 18:00:00,"B- Serious Injury","F- Driver",41.00,"Male","J- Minibus;W-Pedal Cycle","S- Driver's Negligence",2.00
4321,19336.00,"4- Demerara- Mahaica",464,"Lusignan Public Road","East Coast Demerara Road (From Georgetown)","-58.0333","6.8000",,,2/28/2003 0:00:00,12/30/1899 7:20:00,"D- Property Damage","F- Driver",78.00,"Male","J- Minibus;K- Private Cars","S- Driver's Negligence",2.00
4322,19337.00,"4- Demerara- Mahaica",471,"Bladen Hall Public road","East Coast Demerara Road (From Georgetown)","-58.0167","6.7833",,,3/3/2003 0:00:00,12/30/1899 19:00:00,"B- Serious Injury","F- Driver",36.00,"Male","K- Private Cars","P- Speeding",2.00
4323,19338.00,"4- Demerara- Mahaica",468,"Buxton Company Road","East Coast Demerara Road (From Georgetown)","-58.0333","6.7833",,,2/28/2003 0:00:00,12/30/1899 13:30:00,"C- Minor Injury","F- Driver",45.00,"Male","L- Lorries Van","T-Pedestrian's Negligence",2.00
4324,19339.00,"4- Demerara- Mahaica",465,"Annandale Public Road","East Coast Demerara Road (From Georgetown)","-58.0333","6.8000",,,3/8/2003 0:00:00,12/30/1899 17:15:00,"C- Minor Injury","F- Driver",26.00,"Male","J- Minibus;K- Private Cars","S- Driver's Negligence",2.00
4325,19340.00,"4- Demerara- Mahaica",465,"Annandale Access Road","East Coast Demerara Road (From Georgetown)","-58.0333","6.8000",,,3/9/2003 0:00:00,12/30/1899 10:00:00,"B- Serious Injury","F- Driver",78.00,"Male","N- Pickup","T-Pedestrian's Negligence",2.00
4326,19341.00,"4- Demerara- Mahaica",477,"Melanie Damishana","East Coast Demerara Road (From Georgetown)","-58.0000","6.7833",,,3/19/2003 0:00:00,12/30/1899 10:00:00,"D- Property Damage","F- Driver",43.00,"Male","J- Minibus","S- Driver's Negligence",2.00
4327,19342.00,"4- Demerara- Mahaica",468,"Buxton Public Road","East Coast Demerara Road (From Georgetown)","-58.0333","6.7833",,,3/29/2003 0:00:00,12/30/1899 21:00:00,"A- Fatal","F- Driver",39.00,"Male","J- Minibus","T-Pedestrian's Negligence",2.00
4328,19343.00,"4- Demerara- Mahaica",473,"Colidgen Public Road","East Coast Demerara Road (From Georgetown)","-58.0167","6.7833",,,4/2/2003 0:00:00,12/30/1899 15:30:00,"D- Property Damage","F- Driver",33.00,"Male","K- Private Cars;L- Lorries Van","P- Speeding",2.00
4329,19344.00,"4- Demerara- Mahaica",464,"Lusignan Access Road","East Coast Demerara Road (From Georgetown)","-58.0333","6.8000",,,4/12/2003 0:00:00,12/30/1899 10:30:00,"D- Property Damage","F- Driver",,"Male","L- Lorries Van","S- Driver's Negligence",1.00
4330,19345.00,"4- Demerara- Mahaica",465,"Annandale Market Road","East Coast Demerara Road (From Georgetown)","-58.0333","6.8000",,,4/3/2003 0:00:00,,"D- Property Damage","F- Driver",,"Male","K- Private Cars;L- Lorries Van","S- Driver's Negligence",2.00
4331,19346.00,"4- Demerara- Mahaica",475,"Enterprise Access Road","East Coast Demerara Road (From Georgetown)","-58.0000","6.7833",,,4/14/2003 0:00:00,12/30/1899 17:45:00,"D- Property Damage","F- Driver",,"Male","K- Private Cars","Y-Animal",1.00
4332,19347.00,"4- Demerara- Mahaica",465,"Annandale Public Road","East Coast Demerara Road (From Georgetown)","-58.0333","6.8000",,,4/15/2003 0:00:00,12/30/1899 8:15:00,"C- Minor Injury",,55.00,"Male","J- Minibus;K- Private Cars","S- Driver's Negligence",2.00
4333,19348.00,"4- Demerara- Mahaica",477,"Melanie Damishana Public Road","East Coast Demerara Road (From Georgetown)","-58.0000","6.7833",,,4/3/2003 0:00:00,12/30/1899 17:00:00,"D- Property Damage","F- Driver",30.00,"Male","J- Minibus;V-Motor Cycle","P- Speeding",2.00
4334,19349.00,"4- Demerara- Mahaica",469,"Friendshp Access Road","East Coast Demerara Road (From Georgetown)","-58.0333","6.7833",,,4/17/2003 0:00:00,12/30/1899 13:00:00,"C- Minor Injury","F- Driver",19.00,"Female","J- Minibus;W-Pedal Cycle","S- Driver's Negligence",2.00
4335,19350.00,"4- Demerara- Mahaica",469,"Friendship Public Road","East Coast Demerara Road (From Georgetown)","-58.0333","6.7833",,,4/19/2003 0:00:00,12/30/1899 16:30:00,"D- Property Damage","F- Driver",,"Male","J- Minibus;K- Private Cars","P- Speeding",2.00
4336,19351.00,"4- Demerara- Mahaica",468,"Buxton Public Road","East Coast Demerara Road (From Georgetown)","-58.0333","6.7833",,,4/22/2003 0:00:00,12/30/1899 19:45:00,"D- Property Damage","F- Driver",34.00,"Male","J- Minibus;V-Motor Cycle","P- Speeding",2.00
4337,19352.00,"4- Demerara- Mahaica",465,"Annandale Public Road","East Coast Demerara Road (From Georgetown)","-58.0333","6.8000",,,4/23/2003 0:00:00,12/30/1899 21:45:00,"D- Property Damage","F- Driver",,"Male","N- Pickup","S- Driver's Negligence",2.00
4338,19353.00,"4- Demerara- Mahaica",477,"Melanie Damishana Public Road","East Coast Demerara Road (From Georgetown)","-58.0000","6.7833",,,4/27/2003 0:00:00,12/30/1899 15:30:00,"B- Serious Injury","F- Driver",39.00,"Male","J- Minibus;K- Private Cars","S- Driver's Negligence",2.00
4339,19354.00,"4- Demerara- Mahaica",472,"Strathspey Public Road","East Coast Demerara Road (From Georgetown)","-58.0167","6.7833",,,4/25/2003 0:00:00,12/30/1899 21:45:00,"A- Fatal","F- Driver",62.00,"Male","K- Private Cars","S- Driver's Negligence",2.00
4340,19355.00,"4- Demerara- Mahaica",461,"Good Hope Public Road","East Coast Demerara Road (From Georgetown)","-58.0500","6.8000",,,4/28/2003 0:00:00,12/30/1899 18:30:00,"A- Fatal","F- Driver",23.00,"Male","K- Private Cars","S- Driver's Negligence",2.00
4341,19356.00,"4- Demerara- Mahaica",477,"Melanie Damishana Public Road","East Coast Demerara Road (From Georgetown)","-58.0000","6.7833",,,5/8/2003 0:00:00,12/30/1899 12:00:00,"D- Property Damage","F- Driver",,"Male","J- Minibus","S- Driver's Negligence",2.00
4342,19357.00,"4- Demerara- Mahaica",473,"Colidgen Public Road","East Coast Demerara Road (From Georgetown)","-58.0167","6.7833",,,5/11/2003 0:00:00,12/30/1899 15:30:00,"D- Property Damage","F- Driver",19.00,"Male","K- Private Cars;L- Lorries Van","S- Driver's Negligence",2.00
4343,19358.00,"4- Demerara- Mahaica",461,"Good Hope Access Road","East Coast Demerara Road (From Georgetown)","-58.0500","6.8000",,,5/11/2003 0:00:00,12/30/1899 18:00:00,"B- Serious Injury","G- Rider",23.00,"Male","V-Motor Cycle","T-Pedestrian's Negligence",2.00
4344,19359.00,"4- Demerara- Mahaica",468,"Buxton Public Road","East Coast Demerara Road (From Georgetown)","-58.0333","6.7833",,,5/16/2003 0:00:00,12/30/1899 12:45:00,"D- Property Damage","F- Driver",59.00,"Male","L- Lorries Van;N- Pickup","S- Driver's Negligence",2.00
4345,19360.00,"4- Demerara- Mahaica",464,"Lusignan Public Road","East Coast Demerara Road (From Georgetown)","-58.0333","6.8000",,,2/20/2003 0:00:00,12/30/1899 14:00:00,"D- Property Damage","F- Driver",45.00,"Male","L- Lorries Van;N- Pickup","P- Speeding",2.00
4346,19361.00,"4- Demerara- Mahaica",464,"Lusignan Public Road","East Coast Demerara Road (From Georgetown)","-58.0333","6.8000",,,5/19/2003 0:00:00,12/30/1899 18:00:00,"C- Minor Injury","F- Driver",45.00,"Male","K- Private Cars","T-Pedestrian's Negligence",2.00
4347,19362.00,"4- Demerara- Mahaica",461,"Good Hope Public Road","East Coast Demerara Road (From Georgetown)","-58.0500","6.8000",,,5/25/2003 0:00:00,12/30/1899 22:40:00,"D- Property Damage","F- Driver",48.00,"Male","K- Private Cars","S- Driver's Negligence",2.00
4348,19363.00,"4- Demerara- Mahaica",464,"Lusignan Public Road","East Coast Demerara Road (From Georgetown)","-58.0333","6.8000",,,5/26/2003 0:00:00,12/30/1899 19:30:00,"D- Property Damage","F- Driver",27.00,"Male","M- Hire Cars;N- Pickup","P- Speeding",2.00
4349,19364.00,"4- Demerara- Mahaica",478,"Bachelors Adventure","East Coast Demerara Road (From Georgetown)","-58.0000","6.7667",,,5/30/2003 0:00:00,12/30/1899 13:15:00,"C- Minor Injury","F- Driver",49.00,"Male","J- Minibus;V-Motor Cycle","S- Driver's Negligence",2.00
4350,19365.00,"4- Demerara- Mahaica",464,"Lusignan Public Road","East Coast Demerara Road (From Georgetown)","-58.0333","6.8000",,,6/1/2003 0:00:00,12/30/1899 21:30:00,"C- Minor Injury","F- Driver",26.00,"Male","V-Motor Cycle;W-Pedal Cycle","S- Driver's Negligence",2.00
4351,19366.00,"4- Demerara- Mahaica",465,"Annandale Public Road","East Coast Demerara Road (From Georgetown)","-58.0333","6.8000",,,6/11/2003 0:00:00,12/30/1899 21:20:00,"D- Property Damage","F- Driver",,"Male","N- Pickup","Y-Animal",1.00
4352,19367.00,"4- Demerara- Mahaica",464,"Lusignan Public Road","East Coast Demerara Road (From Georgetown)","-58.0333","6.8000",,,6/8/2003 0:00:00,12/30/1899 13:00:00,"D- Property Damage","F- Driver",43.00,"Male","J- Minibus","S- Driver's Negligence",1.00
4353,19368.00,"4- Demerara- Mahaica",465,"Annandale Public Road","East Coast Demerara Road (From Georgetown)","-58.0333","6.8000",,,6/10/2003 0:00:00,12/30/1899 7:30:00,"D- Property Damage","F- Driver",42.00,"Male","J- Minibus","S- Driver's Negligence",2.00
4354,19369.00,"4- Demerara- Mahaica",470,"Vigilance Public Road","East Coast Demerara Road (From Georgetown)","-58.0167","6.7833",,,6/12/2003 0:00:00,12/30/1899 17:10:00,"C- Minor Injury","F- Driver",41.00,"Male","J- Minibus;L- Lorries Van","P- Speeding",2.00
4355,19370.00,"4- Demerara- Mahaica",461,"Good Hope Line Top","East Coast Demerara Road (From Georgetown)","-58.0500","6.8000",,,6/22/2003 0:00:00,12/30/1899 20:30:00,"D- Property Damage","F- Driver",25.00,"Male","L- Lorries Van;M- Hire Cars","P- Speeding",2.00
4356,19371.00,"4- Demerara- Mahaica",465,"Annandale Public Road","East Coast Demerara Road (From Georgetown)","-58.0333","6.8000",,,6/22/2003 0:00:00,12/30/1899 22:15:00,"D- Property Damage","F- Driver",,"Male","N- Pickup","Y-Animal",1.00
4357,19372.00,"4- Demerara- Mahaica",468,"Buxton Public Road","East Coast Demerara Road (From Georgetown)","-58.0333","6.7833",,,6/23/2003 0:00:00,12/30/1899 11:55:00,"D- Property Damage","F- Driver",47.00,"Male","M- Hire Cars;N- Pickup","S- Driver's Negligence",2.00
4358,19373.00,"4- Demerara- Mahaica",475,"Enterprise Access Road","East Coast Demerara Road (From Georgetown)","-58.0000","6.7833",,,7/1/2003 0:00:00,12/30/1899 19:00:00,"D- Property Damage","F- Driver",25.00,"Male","L- Lorries Van;M- Hire Cars","P- Speeding",2.00
4359,19374.00,"4- Demerara- Mahaica",470,"Vigilance Public Road","East Coast Demerara Road (From Georgetown)","-58.0167","6.7833",,,7/4/2003 0:00:00,12/30/1899 13:10:00,"D- Property Damage","F- Driver",33.00,"Male","K- Private Cars;L- Lorries Van","P- Speeding",2.00
4360,19375.00,"4- Demerara- Mahaica",474,"Non Pariel Access Road","East Coast Demerara Road (From Georgetown)","-58.0167","6.7833",,,7/4/2003 0:00:00,12/30/1899 17:00:00,"D- Property Damage","F- Driver",36.00,"Male","J- Minibus","Y-Animal",1.00
4361,19376.00,"4- Demerara- Mahaica",465,"Annandale Public Road","East Coast Demerara Road (From Georgetown)","-58.0333","6.8000",,,7/9/2003 0:00:00,,"D- Property Damage","F- Driver",26.00,"Male","K- Private Cars","P- Speeding",3.00
4362,19377.00,"4- Demerara- Mahaica",464,"Lusignan Public Road","East Coast Demerara Road (From Georgetown)","-58.0333","6.8000",,,7/9/2003 0:00:00,12/30/1899 16:43:00,"C- Minor Injury","F- Driver",41.00,"Male","J- Minibus;N- Pickup","S- Driver's Negligence",2.00
4363,19378.00,"4- Demerara- Mahaica",464,"Lusignan Public Road","East Coast Demerara Road (From Georgetown)","-58.0333","6.8000",,,7/8/2003 0:00:00,12/30/1899 18:35:00,"C- Minor Injury","F- Driver",37.00,"Male","J- Minibus;K- Private Cars;L- Lorries Van","S- Driver's Negligence",3.00
4364,19379.00,"4- Demerara- Mahaica",468,"Buxton Public Road","East Coast Demerara Road (From Georgetown)","-58.0333","6.7833",,,7/13/2003 0:00:00,12/30/1899 20:17:00,"C- Minor Injury","F- Driver",,"Male","N- Pickup","S- Driver's Negligence",1.00