"ID","Accident ID","Region Number","Corridor ID","Location (Intersection/Road/Street)","Corridor","Location- longitude/ X","Location- latitude/  Y","Mile Marker","Village","Date of Accident","Time of Accident","Type of Accident","Class of Road User","Age/DOB","Gender","Class of Vehicles Involved","Contributing Factor","Number of Persons Involved"
4365,19380.00,"4- Demerara- Mahaica",464,"Lusignan Access Road","East Coast Demerara Road (From Georgetown)","-58.0333","6.8000",,,7/13/2003 0:00:00,12/30/1899 1:37:00,"D- Property Damage","F- Driver",60.00,"Male","K- Private Cars;M- Hire Cars","S- Driver's Negligence",2.00
4366,19381.00,"4- Demerara- Mahaica",470,"Vigilance Public Road","East Coast Demerara Road (From Georgetown)","-58.0167","6.7833",,,7/14/2003 0:00:00,12/30/1899 13:00:00,"D- Property Damage","F- Driver",31.00,"Male","K- Private Cars;M- Hire Cars","P- Speeding",2.00
4367,19382.00,"4- Demerara- Mahaica",465,"Annandale Public Road","East Coast Demerara Road (From Georgetown)","-58.0333","6.8000",,,7/23/2003 0:00:00,12/30/1899 17:25:00,"B- Serious Injury","F- Driver",24.00,"Male","K- Private Cars;W-Pedal Cycle","S- Driver's Negligence",2.00
4368,19383.00,"4- Demerara- Mahaica",472,"Starthspey Public Road","East Coast Demerara Road (From Georgetown)","-58.0167","6.7833",,,7/24/2003 0:00:00,12/30/1899 18:00:00,"D- Property Damage","F- Driver",,"Male","J- Minibus;K- Private Cars","P- Speeding",2.00
4369,19384.00,"4- Demerara- Mahaica",464,"Lusignan Public Road","East Coast Demerara Road (From Georgetown)","-58.0333","6.8000",,,7/24/2003 0:00:00,12/30/1899 20:00:00,"A- Fatal","F- Driver",57.00,"Male","J- Minibus;M- Hire Cars","S- Driver's Negligence",2.00
4370,19385.00,"4- Demerara- Mahaica",469,"Friendship Public Road","East Coast Demerara Road (From Georgetown)","-58.0333","6.7833",,,7/25/2003 0:00:00,12/30/1899 21:30:00,"B- Serious Injury","F- Driver",43.00,"Male","K- Private Cars","T-Pedestrian's Negligence",2.00
4371,19386.00,"4- Demerara- Mahaica",465,"Annandale Public Road","East Coast Demerara Road (From Georgetown)","-58.0333","6.8000",,,7/28/2003 0:00:00,12/30/1899 10:00:00,"D- Property Damage","F- Driver",,"Male","K- Private Cars;L- Lorries Van","P- Speeding",2.00
4372,19387.00,"4- Demerara- Mahaica",469,"Friendship Line Top","East Coast Demerara Road (From Georgetown)","-58.0333","6.7833",,,8/7/2003 0:00:00,,"D- Property Damage","F- Driver",,"Male","K- Private Cars;V-Motor Cycle","S- Driver's Negligence",2.00
4373,19388.00,"4- Demerara- Mahaica",474,"Non Pariel Public Road","East Coast Demerara Road (From Georgetown)","-58.0167","6.7833",,,8/13/2003 0:00:00,12/30/1899 7:30:00,"D- Property Damage","F- Driver",46.00,"Male","J- Minibus;N- Pickup","P- Speeding",2.00
4374,19389.00,"4- Demerara- Mahaica",472,"Strathspey Public Road","East Coast Demerara Road (From Georgetown)","-58.0167","6.7833",,,8/13/2003 0:00:00,12/30/1899 10:30:00,"D- Property Damage","F- Driver",50.00,"Male","K- Private Cars;L- Lorries Van","S- Driver's Negligence",2.00
4375,19390.00,"4- Demerara- Mahaica",470,"Vigilance Public Road","East Coast Demerara Road (From Georgetown)","-58.0167","6.7833",,,8/14/2003 0:00:00,12/30/1899 21:45:00,"A- Fatal","F- Driver",24.00,"Male","L- Lorries Van;V-Motor Cycle","S- Driver's Negligence",2.00
4376,19391.00,"4- Demerara- Mahaica",461,"Good Hope Public Road","East Coast Demerara Road (From Georgetown)","-58.0500","6.8000",,,8/18/2003 0:00:00,,"A- Fatal","F- Driver",48.00,"Male","L- Lorries Van","S- Driver's Negligence",2.00
4377,19392.00,"4- Demerara- Mahaica",465,"Annandale Public Road","East Coast Demerara Road (From Georgetown)","-58.0333","6.8000",,,8/19/2003 0:00:00,12/30/1899 11:00:00,"D- Property Damage","F- Driver",52.00,"Male","K- Private Cars;L- Lorries Van","S- Driver's Negligence",2.00
4378,19393.00,"4- Demerara- Mahaica",465,"Annandale Road","East Coast Demerara Road (From Georgetown)","-58.0333","6.8000",,,8/22/2003 0:00:00,12/30/1899 6:30:00,"B- Serious Injury","F- Driver",,"Male","N- Pickup","S- Driver's Negligence",2.00
4379,19394.00,"4- Demerara- Mahaica",468,"Buxton Public Road","East Coast Demerara Road (From Georgetown)","-58.0333","6.7833",,,8/27/2003 0:00:00,12/30/1899 7:50:00,"D- Property Damage","F- Driver",31.00,"Male","L- Lorries Van","S- Driver's Negligence",2.00
4380,19395.00,"4- Demerara- Mahaica",479,"Paradise Public Road","East Coast Demerara Road (From Georgetown)","-58.0000","6.7667",,,5/27/2004 0:00:00,12/30/1899 8:00:00,"C- Minor Injury","F- Driver",57.00,"Male","J- Minibus;W-Pedal Cycle","U- Cyclist's Negligence",2.00
4381,19396.00,"4- Demerara- Mahaica",469,"Friendship Public Road","East Coast Demerara Road (From Georgetown)","-58.0333","6.7833",,,5/25/2004 0:00:00,12/30/1899 16:10:00,"C- Minor Injury","F- Driver",48.00,"Male","L- Lorries Van;V-Motor Cycle","O- Lost Control & Runoff",2.00
4382,19397.00,"4- Demerara- Mahaica",472,"Starthspey Public Road","East Coast Demerara Road (From Georgetown)","-58.0167","6.7833",,,5/30/2004 0:00:00,12/30/1899 3:00:00,"C- Minor Injury","F- Driver",50.00,"Male","J- Minibus","T-Pedestrian's Negligence",2.00
4383,19398.00,"4- Demerara- Mahaica",461,"Good Hope Public Road","East Coast Demerara Road (From Georgetown)","-58.0500","6.8000",,,5/30/2004 0:00:00,12/30/1899 15:30:00,"C- Minor Injury","F- Driver",30.00,"Male","J- Minibus","O- Lost Control & Runoff",3.00
4384,19399.00,"4- Demerara- Mahaica",465,"Annandale Public Road","East Coast Demerara Road (From Georgetown)","-58.0333","6.8000",,,5/30/2004 0:00:00,12/30/1899 19:00:00,"D- Property Damage","F- Driver",40.00,"Male","M- Hire Cars","Y-Animal",1.00
4385,19400.00,"4- Demerara- Mahaica",473,"Colidgen Public Road","East Coast Demerara Road (From Georgetown)","-58.0167","6.7833",,,5/31/2004 0:00:00,12/30/1899 16:45:00,"C- Minor Injury","F- Driver",27.00,"Male","K- Private Cars;M- Hire Cars","S- Driver's Negligence",2.00
4386,19401.00,"4- Demerara- Mahaica",465,"Annandale Access Road","East Coast Demerara Road (From Georgetown)","-58.0333","6.8000",,,6/2/2004 0:00:00,12/30/1899 5:30:00,"C- Minor Injury","F- Driver",29.00,"Male","J- Minibus;M- Hire Cars","R- Improper Overtaking",2.00
4387,19402.00,"4- Demerara- Mahaica",465,"Annandale Public Road","East Coast Demerara Road (From Georgetown)","-58.0333","6.8000",,,6/5/2004 0:00:00,,"D- Property Damage","F- Driver",39.00,"Male","K- Private Cars","Y-Animal",1.00
4388,19403.00,"4- Demerara- Mahaica",464,"Lusignan Public Road","East Coast Demerara Road (From Georgetown)","-58.0333","6.8000",,,6/8/2004 0:00:00,,"D- Property Damage","F- Driver",29.00,"Male","K- Private Cars","S- Driver's Negligence",2.00
4389,19404.00,"4- Demerara- Mahaica",472,"Strathspey Public Road","East Coast Demerara Road (From Georgetown)","-58.0167","6.7833",,,6/15/2004 0:00:00,12/30/1899 1:00:00,"D- Property Damage","F- Driver",43.00,"Male","M- Hire Cars","Y-Animal",1.00
4390,19405.00,"4- Demerara- Mahaica",473,"Colidgen Public Road","East Coast Demerara Road (From Georgetown)","-58.0167","6.7833",,,6/16/2004 0:00:00,12/30/1899 14:30:00,"D- Property Damage","F- Driver",,"Male","L- Lorries Van","Y-Animal",1.00
4391,19406.00,"4- Demerara- Mahaica",474,"Non Pariel Access Road","East Coast Demerara Road (From Georgetown)","-58.0167","6.7833",,,6/20/2004 0:00:00,12/30/1899 10:00:00,"D- Property Damage","F- Driver",48.00,"Female","K- Private Cars;L- Lorries Van","Q- Alcohol",2.00
4392,19407.00,"4- Demerara- Mahaica",465,"Annandale Public Road","East Coast Demerara Road (From Georgetown)","-58.0333","6.8000",,,6/20/2004 0:00:00,,"D- Property Damage","F- Driver",38.00,"Male","K- Private Cars","S- Driver's Negligence",2.00
4393,19408.00,"4- Demerara- Mahaica",461,"Good Hope Public Road","East Coast Demerara Road (From Georgetown)","-58.0500","6.8000",,,6/20/2004 0:00:00,,"D- Property Damage","F- Driver",33.00,"Male","K- Private Cars","S- Driver's Negligence",2.00
4394,19409.00,"4- Demerara- Mahaica",464,"Lusignan Railway Embankment","East Coast Demerara Road (From Georgetown)","-58.0333","6.8000",,,7/3/2004 0:00:00,12/30/1899 3:30:00,"C- Minor Injury","G- Rider",33.00,"Male","V-Motor Cycle;W-Pedal Cycle","U- Cyclist's Negligence",2.00
4395,19410.00,"4- Demerara- Mahaica",470,"Vigilance Public Road","East Coast Demerara Road (From Georgetown)","-58.0167","6.7833",,,7/3/2004 0:00:00,12/30/1899 20:30:00,"A- Fatal","F- Driver",29.00,"Male","J- Minibus","T-Pedestrian's Negligence",2.00
4396,19411.00,"4- Demerara- Mahaica",473,"Colidgen Public Road","East Coast Demerara Road (From Georgetown)","-58.0167","6.7833",,,7/5/2004 0:00:00,12/30/1899 14:50:00,"C- Minor Injury","F- Driver",23.00,"Male","J- Minibus","O- Lost Control & Runoff",1.00
4397,19412.00,"4- Demerara- Mahaica",464,"Lusignan Embankment Road","East Coast Demerara Road (From Georgetown)","-58.0333","6.8000",,,7/17/2004 0:00:00,12/30/1899 17:45:00,"B- Serious Injury","F- Driver",48.00,"Male","J- Minibus","O- Lost Control & Runoff",1.00
4398,19413.00,"4- Demerara- Mahaica",466,"Courbane Park Public Road","East Coast Demerara Road (From Georgetown)","-58.0333","6.8000",,,7/18/2004 0:00:00,12/30/1899 2:55:00,"C- Minor Injury","G- Rider",20.00,"Male","V-Motor Cycle","Y-Animal",1.00
4399,19414.00,"4- Demerara- Mahaica",473,"Colidgen Access Road","East Coast Demerara Road (From Georgetown)","-58.0167","6.7833",,,7/18/2004 0:00:00,12/30/1899 17:50:00,"D- Property Damage","F- Driver",28.00,"Male","J- Minibus;K- Private Cars","S- Driver's Negligence",2.00
4400,19415.00,"4- Demerara- Mahaica",465,"Annandale Public Road","East Coast Demerara Road (From Georgetown)","-58.0333","6.8000",,,7/21/2004 0:00:00,12/30/1899 18:00:00,"D- Property Damage","F- Driver",46.00,"Male","J- Minibus;K- Private Cars","S- Driver's Negligence",2.00
4401,19416.00,"4- Demerara- Mahaica",461,"Good Hope Access Road","East Coast Demerara Road (From Georgetown)","-58.0500","6.8000",,,7/22/2004 0:00:00,12/30/1899 14:40:00,"D- Property Damage","F- Driver",32.00,"Male","K- Private Cars;L- Lorries Van","S- Driver's Negligence",2.00
4402,19417.00,"4- Demerara- Mahaica",477,"Melanie Public Road","East Coast Demerara Road (From Georgetown)","-58.0000","6.7833",,,7/22/2004 0:00:00,12/30/1899 17:30:00,"C- Minor Injury","F- Driver",79.00,"Male","K- Private Cars;V-Motor Cycle","S- Driver's Negligence",2.00
4403,19418.00,"4- Demerara- Mahaica",473,"Colidgen Public Road","East Coast Demerara Road (From Georgetown)","-58.0167","6.7833",,,7/24/2004 0:00:00,12/30/1899 20:00:00,"D- Property Damage","F- Driver",49.00,"Male","J- Minibus;M- Hire Cars","S- Driver's Negligence",2.00
4404,19419.00,"4- Demerara- Mahaica",461,"Good Hope Public Road","East Coast Demerara Road (From Georgetown)","-58.0500","6.8000",,,7/28/2004 0:00:00,12/30/1899 12:30:00,"A- Fatal","F- Driver",42.00,"Male","J- Minibus;K- Private Cars;W-Pedal Cycle","S- Driver's Negligence",3.00
4405,19420.00,"4- Demerara- Mahaica",464,"Lusignan Public Road","East Coast Demerara Road (From Georgetown)","-58.0333","6.8000",,,8/2/2004 0:00:00,12/30/1899 16:20:00,"B- Serious Injury","F- Driver",28.00,"Male","J- Minibus;K- Private Cars","P- Speeding",2.00
4406,19421.00,"4- Demerara- Mahaica",479,"Paradise Embankment Road","East Coast Demerara Road (From Georgetown)","-58.0000","6.7667",,,8/4/2004 0:00:00,12/30/1899 8:00:00,"C- Minor Injury","F- Driver",,"Female","J- Minibus;W-Pedal Cycle","S- Driver's Negligence",3.00
4407,19422.00,"4- Demerara- Mahaica",472,"Strathspey Public Road","East Coast Demerara Road (From Georgetown)","-58.0167","6.7833",,,8/6/2004 0:00:00,12/30/1899 16:30:00,"C- Minor Injury","F- Driver",26.00,"Male","J- Minibus;W-Pedal Cycle","S- Driver's Negligence",2.00
4408,19423.00,"4- Demerara- Mahaica",477,"Melanie Public Road","East Coast Demerara Road (From Georgetown)","-58.0000","6.7833",,,8/8/2004 0:00:00,,"D- Property Damage","F- Driver",39.00,"Female","K- Private Cars;V-Motor Cycle","S- Driver's Negligence",2.00
4409,19424.00,"4- Demerara- Mahaica",461,"Good Hope Public Road","East Coast Demerara Road (From Georgetown)","-58.0500","6.8000",,,8/8/2004 0:00:00,12/30/1899 17:00:00,"D- Property Damage","F- Driver",26.00,"Male","K- Private Cars;N- Pickup","S- Driver's Negligence",2.00
4410,19425.00,"4- Demerara- Mahaica",474,"Non Pariel Access Road","East Coast Demerara Road (From Georgetown)","-58.0167","6.7833",,,8/8/2004 0:00:00,12/30/1899 18:00:00,"C- Minor Injury","F- Driver",22.00,"Male","K- Private Cars;V-Motor Cycle","S- Driver's Negligence",2.00
4411,19426.00,"4- Demerara- Mahaica",464,"Lusignan Public Road","East Coast Demerara Road (From Georgetown)","-58.0333","6.8000",,,8/12/2004 0:00:00,12/30/1899 17:20:00,"C- Minor Injury","F- Driver",37.00,"Male","J- Minibus;W-Pedal Cycle","U- Cyclist's Negligence",3.00
4412,19427.00,"4- Demerara- Mahaica",465,"Annandale Public Road","East Coast Demerara Road (From Georgetown)","-58.0333","6.8000",,,8/18/2004 0:00:00,12/30/1899 18:40:00,"C- Minor Injury","F- Driver",22.00,"Male","K- Private Cars;V-Motor Cycle","S- Driver's Negligence",2.00
4413,19428.00,"4- Demerara- Mahaica",469,"Friendship Public Road","East Coast Demerara Road (From Georgetown)","-58.0333","6.7833",,,8/16/2004 0:00:00,12/30/1899 12:35:00,"C- Minor Injury","F- Driver",50.00,"Male","L- Lorries Van;V-Motor Cycle","S- Driver's Negligence",2.00
4414,19429.00,"4- Demerara- Mahaica",473,"Colidgen Public Road","East Coast Demerara Road (From Georgetown)","-58.0167","6.7833",,,8/17/2004 0:00:00,12/30/1899 19:25:00,"D- Property Damage","F- Driver",46.00,"Male","K- Private Cars","S- Driver's Negligence",2.00
4415,19430.00,"4- Demerara- Mahaica",468,"Buxton Public Road","East Coast Demerara Road (From Georgetown)","-58.0333","6.7833",,,8/19/2004 0:00:00,12/30/1899 6:45:00,"C- Minor Injury","G- Rider",23.00,"Female","V-Motor Cycle;W-Pedal Cycle","U- Cyclist's Negligence",2.00
4416,19431.00,"4- Demerara- Mahaica",464,"Lusignan Public Road","East Coast Demerara Road (From Georgetown)","-58.0333","6.8000",,,8/28/2004 0:00:00,12/30/1899 12:30:00,"A- Fatal","F- Driver",30.00,"Male","K- Private Cars","S- Driver's Negligence",2.00
4417,19432.00,"4- Demerara- Mahaica",473,"Colidgen Public Road","East Coast Demerara Road (From Georgetown)","-58.0167","6.7833",,,8/31/2004 0:00:00,12/30/1899 13:30:00,"B- Serious Injury","F- Driver",24.00,"Male","J- Minibus;L- Lorries Van","S- Driver's Negligence",2.00
4418,19433.00,"4- Demerara- Mahaica",469,"Friendship Public Road","East Coast Demerara Road (From Georgetown)","-58.0333","6.7833",,,9/6/2004 0:00:00,12/30/1899 7:20:00,"C- Minor Injury","F- Driver",40.00,"Male","L- Lorries Van","S- Driver's Negligence",2.00
4419,19434.00,"4- Demerara- Mahaica",473,"Colidgen Public Road","East Coast Demerara Road (From Georgetown)","-58.0167","6.7833",,,9/11/2004 0:00:00,12/30/1899 6:45:00,"D- Property Damage","F- Driver",24.00,"Male","M- Hire Cars;V-Motor Cycle","U- Cyclist's Negligence",2.00
4420,19435.00,"4- Demerara- Mahaica",473,"Colidgen Access Road","East Coast Demerara Road (From Georgetown)","-58.0167","6.7833",,,9/11/2004 0:00:00,12/30/1899 18:30:00,"C- Minor Injury","F- Driver",20.00,"Male","M- Hire Cars;V-Motor Cycle","S- Driver's Negligence",2.00
4421,19436.00,"4- Demerara- Mahaica",469,"Friendship Public Road","East Coast Demerara Road (From Georgetown)","-58.0333","6.7833",,,9/11/2004 0:00:00,12/30/1899 21:15:00,"A- Fatal","F- Driver",30.00,"Male","J- Minibus","T-Pedestrian's Negligence",3.00
4422,19437.00,"4- Demerara- Mahaica",473,"Colidgen Public Road","East Coast Demerara Road (From Georgetown)","-58.0167","6.7833",,,9/12/2004 0:00:00,12/30/1899 14:00:00,"C- Minor Injury","F- Driver",24.00,"Male","K- Private Cars","P- Speeding",1.00
4423,19438.00,"4- Demerara- Mahaica",472,"Strathspey Public Road","East Coast Demerara Road (From Georgetown)","-58.0167","6.7833",,,9/13/2004 0:00:00,12/30/1899 19:45:00,"C- Minor Injury","F- Driver",27.00,"Male","L- Lorries Van;M- Hire Cars","S- Driver's Negligence",2.00
4424,19439.00,"4- Demerara- Mahaica",464,"Lusignan Public Road","East Coast Demerara Road (From Georgetown)","-58.0333","6.8000",,,9/17/2004 0:00:00,12/30/1899 5:40:00,"B- Serious Injury","G- Rider",24.00,"Male","V-Motor Cycle","U- Cyclist's Negligence",1.00
4425,19440.00,"4- Demerara- Mahaica",464,"Lusignan Public Road","East Coast Demerara Road (From Georgetown)","-58.0333","6.8000",,,9/19/2004 0:00:00,12/30/1899 19:20:00,"A- Fatal","F- Driver",51.00,"Male","N- Pickup;V-Motor Cycle","S- Driver's Negligence",2.00
4426,19441.00,"4- Demerara- Mahaica",477,"Melanie Public Road","East Coast Demerara Road (From Georgetown)","-58.0000","6.7833",,,9/21/2004 0:00:00,12/30/1899 9:55:00,"C- Minor Injury","F- Driver",28.00,"Male","J- Minibus;K- Private Cars","S- Driver's Negligence",2.00
4427,19442.00,"4- Demerara- Mahaica",461,"Good Hope Public Road","East Coast Demerara Road (From Georgetown)","-58.0500","6.8000",,,9/24/2004 0:00:00,12/30/1899 1:30:00,"C- Minor Injury","G- Rider",51.00,"Male","J- Minibus;V-Motor Cycle","S- Driver's Negligence",2.00
4428,19443.00,"4- Demerara- Mahaica",464,"Lusignan Public Road","East Coast Demerara Road (From Georgetown)","-58.0333","6.8000",,,10/6/2004 0:00:00,12/30/1899 14:40:00,"C- Minor Injury","G- Rider",37.00,"Male","V-Motor Cycle","T-Pedestrian's Negligence",2.00
4429,19444.00,"4- Demerara- Mahaica",468,"Buxton Public Road","East Coast Demerara Road (From Georgetown)","-58.0333","6.7833",,,10/11/2004 0:00:00,12/30/1899 14:30:00,"D- Property Damage","F- Driver",41.00,"Male","J- Minibus;K- Private Cars","S- Driver's Negligence",3.00
4430,19445.00,"4- Demerara- Mahaica",465,"Annandale Public Road","East Coast Demerara Road (From Georgetown)","-58.0333","6.8000",,,10/16/2004 0:00:00,12/30/1899 6:30:00,"C- Minor Injury","F- Driver",,"Male","J- Minibus","S- Driver's Negligence",2.00
4431,19446.00,"4- Demerara- Mahaica",464,"Lusignan Public Road","East Coast Demerara Road (From Georgetown)","-58.0333","6.8000",,,10/17/2004 0:00:00,12/30/1899 18:15:00,"B- Serious Injury","F- Driver",,"Male","K- Private Cars;V-Motor Cycle","S- Driver's Negligence",2.00
4432,19447.00,"4- Demerara- Mahaica",473,"Colidgen Access Road","East Coast Demerara Road (From Georgetown)","-58.0167","6.7833",,,10/17/2004 0:00:00,12/30/1899 18:30:00,"D- Property Damage","F- Driver",,"Male","K- Private Cars","S- Driver's Negligence",2.00
4433,19448.00,"4- Demerara- Mahaica",464,"Lusignan Public Road","East Coast Demerara Road (From Georgetown)","-58.0333","6.8000",,,10/19/2004 0:00:00,12/30/1899 16:00:00,"C- Minor Injury","F- Driver",44.00,"Female","K- Private Cars;V-Motor Cycle","U- Cyclist's Negligence",2.00
4434,19449.00,"4- Demerara- Mahaica",464,"Lusignan Public Road","East Coast Demerara Road (From Georgetown)","-58.0333","6.8000",,,10/21/2004 0:00:00,12/30/1899 18:00:00,"C- Minor Injury","F- Driver",,"Male","M- Hire Cars","T-Pedestrian's Negligence",2.00
4435,19450.00,"4- Demerara- Mahaica",478,"Bachelors Adventure Public Road","East Coast Demerara Road (From Georgetown)","-58.0000","6.7667",,,10/28/2004 0:00:00,12/30/1899 14:30:00,"C- Minor Injury","F- Driver",,"Male","K- Private Cars","T-Pedestrian's Negligence",2.00
4436,19451.00,"4- Demerara- Mahaica",464,"Luignan Public Road","East Coast Demerara Road (From Georgetown)","-58.0333","6.8000",,,11/1/2004 0:00:00,12/30/1899 7:45:00,"A- Fatal","F- Driver",52.00,"Male","L- Lorries Van","S- Driver's Negligence",2.00
4437,19452.00,"4- Demerara- Mahaica",469,"Friendship Public Road","East Coast Demerara Road (From Georgetown)","-58.0333","6.7833",,,11/6/2004 0:00:00,12/30/1899 7:50:00,"C- Minor Injury","G- Rider",71.00,"Male","L- Lorries Van;W-Pedal Cycle","R- Improper Overtaking",2.00
4438,19453.00,"4- Demerara- Mahaica",464,"Lusignan Public Road","East Coast Demerara Road (From Georgetown)","-58.0333","6.8000",,,11/15/2004 0:00:00,12/30/1899 20:20:00,"A- Fatal","F- Driver",18.00,"Male","N- Pickup","S- Driver's Negligence",2.00
4439,19454.00,"4- Demerara- Mahaica",473,"Colidgen Public Road","East Coast Demerara Road (From Georgetown)","-58.0167","6.7833",,,11/19/2004 0:00:00,12/30/1899 19:00:00,"D- Property Damage","F- Driver",,"Male","K- Private Cars","S- Driver's Negligence",2.00
4440,19455.00,"4- Demerara- Mahaica",464,"Lusignan Public Road","East Coast Demerara Road (From Georgetown)","-58.0333","6.8000",,,12/4/2004 0:00:00,,,"F- Driver",,"Male","M- Hire Cars","T-Pedestrian's Negligence",2.00
4441,19456.00,"4- Demerara- Mahaica",464,"Lusignan Public Road","East Coast Demerara Road (From Georgetown)","-58.0333","6.8000",,,12/9/2004 0:00:00,12/30/1899 20:55:00,"D- Property Damage","F- Driver",,"Male","J- Minibus","Y-Animal",1.00
4442,19457.00,"4- Demerara- Mahaica",479,"Paradise Public Road","East Coast Demerara Road (From Georgetown)","-58.0000","6.7667",,,12/15/2004 0:00:00,,"D- Property Damage","F- Driver",45.00,"Male","N- Pickup","S- Driver's Negligence",1.00
4443,19458.00,"4- Demerara- Mahaica",464,"Lusignan Public Road","East Coast Demerara Road (From Georgetown)","-58.0333","6.8000",,,12/16/2004 0:00:00,12/30/1899 17:30:00,"D- Property Damage","F- Driver",36.00,"Male","J- Minibus;K- Private Cars","S- Driver's Negligence",2.00
4444,19459.00,"4- Demerara- Mahaica",464,"Lusignan Public Road","East Coast Demerara Road (From Georgetown)","-58.0333","6.8000",,,1/1/2005 0:00:00,12/30/1899 17:30:00,"B- Serious Injury","F- Driver",,"Male","K- Private Cars","S- Driver's Negligence",2.00
4445,19460.00,"4- Demerara- Mahaica",472,"Strasthspey Public Road","East Coast Demerara Road (From Georgetown)","-58.0167","6.7833",,,1/14/2005 0:00:00,12/30/1899 7:15:00,"C- Minor Injury","F- Driver",45.00,"Male","J- Minibus;V-Motor Cycle","U- Cyclist's Negligence",2.00
4446,19461.00,"4- Demerara- Mahaica",477,"Melanie Public Road","East Coast Demerara Road (From Georgetown)","-58.0000","6.7833",,,1/14/2005 0:00:00,12/30/1899 11:30:00,"B- Serious Injury","G- Rider",27.00,"Male","V-Motor Cycle","Q- Alcohol",1.00
4447,19462.00,"4- Demerara- Mahaica",477,"Melanie Public Road","East Coast Demerara Road (From Georgetown)","-58.0000","6.7833",,,1/20/2005 0:00:00,12/30/1899 11:15:00,"D- Property Damage","F- Driver",49.00,"Male","J- Minibus","S- Driver's Negligence",2.00
4448,19463.00,"4- Demerara- Mahaica",468,"Buxton Public Road","East Coast Demerara Road (From Georgetown)","-58.0333","6.7833",,,1/29/2005 0:00:00,12/30/1899 18:45:00,"D- Property Damage","F- Driver",,"Male","J- Minibus","S- Driver's Negligence",2.00
4449,19464.00,"4- Demerara- Mahaica",464,"Lusignan Access Road","East Coast Demerara Road (From Georgetown)","-58.0333","6.8000",,,2/13/2005 0:00:00,12/30/1899 18:00:00,"D- Property Damage","F- Driver",,"Male","N- Pickup;V-Motor Cycle","U- Cyclist's Negligence",2.00
4450,19465.00,"4- Demerara- Mahaica",468,"Buxton Public Road","East Coast Demerara Road (From Georgetown)","-58.0333","6.7833",,,2/27/2005 0:00:00,12/30/1899 22:45:00,"D- Property Damage","F- Driver",40.00,"Male","K- Private Cars;M- Hire Cars","S- Driver's Negligence",2.00
4451,19466.00,"4- Demerara- Mahaica",465,"Annandale Public Road","East Coast Demerara Road (From Georgetown)","-58.0333","6.8000",,,3/2/2005 0:00:00,,"B- Serious Injury","F- Driver",,"Male","K- Private Cars;L- Lorries Van;X-Tractor","P- Speeding",3.00
4452,19467.00,"4- Demerara- Mahaica",464,"Lusignan Public Road","East Coast Demerara Road (From Georgetown)","-58.0333","6.8000",,,3/15/2005 0:00:00,12/30/1899 9:30:00,"C- Minor Injury","F- Driver",21.00,"Female","K- Private Cars","S- Driver's Negligence",2.00
4453,19468.00,"4- Demerara- Mahaica",469,"Friendship Public Road","East Coast Demerara Road (From Georgetown)","-58.0333","6.7833",,,3/17/2005 0:00:00,12/30/1899 13:30:00,"D- Property Damage","F- Driver",48.00,"Male","J- Minibus;L- Lorries Van","S- Driver's Negligence",2.00
4454,19469.00,"4- Demerara- Mahaica",464,"Lusignan Access Road","East Coast Demerara Road (From Georgetown)","-58.0333","6.8000",,,3/20/2005 0:00:00,12/30/1899 11:45:00,"D- Property Damage","F- Driver",38.00,"Male","K- Private Cars;L- Lorries Van","R- Improper Overtaking",2.00
4455,19470.00,"4- Demerara- Mahaica",464,"Lusignan Public Road","East Coast Demerara Road (From Georgetown)","-58.0333","6.8000",,,3/20/2005 0:00:00,12/30/1899 22:10:00,"D- Property Damage","F- Driver",31.00,"Male","J- Minibus;K- Private Cars","S- Driver's Negligence",2.00
4456,19471.00,"4- Demerara- Mahaica",461,"Good Hope Public Road","East Coast Demerara Road (From Georgetown)","-58.0500","6.8000",,,3/21/2005 0:00:00,12/30/1899 20:00:00,"C- Minor Injury","F- Driver",,"Male","K- Private Cars;M- Hire Cars","S- Driver's Negligence",3.00
4457,19472.00,"4- Demerara- Mahaica",461,"Good Hope Public Road","East Coast Demerara Road (From Georgetown)","-58.0500","6.8000",,,3/21/2005 0:00:00,12/30/1899 21:30:00,"D- Property Damage","F- Driver",,"Male","K- Private Cars;M- Hire Cars","S- Driver's Negligence",2.00