"ID","Accident ID","Region Number","Corridor ID","Location (Intersection/Road/Street)","Corridor","Location- longitude/ X","Location- latitude/  Y","Mile Marker","Village","Date of Accident","Time of Accident","Type of Accident","Class of Road User","Age/DOB","Gender","Class of Vehicles Involved","Contributing Factor","Number of Persons Involved"
4458,19473.00,"4- Demerara- Mahaica",465,"Annandale Public Road","East Coast Demerara Road (From Georgetown)","-58.0333","6.8000",,,3/27/2005 0:00:00,12/30/1899 23:30:00,"D- Property Damage","F- Driver",38.00,"Male","J- Minibus;K- Private Cars","S- Driver's Negligence",2.00
4459,19474.00,"4- Demerara- Mahaica",465,"Annandale Public Road","East Coast Demerara Road (From Georgetown)","-58.0333","6.8000",,,3/31/2005 0:00:00,12/30/1899 17:30:00,"D- Property Damage","F- Driver",54.00,"Male","J- Minibus;V-Motor Cycle","S- Driver's Negligence",2.00
4460,19475.00,"4- Demerara- Mahaica",477,"Melanie Public Road","East Coast Demerara Road (From Georgetown)","-58.0000","6.7833",,,4/5/2005 0:00:00,12/30/1899 14:15:00,"D- Property Damage","F- Driver",42.00,"Male","J- Minibus;L- Lorries Van","S- Driver's Negligence",2.00
4461,19476.00,"4- Demerara- Mahaica",472,"Strathspey Public Road","East Coast Demerara Road (From Georgetown)","-58.0167","6.7833",,,4/8/2005 0:00:00,12/30/1899 13:15:00,"C- Minor Injury","F- Driver",26.00,"Male","N- Pickup;W-Pedal Cycle","S- Driver's Negligence",2.00
4462,19477.00,"4- Demerara- Mahaica",473,"Colidgen Public Road","East Coast Demerara Road (From Georgetown)","-58.0167","6.7833",,,9/4/2003 0:00:00,12/30/1899 4:00:00,"B- Serious Injury","F- Driver",25.00,"Male","N- Pickup","P- Speeding",1.00
4463,19478.00,"4- Demerara- Mahaica",472,"Strathspey Public Road","East Coast Demerara Road (From Georgetown)","-58.0167","6.7833",,,9/21/2003 0:00:00,12/30/1899 20:00:00,"C- Minor Injury","F- Driver",42.00,"Male","J- Minibus","S- Driver's Negligence",2.00
4464,19479.00,"4- Demerara- Mahaica",461,"Good Hope Public Road","East Coast Demerara Road (From Georgetown)","-58.0500","6.8000",,,9/26/2003 0:00:00,12/30/1899 14:20:00,"D- Property Damage","F- Driver",47.00,"Male","L- Lorries Van","Y-Animal",1.00
4465,19480.00,"4- Demerara- Mahaica",473,"Colidgen Access Road","East Coast Demerara Road (From Georgetown)","-58.0167","6.7833",,,9/29/2003 0:00:00,12/30/1899 9:30:00,"D- Property Damage","F- Driver",45.00,"Male","L- Lorries Van","S- Driver's Negligence",2.00
4466,19481.00,"4- Demerara- Mahaica",465,"Annandale Pubic Road","East Coast Demerara Road (From Georgetown)","-58.0333","6.8000",,,9/29/2003 0:00:00,12/30/1899 15:15:00,"D- Property Damage","F- Driver",32.00,"Male","K- Private Cars","S- Driver's Negligence",2.00
4467,19482.00,"4- Demerara- Mahaica",461,"Good Hope Access Road","East Coast Demerara Road (From Georgetown)","-58.0500","6.8000",,,10/7/2003 0:00:00,12/30/1899 16:00:00,"D- Property Damage","F- Driver",37.00,"Male","N- Pickup","S- Driver's Negligence",2.00
4468,19483.00,"4- Demerara- Mahaica",470,"Vigilance Public Road","East Coast Demerara Road (From Georgetown)","-58.0167","6.7833",,,10/9/2003 0:00:00,12/30/1899 16:30:00,"C- Minor Injury","F- Driver",45.00,"Male","M- Hire Cars;W-Pedal Cycle","S- Driver's Negligence",2.00
4469,19484.00,"4- Demerara- Mahaica",465,"Annadale Public Road","East Coast Demerara Road (From Georgetown)","-58.0333","6.8000",,,10/16/2003 0:00:00,12/30/1899 7:00:00,"C- Minor Injury","F- Driver",31.00,"Male","J- Minibus;V-Motor Cycle","U- Cyclist's Negligence",2.00
4470,19485.00,"4- Demerara- Mahaica",475,"Enterprise Access Road","East Coast Demerara Road (From Georgetown)","-58.0000","6.7833",,,10/16/2003 0:00:00,12/30/1899 10:00:00,"B- Serious Injury","F- Driver",45.00,"Male","J- Minibus","T-Pedestrian's Negligence",2.00
4471,19486.00,"4- Demerara- Mahaica",464,"Lusignan Railway Embankment","East Coast Demerara Road (From Georgetown)","-58.0333","6.8000",,,10/18/2003 0:00:00,12/30/1899 17:30:00,"B- Serious Injury","F- Driver",25.00,"Male","K- Private Cars;W-Pedal Cycle","U- Cyclist's Negligence",2.00
4472,19487.00,"4- Demerara- Mahaica",461,"Good Hope Public Road","East Coast Demerara Road (From Georgetown)","-58.0500","6.8000",,,10/21/2003 0:00:00,12/30/1899 6:30:00,"A- Fatal","F- Driver",37.00,"Male","K- Private Cars","O- Lost Control & Runoff",3.00
4473,19488.00,"4- Demerara- Mahaica",464,"Lusignan Public Road","East Coast Demerara Road (From Georgetown)","-58.0333","6.8000",,,10/24/2003 0:00:00,12/30/1899 15:20:00,"D- Property Damage","F- Driver",32.00,"Male","J- Minibus;N- Pickup","S- Driver's Negligence",2.00
4474,19489.00,"4- Demerara- Mahaica",468,"Buxton Public Road","East Coast Demerara Road (From Georgetown)","-58.0333","6.7833",,,10/30/2003 0:00:00,12/30/1899 9:00:00,"C- Minor Injury","F- Driver",30.00,"Male","K- Private Cars","T-Pedestrian's Negligence",2.00
4475,19490.00,"4- Demerara- Mahaica",473,"Colidgen Public Road","East Coast Demerara Road (From Georgetown)","-58.0167","6.7833",,,11/6/2003 0:00:00,12/30/1899 17:30:00,"C- Minor Injury","F- Driver",18.00,"Male","K- Private Cars;V-Motor Cycle","U- Cyclist's Negligence",2.00
4476,19491.00,"4- Demerara- Mahaica",477,"Melanie Public Road","East Coast Demerara Road (From Georgetown)","-58.0000","6.7833",,,11/14/2003 0:00:00,12/30/1899 8:30:00,"C- Minor Injury","G- Rider",,"Male","V-Motor Cycle","T-Pedestrian's Negligence",4.00
4477,19492.00,"4- Demerara- Mahaica",464,"Lusignan Public Road","East Coast Demerara Road (From Georgetown)","-58.0333","6.8000",,,11/19/2003 0:00:00,,"D- Property Damage","F- Driver",22.00,"Male","J- Minibus;L- Lorries Van","S- Driver's Negligence",2.00
4478,19493.00,"4- Demerara- Mahaica",474,"Non Pariel Public Road","East Coast Demerara Road (From Georgetown)","-58.0167","6.7833",,,11/22/2003 0:00:00,12/30/1899 13:00:00,"D- Property Damage","F- Driver",39.00,"Male","J- Minibus;M- Hire Cars","S- Driver's Negligence",3.00
4479,19494.00,"4- Demerara- Mahaica",471,"Bladen Hall Access Road","East Coast Demerara Road (From Georgetown)","-58.0167","6.7833",,,11/23/2003 0:00:00,12/30/1899 15:00:00,"D- Property Damage","F- Driver",41.00,"Male","J- Minibus","S- Driver's Negligence",2.00
4480,19495.00,"4- Demerara- Mahaica",473,"Colidgen Public Road","East Coast Demerara Road (From Georgetown)","-58.0167","6.7833",,,11/25/2003 0:00:00,12/30/1899 16:30:00,"D- Property Damage","F- Driver",37.00,"Male","J- Minibus","O- Lost Control & Runoff",2.00
4481,19496.00,"4- Demerara- Mahaica",473,"Colidgen Public Road","East Coast Demerara Road (From Georgetown)","-58.0167","6.7833",,,11/26/2003 0:00:00,12/30/1899 20:45:00,"D- Property Damage","F- Driver",33.00,"Male","J- Minibus;K- Private Cars","O- Lost Control & Runoff",2.00
4482,19497.00,"4- Demerara- Mahaica",465,"Annandale Public Road","East Coast Demerara Road (From Georgetown)","-58.0333","6.8000",,,11/26/2003 0:00:00,12/30/1899 15:00:00,"D- Property Damage","F- Driver",47.00,"Male","K- Private Cars;L- Lorries Van","S- Driver's Negligence",2.00
4483,19498.00,"4- Demerara- Mahaica",461,"Good Hope Public Road","East Coast Demerara Road (From Georgetown)","-58.0500","6.8000",,,12/5/2003 0:00:00,12/30/1899 21:30:00,"B- Serious Injury","F- Driver",544.00,"Male","K- Private Cars;N- Pickup","P- Speeding",2.00
4484,19499.00,"4- Demerara- Mahaica",478,"Bachelors Adventure Railway Line","East Coast Demerara Road (From Georgetown)","-58.0000","6.7667",,,12/16/2003 0:00:00,12/30/1899 13:55:00,"D- Property Damage","F- Driver",56.00,"Male","K- Private Cars;M- Hire Cars","S- Driver's Negligence",2.00
4485,19500.00,"4- Demerara- Mahaica",477,"Melanie Access Road","East Coast Demerara Road (From Georgetown)","-58.0000","6.7833",,,12/10/2003 0:00:00,12/30/1899 20:45:00,"D- Property Damage","F- Driver",,"Male","N- Pickup;V-Motor Cycle","S- Driver's Negligence",2.00
4486,19501.00,"4- Demerara- Mahaica",461,"Good Hope Railway Embankment","East Coast Demerara Road (From Georgetown)","-58.0500","6.8000",,,12/16/2003 0:00:00,12/30/1899 13:55:00,"D- Property Damage","F- Driver",56.00,"Male","K- Private Cars;M- Hire Cars","S- Driver's Negligence",2.00
4487,19502.00,"4- Demerara- Mahaica",468,"Buxton Public Road","East Coast Demerara Road (From Georgetown)","-58.0333","6.7833",,,12/21/2003 0:00:00,12/30/1899 10:55:00,"C- Minor Injury","F- Driver",48.00,"Male","J- Minibus;M- Hire Cars","S- Driver's Negligence",2.00
4488,19503.00,"4- Demerara- Mahaica",465,"Annandale Public Road","East Coast Demerara Road (From Georgetown)","-58.0333","6.8000",,,12/25/2003 0:00:00,12/30/1899 18:30:00,"C- Minor Injury","F- Driver",52.00,"Male","K- Private Cars;W-Pedal Cycle","S- Driver's Negligence",4.00
4489,19504.00,"4- Demerara- Mahaica",465,"Annandale Public Road","East Coast Demerara Road (From Georgetown)","-58.0333","6.8000",,,12/25/2003 0:00:00,,"D- Property Damage","F- Driver",52.00,"Male","J- Minibus;K- Private Cars","S- Driver's Negligence",2.00
4490,19505.00,"4- Demerara- Mahaica",474,"Non Pariel Access Road","East Coast Demerara Road (From Georgetown)","-58.0167","6.7833",,,12/31/2003 0:00:00,12/30/1899 13:00:00,"D- Property Damage","F- Driver",,"Male","M- Hire Cars","Y-Animal",1.00
4491,19506.00,"4- Demerara- Mahaica",473,"Colidgen Railway Embankment","East Coast Demerara Road (From Georgetown)","-58.0167","6.7833",,,1/3/2004 0:00:00,12/30/1899 9:30:00,"D- Property Damage","F- Driver",48.00,"Male","K- Private Cars;V-Motor Cycle","S- Driver's Negligence",2.00
4492,19507.00,"4- Demerara- Mahaica",474,"Non Pariel Access Road","East Coast Demerara Road (From Georgetown)","-58.0167","6.7833",,,1/4/2004 0:00:00,12/30/1899 17:30:00,"B- Serious Injury","F- Driver",38.00,"Male","K- Private Cars","P- Speeding",2.00
4493,19508.00,"4- Demerara- Mahaica",469,"Friendship Railway Line","East Coast Demerara Road (From Georgetown)","-58.0333","6.7833",,,12/25/2004 0:00:00,12/30/1899 20:30:00,"D- Property Damage","F- Driver",27.00,"Male","J- Minibus","S- Driver's Negligence",1.00
4494,19509.00,"4- Demerara- Mahaica",461,"Good Hope Railway Embankment","East Coast Demerara Road (From Georgetown)","-58.0500","6.8000",,,1/4/2004 0:00:00,12/30/1899 20:30:00,"D- Property Damage","F- Driver",26.00,"Male","K- Private Cars","Y-Animal",1.00
4495,19510.00,"4- Demerara- Mahaica",468,"Buxton Railway Line","East Coast Demerara Road (From Georgetown)","-58.0333","6.7833",,,,12/30/1899 10:30:00,"C- Minor Injury","F- Driver",32.00,"Male","J- Minibus","T-Pedestrian's Negligence",2.00
4496,19511.00,"4- Demerara- Mahaica",469,"Friendship Access Road","East Coast Demerara Road (From Georgetown)","-58.0333","6.7833",,,1/3/2004 0:00:00,12/30/1899 17:30:00,"C- Minor Injury","F- Driver",,"Male","M- Hire Cars","S- Driver's Negligence",3.00
4497,19512.00,"4- Demerara- Mahaica",461,"Good Hope Public Road","East Coast Demerara Road (From Georgetown)","-58.0500","6.8000",,,1/11/2004 0:00:00,12/30/1899 17:45:00,"D- Property Damage","F- Driver",30.00,"Male","K- Private Cars","S- Driver's Negligence",2.00
4498,19513.00,"4- Demerara- Mahaica",473,"Colidgen Public Road","East Coast Demerara Road (From Georgetown)","-58.0167","6.7833",,,1/13/2004 0:00:00,12/30/1899 19:00:00,"D- Property Damage","F- Driver",23.00,"Male","J- Minibus;K- Private Cars","S- Driver's Negligence",2.00
4499,19514.00,"4- Demerara- Mahaica",464,"Lusignan Public Road","East Coast Demerara Road (From Georgetown)","-58.0333","6.8000",,,1/13/2004 0:00:00,12/30/1899 21:30:00,"D- Property Damage","F- Driver",42.00,"Male","K- Private Cars","S- Driver's Negligence",1.00
4500,19515.00,"4- Demerara- Mahaica",461,"Good Hope Public Road","East Coast Demerara Road (From Georgetown)","-58.0500","6.8000",,,1/16/2004 0:00:00,12/30/1899 1:15:00,"A- Fatal","G- Rider",23.00,"Male","V-Motor Cycle","Y-Animal",1.00
4501,19516.00,"4- Demerara- Mahaica",465,"Annandale Public Road","East Coast Demerara Road (From Georgetown)","-58.0333","6.8000",,,1/17/2004 0:00:00,12/30/1899 20:30:00,"B- Serious Injury","F- Driver",42.00,"Male","K- Private Cars","S- Driver's Negligence",2.00
4502,19517.00,"4- Demerara- Mahaica",464,"Lusignan Public Road","East Coast Demerara Road (From Georgetown)","-58.0333","6.8000",,,1/25/2004 0:00:00,12/30/1899 18:45:00,"D- Property Damage","F- Driver",41.00,"Male","L- Lorries Van","Y-Animal",1.00
4503,19518.00,"4- Demerara- Mahaica",475,"Enterprise Railway Line","East Coast Demerara Road (From Georgetown)","-58.0000","6.7833",,,1/29/2004 0:00:00,12/30/1899 8:10:00,"D- Property Damage","F- Driver",44.00,"Male","K- Private Cars","Y-Animal",1.00
4504,19519.00,"4- Demerara- Mahaica",470,"Vigilance Public Road","East Coast Demerara Road (From Georgetown)","-58.0167","6.7833",,,2/5/2004 0:00:00,12/30/1899 6:45:00,"D- Property Damage","F- Driver",25.00,"Male","J- Minibus;L- Lorries Van","S- Driver's Negligence",2.00
4505,19520.00,"4- Demerara- Mahaica",472,"Strathspey Public Road","East Coast Demerara Road (From Georgetown)","-58.0167","6.7833",,,2/6/2004 0:00:00,,"D- Property Damage","F- Driver",56.00,"Male","K- Private Cars","Y-Animal",1.00
4506,19521.00,"4- Demerara- Mahaica",473,"Colidgen Public Road","East Coast Demerara Road (From Georgetown)","-58.0167","6.7833",,,2/9/2004 0:00:00,12/30/1899 10:00:00,"D- Property Damage","F- Driver",31.00,"Male","L- Lorries Van","S- Driver's Negligence",2.00
4507,19522.00,"4- Demerara- Mahaica",465,"Annandale Public Road","East Coast Demerara Road (From Georgetown)","-58.0333","6.8000",,,2/14/2004 0:00:00,12/30/1899 10:20:00,"D- Property Damage","F- Driver",38.00,"Male","J- Minibus;K- Private Cars","S- Driver's Negligence",2.00
4508,19523.00,"4- Demerara- Mahaica",468,"Buxton Public Road","East Coast Demerara Road (From Georgetown)","-58.0333","6.7833",,,2/14/2004 0:00:00,12/30/1899 16:40:00,"C- Minor Injury","F- Driver",30.00,"Male","K- Private Cars","T-Pedestrian's Negligence",2.00
4509,19524.00,"4- Demerara- Mahaica",472,"Strathspey Public Road","East Coast Demerara Road (From Georgetown)","-58.0167","6.7833",,,2/18/2004 0:00:00,,"D- Property Damage","F- Driver",,"Male","K- Private Cars","Y-Animal",1.00
4510,19525.00,"4- Demerara- Mahaica",468,"Buxton Public Road","East Coast Demerara Road (From Georgetown)","-58.0333","6.7833",,,2/21/2004 0:00:00,12/30/1899 18:20:00,"C- Minor Injury","F- Driver",47.00,"Male","J- Minibus;K- Private Cars","P- Speeding",2.00
4511,19526.00,"4- Demerara- Mahaica",461,"Good Hope Public Road","East Coast Demerara Road (From Georgetown)","-58.0500","6.8000",,,2/21/2004 0:00:00,12/30/1899 20:20:00,"C- Minor Injury","F- Driver",28.00,"Male","J- Minibus;K- Private Cars","S- Driver's Negligence",2.00
4512,19527.00,"4- Demerara- Mahaica",461,"Good Hope Embankment","East Coast Demerara Road (From Georgetown)","-58.0500","6.8000",,,2/23/2004 0:00:00,12/30/1899 9:30:00,"C- Minor Injury","F- Driver",,"Female","K- Private Cars;W-Pedal Cycle","S- Driver's Negligence",2.00
4513,19528.00,"4- Demerara- Mahaica",465,"Annandale Access Road","East Coast Demerara Road (From Georgetown)","-58.0333","6.8000",,,2/29/2004 0:00:00,12/30/1899 5:45:00,"D- Property Damage","F- Driver",45.00,"Male","L- Lorries Van;N- Pickup","S- Driver's Negligence",2.00
4514,19529.00,"4- Demerara- Mahaica",468,"Buxton Line Top","East Coast Demerara Road (From Georgetown)","-58.0333","6.7833",,,2/29/2004 0:00:00,12/30/1899 17:00:00,"C- Minor Injury","G- Rider",21.00,"Male","V-Motor Cycle","Y-Animal",1.00
4515,19530.00,"4- Demerara- Mahaica",477,"Melanie Public Road","East Coast Demerara Road (From Georgetown)","-58.0000","6.7833",,,3/6/2004 0:00:00,12/30/1899 15:30:00,"B- Serious Injury","F- Driver",,,"K- Private Cars","T-Pedestrian's Negligence",2.00
4516,19531.00,"4- Demerara- Mahaica",469,"Friendship Public Road","East Coast Demerara Road (From Georgetown)","-58.0333","6.7833",,,3/8/2004 0:00:00,12/30/1899 16:30:00,"D- Property Damage","F- Driver",,"Male","J- Minibus;K- Private Cars","S- Driver's Negligence",2.00
4517,19532.00,"4- Demerara- Mahaica",465,"Annandale Public Road","East Coast Demerara Road (From Georgetown)","-58.0333","6.8000",,,3/19/2004 0:00:00,12/30/1899 7:55:00,"C- Minor Injury","F- Driver",28.00,"Male","K- Private Cars;L- Lorries Van","S- Driver's Negligence",2.00
4518,19533.00,"4- Demerara- Mahaica",472,"Strathspey Public Road","East Coast Demerara Road (From Georgetown)","-58.0167","6.7833",,,3/20/2004 0:00:00,12/30/1899 11:40:00,"D- Property Damage","F- Driver",32.00,"Male","J- Minibus","S- Driver's Negligence",2.00
4519,19534.00,"4- Demerara- Mahaica",461,"Good Hope Public Road","East Coast Demerara Road (From Georgetown)","-58.0500","6.8000",,,3/20/2004 0:00:00,12/30/1899 18:30:00,"D- Property Damage","F- Driver",35.00,"Male","J- Minibus;K- Private Cars","P- Speeding",2.00
4520,19535.00,"4- Demerara- Mahaica",477,"Melaine Public Road","East Coast Demerara Road (From Georgetown)","-58.0000","6.7833",,,3/21/2004 0:00:00,12/30/1899 20:00:00,"D- Property Damage","F- Driver",63.00,"Male","J- Minibus;K- Private Cars","S- Driver's Negligence",2.00
4521,19536.00,"4- Demerara- Mahaica",469,"Friendship Public Road","East Coast Demerara Road (From Georgetown)","-58.0333","6.7833",,,3/22/2004 0:00:00,12/30/1899 15:10:00,"B- Serious Injury","F- Driver",29.00,"Male","J- Minibus","S- Driver's Negligence",2.00
4522,19537.00,"4- Demerara- Mahaica",465,"Annandale Public Road","East Coast Demerara Road (From Georgetown)","-58.0333","6.8000",,,3/23/2004 0:00:00,12/30/1899 8:00:00,"D- Property Damage","F- Driver",28.00,"Male","J- Minibus","S- Driver's Negligence",2.00
4523,19538.00,"4- Demerara- Mahaica",474,"Non Pariel Public Road","East Coast Demerara Road (From Georgetown)","-58.0167","6.7833",,,3/23/2004 0:00:00,12/30/1899 13:05:00,"A- Fatal","F- Driver",51.00,"Male","L- Lorries Van;V-Motor Cycle","O- Lost Control & Runoff",2.00
4524,19539.00,"4- Demerara- Mahaica",464,"Lusignan  Access Road","East Coast Demerara Road (From Georgetown)","-58.0333","6.8000",,,3/21/2004 0:00:00,12/30/1899 19:10:00,"C- Minor Injury","F- Driver",,,"K- Private Cars","S- Driver's Negligence",2.00
4525,19540.00,"4- Demerara- Mahaica",464,"Lusignan Public Road","East Coast Demerara Road (From Georgetown)","-58.0333","6.8000",,,3/25/2004 0:00:00,12/30/1899 12:10:00,"A- Fatal","F- Driver",37.00,"Male","J- Minibus","T-Pedestrian's Negligence",2.00
4526,19541.00,"4- Demerara- Mahaica",472,"Strathspey Public Road","East Coast Demerara Road (From Georgetown)","-58.0167","6.7833",,,3/28/2004 0:00:00,12/30/1899 22:50:00,"D- Property Damage","F- Driver",,"Male","K- Private Cars;N- Pickup","S- Driver's Negligence",2.00
4527,19542.00,"4- Demerara- Mahaica",472,"Strathspey Public Road","East Coast Demerara Road (From Georgetown)","-58.0167","6.7833",,,3/29/2004 0:00:00,12/30/1899 23:00:00,"D- Property Damage","F- Driver",,"Male","M- Hire Cars","Y-Animal",1.00
4528,19543.00,"4- Demerara- Mahaica",475,"Enterprise Railway","East Coast Demerara Road (From Georgetown)","-58.0000","6.7833",,,4/2/2004 0:00:00,12/30/1899 7:15:00,"D- Property Damage","F- Driver",35.00,"Male","J- Minibus;K- Private Cars","S- Driver's Negligence",2.00
4529,19544.00,"4- Demerara- Mahaica",475,"Enterprise Access Road","East Coast Demerara Road (From Georgetown)","-58.0000","6.7833",,,4/2/2004 0:00:00,12/30/1899 11:30:00,"C- Minor Injury","F- Driver",42.00,"Male","J- Minibus;W-Pedal Cycle","U- Cyclist's Negligence",2.00
4530,19545.00,"4- Demerara- Mahaica",464,"Lusignan Access Road","East Coast Demerara Road (From Georgetown)","-58.0333","6.8000",,,4/5/2004 0:00:00,12/30/1899 22:45:00,"D- Property Damage","F- Driver",,"Male","K- Private Cars;N- Pickup","S- Driver's Negligence",2.00
4531,19546.00,"4- Demerara- Mahaica",473,"Colidgen Public Road","East Coast Demerara Road (From Georgetown)","-58.0167","6.7833",,,4/10/2004 0:00:00,12/30/1899 19:00:00,"D- Property Damage","F- Driver",32.00,"Male","J- Minibus;K- Private Cars;N- Pickup","P- Speeding",3.00
4532,19547.00,"4- Demerara- Mahaica",477,"Melaine Public Road","East Coast Demerara Road (From Georgetown)","-58.0000","6.7833",,,4/12/2004 0:00:00,12/30/1899 18:00:00,"C- Minor Injury","F- Driver",23.00,"Male","J- Minibus","P- Speeding",2.00
4533,19548.00,"4- Demerara- Mahaica",461,"Good Hope Public Road","East Coast Demerara Road (From Georgetown)","-58.0500","6.8000",,,4/12/2004 0:00:00,12/30/1899 22:30:00,"C- Minor Injury","F- Driver",57.00,"Male","K- Private Cars","T-Pedestrian's Negligence",3.00
4534,19549.00,"4- Demerara- Mahaica",465,"Annandale Public Road","East Coast Demerara Road (From Georgetown)","-58.0333","6.8000",,,4/28/2004 0:00:00,12/30/1899 20:00:00,"C- Minor Injury","F- Driver",48.00,"Female","K- Private Cars","S- Driver's Negligence",2.00
4535,19550.00,"4- Demerara- Mahaica",475,"Enterprise Public Road","East Coast Demerara Road (From Georgetown)","-58.0000","6.7833",,,4/30/2004 0:00:00,12/30/1899 4:20:00,"D- Property Damage","F- Driver",44.00,"Male","K- Private Cars;N- Pickup","S- Driver's Negligence",2.00
4536,19551.00,"4- Demerara- Mahaica",470,"Vigilance Public Road","East Coast Demerara Road (From Georgetown)","-58.0167","6.7833",,,5/5/2004 0:00:00,12/30/1899 14:40:00,"C- Minor Injury","F- Driver",28.00,"Male","J- Minibus","Y-Animal",1.00
4537,19552.00,"4- Demerara- Mahaica",469,"Friendship Public Road","East Coast Demerara Road (From Georgetown)","-58.0333","6.7833",,,5/14/2004 0:00:00,12/30/1899 2:30:00,"B- Serious Injury","F- Driver",66.00,"Male","K- Private Cars","O- Lost Control & Runoff",
4538,19553.00,"4- Demerara- Mahaica",465,"Annandale Public Road","East Coast Demerara Road (From Georgetown)","-58.0333","6.8000",,,5/15/2004 0:00:00,12/30/1899 17:25:00,"D- Property Damage","F- Driver",79.00,"Male","K- Private Cars","Y-Animal",1.00
4539,19554.00,"4- Demerara- Mahaica",477,"Melanie Public Road","East Coast Demerara Road (From Georgetown)","-58.0000","6.7833",,,5/21/2004 0:00:00,12/30/1899 8:30:00,"C- Minor Injury","F- Driver",26.00,"Female","K- Private Cars;N- Pickup","S- Driver's Negligence",2.00
4540,19555.00,"4- Demerara- Mahaica",465,"Annandale Access Road","East Coast Demerara Road (From Georgetown)","-58.0333","6.8000",,,5/24/2004 0:00:00,12/30/1899 16:45:00,"D- Property Damage","F- Driver",28.00,"Male","K- Private Cars;M- Hire Cars","S- Driver's Negligence",2.00
4541,19556.00,"4- Demerara- Mahaica",465,"Annandale Public Road","East Coast Demerara Road (From Georgetown)","-58.0333","6.8000",,,5/24/2004 0:00:00,12/30/1899 19:00:00,"A- Fatal","F- Driver",,"Male","K- Private Cars","S- Driver's Negligence",2.00
4542,19557.00,"4- Demerara- Mahaica",465,"Annandale Public Road","East Coast Demerara Road (From Georgetown)","-58.0333","6.8000",,,4/10/2005 0:00:00,12/30/1899 22:00:00,"C- Minor Injury","E- Pedestrian",37.00,"Male","V-Motor Cycle","U- Cyclist's Negligence",2.00
4543,19558.00,"4- Demerara- Mahaica",464,"Lusignan","East Coast Demerara Road (From Georgetown)","-58.0333","6.8000",,,4/25/2005 0:00:00,12/30/1899 8:00:00,"C- Minor Injury","E- Pedestrian",8.00,"Male","K- Private Cars","S- Driver's Negligence",2.00
4544,19559.00,"4- Demerara- Mahaica",461,"Good Hope Public Road","East Coast Demerara Road (From Georgetown)","-58.0500","6.8000",,,4/30/2005 0:00:00,12/30/1899 13:00:00,"C- Minor Injury","F- Driver",28.00,"Male","J- Minibus","S- Driver's Negligence",1.00
4545,19560.00,"4- Demerara- Mahaica",465,"Annandale Public Road","East Coast Demerara Road (From Georgetown)","-58.0333","6.8000",,,5/1/2005 0:00:00,12/30/1899 23:30:00,"B- Serious Injury","F- Driver",45.00,"Male","V-Motor Cycle","O- Lost Control & Runoff",1.00
4546,19561.00,"4- Demerara- Mahaica",474,"Non Pariel Public Road","East Coast Demerara Road (From Georgetown)","-58.0167","6.7833",,,5/10/2005 0:00:00,12/30/1899 15:45:00,"C- Minor Injury","F- Driver",,"Male","J- Minibus;W-Pedal Cycle","U- Cyclist's Negligence",2.00
4547,19562.00,"4- Demerara- Mahaica",465,"Annandale Public Road","East Coast Demerara Road (From Georgetown)","-58.0333","6.8000",,,5/24/2005 0:00:00,12/30/1899 16:00:00,"C- Minor Injury","F- Driver",31.00,"Male","M- Hire Cars;W-Pedal Cycle","U- Cyclist's Negligence",2.00
4548,19563.00,"4- Demerara- Mahaica",472,"Strathspey Public Road","East Coast Demerara Road (From Georgetown)","-58.0167","6.7833",,,5/25/2005 0:00:00,12/30/1899 16:55:00,"C- Minor Injury","F- Driver",36.00,"Male","J- Minibus;N- Pickup","S- Driver's Negligence",2.00
4549,19564.00,"4- Demerara- Mahaica",478,"Bachelors Adventure","East Coast Demerara Road (From Georgetown)","-58.0000","6.7667",,,5/25/2005 0:00:00,12/30/1899 18:30:00,"D- Property Damage","F- Driver",,"Male","K- Private Cars;M- Hire Cars","S- Driver's Negligence",2.00