"ID","Accident ID","Region Number","Corridor ID","Location (Intersection/Road/Street)","Corridor","Location- longitude/ X","Location- latitude/  Y","Mile Marker","Village","Date of Accident","Time of Accident","Type of Accident","Class of Road User","Age/DOB","Gender","Class of Vehicles Involved","Contributing Factor","Number of Persons Involved"
4550,19565.00,"4- Demerara- Mahaica",461,"Good Hope Public Road","East Coast Demerara Road (From Georgetown)","-58.0500","6.8000",,,6/3/2005 0:00:00,12/30/1899 10:00:00,"C- Minor Injury","F- Driver",30.00,"Male","J- Minibus;V-Motor Cycle","U- Cyclist's Negligence",2.00
4551,19566.00,"4- Demerara- Mahaica",465,"Annandale Public Road","East Coast Demerara Road (From Georgetown)","-58.0333","6.8000",,,5/5/2005 0:00:00,12/30/1899 19:20:00,"B- Serious Injury","F- Driver",24.00,"Male","M- Hire Cars","T-Pedestrian's Negligence",2.00
4552,19567.00,"4- Demerara- Mahaica",464,"Lusignan","East Coast Demerara Road (From Georgetown)","-58.0333","6.8000",,,6/7/2005 0:00:00,12/30/1899 11:30:00,"B- Serious Injury","F- Driver",,"Male","J- Minibus;W-Pedal Cycle","U- Cyclist's Negligence",2.00
4553,19568.00,"4- Demerara- Mahaica",475,"Enterprise Access Road","East Coast Demerara Road (From Georgetown)","-58.0000","6.7833",,,,12/30/1899 11:10:00,"A- Fatal","G- Rider",,"Male","J- Minibus","S- Driver's Negligence",2.00
4554,19569.00,"4- Demerara- Mahaica",478,"Bachelors Adventure Public Road","East Coast Demerara Road (From Georgetown)","-58.0000","6.7667",,,6/21/2005 0:00:00,12/30/1899 13:35:00,"C- Minor Injury","F- Driver",,,"X-Tractor","S- Driver's Negligence",1.00
4555,19570.00,"4- Demerara- Mahaica",461,"Good Hope Public Road","East Coast Demerara Road (From Georgetown)","-58.0500","6.8000",,,6/25/2005 0:00:00,12/30/1899 19:05:00,"B- Serious Injury","F- Driver",,,"K- Private Cars","T-Pedestrian's Negligence",2.00
4556,19571.00,"4- Demerara- Mahaica",474,"Non Pariel Public Road","East Coast Demerara Road (From Georgetown)","-58.0167","6.7833",,,6/28/2005 0:00:00,12/30/1899 13:00:00,"B- Serious Injury","F- Driver",,"Male","K- Private Cars","O- Lost Control & Runoff",1.00
4557,19572.00,"4- Demerara- Mahaica",470,"Vigilance Public Road","East Coast Demerara Road (From Georgetown)","-58.0167","6.7833",,,6/29/2005 0:00:00,12/30/1899 16:40:00,"D- Property Damage","F- Driver",38.00,"Male","K- Private Cars;M- Hire Cars","S- Driver's Negligence",2.00
4558,19573.00,"4- Demerara- Mahaica",468,"Buxton Public Road","East Coast Demerara Road (From Georgetown)","-58.0333","6.7833",,,7/3/2005 0:00:00,12/30/1899 15:10:00,"B- Serious Injury","F- Driver",36.00,"Male","J- Minibus","S- Driver's Negligence",2.00
4559,19574.00,"4- Demerara- Mahaica",469,"Friendship Public Road","East Coast Demerara Road (From Georgetown)","-58.0333","6.7833",,,7/6/2005 0:00:00,12/30/1899 20:35:00,"D- Property Damage","F- Driver",28.00,"Male","N- Pickup","S- Driver's Negligence",2.00
4560,19575.00,"4- Demerara- Mahaica",470,"Vigilance Public Road","East Coast Demerara Road (From Georgetown)","-58.0167","6.7833",,,7/15/2005 0:00:00,12/30/1899 9:20:00,"D- Property Damage","F- Driver",,"Male","J- Minibus;K- Private Cars","S- Driver's Negligence",3.00
4561,19576.00,"4- Demerara- Mahaica",469,"Friendship Public Road","East Coast Demerara Road (From Georgetown)","-58.0333","6.7833",,,8/1/2005 0:00:00,12/30/1899 7:10:00,"C- Minor Injury","F- Driver",,"Male","J- Minibus;V-Motor Cycle","U- Cyclist's Negligence",2.00
4562,19577.00,"4- Demerara- Mahaica",473,"Colidgen Access Road","East Coast Demerara Road (From Georgetown)","-58.0167","6.7833",,,8/2/2005 0:00:00,12/30/1899 18:55:00,"B- Serious Injury","F- Driver",56.00,"Male","N- Pickup;W-Pedal Cycle","U- Cyclist's Negligence",2.00
4563,19578.00,"4- Demerara- Mahaica",465,"Annandale Access Road","East Coast Demerara Road (From Georgetown)","-58.0333","6.8000",,,8/2/2005 0:00:00,12/30/1899 14:00:00,"D- Property Damage","F- Driver",48.00,"Male","J- Minibus;L- Lorries Van","S- Driver's Negligence",2.00
4564,19579.00,"4- Demerara- Mahaica",477,"Melanie Public Road","East Coast Demerara Road (From Georgetown)","-58.0000","6.7833",,,8/3/2005 0:00:00,12/30/1899 9:20:00,"B- Serious Injury","F- Driver",65.00,"Male","M- Hire Cars","S- Driver's Negligence",2.00
4565,19580.00,"4- Demerara- Mahaica",468,"Buxton Public Road","East Coast Demerara Road (From Georgetown)","-58.0333","6.7833",,,8/6/2005 0:00:00,12/30/1899 1:15:00,"B- Serious Injury","F- Driver",26.00,"Male","M- Hire Cars","O- Lost Control & Runoff",1.00
4566,19581.00,"4- Demerara- Mahaica",461,"Good Hope Public Road","East Coast Demerara Road (From Georgetown)","-58.0500","6.8000",,,8/7/2005 0:00:00,12/30/1899 7:45:00,"D- Property Damage","F- Driver",32.00,"Male","J- Minibus;K- Private Cars","S- Driver's Negligence",2.00
4567,19582.00,"4- Demerara- Mahaica",465,"Annandale Public Road","East Coast Demerara Road (From Georgetown)","-58.0333","6.8000",,,8/19/2005 0:00:00,12/30/1899 8:20:00,"C- Minor Injury","F- Driver",33.00,"Male","J- Minibus","S- Driver's Negligence",2.00
4568,19583.00,"4- Demerara- Mahaica",464,"Lusignan Embankment Road","East Coast Demerara Road (From Georgetown)","-58.0333","6.8000",,,8/20/2005 0:00:00,12/30/1899 17:15:00,"B- Serious Injury","F- Driver",18.00,"Male","K- Private Cars","O- Lost Control & Runoff",1.00
4569,19584.00,"4- Demerara- Mahaica",465,"Annandale Public Road","East Coast Demerara Road (From Georgetown)","-58.0333","6.8000",,,8/27/2005 0:00:00,12/30/1899 17:30:00,"C- Minor Injury","F- Driver",35.00,"Male","J- Minibus;N- Pickup","S- Driver's Negligence",2.00
4570,19585.00,"4- Demerara- Mahaica",465,"Annandale Public Road","East Coast Demerara Road (From Georgetown)","-58.0333","6.8000",,,9/16/2005 0:00:00,12/30/1899 9:20:00,"D- Property Damage","F- Driver",42.00,"Male","J- Minibus;L- Lorries Van","S- Driver's Negligence",2.00
4571,19586.00,"4- Demerara- Mahaica",472,"Strathspey Public Road","East Coast Demerara Road (From Georgetown)","-58.0167","6.7833",,,9/22/2005 0:00:00,12/30/1899 17:05:00,"C- Minor Injury","F- Driver",23.00,"Male","K- Private Cars;N- Pickup;V-Motor Cycle","U- Cyclist's Negligence",3.00
4572,19587.00,"4- Demerara- Mahaica",468,"Buxton Public Road","East Coast Demerara Road (From Georgetown)","-58.0333","6.7833",,,9/22/2005 0:00:00,12/30/1899 17:15:00,"C- Minor Injury","F- Driver",26.00,"Female","J- Minibus;W-Pedal Cycle","U- Cyclist's Negligence",3.00
4573,19588.00,"4- Demerara- Mahaica",465,"Annandale Public Road","East Coast Demerara Road (From Georgetown)","-58.0333","6.8000",,,9/24/2005 0:00:00,12/30/1899 20:20:00,"B- Serious Injury","F- Driver",41.00,"Male","J- Minibus","S- Driver's Negligence",2.00
4574,19589.00,"4- Demerara- Mahaica",465,"Annandale Public Road","East Coast Demerara Road (From Georgetown)","-58.0333","6.8000",,,10/9/2005 0:00:00,12/30/1899 7:00:00,"C- Minor Injury","F- Driver",43.00,"Male","J- Minibus;V-Motor Cycle","U- Cyclist's Negligence",2.00
4575,19590.00,"4- Demerara- Mahaica",465,"Annandale Public Road","East Coast Demerara Road (From Georgetown)","-58.0333","6.8000",,,10/10/2005 0:00:00,12/30/1899 18:30:00,"C- Minor Injury","F- Driver",37.00,"Male","J- Minibus","T-Pedestrian's Negligence",2.00
4576,19591.00,"4- Demerara- Mahaica",477,"Melanie Public Road","East Coast Demerara Road (From Georgetown)","-58.0000","6.7833",,,10/22/2005 0:00:00,,"D- Property Damage","F- Driver",28.00,"Male","K- Private Cars;M- Hire Cars","S- Driver's Negligence",2.00
4577,19592.00,"4- Demerara- Mahaica",461,"Good Hope Access Road","East Coast Demerara Road (From Georgetown)","-58.0500","6.8000",,,10/23/2005 0:00:00,12/30/1899 8:15:00,"B- Serious Injury","F- Driver",28.00,"Male","L- Lorries Van;W-Pedal Cycle","U- Cyclist's Negligence",2.00
4578,19593.00,"4- Demerara- Mahaica",465,"Annandale Public Road","East Coast Demerara Road (From Georgetown)","-58.0333","6.8000",,,10/24/2005 0:00:00,12/30/1899 6:15:00,"D- Property Damage","F- Driver",,"Male","K- Private Cars;N- Pickup","S- Driver's Negligence",2.00
4579,19594.00,"4- Demerara- Mahaica",465,"Annandale Public Road","East Coast Demerara Road (From Georgetown)","-58.0333","6.8000",,,10/28/2005 0:00:00,12/30/1899 7:45:00,"A- Fatal","F- Driver",39.00,"Male","K- Private Cars","T-Pedestrian's Negligence",2.00
4580,19595.00,"4- Demerara- Mahaica",468,"Buxton Public Road","East Coast Demerara Road (From Georgetown)","-58.0333","6.7833",,,11/6/2005 0:00:00,12/30/1899 13:30:00,"D- Property Damage","F- Driver",28.00,"Male","L- Lorries Van;N- Pickup","S- Driver's Negligence",2.00
4581,19596.00,"4- Demerara- Mahaica",473,"Colidgen Public Road","East Coast Demerara Road (From Georgetown)","-58.0167","6.7833",,,11/7/2005 0:00:00,12/30/1899 19:50:00,"B- Serious Injury","F- Driver",20.00,"Male","K- Private Cars","O- Lost Control & Runoff",1.00
4582,19597.00,"4- Demerara- Mahaica",477,"Melanie Public Road","East Coast Demerara Road (From Georgetown)","-58.0000","6.7833",,,11/14/2005 0:00:00,12/30/1899 16:00:00,"C- Minor Injury","F- Driver",28.00,"Male","K- Private Cars","S- Driver's Negligence",2.00
4583,19598.00,"4- Demerara- Mahaica",470,"Vigilance Public Road","East Coast Demerara Road (From Georgetown)","-58.0167","6.7833",,,11/22/2005 0:00:00,12/30/1899 17:55:00,"D- Property Damage","F- Driver",,,"K- Private Cars;M- Hire Cars","S- Driver's Negligence",2.00
4584,19599.00,"4- Demerara- Mahaica",470,"Vigilance Public Road","East Coast Demerara Road (From Georgetown)","-58.0167","6.7833",,,11/25/2005 0:00:00,12/30/1899 12:50:00,"B- Serious Injury","F- Driver",,"Male","J- Minibus;W-Pedal Cycle","U- Cyclist's Negligence",2.00
4585,19600.00,"4- Demerara- Mahaica",465,"Annandale Public Road","East Coast Demerara Road (From Georgetown)","-58.0333","6.8000",,,11/27/2005 0:00:00,12/30/1899 1:15:00,"D- Property Damage","F- Driver",46.00,"Male","K- Private Cars","S- Driver's Negligence",2.00
4586,19601.00,"4- Demerara- Mahaica",461,"Good Hope Public Road","East Coast Demerara Road (From Georgetown)","-58.0500","6.8000",,,11/28/2005 0:00:00,12/30/1899 12:15:00,"A- Fatal","F- Driver",26.00,"Male","K- Private Cars","Y-Animal",1.00
4587,19602.00,"4- Demerara- Mahaica",461,"Good Hope Public Road","East Coast Demerara Road (From Georgetown)","-58.0500","6.8000",,,12/6/2005 0:00:00,12/30/1899 5:25:00,"C- Minor Injury","F- Driver",53.00,"Male","J- Minibus","Y-Animal",1.00
4588,19603.00,"4- Demerara- Mahaica",473,"Colidgen Public Road","East Coast Demerara Road (From Georgetown)","-58.0167","6.7833",,,12/7/2005 0:00:00,12/30/1899 5:50:00,"A- Fatal","F- Driver",48.00,"Male","K- Private Cars","O- Lost Control & Runoff",1.00
4589,19604.00,"4- Demerara- Mahaica",465,"Annandale Public Road","East Coast Demerara Road (From Georgetown)","-58.0333","6.8000",,,12/7/2005 0:00:00,12/30/1899 14:05:00,"A- Fatal","F- Driver",26.00,"Male","N- Pickup;W-Pedal Cycle","P- Speeding",2.00
4590,19605.00,"4- Demerara- Mahaica",468,"Buxton Public Road","East Coast Demerara Road (From Georgetown)","-58.0333","6.7833",,,12/12/2005 0:00:00,12/30/1899 12:40:00,"D- Property Damage","F- Driver",29.00,"Male","J- Minibus;L- Lorries Van","P- Speeding",2.00
4591,19606.00,"4- Demerara- Mahaica",461,"Good Hope Public Road","East Coast Demerara Road (From Georgetown)","-58.0500","6.8000",,,12/19/2005 0:00:00,12/30/1899 15:35:00,"C- Minor Injury","F- Driver",28.00,"Male","J- Minibus","S- Driver's Negligence",2.00
4592,19607.00,"4- Demerara- Mahaica",468,"Buxton Public Road","East Coast Demerara Road (From Georgetown)","-58.0333","6.7833",,,12/25/2005 0:00:00,12/30/1899 20:45:00,"A- Fatal","F- Driver",,,"J- Minibus;M- Hire Cars","S- Driver's Negligence",2.00
4593,19608.00,"4- Demerara- Mahaica",464,"Lusignan Embankment","East Coast Demerara Road (From Georgetown)","-58.0333","6.8000",,,12/26/2005 0:00:00,12/30/1899 17:30:00,"A- Fatal","F- Driver",42.00,"Female","N- Pickup","S- Driver's Negligence",2.00
4594,19609.00,"4- Demerara- Mahaica",468,"Buxton Public Road","East Coast Demerara Road (From Georgetown)","-58.0333","6.7833",,,12/27/2005 0:00:00,12/30/1899 17:05:00,"D- Property Damage","F- Driver",37.00,"Male","J- Minibus;K- Private Cars","S- Driver's Negligence",2.00
4595,19610.00,"4- Demerara- Mahaica",464,"Lusignan Public Road","East Coast Demerara Road (From Georgetown)","-58.0333","6.8000",,,1/1/2006 0:00:00,12/30/1899 20:30:00,"B- Serious Injury","F- Driver",30.00,"Male","J- Minibus;K- Private Cars","S- Driver's Negligence",2.00
4596,19611.00,"4- Demerara- Mahaica",468,"Buxton Public Road","East Coast Demerara Road (From Georgetown)","-58.0333","6.7833",,,1/3/2006 0:00:00,12/30/1899 14:10:00,"D- Property Damage","F- Driver",25.00,"Male","L- Lorries Van;M- Hire Cars","S- Driver's Negligence",2.00
4597,19612.00,"4- Demerara- Mahaica",477,"Melanie Public Road","East Coast Demerara Road (From Georgetown)","-58.0000","6.7833",,,1/3/2006 0:00:00,12/30/1899 16:30:00,"D- Property Damage","F- Driver",42.00,"Male","J- Minibus;M- Hire Cars","S- Driver's Negligence",2.00
4598,19613.00,"4- Demerara- Mahaica",472,"Strathspey Public Road","East Coast Demerara Road (From Georgetown)","-58.0167","6.7833",,,1/2/2006 0:00:00,12/30/1899 18:25:00,"C- Minor Injury","G- Rider",45.00,"Male","V-Motor Cycle","Y-Animal",1.00
4599,19614.00,"4- Demerara- Mahaica",465,"Annandale Public Road","East Coast Demerara Road (From Georgetown)","-58.0333","6.8000",,,1/10/2006 0:00:00,12/30/1899 9:30:00,"C- Minor Injury","F- Driver",,"56","J- Minibus;K- Private Cars;N- Pickup","S- Driver's Negligence",3.00
4600,19615.00,"4- Demerara- Mahaica",465,"Annandale Public Road","East Coast Demerara Road (From Georgetown)","-58.0333","6.8000",,,1/14/2005 0:00:00,12/30/1899 21:45:00,"C- Minor Injury","F- Driver",42.00,"Male","K- Private Cars;N- Pickup","S- Driver's Negligence",2.00
4601,19616.00,"4- Demerara- Mahaica",468,"Buxton Public Road","East Coast Demerara Road (From Georgetown)","-58.0333","6.7833",,,1/30/2006 0:00:00,12/30/1899 20:00:00,"C- Minor Injury","F- Driver",43.00,"Male","J- Minibus;K- Private Cars;M- Hire Cars","S- Driver's Negligence",3.00
4602,19617.00,"4- Demerara- Mahaica",465,"Annandale Public Road","East Coast Demerara Road (From Georgetown)","-58.0333","6.8000",,,2/1/2006 0:00:00,12/30/1899 18:15:00,"B- Serious Injury","F- Driver",64.00,"Male","J- Minibus;W-Pedal Cycle","U- Cyclist's Negligence",2.00
4603,19618.00,"4- Demerara- Mahaica",472,"Strathspey","East Coast Demerara Road (From Georgetown)","-58.0167","6.7833",,,2/3/2006 0:00:00,12/30/1899 18:45:00,"C- Minor Injury","G- Rider",62.00,"Male","V-Motor Cycle","T-Pedestrian's Negligence",2.00
4604,19619.00,"4- Demerara- Mahaica",477,"Melanie Public Road","East Coast Demerara Road (From Georgetown)","-58.0000","6.7833",,,2/5/2006 0:00:00,12/30/1899 19:00:00,"B- Serious Injury","F- Driver",26.00,"Male","L- Lorries Van","S- Driver's Negligence",2.00
4605,19620.00,"4- Demerara- Mahaica",464,"Lusignan Public Road","East Coast Demerara Road (From Georgetown)","-58.0333","6.8000",,,2/17/2006 0:00:00,12/30/1899 11:50:00,"B- Serious Injury","F- Driver",32.00,"Male","L- Lorries Van","S- Driver's Negligence",2.00
4606,19621.00,"4- Demerara- Mahaica",465,"Annandale Public Road","East Coast Demerara Road (From Georgetown)","-58.0333","6.8000",,,2/21/2006 0:00:00,12/30/1899 16:30:00,"D- Property Damage","F- Driver",26.00,"Male","K- Private Cars;L- Lorries Van","S- Driver's Negligence",2.00
4607,19622.00,"4- Demerara- Mahaica",464,"Lusignan Public Road","East Coast Demerara Road (From Georgetown)","-58.0333","6.8000",,,2/22/2006 0:00:00,12/30/1899 13:45:00,"C- Minor Injury","F- Driver",47.00,"Male","L- Lorries Van;N- Pickup","S- Driver's Negligence",2.00
4608,19623.00,"4- Demerara- Mahaica",477,"Melanie Public Road","East Coast Demerara Road (From Georgetown)","-58.0000","6.7833",,,3/1/2006 0:00:00,12/30/1899 15:30:00,"C- Minor Injury","F- Driver",61.00,"Male","J- Minibus","T-Pedestrian's Negligence",2.00
4609,19624.00,"4- Demerara- Mahaica",477,"Melanie Public Road","East Coast Demerara Road (From Georgetown)","-58.0000","6.7833",,,3/4/2006 0:00:00,12/30/1899 12:45:00,"C- Minor Injury","F- Driver",20.00,"Male","K- Private Cars","T-Pedestrian's Negligence",2.00
4610,19625.00,"4- Demerara- Mahaica",473,"Colidgen Public Road","East Coast Demerara Road (From Georgetown)","-58.0167","6.7833",,,4/1/2006 0:00:00,12/30/1899 10:00:00,"B- Serious Injury","F- Driver",44.00,"Male","L- Lorries Van","O- Lost Control & Runoff",1.00
4611,19626.00,"4- Demerara- Mahaica",472,"Strathspey Public Road","East Coast Demerara Road (From Georgetown)","-58.0167","6.7833",,,4/4/2006 0:00:00,12/30/1899 18:45:00,"D- Property Damage","F- Driver",,"Male","K- Private Cars","Y-Animal",1.00
4612,19627.00,"4- Demerara- Mahaica",464,"Lusignan Public Road","East Coast Demerara Road (From Georgetown)","-58.0333","6.8000",,,4/11/2006 0:00:00,12/30/1899 19:20:00,"A- Fatal","F- Driver",30.00,"Male","J- Minibus","T-Pedestrian's Negligence",2.00
4613,19628.00,"4- Demerara- Mahaica",472,"Strathspey Public Road","East Coast Demerara Road (From Georgetown)","-58.0167","6.7833",,,4/24/2006 0:00:00,12/30/1899 14:00:00,"C- Minor Injury","F- Driver",,"Male","K- Private Cars;W-Pedal Cycle","U- Cyclist's Negligence",2.00
4614,19629.00,"4- Demerara- Mahaica",464,"Lusignan Public Road","East Coast Demerara Road (From Georgetown)","-58.0333","6.8000",,,4/26/2006 0:00:00,12/30/1899 23:30:00,"C- Minor Injury","F- Driver",,,"J- Minibus;L- Lorries Van","S- Driver's Negligence",2.00
4615,19630.00,"4- Demerara- Mahaica",469,"Friendship Pulic Road","East Coast Demerara Road (From Georgetown)","-58.0333","6.7833",,,4/30/2006 0:00:00,12/30/1899 18:30:00,"C- Minor Injury","F- Driver",,"Male","J- Minibus;K- Private Cars","S- Driver's Negligence",4.00
4616,19631.00,"4- Demerara- Mahaica",464,"Lusignan Public Road","East Coast Demerara Road (From Georgetown)","-58.0333","6.8000",,,5/3/2006 0:00:00,12/30/1899 13:20:00,"B- Serious Injury","F- Driver",32.00,"Male","L- Lorries Van;W-Pedal Cycle","S- Driver's Negligence",2.00
4617,19632.00,"4- Demerara- Mahaica",477,"Melanie Public Road","East Coast Demerara Road (From Georgetown)","-58.0000","6.7833",,,5/14/2006 0:00:00,12/30/1899 14:15:00,"C- Minor Injury","F- Driver",56.00,"Male","J- Minibus","S- Driver's Negligence",2.00
4618,19633.00,"4- Demerara- Mahaica",475,"Enterprise Access Road","East Coast Demerara Road (From Georgetown)","-58.0000","6.7833",,,5/27/2006 0:00:00,12/30/1899 10:00:00,"D- Property Damage","F- Driver",58.00,"Male","L- Lorries Van;V-Motor Cycle","S- Driver's Negligence",2.00
4619,19634.00,"4- Demerara- Mahaica",473,"Colidgen Public Road","East Coast Demerara Road (From Georgetown)","-58.0167","6.7833",,,5/27/2006 0:00:00,12/30/1899 10:00:00,"D- Property Damage","F- Driver",40.00,"Male","K- Private Cars","S- Driver's Negligence",2.00
4620,19635.00,"4- Demerara- Mahaica",470,"Vigilance Public Road","East Coast Demerara Road (From Georgetown)","-58.0167","6.7833",,,6/13/2006 0:00:00,12/30/1899 15:00:00,"C- Minor Injury","F- Driver",,"Male","N- Pickup","O- Lost Control & Runoff",1.00
4621,19636.00,"4- Demerara- Mahaica",468,"Buxton Public Road","East Coast Demerara Road (From Georgetown)","-58.0333","6.7833",,,6/13/2006 0:00:00,12/30/1899 13:00:00,"B- Serious Injury","F- Driver",48.00,"Female","K- Private Cars;W-Pedal Cycle","P- Speeding",3.00
4622,19637.00,"4- Demerara- Mahaica",464,"Lusignan Public Road","East Coast Demerara Road (From Georgetown)","-58.0333","6.8000",,,6/16/2006 0:00:00,12/30/1899 22:20:00,"B- Serious Injury","F- Driver",,"Male","K- Private Cars;W-Pedal Cycle","S- Driver's Negligence",2.00
4623,19638.00,"4- Demerara- Mahaica",461,"Good Hope Public Road","East Coast Demerara Road (From Georgetown)","-58.0500","6.8000",,,6/18/2006 0:00:00,12/30/1899 23:45:00,"A- Fatal","F- Driver",42.00,"Male","K- Private Cars","S- Driver's Negligence",2.00
4624,19639.00,"4- Demerara- Mahaica",464,"Lusignan Public Road","East Coast Demerara Road (From Georgetown)","-58.0333","6.8000",,,6/19/2006 0:00:00,12/30/1899 13:20:00,"C- Minor Injury","F- Driver",34.00,"Male","J- Minibus;K- Private Cars","S- Driver's Negligence",2.00
4625,19640.00,"4- Demerara- Mahaica",472,"Strathspey Public Road","East Coast Demerara Road (From Georgetown)","-58.0167","6.7833",,,6/23/2006 0:00:00,12/30/1899 8:45:00,"C- Minor Injury","G- Rider",46.00,"Male","V-Motor Cycle","U- Cyclist's Negligence",2.00
4626,19641.00,"4- Demerara- Mahaica",464,"Lusignan Access Road","East Coast Demerara Road (From Georgetown)","-58.0333","6.8000",,,6/23/2006 0:00:00,12/30/1899 12:45:00,"B- Serious Injury","F- Driver",,"Male","K- Private Cars","T-Pedestrian's Negligence",2.00
4627,19642.00,"4- Demerara- Mahaica",474,"Non Pariel Public Road","East Coast Demerara Road (From Georgetown)","-58.0167","6.7833",,,7/15/2006 0:00:00,12/30/1899 18:40:00,"B- Serious Injury","F- Driver",30.00,"Male","J- Minibus","S- Driver's Negligence",2.00
4628,19643.00,"4- Demerara- Mahaica",472,"Strathspey Public Road","East Coast Demerara Road (From Georgetown)","-58.0167","6.7833",,,7/18/2006 0:00:00,12/30/1899 18:00:00,"C- Minor Injury","F- Driver",23.00,"Male","J- Minibus;K- Private Cars","S- Driver's Negligence",2.00
4629,19644.00,"4- Demerara- Mahaica",478,"Bachelors Adventure","East Coast Demerara Road (From Georgetown)","-58.0000","6.7667",,,7/19/2006 0:00:00,12/30/1899 16:20:00,"D- Property Damage","F- Driver",32.00,"Male","J- Minibus;N- Pickup","P- Speeding",2.00
4630,19645.00,"4- Demerara- Mahaica",474,"Non Pariel Public Road","East Coast Demerara Road (From Georgetown)","-58.0167","6.7833",,,7/20/2006 0:00:00,12/30/1899 8:55:00,"B- Serious Injury","F- Driver",,"Male","L- Lorries Van","P- Speeding",3.00
4631,19646.00,"4- Demerara- Mahaica",464,"Lusignan Second Street","East Coast Demerara Road (From Georgetown)","-58.0333","6.8000",,,,,"C- Minor Injury","F- Driver",21.00,"Male","K- Private Cars;W-Pedal Cycle","U- Cyclist's Negligence",2.00
4632,19647.00,"4- Demerara- Mahaica",474,"Non Pariel Public Road","East Coast Demerara Road (From Georgetown)","-58.0167","6.7833",,,7/30/2006 0:00:00,12/30/1899 15:30:00,"C- Minor Injury","G- Rider",29.00,"Male","V-Motor Cycle;W-Pedal Cycle","S- Driver's Negligence",2.00
4633,19648.00,"4- Demerara- Mahaica",475,"Enterprise Access Road","East Coast Demerara Road (From Georgetown)","-58.0000","6.7833",,,7/31/2006 0:00:00,12/30/1899 19:00:00,"C- Minor Injury","G- Rider",42.00,"Female","W-Pedal Cycle","U- Cyclist's Negligence",2.00
4634,19649.00,"4- Demerara- Mahaica",479,"Paradise Public Road","East Coast Demerara Road (From Georgetown)","-58.0000","6.7667",,,7/30/2006 0:00:00,12/30/1899 21:30:00,"C- Minor Injury","F- Driver",,"Male","N- Pickup","O- Lost Control & Runoff",1.00
4635,19650.00,"4- Demerara- Mahaica",461,"Good Hope Public Road","East Coast Demerara Road (From Georgetown)","-58.0500","6.8000",,,8/24/2006 0:00:00,12/30/1899 12:45:00,"C- Minor Injury","F- Driver",,"Male","N- Pickup","Y-Animal",1.00
4636,19651.00,"4- Demerara- Mahaica",473,"Colidgen Industrial","East Coast Demerara Road (From Georgetown)","-58.0167","6.7833",,,8/25/2006 0:00:00,12/30/1899 15:05:00,"D- Property Damage","F- Driver",,"Male","J- Minibus;N- Pickup","S- Driver's Negligence",2.00
4637,19652.00,"4- Demerara- Mahaica",469,"Friendship Public Road","East Coast Demerara Road (From Georgetown)","-58.0333","6.7833",,,8/25/2006 0:00:00,12/30/1899 10:45:00,"D- Property Damage","F- Driver",25.00,"Male","J- Minibus;L- Lorries Van","S- Driver's Negligence",2.00
4638,19653.00,"4- Demerara- Mahaica",465,"Annandale Public Road","East Coast Demerara Road (From Georgetown)","-58.0333","6.8000",,,8/26/2006 0:00:00,12/30/1899 12:15:00,"B- Serious Injury","F- Driver",32.00,"Male","J- Minibus;W-Pedal Cycle","U- Cyclist's Negligence",2.00
4639,19654.00,"4- Demerara- Mahaica",473,"Colidegn Public Road","East Coast Demerara Road (From Georgetown)","-58.0167","6.7833",,,9/3/2006 0:00:00,12/30/1899 14:05:00,"D- Property Damage","F- Driver",40.00,"Male","K- Private Cars;M- Hire Cars;N- Pickup","S- Driver's Negligence",3.00
4640,19655.00,"4- Demerara- Mahaica",468,"Buxton Public Road","East Coast Demerara Road (From Georgetown)","-58.0333","6.7833",,,9/4/2006 0:00:00,12/30/1899 21:05:00,"C- Minor Injury","F- Driver",46.00,"Male","K- Private Cars;N- Pickup","S- Driver's Negligence",2.00
4641,19656.00,"4- Demerara- Mahaica",472,"Strathspey Public Road","East Coast Demerara Road (From Georgetown)","-58.0167","6.7833",,,9/9/2006 0:00:00,12/30/1899 11:30:00,"D- Property Damage","F- Driver",58.00,"Male","K- Private Cars","S- Driver's Negligence",2.00
4642,19657.00,"4- Demerara- Mahaica",468,"Buxton Public Road","East Coast Demerara Road (From Georgetown)","-58.0333","6.7833",,,9/12/2006 0:00:00,12/30/1899 13:30:00,"B- Serious Injury","F- Driver",,"Male","J- Minibus;K- Private Cars","S- Driver's Negligence",2.00