"ID","Accident ID","Region Number","Corridor ID","Location (Intersection/Road/Street)","Corridor","Location- longitude/ X","Location- latitude/  Y","Mile Marker","Village","Date of Accident","Time of Accident","Type of Accident","Class of Road User","Age/DOB","Gender","Class of Vehicles Involved","Contributing Factor","Number of Persons Involved"
4643,19658.00,"4- Demerara- Mahaica",475,"Enterprise Access Road","East Coast Demerara Road (From Georgetown)","-58.0000","6.7833",,,9/16/2006 0:00:00,12/30/1899 9:30:00,"D- Property Damage","F- Driver",46.00,"Male","J- Minibus;K- Private Cars","S- Driver's Negligence",2.00
4644,19659.00,"4- Demerara- Mahaica",475,"Enterprise Access Road","East Coast Demerara Road (From Georgetown)","-58.0000","6.7833",,,,,"C- Minor Injury","F- Driver",28.00,"Male","J- Minibus;W-Pedal Cycle","U- Cyclist's Negligence",2.00
4645,19660.00,"4- Demerara- Mahaica",464,"Lusignan Access Road","East Coast Demerara Road (From Georgetown)","-58.0333","6.8000",,,9/20/2006 0:00:00,12/30/1899 14:10:00,"D- Property Damage","F- Driver",48.00,"Male","K- Private Cars;N- Pickup","S- Driver's Negligence",2.00
4646,19661.00,"4- Demerara- Mahaica",465,"Annandale Public Road","East Coast Demerara Road (From Georgetown)","-58.0333","6.8000",,,10/3/2006 0:00:00,12/30/1899 19:30:00,"B- Serious Injury","F- Driver",,,"K- Private Cars;V-Motor Cycle","S- Driver's Negligence",2.00
4647,19662.00,"4- Demerara- Mahaica",464,"Lusignan Public Road","East Coast Demerara Road (From Georgetown)","-58.0333","6.8000",,,10/2/2006 0:00:00,12/30/1899 17:30:00,"C- Minor Injury","F- Driver",39.00,,"M- Hire Cars;W-Pedal Cycle","U- Cyclist's Negligence",2.00
4648,19663.00,"4- Demerara- Mahaica",465,"Annandale Access Road","East Coast Demerara Road (From Georgetown)","-58.0333","6.8000",,,10/7/2006 0:00:00,12/30/1899 18:30:00,"C- Minor Injury","F- Driver",,"Male","K- Private Cars","S- Driver's Negligence",2.00
4649,19664.00,"4- Demerara- Mahaica",468,"Buxton Public Road","East Coast Demerara Road (From Georgetown)","-58.0333","6.7833",,,10/9/2006 0:00:00,12/30/1899 18:30:00,"B- Serious Injury","F- Driver",,"Male","K- Private Cars;W-Pedal Cycle","U- Cyclist's Negligence",2.00
4650,19665.00,"4- Demerara- Mahaica",477,"Melanie Damishana","East Coast Demerara Road (From Georgetown)","-58.0000","6.7833",,,10/12/2006 0:00:00,12/30/1899 11:00:00,"D- Property Damage","F- Driver",50.00,"Male","K- Private Cars;L- Lorries Van","S- Driver's Negligence",2.00
4651,19666.00,"4- Demerara- Mahaica",464,"Lusignan Public Road","East Coast Demerara Road (From Georgetown)","-58.0333","6.8000",,,10/14/2006 0:00:00,12/30/1899 21:05:00,"B- Serious Injury","G- Rider",20.00,"Male","K- Private Cars;V-Motor Cycle","S- Driver's Negligence",3.00
4652,19667.00,"4- Demerara- Mahaica",470,"Vigilance Public Road","East Coast Demerara Road (From Georgetown)","-58.0167","6.7833",,,10/22/2006 0:00:00,12/30/1899 18:10:00,"B- Serious Injury","E- Pedestrian",27.00,"Male","L- Lorries Van","P- Speeding",2.00
4653,19668.00,"4- Demerara- Mahaica",464,"Lusignan Public Road","East Coast Demerara Road (From Georgetown)","-58.0333","6.8000",,,10/29/2006 0:00:00,12/30/1899 20:30:00,"D- Property Damage","F- Driver",38.00,"Male","K- Private Cars;N- Pickup","S- Driver's Negligence",2.00
4654,19669.00,"4- Demerara- Mahaica",470,"Vigilance Public Road","East Coast Demerara Road (From Georgetown)","-58.0167","6.7833",,,10/29/2006 0:00:00,12/30/1899 20:30:00,"C- Minor Injury","F- Driver",38.00,"Male","K- Private Cars;N- Pickup","S- Driver's Negligence",3.00
4655,19670.00,"4- Demerara- Mahaica",473,"Colidgen Public Road","East Coast Demerara Road (From Georgetown)","-58.0167","6.7833",,,10/30/2006 0:00:00,12/30/1899 10:30:00,"B- Serious Injury","F- Driver",42.00,"Male","J- Minibus","O- Lost Control & Runoff",1.00
4656,19671.00,"4- Demerara- Mahaica",473,"Colidgen Public Road","East Coast Demerara Road (From Georgetown)","-58.0167","6.7833",,,10/30/2006 0:00:00,12/30/1899 17:40:00,"D- Property Damage","F- Driver",25.00,"Male","J- Minibus;K- Private Cars","S- Driver's Negligence",3.00
4657,19672.00,"4- Demerara- Mahaica",464,"Lusignan Public Road","East Coast Demerara Road (From Georgetown)","-58.0333","6.8000",,,11/11/2006 0:00:00,12/30/1899 20:06:00,"B- Serious Injury","F- Driver",33.00,"Male","J- Minibus;L- Lorries Van","S- Driver's Negligence",1.00
4658,19673.00,"4- Demerara- Mahaica",464,"Lusignan Public Road","East Coast Demerara Road (From Georgetown)","-58.0333","6.8000",,,11/12/2006 0:00:00,12/30/1899 18:40:00,"B- Serious Injury","F- Driver",28.00,"Male","K- Private Cars;V-Motor Cycle","U- Cyclist's Negligence",2.00
4659,19674.00,"4- Demerara- Mahaica",468,"Buxton Public Road","East Coast Demerara Road (From Georgetown)","-58.0333","6.7833",,,11/12/2006 0:00:00,12/30/1899 21:00:00,"C- Minor Injury","F- Driver",36.00,"Male","K- Private Cars;V-Motor Cycle","U- Cyclist's Negligence",2.00
4660,19675.00,"4- Demerara- Mahaica",469,"Friendship Public Road","East Coast Demerara Road (From Georgetown)","-58.0333","6.7833",,,11/13/2006 0:00:00,12/30/1899 8:15:00,"C- Minor Injury","F- Driver",63.00,"Male","J- Minibus",,2.00
4661,19676.00,"4- Demerara- Mahaica",477,"Melanie Public Road","East Coast Demerara Road (From Georgetown)","-58.0000","6.7833",,,11/14/2006 0:00:00,12/30/1899 18:00:00,"C- Minor Injury","F- Driver",,"Male","K- Private Cars;V-Motor Cycle","S- Driver's Negligence",2.00
4662,19677.00,"4- Demerara- Mahaica",464,"Lusignan Public Road","East Coast Demerara Road (From Georgetown)","-58.0333","6.8000",,,11/15/2006 0:00:00,12/30/1899 7:20:00,"C- Minor Injury","F- Driver",,"Male","N- Pickup;V-Motor Cycle","S- Driver's Negligence",2.00
4663,19678.00,"4- Demerara- Mahaica",479,"Paradise Public Road","East Coast Demerara Road (From Georgetown)","-58.0000","6.7667",,,11/13/2006 0:00:00,12/30/1899 14:30:00,"C- Minor Injury","G- Rider",,"Male","V-Motor Cycle","S- Driver's Negligence",2.00
4664,19679.00,"4- Demerara- Mahaica",470,"Vigilance Public Road","East Coast Demerara Road (From Georgetown)","-58.0167","6.7833",,,12/1/2006 0:00:00,12/30/1899 10:30:00,"D- Property Damage","F- Driver",46.00,,"L- Lorries Van;M- Hire Cars","P- Speeding",2.00
4665,19680.00,"4- Demerara- Mahaica",464,"Lusignan Public Road","East Coast Demerara Road (From Georgetown)","-58.0333","6.8000",,,9/9/2007 0:00:00,12/30/1899 20:00:00,"C- Minor Injury","F- Driver",27.00,"Male","K- Private Cars","S- Driver's Negligence",2.00
4666,19681.00,"4- Demerara- Mahaica",473,"Colidgen Public Road","East Coast Demerara Road (From Georgetown)","-58.0167","6.7833",,,9/16/2007 0:00:00,12/30/1899 21:00:00,"C- Minor Injury","F- Driver",23.00,"Male","K- Private Cars","O- Lost Control & Runoff",1.00
4667,19682.00,"4- Demerara- Mahaica",464,"Lusignan Public Road","East Coast Demerara Road (From Georgetown)","-58.0333","6.8000",,,9/21/2007 0:00:00,12/30/1899 12:10:00,"D- Property Damage","F- Driver",,"Male","K- Private Cars;L- Lorries Van","S- Driver's Negligence",2.00
4668,19683.00,"4- Demerara- Mahaica",464,"Lusignan Public Road","East Coast Demerara Road (From Georgetown)","-58.0333","6.8000",,,9/25/2007 0:00:00,12/30/1899 11:40:00,"B- Serious Injury","F- Driver",25.00,"Male","N- Pickup;W-Pedal Cycle","S- Driver's Negligence;U- Cyclist's Negligence",3.00
4669,19684.00,"4- Demerara- Mahaica",477,"Melanie Public Road","East Coast Demerara Road (From Georgetown)","-58.0000","6.7833",,,9/24/2007 0:00:00,12/30/1899 18:45:00,"D- Property Damage","F- Driver",,,"K- Private Cars","O- Lost Control & Runoff",1.00
4670,19685.00,"4- Demerara- Mahaica",472,"Strathspey Public Road","East Coast Demerara Road (From Georgetown)","-58.0167","6.7833",,,9/27/2007 0:00:00,12/30/1899 16:45:00,"B- Serious Injury","F- Driver",,"Male","L- Lorries Van","T-Pedestrian's Negligence",2.00
4671,19686.00,"4- Demerara- Mahaica",464,"Lusignan Public Road","East Coast Demerara Road (From Georgetown)","-58.0333","6.8000",,,10/6/2007 0:00:00,12/30/1899 5:50:00,"A- Fatal","F- Driver",,"Male","M- Hire Cars","T-Pedestrian's Negligence",2.00
4672,19687.00,"4- Demerara- Mahaica",464,"Lusignan Public Road","East Coast Demerara Road (From Georgetown)","-58.0333","6.8000",,,10/14/2007 0:00:00,12/30/1899 7:15:00,"D- Property Damage","F- Driver",30.00,"Male","J- Minibus;K- Private Cars","S- Driver's Negligence",3.00
4673,19688.00,"4- Demerara- Mahaica",473,"Colidgen Railway Embankment","East Coast Demerara Road (From Georgetown)","-58.0167","6.7833",,,11/20/2007 0:00:00,12/30/1899 8:55:00,"B- Serious Injury","F- Driver",28.00,"Male","J- Minibus;M- Hire Cars","S- Driver's Negligence",2.00
4674,19689.00,"4- Demerara- Mahaica",464,"Lusignan Public Road","East Coast Demerara Road (From Georgetown)","-58.0333","6.8000",,,12/6/2007 0:00:00,12/30/1899 9:20:00,"B- Serious Injury","F- Driver",55.00,"Male","J- Minibus;K- Private Cars","S- Driver's Negligence",2.00
4675,19690.00,"4- Demerara- Mahaica",464,"Lusignan Access Road","East Coast Demerara Road (From Georgetown)","-58.0333","6.8000",,,12/8/2007 0:00:00,12/30/1899 22:40:00,"B- Serious Injury","F- Driver",,,"L- Lorries Van;W-Pedal Cycle","U- Cyclist's Negligence",2.00
4676,19691.00,"4- Demerara- Mahaica",477,"Melanie Public Road","East Coast Demerara Road (From Georgetown)","-58.0000","6.7833",,,12/16/2007 0:00:00,12/30/1899 19:15:00,"D- Property Damage","F- Driver",,"Male","L- Lorries Van","Y-Animal",1.00
4677,19692.00,"4- Demerara- Mahaica",473,"Colidgen Public Road","East Coast Demerara Road (From Georgetown)","-58.0167","6.7833",,,12/19/2007 0:00:00,12/30/1899 13:15:00,"C- Minor Injury","F- Driver",,"Male","N- Pickup","O- Lost Control & Runoff",1.00
4678,19693.00,"4- Demerara- Mahaica",461,"Good Hope Public Road","East Coast Demerara Road (From Georgetown)","-58.0500","6.8000",,,12/22/2007 0:00:00,12/30/1899 23:45:00,"D- Property Damage","F- Driver",,"Male","K- Private Cars","Y-Animal",1.00
4679,19694.00,"4- Demerara- Mahaica",468,"Buxton Railway Embankment","East Coast Demerara Road (From Georgetown)","-58.0333","6.7833",,,12/25/2007 0:00:00,12/30/1899 4:55:00,"A- Fatal","F- Driver",,,"K- Private Cars","S- Driver's Negligence",2.00
4680,19695.00,"4- Demerara- Mahaica",464,"Lusignan Public Road","East Coast Demerara Road (From Georgetown)","-58.0333","6.8000",,,12/31/2007 0:00:00,12/30/1899 4:45:00,"A- Fatal","F- Driver",43.00,"Male","M- Hire Cars","S- Driver's Negligence",2.00
4681,19696.00,"4- Demerara- Mahaica",461,"Good Hope Village","East Coast Demerara Road (From Georgetown)","-58.0500","6.8000",,,12/31/2007 0:00:00,12/30/1899 16:00:00,"A- Fatal","F- Driver",48.00,"Female","K- Private Cars;W-Pedal Cycle","U- Cyclist's Negligence",2.00
4682,19697.00,"4- Demerara- Mahaica",461,"Good Hope Housing Scheme Main Road","East Coast Demerara Road (From Georgetown)","-58.0500","6.8000",,,12/31/2007 0:00:00,12/30/1899 21:20:00,"D- Property Damage","F- Driver",46.00,"Male","K- Private Cars","S- Driver's Negligence",2.00
4683,19698.00,"4- Demerara- Mahaica",464,"Lusignan Public Road","East Coast Demerara Road (From Georgetown)","-58.0333","6.8000",,,12/31/2007 0:00:00,12/30/1899 9:15:00,"D- Property Damage","F- Driver",29.00,"Female","K- Private Cars","Y-Animal",1.00
4684,19699.00,"4- Demerara- Mahaica",475,"Enterprise Access Road","East Coast Demerara Road (From Georgetown)","-58.0000","6.7833",,,1/4/2008 0:00:00,,"D- Property Damage","F- Driver",,"Male","J- Minibus;X-Tractor","S- Driver's Negligence",2.00
4685,19700.00,"4- Demerara- Mahaica",464,"Lusignan Access Road","East Coast Demerara Road (From Georgetown)","-58.0333","6.8000",,,1/5/2008 0:00:00,12/30/1899 22:00:00,"C- Minor Injury","G- Rider",43.00,"Male","K- Private Cars;W-Pedal Cycle","S- Driver's Negligence",2.00
4686,19701.00,"4- Demerara- Mahaica",465,"Annandale Market Road","East Coast Demerara Road (From Georgetown)","-58.0333","6.8000",,,1/9/2008 0:00:00,12/30/1899 11:50:00,"C- Minor Injury","F- Driver",43.00,"Male","L- Lorries Van;V-Motor Cycle","S- Driver's Negligence",2.00
4687,19702.00,"4- Demerara- Mahaica",461,"Good Hope Public Road","East Coast Demerara Road (From Georgetown)","-58.0500","6.8000",,,1/19/2008 0:00:00,12/30/1899 14:02:00,"D- Property Damage","F- Driver",29.00,"Male","K- Private Cars;L- Lorries Van","S- Driver's Negligence",2.00
4688,19703.00,"4- Demerara- Mahaica",470,"Vigilance Public Road","East Coast Demerara Road (From Georgetown)","-58.0167","6.7833",,,1/22/2008 0:00:00,,"D- Property Damage","F- Driver",30.00,"Male","K- Private Cars","S- Driver's Negligence",2.00
4689,19704.00,"4- Demerara- Mahaica",464,"Lusignan Railway Embankment","East Coast Demerara Road (From Georgetown)","-58.0333","6.8000",,,1/25/2008 0:00:00,12/30/1899 7:45:00,"D- Property Damage","F- Driver",28.00,"Male","K- Private Cars;L- Lorries Van","S- Driver's Negligence",3.00
4690,19705.00,"4- Demerara- Mahaica",461,"Good Hope Public Road","East Coast Demerara Road (From Georgetown)","-58.0500","6.8000",,,2/7/2008 0:00:00,12/30/1899 12:40:00,"D- Property Damage","F- Driver",31.00,"Female","J- Minibus;K- Private Cars","S- Driver's Negligence",2.00
4691,19706.00,"4- Demerara- Mahaica",465,"Annandale Public Road","East Coast Demerara Road (From Georgetown)","-58.0333","6.8000",,,2/9/2008 0:00:00,12/30/1899 15:30:00,"D- Property Damage","F- Driver",,"Male","J- Minibus;K- Private Cars","S- Driver's Negligence",2.00
4692,19707.00,"4- Demerara- Mahaica",477,"Melanie Public Road","East Coast Demerara Road (From Georgetown)","-58.0000","6.7833",,,2/9/2008 0:00:00,12/30/1899 4:10:00,"C- Minor Injury","G- Rider",34.00,"Male","V-Motor Cycle;W-Pedal Cycle","U- Cyclist's Negligence",2.00
4693,19708.00,"4- Demerara- Mahaica",470,"Vigilance Public Road","East Coast Demerara Road (From Georgetown)","-58.0167","6.7833",,,2/11/2008 0:00:00,,"B- Serious Injury","F- Driver",,"Male","J- Minibus;K- Private Cars","S- Driver's Negligence",2.00
4694,19709.00,"4- Demerara- Mahaica",469,"Friendship Public Road","East Coast Demerara Road (From Georgetown)","-58.0333","6.7833",,,2/21/2008 0:00:00,12/30/1899 15:55:00,"D- Property Damage","F- Driver",,,"J- Minibus;N- Pickup","S- Driver's Negligence",2.00
4695,19710.00,"4- Demerara- Mahaica",477,"Melanie Damishana Public Road","East Coast Demerara Road (From Georgetown)","-58.0000","6.7833",,,2/23/2008 0:00:00,12/30/1899 15:00:00,"B- Serious Injury","F- Driver",20.00,"Male","N- Pickup","O- Lost Control & Runoff;P- Speeding",1.00
4696,19711.00,"4- Demerara- Mahaica",473,"Colidgen Public Road","East Coast Demerara Road (From Georgetown)","-58.0167","6.7833",,,2/26/2008 0:00:00,12/30/1899 22:45:00,"D- Property Damage","F- Driver",42.00,"Male","K- Private Cars;M- Hire Cars","S- Driver's Negligence",2.00
4697,19712.00,"4- Demerara- Mahaica",475,"Enterprise Access Road","East Coast Demerara Road (From Georgetown)","-58.0000","6.7833",,,3/4/2008 0:00:00,12/30/1899 22:15:00,"D- Property Damage","F- Driver",27.00,"Male","M- Hire Cars","O- Lost Control & Runoff;P- Speeding",1.00
4698,19713.00,"4- Demerara- Mahaica",461,"Good Hope Public Road","East Coast Demerara Road (From Georgetown)","-58.0500","6.8000",,,3/11/2008 0:00:00,12/30/1899 11:25:00,"D- Property Damage","F- Driver",30.00,"Male","J- Minibus;K- Private Cars","S- Driver's Negligence",2.00
4699,19714.00,"4- Demerara- Mahaica",464,"Lusignan Public Road","East Coast Demerara Road (From Georgetown)","-58.0333","6.8000",,,3/13/2008 0:00:00,12/30/1899 7:05:00,"D- Property Damage","F- Driver",56.00,"Male","J- Minibus;K- Private Cars","S- Driver's Negligence",2.00
4700,19715.00,"4- Demerara- Mahaica",468,"Buxton Public Road","East Coast Demerara Road (From Georgetown)","-58.0333","6.7833",,,3/14/2008 0:00:00,12/30/1899 19:30:00,"D- Property Damage","F- Driver",29.00,"Male","L- Lorries Van","S- Driver's Negligence",2.00
4701,19716.00,"4- Demerara- Mahaica",470,"Vigilance","East Coast Demerara Road (From Georgetown)","-58.0167","6.7833",,,3/23/2008 0:00:00,12/30/1899 17:30:00,"C- Minor Injury","F- Driver",28.00,"Male","K- Private Cars;M- Hire Cars","S- Driver's Negligence",2.00
4702,19717.00,"4- Demerara- Mahaica",464,"Lusignan Market Square","East Coast Demerara Road (From Georgetown)","-58.0333","6.8000",,,3/28/2008 0:00:00,12/30/1899 15:15:00,"D- Property Damage","F- Driver",63.00,"Male","K- Private Cars;L- Lorries Van","S- Driver's Negligence",2.00
4703,19718.00,"4- Demerara- Mahaica",475,"Enterprise Public Road","East Coast Demerara Road (From Georgetown)","-58.0000","6.7833",,,3/28/2008 0:00:00,12/30/1899 17:15:00,"D- Property Damage","F- Driver",,"Male","J- Minibus","S- Driver's Negligence",2.00
4704,19719.00,"4- Demerara- Mahaica",472,"Strathspey Public Road","East Coast Demerara Road (From Georgetown)","-58.0167","6.7833",,,3/28/2008 0:00:00,12/30/1899 17:50:00,"D- Property Damage","F- Driver",26.00,"Male","J- Minibus;K- Private Cars","S- Driver's Negligence",2.00
4705,19720.00,"4- Demerara- Mahaica",477,"Melanie Public Road","East Coast Demerara Road (From Georgetown)","-58.0000","6.7833",,,4/11/2008 0:00:00,12/30/1899 8:40:00,"D- Property Damage","F- Driver",38.00,"Male","K- Private Cars","S- Driver's Negligence",2.00
4706,19721.00,"4- Demerara- Mahaica",478,"Bachelors Adventure Public Road","East Coast Demerara Road (From Georgetown)","-58.0000","6.7667",,,4/12/2008 0:00:00,12/30/1899 15:30:00,"D- Property Damage","F- Driver",41.00,"Male","J- Minibus","Y-Animal",1.00
4707,19722.00,"4- Demerara- Mahaica",465,"Annandale Public Road","East Coast Demerara Road (From Georgetown)","-58.0333","6.8000",,,4/14/2008 0:00:00,12/30/1899 14:15:00,"C- Minor Injury","F- Driver",39.00,"Female","L- Lorries Van;M- Hire Cars","S- Driver's Negligence",2.00
4708,19723.00,"4- Demerara- Mahaica",465,"Annandale Public Road","East Coast Demerara Road (From Georgetown)","-58.0333","6.8000",,,3/9/2008 0:00:00,12/30/1899 2:05:00,"C- Minor Injury","F- Driver",,"Male","J- Minibus;L- Lorries Van","S- Driver's Negligence",2.00
4709,19724.00,"4- Demerara- Mahaica",469,"Friendship Public Road","East Coast Demerara Road (From Georgetown)","-58.0333","6.7833",,,4/25/2008 0:00:00,12/30/1899 15:40:00,"C- Minor Injury","F- Driver",,"Male","J- Minibus;K- Private Cars","S- Driver's Negligence",3.00
4710,19725.00,"4- Demerara- Mahaica",473,"Colidgen Public Road","East Coast Demerara Road (From Georgetown)","-58.0167","6.7833",,,4/30/2008 0:00:00,12/30/1899 11:20:00,"C- Minor Injury","F- Driver",,"Male","J- Minibus;L- Lorries Van","S- Driver's Negligence",2.00
4711,19726.00,"4- Demerara- Mahaica",479,"Paradise Public Road","East Coast Demerara Road (From Georgetown)","-58.0000","6.7667",,,5/10/2008 0:00:00,12/30/1899 2:15:00,"B- Serious Injury","F- Driver",,,"N- Pickup","O- Lost Control & Runoff",5.00
4712,19727.00,"4- Demerara- Mahaica",475,"Bangoor Street Enterprise","East Coast Demerara Road (From Georgetown)","-58.0000","6.7833",,,5/17/2008 0:00:00,12/30/1899 10:30:00,"B- Serious Injury","F- Driver",59.00,"Male","L- Lorries Van;W-Pedal Cycle","O- Lost Control & Runoff",2.00
4713,19728.00,"4- Demerara- Mahaica",472,"Strathspey Public Road","East Coast Demerara Road (From Georgetown)","-58.0167","6.7833",,,7/10/2008 0:00:00,12/30/1899 17:00:00,"B- Serious Injury","F- Driver",38.00,"Male","K- Private Cars","S- Driver's Negligence",2.00
4714,19729.00,"4- Demerara- Mahaica",478,"Bachelors Adventure Railway Embankment","East Coast Demerara Road (From Georgetown)","-58.0000","6.7667",,,8/9/2008 0:00:00,12/30/1899 8:45:00,"B- Serious Injury","F- Driver",47.00,"Male","K- Private Cars;M- Hire Cars","O- Lost Control & Runoff",2.00
4715,19730.00,"4- Demerara- Mahaica",469,"Friendship Public Raod","East Coast Demerara Road (From Georgetown)","-58.0333","6.7833",,,8/30/2008 0:00:00,12/30/1899 7:55:00,"B- Serious Injury","F- Driver",21.00,"Male","L- Lorries Van","O- Lost Control & Runoff",3.00
4716,19731.00,"4- Demerara- Mahaica",473,"Colidgen Railway Embankment","East Coast Demerara Road (From Georgetown)","-58.0167","6.7833",,,9/1/2008 0:00:00,12/30/1899 14:15:00,"C- Minor Injury","F- Driver",29.00,"Male","K- Private Cars;W-Pedal Cycle","S- Driver's Negligence",4.00
4717,19732.00,"4- Demerara- Mahaica",464,"Lusignan Public Road","East Coast Demerara Road (From Georgetown)","-58.0333","6.8000",,,9/21/2008 0:00:00,12/30/1899 17:30:00,"B- Serious Injury","F- Driver",30.00,"Male","K- Private Cars;V-Motor Cycle","S- Driver's Negligence;U- Cyclist's Negligence",2.00
4718,19733.00,"4- Demerara- Mahaica",465,"Annandale Public Road","East Coast Demerara Road (From Georgetown)","-58.0333","6.8000",,,10/12/2008 0:00:00,12/30/1899 19:15:00,"C- Minor Injury","F- Driver",35.00,"Male","K- Private Cars;L- Lorries Van","S- Driver's Negligence",2.00
4719,19734.00,"4- Demerara- Mahaica",464,"Lusignan Public Road","East Coast Demerara Road (From Georgetown)","-58.0333","6.8000",,,10/20/2008 0:00:00,12/30/1899 18:20:00,"B- Serious Injury","F- Driver",39.00,"Female","K- Private Cars;L- Lorries Van","R- Improper Overtaking",2.00
4720,19735.00,"4- Demerara- Mahaica",469,"Friendship Railway Embankment","East Coast Demerara Road (From Georgetown)","-58.0333","6.7833",,,10/26/2008 0:00:00,12/30/1899 5:30:00,"A- Fatal","F- Driver",,,"K- Private Cars","S- Driver's Negligence",2.00
4721,19736.00,"4- Demerara- Mahaica",470,"Vigilance Public Road","East Coast Demerara Road (From Georgetown)","-58.0167","6.7833",,,12/3/2008 0:00:00,12/30/1899 16:30:00,"D- Property Damage","F- Driver",39.00,"Male","K- Private Cars;L- Lorries Van","S- Driver's Negligence",3.00
4722,19737.00,"4- Demerara- Mahaica",472,"Strathspey Access Road","East Coast Demerara Road (From Georgetown)","-58.0167","6.7833",,,12/7/2008 0:00:00,12/30/1899 9:25:00,"D- Property Damage","F- Driver",37.00,"Male","K- Private Cars;L- Lorries Van","S- Driver's Negligence",2.00
4723,19738.00,"4- Demerara- Mahaica",464,"Lusignan Public Road","East Coast Demerara Road (From Georgetown)","-58.0333","6.8000",,,12/12/2008 0:00:00,12/30/1899 6:30:00,"C- Minor Injury","F- Driver",49.00,"Male","L- Lorries Van","S- Driver's Negligence;T-Pedestrian's Negligence",2.00
4724,19739.00,"4- Demerara- Mahaica",464,"Lusignan Public Road","East Coast Demerara Road (From Georgetown)","-58.0333","6.8000",,,12/13/2008 0:00:00,12/30/1899 15:45:00,"D- Property Damage","F- Driver",33.00,"Female","J- Minibus;L- Lorries Van","S- Driver's Negligence",2.00
4725,19740.00,"4- Demerara- Mahaica",468,"Buxton Public Road","East Coast Demerara Road (From Georgetown)","-58.0333","6.7833",,,12/17/2008 0:00:00,12/30/1899 10:25:00,"D- Property Damage","F- Driver",31.00,"Male","J- Minibus;K- Private Cars","S- Driver's Negligence",2.00
4726,19741.00,"4- Demerara- Mahaica",464,"Lusignan Public Road","East Coast Demerara Road (From Georgetown)","-58.0333","6.8000",,,12/24/2008 0:00:00,12/30/1899 12:30:00,"A- Fatal","F- Driver",30.00,"Male","J- Minibus;K- Private Cars","O- Lost Control & Runoff",2.00
4727,19742.00,"4- Demerara- Mahaica",478,"Bachelors Adventure Railway Embankment","East Coast Demerara Road (From Georgetown)","-58.0000","6.7667",,,12/20/2008 0:00:00,12/30/1899 20:50:00,"C- Minor Injury","F- Driver",25.00,"Male","M- Hire Cars","T-Pedestrian's Negligence",2.00
4728,19743.00,"4- Demerara- Mahaica",473,"Colidgen Public Road","East Coast Demerara Road (From Georgetown)","-58.0167","6.7833",,,1/7/2009 0:00:00,12/30/1899 9:30:00,"C- Minor Injury","F- Driver",33.00,"Male","L- Lorries Van;W-Pedal Cycle","S- Driver's Negligence",2.00
4729,19744.00,"4- Demerara- Mahaica",464,"Lusignan Public Road","East Coast Demerara Road (From Georgetown)","-58.0333","6.8000",,,2/8/2009 0:00:00,12/30/1899 9:45:00,"B- Serious Injury","F- Driver",23.00,"Male","J- Minibus;K- Private Cars","O- Lost Control & Runoff",2.00
4730,19745.00,"4- Demerara- Mahaica",477,"Melanie Railway Embankment","East Coast Demerara Road (From Georgetown)","-58.0000","6.7833",,,10/25/2009 0:00:00,12/30/1899 14:10:00,"B- Serious Injury","F- Driver",37.00,"Male","K- Private Cars","S- Driver's Negligence",2.00
4731,19746.00,"4- Demerara- Mahaica",461,"Good Hope Public Road","East Coast Demerara Road (From Georgetown)","-58.0500","6.8000",,,10/26/2009 0:00:00,12/30/1899 23:40:00,"D- Property Damage","F- Driver",28.00,"Male","K- Private Cars;N- Pickup","S- Driver's Negligence",2.00
4732,19747.00,"4- Demerara- Mahaica",465,"Annandale Public Road","East Coast Demerara Road (From Georgetown)","-58.0333","6.8000",,,10/24/2009 0:00:00,12/30/1899 19:18:00,"D- Property Damage","F- Driver",24.00,"Male","K- Private Cars;L- Lorries Van","S- Driver's Negligence",2.00
4733,19748.00,"4- Demerara- Mahaica",465,"Annandale Access Road","East Coast Demerara Road (From Georgetown)","-58.0333","6.8000",,,10/31/2009 0:00:00,12/30/1899 14:15:00,"C- Minor Injury","F- Driver",39.00,"Male","K- Private Cars;W-Pedal Cycle","U- Cyclist's Negligence",2.00