"ID","Accident ID","Region Number","Corridor ID","Location (Intersection/Road/Street)","Corridor","Location- longitude/ X","Location- latitude/  Y","Mile Marker","Village","Date of Accident","Time of Accident","Type of Accident","Class of Road User","Age/DOB","Gender","Class of Vehicles Involved","Contributing Factor","Number of Persons Involved"
4734,19749.00,"4- Demerara- Mahaica",468,"Buxton Railway Embankment","East Coast Demerara Road (From Georgetown)","-58.0333","6.7833",,,11/1/2009 0:00:00,12/30/1899 11:00:00,"B- Serious Injury","G- Rider",31.00,"Male","V-Motor Cycle","O- Lost Control & Runoff;P- Speeding",1.00
4735,19750.00,"4- Demerara- Mahaica",464,"Lusignan Access Road","East Coast Demerara Road (From Georgetown)","-58.0333","6.8000",,,11/7/2009 0:00:00,12/30/1899 8:15:00,"C- Minor Injury","F- Driver",39.00,"Male","J- Minibus;W-Pedal Cycle","U- Cyclist's Negligence",2.00
4736,19751.00,"4- Demerara- Mahaica",471,"Bladen Hall Public Road","East Coast Demerara Road (From Georgetown)","-58.0167","6.7833",,,11/15/2009 0:00:00,12/30/1899 8:05:00,"D- Property Damage","F- Driver",38.00,"Male","K- Private Cars;L- Lorries Van","S- Driver's Negligence",2.00
4737,19752.00,"4- Demerara- Mahaica",469,"Friendship Public Road","East Coast Demerara Road (From Georgetown)","-58.0333","6.7833",,,11/24/2009 0:00:00,12/30/1899 12:00:00,"C- Minor Injury","F- Driver",35.00,"Male","N- Pickup","T-Pedestrian's Negligence",2.00
4738,19753.00,"4- Demerara- Mahaica",461,"Good Hope Access Road","East Coast Demerara Road (From Georgetown)","-58.0500","6.8000",,,11/29/2009 0:00:00,12/30/1899 10:18:00,"C- Minor Injury","F- Driver",28.00,"Male","M- Hire Cars;W-Pedal Cycle","U- Cyclist's Negligence",2.00
4739,19754.00,"4- Demerara- Mahaica",477,"Melanie Public Road","East Coast Demerara Road (From Georgetown)","-58.0000","6.7833",,,12/1/2009 0:00:00,12/30/1899 8:15:00,"D- Property Damage","F- Driver",30.00,"Male","M- Hire Cars;N- Pickup","S- Driver's Negligence",2.00
4740,19755.00,"4- Demerara- Mahaica",479,"Paradise Access Road","East Coast Demerara Road (From Georgetown)","-58.0000","6.7667",,,12/7/2009 0:00:00,12/30/1899 8:10:00,"D- Property Damage","F- Driver",61.00,"Male","L- Lorries Van;V-Motor Cycle","S- Driver's Negligence",2.00
4741,19756.00,"4- Demerara- Mahaica",465,"Annandale Public Road","East Coast Demerara Road (From Georgetown)","-58.0333","6.8000",,,12/12/2009 0:00:00,12/30/1899 2:40:00,"D- Property Damage","F- Driver",30.00,"Male","M- Hire Cars;N- Pickup","S- Driver's Negligence",2.00
4742,19757.00,"4- Demerara- Mahaica",464,"Lusignan Railway Embankment","East Coast Demerara Road (From Georgetown)","-58.0333","6.8000",,,12/13/2009 0:00:00,12/30/1899 1:30:00,"A- Fatal","G- Rider",39.00,"Male","V-Motor Cycle","Y-Animal",1.00
4743,19758.00,"4- Demerara- Mahaica",465,"Annandale Public Road","East Coast Demerara Road (From Georgetown)","-58.0333","6.8000",,,12/20/2009 0:00:00,12/30/1899 8:40:00,"C- Minor Injury","F- Driver",47.00,"Male","J- Minibus;V-Motor Cycle","S- Driver's Negligence",2.00
4744,19759.00,"4- Demerara- Mahaica",461,"Good Hope Public Road","East Coast Demerara Road (From Georgetown)","-58.0500","6.8000",,,12/21/2009 0:00:00,12/30/1899 10:30:00,"B- Serious Injury","F- Driver",54.00,"Male","M- Hire Cars;V-Motor Cycle;W-Pedal Cycle","U- Cyclist's Negligence",3.00
4745,19760.00,"4- Demerara- Mahaica",464,"Lusignan Public Road","East Coast Demerara Road (From Georgetown)","-58.0333","6.8000",,,12/23/2009 0:00:00,12/30/1899 15:10:00,"C- Minor Injury","F- Driver",48.00,"Male","N- Pickup;V-Motor Cycle","U- Cyclist's Negligence",2.00
4746,19761.00,"4- Demerara- Mahaica",464,"Lusignan Access Road","East Coast Demerara Road (From Georgetown)","-58.0333","6.8000",,,12/24/2009 0:00:00,12/30/1899 10:30:00,"D- Property Damage","F- Driver",27.00,"Female","K- Private Cars","S- Driver's Negligence",2.00
4747,19762.00,"4- Demerara- Mahaica",468,"Buxton Public Road","East Coast Demerara Road (From Georgetown)","-58.0333","6.7833",,,12/26/2009 0:00:00,12/30/1899 22:15:00,"B- Serious Injury","F- Driver",33.00,"Male","L- Lorries Van","S- Driver's Negligence",2.00
4748,19763.00,"4- Demerara- Mahaica",465,"Annandale Access Road","East Coast Demerara Road (From Georgetown)","-58.0333","6.8000",,,1/6/2010 0:00:00,12/30/1899 16:40:00,"D- Property Damage","F- Driver",54.00,"Male","K- Private Cars;N- Pickup","S- Driver's Negligence",2.00
4749,19764.00,"4- Demerara- Mahaica",465,"Annandale Public Road","East Coast Demerara Road (From Georgetown)","-58.0333","6.8000",,,1/9/2010 0:00:00,12/30/1899 13:45:00,"C- Minor Injury","F- Driver",39.00,"Male","J- Minibus;M- Hire Cars","S- Driver's Negligence",2.00
4750,19765.00,"4- Demerara- Mahaica",474,"Non pariel Access Road","East Coast Demerara Road (From Georgetown)","-58.0167","6.7833",,,1/15/2009 0:00:00,12/30/1899 19:45:00,"C- Minor Injury","F- Driver",22.00,"Male","M- Hire Cars;V-Motor Cycle","U- Cyclist's Negligence",2.00
4751,19766.00,"4- Demerara- Mahaica",461,"Good Hope Public Road","East Coast Demerara Road (From Georgetown)","-58.0500","6.8000",,,1/17/2010 0:00:00,12/30/1899 1:50:00,"B- Serious Injury","F- Driver",48.00,"Male","J- Minibus;N- Pickup","S- Driver's Negligence",2.00
4752,19767.00,"4- Demerara- Mahaica",465,"Annandale Access Road","East Coast Demerara Road (From Georgetown)","-58.0333","6.8000",,,1/8/2010 0:00:00,12/30/1899 18:15:00,"B- Serious Injury","F- Driver",53.00,"Male","K- Private Cars","S- Driver's Negligence",2.00
4753,19768.00,"4- Demerara- Mahaica",474,"Non Pariel Public Road","East Coast Demerara Road (From Georgetown)","-58.0167","6.7833",,,1/24/2010 0:00:00,12/30/1899 14:30:00,"C- Minor Injury","F- Driver",41.00,"Male","K- Private Cars;L- Lorries Van","S- Driver's Negligence",2.00
4754,19769.00,"4- Demerara- Mahaica",477,"Melanie Damishana Public Road","East Coast Demerara Road (From Georgetown)","-58.0000","6.7833",,,1/23/2010 0:00:00,12/30/1899 10:45:00,"D- Property Damage","F- Driver",32.00,"Male","K- Private Cars;L- Lorries Van","S- Driver's Negligence",2.00
4755,19770.00,"4- Demerara- Mahaica",465,"Annandale Public Road","East Coast Demerara Road (From Georgetown)","-58.0333","6.8000",,,1/30/2010 0:00:00,12/30/1899 7:15:00,"D- Property Damage","F- Driver",59.00,"Male","J- Minibus;K- Private Cars","S- Driver's Negligence",2.00
4756,19771.00,"4- Demerara- Mahaica",464,"Lusignan Access Road","East Coast Demerara Road (From Georgetown)","-58.0333","6.8000",,,2/12/2010 0:00:00,12/30/1899 14:00:00,"C- Minor Injury","F- Driver",51.00,"Male","M- Hire Cars","S- Driver's Negligence",2.00
4757,19772.00,"4- Demerara- Mahaica",474,"Non Pariel Public Road","East Coast Demerara Road (From Georgetown)","-58.0167","6.7833",,,2/28/2010 0:00:00,12/30/1899 13:30:00,"D- Property Damage","F- Driver",44.00,"Male","K- Private Cars;M- Hire Cars","S- Driver's Negligence",2.00
4758,19773.00,"4- Demerara- Mahaica",464,"Lusignan Public Road","East Coast Demerara Road (From Georgetown)","-58.0333","6.8000",,,3/1/2010 0:00:00,12/30/1899 21:40:00,"C- Minor Injury","F- Driver",27.00,"Male","K- Private Cars","S- Driver's Negligence",2.00
4759,19774.00,"4- Demerara- Mahaica",469,"Friendship Access Road","East Coast Demerara Road (From Georgetown)","-58.0333","6.7833",,,3/2/2010 0:00:00,12/30/1899 9:50:00,"B- Serious Injury","F- Driver",31.00,"Male","V-Motor Cycle","T-Pedestrian's Negligence",2.00
4760,19775.00,"4- Demerara- Mahaica",464,"Lusignan Public Road","East Coast Demerara Road (From Georgetown)","-58.0333","6.8000",,,3/4/2010 0:00:00,12/30/1899 7:15:00,"B- Serious Injury","F- Driver",26.00,"Male","J- Minibus","S- Driver's Negligence",2.00
4761,19776.00,"4- Demerara- Mahaica",464,"Lusignan Public Road","East Coast Demerara Road (From Georgetown)","-58.0333","6.8000",,,3/20/2010 0:00:00,12/30/1899 19:00:00,"A- Fatal","F- Driver",28.00,"Male","K- Private Cars;V-Motor Cycle","S- Driver's Negligence",2.00
4762,19777.00,"4- Demerara- Mahaica",477,"Melanie Public Road","East Coast Demerara Road (From Georgetown)","-58.0000","6.7833",,,3/24/2010 0:00:00,12/30/1899 7:20:00,"D- Property Damage","F- Driver",34.00,"Male","K- Private Cars;L- Lorries Van","S- Driver's Negligence",3.00
4763,19778.00,"4- Demerara- Mahaica",461,"Good Hope Access Road","East Coast Demerara Road (From Georgetown)","-58.0500","6.8000",,,4/4/2010 0:00:00,12/30/1899 11:30:00,"B- Serious Injury","F- Driver",24.00,"Male","K- Private Cars","S- Driver's Negligence",2.00
4764,19779.00,"4- Demerara- Mahaica",465,"Annandale Public Road","East Coast Demerara Road (From Georgetown)","-58.0333","6.8000",,,4/5/2010 0:00:00,12/30/1899 18:58:00,"D- Property Damage","F- Driver",,"Male","K- Private Cars","S- Driver's Negligence",2.00
4765,19780.00,"4- Demerara- Mahaica",468,"Buxton Public Road","East Coast Demerara Road (From Georgetown)","-58.0333","6.7833",,,4/10/2010 0:00:00,12/30/1899 11:20:00,"D- Property Damage","F- Driver",,"Male","K- Private Cars","S- Driver's Negligence",2.00
4766,19781.00,"4- Demerara- Mahaica",470,"Vigilance Public Road","East Coast Demerara Road (From Georgetown)","-58.0167","6.7833",,,4/21/2010 0:00:00,12/30/1899 18:45:00,"D- Property Damage","F- Driver",,"Male","J- Minibus;K- Private Cars","S- Driver's Negligence",3.00
4767,19782.00,"4- Demerara- Mahaica",464,"Lusignan Access Road","East Coast Demerara Road (From Georgetown)","-58.0333","6.8000",,,4/22/2010 0:00:00,12/30/1899 13:30:00,"B- Serious Injury","F- Driver",,"Female","J- Minibus;W-Pedal Cycle","S- Driver's Negligence",3.00
4768,19783.00,"4- Demerara- Mahaica",468,"Buxton Access Road","East Coast Demerara Road (From Georgetown)","-58.0333","6.7833",,,4/22/2010 0:00:00,12/30/1899 10:30:00,"C- Minor Injury","F- Driver",,"Female","K- Private Cars","S- Driver's Negligence",2.00
4769,19784.00,"4- Demerara- Mahaica",464,"Lusignan Public Road","East Coast Demerara Road (From Georgetown)","-58.0333","6.8000",,,5/22/2010 0:00:00,12/30/1899 8:45:00,"D- Property Damage","F- Driver",40.00,"Male","K- Private Cars","S- Driver's Negligence",2.00
4770,19785.00,"4- Demerara- Mahaica",475,"Enterprise Access Road","East Coast Demerara Road (From Georgetown)","-58.0000","6.7833",,,5/24/2010 0:00:00,12/30/1899 14:30:00,"D- Property Damage","F- Driver",40.00,"Male","J- Minibus;K- Private Cars","S- Driver's Negligence",2.00
4771,19786.00,"4- Demerara- Mahaica",464,"Lusignan Public Road","East Coast Demerara Road (From Georgetown)","-58.0333","6.8000",,,5/26/2010 0:00:00,12/30/1899 14:10:00,"C- Minor Injury","F- Driver",22.00,"Male","K- Private Cars","S- Driver's Negligence",2.00
4772,19787.00,"4- Demerara- Mahaica",473,"Colidgen Railway","East Coast Demerara Road (From Georgetown)","-58.0167","6.7833",,,5/25/2010 0:00:00,12/30/1899 11:00:00,"C- Minor Injury","F- Driver",45.00,"Male","J- Minibus;K- Private Cars","S- Driver's Negligence",2.00
4773,19788.00,"4- Demerara- Mahaica",465,"Annandale Access Road","East Coast Demerara Road (From Georgetown)","-58.0333","6.8000",,,6/8/2010 0:00:00,12/30/1899 8:15:00,"B- Serious Injury","F- Driver",27.00,"Male","K- Private Cars;W-Pedal Cycle","S- Driver's Negligence",2.00
4774,19789.00,"4- Demerara- Mahaica",471,"Bladen Hall Access Road","East Coast Demerara Road (From Georgetown)","-58.0167","6.7833",,,6/11/2010 0:00:00,12/30/1899 10:40:00,"D- Property Damage","F- Driver",41.00,"Male","K- Private Cars;X-Tractor","S- Driver's Negligence",2.00
4775,19790.00,"4- Demerara- Mahaica",465,"Annandale Railway","East Coast Demerara Road (From Georgetown)","-58.0333","6.8000",,,6/14/2010 0:00:00,12/30/1899 7:15:00,"D- Property Damage","F- Driver",24.00,"Male","J- Minibus;N- Pickup","S- Driver's Negligence",2.00
4776,19791.00,"4- Demerara- Mahaica",466,"Curbane Park Access Road","East Coast Demerara Road (From Georgetown)","-58.0333","6.8000",,,6/13/2010 0:00:00,12/30/1899 19:30:00,"D- Property Damage","F- Driver",29.00,"Male","L- Lorries Van;N- Pickup","S- Driver's Negligence",2.00
4777,19792.00,"4- Demerara- Mahaica",468,"Buxton Public Road","East Coast Demerara Road (From Georgetown)","-58.0333","6.7833",,,6/13/2010 0:00:00,12/30/1899 19:15:00,"C- Minor Injury","F- Driver",38.00,"Male","K- Private Cars","S- Driver's Negligence",2.00
4778,19793.00,"4- Demerara- Mahaica",464,"Lusignan Public Road","East Coast Demerara Road (From Georgetown)","-58.0333","6.8000",,,6/17/2010 0:00:00,12/30/1899 22:45:00,"D- Property Damage","F- Driver",,"Male","K- Private Cars;N- Pickup","S- Driver's Negligence",2.00
4779,19794.00,"4- Demerara- Mahaica",464,"Lusignan Public Road","East Coast Demerara Road (From Georgetown)","-58.0333","6.8000",,,6/23/2010 0:00:00,12/30/1899 14:00:00,"D- Property Damage","F- Driver",,"Male","K- Private Cars","S- Driver's Negligence",2.00
4780,19795.00,"4- Demerara- Mahaica",465,"Annandale Railway","East Coast Demerara Road (From Georgetown)","-58.0333","6.8000",,,6/25/2010 0:00:00,,"C- Minor Injury","F- Driver",50.00,"Male","N- Pickup;V-Motor Cycle","S- Driver's Negligence",2.00
4781,19796.00,"4- Demerara- Mahaica",461,"Good Hope Railway Embankment","East Coast Demerara Road (From Georgetown)","-58.0500","6.8000",,,6/27/2010 0:00:00,12/30/1899 21:15:00,"A- Fatal","F- Driver",70.00,"Male","J- Minibus;V-Motor Cycle","U- Cyclist's Negligence",2.00
4782,19797.00,"4- Demerara- Mahaica",464,"Lusignan Public Road","East Coast Demerara Road (From Georgetown)","-58.0333","6.8000",,,7/8/2010 0:00:00,12/30/1899 23:30:00,"B- Serious Injury","F- Driver",24.00,"Male","M- Hire Cars","O- Lost Control & Runoff",1.00
4783,19798.00,"4- Demerara- Mahaica",470,"Vigilance Public Road","East Coast Demerara Road (From Georgetown)","-58.0167","6.7833",,,7/13/2010 0:00:00,12/30/1899 12:15:00,"D- Property Damage","F- Driver",22.00,"Male","K- Private Cars","S- Driver's Negligence",2.00
4784,19799.00,"4- Demerara- Mahaica",473,"Colidgen Public Road","East Coast Demerara Road (From Georgetown)","-58.0167","6.7833",,,8/13/2010 0:00:00,12/30/1899 11:50:00,"D- Property Damage","F- Driver",39.00,"Male","J- Minibus;K- Private Cars","S- Driver's Negligence",2.00
4785,19800.00,"4- Demerara- Mahaica",465,"Annandale Public Road","East Coast Demerara Road (From Georgetown)","-58.0333","6.8000",,,8/15/2010 0:00:00,12/30/1899 19:30:00,"A- Fatal","F- Driver",39.00,"Male","M- Hire Cars","T-Pedestrian's Negligence",2.00
4786,19801.00,"4- Demerara- Mahaica",473,"Colidgen Access Road","East Coast Demerara Road (From Georgetown)","-58.0167","6.7833",,,8/22/2010 0:00:00,12/30/1899 21:45:00,"C- Minor Injury","F- Driver",,"Male","J- Minibus;K- Private Cars","S- Driver's Negligence",2.00
4787,19802.00,"4- Demerara- Mahaica",477,"Melanie Damishana Public Road","East Coast Demerara Road (From Georgetown)","-58.0000","6.7833",,,8/22/2010 0:00:00,12/30/1899 22:00:00,"D- Property Damage","F- Driver",,"Male","K- Private Cars;M- Hire Cars","S- Driver's Negligence",2.00
4788,19803.00,"4- Demerara- Mahaica",461,"Good Hope Public Road","East Coast Demerara Road (From Georgetown)","-58.0500","6.8000",,,9/4/2010 0:00:00,12/30/1899 16:31:00,"D- Property Damage","F- Driver",,"Male","K- Private Cars;L- Lorries Van","S- Driver's Negligence",2.00
4789,19804.00,"4- Demerara- Mahaica",469,"Friendship Public Road","East Coast Demerara Road (From Georgetown)","-58.0333","6.7833",,,9/13/2010 0:00:00,12/30/1899 10:30:00,"D- Property Damage","F- Driver",,"Male","J- Minibus;L- Lorries Van","S- Driver's Negligence",2.00
4790,19805.00,"4- Demerara- Mahaica",464,"Lusignan Public Road","East Coast Demerara Road (From Georgetown)","-58.0333","6.8000",,,9/15/2010 0:00:00,12/30/1899 14:00:00,"B- Serious Injury","F- Driver",49.00,"Male","L- Lorries Van;V-Motor Cycle","U- Cyclist's Negligence",2.00
4791,19806.00,"4- Demerara- Mahaica",464,"Lusignan Public Road","East Coast Demerara Road (From Georgetown)","-58.0333","6.8000",,,9/17/2010 0:00:00,12/30/1899 8:30:00,"A- Fatal","F- Driver",42.00,"Male","L- Lorries Van;M- Hire Cars","S- Driver's Negligence",3.00
4792,19807.00,"4- Demerara- Mahaica",473,"Colidgen Public Road","East Coast Demerara Road (From Georgetown)","-58.0167","6.7833",,,9/18/2010 0:00:00,12/30/1899 11:35:00,"A- Fatal","F- Driver",30.00,"Male","J- Minibus;K- Private Cars","S- Driver's Negligence",3.00
4793,19808.00,"4- Demerara- Mahaica",469,"Friendship Railway Embankment","East Coast Demerara Road (From Georgetown)","-58.0333","6.7833",,,9/23/2010 0:00:00,12/30/1899 15:15:00,"A- Fatal","F- Driver",,"Male","J- Minibus;W-Pedal Cycle","S- Driver's Negligence",2.00
4794,19809.00,"4- Demerara- Mahaica",469,"Friendship Public Road","East Coast Demerara Road (From Georgetown)","-58.0333","6.7833",,,9/27/2010 0:00:00,12/30/1899 20:15:00,"C- Minor Injury","F- Driver",,"Male","J- Minibus;N- Pickup","S- Driver's Negligence",2.00
4795,19810.00,"4- Demerara- Mahaica",468,"Buxton Railway Embankment","East Coast Demerara Road (From Georgetown)","-58.0333","6.7833",,,10/2/2010 0:00:00,12/30/1899 13:45:00,"C- Minor Injury","F- Driver",,"Male","K- Private Cars;V-Motor Cycle","S- Driver's Negligence",3.00
4796,19811.00,"4- Demerara- Mahaica",471,"Bladen Hall Railway Embankment","East Coast Demerara Road (From Georgetown)","-58.0167","6.7833",,,10/4/2010 0:00:00,12/30/1899 7:30:00,"C- Minor Injury","F- Driver",37.00,"Male","J- Minibus;L- Lorries Van","S- Driver's Negligence",2.00
4797,19812.00,"4- Demerara- Mahaica",479,"Bare Root Access Road","East Coast Demerara Road (From Georgetown)","-58.0000","6.7667",,,10/6/2010 0:00:00,12/30/1899 8:30:00,"C- Minor Injury","G- Rider",26.00,"Male","V-Motor Cycle","U- Cyclist's Negligence",2.00
4798,19813.00,"4- Demerara- Mahaica",461,"Good Hope Public Road","East Coast Demerara Road (From Georgetown)","-58.0500","6.8000",,,10/4/2010 0:00:00,12/30/1899 12:30:00,"B- Serious Injury","F- Driver",49.00,"Male","J- Minibus;N- Pickup;W-Pedal Cycle","S- Driver's Negligence",3.00
4799,19814.00,"4- Demerara- Mahaica",464,"Lusignan Public Road","East Coast Demerara Road (From Georgetown)","-58.0333","6.8000",,,10/8/2010 0:00:00,12/30/1899 9:15:00,"D- Property Damage","F- Driver",28.00,"Male","K- Private Cars;N- Pickup","S- Driver's Negligence",2.00
4800,19815.00,"4- Demerara- Mahaica",464,"Lusignan Public Road","East Coast Demerara Road (From Georgetown)","-58.0333","6.8000",,,7/11/2010 0:00:00,12/30/1899 15:10:00,"B- Serious Injury","F- Driver",25.00,"Male","M- Hire Cars;W-Pedal Cycle","U- Cyclist's Negligence",2.00
4801,19816.00,"4- Demerara- Mahaica",471,"Bladen Hall Railway Embankment","East Coast Demerara Road (From Georgetown)","-58.0167","6.7833",,,10/11/2010 0:00:00,12/30/1899 8:30:00,"B- Serious Injury","F- Driver",45.00,"Male","M- Hire Cars;W-Pedal Cycle","S- Driver's Negligence",2.00
4802,19817.00,"4- Demerara- Mahaica",464,"Lusignan Railway Embankment Road","East Coast Demerara Road (From Georgetown)","-58.0333","6.8000",,,10/11/2010 0:00:00,12/30/1899 13:08:00,"C- Minor Injury","F- Driver",29.00,"Male","J- Minibus;K- Private Cars","S- Driver's Negligence",2.00
4803,19818.00,"4- Demerara- Mahaica",461,"Good Hope Public Road","East Coast Demerara Road (From Georgetown)","-58.0500","6.8000",,,11/22/2010 0:00:00,12/30/1899 19:00:00,"A- Fatal","F- Driver",30.00,"Male","K- Private Cars","S- Driver's Negligence",2.00
4804,19819.00,"4- Demerara- Mahaica",464,"Lusignan Public Road","East Coast Demerara Road (From Georgetown)","-58.0333","6.8000",,,11/27/2010 0:00:00,12/30/1899 7:45:00,"C- Minor Injury","F- Driver",53.00,"Male","J- Minibus;V-Motor Cycle","S- Driver's Negligence",2.00
4805,19820.00,"4- Demerara- Mahaica",469,"Friendship Railway Embankment","East Coast Demerara Road (From Georgetown)","-58.0333","6.7833",,,12/7/2010 0:00:00,12/30/1899 6:45:00,"D- Property Damage","F- Driver",35.00,"Male","J- Minibus;K- Private Cars","S- Driver's Negligence",2.00
4806,19821.00,"4- Demerara- Mahaica",461,"Good Hope Railway Embankment","East Coast Demerara Road (From Georgetown)","-58.0500","6.8000",,,12/8/2010 0:00:00,12/30/1899 7:30:00,"D- Property Damage","F- Driver",51.00,"Male","J- Minibus","S- Driver's Negligence",2.00
4807,19822.00,"4- Demerara- Mahaica",465,"Annandale Access Road","East Coast Demerara Road (From Georgetown)","-58.0333","6.8000",,,12/15/2010 0:00:00,12/30/1899 15:20:00,"D- Property Damage","F- Driver",36.00,"Male","L- Lorries Van;N- Pickup","S- Driver's Negligence",2.00
4808,19823.00,"4- Demerara- Mahaica",473,"Colidgen Access Road","East Coast Demerara Road (From Georgetown)","-58.0167","6.7833",,,12/18/2010 0:00:00,12/30/1899 23:40:00,"A- Fatal","F- Driver",35.00,"Male","K- Private Cars","S- Driver's Negligence",2.00
4809,19824.00,"4- Demerara- Mahaica",464,"Lusignan Public Road","East Coast Demerara Road (From Georgetown)","-58.0333","6.8000",,,12/25/2010 0:00:00,12/30/1899 18:45:00,"B- Serious Injury","F- Driver",57.00,"Male","J- Minibus;W-Pedal Cycle","S- Driver's Negligence",2.00
4810,19825.00,"4- Demerara- Mahaica",461,"Good Hope Railway Embankment","East Coast Demerara Road (From Georgetown)","-58.0500","6.8000",,,12/30/2010 0:00:00,12/30/1899 12:40:00,"D- Property Damage","F- Driver",57.00,"Male","J- Minibus;L- Lorries Van;N- Pickup","S- Driver's Negligence",3.00
4811,19826.00,"4- Demerara- Mahaica",464,"Lusignan Public Road","East Coast Demerara Road (From Georgetown)","-58.0333","6.8000",,,1/2/2011 0:00:00,12/30/1899 3:10:00,"A- Fatal","F- Driver",36.00,"Male","M- Hire Cars;W-Pedal Cycle","S- Driver's Negligence",2.00
4812,19827.00,"4- Demerara- Mahaica",465,"Annandale Railway Embankment","East Coast Demerara Road (From Georgetown)","-58.0333","6.8000",,,1/1/2011 0:00:00,12/30/1899 4:50:00,"D- Property Damage","F- Driver",49.00,"Female","K- Private Cars","Y-Animal",1.00
4813,19828.00,"4- Demerara- Mahaica",474,"Non Pariel Access Road","East Coast Demerara Road (From Georgetown)","-58.0167","6.7833",,,1/23/2011 0:00:00,12/30/1899 11:00:00,"D- Property Damage","F- Driver",23.00,"Male","J- Minibus;K- Private Cars","S- Driver's Negligence",2.00
4814,19829.00,"4- Demerara- Mahaica",468,"Buxton Railway Embankment","East Coast Demerara Road (From Georgetown)","-58.0333","6.7833",,,1/23/2011 0:00:00,12/30/1899 18:30:00,"D- Property Damage","F- Driver",38.00,"Male","K- Private Cars","S- Driver's Negligence",2.00
4815,19830.00,"4- Demerara- Mahaica",474,"Non Pariel Public Road","East Coast Demerara Road (From Georgetown)","-58.0167","6.7833",,,1/26/2011 0:00:00,12/30/1899 19:00:00,"C- Minor Injury","F- Driver",,"Male","L- Lorries Van;V-Motor Cycle","S- Driver's Negligence",2.00
4816,19831.00,"4- Demerara- Mahaica",470,"Vigilance Public Road","East Coast Demerara Road (From Georgetown)","-58.0167","6.7833",,,1/28/2011 0:00:00,12/30/1899 7:25:00,"C- Minor Injury","F- Driver",57.00,"Male","K- Private Cars;V-Motor Cycle","S- Driver's Negligence",2.00
4817,19832.00,"4- Demerara- Mahaica",465,"Annandale Public Road","East Coast Demerara Road (From Georgetown)","-58.0333","6.8000",,,2/5/2011 0:00:00,12/30/1899 14:00:00,"C- Minor Injury","F- Driver",32.00,"Male","K- Private Cars","S- Driver's Negligence",2.00
4818,19833.00,"4- Demerara- Mahaica",464,"Lusignan Public Road","East Coast Demerara Road (From Georgetown)","-58.0333","6.8000",,,2/5/2011 0:00:00,12/30/1899 19:00:00,"D- Property Damage","F- Driver",,"Male","K- Private Cars;M- Hire Cars","S- Driver's Negligence",2.00
4819,19834.00,"4- Demerara- Mahaica",471,"Bladen Hall Public Road","East Coast Demerara Road (From Georgetown)","-58.0167","6.7833",,,2/17/2011 0:00:00,12/30/1899 8:15:00,"B- Serious Injury","F- Driver",15.00,"Male","W-Pedal Cycle","U- Cyclist's Negligence",2.00
4820,19835.00,"4- Demerara- Mahaica",464,"Lusignan Public Road","East Coast Demerara Road (From Georgetown)","-58.0333","6.8000",,,2/24/2011 0:00:00,12/30/1899 7:25:00,"D- Property Damage","F- Driver",43.00,"Male","J- Minibus;K- Private Cars","S- Driver's Negligence",3.00
4821,19836.00,"4- Demerara- Mahaica",465,"Annandale Public Road","East Coast Demerara Road (From Georgetown)","-58.0333","6.8000",,,2/27/2011 0:00:00,12/30/1899 21:30:00,"C- Minor Injury","F- Driver",31.00,"Male","J- Minibus;K- Private Cars","S- Driver's Negligence",2.00
4822,19837.00,"4- Demerara- Mahaica",465,"Annandale Public Road","East Coast Demerara Road (From Georgetown)","-58.0333","6.8000",,,3/1/2011 0:00:00,12/30/1899 17:30:00,"D- Property Damage","F- Driver",30.00,"Male","J- Minibus;W-Pedal Cycle","S- Driver's Negligence",2.00
4823,19838.00,"4- Demerara- Mahaica",461,"Good Hope Public Road","East Coast Demerara Road (From Georgetown)","-58.0500","6.8000",,,3/3/2011 0:00:00,12/30/1899 17:45:00,"D- Property Damage","F- Driver",40.00,"Male","J- Minibus;N- Pickup","S- Driver's Negligence",2.00