"ID","Accident ID","Region Number","Corridor ID","Location (Intersection/Road/Street)","Corridor","Location- longitude/ X","Location- latitude/  Y","Mile Marker","Village","Date of Accident","Time of Accident","Type of Accident","Class of Road User","Age/DOB","Gender","Class of Vehicles Involved","Contributing Factor","Number of Persons Involved"
4824,19839.00,"4- Demerara- Mahaica",473,"Colidgen Public Road","East Coast Demerara Road (From Georgetown)","-58.0167","6.7833",,,3/19/2011 0:00:00,12/30/1899 15:00:00,"C- Minor Injury","F- Driver",,"Male","K- Private Cars;L- Lorries Van","S- Driver's Negligence",2.00
4825,19840.00,"4- Demerara- Mahaica",472,"Strathspey Public Road","East Coast Demerara Road (From Georgetown)","-58.0167","6.7833",,,4/12/2011 0:00:00,12/30/1899 12:15:00,"B- Serious Injury","F- Driver",51.00,"Male","J- Minibus","S- Driver's Negligence",2.00
4826,19841.00,"4- Demerara- Mahaica",477,"Melanie Public Road","East Coast Demerara Road (From Georgetown)","-58.0000","6.7833",,,4/19/2011 0:00:00,12/30/1899 14:45:00,"A- Fatal","F- Driver",34.00,"Male","J- Minibus;V-Motor Cycle","U- Cyclist's Negligence",2.00
4827,19842.00,"4- Demerara- Mahaica",469,"Friendship Public Road","East Coast Demerara Road (From Georgetown)","-58.0333","6.7833",,,4/26/2011 0:00:00,12/30/1899 2:50:00,"D- Property Damage","F- Driver",45.00,"Male","L- Lorries Van;N- Pickup","S- Driver's Negligence",2.00
4828,19843.00,"4- Demerara- Mahaica",473,"Colidgen Public Road","East Coast Demerara Road (From Georgetown)","-58.0167","6.7833",,,4/27/2011 0:00:00,12/30/1899 19:40:00,"B- Serious Injury","F- Driver",,"Male","K- Private Cars","S- Driver's Negligence",2.00
4829,19844.00,"4- Demerara- Mahaica",471,"Bladen Hall Public Road","East Coast Demerara Road (From Georgetown)","-58.0167","6.7833",,,4/29/2011 0:00:00,12/30/1899 6:45:00,"A- Fatal","F- Driver",47.00,"Male","J- Minibus","O- Lost Control & Runoff",2.00
4830,19845.00,"4- Demerara- Mahaica",472,"Strathspey Railway Embankment","East Coast Demerara Road (From Georgetown)","-58.0167","6.7833",,,5/6/2011 0:00:00,12/30/1899 21:00:00,"A- Fatal","F- Driver",20.00,"Male","K- Private Cars","O- Lost Control & Runoff",2.00
4831,19846.00,"4- Demerara- Mahaica",464,"Lusignan Public Road","East Coast Demerara Road (From Georgetown)","-58.0333","6.8000",,,5/28/2011 0:00:00,12/30/1899 12:30:00,"C- Minor Injury","F- Driver",23.00,"Male","N- Pickup","S- Driver's Negligence",2.00
4832,19847.00,"4- Demerara- Mahaica",475,"Enterprise Public Road","East Coast Demerara Road (From Georgetown)","-58.0000","6.7833",,,6/1/2011 0:00:00,12/30/1899 21:05:00,"D- Property Damage","F- Driver",,"Male","J- Minibus;K- Private Cars","S- Driver's Negligence",2.00
4833,19848.00,"4- Demerara- Mahaica",461,"Good Hope Access Road","East Coast Demerara Road (From Georgetown)","-58.0500","6.8000",,,6/26/2011 0:00:00,12/30/1899 20:45:00,"B- Serious Injury","F- Driver",21.00,"Male","K- Private Cars","T-Pedestrian's Negligence",2.00
4834,19849.00,"4- Demerara- Mahaica",464,"Lusignan Public Road","East Coast Demerara Road (From Georgetown)","-58.0333","6.8000",,,7/4/2011 0:00:00,12/30/1899 13:30:00,"C- Minor Injury","F- Driver",22.00,"Male","K- Private Cars;W-Pedal Cycle","U- Cyclist's Negligence",2.00
4835,19850.00,"4- Demerara- Mahaica",473,"Colidgen Railway Embankment","East Coast Demerara Road (From Georgetown)","-58.0167","6.7833",,,9/9/2011 0:00:00,12/30/1899 11:30:00,"C- Minor Injury","F- Driver",31.00,"Male","M- Hire Cars;N- Pickup","R- Improper Overtaking",3.00
4836,19851.00,"4- Demerara- Mahaica",465,"Annandale Public Road","East Coast Demerara Road (From Georgetown)","-58.0333","6.8000",,,10/3/2011 0:00:00,12/30/1899 11:00:00,"A- Fatal","F- Driver",35.00,"Male","K- Private Cars","S- Driver's Negligence",2.00
4837,19852.00,"4- Demerara- Mahaica",477,"Melanie Damishana Public Road","East Coast Demerara Road (From Georgetown)","-58.0000","6.7833",,,10/10/2011 0:00:00,12/30/1899 21:30:00,"C- Minor Injury","F- Driver",59.00,"Male","J- Minibus;V-Motor Cycle","S- Driver's Negligence",2.00
4838,19853.00,"4- Demerara- Mahaica",464,"Lusignan Public Road","East Coast Demerara Road (From Georgetown)","-58.0333","6.8000",,,10/16/2011 0:00:00,12/30/1899 20:45:00,"D- Property Damage","F- Driver",49.00,"Male","J- Minibus;K- Private Cars","Q- Alcohol;S- Driver's Negligence",2.00
4839,19854.00,"4- Demerara- Mahaica",464,"Lusignan Public Road","East Coast Demerara Road (From Georgetown)","-58.0333","6.8000",,,10/17/2011 0:00:00,12/30/1899 13:00:00,"B- Serious Injury","F- Driver",25.00,"Male","K- Private Cars;V-Motor Cycle","S- Driver's Negligence",2.00
4840,19855.00,"4- Demerara- Mahaica",464,"Lusignan Railway Embankment","East Coast Demerara Road (From Georgetown)","-58.0333","6.8000",,,10/22/2011 0:00:00,12/30/1899 20:15:00,"B- Serious Injury","F- Driver",34.00,"Male","M- Hire Cars","S- Driver's Negligence",2.00
4841,19856.00,"4- Demerara- Mahaica",464,"Lusignan Public Road","East Coast Demerara Road (From Georgetown)","-58.0333","6.8000",,,10/19/2011 0:00:00,12/30/1899 18:35:00,"D- Property Damage","F- Driver",41.00,"Male","K- Private Cars","S- Driver's Negligence",2.00
4842,19857.00,"4- Demerara- Mahaica",468,"Buxton Public Road","East Coast Demerara Road (From Georgetown)","-58.0333","6.7833",,,10/19/2011 0:00:00,12/30/1899 18:30:00,"C- Minor Injury","F- Driver",36.00,"Male","J- Minibus","S- Driver's Negligence",3.00
4843,19858.00,"4- Demerara- Mahaica",465,"Annandale Public Road","East Coast Demerara Road (From Georgetown)","-58.0333","6.8000",,,10/27/2011 0:00:00,12/30/1899 11:30:00,"A- Fatal","F- Driver",46.00,"Male","K- Private Cars","S- Driver's Negligence",2.00
4844,19859.00,"4- Demerara- Mahaica",468,"Buxton Public Road","East Coast Demerara Road (From Georgetown)","-58.0333","6.7833",,,11/5/2011 0:00:00,,"C- Minor Injury","F- Driver",,"Male","K- Private Cars;W-Pedal Cycle","U- Cyclist's Negligence",2.00
4845,19860.00,"4- Demerara- Mahaica",465,"Annandale Access Road","East Coast Demerara Road (From Georgetown)","-58.0333","6.8000",,,10/29/2011 0:00:00,12/30/1899 11:30:00,"B- Serious Injury","F- Driver",35.00,"Male","L- Lorries Van","S- Driver's Negligence",3.00
4846,19861.00,"4- Demerara- Mahaica",464,"Latchman Singh Street, Lusignan","East Coast Demerara Road (From Georgetown)","-58.0333","6.8000",,,11/16/2011 0:00:00,12/30/1899 8:00:00,"D- Property Damage","F- Driver",,"Male","K- Private Cars;L- Lorries Van","S- Driver's Negligence",2.00
4847,19862.00,"4- Demerara- Mahaica",461,"Good Hope Public Road","East Coast Demerara Road (From Georgetown)","-58.0500","6.8000",,,11/18/2011 0:00:00,12/30/1899 13:30:00,"C- Minor Injury","F- Driver",20.00,"Male","L- Lorries Van","S- Driver's Negligence",2.00
4848,19863.00,"4- Demerara- Mahaica",468,"Buxton Line Top","East Coast Demerara Road (From Georgetown)","-58.0333","6.7833",,,11/25/2011 0:00:00,12/30/1899 13:45:00,"B- Serious Injury","F- Driver",,"Male","M- Hire Cars","T-Pedestrian's Negligence",2.00
4849,19864.00,"4- Demerara- Mahaica",461,"Good Hope Public Road","East Coast Demerara Road (From Georgetown)","-58.0500","6.8000",,,1/9/2012 0:00:00,12/30/1899 20:40:00,"D- Property Damage","F- Driver",48.00,"Male","K- Private Cars;N- Pickup","S- Driver's Negligence",2.00
4850,19865.00,"4- Demerara- Mahaica",472,"Strathspey Public Road","East Coast Demerara Road (From Georgetown)","-58.0167","6.7833",,,1/12/2012 0:00:00,12/30/1899 16:00:00,"C- Minor Injury","F- Driver",49.00,"Male","J- Minibus","O- Lost Control & Runoff",3.00
4851,19866.00,"4- Demerara- Mahaica",470,"Vigilance Public Road","East Coast Demerara Road (From Georgetown)","-58.0167","6.7833",,,1/14/2012 0:00:00,12/30/1899 6:45:00,"B- Serious Injury","F- Driver",28.00,"Male","J- Minibus;K- Private Cars","S- Driver's Negligence",6.00
4852,19867.00,"4- Demerara- Mahaica",470,"Vigilance Public Road","East Coast Demerara Road (From Georgetown)","-58.0167","6.7833",,,1/13/2012 0:00:00,12/30/1899 22:00:00,"D- Property Damage","F- Driver",,"Male","K- Private Cars","O- Lost Control & Runoff",1.00
4853,19868.00,"4- Demerara- Mahaica",468,"Buxton Public Road","East Coast Demerara Road (From Georgetown)","-58.0333","6.7833",,,1/15/2012 0:00:00,12/30/1899 18:30:00,"B- Serious Injury","F- Driver",36.00,"Male","K- Private Cars","T-Pedestrian's Negligence",2.00
4854,19869.00,"4- Demerara- Mahaica",468,"Buxton Railway Embankment","East Coast Demerara Road (From Georgetown)","-58.0333","6.7833",,,1/30/2012 0:00:00,,"C- Minor Injury","F- Driver",46.00,"Female","K- Private Cars","T-Pedestrian's Negligence",2.00
4855,19870.00,"4- Demerara- Mahaica",472,"Strathspey Public Road","East Coast Demerara Road (From Georgetown)","-58.0167","6.7833",,,1/31/2012 0:00:00,12/30/1899 19:30:00,"C- Minor Injury","F- Driver",36.00,"Male","J- Minibus;M- Hire Cars","S- Driver's Negligence",2.00
4856,19871.00,"4- Demerara- Mahaica",465,"Annandale Public Road","East Coast Demerara Road (From Georgetown)","-58.0333","6.8000",,,2/11/2012 0:00:00,12/30/1899 12:30:00,"D- Property Damage","F- Driver",29.00,"Female","M- Hire Cars;N- Pickup","R- Improper Overtaking",2.00
4857,19872.00,"4- Demerara- Mahaica",465,"Annandale Public Road","East Coast Demerara Road (From Georgetown)","-58.0333","6.8000",,,2/14/2012 0:00:00,12/30/1899 5:00:00,"B- Serious Injury","F- Driver",46.00,"Male","L- Lorries Van;V-Motor Cycle","U- Cyclist's Negligence",2.00
4858,19873.00,"4- Demerara- Mahaica",468,"Buxton Access Road","East Coast Demerara Road (From Georgetown)","-58.0333","6.7833",,,2/21/2012 0:00:00,,"D- Property Damage","F- Driver",32.00,"Male","K- Private Cars;W-Pedal Cycle","O- Lost Control & Runoff",2.00
4859,19874.00,"4- Demerara- Mahaica",477,"Melanie Public Road","East Coast Demerara Road (From Georgetown)","-58.0000","6.7833",,,3/28/2012 0:00:00,12/30/1899 18:55:00,"D- Property Damage","F- Driver",69.00,"Male","K- Private Cars","S- Driver's Negligence",2.00
4860,19875.00,"4- Demerara- Mahaica",465,"Annandale Public Road","East Coast Demerara Road (From Georgetown)","-58.0333","6.8000",,,4/5/2012 0:00:00,,"D- Property Damage","F- Driver",76.00,"Female","J- Minibus;K- Private Cars","S- Driver's Negligence",2.00
4861,19876.00,"4- Demerara- Mahaica",465,"Annandale Railway Embankment","East Coast Demerara Road (From Georgetown)","-58.0333","6.8000",,,4/13/2012 0:00:00,12/30/1899 17:30:00,"B- Serious Injury","F- Driver",,,"K- Private Cars","S- Driver's Negligence",2.00
4862,19877.00,"4- Demerara- Mahaica",461,"Good Hope Railway Embankment","East Coast Demerara Road (From Georgetown)","-58.0500","6.8000",,,4/15/2012 0:00:00,12/30/1899 2:30:00,"C- Minor Injury","F- Driver",35.00,"Male","K- Private Cars","S- Driver's Negligence",4.00
4863,19878.00,"4- Demerara- Mahaica",473,"Colidgen Public Road","East Coast Demerara Road (From Georgetown)","-58.0167","6.7833",,,4/16/2012 0:00:00,12/30/1899 13:30:00,"D- Property Damage","F- Driver",53.00,"Male","K- Private Cars","S- Driver's Negligence",2.00
4864,19879.00,"4- Demerara- Mahaica",479,"Paradise Public Road","East Coast Demerara Road (From Georgetown)","-58.0000","6.7667",,,4/17/2012 0:00:00,12/30/1899 18:00:00,"C- Minor Injury","F- Driver",44.00,"Male","K- Private Cars;W-Pedal Cycle","U- Cyclist's Negligence",2.00
4865,19880.00,"4- Demerara- Mahaica",472,"Strathspey Railway Embankment","East Coast Demerara Road (From Georgetown)","-58.0167","6.7833",,,4/24/2012 0:00:00,12/30/1899 22:30:00,"C- Minor Injury","F- Driver",31.00,"Male","K- Private Cars","O- Lost Control & Runoff",2.00
4866,19881.00,"4- Demerara- Mahaica",477,"Melanie Public Road","East Coast Demerara Road (From Georgetown)","-58.0000","6.7833",,,5/9/2012 0:00:00,12/30/1899 21:30:00,"D- Property Damage","F- Driver",57.00,"Male","J- Minibus;L- Lorries Van","S- Driver's Negligence",2.00
4867,19882.00,"4- Demerara- Mahaica",477,"Melanie Public Road","East Coast Demerara Road (From Georgetown)","-58.0000","6.7833",,,5/12/2012 0:00:00,12/30/1899 13:45:00,"C- Minor Injury","F- Driver",56.00,"Male","J- Minibus;K- Private Cars","S- Driver's Negligence",3.00
4868,19883.00,"4- Demerara- Mahaica",464,"3rd Street Lusignan","East Coast Demerara Road (From Georgetown)","-58.0333","6.8000",,,5/29/2012 0:00:00,12/30/1899 3:15:00,"D- Property Damage","F- Driver",44.00,"Male","L- Lorries Van","S- Driver's Negligence",2.00
4869,19884.00,"4- Demerara- Mahaica",464,"Lusignan Public Road","East Coast Demerara Road (From Georgetown)","-58.0333","6.8000",,,6/3/2012 0:00:00,12/30/1899 21:00:00,"D- Property Damage","F- Driver",39.00,"Male","K- Private Cars;M- Hire Cars","S- Driver's Negligence",2.00
4870,19885.00,"4- Demerara- Mahaica",464,"Lusignan Public Road","East Coast Demerara Road (From Georgetown)","-58.0333","6.8000",,,6/3/2012 0:00:00,12/30/1899 20:40:00,"C- Minor Injury","F- Driver",29.00,"Male","K- Private Cars","S- Driver's Negligence",2.00
4871,19886.00,"4- Demerara- Mahaica",464,"Lusignan Public Road","East Coast Demerara Road (From Georgetown)","-58.0333","6.8000",,,6/3/2012 0:00:00,12/30/1899 18:30:00,"D- Property Damage","F- Driver",21.00,"Male","J- Minibus;N- Pickup","S- Driver's Negligence",2.00
4872,19887.00,"4- Demerara- Mahaica",469,"Friendship Railway Embankment","East Coast Demerara Road (From Georgetown)","-58.0333","6.7833",,,6/13/2012 0:00:00,12/30/1899 8:10:00,"D- Property Damage","F- Driver",42.00,"Male","J- Minibus;V-Motor Cycle","S- Driver's Negligence",2.00
4873,19888.00,"4- Demerara- Mahaica",465,"Annandale Public Road","East Coast Demerara Road (From Georgetown)","-58.0333","6.8000",,,6/18/2012 0:00:00,12/30/1899 15:40:00,"C- Minor Injury","F- Driver",49.00,"Male","J- Minibus","P- Speeding",3.00
4874,19889.00,"4- Demerara- Mahaica",475,"Enterprise Public Road","East Coast Demerara Road (From Georgetown)","-58.0000","6.7833",,,6/20/2012 0:00:00,12/30/1899 23:15:00,"B- Serious Injury","G- Rider",59.00,"Male","V-Motor Cycle","U- Cyclist's Negligence",2.00
4875,19890.00,"4- Demerara- Mahaica",464,"Lusignan Public Road","East Coast Demerara Road (From Georgetown)","-58.0333","6.8000",,,6/28/2012 0:00:00,12/30/1899 19:30:00,"D- Property Damage","F- Driver",26.00,"Male","J- Minibus;K- Private Cars","S- Driver's Negligence",2.00
4876,19891.00,"4- Demerara- Mahaica",465,"Annandale Railway Embankment","East Coast Demerara Road (From Georgetown)","-58.0333","6.8000",,,7/3/2012 0:00:00,12/30/1899 12:10:00,"C- Minor Injury","F- Driver",40.00,"Male","L- Lorries Van","P- Speeding",2.00
4877,19892.00,"4- Demerara- Mahaica",464,"Lusignan Public Road","East Coast Demerara Road (From Georgetown)","-58.0333","6.8000",,,7/7/2012 0:00:00,12/30/1899 20:00:00,"B- Serious Injury","F- Driver",52.00,"Male","J- Minibus;L- Lorries Van","O- Lost Control & Runoff;P- Speeding",2.00
4878,19893.00,"4- Demerara- Mahaica",479,"Paradise Housing Scheme Access Road","East Coast Demerara Road (From Georgetown)","-58.0000","6.7667",,,7/11/2012 0:00:00,12/30/1899 23:30:00,"C- Minor Injury","F- Driver",,,"K- Private Cars;V-Motor Cycle","S- Driver's Negligence",2.00
4879,19894.00,"4- Demerara- Mahaica",464,"Lusignan Access Road","East Coast Demerara Road (From Georgetown)","-58.0333","6.8000",,,7/12/2012 0:00:00,12/30/1899 19:30:00,"A- Fatal","F- Driver",21.00,"Male","L- Lorries Van","S- Driver's Negligence",2.00
4880,19895.00,"4- Demerara- Mahaica",468,"Buxton Railway Embankment","East Coast Demerara Road (From Georgetown)","-58.0333","6.7833",,,7/14/2012 0:00:00,12/30/1899 11:30:00,"A- Fatal","F- Driver",31.00,"Male","K- Private Cars;W-Pedal Cycle","O- Lost Control & Runoff",2.00
4881,19896.00,"4- Demerara- Mahaica",465,"Annandale Public Road","East Coast Demerara Road (From Georgetown)","-58.0333","6.8000",,,7/14/2012 0:00:00,12/30/1899 13:15:00,"D- Property Damage","F- Driver",34.00,"Male","J- Minibus;N- Pickup","R- Improper Overtaking",2.00
4882,19897.00,"4- Demerara- Mahaica",464,"Lusignan Railway Embankment","East Coast Demerara Road (From Georgetown)","-58.0333","6.8000",,,7/16/2012 0:00:00,12/30/1899 16:00:00,"C- Minor Injury","F- Driver",25.00,"Male","K- Private Cars","S- Driver's Negligence",3.00
4883,19898.00,"4- Demerara- Mahaica",468,"Buxton Railway Embankment","East Coast Demerara Road (From Georgetown)","-58.0333","6.7833",,,7/16/2012 0:00:00,12/30/1899 18:30:00,"C- Minor Injury","F- Driver",37.00,"Male","K- Private Cars","R- Improper Overtaking",3.00
4884,19899.00,"4- Demerara- Mahaica",461,"Good Hope Public Road","East Coast Demerara Road (From Georgetown)","-58.0500","6.8000",,,7/24/2012 0:00:00,12/30/1899 17:15:00,"D- Property Damage","F- Driver",43.00,"Male","J- Minibus;V-Motor Cycle","U- Cyclist's Negligence",2.00
4885,19900.00,"4- Demerara- Mahaica",472,"Strathspey Railway Embankment","East Coast Demerara Road (From Georgetown)","-58.0167","6.7833",,,7/24/2012 0:00:00,12/30/1899 19:40:00,"D- Property Damage","F- Driver",24.00,"Male","K- Private Cars","Y-Animal",1.00
4886,19901.00,"4- Demerara- Mahaica",461,"Good Hope Public Road","East Coast Demerara Road (From Georgetown)","-58.0500","6.8000",,,7/26/2012 0:00:00,12/30/1899 8:30:00,"D- Property Damage","F- Driver",32.00,"Male","J- Minibus;L- Lorries Van","S- Driver's Negligence",2.00
4887,19902.00,"4- Demerara- Mahaica",475,"Enterprise Railway Embankment","East Coast Demerara Road (From Georgetown)","-58.0000","6.7833",,,7/31/2012 0:00:00,,"C- Minor Injury","F- Driver",24.00,"Male","L- Lorries Van;M- Hire Cars","S- Driver's Negligence",2.00
4888,19903.00,"4- Demerara- Mahaica",475,"Enterprise Public Road","East Coast Demerara Road (From Georgetown)","-58.0000","6.7833",,,8/1/2012 0:00:00,12/30/1899 5:15:00,"D- Property Damage","F- Driver",41.00,"Male","K- Private Cars;L- Lorries Van","S- Driver's Negligence",2.00
4889,19904.00,"4- Demerara- Mahaica",468,"Buxton Public Road","East Coast Demerara Road (From Georgetown)","-58.0333","6.7833",,,8/22/2012 0:00:00,12/30/1899 22:00:00,"D- Property Damage","F- Driver",26.00,"Male","K- Private Cars","S- Driver's Negligence",2.00
4890,19905.00,"4- Demerara- Mahaica",468,"Buxton Railway Embankment","East Coast Demerara Road (From Georgetown)","-58.0333","6.7833",,,9/2/2012 0:00:00,12/30/1899 6:30:00,"B- Serious Injury","F- Driver",45.00,"Male","K- Private Cars;V-Motor Cycle","U- Cyclist's Negligence",2.00
4891,19906.00,"4- Demerara- Mahaica",464,"Lusignan Public Road","East Coast Demerara Road (From Georgetown)","-58.0333","6.8000",,,9/8/2012 0:00:00,12/30/1899 23:55:00,"D- Property Damage","F- Driver",31.00,"Male","K- Private Cars","S- Driver's Negligence",2.00
4892,19907.00,"4- Demerara- Mahaica",464,"Lusignan Railway Embankment","East Coast Demerara Road (From Georgetown)","-58.0333","6.8000",,,9/14/2012 0:00:00,12/30/1899 17:30:00,"C- Minor Injury","G- Rider",21.00,"Male","K- Private Cars;L- Lorries Van;W-Pedal Cycle","U- Cyclist's Negligence",3.00
4893,19908.00,"4- Demerara- Mahaica",468,"Buxton South Access Road","East Coast Demerara Road (From Georgetown)","-58.0333","6.7833",,,9/14/2012 0:00:00,12/30/1899 9:00:00,"C- Minor Injury","F- Driver",66.00,"Male","J- Minibus;W-Pedal Cycle","S- Driver's Negligence",2.00
4894,19909.00,"4- Demerara- Mahaica",477,"Melanie 7th Street","East Coast Demerara Road (From Georgetown)","-58.0000","6.7833",,,9/19/2012 0:00:00,12/30/1899 14:30:00,"C- Minor Injury","F- Driver",,"Male","J- Minibus","S- Driver's Negligence",2.00
4895,19910.00,"4- Demerara- Mahaica",475,"Enrterprise Public Road","East Coast Demerara Road (From Georgetown)","-58.0000","6.7833",,,9/23/2012 0:00:00,12/30/1899 10:00:00,"D- Property Damage","F- Driver",,"Male","J- Minibus;M- Hire Cars","S- Driver's Negligence",2.00
4896,19911.00,"4- Demerara- Mahaica",468,"Buxton Public Road","East Coast Demerara Road (From Georgetown)","-58.0333","6.7833",,,10/7/2012 0:00:00,12/30/1899 2:30:00,"D- Property Damage","F- Driver",37.00,"Male","K- Private Cars","S- Driver's Negligence",2.00
4897,19912.00,"4- Demerara- Mahaica",473,"Colidgen Railway Embankment","East Coast Demerara Road (From Georgetown)","-58.0167","6.7833",,,10/14/2012 0:00:00,12/30/1899 11:00:00,"A- Fatal","F- Driver",54.00,"Male","L- Lorries Van;W-Pedal Cycle","R- Improper Overtaking",3.00
4898,19913.00,"4- Demerara- Mahaica",461,"Good Hope Public Road","East Coast Demerara Road (From Georgetown)","-58.0500","6.8000",,,10/15/2012 0:00:00,,"C- Minor Injury","F- Driver",28.00,"Male","J- Minibus","Q- Alcohol",2.00
4899,19914.00,"4- Demerara- Mahaica",468,"Buxton Public Road","East Coast Demerara Road (From Georgetown)","-58.0333","6.7833",,,10/28/2012 0:00:00,12/30/1899 1:00:00,"D- Property Damage","F- Driver",26.00,"Male","K- Private Cars;M- Hire Cars","S- Driver's Negligence",2.00
4900,19915.00,"4- Demerara- Mahaica",471,"Bladen Hall Public Road","East Coast Demerara Road (From Georgetown)","-58.0167","6.7833",,,10/31/2012 0:00:00,12/30/1899 6:30:00,"B- Serious Injury","G- Rider",40.00,"Male","V-Motor Cycle","O- Lost Control & Runoff",2.00
4901,19916.00,"4- Demerara- Mahaica",465,"Annandale Public Road","East Coast Demerara Road (From Georgetown)","-58.0333","6.8000",,,10/31/2012 0:00:00,12/30/1899 19:30:00,"B- Serious Injury","F- Driver",29.00,"Male","K- Private Cars","O- Lost Control & Runoff;P- Speeding",2.00
4902,19917.00,"4- Demerara- Mahaica",464,"Lusignan Public Road","East Coast Demerara Road (From Georgetown)","-58.0333","6.8000",,,10/27/2012 0:00:00,12/30/1899 18:30:00,"D- Property Damage","F- Driver",,"Male","K- Private Cars","S- Driver's Negligence",3.00
4903,19918.00,"4- Demerara- Mahaica",468,"Buxton Railway Embankment","East Coast Demerara Road (From Georgetown)","-58.0333","6.7833",,,11/3/2012 0:00:00,12/30/1899 10:13:00,"B- Serious Injury","G- Rider",35.00,"Male","M- Hire Cars;V-Motor Cycle","S- Driver's Negligence",2.00
4904,19919.00,"4- Demerara- Mahaica",464,"Lusignan Railway Embankment","East Coast Demerara Road (From Georgetown)","-58.0333","6.8000",,,11/24/2012 0:00:00,12/30/1899 14:00:00,"C- Minor Injury","F- Driver",35.00,"Male","K- Private Cars","S- Driver's Negligence",2.00
4905,19920.00,"4- Demerara- Mahaica",461,"Good Hope Public Road","East Coast Demerara Road (From Georgetown)","-58.0500","6.8000",,,12/5/2012 0:00:00,12/30/1899 9:10:00,"A- Fatal","F- Driver",30.00,"Male","K- Private Cars;L- Lorries Van","R- Improper Overtaking",3.00
4906,19921.00,"4- Demerara- Mahaica",468,"Buxton Public Road","East Coast Demerara Road (From Georgetown)","-58.0333","6.7833",,,12/23/2012 0:00:00,12/30/1899 14:30:00,"C- Minor Injury","F- Driver",22.00,"Male","K- Private Cars","O- Lost Control & Runoff",2.00
4907,22087.00,"3- Essequibo Islands- West Demerara",246,"New Rd. Vreed en Hoop","West Bank Demerara River (From Vreed-en-Hoop)","-58.1833","6.7667",,,1/3/2002 0:00:00,12/30/1899 8:45:00,"B- Serious Injury","F- Driver",31.00,"Male","J- Minibus","S- Driver's Negligence",4.00
4908,22088.00,"3- Essequibo Islands- West Demerara",255,"Versailles Public Rd.","West Bank Demerara River (From Vreed-en-Hoop)","-58.2000","6.8000",,,1/9/2002 0:00:00,12/30/1899 14:27:00,"B- Serious Injury","G- Rider",49.00,"Male","J- Minibus;W-Pedal Cycle","U- Cyclist's Negligence",2.00
4909,22089.00,"3- Essequibo Islands- West Demerara",247,"Pouderoyen Public Rd.","West Bank Demerara River (From Vreed-en-Hoop)","-58.2000","6.8000",,,1/23/2002 0:00:00,12/30/1899 19:30:00,"C- Minor Injury","F- Driver",25.00,"Male","M- Hire Cars;W-Pedal Cycle","S- Driver's Negligence",3.00
4910,22090.00,"3- Essequibo Islands- West Demerara",246,"Plantain Walk Public Rd.","West Bank Demerara River (From Vreed-en-Hoop)","-58.1833","6.7667",,,1/25/2002 0:00:00,12/30/1899 2:15:00,"B- Serious Injury","F- Driver",69.00,"Male","N- Pickup","P- Speeding",2.00
4911,22091.00,"3- Essequibo Islands- West Demerara",175,"Harlem Public Rd.","West Coast Demerara (From Vreed-en-Hoop, I.b. Demerara River)","-58.2205","6.8347",,,1/25/2002 0:00:00,12/30/1899 20:20:00,"B- Serious Injury","F- Driver",69.00,"Male","K- Private Cars;N- Pickup","S- Driver's Negligence",2.00
4912,22092.00,"3- Essequibo Islands- West Demerara",177,"Wallers Delight Public Rd.","West Coast Demerara (From Vreed-en-Hoop, I.b. Demerara River)","-58.2167","6.8333",,,1/27/2002 0:00:00,12/30/1899 19:30:00,"B- Serious Injury","E- Pedestrian",45.00,"Male","K- Private Cars","T-Pedestrian's Negligence",3.00
4913,22093.00,"3- Essequibo Islands- West Demerara",246,"New Rd. Vreed en Hoop","West Bank Demerara River (From Vreed-en-Hoop)","-58.1833","6.7667",,,2/7/2002 0:00:00,12/30/1899 11:50:00,"D- Property Damage","F- Driver",61.00,"Male","J- Minibus","R- Improper Overtaking",2.00
4914,22094.00,"3- Essequibo Islands- West Demerara",246,"New Rd. Vreed en Hoop","West Bank Demerara River (From Vreed-en-Hoop)","-58.1833","6.7667",,,2/7/2002 0:00:00,12/30/1899 15:20:00,"B- Serious Injury","E- Pedestrian",6.00,"Male","M- Hire Cars","T-Pedestrian's Negligence",2.00