"ID","Accident ID","Region Number","Corridor ID","Location (Intersection/Road/Street)","Corridor","Location- longitude/ X","Location- latitude/  Y","Mile Marker","Village","Date of Accident","Time of Accident","Type of Accident","Class of Road User","Age/DOB","Gender","Class of Vehicles Involved","Contributing Factor","Number of Persons Involved"
4915,22095.00,"3- Essequibo Islands- West Demerara",247,"Pouderoyen Public Rd.","West Bank Demerara River (From Vreed-en-Hoop)","-58.2000","6.8000",,,2/18/2002 0:00:00,12/30/1899 9:10:00,"B- Serious Injury","E- Pedestrian",61.00,"Female","M- Hire Cars","T-Pedestrian's Negligence",2.00
4916,22096.00,"3- Essequibo Islands- West Demerara",246,"New Rd. Vreed en Hoop","West Bank Demerara River (From Vreed-en-Hoop)","-58.1833","6.7667",,,2/21/2002 0:00:00,12/30/1899 15:30:00,"C- Minor Injury","F- Driver",28.00,"Male","J- Minibus;K- Private Cars","P- Speeding",2.00
4917,22097.00,"3- Essequibo Islands- West Demerara",246,"New Rd. Vreed en Hoop","West Bank Demerara River (From Vreed-en-Hoop)","-58.1833","6.7667",,,3/21/2002 0:00:00,12/30/1899 14:00:00,"D- Property Damage","F- Driver",32.00,"Male","J- Minibus;L- Lorries Van","S- Driver's Negligence",3.00
4918,22098.00,"3- Essequibo Islands- West Demerara",246,"New Rd. Vreed en Hoop","West Bank Demerara River (From Vreed-en-Hoop)","-58.1833","6.7667",,,3/23/2002 0:00:00,12/30/1899 19:00:00,"D- Property Damage","F- Driver",24.00,"Male","K- Private Cars;M- Hire Cars","S- Driver's Negligence",2.00
4919,22099.00,"3- Essequibo Islands- West Demerara",246,"New Rd. Vreed en Hoop","West Bank Demerara River (From Vreed-en-Hoop)","-58.1833","6.7667",,,4/14/2002 0:00:00,12/30/1899 21:20:00,"C- Minor Injury","E- Pedestrian",35.00,"Male","K- Private Cars","T-Pedestrian's Negligence",2.00
4920,22100.00,"3- Essequibo Islands- West Demerara",246,"New Rd. Vreed en Hoop","West Bank Demerara River (From Vreed-en-Hoop)","-58.1833","6.7667",,,4/18/2002 0:00:00,,"D- Property Damage","F- Driver",28.00,"Male","J- Minibus;M- Hire Cars","S- Driver's Negligence",2.00
4921,22101.00,"3- Essequibo Islands- West Demerara",246,"Vreed en Hoop Public Rd.","West Bank Demerara River (From Vreed-en-Hoop)","-58.1833","6.7667",,,4/27/2002 0:00:00,12/30/1899 23:30:00,"D- Property Damage","G- Rider",24.00,"Male","V-Motor Cycle","U- Cyclist's Negligence",2.00
4922,22102.00,"3- Essequibo Islands- West Demerara",177,"Wallers Delight Public Rd.","West Coast Demerara (From Vreed-en-Hoop, I.b. Demerara River)","-58.2167","6.8333",,,6/21/2002 0:00:00,12/30/1899 23:30:00,"B- Serious Injury","F- Driver",34.00,"Male","M- Hire Cars;N- Pickup","S- Driver's Negligence",2.00
4923,22103.00,"3- Essequibo Islands- West Demerara",247,"Pouderoyen Public Rd.","West Bank Demerara River (From Vreed-en-Hoop)","-58.2000","6.8000",,,6/30/2002 0:00:00,12/30/1899 20:30:00,"C- Minor Injury","F- Driver",35.00,"Male","K- Private Cars;N- Pickup","R- Improper Overtaking",2.00
4924,22104.00,"3- Essequibo Islands- West Demerara",246,"Vreed en Hoop Public Rd.","West Bank Demerara River (From Vreed-en-Hoop)","-58.1833","6.7667",,,7/22/2002 0:00:00,12/30/1899 3:45:00,"C- Minor Injury","E- Pedestrian",64.00,"Female","J- Minibus","T-Pedestrian's Negligence",2.00
4925,22105.00,"3- Essequibo Islands- West Demerara",246,"New Rd. Vreed en Hoop","West Bank Demerara River (From Vreed-en-Hoop)","-58.1833","6.7667",,,7/24/2002 0:00:00,12/30/1899 19:30:00,"C- Minor Injury","F- Driver",42.00,"Male","L- Lorries Van;W-Pedal Cycle","S- Driver's Negligence",2.00
4926,22106.00,"3- Essequibo Islands- West Demerara",255,"Versailles Public Rd.","West Bank Demerara River (From Vreed-en-Hoop)","-58.2000","6.8000",,,7/28/2002 0:00:00,12/30/1899 18:40:00,"C- Minor Injury","G- Rider",52.00,"Male","M- Hire Cars;W-Pedal Cycle","U- Cyclist's Negligence",2.00
4927,22107.00,"3- Essequibo Islands- West Demerara",247,"Pouderoyen Public Rd.","West Bank Demerara River (From Vreed-en-Hoop)","-58.2000","6.8000",,,8/1/2002 0:00:00,12/30/1899 21:15:00,"D- Property Damage","F- Driver",52.00,"Male","J- Minibus;V-Motor Cycle","P- Speeding",2.00
4928,22108.00,"3- Essequibo Islands- West Demerara",255,"Versailles Public Rd.","West Bank Demerara River (From Vreed-en-Hoop)","-58.2000","6.8000",,,8/4/2002 0:00:00,12/30/1899 1:30:00,"D- Property Damage","F- Driver",41.00,"Male","K- Private Cars;N- Pickup","S- Driver's Negligence",2.00
4929,22109.00,"3- Essequibo Islands- West Demerara",247,"Pouderoyen Public Rd.","West Bank Demerara River (From Vreed-en-Hoop)","-58.2000","6.8000",,,8/21/2002 0:00:00,12/30/1899 17:00:00,"B- Serious Injury","G- Rider",52.00,"Male","M- Hire Cars;V-Motor Cycle","U- Cyclist's Negligence",2.00
4930,22110.00,"3- Essequibo Islands- West Demerara",247,"Pouderoyen Public Rd.","West Bank Demerara River (From Vreed-en-Hoop)","-58.2000","6.8000",,,8/22/2002 0:00:00,12/30/1899 19:30:00,"D- Property Damage","F- Driver",22.00,"Male","J- Minibus;K- Private Cars","S- Driver's Negligence",2.00
4931,22111.00,"3- Essequibo Islands- West Demerara",246,"New Rd. Vreed en Hoop","West Bank Demerara River (From Vreed-en-Hoop)","-58.1833","6.7667",,,9/1/2002 0:00:00,12/30/1899 19:30:00,"B- Serious Injury","E- Pedestrian",37.00,"Male","K- Private Cars","T-Pedestrian's Negligence",2.00
4932,22112.00,"3- Essequibo Islands- West Demerara",247,"Pouderoyen Public Rd.","West Bank Demerara River (From Vreed-en-Hoop)","-58.2000","6.8000",,,9/25/2002 0:00:00,12/30/1899 17:10:00,"C- Minor Injury","G- Rider",32.00,"Male","M- Hire Cars;V-Motor Cycle","U- Cyclist's Negligence",2.00
4933,22113.00,"3- Essequibo Islands- West Demerara",173,"La Union Public Rd.","West Coast Demerara (From Vreed-en-Hoop, I.b. Demerara River)","-58.2167","6.8167",,,9/27/2002 0:00:00,12/30/1899 17:00:00,"D- Property Damage","F- Driver",28.00,"Male","K- Private Cars;L- Lorries Van","P- Speeding",2.00
4934,22114.00,"3- Essequibo Islands- West Demerara",247,"Pouderoyen Public Rd.","West Bank Demerara River (From Vreed-en-Hoop)","-58.2000","6.8000",,,9/13/2002 0:00:00,12/30/1899 8:45:00,"C- Minor Injury","F- Driver",37.00,"Male","J- Minibus","S- Driver's Negligence",2.00
4935,22115.00,"3- Essequibo Islands- West Demerara",175,"Harlem Public Rd.","West Coast Demerara (From Vreed-en-Hoop, I.b. Demerara River)","-58.2205","6.8347",,,10/5/2002 0:00:00,12/30/1899 2:10:00,"A- Fatal","F- Driver",24.00,"Male","J- Minibus","P- Speeding",2.00
4936,22116.00,"3- Essequibo Islands- West Demerara",247,"Pouderoyen Public Rd.","West Bank Demerara River (From Vreed-en-Hoop)","-58.2000","6.8000",,,10/28/2002 0:00:00,12/30/1899 17:30:00,"C- Minor Injury","F- Driver",42.00,"Male","M- Hire Cars","S- Driver's Negligence",2.00
4937,22117.00,"3- Essequibo Islands- West Demerara",246,"New Rd. Vreed en Hoop","West Bank Demerara River (From Vreed-en-Hoop)","-58.1833","6.7667",,,11/2/2002 0:00:00,12/30/1899 0:30:00,"D- Property Damage","F- Driver",,"Male","K- Private Cars;L- Lorries Van","S- Driver's Negligence",2.00
4938,22118.00,"3- Essequibo Islands- West Demerara",247,"Pouderoyen Public Rd.","West Bank Demerara River (From Vreed-en-Hoop)","-58.2000","6.8000",,,11/6/2002 0:00:00,12/30/1899 5:00:00,"D- Property Damage","F- Driver",24.00,"Male","L- Lorries Van;M- Hire Cars","P- Speeding",2.00
4939,22119.00,"3- Essequibo Islands- West Demerara",246,"New Rd. Vreed en Hoop","West Bank Demerara River (From Vreed-en-Hoop)","-58.1833","6.7667",,,11/11/2002 0:00:00,12/30/1899 10:30:00,"C- Minor Injury","F- Driver",52.00,"Male","L- Lorries Van;M- Hire Cars","R- Improper Overtaking",3.00
4940,22120.00,"3- Essequibo Islands- West Demerara",246,"Vreed en Hoop Public Rd.","West Bank Demerara River (From Vreed-en-Hoop)","-58.1833","6.7667",,,11/20/2002 0:00:00,12/30/1899 4:30:00,"D- Property Damage","F- Driver",,"Male","K- Private Cars;M- Hire Cars","S- Driver's Negligence",2.00
4941,22121.00,"3- Essequibo Islands- West Demerara",246,"New Rd. Vreed en Hoop","West Bank Demerara River (From Vreed-en-Hoop)","-58.1833","6.7667",,,12/1/2002 0:00:00,12/30/1899 20:00:00,"B- Serious Injury","F- Driver",51.00,"Male","K- Private Cars","P- Speeding",4.00
4942,22122.00,"3- Essequibo Islands- West Demerara",175,"Harlem Public Rd.","West Coast Demerara (From Vreed-en-Hoop, I.b. Demerara River)","-58.2205","6.8347",,,12/3/2002 0:00:00,12/30/1899 16:45:00,"A- Fatal","F- Driver",,"Male","J- Minibus","P- Speeding",2.00
4943,22123.00,"3- Essequibo Islands- West Demerara",255,"Versailles Public Rd.","West Bank Demerara River (From Vreed-en-Hoop)","-58.2000","6.8000",,,12/8/2002 0:00:00,12/30/1899 15:45:00,"D- Property Damage","F- Driver",,"Male","J- Minibus","S- Driver's Negligence",2.00
4944,22124.00,"3- Essequibo Islands- West Demerara",247,"Pouderoyen Public Rd.","West Bank Demerara River (From Vreed-en-Hoop)","-58.2000","6.8000",,,12/13/2002 0:00:00,12/30/1899 18:25:00,"B- Serious Injury","E- Pedestrian",14.00,"Male","V-Motor Cycle","T-Pedestrian's Negligence",2.00
4945,22125.00,"3- Essequibo Islands- West Demerara",247,"Pouderoyen Public Rd.","West Bank Demerara River (From Vreed-en-Hoop)","-58.2000","6.8000",,,12/17/2002 0:00:00,12/30/1899 19:00:00,"B- Serious Injury","E- Pedestrian",8.00,"Male","V-Motor Cycle","T-Pedestrian's Negligence",2.00
4946,22126.00,"3- Essequibo Islands- West Demerara",246,"Vreed en Hoop Public Rd.","West Bank Demerara River (From Vreed-en-Hoop)","-58.1833","6.7667",,,12/20/2002 0:00:00,12/30/1899 10:30:00,"D- Property Damage","F- Driver",19.00,"Male","K- Private Cars;L- Lorries Van","S- Driver's Negligence",2.00
4947,22127.00,"3- Essequibo Islands- West Demerara",246,"New Rd. Vreed en Hoop","West Bank Demerara River (From Vreed-en-Hoop)","-58.1833","6.7667",,,12/20/2002 0:00:00,12/30/1899 23:30:00,"B- Serious Injury","F- Driver",40.00,"Male","M- Hire Cars","P- Speeding",2.00
4948,22128.00,"3- Essequibo Islands- West Demerara",246,"New Rd. Vreed en Hoop","West Bank Demerara River (From Vreed-en-Hoop)","-58.1833","6.7667",,,12/25/2002 0:00:00,12/30/1899 2:00:00,"D- Property Damage","F- Driver",,"Male","J- Minibus;N- Pickup","O- Lost Control & Runoff",2.00
4949,22129.00,"3- Essequibo Islands- West Demerara",247,"Pouderoyen Public Rd.","West Bank Demerara River (From Vreed-en-Hoop)","-58.2000","6.8000",,,12/28/2002 0:00:00,12/30/1899 3:00:00,"D- Property Damage","F- Driver",,"Male","K- Private Cars","S- Driver's Negligence",2.00
4950,22130.00,"3- Essequibo Islands- West Demerara",172,"Nouvelle Flanders Public Rd.","West Coast Demerara (From Vreed-en-Hoop, I.b. Demerara River)","-58.2333","6.8333",,,1/2/2003 0:00:00,12/30/1899 14:30:00,"B- Serious Injury","F- Driver",67.00,"Male","K- Private Cars;L- Lorries Van","P- Speeding",2.00
4951,22131.00,"3- Essequibo Islands- West Demerara",175,"Harlem Public Rd.","West Coast Demerara (From Vreed-en-Hoop, I.b. Demerara River)","-58.2205","6.8347",,,1/8/2003 0:00:00,12/30/1899 19:30:00,"B- Serious Injury","F- Driver",28.00,"Male","J- Minibus","P- Speeding",2.00
4952,22132.00,"3- Essequibo Islands- West Demerara",246,"New Rd. Vreed en Hoop","West Bank Demerara River (From Vreed-en-Hoop)","-58.1833","6.7667",,,1/10/2003 0:00:00,12/30/1899 21:10:00,"B- Serious Injury","F- Driver",48.00,"Male","M- Hire Cars","S- Driver's Negligence",2.00
4953,22133.00,"3- Essequibo Islands- West Demerara",246,"New Rd. Vreed en Hoop","West Bank Demerara River (From Vreed-en-Hoop)","-58.1833","6.7667",,,1/10/2003 0:00:00,12/30/1899 21:15:00,"D- Property Damage","F- Driver",48.00,"Male","J- Minibus;M- Hire Cars","P- Speeding",2.00
4954,22134.00,"3- Essequibo Islands- West Demerara",247,"Pouderoyen Public Rd.","West Bank Demerara River (From Vreed-en-Hoop)","-58.2000","6.8000",,,1/22/2003 0:00:00,12/30/1899 17:15:00,"B- Serious Injury","F- Driver",35.00,"Male","M- Hire Cars","O- Lost Control & Runoff",3.00
4955,22135.00,"3- Essequibo Islands- West Demerara",247,"Pouderoyen Public Rd.","West Bank Demerara River (From Vreed-en-Hoop)","-58.2000","6.8000",,,2/5/2003 0:00:00,12/30/1899 16:05:00,"D- Property Damage","F- Driver",32.00,"Male","K- Private Cars;L- Lorries Van","S- Driver's Negligence",2.00
4956,22136.00,"3- Essequibo Islands- West Demerara",246,"Vreed en Hoop Public Rd.","West Bank Demerara River (From Vreed-en-Hoop)","-58.1833","6.7667",,,2/5/2003 0:00:00,12/30/1899 16:30:00,"D- Property Damage","F- Driver",48.00,"Male","J- Minibus;L- Lorries Van","P- Speeding",2.00
4957,22137.00,"3- Essequibo Islands- West Demerara",247,"Pouderoyen Public Rd.","West Bank Demerara River (From Vreed-en-Hoop)","-58.2000","6.8000",,,2/11/2003 0:00:00,12/30/1899 19:30:00,"A- Fatal","F- Driver",35.00,"Male","K- Private Cars","P- Speeding",2.00
4958,22138.00,"3- Essequibo Islands- West Demerara",247,"Pouderoyen Public Rd.","West Bank Demerara River (From Vreed-en-Hoop)","-58.2000","6.8000",,,2/23/2003 0:00:00,12/30/1899 12:30:00,"B- Serious Injury","G- Rider",39.00,"Male","V-Motor Cycle;W-Pedal Cycle","U- Cyclist's Negligence",2.00
4959,22139.00,"3- Essequibo Islands- West Demerara",246,"New Rd. Vreed en Hoop","West Bank Demerara River (From Vreed-en-Hoop)","-58.1833","6.7667",,,3/19/2003 0:00:00,12/30/1899 2:10:00,"C- Minor Injury","F- Driver",25.00,"Male","K- Private Cars","S- Driver's Negligence",2.00
4960,22140.00,"3- Essequibo Islands- West Demerara",246,"New Rd. Vreed en Hoop","West Bank Demerara River (From Vreed-en-Hoop)","-58.1833","6.7667",,,5/3/2003 0:00:00,12/30/1899 19:10:00,"C- Minor Injury","E- Pedestrian",27.00,"Male","M- Hire Cars","T-Pedestrian's Negligence",3.00
4961,22141.00,"3- Essequibo Islands- West Demerara",247,"Pouderoyen Public Rd.","West Bank Demerara River (From Vreed-en-Hoop)","-58.2000","6.8000",,,5/8/2003 0:00:00,12/30/1899 12:40:00,"B- Serious Injury","F- Driver",,"Male","M- Hire Cars;V-Motor Cycle","S- Driver's Negligence",2.00
4962,22142.00,"3- Essequibo Islands- West Demerara",246,"New Rd. Vreed en Hoop","West Bank Demerara River (From Vreed-en-Hoop)","-58.1833","6.7667",,,6/12/2003 0:00:00,12/30/1899 12:00:00,"C- Minor Injury","F- Driver",25.00,"Female","K- Private Cars;L- Lorries Van","S- Driver's Negligence",2.00
4963,22143.00,"3- Essequibo Islands- West Demerara",172,"Nouvelle Flanders Public Rd.","West Coast Demerara (From Vreed-en-Hoop, I.b. Demerara River)","-58.2333","6.8333",,,7/4/2004 0:00:00,12/30/1899 12:20:00,"B- Serious Injury","F- Driver",31.00,"Male","M- Hire Cars","P- Speeding",2.00
4964,22144.00,"3- Essequibo Islands- West Demerara",175,"Harlem Public Rd.","West Coast Demerara (From Vreed-en-Hoop, I.b. Demerara River)","-58.2205","6.8347",,,7/5/2004 0:00:00,12/30/1899 18:05:00,"C- Minor Injury","F- Driver",27.00,"Male","J- Minibus;K- Private Cars","P- Speeding",3.00
4965,22145.00,"3- Essequibo Islands- West Demerara",246,"New Rd. Vreed en Hoop","West Bank Demerara River (From Vreed-en-Hoop)","-58.1833","6.7667",,,7/23/2004 0:00:00,12/30/1899 8:00:00,"B- Serious Injury","F- Driver",61.00,"Male","M- Hire Cars;V-Motor Cycle","S- Driver's Negligence",3.00
4966,22146.00,"3- Essequibo Islands- West Demerara",246,"New Rd. Vreed en Hoop","West Bank Demerara River (From Vreed-en-Hoop)","-58.1833","6.7667",,,7/30/2004 0:00:00,12/30/1899 12:45:00,"B- Serious Injury","F- Driver",58.00,"Male","L- Lorries Van","O- Lost Control & Runoff",3.00
4967,22147.00,"3- Essequibo Islands- West Demerara",246,"New Rd. Vreed en Hoop","West Bank Demerara River (From Vreed-en-Hoop)","-58.1833","6.7667",,,7/26/2004 0:00:00,12/30/1899 21:00:00,"D- Property Damage","F- Driver",29.00,"Male","K- Private Cars;L- Lorries Van","S- Driver's Negligence",2.00
4968,22148.00,"3- Essequibo Islands- West Demerara",247,"Pouderoyen Public Rd.","West Bank Demerara River (From Vreed-en-Hoop)","-58.2000","6.8000",,,8/8/2004 0:00:00,12/30/1899 18:40:00,"D- Property Damage","F- Driver",38.00,"Male","J- Minibus;K- Private Cars","S- Driver's Negligence",2.00
4969,22149.00,"3- Essequibo Islands- West Demerara",173,"La Union Public Rd.","West Coast Demerara (From Vreed-en-Hoop, I.b. Demerara River)","-58.2167","6.8167",,,8/10/2004 0:00:00,12/30/1899 20:30:00,"A- Fatal","G- Rider",59.00,"Male","M- Hire Cars;W-Pedal Cycle","U- Cyclist's Negligence",2.00
4970,22150.00,"3- Essequibo Islands- West Demerara",172,"Nouvelle Flanders Public Rd.","West Coast Demerara (From Vreed-en-Hoop, I.b. Demerara River)","-58.2333","6.8333",,,8/11/2004 0:00:00,,"B- Serious Injury","F- Driver",57.00,"Male","K- Private Cars;L- Lorries Van","O- Lost Control & Runoff",2.00
4971,22151.00,"3- Essequibo Islands- West Demerara",246,"Plantain Walk Public Rd.","West Bank Demerara River (From Vreed-en-Hoop)","-58.1833","6.7667",,,8/27/2004 0:00:00,12/30/1899 23:00:00,"B- Serious Injury","G- Rider",46.00,"Male","K- Private Cars;V-Motor Cycle","U- Cyclist's Negligence",2.00
4972,22152.00,"3- Essequibo Islands- West Demerara",246,"Plantain Walk Public Rd.","West Bank Demerara River (From Vreed-en-Hoop)","-58.1833","6.7667",,,10/2/2004 0:00:00,12/30/1899 19:30:00,"B- Serious Injury","F- Driver",58.00,"Male","K- Private Cars","T-Pedestrian's Negligence",2.00
4973,22153.00,"3- Essequibo Islands- West Demerara",246,"Plantain Walk Public Rd.","West Bank Demerara River (From Vreed-en-Hoop)","-58.1833","6.7667",,,10/5/2004 0:00:00,12/30/1899 23:00:00,"D- Property Damage","F- Driver",32.00,"Male","K- Private Cars","S- Driver's Negligence",2.00
4974,22154.00,"3- Essequibo Islands- West Demerara",247,"Pouderoyen Public Rd.","West Bank Demerara River (From Vreed-en-Hoop)","-58.2000","6.8000",,,10/16/2004 0:00:00,12/30/1899 21:45:00,"C- Minor Injury","G- Rider",51.00,"Male","J- Minibus;V-Motor Cycle","U- Cyclist's Negligence",2.00
4975,22155.00,"3- Essequibo Islands- West Demerara",246,"Vreed en Hoop","West Bank Demerara River (From Vreed-en-Hoop)","-58.1833","6.7667",,,10/12/2004 0:00:00,12/30/1899 15:45:00,"D- Property Damage","F- Driver",38.00,"Male","J- Minibus;L- Lorries Van","S- Driver's Negligence",2.00
4976,22156.00,"3- Essequibo Islands- West Demerara",246,"New Rd. Vreed en Hoop","West Bank Demerara River (From Vreed-en-Hoop)","-58.1833","6.7667",,,10/20/2004 0:00:00,12/30/1899 6:45:00,"D- Property Damage","F- Driver",38.00,"Male","K- Private Cars;M- Hire Cars","P- Speeding",2.00
4977,22157.00,"3- Essequibo Islands- West Demerara",246,"New Rd. Vreed en Hoop","West Bank Demerara River (From Vreed-en-Hoop)","-58.1833","6.7667",,,10/23/2004 0:00:00,12/30/1899 20:30:00,"B- Serious Injury","G- Rider",52.00,"Male","W-Pedal Cycle","U- Cyclist's Negligence",2.00
4978,22158.00,"3- Essequibo Islands- West Demerara",247,"Pouderoyen Public Rd.","West Bank Demerara River (From Vreed-en-Hoop)","-58.2000","6.8000",,,10/25/2004 0:00:00,12/30/1899 19:30:00,"B- Serious Injury","E- Pedestrian",26.00,"Male","K- Private Cars","T-Pedestrian's Negligence",2.00
4979,22159.00,"3- Essequibo Islands- West Demerara",247,"Pouderoyen Public Rd.","West Bank Demerara River (From Vreed-en-Hoop)","-58.2000","6.8000",,,11/1/2004 0:00:00,12/30/1899 7:30:00,"B- Serious Injury","E- Pedestrian",26.00,"Male","L- Lorries Van","T-Pedestrian's Negligence",2.00
4980,22160.00,"3- Essequibo Islands- West Demerara",246,"Plantain Walk Public Rd.","West Bank Demerara River (From Vreed-en-Hoop)","-58.1833","6.7667",,,11/2/2004 0:00:00,12/30/1899 8:40:00,"D- Property Damage","F- Driver",,"Male","M- Hire Cars","S- Driver's Negligence",2.00
4981,22161.00,"3- Essequibo Islands- West Demerara",246,"Vreed en Hoop Public Rd.","West Bank Demerara River (From Vreed-en-Hoop)","-58.1833","6.7667",,,11/4/2004 0:00:00,12/30/1899 12:30:00,"B- Serious Injury","E- Pedestrian",6.00,"Female","M- Hire Cars","T-Pedestrian's Negligence",2.00
4982,22162.00,"3- Essequibo Islands- West Demerara",246,"New Rd. Vreed en Hoop","West Bank Demerara River (From Vreed-en-Hoop)","-58.1833","6.7667",,,11/22/2004 0:00:00,12/30/1899 16:30:00,"D- Property Damage","F- Driver",,"Female","J- Minibus;K- Private Cars","S- Driver's Negligence",3.00
4983,22163.00,"3- Essequibo Islands- West Demerara",246,"Vreed en Hoop Public Rd.","West Bank Demerara River (From Vreed-en-Hoop)","-58.1833","6.7667",,,12/6/2004 0:00:00,12/30/1899 12:06:00,"C- Minor Injury","F- Driver",25.00,"Male","J- Minibus","S- Driver's Negligence",2.00
4984,22164.00,"3- Essequibo Islands- West Demerara",246,"New Rd. Vreed en Hoop","West Bank Demerara River (From Vreed-en-Hoop)","-58.1833","6.7667",,,12/8/2004 0:00:00,12/30/1899 9:30:00,"B- Serious Injury","F- Driver",52.00,"Male","M- Hire Cars;V-Motor Cycle","S- Driver's Negligence",2.00
4985,22165.00,"3- Essequibo Islands- West Demerara",246,"New Rd. Vreed en Hoop","West Bank Demerara River (From Vreed-en-Hoop)","-58.1833","6.7667",,,12/13/2004 0:00:00,12/30/1899 11:15:00,"A- Fatal","G- Rider",32.00,"Male","N- Pickup;W-Pedal Cycle","U- Cyclist's Negligence",2.00
4986,22166.00,"3- Essequibo Islands- West Demerara",247,"Pouderoyen Public Rd.","West Bank Demerara River (From Vreed-en-Hoop)","-58.2000","6.8000",,,12/26/2004 0:00:00,12/30/1899 19:20:00,"D- Property Damage","F- Driver",80.00,"Male","K- Private Cars;N- Pickup","S- Driver's Negligence",2.00
4987,22167.00,"3- Essequibo Islands- West Demerara",247,"Pouderoyen Public Rd.","West Bank Demerara River (From Vreed-en-Hoop)","-58.2000","6.8000",,,12/26/2004 0:00:00,12/30/1899 16:30:00,"D- Property Damage","F- Driver",21.00,"Male","K- Private Cars;N- Pickup","S- Driver's Negligence",3.00
4988,22168.00,"3- Essequibo Islands- West Demerara",247,"Pouderoyen Public Rd.","West Bank Demerara River (From Vreed-en-Hoop)","-58.2000","6.8000",,,12/22/2004 0:00:00,12/30/1899 19:15:00,"C- Minor Injury","F- Driver",,"Male","J- Minibus;W-Pedal Cycle","S- Driver's Negligence",2.00
4989,22169.00,"3- Essequibo Islands- West Demerara",246,"New Rd. Vreed en Hoop","West Bank Demerara River (From Vreed-en-Hoop)","-58.1833","6.7667",,,1/8/2005 0:00:00,12/30/1899 7:10:00,"B- Serious Injury","F- Driver",,"Male","K- Private Cars;M- Hire Cars","S- Driver's Negligence",4.00
4990,22170.00,"3- Essequibo Islands- West Demerara",199,"Crane Old Rd.","Right Bank Essequibo River (From Vreed-en-Hoop, I.b. Demerara River)",,,,,1/22/2005 0:00:00,12/30/1899 2:30:00,"B- Serious Injury","F- Driver",42.00,"Male","J- Minibus;K- Private Cars","P- Speeding",7.00
4991,22171.00,"3- Essequibo Islands- West Demerara",246,"New Rd. Vreed en Hoop","West Bank Demerara River (From Vreed-en-Hoop)","-58.1833","6.7667",,,1/28/2005 0:00:00,12/30/1899 16:30:00,"B- Serious Injury","E- Pedestrian",49.00,"Male","K- Private Cars","T-Pedestrian's Negligence",2.00
4992,22172.00,"3- Essequibo Islands- West Demerara",173,"La Union Public Rd.","West Coast Demerara (From Vreed-en-Hoop, I.b. Demerara River)","-58.2167","6.8167",,,2/2/2005 0:00:00,12/30/1899 12:30:00,"D- Property Damage","F- Driver",45.00,"Male","J- Minibus;L- Lorries Van","S- Driver's Negligence",2.00
4993,22173.00,"3- Essequibo Islands- West Demerara",247,"Pouderoyen Public Rd.","West Bank Demerara River (From Vreed-en-Hoop)","-58.2000","6.8000",,,2/9/2005 0:00:00,12/30/1899 8:10:00,"C- Minor Injury","G- Rider",,"Male","K- Private Cars;V-Motor Cycle","U- Cyclist's Negligence",2.00
4994,22174.00,"3- Essequibo Islands- West Demerara",246,"New Rd. Vreed en Hoop","West Bank Demerara River (From Vreed-en-Hoop)","-58.1833","6.7667",,,2/13/2005 0:00:00,12/30/1899 14:00:00,"D- Property Damage","F- Driver",,"Male","J- Minibus;K- Private Cars","P- Speeding",2.00
4995,22175.00,"3- Essequibo Islands- West Demerara",246,"New Rd. Vreed en Hoop","West Bank Demerara River (From Vreed-en-Hoop)","-58.1833","6.7667",,,3/4/2005 0:00:00,12/30/1899 16:20:00,"A- Fatal","E- Pedestrian",13.00,"Female","V-Motor Cycle","T-Pedestrian's Negligence",2.00
4996,22176.00,"3- Essequibo Islands- West Demerara",247,"Pouderoyen Public Rd.","West Bank Demerara River (From Vreed-en-Hoop)","-58.2000","6.8000",,,3/7/2005 0:00:00,12/30/1899 15:20:00,"B- Serious Injury","E- Pedestrian",35.00,"Male","V-Motor Cycle","T-Pedestrian's Negligence",2.00
4997,22177.00,"3- Essequibo Islands- West Demerara",246,"New Rd. Vreed en Hoop","West Bank Demerara River (From Vreed-en-Hoop)","-58.1833","6.7667",,,2/11/2005 0:00:00,12/30/1899 19:00:00,"C- Minor Injury","E- Pedestrian",58.00,"Male","K- Private Cars","T-Pedestrian's Negligence",2.00
4998,22178.00,"3- Essequibo Islands- West Demerara",246,"New Rd. Vreed en Hoop","West Bank Demerara River (From Vreed-en-Hoop)","-58.1833","6.7667",,,3/8/2005 0:00:00,12/30/1899 18:00:00,"C- Minor Injury","E- Pedestrian",9.00,"Male","V-Motor Cycle","T-Pedestrian's Negligence",2.00
4999,22179.00,"3- Essequibo Islands- West Demerara",246,"New Rd. Vreed en Hoop","West Bank Demerara River (From Vreed-en-Hoop)","-58.1833","6.7667",,,3/16/2005 0:00:00,12/30/1899 10:30:00,"C- Minor Injury","F- Driver",37.00,"Male","K- Private Cars;V-Motor Cycle","S- Driver's Negligence",2.00