"ID","Accident ID","Region Number","Corridor ID","Location (Intersection/Road/Street)","Corridor","Location- longitude/ X","Location- latitude/  Y","Mile Marker","Village","Date of Accident","Time of Accident","Type of Accident","Class of Road User","Age/DOB","Gender","Class of Vehicles Involved","Contributing Factor","Number of Persons Involved"
5000,22180.00,"3- Essequibo Islands- West Demerara",246,"New Rd. Vreed en Hoop","West Bank Demerara River (From Vreed-en-Hoop)","-58.1833","6.7667",,,4/30/2005 0:00:00,12/30/1899 18:00:00,"D- Property Damage","F- Driver",46.00,"Male","J- Minibus;N- Pickup","S- Driver's Negligence",2.00
5001,22181.00,"3- Essequibo Islands- West Demerara",254,"Malgre Tout Public Rd.","West Bank Demerara River (From Vreed-en-Hoop)","-58.2000","6.8000",,,5/2/2005 0:00:00,12/30/1899 16:00:00,"A- Fatal","G- Rider",28.00,"Male","V-Motor Cycle","P- Speeding",1.00
5002,22182.00,"3- Essequibo Islands- West Demerara",173,"La Union Public Rd.","West Coast Demerara (From Vreed-en-Hoop, I.b. Demerara River)","-58.2167","6.8167",,,5/3/2005 0:00:00,12/30/1899 6:30:00,"D- Property Damage","F- Driver",35.00,"Male","J- Minibus;K- Private Cars","S- Driver's Negligence",2.00
5003,22183.00,"3- Essequibo Islands- West Demerara",254,"Malgre Tout Public Rd.","West Bank Demerara River (From Vreed-en-Hoop)","-58.2000","6.8000",,,5/13/2005 0:00:00,12/30/1899 13:30:00,"C- Minor Injury","G- Rider",59.00,"Male","K- Private Cars;W-Pedal Cycle","U- Cyclist's Negligence",2.00
5004,22184.00,"3- Essequibo Islands- West Demerara",177,"Wallers Delight Public Rd.","West Coast Demerara (From Vreed-en-Hoop, I.b. Demerara River)","-58.2167","6.8333",,,5/29/2005 0:00:00,12/30/1899 17:10:00,"B- Serious Injury","F- Driver",34.00,"Male","J- Minibus;K- Private Cars;N- Pickup","P- Speeding",3.00
5005,22185.00,"3- Essequibo Islands- West Demerara",246,"New Rd. Public Rd.","West Bank Demerara River (From Vreed-en-Hoop)","-58.1833","6.7667",,,6/19/2005 0:00:00,12/30/1899 16:00:00,"C- Minor Injury","E- Pedestrian",28.00,"Male","J- Minibus","T-Pedestrian's Negligence",2.00
5006,22186.00,"3- Essequibo Islands- West Demerara",177,"Wallers Delight Public Rd.","West Coast Demerara (From Vreed-en-Hoop, I.b. Demerara River)","-58.2167","6.8333",,,6/22/2005 0:00:00,12/30/1899 7:30:00,"C- Minor Injury","E- Pedestrian",13.00,"Male","V-Motor Cycle","T-Pedestrian's Negligence",2.00
5007,22187.00,"3- Essequibo Islands- West Demerara",246,"New Rd. Vreed en Hoop","West Bank Demerara River (From Vreed-en-Hoop)","-58.1833","6.7667",,,6/28/2005 0:00:00,12/30/1899 22:00:00,"C- Minor Injury","F- Driver",28.00,"Male","K- Private Cars;M- Hire Cars","P- Speeding",2.00
5008,22188.00,"3- Essequibo Islands- West Demerara",246,"Vreed en Hoop Public Rd.","West Bank Demerara River (From Vreed-en-Hoop)","-58.1833","6.7667",,,7/19/2005 0:00:00,12/30/1899 12:15:00,"D- Property Damage","F- Driver",23.00,"Male","J- Minibus;L- Lorries Van","S- Driver's Negligence",2.00
5009,22189.00,"3- Essequibo Islands- West Demerara",175,"Harlem Public Rd.","West Coast Demerara (From Vreed-en-Hoop, I.b. Demerara River)","-58.2205","6.8347",,,7/24/2005 0:00:00,12/30/1899 19:10:00,"A- Fatal","G- Rider",28.00,"Male","N- Pickup;W-Pedal Cycle","U- Cyclist's Negligence",2.00
5010,22190.00,"3- Essequibo Islands- West Demerara",246,"New Rd. Vreed en Hoop","West Bank Demerara River (From Vreed-en-Hoop)","-58.1833","6.7667",,,7/24/2005 0:00:00,12/30/1899 21:45:00,"A- Fatal","G- Rider",32.00,"Male","V-Motor Cycle;W-Pedal Cycle","U- Cyclist's Negligence",2.00
5011,22191.00,"3- Essequibo Islands- West Demerara",246,"New Rd. Vreed en Hoop","West Bank Demerara River (From Vreed-en-Hoop)","-58.1833","6.7667",,,8/3/2005 0:00:00,12/30/1899 17:45:00,"B- Serious Injury","E- Pedestrian",76.00,"Male","M- Hire Cars","T-Pedestrian's Negligence",2.00
5012,22192.00,"3- Essequibo Islands- West Demerara",255,"Versailles Public Rd.","West Bank Demerara River (From Vreed-en-Hoop)","-58.2000","6.8000",,,8/3/2005 0:00:00,12/30/1899 12:00:00,"C- Minor Injury","F- Driver",48.00,"Male","L- Lorries Van;W-Pedal Cycle","S- Driver's Negligence",2.00
5013,22193.00,"3- Essequibo Islands- West Demerara",247,"Pouderoyen Public Rd.","West Bank Demerara River (From Vreed-en-Hoop)","-58.2000","6.8000",,,8/7/2005 0:00:00,12/30/1899 21:30:00,"D- Property Damage","G- Rider",35.00,"Female","K- Private Cars;V-Motor Cycle","P- Speeding",2.00
5014,22194.00,"3- Essequibo Islands- West Demerara",246,"New Rd. Vreed en Hoop","West Bank Demerara River (From Vreed-en-Hoop)","-58.1833","6.7667",,,8/14/2005 0:00:00,12/30/1899 23:30:00,"B- Serious Injury","E- Pedestrian",,"Male","L- Lorries Van","T-Pedestrian's Negligence",2.00
5015,22195.00,"3- Essequibo Islands- West Demerara",247,"Pouderoyen Public Rd.","West Bank Demerara River (From Vreed-en-Hoop)","-58.2000","6.8000",,,8/20/2005 0:00:00,12/30/1899 19:30:00,"B- Serious Injury","E- Pedestrian",45.00,"Male","V-Motor Cycle","T-Pedestrian's Negligence",2.00
5016,22196.00,"3- Essequibo Islands- West Demerara",255,"Versailles Public Rd.","West Bank Demerara River (From Vreed-en-Hoop)","-58.2000","6.8000",,,9/3/2005 0:00:00,12/30/1899 20:00:00,"B- Serious Injury","E- Pedestrian",,,"V-Motor Cycle","T-Pedestrian's Negligence",2.00
5017,22197.00,"3- Essequibo Islands- West Demerara",246,"Vreed en Hoop Public Rd.","West Bank Demerara River (From Vreed-en-Hoop)","-58.1833","6.7667",,,8/29/2005 0:00:00,12/30/1899 10:00:00,"B- Serious Injury","F- Driver",33.00,"Male","M- Hire Cars","S- Driver's Negligence",2.00
5018,22198.00,"3- Essequibo Islands- West Demerara",246,"Vreed en Hoop Public Rd.","West Bank Demerara River (From Vreed-en-Hoop)","-58.1833","6.7667",,,9/10/2005 0:00:00,12/30/1899 18:00:00,"C- Minor Injury","F- Driver",30.00,"Male","J- Minibus","S- Driver's Negligence",2.00
5019,22199.00,"3- Essequibo Islands- West Demerara",246,"Vreed en Hoop Public Rd.","West Bank Demerara River (From Vreed-en-Hoop)","-58.1833","6.7667",,,9/12/2005 0:00:00,,"C- Minor Injury","F- Driver",54.00,"Male","L- Lorries Van","S- Driver's Negligence",2.00
5020,22200.00,"3- Essequibo Islands- West Demerara",199,"Crane Public Rd.","Right Bank Essequibo River (From Vreed-en-Hoop, I.b. Demerara River)",,,,,9/17/2005 0:00:00,12/30/1899 7:30:00,"C- Minor Injury","F- Driver",16.00,"Male","J- Minibus;W-Pedal Cycle","S- Driver's Negligence",2.00
5021,22201.00,"3- Essequibo Islands- West Demerara",199,"Crane Public Rd.","Right Bank Essequibo River (From Vreed-en-Hoop, I.b. Demerara River)",,,,,9/22/2005 0:00:00,12/30/1899 11:50:00,"D- Property Damage","F- Driver",36.00,"Male","M- Hire Cars","S- Driver's Negligence",2.00
5022,22202.00,"3- Essequibo Islands- West Demerara",246,"Vreed en Hoop Public Rd.","West Bank Demerara River (From Vreed-en-Hoop)","-58.1833","6.7667",,,10/1/2005 0:00:00,12/30/1899 12:00:00,"D- Property Damage","F- Driver",80.00,"Male","M- Hire Cars","S- Driver's Negligence",2.00
5023,22203.00,"3- Essequibo Islands- West Demerara",171,"Best Public Rd.","West Coast Demerara (From Vreed-en-Hoop, I.b. Demerara River)","-58.2000","6.8167",,,10/23/2005 0:00:00,12/30/1899 13:15:00,"C- Minor Injury","E- Pedestrian;F- Driver",56.00,"Male","J- Minibus","Q- Alcohol",2.00
5024,22204.00,"3- Essequibo Islands- West Demerara",246,"New Rd. Vreed en Hoop","West Bank Demerara River (From Vreed-en-Hoop)","-58.1833","6.7667",,,11/8/2005 0:00:00,12/30/1899 13:00:00,"A- Fatal","E- Pedestrian",68.00,"Female","J- Minibus","T-Pedestrian's Negligence",2.00
5025,22205.00,"3- Essequibo Islands- West Demerara",175,"Harlem Public Rd.","West Coast Demerara (From Vreed-en-Hoop, I.b. Demerara River)","-58.2205","6.8347",,,11/23/2005 0:00:00,12/30/1899 18:30:00,"D- Property Damage","F- Driver",,"Male","J- Minibus;M- Hire Cars","S- Driver's Negligence",2.00
5026,22206.00,"3- Essequibo Islands- West Demerara",175,"Harlem Public Rd.","West Coast Demerara (From Vreed-en-Hoop, I.b. Demerara River)","-58.2205","6.8347",,,12/15/2005 0:00:00,12/30/1899 12:40:00,"B- Serious Injury","F- Driver",46.00,"Male","L- Lorries Van","S- Driver's Negligence",2.00
5027,22207.00,"3- Essequibo Islands- West Demerara",247,"Pouderoyen Public Rd.","West Bank Demerara River (From Vreed-en-Hoop)","-58.2000","6.8000",,,12/20/2005 0:00:00,12/30/1899 21:10:00,"C- Minor Injury","E- Pedestrian",19.00,"Male","M- Hire Cars","T-Pedestrian's Negligence",2.00
5028,22208.00,"3- Essequibo Islands- West Demerara",173,"La Union Public Rd.","West Coast Demerara (From Vreed-en-Hoop, I.b. Demerara River)","-58.2167","6.8167",,,1/1/2006 0:00:00,12/30/1899 19:00:00,"D- Property Damage","F- Driver",30.00,"Male","L- Lorries Van","O- Lost Control & Runoff",1.00
5029,22209.00,"3- Essequibo Islands- West Demerara",246,"Vreed en Hoop Public Rd.","West Bank Demerara River (From Vreed-en-Hoop)","-58.1833","6.7667",,,12/31/2005 0:00:00,12/30/1899 19:00:00,"D- Property Damage","F- Driver",44.00,"Male","K- Private Cars;M- Hire Cars","S- Driver's Negligence",2.00
5030,22210.00,"3- Essequibo Islands- West Demerara",199,"Crane Public Rd.","Right Bank Essequibo River (From Vreed-en-Hoop, I.b. Demerara River)",,,,,1/22/2006 0:00:00,12/30/1899 19:30:00,"B- Serious Injury","G- Rider",17.00,"Male","W-Pedal Cycle","U- Cyclist's Negligence",2.00
5031,22211.00,"3- Essequibo Islands- West Demerara",246,"New Rd. Vreed en Hoop","West Bank Demerara River (From Vreed-en-Hoop)","-58.1833","6.7667",,,1/24/2006 0:00:00,12/30/1899 12:15:00,"B- Serious Injury","E- Pedestrian",25.00,"Female","K- Private Cars","T-Pedestrian's Negligence",2.00
5032,22212.00,"3- Essequibo Islands- West Demerara",246,"Plantain Walk Public Rd.","West Bank Demerara River (From Vreed-en-Hoop)","-58.1833","6.7667",,,1/31/2006 0:00:00,12/30/1899 18:50:00,"D- Property Damage","F- Driver",,"Male","J- Minibus;K- Private Cars","O- Lost Control & Runoff",2.00
5033,22213.00,"3- Essequibo Islands- West Demerara",246,"New Rd. Vreed en Hoop","West Bank Demerara River (From Vreed-en-Hoop)","-58.1833","6.7667",,,2/5/2006 0:00:00,12/30/1899 20:45:00,"C- Minor Injury","F- Driver",50.00,"Male","L- Lorries Van;M- Hire Cars","S- Driver's Negligence",6.00
5034,22214.00,"3- Essequibo Islands- West Demerara",255,"Versailles Public Rd.","West Bank Demerara River (From Vreed-en-Hoop)","-58.2000","6.8000",,,2/3/2006 0:00:00,12/30/1899 16:30:00,"D- Property Damage","F- Driver",46.00,"Male","J- Minibus;K- Private Cars","S- Driver's Negligence",2.00
5035,22215.00,"3- Essequibo Islands- West Demerara",177,"Wallers Delight Public Rd.","West Coast Demerara (From Vreed-en-Hoop, I.b. Demerara River)","-58.2167","6.8333",,,2/9/2006 0:00:00,12/30/1899 19:45:00,"B- Serious Injury","G- Rider",55.00,"Male","M- Hire Cars;V-Motor Cycle","U- Cyclist's Negligence",2.00
5036,22216.00,"3- Essequibo Islands- West Demerara",255,"Versailles Public Rd.","West Bank Demerara River (From Vreed-en-Hoop)","-58.2000","6.8000",,,2/26/2006 0:00:00,12/30/1899 2:30:00,"B- Serious Injury","F- Driver",21.00,"Male","K- Private Cars","O- Lost Control & Runoff;P- Speeding",4.00
5037,22217.00,"3- Essequibo Islands- West Demerara",247,"Pouderoyen Public Rd.","West Bank Demerara River (From Vreed-en-Hoop)","-58.2000","6.8000",,,2/27/2006 0:00:00,12/30/1899 21:30:00,"D- Property Damage","F- Driver",,"Male","M- Hire Cars;V-Motor Cycle","S- Driver's Negligence",2.00
5038,22218.00,"3- Essequibo Islands- West Demerara",246,"Vreed en Hoop Public Rd.","West Bank Demerara River (From Vreed-en-Hoop)","-58.1833","6.7667",,,3/1/2006 0:00:00,12/30/1899 18:30:00,"D- Property Damage","F- Driver",30.00,"Male","J- Minibus;K- Private Cars","S- Driver's Negligence",2.00
5039,22219.00,"3- Essequibo Islands- West Demerara",246,"Plantain Walk Public Rd.","West Bank Demerara River (From Vreed-en-Hoop)","-58.1833","6.7667",,,3/6/2006 0:00:00,12/30/1899 19:45:00,"B- Serious Injury","E- Pedestrian",8.00,"Male","M- Hire Cars","T-Pedestrian's Negligence",2.00
5040,22220.00,"3- Essequibo Islands- West Demerara",246,"Vreed en Hoop Public Rd.","West Bank Demerara River (From Vreed-en-Hoop)","-58.1833","6.7667",,,3/31/2006 0:00:00,12/30/1899 8:00:00,"C- Minor Injury","F- Driver",26.00,"Male","K- Private Cars;W-Pedal Cycle","S- Driver's Negligence",2.00
5041,22221.00,"3- Essequibo Islands- West Demerara",199,"Crane Public Rd.","Right Bank Essequibo River (From Vreed-en-Hoop, I.b. Demerara River)",,,,,4/9/2006 0:00:00,12/30/1899 11:30:00,"C- Minor Injury","F- Driver",24.00,"Male","K- Private Cars","S- Driver's Negligence",2.00
5042,22222.00,"3- Essequibo Islands- West Demerara",246,"New Rd. Vreed en Hoop","West Bank Demerara River (From Vreed-en-Hoop)","-58.1833","6.7667",,,4/24/2006 0:00:00,12/30/1899 19:00:00,"D- Property Damage","F- Driver",,"Male","N- Pickup","S- Driver's Negligence",1.00
5043,22223.00,"3- Essequibo Islands- West Demerara",246,"New Rd. Vreed en Hoop","West Bank Demerara River (From Vreed-en-Hoop)","-58.1833","6.7667",,,4/27/2006 0:00:00,12/30/1899 9:00:00,"D- Property Damage","F- Driver",38.00,"Male","J- Minibus","S- Driver's Negligence",2.00
5044,22224.00,"3- Essequibo Islands- West Demerara",246,"Vreed en Hoop Junction","West Bank Demerara River (From Vreed-en-Hoop)","-58.1833","6.7667",,,4/24/2006 0:00:00,12/30/1899 13:30:00,"C- Minor Injury","F- Driver",,"Male","M- Hire Cars","S- Driver's Negligence",2.00
5045,22225.00,"3- Essequibo Islands- West Demerara",199,"Crane Old Rd.","Right Bank Essequibo River (From Vreed-en-Hoop, I.b. Demerara River)",,,,,5/7/2006 0:00:00,12/30/1899 11:30:00,"D- Property Damage","F- Driver",28.00,"Male","K- Private Cars","S- Driver's Negligence",2.00
5046,22226.00,"3- Essequibo Islands- West Demerara",246,"Vreed en Hoop Public Rd.","West Bank Demerara River (From Vreed-en-Hoop)","-58.1833","6.7667",,,5/20/2006 0:00:00,12/30/1899 19:00:00,"D- Property Damage","F- Driver",23.00,"Male","K- Private Cars","S- Driver's Negligence",2.00
5047,22227.00,"3- Essequibo Islands- West Demerara",175,"Harlem Public Rd.","West Coast Demerara (From Vreed-en-Hoop, I.b. Demerara River)","-58.2205","6.8347",,,5/22/2006 0:00:00,12/30/1899 9:00:00,"B- Serious Injury","F- Driver",51.00,"Male","J- Minibus","S- Driver's Negligence",2.00
5048,22228.00,"3- Essequibo Islands- West Demerara",247,"Pouderoyen Public Rd.","West Bank Demerara River (From Vreed-en-Hoop)","-58.2000","6.8000",,,5/29/2006 0:00:00,12/30/1899 7:15:00,"D- Property Damage","F- Driver",36.00,"Male","M- Hire Cars","S- Driver's Negligence",2.00
5049,22229.00,"3- Essequibo Islands- West Demerara",246,"New Rd. Vreed en Hoop","West Bank Demerara River (From Vreed-en-Hoop)","-58.1833","6.7667",,,6/4/2006 0:00:00,12/30/1899 18:15:00,"B- Serious Injury","E- Pedestrian",20.00,"Male","K- Private Cars","T-Pedestrian's Negligence",2.00
5050,22230.00,"3- Essequibo Islands- West Demerara",246,"New Rd. Vreed en Hoop","West Bank Demerara River (From Vreed-en-Hoop)","-58.1833","6.7667",,,6/7/2006 0:00:00,12/30/1899 17:15:00,"C- Minor Injury","F- Driver",37.00,"Male","J- Minibus;V-Motor Cycle","S- Driver's Negligence",2.00
5051,22231.00,"3- Essequibo Islands- West Demerara",246,"New Rd. Vreed en Hoop","West Bank Demerara River (From Vreed-en-Hoop)","-58.1833","6.7667",,,6/16/2006 0:00:00,12/30/1899 16:00:00,"B- Serious Injury","F- Driver",65.00,"Male","K- Private Cars","S- Driver's Negligence",2.00
5052,22232.00,"3- Essequibo Islands- West Demerara",199,"Crane Public Rd.","Right Bank Essequibo River (From Vreed-en-Hoop, I.b. Demerara River)",,,,,6/5/2006 0:00:00,12/30/1899 20:00:00,"D- Property Damage","F- Driver",30.00,"Male","K- Private Cars","Y- Animal",1.00
5053,22233.00,"3- Essequibo Islands- West Demerara",246,"Vreed en Hoop Public Rd.","West Bank Demerara River (From Vreed-en-Hoop)","-58.1833","6.7667",,,6/23/2006 0:00:00,,"D- Property Damage","F- Driver",,"Male","K- Private Cars","S- Driver's Negligence",2.00
5054,22234.00,"3- Essequibo Islands- West Demerara",246,"New Rd. Vreed en Hoop","West Bank Demerara River (From Vreed-en-Hoop)","-58.1833","6.7667",,,6/22/2006 0:00:00,,"C- Minor Injury","F- Driver",30.00,"Male","M- Hire Cars;V-Motor Cycle","S- Driver's Negligence;U- Cyclist's Negligence",2.00
5055,22235.00,"3- Essequibo Islands- West Demerara",246,"New Rd. Vreed en Hoop","West Bank Demerara River (From Vreed-en-Hoop)","-58.1833","6.7667",,,6/27/2006 0:00:00,12/30/1899 17:00:00,"B- Serious Injury","F- Driver",34.00,"Male","M- Hire Cars","P- Speeding;T-Pedestrian's Negligence",2.00
5056,22236.00,"3- Essequibo Islands- West Demerara",255,"Versailles Public Rd.","West Bank Demerara River (From Vreed-en-Hoop)","-58.2000","6.8000",,,6/29/2006 0:00:00,12/30/1899 23:40:00,"B- Serious Injury","G- Rider",,"Male","N- Pickup;V-Motor Cycle","P- Speeding",2.00
5057,22237.00,"3- Essequibo Islands- West Demerara",246,"Plantain Walk Public Rd.","West Bank Demerara River (From Vreed-en-Hoop)","-58.1833","6.7667",,,6/30/2006 0:00:00,12/30/1899 17:00:00,"D- Property Damage","F- Driver",36.00,"Male","J- Minibus;M- Hire Cars","S- Driver's Negligence",2.00
5058,22238.00,"3- Essequibo Islands- West Demerara",246,"Plantain Walk Public Rd.","West Bank Demerara River (From Vreed-en-Hoop)","-58.1833","6.7667",,,7/4/2006 0:00:00,12/30/1899 7:15:00,"C- Minor Injury","F- Driver",,"Female","K- Private Cars;L- Lorries Van","S- Driver's Negligence",2.00
5059,22239.00,"3- Essequibo Islands- West Demerara",172,"Nouvelle Flanders Public Rd.","West Coast Demerara (From Vreed-en-Hoop, I.b. Demerara River)","-58.2333","6.8333",,,7/7/2006 0:00:00,12/30/1899 16:30:00,"C- Minor Injury","F- Driver",66.00,"Male","M- Hire Cars;N- Pickup","S- Driver's Negligence",2.00
5060,22240.00,"3- Essequibo Islands- West Demerara",246,"New Rd. Vreed en Hoop","West Bank Demerara River (From Vreed-en-Hoop)","-58.1833","6.7667",,,7/10/2006 0:00:00,12/30/1899 10:00:00,"D- Property Damage","F- Driver",36.00,"Male","K- Private Cars;M- Hire Cars","S- Driver's Negligence",2.00
5061,22241.00,"3- Essequibo Islands- West Demerara",247,"Pouderoyen Public Rd.","West Bank Demerara River (From Vreed-en-Hoop)","-58.2000","6.8000",,,7/12/2006 0:00:00,12/30/1899 9:50:00,"C- Minor Injury","G- Rider",,"Male","V-Motor Cycle","P- Speeding",2.00
5062,22242.00,"3- Essequibo Islands- West Demerara",247,"Pouderoyen Public Rd.","West Bank Demerara River (From Vreed-en-Hoop)","-58.2000","6.8000",,,7/20/2006 0:00:00,12/30/1899 20:06:00,"B- Serious Injury","F- Driver",26.00,"Male","L- Lorries Van","S- Driver's Negligence",2.00
5063,22243.00,"3- Essequibo Islands- West Demerara",247,"Pouderoyen Public Rd.","West Bank Demerara River (From Vreed-en-Hoop)","-58.2000","6.8000",,,7/21/2006 0:00:00,12/30/1899 7:30:00,"D- Property Damage","F- Driver",,"Male","J- Minibus;L- Lorries Van","S- Driver's Negligence",2.00
5064,22244.00,"3- Essequibo Islands- West Demerara",175,"Harlem Public Rd.","West Coast Demerara (From Vreed-en-Hoop, I.b. Demerara River)","-58.2205","6.8347",,,7/29/2006 0:00:00,12/30/1899 17:30:00,"C- Minor Injury","F- Driver",31.00,"Male","L- Lorries Van;W-Pedal Cycle","S- Driver's Negligence",2.00
5065,22245.00,"3- Essequibo Islands- West Demerara",246,"New Rd. Vreed en Hoop","West Bank Demerara River (From Vreed-en-Hoop)","-58.1833","6.7667",,,7/29/2006 0:00:00,,"D- Property Damage","F- Driver",34.00,"Male","J- Minibus;L- Lorries Van","S- Driver's Negligence",2.00
5066,22246.00,"3- Essequibo Islands- West Demerara",246,"New Rd. Vreed en Hoop","West Bank Demerara River (From Vreed-en-Hoop)","-58.1833","6.7667",,,7/31/2006 0:00:00,12/30/1899 12:30:00,"A- Fatal","E- Pedestrian",39.00,"Male","L- Lorries Van","T-Pedestrian's Negligence",2.00
5067,22247.00,"3- Essequibo Islands- West Demerara",246,"New Rd. Vreed en Hoop","West Bank Demerara River (From Vreed-en-Hoop)","-58.1833","6.7667",,,8/6/2006 0:00:00,12/30/1899 13:30:00,"D- Property Damage","G- Rider",20.00,"Male","K- Private Cars;V-Motor Cycle","U- Cyclist's Negligence",2.00
5068,22248.00,"3- Essequibo Islands- West Demerara",246,"New Rd. Vreed en Hoop","West Bank Demerara River (From Vreed-en-Hoop)","-58.1833","6.7667",,,8/17/2006 0:00:00,12/30/1899 8:00:00,"D- Property Damage","F- Driver",26.00,"Male","K- Private Cars","Y- Animal",1.00
5069,22249.00,"3- Essequibo Islands- West Demerara",255,"Versailles Public Rd.","West Bank Demerara River (From Vreed-en-Hoop)","-58.2000","6.8000",,,8/26/2006 0:00:00,12/30/1899 17:15:00,"D- Property Damage","F- Driver",37.00,"Male","M- Hire Cars","P- Speeding",1.00
5070,22250.00,"3- Essequibo Islands- West Demerara",246,"Vreed en Hoop Public Rd.","West Bank Demerara River (From Vreed-en-Hoop)","-58.1833","6.7667",,,9/6/2006 0:00:00,12/30/1899 17:15:00,"D- Property Damage","F- Driver",26.00,"Female","K- Private Cars;M- Hire Cars","S- Driver's Negligence",2.00
5071,22251.00,"3- Essequibo Islands- West Demerara",172,"Nouvelle Flanders Public Rd.","West Coast Demerara (From Vreed-en-Hoop, I.b. Demerara River)","-58.2333","6.8333",,,9/20/2006 0:00:00,12/30/1899 21:30:00,"C- Minor Injury","F- Driver",,"Male","K- Private Cars;M- Hire Cars","S- Driver's Negligence",2.00
5072,22252.00,"3- Essequibo Islands- West Demerara",172,"Nouvelle Flanders Public Rd.","West Coast Demerara (From Vreed-en-Hoop, I.b. Demerara River)","-58.2333","6.8333",,,9/30/2006 0:00:00,12/30/1899 7:30:00,"D- Property Damage","F- Driver",,"Male","K- Private Cars;N- Pickup","S- Driver's Negligence",3.00
5073,22253.00,"3- Essequibo Islands- West Demerara",172,"Nouvelle Flanders Public Rd.","West Coast Demerara (From Vreed-en-Hoop, I.b. Demerara River)","-58.2333","6.8333",,,12/3/2006 0:00:00,12/30/1899 11:30:00,"D- Property Damage","F- Driver",,"Male","K- Private Cars;L- Lorries Van","S- Driver's Negligence",2.00
5074,22254.00,"3- Essequibo Islands- West Demerara",246,"Vreed en Hoop Public Rd.","West Bank Demerara River (From Vreed-en-Hoop)","-58.1833","6.7667",,,10/27/2006 0:00:00,12/30/1899 18:30:00,"C- Minor Injury","F- Driver",31.00,"Male","J- Minibus;K- Private Cars","S- Driver's Negligence",2.00
5075,22255.00,"3- Essequibo Islands- West Demerara",247,"Pouderoyen Public Rd.","West Bank Demerara River (From Vreed-en-Hoop)","-58.2000","6.8000",,,10/30/2006 0:00:00,12/30/1899 16:00:00,"C- Minor Injury","G- Rider",,,"V-Motor Cycle","U- Cyclist's Negligence",2.00
5076,22256.00,"3- Essequibo Islands- West Demerara",246,"Vreed en Hoop Public Rd.","West Bank Demerara River (From Vreed-en-Hoop)","-58.1833","6.7667",,,10/30/2006 0:00:00,12/30/1899 18:30:00,"B- Serious Injury","F- Driver",25.00,"Male","L- Lorries Van;V-Motor Cycle","S- Driver's Negligence",3.00
5077,22257.00,"3- Essequibo Islands- West Demerara",246,"Vreed en Hoop Public Rd.","West Bank Demerara River (From Vreed-en-Hoop)","-58.1833","6.7667",,,11/3/2006 0:00:00,12/30/1899 18:30:00,"B- Serious Injury","G- Rider",31.00,"Male","J- Minibus;W-Pedal Cycle","U- Cyclist's Negligence",2.00
5078,22258.00,"3- Essequibo Islands- West Demerara",172,"Nouvelle Flanders Public Rd.","West Coast Demerara (From Vreed-en-Hoop, I.b. Demerara River)","-58.2333","6.8333",,,11/3/2006 0:00:00,12/30/1899 20:45:00,"B- Serious Injury","F- Driver",,,"L- Lorries Van;V-Motor Cycle","P- Speeding",2.00
5079,22259.00,"3- Essequibo Islands- West Demerara",246,"New Rd. Vreed en Hoop","West Bank Demerara River (From Vreed-en-Hoop)","-58.1833","6.7667",,,11/6/2006 0:00:00,12/30/1899 6:30:00,"B- Serious Injury","F- Driver",57.00,"Male","K- Private Cars;V-Motor Cycle","P- Speeding",2.00
5080,22260.00,"3- Essequibo Islands- West Demerara",247,"Pouderoyen Public Rd.","West Bank Demerara River (From Vreed-en-Hoop)","-58.2000","6.8000",,,11/10/2006 0:00:00,12/30/1899 21:45:00,"A- Fatal","F- Driver",27.00,"Male","K- Private Cars","P- Speeding",2.00
5081,22261.00,"3- Essequibo Islands- West Demerara",246,"Vreed en Hoop Public Rd.","West Bank Demerara River (From Vreed-en-Hoop)","-58.1833","6.7667",,,12/15/2006 0:00:00,12/30/1899 21:00:00,"C- Minor Injury","F- Driver",28.00,"Male","L- Lorries Van;W-Pedal Cycle","S- Driver's Negligence",2.00
5082,22262.00,"3- Essequibo Islands- West Demerara",247,"Pouderoyen Public Rd.","West Bank Demerara River (From Vreed-en-Hoop)","-58.2000","6.8000",,,12/16/2006 0:00:00,12/30/1899 23:50:00,"B- Serious Injury","G- Rider",25.00,"Male","V-Motor Cycle;W-Pedal Cycle","U- Cyclist's Negligence",3.00
5083,22263.00,"3- Essequibo Islands- West Demerara",199,"Crane Housing Scheme Public Rd.","Right Bank Essequibo River (From Vreed-en-Hoop, I.b. Demerara River)",,,,,12/11/2006 0:00:00,12/30/1899 19:30:00,"A- Fatal","G- Rider",55.00,"Male","W-Pedal Cycle","U- Cyclist's Negligence",2.00
5084,22264.00,"3- Essequibo Islands- West Demerara",255,"Versailles Public Rd.","West Bank Demerara River (From Vreed-en-Hoop)","-58.2000","6.8000",,,12/22/2006 0:00:00,12/30/1899 12:30:00,"B- Serious Injury","F- Driver",39.00,"Male","N- Pickup","O- Lost Control & Runoff",4.00