"ID","Accident ID","Region Number","Corridor ID","Location (Intersection/Road/Street)","Corridor","Location- longitude/ X","Location- latitude/  Y","Mile Marker","Village","Date of Accident","Time of Accident","Type of Accident","Class of Road User","Age/DOB","Gender","Class of Vehicles Involved","Contributing Factor","Number of Persons Involved"
5085,22265.00,"3- Essequibo Islands- West Demerara",177,"Wallers Delight Public Rd.","West Coast Demerara (From Vreed-en-Hoop, I.b. Demerara River)","-58.2167","6.8333",,,7/12/2006 0:00:00,12/30/1899 12:30:00,"B- Serious Injury","F- Driver",24.00,"Male","K- Private Cars","O- Lost Control & Runoff",6.00
5086,22266.00,"3- Essequibo Islands- West Demerara",199,"Crane Housing Scheme Public Rd.","Right Bank Essequibo River (From Vreed-en-Hoop, I.b. Demerara River)",,,,,1/6/2007 0:00:00,12/30/1899 10:00:00,"A- Fatal","G- Rider",19.00,"Male","V-Motor Cycle","P- Speeding",1.00
5087,22267.00,"3- Essequibo Islands- West Demerara",247,"Pouderoyen Public Rd.","West Bank Demerara River (From Vreed-en-Hoop)","-58.2000","6.8000",,,1/11/2007 0:00:00,12/30/1899 16:30:00,"B- Serious Injury","F- Driver",33.00,"Male","K- Private Cars","P- Speeding",2.00
5088,22268.00,"3- Essequibo Islands- West Demerara",175,"Harlem Public Rd.","West Coast Demerara (From Vreed-en-Hoop, I.b. Demerara River)","-58.2205","6.8347",,,1/12/2007 0:00:00,12/30/1899 14:10:00,"B- Serious Injury","F- Driver",39.00,"Male","J- Minibus","P- Speeding",6.00
5089,22269.00,"3- Essequibo Islands- West Demerara",246,"New Rd. Vreed en Hoop","West Bank Demerara River (From Vreed-en-Hoop)","-58.1833","6.7667",,,1/22/2007 0:00:00,,"C- Minor Injury","G- Rider",21.00,"Male","M- Hire Cars;V-Motor Cycle","P- Speeding",2.00
5090,22270.00,"3- Essequibo Islands- West Demerara",246,"New Rd. Vreed en Hoop","West Bank Demerara River (From Vreed-en-Hoop)","-58.1833","6.7667",,,2/24/2007 0:00:00,,"A- Fatal","G- Rider",48.00,"Male","J- Minibus;V-Motor Cycle","U- Cyclist's Negligence",2.00
5091,22271.00,"3- Essequibo Islands- West Demerara",246,"New Rd. Vreed en Hoop","West Bank Demerara River (From Vreed-en-Hoop)","-58.1833","6.7667",,,2/21/2007 0:00:00,12/30/1899 16:30:00,"C- Minor Injury","F- Driver",32.00,"Male","J- Minibus;V-Motor Cycle","S- Driver's Negligence",2.00
5092,22272.00,"3- Essequibo Islands- West Demerara",177,"Wallers Delight Public Rd.","West Coast Demerara (From Vreed-en-Hoop, I.b. Demerara River)","-58.2167","6.8333",,,4/23/2007 0:00:00,12/30/1899 17:15:00,"D- Property Damage","F- Driver",57.00,"Male","K- Private Cars;N- Pickup","S- Driver's Negligence",2.00
5093,22273.00,"3- Essequibo Islands- West Demerara",247,"Pouderoyen Public Rd.","West Bank Demerara River (From Vreed-en-Hoop)","-58.2000","6.8000",,,4/25/2007 0:00:00,12/30/1899 15:30:00,"C- Minor Injury","G- Rider",58.00,"Male","V-Motor Cycle;W-Pedal Cycle","U- Cyclist's Negligence",2.00
5094,22274.00,"3- Essequibo Islands- West Demerara",177,"Wallers Delight Public Rd.","West Coast Demerara (From Vreed-en-Hoop, I.b. Demerara River)","-58.2167","6.8333",,,5/9/2007 0:00:00,12/30/1899 21:00:00,"C- Minor Injury","G- Rider",,"Male","M- Hire Cars;V-Motor Cycle","P- Speeding",2.00
5095,22275.00,"3- Essequibo Islands- West Demerara",246,"Vreed en Hoop Public Rd.","West Bank Demerara River (From Vreed-en-Hoop)","-58.1833","6.7667",,,5/22/2007 0:00:00,12/30/1899 19:00:00,"C- Minor Injury","F- Driver",33.00,"Male","K- Private Cars","P- Speeding",2.00
5096,22276.00,"3- Essequibo Islands- West Demerara",246,"New Rd. Vreed en Hoop","West Bank Demerara River (From Vreed-en-Hoop)","-58.1833","6.7667",,,6/14/2007 0:00:00,12/30/1899 11:30:00,"B- Serious Injury","E- Pedestrian",30.00,"Male","K- Private Cars","T-Pedestrian's Negligence",2.00
5097,22277.00,"3- Essequibo Islands- West Demerara",246,"New Rd. Vreed en Hoop","West Bank Demerara River (From Vreed-en-Hoop)","-58.1833","6.7667",,,6/21/2007 0:00:00,12/30/1899 6:45:00,"A- Fatal","E- Pedestrian",49.00,"Male","K- Private Cars;M- Hire Cars","T-Pedestrian's Negligence",4.00
5098,22278.00,"3- Essequibo Islands- West Demerara",247,"Pouderoyen Public Rd.","West Bank Demerara River (From Vreed-en-Hoop)","-58.2000","6.8000",,,7/11/2007 0:00:00,12/30/1899 13:40:00,"D- Property Damage","F- Driver",33.00,"Male","L- Lorries Van","P- Speeding",2.00
5099,22279.00,"3- Essequibo Islands- West Demerara",246,"New Rd. Vreed en Hoop","West Bank Demerara River (From Vreed-en-Hoop)","-58.1833","6.7667",,,7/16/2007 0:00:00,12/30/1899 11:30:00,"C- Minor Injury","F- Driver",32.00,"Male","K- Private Cars","P- Speeding",2.00
5100,22280.00,"3- Essequibo Islands- West Demerara",246,"New Rd. Vreed en Hoop","West Bank Demerara River (From Vreed-en-Hoop)","-58.1833","6.7667",,,7/30/2007 0:00:00,12/30/1899 23:00:00,"D- Property Damage","F- Driver",,"Male","K- Private Cars;M- Hire Cars","P- Speeding",2.00
5101,22281.00,"3- Essequibo Islands- West Demerara",246,"New Rd. Vreed en Hoop","West Bank Demerara River (From Vreed-en-Hoop)","-58.1833","6.7667",,,8/7/2007 0:00:00,12/30/1899 19:15:00,"A- Fatal","F- Driver",27.00,"Male","M- Hire Cars","P- Speeding",2.00
5102,22282.00,"3- Essequibo Islands- West Demerara",177,"Wallers Delight Public Rd.","West Coast Demerara (From Vreed-en-Hoop, I.b. Demerara River)","-58.2167","6.8333",,,8/14/2007 0:00:00,12/30/1899 20:30:00,"C- Minor Injury","F- Driver",,"Male","L- Lorries Van","P- Speeding",2.00
5103,22283.00,"3- Essequibo Islands- West Demerara",246,"Plantain Walk Public Rd.","West Bank Demerara River (From Vreed-en-Hoop)","-58.1833","6.7667",,,9/14/2007 0:00:00,12/30/1899 8:15:00,"B- Serious Injury","E- Pedestrian",10.00,"Female","K- Private Cars","T-Pedestrian's Negligence",2.00
5104,22284.00,"3- Essequibo Islands- West Demerara",246,"Plantain Walk Public Rd.","West Bank Demerara River (From Vreed-en-Hoop)","-58.1833","6.7667",,,9/16/2007 0:00:00,12/30/1899 14:30:00,"C- Minor Injury","F- Driver",35.00,"Male","N- Pickup","P- Speeding",2.00
5105,22285.00,"3- Essequibo Islands- West Demerara",246,"New Rd. Vreed en Hoop","West Bank Demerara River (From Vreed-en-Hoop)","-58.1833","6.7667",,,9/17/2007 0:00:00,12/30/1899 7:30:00,"C- Minor Injury","E- Pedestrian",23.00,"Female","N- Pickup","T-Pedestrian's Negligence",2.00
5106,22286.00,"3- Essequibo Islands- West Demerara",246,"New Rd. Vreed en Hoop","West Bank Demerara River (From Vreed-en-Hoop)","-58.1833","6.7667",,,9/16/2007 0:00:00,12/30/1899 16:30:00,"C- Minor Injury","F- Driver",59.00,"Male","K- Private Cars","S- Driver's Negligence",2.00
5107,22287.00,"3- Essequibo Islands- West Demerara",247,"Pouderoyen Public Rd.","West Bank Demerara River (From Vreed-en-Hoop)","-58.2000","6.8000",,,9/29/2007 0:00:00,12/30/1899 17:15:00,"B- Serious Injury","E- Pedestrian",8.00,"Male","K- Private Cars","T-Pedestrian's Negligence",2.00
5108,22288.00,"3- Essequibo Islands- West Demerara",247,"Pouderoyen Public Rd.","West Bank Demerara River (From Vreed-en-Hoop)","-58.2000","6.8000",,,9/27/2007 0:00:00,12/30/1899 16:30:00,"C- Minor Injury","E- Pedestrian",,"Male","V-Motor Cycle","T-Pedestrian's Negligence",2.00
5109,22289.00,"3- Essequibo Islands- West Demerara",247,"Pouderoyen Public Rd.","West Bank Demerara River (From Vreed-en-Hoop)","-58.2000","6.8000",,,10/3/2007 0:00:00,12/30/1899 8:00:00,"C- Minor Injury","F- Driver",,"Male","L- Lorries Van;M- Hire Cars","S- Driver's Negligence",2.00
5110,22290.00,"3- Essequibo Islands- West Demerara",255,"Versailles Public Rd.","West Bank Demerara River (From Vreed-en-Hoop)","-58.2000","6.8000",,,10/13/2007 0:00:00,12/30/1899 18:30:00,"D- Property Damage","F- Driver",29.00,"Male","K- Private Cars","Y- Animal",1.00
5111,22291.00,"3- Essequibo Islands- West Demerara",255,"Versailles Public Rd.","West Bank Demerara River (From Vreed-en-Hoop)","-58.2000","6.8000",,,10/16/2007 0:00:00,12/30/1899 20:00:00,"D- Property Damage","F- Driver",,"Male","M- Hire Cars","S- Driver's Negligence",2.00
5112,22292.00,"3- Essequibo Islands- West Demerara",255,"Versailles Public Rd.","West Bank Demerara River (From Vreed-en-Hoop)","-58.2000","6.8000",,,11/14/2007 0:00:00,12/30/1899 17:45:00,"A- Fatal","F- Driver",33.00,"Male","L- Lorries Van;V-Motor Cycle","R- Improper Overtaking",3.00
5113,22293.00,"3- Essequibo Islands- West Demerara",247,"Pouderoyen Public Rd.","West Bank Demerara River (From Vreed-en-Hoop)","-58.2000","6.8000",,,11/22/2007 0:00:00,12/30/1899 13:50:00,"A- Fatal","E- Pedestrian",,"Female","K- Private Cars","T-Pedestrian's Negligence",2.00
5114,22294.00,"3- Essequibo Islands- West Demerara",246,"Plaintain Walk Public Rd.","West Bank Demerara River (From Vreed-en-Hoop)","-58.1833","6.7667",,,12/15/2007 0:00:00,12/30/1899 5:30:00,"C- Minor Injury","F- Driver",42.00,"Male","J- Minibus;M- Hire Cars;N- Pickup","P- Speeding",6.00
5115,22295.00,"3- Essequibo Islands- West Demerara",173,"La Union Public Rd.","West Coast Demerara (From Vreed-en-Hoop, I.b. Demerara River)","-58.2167","6.8167",,,12/27/2007 0:00:00,12/30/1899 3:45:00,"B- Serious Injury","F- Driver",35.00,"Male","K- Private Cars;M- Hire Cars","S- Driver's Negligence",2.00
5116,22296.00,"3- Essequibo Islands- West Demerara",173,"La Union Public Rd.","West Coast Demerara (From Vreed-en-Hoop, I.b. Demerara River)","-58.2167","6.8167",,,12/31/2007 0:00:00,12/30/1899 0:35:00,"A- Fatal","G- Rider",44.00,"Male","V-Motor Cycle","Y- Animal",2.00
5117,22297.00,"3- Essequibo Islands- West Demerara",246,"Vreed en Hoop Public Rd.","West Bank Demerara River (From Vreed-en-Hoop)","-58.1833","6.7667",,,12/2/2007 0:00:00,12/30/1899 16:45:00,"D- Property Damage","F- Driver",,"Male","L- Lorries Van;N- Pickup","S- Driver's Negligence",2.00
5118,22298.00,"3- Essequibo Islands- West Demerara",247,"Pouderoyen Public Rd.","West Bank Demerara River (From Vreed-en-Hoop)","-58.2000","6.8000",,,1/2/2008 0:00:00,12/30/1899 4:30:00,"D- Property Damage","F- Driver",36.00,"Male","K- Private Cars","S- Driver's Negligence",4.00
5119,22299.00,"3- Essequibo Islands- West Demerara",246,"Plantain Walk Public Rd.","West Bank Demerara River (From Vreed-en-Hoop)","-58.1833","6.7667",,,1/2/2008 0:00:00,12/30/1899 15:00:00,"A- Fatal","F- Driver",45.00,"Male","L- Lorries Van","P- Speeding",3.00
5120,22300.00,"3- Essequibo Islands- West Demerara",177,"Wallers Delight Public Rd.","West Coast Demerara (From Vreed-en-Hoop, I.b. Demerara River)","-58.2167","6.8333",,,1/19/2008 0:00:00,12/30/1899 18:48:00,"A- Fatal","F- Driver",,,,"P- Speeding",2.00
5121,22301.00,"3- Essequibo Islands- West Demerara",246,"Vreed en Hoop Public Rd.","West Bank Demerara River (From Vreed-en-Hoop)","-58.1833","6.7667",,,1/22/2008 0:00:00,12/30/1899 7:30:00,"D- Property Damage","F- Driver",,"Male","K- Private Cars;M- Hire Cars","S- Driver's Negligence",2.00
5122,22302.00,"3- Essequibo Islands- West Demerara",246,"Plantain Walk Public Rd.","West Bank Demerara River (From Vreed-en-Hoop)","-58.1833","6.7667",,,2/20/2008 0:00:00,12/30/1899 17:30:00,"C- Minor Injury","F- Driver",34.00,"Male","K- Private Cars;M- Hire Cars","S- Driver's Negligence",2.00
5123,22303.00,"3- Essequibo Islands- West Demerara",246,"New Rd. Vreed en Hoop","West Bank Demerara River (From Vreed-en-Hoop)","-58.1833","6.7667",,,2/27/2008 0:00:00,12/30/1899 12:45:00,"D- Property Damage","F- Driver",50.00,"Male","K- Private Cars;M- Hire Cars","S- Driver's Negligence",2.00
5124,22304.00,"3- Essequibo Islands- West Demerara",199,"Crane Public Rd.","Right Bank Essequibo River (From Vreed-en-Hoop, I.b. Demerara River)",,,,,3/8/2008 0:00:00,,"D- Property Damage","F- Driver",39.00,"Male","J- Minibus;L- Lorries Van","P- Speeding",2.00
5125,22305.00,"3- Essequibo Islands- West Demerara",246,"Vreed en Hoop Public Rd.","West Bank Demerara River (From Vreed-en-Hoop)","-58.1833","6.7667",,,4/3/2008 0:00:00,12/30/1899 16:30:00,"B- Serious Injury","F- Driver",47.00,"Male","J- Minibus","P- Speeding",1.00
5126,22306.00,"3- Essequibo Islands- West Demerara",247,"Pouderoyen Public Rd.","West Bank Demerara River (From Vreed-en-Hoop)","-58.2000","6.8000",,,4/8/2008 0:00:00,12/30/1899 20:00:00,"D- Property Damage","F- Driver",,"Male","J- Minibus;M- Hire Cars","S- Driver's Negligence",2.00
5127,22307.00,"3- Essequibo Islands- West Demerara",246,"New Rd. Vreed en Hoop","West Bank Demerara River (From Vreed-en-Hoop)","-58.1833","6.7667",,,4/11/2008 0:00:00,12/30/1899 16:40:00,"B- Serious Injury","E- Pedestrian",13.00,"Male","M- Hire Cars","T-Pedestrian's Negligence",2.00
5128,22308.00,"3- Essequibo Islands- West Demerara",246,"New Rd. Vreed en Hoop","West Bank Demerara River (From Vreed-en-Hoop)","-58.1833","6.7667",,,4/11/2008 0:00:00,12/30/1899 21:30:00,"D- Property Damage","F- Driver",,"Male","K- Private Cars","S- Driver's Negligence",2.00
5129,22309.00,"3- Essequibo Islands- West Demerara",246,"New Rd. Vreed en Hoop","West Bank Demerara River (From Vreed-en-Hoop)","-58.1833","6.7667",,,4/23/2008 0:00:00,12/30/1899 12:20:00,"C- Minor Injury","F- Driver",,"Male","M- Hire Cars","S- Driver's Negligence",2.00
5130,22310.00,"3- Essequibo Islands- West Demerara",246,"New Rd. Vreed en Hoop","West Bank Demerara River (From Vreed-en-Hoop)","-58.1833","6.7667",,,4/29/2008 0:00:00,12/30/1899 13:00:00,"D- Property Damage","F- Driver",,"Male","J- Minibus;L- Lorries Van","P- Speeding",2.00
5131,22311.00,"3- Essequibo Islands- West Demerara",246,"New Rd. Vreed en Hoop","West Bank Demerara River (From Vreed-en-Hoop)","-58.1833","6.7667",,,5/9/2008 0:00:00,12/30/1899 15:30:00,"B- Serious Injury","G- Rider",56.00,"Male","V-Motor Cycle","U- Cyclist's Negligence",2.00
5132,22312.00,"3- Essequibo Islands- West Demerara",246,"New Rd. Vreed en Hoop","West Bank Demerara River (From Vreed-en-Hoop)","-58.1833","6.7667",,,5/12/2008 0:00:00,12/30/1899 10:50:00,"B- Serious Injury","E- Pedestrian",58.00,"Male","M- Hire Cars","T-Pedestrian's Negligence",2.00
5133,22313.00,"3- Essequibo Islands- West Demerara",175,"Harlem Public Rd.","West Coast Demerara (From Vreed-en-Hoop, I.b. Demerara River)","-58.2205","6.8347",,,6/4/2008 0:00:00,12/30/1899 21:00:00,"C- Minor Injury","F- Driver",28.00,"Male","K- Private Cars;M- Hire Cars","P- Speeding",2.00
5134,22314.00,"3- Essequibo Islands- West Demerara",255,"Versailles Public Rd.","West Bank Demerara River (From Vreed-en-Hoop)","-58.2000","6.8000",,,6/6/2008 0:00:00,12/30/1899 1:00:00,"D- Property Damage","F- Driver",24.00,"Male","L- Lorries Van","P- Speeding",2.00
5135,22315.00,"3- Essequibo Islands- West Demerara",246,"New Rd. Vreed en Hoop","West Bank Demerara River (From Vreed-en-Hoop)","-58.1833","6.7667",,,6/14/2008 0:00:00,12/30/1899 21:00:00,"C- Minor Injury","E- Pedestrian",29.00,"Male","K- Private Cars","T-Pedestrian's Negligence",2.00
5136,22316.00,"3- Essequibo Islands- West Demerara",255,"Versailles Public Rd.","West Bank Demerara River (From Vreed-en-Hoop)","-58.2000","6.8000",,,6/20/2008 0:00:00,12/30/1899 16:15:00,"D- Property Damage","F- Driver",,"Male","K- Private Cars;N- Pickup","S- Driver's Negligence",3.00
5137,22317.00,"3- Essequibo Islands- West Demerara",246,"Plantain Walk Public Rd.","West Bank Demerara River (From Vreed-en-Hoop)","-58.1833","6.7667",,,6/21/2008 0:00:00,12/30/1899 7:40:00,"C- Minor Injury","G- Rider",,"Male","M- Hire Cars;W-Pedal Cycle","U- Cyclist's Negligence",2.00
5138,22318.00,"3- Essequibo Islands- West Demerara",246,"Vreed en Hoop Public Rd.","West Bank Demerara River (From Vreed-en-Hoop)","-58.1833","6.7667",,,6/26/2008 0:00:00,12/30/1899 15:00:00,"C- Minor Injury","G- Rider",52.00,"Male","M- Hire Cars;W-Pedal Cycle","U- Cyclist's Negligence",2.00
5139,22319.00,"3- Essequibo Islands- West Demerara",177,"Wallers Delight Public Rd.","West Coast Demerara (From Vreed-en-Hoop, I.b. Demerara River)","-58.2167","6.8333",,,10/7/2008 0:00:00,12/30/1899 21:05:00,"A- Fatal","F- Driver",,,,"P- Speeding",2.00
5140,22320.00,"3- Essequibo Islands- West Demerara",246,"New Rd. Vreed en Hoop","West Bank Demerara River (From Vreed-en-Hoop)","-58.1833","6.7667",,,7/19/2008 0:00:00,12/30/1899 22:00:00,"A- Fatal","F- Driver",21.00,"Male","K- Private Cars","S- Driver's Negligence",2.00
5141,22321.00,"3- Essequibo Islands- West Demerara",246,"New Rd. Vreed en Hoop","West Bank Demerara River (From Vreed-en-Hoop)","-58.1833","6.7667",,,8/18/2008 0:00:00,12/30/1899 16:40:00,"C- Minor Injury","G- Rider",48.00,"Male","M- Hire Cars;V-Motor Cycle","U- Cyclist's Negligence",2.00
5142,22322.00,"3- Essequibo Islands- West Demerara",247,"Pouderoyen Public Rd.","West Bank Demerara River (From Vreed-en-Hoop)","-58.2000","6.8000",,,10/29/2008 0:00:00,12/30/1899 14:50:00,"A- Fatal","F- Driver",,"Male","J- Minibus","P- Speeding",2.00
5143,22323.00,"3- Essequibo Islands- West Demerara",246,"Vreed en Hoop Public Rd.","West Bank Demerara River (From Vreed-en-Hoop)","-58.1833","6.7667",,,10/31/2008 0:00:00,12/30/1899 17:00:00,"B- Serious Injury","F- Driver",,,"M- Hire Cars","P- Speeding",2.00
5144,22324.00,"3- Essequibo Islands- West Demerara",246,"New Rd. Vreed en Hoop","West Bank Demerara River (From Vreed-en-Hoop)","-58.1833","6.7667",,,10/25/2008 0:00:00,12/30/1899 19:25:00,"C- Minor Injury","G- Rider",44.00,"Male","V-Motor Cycle","O- Lost Control & Runoff",2.00
5145,22325.00,"3- Essequibo Islands- West Demerara",246,"Vreed en Hoop Public Rd.","West Bank Demerara River (From Vreed-en-Hoop)","-58.1833","6.7667",,,11/9/2008 0:00:00,12/30/1899 15:30:00,"B- Serious Injury","F- Driver",29.00,"Female","J- Minibus;N- Pickup","P- Speeding",2.00
5146,22326.00,"3- Essequibo Islands- West Demerara",246,"New Rd. Vreed en Hoop","West Bank Demerara River (From Vreed-en-Hoop)","-58.1833","6.7667",,,12/9/2008 0:00:00,12/30/1899 19:45:00,"B- Serious Injury","F- Driver",58.00,"Male","J- Minibus","S- Driver's Negligence",3.00
5147,22327.00,"3- Essequibo Islands- West Demerara",246,"New Rd. Vreed en Hoop","West Bank Demerara River (From Vreed-en-Hoop)","-58.1833","6.7667",,,12/28/2008 0:00:00,12/30/1899 18:30:00,"A- Fatal","F- Driver",22.00,"Male","K- Private Cars","P- Speeding",3.00
5148,22328.00,"3- Essequibo Islands- West Demerara",246,"New Rd. Vreed en Hoop","West Bank Demerara River (From Vreed-en-Hoop)","-58.1833","6.7667",,,1/3/2009 0:00:00,12/30/1899 12:30:00,"B- Serious Injury","F- Driver",,"Male","K- Private Cars","S- Driver's Negligence",2.00
5149,22329.00,"3- Essequibo Islands- West Demerara",175,"Harlem Public Rd.","West Coast Demerara (From Vreed-en-Hoop, I.b. Demerara River)","-58.2205","6.8347",,,1/8/2009 0:00:00,12/30/1899 11:30:00,"D- Property Damage","F- Driver",54.00,"Male","J- Minibus;K- Private Cars","S- Driver's Negligence",2.00
5150,22330.00,"3- Essequibo Islands- West Demerara",246,"Vreed en Hoop Public Rd.","West Bank Demerara River (From Vreed-en-Hoop)","-58.1833","6.7667",,,1/1/2009 0:00:00,12/30/1899 19:00:00,"B- Serious Injury","F- Driver",38.00,"Male","M- Hire Cars","P- Speeding",2.00
5151,22331.00,"3- Essequibo Islands- West Demerara",246,"New Rd. Vreed en hoop","West Bank Demerara River (From Vreed-en-Hoop)","-58.1833","6.7667",,,1/20/2009 0:00:00,12/30/1899 18:30:00,"C- Minor Injury","F- Driver",20.00,"Male","K- Private Cars;V-Motor Cycle","S- Driver's Negligence",2.00
5152,22332.00,"3- Essequibo Islands- West Demerara",246,"Vreed en Hoop Public Rd.","West Bank Demerara River (From Vreed-en-Hoop)","-58.1833","6.7667",,,2/14/2009 0:00:00,12/30/1899 12:00:00,"C- Minor Injury","G- Rider",14.00,"Male","K- Private Cars;W-Pedal Cycle","U- Cyclist's Negligence",2.00
5153,22333.00,"3- Essequibo Islands- West Demerara",246,"Vreed en Hoop Public Rd.","West Bank Demerara River (From Vreed-en-Hoop)","-58.1833","6.7667",,,2/19/2009 0:00:00,12/30/1899 13:30:00,"A- Fatal","F- Driver",49.00,"Male","L- Lorries Van;M- Hire Cars;W-Pedal Cycle","S- Driver's Negligence",3.00
5154,22334.00,"3- Essequibo Islands- West Demerara",246,"New Rd. Vreed en Hoop","West Bank Demerara River (From Vreed-en-Hoop)","-58.1833","6.7667",,,2/21/2009 0:00:00,12/30/1899 2:30:00,"B- Serious Injury","E- Pedestrian",,"Female","K- Private Cars","T-Pedestrian's Negligence",2.00
5155,22335.00,"3- Essequibo Islands- West Demerara",246,"Plantain Walk Public Rd.","West Bank Demerara River (From Vreed-en-Hoop)","-58.1833","6.7667",,,2/24/2009 0:00:00,12/30/1899 21:50:00,"D- Property Damage","F- Driver",26.00,"Male","J- Minibus;K- Private Cars","S- Driver's Negligence",2.00
5156,22336.00,"3- Essequibo Islands- West Demerara",246,"Vreed en Hoop Public Rd.","West Bank Demerara River (From Vreed-en-Hoop)","-58.1833","6.7667",,,2/25/2009 0:00:00,12/30/1899 19:45:00,"C- Minor Injury","G- Rider",59.00,"Male","N- Pickup;V-Motor Cycle","U- Cyclist's Negligence",2.00
5157,22337.00,"3- Essequibo Islands- West Demerara",246,"Vreed en Hoop Public Rd.","West Bank Demerara River (From Vreed-en-Hoop)","-58.1833","6.7667",,,2/26/2009 0:00:00,,"B- Serious Injury","E- Pedestrian",20.00,"Female","K- Private Cars","T-Pedestrian's Negligence",2.00
5158,22338.00,"3- Essequibo Islands- West Demerara",256,"Goed Fortuin Public Rd.","West Bank Demerara River (From Vreed-en-Hoop)","-58.2000","6.7833",,,3/4/2009 0:00:00,12/30/1899 15:20:00,"D- Property Damage","F- Driver",55.00,"Male","K- Private Cars","S- Driver's Negligence",2.00
5159,22339.00,"3- Essequibo Islands- West Demerara",246,"New Rd. Vreed en Hoop","West Bank Demerara River (From Vreed-en-Hoop)","-58.1833","6.7667",,,2/7/2009 0:00:00,12/30/1899 19:20:00,"B- Serious Injury","F- Driver",47.00,"Male","J- Minibus;V-Motor Cycle","P- Speeding",2.00
5160,22340.00,"3- Essequibo Islands- West Demerara",246,"Vreed en Hoop Public Rd.","West Bank Demerara River (From Vreed-en-Hoop)","-58.1833","6.7667",,,3/9/2009 0:00:00,12/30/1899 14:30:00,"D- Property Damage","G- Rider",30.00,"Male","M- Hire Cars;W-Pedal Cycle","U- Cyclist's Negligence",2.00
5161,22341.00,"3- Essequibo Islands- West Demerara",246,"Vreed en Hoop Junction","West Bank Demerara River (From Vreed-en-Hoop)","-58.1833","6.7667",,,3/8/2009 0:00:00,12/30/1899 21:15:00,"B- Serious Injury","F- Driver",17.00,"Male","K- Private Cars","S- Driver's Negligence",2.00
5162,22342.00,"3- Essequibo Islands- West Demerara",247,"Pouderoyen Public Rd.","West Bank Demerara River (From Vreed-en-Hoop)","-58.2000","6.8000",,,3/9/2009 0:00:00,12/30/1899 19:15:00,"D- Property Damage","F- Driver",50.00,"Female","K- Private Cars;M- Hire Cars","O- Lost Control & Runoff",2.00
5163,22343.00,"3- Essequibo Islands- West Demerara",246,"Vreed en Hoop Public Rd.","West Bank Demerara River (From Vreed-en-Hoop)","-58.1833","6.7667",,,3/30/2009 0:00:00,12/30/1899 16:30:00,"B- Serious Injury","F- Driver",30.00,"Male","M- Hire Cars;V-Motor Cycle","S- Driver's Negligence",2.00
5164,22344.00,"3- Essequibo Islands- West Demerara",246,"Vreed en Hoop Stelling Rd.","West Bank Demerara River (From Vreed-en-Hoop)","-58.1833","6.7667",,,3/31/2009 0:00:00,12/30/1899 8:15:00,"B- Serious Injury","E- Pedestrian",12.00,"Male","M- Hire Cars","T-Pedestrian's Negligence",2.00
5165,22345.00,"3- Essequibo Islands- West Demerara",246,"New Rd. Vreed en Hoop","West Bank Demerara River (From Vreed-en-Hoop)","-58.1833","6.7667",,,4/8/2009 0:00:00,12/30/1899 22:30:00,"B- Serious Injury","F- Driver",,,"K- Private Cars","O- Lost Control & Runoff",2.00
5166,22346.00,"3- Essequibo Islands- West Demerara",246,"New Rd. Vreed en Hoop","West Bank Demerara River (From Vreed-en-Hoop)","-58.1833","6.7667",,,4/11/2009 0:00:00,12/30/1899 23:15:00,"A- Fatal","E- Pedestrian",29.00,"Male","L- Lorries Van","T-Pedestrian's Negligence",2.00
5167,22347.00,"3- Essequibo Islands- West Demerara",175,"Harlem Public Rd.","West Coast Demerara (From Vreed-en-Hoop, I.b. Demerara River)","-58.2205","6.8347",,,4/13/2009 0:00:00,12/30/1899 10:31:00,"D- Property Damage","F- Driver",39.00,"Male","K- Private Cars","S- Driver's Negligence",2.00
5168,22348.00,"3- Essequibo Islands- West Demerara",246,"Vreed en Hoop Public Rd.","West Bank Demerara River (From Vreed-en-Hoop)","-58.1833","6.7667",,,4/16/2009 0:00:00,12/30/1899 15:00:00,"D- Property Damage","F- Driver",,"Male","J- Minibus;M- Hire Cars","S- Driver's Negligence",2.00
5169,22349.00,"3- Essequibo Islands- West Demerara",246,"Vreed en Hoop Public Rd.","West Bank Demerara River (From Vreed-en-Hoop)","-58.1833","6.7667",,,4/17/2009 0:00:00,12/30/1899 15:45:00,"D- Property Damage","F- Driver",21.00,"Male","K- Private Cars;M- Hire Cars;N- Pickup","S- Driver's Negligence",3.00
5170,22350.00,"3- Essequibo Islands- West Demerara",246,"Vreed en Hoop Public Rd.","West Bank Demerara River (From Vreed-en-Hoop)","-58.1833","6.7667",,,4/20/2009 0:00:00,12/30/1899 4:30:00,"B- Serious Injury","F- Driver",,"Male","K- Private Cars;V-Motor Cycle","S- Driver's Negligence",2.00
5171,22351.00,"3- Essequibo Islands- West Demerara",173,"La Union Public Rd.","West Coast Demerara (From Vreed-en-Hoop, I.b. Demerara River)","-58.2167","6.8167",,,4/21/2009 0:00:00,12/30/1899 7:30:00,"D- Property Damage","F- Driver",58.00,"Male","M- Hire Cars","S- Driver's Negligence",2.00