"ID","Accident ID","Region Number","Corridor ID","Location (Intersection/Road/Street)","Corridor","Location- longitude/ X","Location- latitude/  Y","Mile Marker","Village","Date of Accident","Time of Accident","Type of Accident","Class of Road User","Age/DOB","Gender","Class of Vehicles Involved","Contributing Factor","Number of Persons Involved"
5172,22352.00,"3- Essequibo Islands- West Demerara",179,"Windsor Forest Public Rd.","West Coast Demerara (From Vreed-en-Hoop, I.b. Demerara River)","-58.2333","6.8333",,,4/22/2009 0:00:00,,"B- Serious Injury","F- Driver",42.00,"Male","J- Minibus","S- Driver's Negligence",2.00
5173,22353.00,"3- Essequibo Islands- West Demerara",246,"New Rd. Vreed en Hoop","West Bank Demerara River (From Vreed-en-Hoop)","-58.1833","6.7667",,,4/25/2009 0:00:00,12/30/1899 2:10:00,"D- Property Damage","F- Driver",24.00,"Male","K- Private Cars;M- Hire Cars","S- Driver's Negligence",2.00
5174,22354.00,"3- Essequibo Islands- West Demerara",246,"Vreed en Hoop Public Rd.","West Bank Demerara River (From Vreed-en-Hoop)","-58.1833","6.7667",,,4/25/2009 0:00:00,12/30/1899 9:50:00,"D- Property Damage","F- Driver",21.00,"Male","M- Hire Cars","P- Speeding",2.00
5175,22355.00,"3- Essequibo Islands- West Demerara",260,"Demerara Harbour Bridge","West Bank Demerara River (From Vreed-en-Hoop)","-58.2000","6.7667",,,4/26/2009 0:00:00,12/30/1899 2:50:00,"D- Property Damage","F- Driver",38.00,"Male","K- Private Cars;V-Motor Cycle","P- Speeding",2.00
5176,22356.00,"3- Essequibo Islands- West Demerara",175,"Harlem Public Rd.","West Coast Demerara (From Vreed-en-Hoop, I.b. Demerara River)","-58.2205","6.8347",,,4/26/2009 0:00:00,12/30/1899 21:30:00,"D- Property Damage","F- Driver",32.00,"Male","K- Private Cars","S- Driver's Negligence",2.00
5177,22357.00,"3- Essequibo Islands- West Demerara",255,"Versailles Pulic Rd.","West Bank Demerara River (From Vreed-en-Hoop)","-58.2000","6.8000",,,5/1/2009 0:00:00,12/30/1899 16:10:00,"D- Property Damage","F- Driver",38.00,"Male","K- Private Cars","Y- Animal",1.00
5178,22358.00,"3- Essequibo Islands- West Demerara",246,"Vreed en Hoop Junction","West Bank Demerara River (From Vreed-en-Hoop)","-58.1833","6.7667",,,5/6/2009 0:00:00,,"D- Property Damage","F- Driver",56.00,"Male","J- Minibus;M- Hire Cars","S- Driver's Negligence",2.00
5179,22359.00,"3- Essequibo Islands- West Demerara",255,"Versailles Public Rd.","West Bank Demerara River (From Vreed-en-Hoop)","-58.2000","6.8000",,,5/6/2009 0:00:00,12/30/1899 14:10:00,"C- Minor Injury","F- Driver",34.00,"Male","J- Minibus;M- Hire Cars","P- Speeding",3.00
5180,22360.00,"3- Essequibo Islands- West Demerara",256,"Goed Fortuin Public Rd.","West Bank Demerara River (From Vreed-en-Hoop)","-58.2000","6.7833",,,5/13/2009 0:00:00,12/30/1899 7:05:00,"D- Property Damage","F- Driver",21.00,"Male","K- Private Cars","P- Speeding",2.00
5181,22361.00,"3- Essequibo Islands- West Demerara",256,"Goed Fortuin Public Rd.","West Bank Demerara River (From Vreed-en-Hoop)","-58.2000","6.7833",,,5/14/2009 0:00:00,12/30/1899 6:45:00,"D- Property Damage","F- Driver",25.00,"Male","M- Hire Cars","P- Speeding",2.00
5182,22362.00,"3- Essequibo Islands- West Demerara",247,"Pouderoyen Public Rd.","West Bank Demerara River (From Vreed-en-Hoop)","-58.2000","6.8000",,,5/19/2009 0:00:00,12/30/1899 20:30:00,"D- Property Damage","F- Driver",45.00,"Male","K- Private Cars;M- Hire Cars","P- Speeding",2.00
5183,22363.00,"3- Essequibo Islands- West Demerara",199,"Crane Public Rd.","Right Bank Essequibo River (From Vreed-en-Hoop, I.b. Demerara River)",,,,,6/3/2009 0:00:00,,"B- Serious Injury","F- Driver",,"Male","J- Minibus;K- Private Cars;N- Pickup","P- Speeding",4.00
5184,22364.00,"3- Essequibo Islands- West Demerara",246,"Vreed en Hoop Public Rd.","West Bank Demerara River (From Vreed-en-Hoop)","-58.1833","6.7667",,,6/4/2009 0:00:00,,"D- Property Damage","F- Driver",27.00,"Male","K- Private Cars;N- Pickup","S- Driver's Negligence",2.00
5185,22365.00,"3- Essequibo Islands- West Demerara",246,"Vreed en Hoop Stelling Rd.","West Bank Demerara River (From Vreed-en-Hoop)","-58.1833","6.7667",,,6/5/2009 0:00:00,12/30/1899 10:30:00,"D- Property Damage","F- Driver",30.00,"Male","M- Hire Cars","S- Driver's Negligence",2.00
5186,22366.00,"3- Essequibo Islands- West Demerara",246,"New Rd. Vreed en Hoop","West Bank Demerara River (From Vreed-en-Hoop)","-58.1833","6.7667",,,6/5/2009 0:00:00,12/30/1899 17:00:00,"B- Serious Injury","G- Rider",23.00,"Male","V-Motor Cycle;W-Pedal Cycle","U- Cyclist's Negligence",2.00
5187,22367.00,"3- Essequibo Islands- West Demerara",247,"Pouderoyen Public Rd.","West Bank Demerara River (From Vreed-en-Hoop)","-58.2000","6.8000",,,12/1/2011 0:00:00,12/30/1899 7:15:00,"C- Minor Injury","F- Driver",47.00,"Male","M- Hire Cars;V-Motor Cycle","S- Driver's Negligence",2.00
5188,22368.00,"3- Essequibo Islands- West Demerara",246,"Vreed en Hoop Public Rd.","West Bank Demerara River (From Vreed-en-Hoop)","-58.1833","6.7667",,,12/17/2011 0:00:00,12/30/1899 14:00:00,"D- Property Damage","F- Driver",33.00,"Male","K- Private Cars;M- Hire Cars","S- Driver's Negligence",2.00
5189,22369.00,"3- Essequibo Islands- West Demerara",175,"Harlem Public Rd.","West Coast Demerara (From Vreed-en-Hoop, I.b. Demerara River)","-58.2205","6.8347",,,12/10/2011 0:00:00,12/30/1899 23:30:00,"B- Serious Injury","F- Driver",,"Male","J- Minibus","P- Speeding",7.00
5190,22370.00,"3- Essequibo Islands- West Demerara",199,"Crane Public Rd.","Right Bank Essequibo River (From Vreed-en-Hoop, I.b. Demerara River)",,,,,12/18/2011 0:00:00,12/30/1899 21:55:00,"B- Serious Injury","F- Driver",,"Male","M- Hire Cars;V-Motor Cycle","S- Driver's Negligence",2.00
5191,22371.00,"3- Essequibo Islands- West Demerara",246,"Vreed en Hoop Public Rd.","West Bank Demerara River (From Vreed-en-Hoop)","-58.1833","6.7667",,,12/21/2011 0:00:00,12/30/1899 16:25:00,"D- Property Damage","F- Driver",48.00,"Female","K- Private Cars;X-Tractor","S- Driver's Negligence",2.00
5192,22372.00,"3- Essequibo Islands- West Demerara",246,"New Rd. Vreed en Hoop","West Bank Demerara River (From Vreed-en-Hoop)","-58.1833","6.7667",,,1/1/2011 0:00:00,12/30/1899 15:20:00,"D- Property Damage","F- Driver",34.00,"Male","K- Private Cars;M- Hire Cars","S- Driver's Negligence",2.00
5193,22373.00,"3- Essequibo Islands- West Demerara",246,"Vreed en Hoop Stelling Rd.","West Bank Demerara River (From Vreed-en-Hoop)","-58.1833","6.7667",,,12/31/2011 0:00:00,12/30/1899 17:05:00,"D- Property Damage","G- Rider",,"Male","N- Pickup;V-Motor Cycle","U- Cyclist's Negligence",2.00
5194,22374.00,"3- Essequibo Islands- West Demerara",247,"Pouderoyen Public Rd.","West Bank Demerara River (From Vreed-en-Hoop)","-58.2000","6.8000",,,1/10/2012 0:00:00,12/30/1899 10:30:00,"D- Property Damage","F- Driver",22.00,"Male","K- Private Cars","S- Driver's Negligence",2.00
5195,22375.00,"3- Essequibo Islands- West Demerara",246,"New Rd. Vreed en Hoop","West Bank Demerara River (From Vreed-en-Hoop)","-58.1833","6.7667",,,1/11/2012 0:00:00,12/30/1899 8:35:00,"D- Property Damage","F- Driver",29.00,"Male","K- Private Cars;M- Hire Cars","P- Speeding",3.00
5196,22376.00,"3- Essequibo Islands- West Demerara",175,"Harlem Public Rd.","West Coast Demerara (From Vreed-en-Hoop, I.b. Demerara River)","-58.2205","6.8347",,,1/14/2012 0:00:00,12/30/1899 4:30:00,"C- Minor Injury","F- Driver",32.00,"Male","K- Private Cars","P- Speeding",2.00
5197,22377.00,"3- Essequibo Islands- West Demerara",246,"New Rd. Vreed en Hoop","West Bank Demerara River (From Vreed-en-Hoop)","-58.1833","6.7667",,,1/17/2012 0:00:00,12/30/1899 13:30:00,"D- Property Damage","F- Driver",42.00,"Male","M- Hire Cars;N- Pickup","S- Driver's Negligence",2.00
5198,22378.00,"3- Essequibo Islands- West Demerara",246,"New Rd. Vreed en Hoop","West Bank Demerara River (From Vreed-en-Hoop)","-58.1833","6.7667",,,1/19/2012 0:00:00,12/30/1899 20:15:00,"D- Property Damage","F- Driver",40.00,"Male","K- Private Cars;M- Hire Cars","P- Speeding",3.00
5199,22379.00,"3- Essequibo Islands- West Demerara",173,"La Union Public Rd.","West Coast Demerara (From Vreed-en-Hoop, I.b. Demerara River)","-58.2167","6.8167",,,1/30/2012 0:00:00,12/30/1899 15:50:00,"D- Property Damage","F- Driver",31.00,"Male","K- Private Cars;X-Tractor","O- Lost Control & Runoff",2.00
5200,22380.00,"3- Essequibo Islands- West Demerara",247,"Pouderoyen Public Rd.","West Bank Demerara River (From Vreed-en-Hoop)","-58.2000","6.8000",,,2/9/2012 0:00:00,12/30/1899 16:15:00,"B- Serious Injury","G- Rider",23.00,"Male","V-Motor Cycle","P- Speeding",2.00
5201,22381.00,"3- Essequibo Islands- West Demerara",246,"Vreed en Hoop Public Rd.","West Bank Demerara River (From Vreed-en-Hoop)","-58.1833","6.7667",,,2/13/2012 0:00:00,12/30/1899 8:45:00,"B- Serious Injury","F- Driver",41.00,"Male","L- Lorries Van;V-Motor Cycle","S- Driver's Negligence",3.00
5202,22382.00,"3- Essequibo Islands- West Demerara",175,"Harlem Public Rd.","West Coast Demerara (From Vreed-en-Hoop, I.b. Demerara River)","-58.2205","6.8347",,,2/23/2012 0:00:00,12/30/1899 18:15:00,"D- Property Damage","F- Driver",33.00,"Male","K- Private Cars;N- Pickup","S- Driver's Negligence",2.00
5203,22383.00,"3- Essequibo Islands- West Demerara",246,"New Rd. Vreed en Hoop","West Bank Demerara River (From Vreed-en-Hoop)","-58.1833","6.7667",,,2/24/2012 0:00:00,12/30/1899 23:15:00,"D- Property Damage","F- Driver",22.00,"Male","J- Minibus;K- Private Cars","S- Driver's Negligence",3.00
5204,22384.00,"3- Essequibo Islands- West Demerara",175,"Harlem Public Rd.","West Coast Demerara (From Vreed-en-Hoop, I.b. Demerara River)","-58.2205","6.8347",,,3/2/2012 0:00:00,12/30/1899 19:00:00,"C- Minor Injury","F- Driver",34.00,"Male","N- Pickup","S- Driver's Negligence",2.00
5205,22385.00,"3- Essequibo Islands- West Demerara",246,"Vreed en Hoop Public Rd.","West Bank Demerara River (From Vreed-en-Hoop)","-58.1833","6.7667",,,3/3/2012 0:00:00,12/30/1899 10:30:00,"C- Minor Injury","E- Pedestrian",81.00,"Male","K- Private Cars","T-Pedestrian's Negligence",2.00
5206,22386.00,"3- Essequibo Islands- West Demerara",199,"Crane Access Rd.","Right Bank Essequibo River (From Vreed-en-Hoop, I.b. Demerara River)",,,,,8/3/2012 0:00:00,12/30/1899 12:15:00,"B- Serious Injury","E- Pedestrian",2.00,"Female","K- Private Cars","T-Pedestrian's Negligence",2.00
5207,22387.00,"3- Essequibo Islands- West Demerara",246,"New Rd. Vreed en Hoop","West Bank Demerara River (From Vreed-en-Hoop)","-58.1833","6.7667",,,3/12/2012 0:00:00,12/30/1899 20:45:00,"C- Minor Injury","F- Driver",59.00,"Male","J- Minibus;K- Private Cars","P- Speeding",2.00
5208,22388.00,"3- Essequibo Islands- West Demerara",246,"Vreed en Hoop Public Rd.","West Bank Demerara River (From Vreed-en-Hoop)","-58.1833","6.7667",,,4/2/2012 0:00:00,,"D- Property Damage","F- Driver",55.00,"Male","K- Private Cars","S- Driver's Negligence",2.00
5209,22389.00,"3- Essequibo Islands- West Demerara",246,"New Rd. Vreed en Hoop","West Bank Demerara River (From Vreed-en-Hoop)","-58.1833","6.7667",,,4/5/2012 0:00:00,12/30/1899 20:00:00,"A- Fatal","F- Driver",39.00,"Male","M- Hire Cars","S- Driver's Negligence",2.00
5210,22390.00,"3- Essequibo Islands- West Demerara",255,"Versailles Public Rd.","West Bank Demerara River (From Vreed-en-Hoop)","-58.2000","6.8000",,,4/10/2012 0:00:00,12/30/1899 0:30:00,"A- Fatal","F- Driver",26.00,"Male","K- Private Cars","P- Speeding",1.00
5211,22391.00,"3- Essequibo Islands- West Demerara",246,"New Rd. Vreed en Hoop","West Bank Demerara River (From Vreed-en-Hoop)","-58.1833","6.7667",,,4/10/2012 0:00:00,12/30/1899 17:10:00,"C- Minor Injury","F- Driver",65.00,"Male","K- Private Cars;V-Motor Cycle","S- Driver's Negligence",2.00
5212,22392.00,"3- Essequibo Islands- West Demerara",175,"Harlem Public Rd.","West Coast Demerara (From Vreed-en-Hoop, I.b. Demerara River)","-58.2205","6.8347",,,4/17/2012 0:00:00,12/30/1899 0:20:00,"B- Serious Injury","F- Driver",44.00,"Male","K- Private Cars;X-Tractor","S- Driver's Negligence",2.00
5213,22393.00,"3- Essequibo Islands- West Demerara",246,"New Rd. Vreed en Hoop","West Bank Demerara River (From Vreed-en-Hoop)","-58.1833","6.7667",,,4/17/2012 0:00:00,12/30/1899 6:30:00,"B- Serious Injury","F- Driver",33.00,"Male","K- Private Cars;W-Pedal Cycle","P- Speeding",2.00
5214,22394.00,"3- Essequibo Islands- West Demerara",255,"Versailles Public Rd.","West Bank Demerara River (From Vreed-en-Hoop)","-58.2000","6.8000",,,4/11/2012 0:00:00,12/30/1899 13:20:00,"C- Minor Injury","F- Driver",34.00,"Male","K- Private Cars","Q- Alcohol",1.00
5215,22395.00,"3- Essequibo Islands- West Demerara",246,"Vreed en Hoop Public Rd.","West Bank Demerara River (From Vreed-en-Hoop)","-58.1833","6.7667",,,4/21/2012 0:00:00,12/30/1899 9:20:00,"D- Property Damage","F- Driver",44.00,"Male","J- Minibus;L- Lorries Van","S- Driver's Negligence",2.00
5216,22396.00,"3- Essequibo Islands- West Demerara",246,"New Rd. Vreed en Hoop","West Bank Demerara River (From Vreed-en-Hoop)","-58.1833","6.7667",,,4/23/2012 0:00:00,12/30/1899 22:40:00,"B- Serious Injury","F- Driver",23.00,"Male","K- Private Cars;V-Motor Cycle","P- Speeding",2.00
5217,22397.00,"3- Essequibo Islands- West Demerara",175,"Harlem Public Rd.","West Coast Demerara (From Vreed-en-Hoop, I.b. Demerara River)","-58.2205","6.8347",,,4/26/2012 0:00:00,,"B- Serious Injury","F- Driver",28.00,"Male","K- Private Cars;W-Pedal Cycle","S- Driver's Negligence",3.00
5218,22398.00,"3- Essequibo Islands- West Demerara",175,"Harlem Public Rd.","West Coast Demerara (From Vreed-en-Hoop, I.b. Demerara River)","-58.2205","6.8347",,,5/6/2012 0:00:00,12/30/1899 16:10:00,"D- Property Damage","F- Driver",24.00,"Male","K- Private Cars;L- Lorries Van;M- Hire Cars","S- Driver's Negligence",3.00
5219,22399.00,"3- Essequibo Islands- West Demerara",246,"New Rd. Vreed en Hoop","West Bank Demerara River (From Vreed-en-Hoop)","-58.1833","6.7667",,,5/10/2012 0:00:00,12/30/1899 20:30:00,"B- Serious Injury","G- Rider",42.00,"Male","K- Private Cars;V-Motor Cycle","U- Cyclist's Negligence",2.00
5220,22400.00,"3- Essequibo Islands- West Demerara",246,"New Rd. Vreed en Hoop","West Bank Demerara River (From Vreed-en-Hoop)","-58.1833","6.7667",,,5/29/2012 0:00:00,12/30/1899 9:15:00,"D- Property Damage","F- Driver",49.00,"Male","J- Minibus;K- Private Cars","S- Driver's Negligence",2.00
5221,22401.00,"3- Essequibo Islands- West Demerara",246,"Vreed en Hoop Public Rd.","West Bank Demerara River (From Vreed-en-Hoop)","-58.1833","6.7667",,,5/29/2012 0:00:00,12/30/1899 20:00:00,"C- Minor Injury","E- Pedestrian",12.00,"Female","M- Hire Cars","T-Pedestrian's Negligence",2.00
5222,22402.00,"3- Essequibo Islands- West Demerara",247,"Pouderoyen Public Rd.","West Bank Demerara River (From Vreed-en-Hoop)","-58.2000","6.8000",,,6/2/2012 0:00:00,,"C- Minor Injury","F- Driver",21.00,"Male","K- Private Cars;V-Motor Cycle","S- Driver's Negligence",3.00
5223,22403.00,"3- Essequibo Islands- West Demerara",247,"Pouderoyen Public Rd.","West Bank Demerara River (From Vreed-en-Hoop)","-58.2000","6.8000",,,6/6/2012 0:00:00,12/30/1899 22:00:00,"B- Serious Injury","E- Pedestrian",44.00,"Male","N- Pickup","T-Pedestrian's Negligence",2.00
5224,22404.00,"3- Essequibo Islands- West Demerara",247,"Pouderoyen Public Rd.","West Bank Demerara River (From Vreed-en-Hoop)","-58.2000","6.8000",,,6/9/2012 0:00:00,12/30/1899 20:00:00,"B- Serious Injury","E- Pedestrian",58.00,"Male","J- Minibus","T-Pedestrian's Negligence",2.00
5225,22405.00,"3- Essequibo Islands- West Demerara",246,"New Rd. Vreed en Hoop","West Bank Demerara River (From Vreed-en-Hoop)","-58.1833","6.7667",,,6/14/2012 0:00:00,12/30/1899 7:30:00,"C- Minor Injury","F- Driver",28.00,"Male","J- Minibus;M- Hire Cars","S- Driver's Negligence",2.00
5226,22406.00,"3- Essequibo Islands- West Demerara",246,"Plantain Walk Public Rd.","West Bank Demerara River (From Vreed-en-Hoop)","-58.1833","6.7667",,,6/12/2012 0:00:00,12/30/1899 10:50:00,"D- Property Damage","F- Driver",29.00,"Male","K- Private Cars;M- Hire Cars","S- Driver's Negligence",3.00
5227,22407.00,"3- Essequibo Islands- West Demerara",246,"New Rd. Vreed en Hoop","West Bank Demerara River (From Vreed-en-Hoop)","-58.1833","6.7667",,,7/10/2012 0:00:00,12/30/1899 10:45:00,"D- Property Damage","F- Driver",31.00,"Male","M- Hire Cars;X-Tractor","O- Lost Control & Runoff",2.00
5228,22408.00,"3- Essequibo Islands- West Demerara",175,"Harlem Public Rd.","West Coast Demerara (From Vreed-en-Hoop, I.b. Demerara River)","-58.2205","6.8347",,,7/15/2012 0:00:00,12/30/1899 15:45:00,"D- Property Damage","F- Driver",37.00,"Male","J- Minibus;K- Private Cars","S- Driver's Negligence",2.00
5229,22409.00,"3- Essequibo Islands- West Demerara",173,"La Union Public Rd.","West Coast Demerara (From Vreed-en-Hoop, I.b. Demerara River)","-58.2167","6.8167",,,7/13/2012 0:00:00,12/30/1899 9:15:00,"D- Property Damage","F- Driver",47.00,"Male","J- Minibus","S- Driver's Negligence",2.00
5230,22410.00,"3- Essequibo Islands- West Demerara",246,"New Rd. Vreed en Hoop","West Bank Demerara River (From Vreed-en-Hoop)","-58.1833","6.7667",,,7/20/2012 0:00:00,12/30/1899 13:45:00,"C- Minor Injury","F- Driver",42.00,"Male","L- Lorries Van;M- Hire Cars","S- Driver's Negligence",2.00
5231,22411.00,"3- Essequibo Islands- West Demerara",246,"Vreed en Hoop Public Rd.","West Bank Demerara River (From Vreed-en-Hoop)","-58.1833","6.7667",,,7/27/2012 0:00:00,12/30/1899 8:30:00,"D- Property Damage","F- Driver",,"Male","K- Private Cars;L- Lorries Van","S- Driver's Negligence",2.00
5232,22412.00,"3- Essequibo Islands- West Demerara",246,"New Rd. Vreed en Hoop","West Bank Demerara River (From Vreed-en-Hoop)","-58.1833","6.7667",,,7/30/2012 0:00:00,12/30/1899 6:45:00,"A- Fatal","E- Pedestrian",46.00,"Male","K- Private Cars","T-Pedestrian's Negligence",2.00
5233,22413.00,"3- Essequibo Islands- West Demerara",246,"New Rd. Vreed en Hoop","West Bank Demerara River (From Vreed-en-Hoop)","-58.1833","6.7667",,,8/4/2012 0:00:00,,"B- Serious Injury","G- Rider",49.00,"Male","K- Private Cars;W-Pedal Cycle","U- Cyclist's Negligence",2.00
5234,22414.00,"3- Essequibo Islands- West Demerara",180,"La Jalousie Public Rd.","West Coast Demerara (From Vreed-en-Hoop, I.b. Demerara River)","-58.2500","6.8167",,,8/25/2012 0:00:00,12/30/1899 7:30:00,"D- Property Damage","F- Driver",56.00,"Male","K- Private Cars;L- Lorries Van","S- Driver's Negligence",2.00
5235,22415.00,"3- Essequibo Islands- West Demerara",246,"New Rd. Vreed en Hoop","West Bank Demerara River (From Vreed-en-Hoop)","-58.1833","6.7667",,,8/2/2012 0:00:00,12/30/1899 21:03:00,"C- Minor Injury","E- Pedestrian",40.00,"Male","K- Private Cars","T-Pedestrian's Negligence",2.00
5236,22416.00,"3- Essequibo Islands- West Demerara",246,"New Rd. Vreed en Hoop","West Bank Demerara River (From Vreed-en-Hoop)","-58.1833","6.7667",,,9/7/2012 0:00:00,,"D- Property Damage","F- Driver",37.00,"Male","K- Private Cars;L- Lorries Van","S- Driver's Negligence",2.00
5237,22417.00,"3- Essequibo Islands- West Demerara",175,"Harlem Public Rd.","West Coast Demerara (From Vreed-en-Hoop, I.b. Demerara River)","-58.2205","6.8347",,,9/7/2012 0:00:00,12/30/1899 9:15:00,"A- Fatal","F- Driver",58.00,"Male","L- Lorries Van;N- Pickup","P- Speeding",4.00
5238,22418.00,"3- Essequibo Islands- West Demerara",175,"Harlem Public Rd.","West Coast Demerara (From Vreed-en-Hoop, I.b. Demerara River)","-58.2205","6.8347",,,9/7/2012 0:00:00,12/30/1899 9:15:00,"A- Fatal","F- Driver",44.00,"Male","K- Private Cars",,5.00
5239,22419.00,"3- Essequibo Islands- West Demerara",246,"New Rd. Vreed en Hoop","West Bank Demerara River (From Vreed-en-Hoop)","-58.1833","6.7667",,,9/16/2012 0:00:00,12/30/1899 2:30:00,"D- Property Damage","F- Driver",32.00,"Male","K- Private Cars;M- Hire Cars","S- Driver's Negligence",3.00
5240,22420.00,"3- Essequibo Islands- West Demerara",177,"Wallers Delight Public Rd.","West Coast Demerara (From Vreed-en-Hoop, I.b. Demerara River)","-58.2167","6.8333",,,10/10/2012 0:00:00,12/30/1899 13:15:00,"D- Property Damage","F- Driver",31.00,"Female","K- Private Cars;N- Pickup","P- Speeding",2.00
5241,22421.00,"3- Essequibo Islands- West Demerara",247,"Pouderoyen Public Rd.","West Bank Demerara River (From Vreed-en-Hoop)","-58.2000","6.8000",,,10/13/2012 0:00:00,12/30/1899 17:05:00,"B- Serious Injury","G- Rider",,"Male","L- Lorries Van;W-Pedal Cycle","U- Cyclist's Negligence",2.00
5242,22422.00,"3- Essequibo Islands- West Demerara",247,"Pouderoyen Public Rd.","West Bank Demerara River (From Vreed-en-Hoop)","-58.2000","6.8000",,,10/15/2012 0:00:00,12/30/1899 2:30:00,"B- Serious Injury","F- Driver",24.00,"Male","K- Private Cars","S- Driver's Negligence",2.00
5243,22423.00,"3- Essequibo Islands- West Demerara",246,"Vreed en Hoop Public Rd.","West Bank Demerara River (From Vreed-en-Hoop)","-58.1833","6.7667",,,11/20/2012 0:00:00,12/30/1899 6:00:00,"C- Minor Injury","F- Driver",,"Male","K- Private Cars","S- Driver's Negligence",1.00
5244,22424.00,"3- Essequibo Islands- West Demerara",246,"New Rd. Vreed en Hoop","West Bank Demerara River (From Vreed-en-Hoop)","-58.1833","6.7667",,,11/17/2012 0:00:00,12/30/1899 21:30:00,"D- Property Damage","F- Driver",,"Male","K- Private Cars","S- Driver's Negligence",2.00
5245,22425.00,"3- Essequibo Islands- West Demerara",247,"Samaroo Dam","West Bank Demerara River (From Vreed-en-Hoop)","-58.2000","6.8000",,,11/25/2012 0:00:00,12/30/1899 15:30:00,"D- Property Damage","F- Driver",31.00,"Male","K- Private Cars;L- Lorries Van","S- Driver's Negligence",2.00
5246,22426.00,"3- Essequibo Islands- West Demerara",247,"Pouderoyen Public Rd.","West Bank Demerara River (From Vreed-en-Hoop)","-58.2000","6.8000",,,12/1/2012 0:00:00,12/30/1899 7:00:00,"D- Property Damage","F- Driver",37.00,"Male","K- Private Cars","S- Driver's Negligence",2.00
5247,22427.00,"3- Essequibo Islands- West Demerara",173,"La Union Public Rd.","West Coast Demerara (From Vreed-en-Hoop, I.b. Demerara River)","-58.2167","6.8167",,,12/1/2012 0:00:00,12/30/1899 20:15:00,"A- Fatal","E- Pedestrian",44.00,"Female","J- Minibus","T-Pedestrian's Negligence",2.00
5248,22428.00,"3- Essequibo Islands- West Demerara",246,"Vreed en Hoop Public Rd.","West Bank Demerara River (From Vreed-en-Hoop)","-58.1833","6.7667",,,12/13/2012 0:00:00,,"D- Property Damage","F- Driver",,"Male","K- Private Cars","S- Driver's Negligence",2.00
5249,22429.00,"3- Essequibo Islands- West Demerara",246,"New Rd. Vreed en Hoop","West Bank Demerara River (From Vreed-en-Hoop)","-58.1833","6.7667",,,12/20/2012 0:00:00,12/30/1899 22:10:00,"B- Serious Injury","F- Driver",21.00,"Male","K- Private Cars","P- Speeding",2.00
5250,24938.00,"3- Essequibo Islands- West Demerara",267,"Stanleytown Public Rd.","West Bank Demerara River (From Vreed-en-Hoop)","-58.2167","6.7333",,,2/18/2002 0:00:00,12/30/1899 9:15:00,"D- Property Damage","F- Driver",,"Male","M- Hire Cars","S- Driver's Negligence",2.00
5251,24939.00,"3- Essequibo Islands- West Demerara",268,"Canal #2 Public Rd.","West Bank Demerara River (From Vreed-en-Hoop)","-58.2000","6.7333",,,3/30/2002 0:00:00,12/30/1899 19:30:00,"A- Fatal","F- Driver",34.00,"Male","K- Private Cars","P- Speeding",2.00
5252,24940.00,"3- Essequibo Islands- West Demerara",267,"Stanleytown Public Rd.","West Bank Demerara River (From Vreed-en-Hoop)","-58.2167","6.7333",,,4/3/2002 0:00:00,,"D- Property Damage","F- Driver",38.00,"Male","J- Minibus;M- Hire Cars","S- Driver's Negligence",2.00
5253,24941.00,"3- Essequibo Islands- West Demerara",266,"La Retraite Public Rd.","West Bank Demerara River (From Vreed-en-Hoop)","-58.2167","6.7333",,,4/20/2002 0:00:00,12/30/1899 18:45:00,"B- Serious Injury","F- Driver",64.00,"Male","M- Hire Cars","S- Driver's Negligence",2.00
5254,24942.00,"3- Essequibo Islands- West Demerara",268,"Vince St.","West Bank Demerara River (From Vreed-en-Hoop)","-58.2000","6.7333",,,5/5/2002 0:00:00,12/30/1899 17:00:00,"C- Minor Injury","G- Rider",,"Male","M- Hire Cars;W-Pedal Cycle","U- Cyclist's Negligence",2.00
5255,24943.00,"3- Essequibo Islands- West Demerara",270,"Good Intent Public Rd.","West Bank Demerara River (From Vreed-en-Hoop)","-58.2167","6.7167",,,6/21/2002 0:00:00,12/30/1899 10:30:00,"D- Property Damage","F- Driver",30.00,"Male","J- Minibus","S- Driver's Negligence",2.00
5256,24944.00,"3- Essequibo Islands- West Demerara",270,"Good Intent Public Rd.","West Bank Demerara River (From Vreed-en-Hoop)","-58.2167","6.7167",,,7/7/2002 0:00:00,12/30/1899 22:00:00,"B- Serious Injury","E- Pedestrian",7.00,"Male","N- Pickup","T-Pedestrian's Negligence",2.00