"ID","Accident ID","Region Number","Corridor ID","Location (Intersection/Road/Street)","Corridor","Location- longitude/ X","Location- latitude/  Y","Mile Marker","Village","Date of Accident","Time of Accident","Type of Accident","Class of Road User","Age/DOB","Gender","Class of Vehicles Involved","Contributing Factor","Number of Persons Involved"
5257,24945.00,"3- Essequibo Islands- West Demerara",268,"Canal #2 Public Rd.","West Bank Demerara River (From Vreed-en-Hoop)","-58.2000","6.7333",,,7/8/2002 0:00:00,12/30/1899 19:30:00,"B- Serious Injury","E- Pedestrian",30.00,"Male","M- Hire Cars","T-Pedestrian's Negligence",2.00
5258,24946.00,"3- Essequibo Islands- West Demerara",267,"Stanleytown Public Rd.","West Bank Demerara River (From Vreed-en-Hoop)","-58.2167","6.7333",,,7/1/2002 0:00:00,12/30/1899 17:45:00,"C- Minor Injury","F- Driver",,"Male","K- Private Cars","P- Speeding",2.00
5259,24947.00,"3- Essequibo Islands- West Demerara",268,"Canal #2 Public Rd.","West Bank Demerara River (From Vreed-en-Hoop)","-58.2000","6.7333",,,9/8/2002 0:00:00,12/30/1899 19:30:00,"B- Serious Injury","G- Rider",39.00,"Male","J- Minibus;W-Pedal Cycle","U- Cyclist's Negligence",3.00
5260,24948.00,"3- Essequibo Islands- West Demerara",267,"Stanleytown Public Rd.","West Bank Demerara River (From Vreed-en-Hoop)","-58.2167","6.7333",,,9/18/2002 0:00:00,12/30/1899 7:00:00,"B- Serious Injury","F- Driver",34.00,"Male","N- Pickup","P- Speeding",2.00
5261,24949.00,"3- Essequibo Islands- West Demerara",269,"Belle Vue Public Rd.","West Bank Demerara River (From Vreed-en-Hoop)","-58.2167","6.7667",,,9/21/2002 0:00:00,12/30/1899 19:10:00,"A- Fatal","F- Driver",29.00,"Male","J- Minibus","P- Speeding",2.00
5262,24950.00,"3- Essequibo Islands- West Demerara",270,"Good Intent Public Rd.","West Bank Demerara River (From Vreed-en-Hoop)","-58.2167","6.7167",,,9/28/2002 0:00:00,12/30/1899 17:45:00,"D- Property Damage","F- Driver",,"Male","J- Minibus;L- Lorries Van","S- Driver's Negligence",2.00
5263,24951.00,"3- Essequibo Islands- West Demerara",271,"Sisters Village Public Rd.","West Bank Demerara River (From Vreed-en-Hoop)","-58.2167","6.7167",,,10/15/2002 0:00:00,,"C- Minor Injury","F- Driver",42.00,"Male","J- Minibus;M- Hire Cars","S- Driver's Negligence",2.00
5264,24952.00,"3- Essequibo Islands- West Demerara",270,"Good Intent Public Rd.","West Bank Demerara River (From Vreed-en-Hoop)","-58.2167","6.7167",,,10/9/2002 0:00:00,12/30/1899 18:20:00,"C- Minor Injury","F- Driver",42.00,"Male","L- Lorries Van","S- Driver's Negligence",2.00
5265,24953.00,"3- Essequibo Islands- West Demerara",268,"Canal #2 Public Rd.","West Bank Demerara River (From Vreed-en-Hoop)","-58.2000","6.7333",,,10/28/2002 0:00:00,12/30/1899 11:15:00,"C- Minor Injury","F- Driver",40.00,"Male","K- Private Cars;W-Pedal Cycle","S- Driver's Negligence",2.00
5266,24954.00,"3- Essequibo Islands- West Demerara",269,"Belle Vue Public Rd.","West Bank Demerara River (From Vreed-en-Hoop)","-58.2167","6.7667",,,10/21/2002 0:00:00,12/30/1899 17:45:00,"D- Property Damage","F- Driver",48.00,"Male","K- Private Cars;M- Hire Cars","S- Driver's Negligence",2.00
5267,24955.00,"3- Essequibo Islands- West Demerara",267,"Stanleytown Public Rd.","West Bank Demerara River (From Vreed-en-Hoop)","-58.2167","6.7333",,,10/29/2002 0:00:00,12/30/1899 6:50:00,"C- Minor Injury","G- Rider",13.00,"Male","K- Private Cars;W-Pedal Cycle","U- Cyclist's Negligence",2.00
5268,24956.00,"3- Essequibo Islands- West Demerara",267,"Stanleytown Public Rd.","West Bank Demerara River (From Vreed-en-Hoop)","-58.2167","6.7333",,,11/1/2002 0:00:00,12/30/1899 17:50:00,"C- Minor Injury","F- Driver",38.00,"Male","J- Minibus;M- Hire Cars","S- Driver's Negligence",2.00
5269,24957.00,"3- Essequibo Islands- West Demerara",270,"Good Intent Public Rd.","West Bank Demerara River (From Vreed-en-Hoop)","-58.2167","6.7167",,,11/3/2002 0:00:00,12/30/1899 23:30:00,"C- Minor Injury","G- Rider",,"Male","V-Motor Cycle","U- Cyclist's Negligence",1.00
5270,24958.00,"3- Essequibo Islands- West Demerara",269,"Belle Vue Public Rd.","West Bank Demerara River (From Vreed-en-Hoop)","-58.2167","6.7667",,,11/22/2002 0:00:00,12/30/1899 12:10:00,"B- Serious Injury","G- Rider",23.00,"Male","M- Hire Cars;V-Motor Cycle","U- Cyclist's Negligence",2.00
5271,24959.00,"3- Essequibo Islands- West Demerara",274,"Patentia Public Rd.","West Bank Demerara River (From Vreed-en-Hoop)","-58.2000","6.7000",,,11/25/2002 0:00:00,12/30/1899 15:00:00,"D- Property Damage","F- Driver",47.00,"Male","K- Private Cars;M- Hire Cars","S- Driver's Negligence",2.00
5272,24960.00,"3- Essequibo Islands- West Demerara",274,"Patentia Public Rd.","West Bank Demerara River (From Vreed-en-Hoop)","-58.2000","6.7000",,,11/25/2002 0:00:00,12/30/1899 20:30:00,"D- Property Damage","F- Driver",58.00,"Male","J- Minibus;L- Lorries Van","S- Driver's Negligence",2.00
5273,24961.00,"3- Essequibo Islands- West Demerara",270,"Good Intent Public Rd.","West Bank Demerara River (From Vreed-en-Hoop)","-58.2167","6.7167",,,12/15/2002 0:00:00,12/30/1899 21:00:00,"C- Minor Injury","F- Driver",48.00,"Male","L- Lorries Van","P- Speeding",2.00
5274,24962.00,"3- Essequibo Islands- West Demerara",274,"Middle St. Patentia","West Bank Demerara River (From Vreed-en-Hoop)","-58.2000","6.7000",,,12/6/2002 0:00:00,,"B- Serious Injury","F- Driver",,"Male","K- Private Cars","P- Speeding",2.00
5275,24963.00,"3- Essequibo Islands- West Demerara",267,"Stanleytown Public Rd.","West Bank Demerara River (From Vreed-en-Hoop)","-58.2167","6.7333",,,1/20/2003 0:00:00,12/30/1899 14:45:00,"B- Serious Injury","F- Driver",22.00,"Male","K- Private Cars","P- Speeding",1.00
5276,24964.00,"3- Essequibo Islands- West Demerara",271,"Sisters Village Public Rd.","West Bank Demerara River (From Vreed-en-Hoop)","-58.2167","6.7167",,,1/21/2003 0:00:00,12/30/1899 12:30:00,"B- Serious Injury","E- Pedestrian",7.00,"Female","K- Private Cars","T-Pedestrian's Negligence",2.00
5277,24965.00,"3- Essequibo Islands- West Demerara",270,"Good Intent Public Rd.","West Bank Demerara River (From Vreed-en-Hoop)","-58.2167","6.7167",,,1/29/2003 0:00:00,12/30/1899 20:00:00,"C- Minor Injury","F- Driver",37.00,"Male","J- Minibus","S- Driver's Negligence",2.00
5278,24966.00,"3- Essequibo Islands- West Demerara",274,"Patentia Public Rd.","West Bank Demerara River (From Vreed-en-Hoop)","-58.2000","6.7000",,,2/6/2003 0:00:00,12/30/1899 16:00:00,"A- Fatal","G- Rider",12.00,"Male","W-Pedal Cycle","U- Cyclist's Negligence",2.00
5279,24967.00,"3- Essequibo Islands- West Demerara",270,"Good Intent public Rd.","West Bank Demerara River (From Vreed-en-Hoop)","-58.2167","6.7167",,,2/12/2003 0:00:00,12/30/1899 18:30:00,"B- Serious Injury","G- Rider",,"Male","V-Motor Cycle;W-Pedal Cycle","P- Speeding",2.00
5280,24968.00,"3- Essequibo Islands- West Demerara",271,"Sisters Village public Rd.","West Bank Demerara River (From Vreed-en-Hoop)","-58.2167","6.7167",,,3/19/2003 0:00:00,12/30/1899 17:15:00,"B- Serious Injury","E- Pedestrian",32.00,"Female","V-Motor Cycle","T-Pedestrian's Negligence",2.00
5281,24969.00,"3- Essequibo Islands- West Demerara",267,"Stanleytown Public Rd.","West Bank Demerara River (From Vreed-en-Hoop)","-58.2167","6.7333",,,6/15/2003 0:00:00,12/30/1899 13:05:00,"B- Serious Injury","G- Rider",38.00,"Male","J- Minibus;V-Motor Cycle","U- Cyclist's Negligence",2.00
5282,24970.00,"3- Essequibo Islands- West Demerara",269,"Belle Vue Public Rd.","West Bank Demerara River (From Vreed-en-Hoop)","-58.2167","6.7667",,,7/3/2003 0:00:00,12/30/1899 8:30:00,"B- Serious Injury","F- Driver",37.00,"Male","K- Private Cars;M- Hire Cars","S- Driver's Negligence",2.00
5283,24971.00,"3- Essequibo Islands- West Demerara",274,"Patentia Public Rd.","West Bank Demerara River (From Vreed-en-Hoop)","-58.2000","6.7000",,,8/4/2003 0:00:00,,"C- Minor Injury","F- Driver",23.00,"Male","X-Tractor","S- Driver's Negligence",1.00
5284,24972.00,"3- Essequibo Islands- West Demerara",270,"Good Intent Public Rd.","West Bank Demerara River (From Vreed-en-Hoop)","-58.2167","6.7167",,,8/6/2003 0:00:00,12/30/1899 19:30:00,"B- Serious Injury","F- Driver",,,"K- Private Cars","P- Speeding",2.00
5285,24973.00,"3- Essequibo Islands- West Demerara",268,"Wales Public Rd.","West Bank Demerara River (From Vreed-en-Hoop)","-58.2000","6.7333",,,8/9/2003 0:00:00,12/30/1899 8:45:00,"B- Serious Injury","G- Rider",35.00,"Male","V-Motor Cycle;Z-Animal- Drawn","P- Speeding",2.00
5286,24974.00,"3- Essequibo Islands- West Demerara",270,"Good Intent Public Rd.","West Bank Demerara River (From Vreed-en-Hoop)","-58.2167","6.7167",,,8/12/2003 0:00:00,12/30/1899 13:50:00,"C- Minor Injury","F- Driver",,"Male","M- Hire Cars;N- Pickup","S- Driver's Negligence",2.00
5287,24975.00,"3- Essequibo Islands- West Demerara",267,"Stanleytown Public Rd.","West Bank Demerara River (From Vreed-en-Hoop)","-58.2167","6.7333",,,10/8/2003 0:00:00,12/30/1899 19:20:00,"C- Minor Injury","F- Driver",,"Male","K- Private Cars;L- Lorries Van","S- Driver's Negligence",3.00
5288,24976.00,"3- Essequibo Islands- West Demerara",267,"Stanleytown Public Rd.","West Bank Demerara River (From Vreed-en-Hoop)","-58.2167","6.7333",,,9/27/2003 0:00:00,12/30/1899 11:30:00,"A- Fatal","G- Rider",67.00,"Male","W-Pedal Cycle;X-Tractor","R- Improper Overtaking",2.00
5289,24977.00,"3- Essequibo Islands- West Demerara",269,"Belle Vue Public Rd.","West Bank Demerara River (From Vreed-en-Hoop)","-58.2167","6.7667",,,11/2/2003 0:00:00,12/30/1899 19:00:00,"A- Fatal","E- Pedestrian",83.00,"Male","K- Private Cars","T-Pedestrian's Negligence",2.00
5290,24978.00,"3- Essequibo Islands- West Demerara",270,"Good Intent Public Rd.","West Bank Demerara River (From Vreed-en-Hoop)","-58.2167","6.7167",,,10/6/2003 0:00:00,12/30/1899 7:30:00,"C- Minor Injury","F- Driver",,"Male","K- Private Cars;W-Pedal Cycle","P- Speeding",2.00
5291,24979.00,"3- Essequibo Islands- West Demerara",270,"Good Intent Public Rd.","West Bank Demerara River (From Vreed-en-Hoop)","-58.2167","6.7167",,,12/19/2003 0:00:00,12/30/1899 20:45:00,"A- Fatal","F- Driver",48.00,"Male","L- Lorries Van;V-Motor Cycle","P- Speeding",2.00
5292,24980.00,"3- Essequibo Islands- West Demerara",268,"Canal #2 Polder","West Bank Demerara River (From Vreed-en-Hoop)","-58.2000","6.7333",,,12/25/2003 0:00:00,12/30/1899 1:15:00,"A- Fatal","F- Driver",,,"K- Private Cars","P- Speeding",2.00
5293,24981.00,"3- Essequibo Islands- West Demerara",270,"Good Intent Public Rd.","West Bank Demerara River (From Vreed-en-Hoop)","-58.2167","6.7167",,,12/8/2003 0:00:00,12/30/1899 3:00:00,"D- Property Damage","F- Driver",,"Male","J- Minibus","S- Driver's Negligence",1.00
5294,24982.00,"3- Essequibo Islands- West Demerara",268,"Wales Public Rd.","West Bank Demerara River (From Vreed-en-Hoop)","-58.2000","6.7333",,,2/2/2004 0:00:00,12/30/1899 7:20:00,"B- Serious Injury","F- Driver",33.00,"Male","J- Minibus","P- Speeding",4.00
5295,24983.00,"3- Essequibo Islands- West Demerara",268,"Canal #2 Public Rd.","West Bank Demerara River (From Vreed-en-Hoop)","-58.2000","6.7333",,,2/5/2004 0:00:00,12/30/1899 8:10:00,"A- Fatal","F- Driver",27.00,"Male","J- Minibus","P- Speeding",2.00
5296,24984.00,"3- Essequibo Islands- West Demerara",270,"Good Intent Public Rd.","West Bank Demerara River (From Vreed-en-Hoop)","-58.2167","6.7167",,,2/12/2004 0:00:00,12/30/1899 10:30:00,"B- Serious Injury","F- Driver",25.00,"Male","M- Hire Cars","P- Speeding",2.00
5297,24985.00,"3- Essequibo Islands- West Demerara",267,"Stanleytown Public Rd.","West Bank Demerara River (From Vreed-en-Hoop)","-58.2167","6.7333",,,2/18/2004 0:00:00,12/30/1899 10:30:00,"C- Minor Injury","F- Driver",,"Male","J- Minibus;W-Pedal Cycle","S- Driver's Negligence",2.00
5298,24986.00,"3- Essequibo Islands- West Demerara",274,"Patentia Public Rd.","West Bank Demerara River (From Vreed-en-Hoop)","-58.2000","6.7000",,,3/7/2004 0:00:00,12/30/1899 17:15:00,"C- Minor Injury","F- Driver",29.00,"Male","K- Private Cars;W-Pedal Cycle","S- Driver's Negligence",2.00
5299,24987.00,"3- Essequibo Islands- West Demerara",266,"La Retraite Public Rd.","West Bank Demerara River (From Vreed-en-Hoop)","-58.2167","6.7333",,,3/8/2004 0:00:00,12/30/1899 8:45:00,"C- Minor Injury","F- Driver",27.00,"Male","L- Lorries Van;V-Motor Cycle","S- Driver's Negligence",2.00
5300,24988.00,"3- Essequibo Islands- West Demerara",269,"Belle Vue Public Rd.","West Bank Demerara River (From Vreed-en-Hoop)","-58.2167","6.7667",,,5/1/2004 0:00:00,,"D- Property Damage","F- Driver",46.00,"Male","K- Private Cars;M- Hire Cars","S- Driver's Negligence",2.00
5301,24989.00,"3- Essequibo Islands- West Demerara",266,"La Retraite Public Rd.","West Bank Demerara River (From Vreed-en-Hoop)","-58.2167","6.7333",,,5/26/2004 0:00:00,12/30/1899 20:10:00,,,,,,,
5302,24990.00,"3- Essequibo Islands- West Demerara",267,"Stanleytown Public Rd.","West Bank Demerara River (From Vreed-en-Hoop)","-58.2167","6.7333",,,6/12/2004 0:00:00,12/30/1899 15:45:00,,,,,,,
5303,24991.00,"3- Essequibo Islands- West Demerara",267,"Stanleytown Public Rd.","West Bank Demerara River (From Vreed-en-Hoop)","-58.2167","6.7333",,,6/19/2004 0:00:00,12/30/1899 17:45:00,,,,,,,
5304,24992.00,"3- Essequibo Islands- West Demerara",267,"Stanleytown Public Rd.","West Bank Demerara River (From Vreed-en-Hoop)","-58.2167","6.7333",,,6/30/2004 0:00:00,12/30/1899 9:45:00,,,,,,,
5305,24993.00,"3- Essequibo Islands- West Demerara",267,"Stanleytown Public Rd.","West Bank Demerara River (From Vreed-en-Hoop)","-58.2167","6.7333",,,7/11/2004 0:00:00,12/30/1899 17:40:00,,,,,,,
5306,24994.00,"3- Essequibo Islands- West Demerara",274,"Patentia Public Rd.","West Bank Demerara River (From Vreed-en-Hoop)","-58.2000","6.7000",,,8/1/2004 0:00:00,12/30/1899 13:15:00,,,,,,,
5307,24995.00,"3- Essequibo Islands- West Demerara",266,"La Retraite Public Rd.","West Bank Demerara River (From Vreed-en-Hoop)","-58.2167","6.7333",,,7/31/2004 0:00:00,12/30/1899 6:30:00,,,,,,,
5308,24996.00,"3- Essequibo Islands- West Demerara",267,"Stanleytown Public Rd.","West Bank Demerara River (From Vreed-en-Hoop)","-58.2167","6.7333",,,8/9/2004 0:00:00,12/30/1899 16:45:00,,,,,,,
5309,24997.00,"3- Essequibo Islands- West Demerara",269,"Belle Vue Public Rd.","West Bank Demerara River (From Vreed-en-Hoop)","-58.2167","6.7667",,,9/7/2004 0:00:00,12/30/1899 18:30:00,,,,,,,
5310,24998.00,"3- Essequibo Islands- West Demerara",323,"New Analegt Public Rd.",,"-58.2500","6.7333",,,9/14/2004 0:00:00,12/30/1899 14:30:00,,,,,,,
5311,24999.00,"3- Essequibo Islands- West Demerara",321,"Resource Public Rd.",,"-58.2500","6.7333",,,9/24/2004 0:00:00,12/30/1899 11:00:00,,,,,,,
5312,25000.00,"3- Essequibo Islands- West Demerara",265,"Touvlugt Public Rd.","West Bank Demerara River (From Vreed-en-Hoop)","-58.2167","6.7500",,,9/29/2004 0:00:00,12/30/1899 7:15:00,,,,,,,
5313,25001.00,"3- Essequibo Islands- West Demerara",,,,,,,,10/3/2004 0:00:00,12/30/1899 9:00:00,,,,,,,
5314,25742.00,"5- Mahaica- Berbice",625,"Kingelly Public Road","WEST COAST BERBICE ROAD (From Georgetown)","-57.6500","6.4500",,,1/12/2002 0:00:00,12/30/1899 8:45:00,"B- Serious Injury","F- Driver",74.00,"Male","K- Private Cars","P- Speeding",2.00
5315,25743.00,"5- Mahaica- Berbice",611,"Golden Fleece Public Road","WEST COAST BERBICE ROAD (From Georgetown)","-57.6833","6.5000",,,1/13/2002 0:00:00,12/30/1899 19:00:00,"C- Minor Injury","F- Driver",52.00,"Male","J- Minibus","P- Speeding",1.00
5316,25744.00,"5- Mahaica- Berbice",625,"Kingelly Public Road","WEST COAST BERBICE ROAD (From Georgetown)","-57.6500","6.4500",,,1/18/2002 0:00:00,12/30/1899 10:00:00,"A- Fatal","F- Driver",37.00,"Male","J- Minibus;W-Pedal Cycle","Y-Animal",2.00
5317,25745.00,"5- Mahaica- Berbice",630,"Britannia Public Road","WEST COAST BERBICE ROAD (From Georgetown)","-57.6333","6.4333",,,2/11/2002 0:00:00,12/30/1899 7:50:00,"B- Serious Injury","F- Driver",37.00,"Male","L- Lorries Van","P- Speeding",1.00
5318,25746.00,"5- Mahaica- Berbice",605,"Profit Public Road","WEST COAST BERBICE ROAD (From Georgetown)","-57.7333","6.5333",,,2/11/2002 0:00:00,12/30/1899 19:30:00,"B- Serious Injury","F- Driver",31.00,"Male","N- Pickup","P- Speeding",3.00
5319,25747.00,"5- Mahaica- Berbice",609,"Belladrum Public Road","WEST COAST BERBICE ROAD (From Georgetown)","-57.7000","6.5000",,,2/20/2002 0:00:00,12/30/1899 6:45:00,"B- Serious Injury","F- Driver",33.00,"Male","L- Lorries Van","Y-Animal",1.00
5320,25748.00,"5- Mahaica- Berbice",616,"Seafield Public Road","WEST COAST BERBICE ROAD (From Georgetown)","-57.6667","6.4833",,,3/3/2002 0:00:00,12/30/1899 13:20:00,"C- Minor Injury","F- Driver",,"Male","M- Hire Cars","P- Speeding",2.00
5321,25749.00,"5- Mahaica- Berbice",618,"Number 40 Public Road","WEST COAST BERBICE ROAD (From Georgetown)","-67.6667","6.4667",,,3/28/2002 0:00:00,12/30/1899 22:15:00,"B- Serious Injury","F- Driver",46.00,"Male","M- Hire Cars","T-Pedestrian's Negligence;Y-Animal",2.00
5322,25750.00,"5- Mahaica- Berbice",609,"Belladrum Public Road","WEST COAST BERBICE ROAD (From Georgetown)","-57.7000","6.5000",,,3/31/2002 0:00:00,12/30/1899 17:45:00,"C- Minor Injury","F- Driver",30.00,"Male","M- Hire Cars","Y-Animal",1.00
5323,25751.00,"5- Mahaica- Berbice",627,"Plantation Ross Public Road","WEST COAST BERBICE ROAD (From Georgetown)","-57.5500","6.3000",,,4/15/2002 0:00:00,12/30/1899 22:45:00,"C- Minor Injury","F- Driver",52.00,"Male","M- Hire Cars","Q- Alcohol",2.00
5324,25752.00,"5- Mahaica- Berbice",613,"Hope Public Road","WEST COAST BERBICE ROAD (From Georgetown)","-57.6833","6.4833",,,5/2/2002 0:00:00,12/30/1899 20:45:00,"C- Minor Injury","F- Driver",37.00,"Male","J- Minibus","Y-Animal",1.00
5325,25753.00,"5- Mahaica- Berbice",617,"Number 41 Public Road","WEST COAST BERBICE ROAD (From Georgetown)","-57.6667","6.4833",,,5/10/2002 0:00:00,12/30/1899 14:45:00,"C- Minor Injury","F- Driver",67.00,"Male","K- Private Cars","P- Speeding",2.00
5326,25754.00,"5- Mahaica- Berbice",620,"Lichfield Public Road","WEST COAST BERBICE ROAD (From Georgetown)","-57.6667","6.4667",,,4/24/2002 0:00:00,12/30/1899 16:55:00,"B- Serious Injury","F- Driver",40.00,"Male","L- Lorries Van","P- Speeding",2.00
5327,25755.00,"5- Mahaica- Berbice",630,"Britannia Public Road","WEST COAST BERBICE ROAD (From Georgetown)","-57.6333","6.4333",,,4/27/2002 0:00:00,12/30/1899 19:15:00,"B- Serious Injury","F- Driver",35.00,"Male","L- Lorries Van;W-Pedal Cycle","P- Speeding",2.00
5328,25756.00,"5- Mahaica- Berbice",611,"Golden Fleece","WEST COAST BERBICE ROAD (From Georgetown)","-57.6833","6.5000",,,5/31/2002 0:00:00,12/30/1899 18:25:00,"C- Minor Injury","F- Driver",52.00,"Male","L- Lorries Van","Y-Animal",1.00
5329,25757.00,"5- Mahaica- Berbice",614,"Pln Washingston Public Road","WEST COAST BERBICE ROAD (From Georgetown)","-57.6833","6.4833",,,6/9/2002 0:00:00,12/30/1899 2:00:00,"B- Serious Injury","F- Driver",46.00,"Male","J- Minibus;L- Lorries Van","P- Speeding",2.00
5330,25758.00,"5- Mahaica- Berbice",610,"Paradise Public Road","WEST COAST BERBICE ROAD (From Georgetown)","-57.6833","6.5000",,,7/2/2002 0:00:00,12/30/1899 15:00:00,"D- Property Damage","F- Driver",51.00,"Male","K- Private Cars","Y-Animal",1.00
5331,25759.00,"5- Mahaica- Berbice",612,"Weldaad Public Road","WEST COAST BERBICE ROAD (From Georgetown)","-57.6833","6.5000",,,7/18/2002 0:00:00,12/30/1899 20:00:00,"B- Serious Injury","F- Driver",47.00,"Male","M- Hire Cars","P- Speeding",2.00
5332,25760.00,"5- Mahaica- Berbice",626,"Pln Brahn Public Road","WEST COAST BERBICE ROAD (From Georgetown)","-57.6500","6.4500",,,8/2/2002 0:00:00,12/30/1899 16:30:00,"A- Fatal","F- Driver",65.00,"Male","N- Pickup;W-Pedal Cycle","U- Cyclist's Negligence",2.00
5333,25761.00,"5- Mahaica- Berbice",616,"Seafield Public Road","WEST COAST BERBICE ROAD (From Georgetown)","-57.6667","6.4833",,,8/28/2002 0:00:00,12/30/1899 17:50:00,"B- Serious Injury","F- Driver",44.00,"Male","K- Private Cars;W-Pedal Cycle","P- Speeding",2.00
5334,25762.00,"5- Mahaica- Berbice",606,"Pln Foulis Public Road","WEST COAST BERBICE ROAD (From Georgetown)","-57.7167","6.5167",,,8/29/2002 0:00:00,12/30/1899 7:15:00,"B- Serious Injury","F- Driver",46.00,"Male","K- Private Cars","R- Improper Overtaking",2.00
5335,25763.00,"5- Mahaica- Berbice",625,"Kingelly Public Road","WEST COAST BERBICE ROAD (From Georgetown)","-57.6500","6.4500",,,9/9/2002 0:00:00,12/30/1899 4:45:00,"C- Minor Injury","F- Driver",65.00,"Male","J- Minibus","P- Speeding",3.00
5336,25764.00,"5- Mahaica- Berbice",610,"Paradise Public Road","WEST COAST BERBICE ROAD (From Georgetown)","-57.6833","6.5000",,,9/17/2002 0:00:00,12/30/1899 6:50:00,"C- Minor Injury","F- Driver",52.00,"Male","J- Minibus","P- Speeding",2.00
5337,25765.00,"5- Mahaica- Berbice",606,"Foulis Public Road","WEST COAST BERBICE ROAD (From Georgetown)","-57.7167","6.5167",,,9/28/2002 0:00:00,12/30/1899 23:00:00,"D- Property Damage","F- Driver",28.00,"Male","K- Private Cars","Y-Animal",1.00
5338,25766.00,"5- Mahaica- Berbice",618,"Number 40 Public Road","WEST COAST BERBICE ROAD (From Georgetown)","-67.6667","6.4667",,,10/20/2002 0:00:00,12/30/1899 19:30:00,"A- Fatal","F- Driver",40.00,"Male","K- Private Cars","P- Speeding",2.00
5339,25767.00,"5- Mahaica- Berbice",627,"Pln Ross Public Road","WEST COAST BERBICE ROAD (From Georgetown)","-57.5500","6.3000",,,11/26/2002 0:00:00,12/30/1899 7:30:00,"C- Minor Injury","F- Driver",25.00,"Male","M- Hire Cars","Y-Animal",1.00
5340,25768.00,"5- Mahaica- Berbice",611,"Golden fleece Public Road","WEST COAST BERBICE ROAD (From Georgetown)","-57.6833","6.5000",,,12/23/2002 0:00:00,12/30/1899 15:40:00,"C- Minor Injury","F- Driver",24.00,"Male","L- Lorries Van","Q- Alcohol",1.00
5341,25769.00,"5- Mahaica- Berbice",627,"Pln Ross Public Road","WEST COAST BERBICE ROAD (From Georgetown)","-57.5500","6.3000",,,1/19/2003 0:00:00,12/30/1899 17:15:00,"C- Minor Injury","F- Driver",,"Male","K- Private Cars","Y-Animal",1.00
5342,25770.00,"5- Mahaica- Berbice",628,"Pln Yeoville Public Road","WEST COAST BERBICE ROAD (From Georgetown)","-57.6500","6.4500",,,1/25/2003 0:00:00,12/30/1899 10:45:00,"A- Fatal","F- Driver",,"Male","L- Lorries Van","P- Speeding",2.00
5343,25771.00,"5- Mahaica- Berbice",616,"Number 42 Public Road","WEST COAST BERBICE ROAD (From Georgetown)","-57.6667","6.4833",,,2/12/2003 0:00:00,12/30/1899 18:15:00,"C- Minor Injury","F- Driver",36.00,"Male","K- Private Cars;M- Hire Cars","P- Speeding",2.00
5344,25772.00,"5- Mahaica- Berbice",614,"Pln Washington Public Road","WEST COAST BERBICE ROAD (From Georgetown)","-57.6833","6.4833",,,3/7/2003 0:00:00,12/30/1899 14:30:00,"D- Property Damage","F- Driver",66.00,"Male","J- Minibus;K- Private Cars","R- Improper Overtaking",2.00
5345,25773.00,"5- Mahaica- Berbice",621,"Pln Cottage Public Road","WEST COAST BERBICE ROAD (From Georgetown)","-57.6667","6.4667",,,6/24/2003 0:00:00,12/30/1899 22:45:00,"A- Fatal","F- Driver",47.00,"Male","K- Private Cars","P- Speeding",2.00
5346,25774.00,"5- Mahaica- Berbice",617,"Number 41 Road","WEST COAST BERBICE ROAD (From Georgetown)","-57.6667","6.4833",,,8/4/2003 0:00:00,12/30/1899 15:30:00,"B- Serious Injury","F- Driver",55.00,"Male","J- Minibus","Y-Animal",1.00
5347,25775.00,"5- Mahaica- Berbice",614,"Washington Public Road","WEST COAST BERBICE ROAD (From Georgetown)","-57.6833","6.4833",,,8/3/2003 0:00:00,12/30/1899 16:30:00,"C- Minor Injury","F- Driver",,"Male","X-Tractor","Q- Alcohol",1.00
5348,25776.00,"5- Mahaica- Berbice",609,"Belladrum Public Road","WEST COAST BERBICE ROAD (From Georgetown)","-57.7000","6.5000",,,9/24/2003 0:00:00,12/30/1899 11:30:00,"B- Serious Injury","F- Driver",52.00,"Male","L- Lorries Van","P- Speeding",1.00
5349,25777.00,"5- Mahaica- Berbice",627,"Pln Ross Public Road","WEST COAST BERBICE ROAD (From Georgetown)","-57.5500","6.3000",,,9/21/2003 0:00:00,12/30/1899 20:25:00,"B- Serious Injury","F- Driver",32.00,"Male","L- Lorries Van","P- Speeding",2.00
5350,25778.00,"5- Mahaica- Berbice",618,"Number 40 Public Road","WEST COAST BERBICE ROAD (From Georgetown)","-67.6667","6.4667",,,10/10/2003 0:00:00,12/30/1899 11:30:00,"D- Property Damage","F- Driver",33.00,"Male","J- Minibus","O- Lost Control & Runoff",1.00
5351,25779.00,"5- Mahaica- Berbice",609,"Belladrum Public Road","WEST COAST BERBICE ROAD (From Georgetown)","-57.7000","6.5000",,,10/18/2003 0:00:00,12/30/1899 20:45:00,"B- Serious Injury","F- Driver",33.00,"Male","J- Minibus","P- Speeding",2.00
5352,25780.00,"5- Mahaica- Berbice",608,"El Dorado Public Road","WEST COAST BERBICE ROAD (From Georgetown)","-57.7000","6.5000",,,1/3/2004 0:00:00,12/30/1899 9:40:00,"B- Serious Injury","F- Driver",32.00,"Male","J- Minibus","P- Speeding",2.00
5353,25781.00,"5- Mahaica- Berbice",615,"Rising Sun Public Road","WEST COAST BERBICE ROAD (From Georgetown)","-57.6833","6.4833",,,2/21/2004 0:00:00,12/30/1899 23:20:00,"C- Minor Injury","F- Driver",,"Male","J- Minibus;L- Lorries Van","S- Driver's Negligence",2.00