"ID","Accident ID","Region Number","Corridor ID","Location (Intersection/Road/Street)","Corridor","Location- longitude/ X","Location- latitude/  Y","Mile Marker","Village","Date of Accident","Time of Accident","Type of Accident","Class of Road User","Age/DOB","Gender","Class of Vehicles Involved","Contributing Factor","Number of Persons Involved"
5354,25782.00,"5- Mahaica- Berbice",614,"Washington Public Road","WEST COAST BERBICE ROAD (From Georgetown)","-57.6833","6.4833",,,3/17/2004 0:00:00,12/30/1899 6:30:00,"C- Minor Injury","F- Driver",21.00,"Male","K- Private Cars","Y-Animal",1.00
5355,25783.00,"5- Mahaica- Berbice",608,"El Dorado Public Road","WEST COAST BERBICE ROAD (From Georgetown)","-57.7000","6.5000",,,3/21/2004 0:00:00,12/30/1899 8:45:00,"C- Minor Injury","F- Driver",45.00,"Male","J- Minibus","P- Speeding",2.00
5356,25784.00,"5- Mahaica- Berbice",615,"Rising Sun Public Road","WEST COAST BERBICE ROAD (From Georgetown)","-57.6833","6.4833",,,3/26/2004 0:00:00,12/30/1899 21:00:00,"A- Fatal","F- Driver",50.00,"Male","K- Private Cars","O- Lost Control & Runoff",2.00
5357,25785.00,"5- Mahaica- Berbice",617,"Number 41 Public Road","WEST COAST BERBICE ROAD (From Georgetown)","-57.6667","6.4833",,,4/18/2004 0:00:00,12/30/1899 11:09:00,"C- Minor Injury","F- Driver",,"Male","N- Pickup","P- Speeding",2.00
5358,25786.00,"5- Mahaica- Berbice",610,"Paradise Public Road","WEST COAST BERBICE ROAD (From Georgetown)","-57.6833","6.5000",,,4/26/2004 0:00:00,12/30/1899 19:30:00,"A- Fatal","F- Driver",41.00,"Male","J- Minibus","T-Pedestrian's Negligence",2.00
5359,25787.00,"5- Mahaica- Berbice",620,"Lichfield Public Road","WEST COAST BERBICE ROAD (From Georgetown)","-57.6667","6.4667",,,5/15/2004 0:00:00,12/30/1899 7:40:00,"C- Minor Injury","F- Driver",42.00,"Male","K- Private Cars;W-Pedal Cycle","P- Speeding",2.00
5360,25788.00,"5- Mahaica- Berbice",626,"Pln Brahn Public Road","WEST COAST BERBICE ROAD (From Georgetown)","-57.6500","6.4500",,,7/3/2004 0:00:00,12/30/1899 16:45:00,"C- Minor Injury","F- Driver",37.00,"Male","J- Minibus;M- Hire Cars","P- Speeding",2.00
5361,25789.00,"5- Mahaica- Berbice",627,"Pln Ross Public Road","WEST COAST BERBICE ROAD (From Georgetown)","-57.5500","6.3000",,,7/8/2004 0:00:00,12/30/1899 9:30:00,"C- Minor Injury","F- Driver",28.00,"Female","M- Hire Cars;W-Pedal Cycle","P- Speeding",2.00
5362,25790.00,"5- Mahaica- Berbice",617,"Number 41 Public Road","WEST COAST BERBICE ROAD (From Georgetown)","-57.6667","6.4833",,,7/24/2004 0:00:00,12/30/1899 18:45:00,"A- Fatal","F- Driver",49.00,"Male","J- Minibus;W-Pedal Cycle","U- Cyclist's Negligence",2.00
5363,25791.00,"5- Mahaica- Berbice",616,"Seafield Public Road","WEST COAST BERBICE ROAD (From Georgetown)","-57.6667","6.4833",,,6/22/2004 0:00:00,12/30/1899 8:05:00,"B- Serious Injury","F- Driver",28.00,"Male","L- Lorries Van","Q- Alcohol",2.00
5364,25792.00,"5- Mahaica- Berbice",559,"Abary Public Road","East Coast Demerara Road (From Georgetown)","-57.7500","6.5333",,,7/24/2004 0:00:00,12/30/1899 8:15:00,"C- Minor Injury","F- Driver",,"Male","L- Lorries Van","Y-Animal",1.00
5365,25793.00,"5- Mahaica- Berbice",629,"Chester Public Road","WEST COAST BERBICE ROAD (From Georgetown)","-57.6500","6.4500",,,8/15/2004 0:00:00,12/30/1899 6:45:00,"A- Fatal","F- Driver",59.00,"Male","J- Minibus;W-Pedal Cycle","O- Lost Control & Runoff",2.00
5366,25794.00,"5- Mahaica- Berbice",617,"Number 41 Public Road","WEST COAST BERBICE ROAD (From Georgetown)","-57.6667","6.4833",,,8/11/2004 0:00:00,12/30/1899 10:00:00,"C- Minor Injury","F- Driver",43.00,"Male","J- Minibus","P- Speeding",2.00
5367,25795.00,"5- Mahaica- Berbice",614,"Washington Public Road","WEST COAST BERBICE ROAD (From Georgetown)","-57.6833","6.4833",,,8/19/2004 0:00:00,12/30/1899 20:30:00,"C- Minor Injury","F- Driver",56.00,"Male","J- Minibus","Q- Alcohol",2.00
5368,25796.00,"5- Mahaica- Berbice",629,"Chester Public Road","WEST COAST BERBICE ROAD (From Georgetown)","-57.6500","6.4500",,,9/28/2004 0:00:00,12/30/1899 4:45:00,"C- Minor Injury","F- Driver",53.00,"Male","J- Minibus","P- Speeding",2.00
5369,25797.00,"5- Mahaica- Berbice",610,"Paradise Public Road","WEST COAST BERBICE ROAD (From Georgetown)","-57.6833","6.5000",,,10/30/2004 0:00:00,12/30/1899 8:50:00,"C- Minor Injury","F- Driver",40.00,"Male","L- Lorries Van;W-Pedal Cycle","U- Cyclist's Negligence",2.00
5370,25798.00,"5- Mahaica- Berbice",617,"Number 41 Public Road","WEST COAST BERBICE ROAD (From Georgetown)","-57.6667","6.4833",,,11/4/2004 0:00:00,12/30/1899 15:35:00,"C- Minor Injury","F- Driver",52.00,"Male","J- Minibus","Y-Animal",2.00
5371,25799.00,"5- Mahaica- Berbice",611,"Golden Fleece","WEST COAST BERBICE ROAD (From Georgetown)","-57.6833","6.5000",,,12/31/2004 0:00:00,12/30/1899 10:10:00,"A- Fatal","F- Driver",32.00,"Male","J- Minibus;W-Pedal Cycle","P- Speeding",2.00
5372,25800.00,"5- Mahaica- Berbice",559,"Abary Public Road","East Coast Demerara Road (From Georgetown)","-57.7500","6.5333",,,1/5/2005 0:00:00,12/30/1899 12:30:00,"C- Minor Injury","F- Driver",40.00,"Male","L- Lorries Van;M- Hire Cars","P- Speeding",2.00
5373,25801.00,"5- Mahaica- Berbice",605,"Profit Public Road","WEST COAST BERBICE ROAD (From Georgetown)","-57.7333","6.5333",,,2/11/2005 0:00:00,12/30/1899 13:30:00,"A- Fatal","F- Driver",45.00,"Male","K- Private Cars","P- Speeding",2.00
5374,25802.00,"5- Mahaica- Berbice",617,"Number 41 Public Road","WEST COAST BERBICE ROAD (From Georgetown)","-57.6667","6.4833",,,2/21/2005 0:00:00,12/30/1899 11:35:00,"A- Fatal","F- Driver",41.00,"Male","J- Minibus;W-Pedal Cycle","P- Speeding",2.00
5375,25803.00,"5- Mahaica- Berbice",605,"Profit Public Road","WEST COAST BERBICE ROAD (From Georgetown)","-57.7333","6.5333",,,2/15/2005 0:00:00,12/30/1899 5:30:00,"D- Property Damage","F- Driver",61.00,"Male","J- Minibus","Y-Animal",1.00
5376,25804.00,"5- Mahaica- Berbice",624,"Phoenix Public Road","WEST COAST BERBICE ROAD (From Georgetown)","-57.6500","6.4500",,,3/13/2005 0:00:00,12/30/1899 13:30:00,"C- Minor Injury","F- Driver",26.00,"Male","K- Private Cars","Y-Animal",1.00
5377,25805.00,"5- Mahaica- Berbice",625,"Kingelly Public Road","WEST COAST BERBICE ROAD (From Georgetown)","-57.6500","6.4500",,,3/15/2005 0:00:00,12/30/1899 8:50:00,"C- Minor Injury","F- Driver",41.00,"Male","M- Hire Cars","O- Lost Control & Runoff",1.00
5378,25806.00,"5- Mahaica- Berbice",627,"Pln Ross Public Road","WEST COAST BERBICE ROAD (From Georgetown)","-57.5500","6.3000",,,3/24/2005 0:00:00,12/30/1899 16:00:00,"D- Property Damage","F- Driver",61.00,"Male","J- Minibus","Y-Animal",1.00
5379,25807.00,"5- Mahaica- Berbice",608,"El Dorado Public Road","WEST COAST BERBICE ROAD (From Georgetown)","-57.7000","6.5000",,,3/27/2005 0:00:00,12/30/1899 14:20:00,"B- Serious Injury","F- Driver",52.00,"Male","J- Minibus;L- Lorries Van","P- Speeding",2.00
5380,25808.00,"5- Mahaica- Berbice",609,"Belladrum Public Road","WEST COAST BERBICE ROAD (From Georgetown)","-57.7000","6.5000",,,4/12/2005 0:00:00,12/30/1899 16:40:00,"C- Minor Injury","F- Driver",40.00,"Male","L- Lorries Van","Q- Alcohol",2.00
5381,25809.00,"5- Mahaica- Berbice",620,"Lichfield Public Road","WEST COAST BERBICE ROAD (From Georgetown)","-57.6667","6.4667",,,4/15/2005 0:00:00,12/30/1899 19:15:00,"B- Serious Injury","F- Driver",51.00,"Male","J- Minibus","Y-Animal",1.00
5382,25810.00,"5- Mahaica- Berbice",625,"Kingelly Public Road","WEST COAST BERBICE ROAD (From Georgetown)","-57.6500","6.4500",,,4/19/2005 0:00:00,12/30/1899 13:57:00,"C- Minor Injury","F- Driver",32.00,"Male","L- Lorries Van","P- Speeding",2.00
5383,25811.00,"5- Mahaica- Berbice",620,"Lichfield Public Road","WEST COAST BERBICE ROAD (From Georgetown)","-57.6667","6.4667",,,4/20/2005 0:00:00,12/30/1899 14:30:00,"B- Serious Injury","F- Driver",29.00,"Male","L- Lorries Van","P- Speeding",2.00
5384,25812.00,"5- Mahaica- Berbice",610,"Paradise Public Road","WEST COAST BERBICE ROAD (From Georgetown)","-57.6833","6.5000",,,4/21/2005 0:00:00,12/30/1899 15:05:00,"C- Minor Injury","F- Driver",45.00,"Male","L- Lorries Van","P- Speeding",2.00
5385,25813.00,"5- Mahaica- Berbice",606,"Foulis Public Road","WEST COAST BERBICE ROAD (From Georgetown)","-57.7167","6.5167",,,5/11/2005 0:00:00,12/30/1899 18:30:00,"D- Property Damage","F- Driver",67.00,"Male","N- Pickup","Y-Animal",1.00
5386,25814.00,"5- Mahaica- Berbice",614,"Washington Public Road","WEST COAST BERBICE ROAD (From Georgetown)","-57.6833","6.4833",,,5/14/2005 0:00:00,12/30/1899 11:50:00,"B- Serious Injury","F- Driver",24.00,"Male","L- Lorries Van;M- Hire Cars","P- Speeding",4.00
5387,25815.00,"5- Mahaica- Berbice",606,"Foulis Public Road","WEST COAST BERBICE ROAD (From Georgetown)","-57.7167","6.5167",,,5/22/2005 0:00:00,12/30/1899 19:05:00,"A- Fatal","F- Driver",47.00,"Male","K- Private Cars","P- Speeding",2.00
5388,25816.00,"5- Mahaica- Berbice",616,"Seafield Public Road","WEST COAST BERBICE ROAD (From Georgetown)","-57.6667","6.4833",,,5/23/2005 0:00:00,12/30/1899 18:20:00,"C- Minor Injury","F- Driver",39.00,"Male","N- Pickup","P- Speeding",2.00
5389,25817.00,"5- Mahaica- Berbice",627,"Pln Ross Public Road","WEST COAST BERBICE ROAD (From Georgetown)","-57.5500","6.3000",,,7/12/2005 0:00:00,12/30/1899 4:20:00,"D- Property Damage","F- Driver",41.00,"Male","K- Private Cars","Y-Animal",1.00
5390,25818.00,"5- Mahaica- Berbice",629,"Pln Chester Public Road","WEST COAST BERBICE ROAD (From Georgetown)","-57.6500","6.4500",,,6/16/2005 0:00:00,12/30/1899 14:05:00,"C- Minor Injury","F- Driver",23.00,"Male","J- Minibus;V-Motor Cycle","P- Speeding",2.00
5391,25819.00,"5- Mahaica- Berbice",613,"Hope Public Road","WEST COAST BERBICE ROAD (From Georgetown)","-57.6833","6.4833",,,6/23/2005 0:00:00,12/30/1899 15:40:00,"D- Property Damage","F- Driver",40.00,"Male","J- Minibus","Y-Animal",1.00
5392,25820.00,"5- Mahaica- Berbice",625,"Kingelly Public Road","WEST COAST BERBICE ROAD (From Georgetown)","-57.6500","6.4500",,,6/24/2005 0:00:00,12/30/1899 18:39:00,"C- Minor Injury","F- Driver",32.00,"Male","J- Minibus","Y-Animal",1.00
5393,25821.00,"5- Mahaica- Berbice",630,"Britannia Public Road","WEST COAST BERBICE ROAD (From Georgetown)","-57.6333","6.4333",,,7/24/2005 0:00:00,12/30/1899 22:00:00,"D- Property Damage","F- Driver",37.00,"Male","K- Private Cars","P- Speeding",2.00
5394,25822.00,"5- Mahaica- Berbice",606,"Foulis Public Road","WEST COAST BERBICE ROAD (From Georgetown)","-57.7167","6.5167",,,7/2/2005 0:00:00,12/30/1899 19:00:00,"C- Minor Injury","F- Driver",47.00,"Male","M- Hire Cars","Y-Animal",1.00
5395,25823.00,"5- Mahaica- Berbice",610,"Paradise Public Road","WEST COAST BERBICE ROAD (From Georgetown)","-57.6833","6.5000",,,7/18/2005 0:00:00,12/30/1899 22:00:00,"B- Serious Injury","F- Driver",47.00,"Male","K- Private Cars","Y-Animal",2.00
5396,25824.00,"5- Mahaica- Berbice",627,"Ross Public Road","WEST COAST BERBICE ROAD (From Georgetown)","-57.5500","6.3000",,,8/27/2005 0:00:00,12/30/1899 12:50:00,"B- Serious Injury","F- Driver",32.00,"Male","K- Private Cars;M- Hire Cars","R- Improper Overtaking",2.00
5397,25825.00,"5- Mahaica- Berbice",617,"Number 41 Public Road","WEST COAST BERBICE ROAD (From Georgetown)","-57.6667","6.4833",,,8/1/2005 0:00:00,12/30/1899 1:10:00,"C- Minor Injury","F- Driver",35.00,"Male","J- Minibus","Y-Animal",1.00
5398,25826.00,"5- Mahaica- Berbice",628,"Yeoville Public Road","WEST COAST BERBICE ROAD (From Georgetown)","-57.6500","6.4500",,,9/3/2005 0:00:00,12/30/1899 11:30:00,"B- Serious Injury","F- Driver",29.00,"Male","J- Minibus","Y-Animal",1.00
5399,25827.00,"5- Mahaica- Berbice",606,"Foulis Public Road","WEST COAST BERBICE ROAD (From Georgetown)","-57.7167","6.5167",,,9/13/2005 0:00:00,12/30/1899 18:50:00,"B- Serious Injury","F- Driver",19.00,"Male","N- Pickup","P- Speeding",2.00
5400,25828.00,"5- Mahaica- Berbice",629,"Chester Public Road","WEST COAST BERBICE ROAD (From Georgetown)","-57.6500","6.4500",,,9/15/2005 0:00:00,12/30/1899 23:00:00,"B- Serious Injury","F- Driver",39.00,"Male","L- Lorries Van","O- Lost Control & Runoff",2.00
5401,25829.00,"5- Mahaica- Berbice",614,"Washington Public Road","WEST COAST BERBICE ROAD (From Georgetown)","-57.6833","6.4833",,,10/1/2005 0:00:00,12/30/1899 23:10:00,"C- Minor Injury","F- Driver",54.00,"Male","N- Pickup;W-Pedal Cycle","P- Speeding",2.00
5402,25830.00,"5- Mahaica- Berbice",563,"Abary Bridge","East Coast Demerara Road (From Georgetown)","-57.7333","6.5500",,,10/19/2005 0:00:00,12/30/1899 19:45:00,"B- Serious Injury","F- Driver",40.00,"Male","J- Minibus;L- Lorries Van","Y-Animal",2.00
5403,25831.00,"5- Mahaica- Berbice",630,"Britannia Public Road","WEST COAST BERBICE ROAD (From Georgetown)","-57.6333","6.4333",,,10/3/2005 0:00:00,12/30/1899 16:22:00,"B- Serious Injury","F- Driver",55.00,"Male","J- Minibus;W-Pedal Cycle","U- Cyclist's Negligence",2.00
5404,25832.00,"5- Mahaica- Berbice",609,"Belladrum Public Road","WEST COAST BERBICE ROAD (From Georgetown)","-57.7000","6.5000",,,12/2/2005 0:00:00,12/30/1899 11:15:00,"C- Minor Injury","F- Driver",30.00,"Male","L- Lorries Van","Q- Alcohol",2.00
5405,25833.00,"5- Mahaica- Berbice",630,"Britannia Public Road","WEST COAST BERBICE ROAD (From Georgetown)","-57.6333","6.4333",,,12/7/2005 0:00:00,12/30/1899 23:00:00,"C- Minor Injury","F- Driver",25.00,"Male","J- Minibus","Y-Animal",1.00
5406,25834.00,"5- Mahaica- Berbice",629,"Chester Public Road","WEST COAST BERBICE ROAD (From Georgetown)","-57.6500","6.4500",,,12/14/2005 0:00:00,12/30/1899 12:30:00,"D- Property Damage","F- Driver",24.00,"Male","K- Private Cars;L- Lorries Van","P- Speeding",2.00
5407,25835.00,"5- Mahaica- Berbice",613,"Pln Hope Public Road","WEST COAST BERBICE ROAD (From Georgetown)","-57.6833","6.4833",,,12/31/2005 0:00:00,12/30/1899 18:20:00,"B- Serious Injury","F- Driver",21.00,"Male","K- Private Cars;V-Motor Cycle","P- Speeding",2.00
5408,25836.00,"5- Mahaica- Berbice",630,"Britannia Public Road","WEST COAST BERBICE ROAD (From Georgetown)","-57.6333","6.4333",,,1/15/2006 0:00:00,12/30/1899 15:00:00,"A- Fatal","F- Driver",40.00,"Male","M- Hire Cars;W-Pedal Cycle","P- Speeding",2.00
5409,25837.00,"5- Mahaica- Berbice",626,"Pln Brahn Public Road","WEST COAST BERBICE ROAD (From Georgetown)","-57.6500","6.4500",,,1/21/2006 0:00:00,12/30/1899 20:00:00,"C- Minor Injury","F- Driver",42.00,"Male","J- Minibus;W-Pedal Cycle","O- Lost Control & Runoff",2.00
5410,25838.00,"5- Mahaica- Berbice",611,"Golden Fleece Public Road","WEST COAST BERBICE ROAD (From Georgetown)","-57.6833","6.5000",,,1/10/2006 0:00:00,12/30/1899 23:00:00,"D- Property Damage","F- Driver",37.00,"Male","J- Minibus","P- Speeding",2.00
5411,25839.00,"5- Mahaica- Berbice",613,"Pln Hope Public Road","WEST COAST BERBICE ROAD (From Georgetown)","-57.6833","6.4833",,,1/26/2006 0:00:00,12/30/1899 9:00:00,"C- Minor Injury","F- Driver",45.00,"Male","J- Minibus","Y-Animal",1.00
5412,25840.00,"5- Mahaica- Berbice",616,"Number 42 Public Road","WEST COAST BERBICE ROAD (From Georgetown)","-57.6667","6.4833",,,3/27/2006 0:00:00,12/30/1899 18:45:00,"B- Serious Injury","F- Driver",65.00,"Male","K- Private Cars","P- Speeding",2.00
5413,25841.00,"5- Mahaica- Berbice",608,"El Dorado Public Road","WEST COAST BERBICE ROAD (From Georgetown)","-57.7000","6.5000",,,4/6/2006 0:00:00,12/30/1899 12:40:00,"C- Minor Injury","F- Driver",24.00,"Male","M- Hire Cars","T-Pedestrian's Negligence",2.00
5414,25842.00,"5- Mahaica- Berbice",616,"Seafield Public Road","WEST COAST BERBICE ROAD (From Georgetown)","-57.6667","6.4833",,,4/17/2006 0:00:00,12/30/1899 16:00:00,"C- Minor Injury","F- Driver",47.00,"Male","K- Private Cars","T-Pedestrian's Negligence",2.00
5415,25843.00,"5- Mahaica- Berbice",615,"Rising Sun Public Road","WEST COAST BERBICE ROAD (From Georgetown)","-57.6833","6.4833",,,4/25/2006 0:00:00,12/30/1899 15:15:00,"B- Serious Injury","F- Driver",32.00,"Male","K- Private Cars","Y-Animal",1.00
5416,25844.00,"5- Mahaica- Berbice",605,"Profit Public Road","WEST COAST BERBICE ROAD (From Georgetown)","-57.7333","6.5333",,,4/29/2006 0:00:00,12/30/1899 17:00:00,"D- Property Damage","F- Driver",49.00,"Male","K- Private Cars","Y-Animal",1.00
5417,25845.00,"5- Mahaica- Berbice",621,"Cottage Public Road","WEST COAST BERBICE ROAD (From Georgetown)","-57.6667","6.4667",,,5/23/2006 0:00:00,12/30/1899 3:00:00,"C- Minor Injury","F- Driver",39.00,"Male","N- Pickup","Y-Animal",1.00
5418,25846.00,"5- Mahaica- Berbice",612,"Weldaad Public Road","WEST COAST BERBICE ROAD (From Georgetown)","-57.6833","6.5000",,,6/19/2006 0:00:00,12/30/1899 9:30:00,"D- Property Damage","F- Driver",45.00,"Male","M- Hire Cars","P- Speeding",2.00
5419,25847.00,"5- Mahaica- Berbice",619,"Bel Vue Public Road","WEST COAST BERBICE ROAD (From Georgetown)","-57.6667","6.4667",,,6/26/2006 0:00:00,12/30/1899 11:10:00,"B- Serious Injury","F- Driver",52.00,"Male","K- Private Cars","Y-Animal",1.00
5420,25848.00,"5- Mahaica- Berbice",628,"Yeoville Public Road","WEST COAST BERBICE ROAD (From Georgetown)","-57.6500","6.4500",,,6/30/2006 0:00:00,12/30/1899 18:45:00,"B- Serious Injury","F- Driver",49.00,"Male","L- Lorries Van","P- Speeding",2.00
5421,25849.00,"5- Mahaica- Berbice",620,"Lichfield Public Road","WEST COAST BERBICE ROAD (From Georgetown)","-57.6667","6.4667",,,8/21/2006 0:00:00,12/30/1899 13:45:00,"B- Serious Injury","F- Driver",48.00,"Male","K- Private Cars;M- Hire Cars","P- Speeding",2.00
5422,25850.00,"5- Mahaica- Berbice",609,"Belladrum Public Road","WEST COAST BERBICE ROAD (From Georgetown)","-57.7000","6.5000",,,9/1/2006 0:00:00,12/30/1899 14:25:00,"C- Minor Injury","F- Driver",55.00,"Male","K- Private Cars","O- Lost Control & Runoff",2.00
5423,25851.00,"5- Mahaica- Berbice",616,"Number 42 Public Road","WEST COAST BERBICE ROAD (From Georgetown)","-57.6667","6.4833",,,9/6/2006 0:00:00,12/30/1899 17:30:00,"C- Minor Injury","F- Driver",51.00,"Male","X-Tractor","Y-Animal",1.00
5424,25852.00,"5- Mahaica- Berbice",622,"Number 37 Public Road","WEST COAST BERBICE ROAD (From Georgetown)","-57.6500","6.4667",,,9/24/2006 0:00:00,12/30/1899 16:30:00,"B- Serious Injury","F- Driver",34.00,"Male","J- Minibus;W-Pedal Cycle","U- Cyclist's Negligence",2.00
5425,25853.00,"5- Mahaica- Berbice",614,"Pln Washington Public Road","WEST COAST BERBICE ROAD (From Georgetown)","-57.6833","6.4833",,,10/2/2006 0:00:00,12/30/1899 8:20:00,"C- Minor Injury","F- Driver",19.00,"Male","J- Minibus","P- Speeding",2.00
5426,25854.00,"5- Mahaica- Berbice",622,"Number 37 Public Road","WEST COAST BERBICE ROAD (From Georgetown)","-57.6500","6.4667",,,10/25/2006 0:00:00,12/30/1899 13:00:00,"C- Minor Injury","F- Driver",34.00,"Male","L- Lorries Van","Y-Animal",1.00
5427,25855.00,"5- Mahaica- Berbice",630,"Britannia Public Road","WEST COAST BERBICE ROAD (From Georgetown)","-57.6333","6.4333",,,10/30/2006 0:00:00,12/30/1899 9:00:00,"D- Property Damage","F- Driver",40.00,"Male","J- Minibus","Y-Animal",1.00
5428,25856.00,"5- Mahaica- Berbice",630,"Britannia Public Road","WEST COAST BERBICE ROAD (From Georgetown)","-57.6333","6.4333",,,10/30/2006 0:00:00,12/30/1899 13:10:00,"C- Minor Injury;D- Property Damage","F- Driver",45.00,"Male","N- Pickup","P- Speeding",2.00
5429,25857.00,"5- Mahaica- Berbice",630,"Britannia Public Road","WEST COAST BERBICE ROAD (From Georgetown)","-57.6333","6.4333",,,11/2/2006 0:00:00,12/30/1899 18:40:00,"B- Serious Injury","F- Driver",37.00,"Male","K- Private Cars","P- Speeding",2.00
5430,25858.00,"5- Mahaica- Berbice",630,"Britannia Public Road","WEST COAST BERBICE ROAD (From Georgetown)","-57.6333","6.4333",,,11/17/2006 0:00:00,12/30/1899 12:40:00,"C- Minor Injury","F- Driver",41.00,"Male","K- Private Cars","Y-Animal",1.00
5431,25859.00,"5- Mahaica- Berbice",616,"Number 42 Public Road","WEST COAST BERBICE ROAD (From Georgetown)","-57.6667","6.4833",,,1/6/2007 0:00:00,12/30/1899 0:40:00,"B- Serious Injury","F- Driver",60.00,"Male","J- Minibus","Y-Animal",1.00
5432,25860.00,"5- Mahaica- Berbice",626,"Pln Brahn Public Road","WEST COAST BERBICE ROAD (From Georgetown)","-57.6500","6.4500",,,2/15/2007 0:00:00,12/30/1899 13:00:00,"B- Serious Injury","F- Driver",19.00,"Male","M- Hire Cars;W-Pedal Cycle","P- Speeding",2.00
5433,25861.00,"5- Mahaica- Berbice",618,"Number 40 Public Road","WEST COAST BERBICE ROAD (From Georgetown)","-67.6667","6.4667",,,3/12/2007 0:00:00,12/30/1899 23:50:00,"B- Serious Injury","F- Driver",43.00,"Male","J- Minibus;W-Pedal Cycle","P- Speeding",2.00
5434,25862.00,"5- Mahaica- Berbice",627,"Pln Ross Public Road","WEST COAST BERBICE ROAD (From Georgetown)","-57.5500","6.3000",,,3/29/2007 0:00:00,12/30/1899 16:30:00,"B- Serious Injury","F- Driver",32.00,"Male","J- Minibus;K- Private Cars","P- Speeding",2.00
5435,25863.00,"5- Mahaica- Berbice",620,"Lichfield Public Road","WEST COAST BERBICE ROAD (From Georgetown)","-57.6667","6.4667",,,3/30/2007 0:00:00,12/30/1899 14:00:00,"A- Fatal","F- Driver",23.00,"Male","M- Hire Cars","P- Speeding",2.00
5436,25864.00,"5- Mahaica- Berbice",605,"Profit Public Road","WEST COAST BERBICE ROAD (From Georgetown)","-57.7333","6.5333",,,4/4/2007 0:00:00,12/30/1899 17:15:00,"C- Minor Injury","F- Driver",45.00,"Male","M- Hire Cars","Y-Animal",1.00
5437,25865.00,"5- Mahaica- Berbice",616,"Number 42 Public Road","WEST COAST BERBICE ROAD (From Georgetown)","-57.6667","6.4833",,,4/9/2007 0:00:00,12/30/1899 19:20:00,"A- Fatal","G- Rider",37.00,"Male","V-Motor Cycle","P- Speeding",2.00
5438,25866.00,"5- Mahaica- Berbice",627,"Pln Ross Public Road","WEST COAST BERBICE ROAD (From Georgetown)","-57.5500","6.3000",,,4/9/2007 0:00:00,12/30/1899 16:30:00,"B- Serious Injury","F- Driver",29.00,"Male","J- Minibus;W-Pedal Cycle","P- Speeding",2.00
5439,25867.00,"5- Mahaica- Berbice",610,"Paradise Public Road","WEST COAST BERBICE ROAD (From Georgetown)","-57.6833","6.5000",,,4/21/2007 0:00:00,12/30/1899 21:10:00,"C- Minor Injury","F- Driver",37.00,"Male","M- Hire Cars;W-Pedal Cycle","P- Speeding",2.00
5440,25868.00,"5- Mahaica- Berbice",615,"Rising Sun Public Road","WEST COAST BERBICE ROAD (From Georgetown)","-57.6833","6.4833",,,5/6/2007 0:00:00,12/30/1899 19:45:00,"C- Minor Injury","F- Driver",55.00,"Male","N- Pickup","Y-Animal",1.00
5441,25869.00,"5- Mahaica- Berbice",612,"Weldaad Public Road","WEST COAST BERBICE ROAD (From Georgetown)","-57.6833","6.5000",,,5/15/2007 0:00:00,12/30/1899 9:47:00,"D- Property Damage","F- Driver",57.00,"Male","J- Minibus","P- Speeding",2.00
5442,25870.00,"5- Mahaica- Berbice",608,"El Dorado Public Road","WEST COAST BERBICE ROAD (From Georgetown)","-57.7000","6.5000",,,7/11/2007 0:00:00,12/30/1899 1:10:00,"B- Serious Injury","F- Driver",65.00,"Male","K- Private Cars","Y-Animal",1.00
5443,25871.00,"5- Mahaica- Berbice",622,"Number 37 Public Road","WEST COAST BERBICE ROAD (From Georgetown)","-57.6500","6.4667",,,7/7/2007 0:00:00,12/30/1899 22:00:00,"C- Minor Injury","G- Rider",47.00,"Male","V-Motor Cycle","P- Speeding",2.00
5444,25872.00,"5- Mahaica- Berbice",611,"Golden Fleece Public Road","WEST COAST BERBICE ROAD (From Georgetown)","-57.6833","6.5000",,,8/9/2007 0:00:00,12/30/1899 7:00:00,"A- Fatal","F- Driver",34.00,"Male","J- Minibus","P- Speeding",2.00
5445,25873.00,"5- Mahaica- Berbice",610,"Paradise Public Road","WEST COAST BERBICE ROAD (From Georgetown)","-57.6833","6.5000",,,8/9/2007 0:00:00,12/30/1899 6:30:00,"B- Serious Injury","F- Driver",30.00,"Male","J- Minibus;M- Hire Cars","P- Speeding",2.00
5446,25874.00,"5- Mahaica- Berbice",606,"Foulis Public Road","WEST COAST BERBICE ROAD (From Georgetown)","-57.7167","6.5167",,,8/17/2007 0:00:00,12/30/1899 18:20:00,"C- Minor Injury","F- Driver",47.00,"Male","K- Private Cars","Y-Animal",1.00
5447,25875.00,"5- Mahaica- Berbice",618,"Number 40 Public Road","WEST COAST BERBICE ROAD (From Georgetown)","-67.6667","6.4667",,,8/17/2007 0:00:00,12/30/1899 21:34:00,"C- Minor Injury","F- Driver",67.00,"Male","L- Lorries Van","T-Pedestrian's Negligence",2.00
5448,25876.00,"5- Mahaica- Berbice",627,"Pln Ross Public Road","WEST COAST BERBICE ROAD (From Georgetown)","-57.5500","6.3000",,,8/19/2007 0:00:00,12/30/1899 2:30:00,"B- Serious Injury","F- Driver",41.00,"Male","J- Minibus;W-Pedal Cycle","U- Cyclist's Negligence",2.00
5449,25877.00,"5- Mahaica- Berbice",609,"Belladrum Public Road","WEST COAST BERBICE ROAD (From Georgetown)","-57.7000","6.5000",,,9/10/2007 0:00:00,12/30/1899 15:20:00,"B- Serious Injury","F- Driver",64.00,"Male","J- Minibus","P- Speeding",2.00
5450,25878.00,"5- Mahaica- Berbice",610,"Paradise Public Road","WEST COAST BERBICE ROAD (From Georgetown)","-57.6833","6.5000",,,9/13/2007 0:00:00,12/30/1899 13:35:00,"A- Fatal","F- Driver",33.00,"Male","L- Lorries Van;V-Motor Cycle","P- Speeding",2.00