"ID","Accident ID","Region Number","Corridor ID","Location (Intersection/Road/Street)","Corridor","Location- longitude/ X","Location- latitude/  Y","Mile Marker","Village","Date of Accident","Time of Accident","Type of Accident","Class of Road User","Age/DOB","Gender","Class of Vehicles Involved","Contributing Factor","Number of Persons Involved"
5451,25879.00,"5- Mahaica- Berbice",617,"Number 41 Public Road","WEST COAST BERBICE ROAD (From Georgetown)","-57.6667","6.4833",,,9/16/2007 0:00:00,12/30/1899 12:45:00,"A- Fatal","F- Driver",67.00,"Male","M- Hire Cars;W-Pedal Cycle","U- Cyclist's Negligence",2.00
5452,25880.00,"5- Mahaica- Berbice",609,"Belladrum Public Road","WEST COAST BERBICE ROAD (From Georgetown)","-57.7000","6.5000",,,10/16/2007 0:00:00,12/30/1899 10:55:00,"C- Minor Injury","F- Driver",48.00,"Male","J- Minibus","Y-Animal",1.00
5453,25881.00,"5- Mahaica- Berbice",606,"Foulis Public Road","WEST COAST BERBICE ROAD (From Georgetown)","-57.7167","6.5167",,,10/27/2007 0:00:00,12/30/1899 19:30:00,"B- Serious Injury","F- Driver",51.00,"Male","J- Minibus","Y-Animal",1.00
5454,25882.00,"5- Mahaica- Berbice",621,"Cottage Public Road","WEST COAST BERBICE ROAD (From Georgetown)","-57.6667","6.4667",,,10/28/2007 0:00:00,12/30/1899 18:30:00,"B- Serious Injury","F- Driver",49.00,"Male","L- Lorries Van;N- Pickup","P- Speeding",2.00
5455,25883.00,"5- Mahaica- Berbice",630,"Britannia Public Road","WEST COAST BERBICE ROAD (From Georgetown)","-57.6333","6.4333",,,11/13/2007 0:00:00,12/30/1899 4:15:00,"D- Property Damage","F- Driver",29.00,"Male","K- Private Cars","P- Speeding",2.00
5456,25884.00,"5- Mahaica- Berbice",606,"Foulis Public Road","WEST COAST BERBICE ROAD (From Georgetown)","-57.7167","6.5167",,,12/9/2007 0:00:00,12/30/1899 19:00:00,"B- Serious Injury","F- Driver",43.00,"Male","J- Minibus;M- Hire Cars","R- Improper Overtaking",2.00
5457,25885.00,"5- Mahaica- Berbice",618,"Number 40 public Road","WEST COAST BERBICE ROAD (From Georgetown)","-67.6667","6.4667",,,12/10/2007 0:00:00,12/30/1899 18:15:00,"C- Minor Injury","F- Driver",29.00,"Male","J- Minibus","Y-Animal",1.00
5458,25886.00,"5- Mahaica- Berbice",605,"Profit Public Road","WEST COAST BERBICE ROAD (From Georgetown)","-57.7333","6.5333",,,12/15/2007 0:00:00,12/30/1899 19:00:00,"C- Minor Injury","F- Driver",29.00,"Male","K- Private Cars","Y-Animal",1.00
5459,25887.00,"5- Mahaica- Berbice",630,"Britannia Public Road","WEST COAST BERBICE ROAD (From Georgetown)","-57.6333","6.4333",,,12/7/2007 0:00:00,12/30/1899 22:30:00,"D- Property Damage","F- Driver",33.00,"Male","M- Hire Cars","P- Speeding",2.00
5460,25888.00,"5- Mahaica- Berbice",629,"Chester Public Road","WEST COAST BERBICE ROAD (From Georgetown)","-57.6500","6.4500",,,12/28/2007 0:00:00,12/30/1899 9:30:00,"B- Serious Injury","F- Driver",35.00,"Male","L- Lorries Van;W-Pedal Cycle","P- Speeding",2.00
5461,25889.00,"5- Mahaica- Berbice",606,"Foulis Public Road","WEST COAST BERBICE ROAD (From Georgetown)","-57.7167","6.5167",,,1/16/2008 0:00:00,12/30/1899 14:00:00,"D- Property Damage","F- Driver",27.00,"Male","J- Minibus","Y-Animal",1.00
5462,25890.00,"5- Mahaica- Berbice",622,"Number 37 Public Road","WEST COAST BERBICE ROAD (From Georgetown)","-57.6500","6.4667",,,2/6/2008 0:00:00,12/30/1899 9:30:00,"B- Serious Injury","G- Rider",17.00,"Male","V-Motor Cycle;W-Pedal Cycle","P- Speeding",2.00
5463,25891.00,"5- Mahaica- Berbice",609,"Belladrum Public Road","WEST COAST BERBICE ROAD (From Georgetown)","-57.7000","6.5000",,,2/19/2008 0:00:00,12/30/1899 21:00:00,"B- Serious Injury","F- Driver",24.00,"Male","J- Minibus","P- Speeding",2.00
5464,25892.00,"5- Mahaica- Berbice",630,"Britannia Public Road","WEST COAST BERBICE ROAD (From Georgetown)","-57.6333","6.4333",,,3/7/2008 0:00:00,12/30/1899 19:40:00,"B- Serious Injury","F- Driver",51.00,"Male","L- Lorries Van;M- Hire Cars","P- Speeding",2.00
5465,25893.00,"5- Mahaica- Berbice",628,"Pln Yeoville Public Road","WEST COAST BERBICE ROAD (From Georgetown)","-57.6500","6.4500",,,3/31/2008 0:00:00,12/30/1899 10:15:00,"C- Minor Injury","F- Driver",50.00,"Male","K- Private Cars","P- Speeding",2.00
5466,25894.00,"5- Mahaica- Berbice",609,"Belladrum Public Road","WEST COAST BERBICE ROAD (From Georgetown)","-57.7000","6.5000",,,6/26/2008 0:00:00,,"B- Serious Injury","F- Driver",28.00,"Male","J- Minibus;M- Hire Cars","O- Lost Control & Runoff",2.00
5467,25895.00,"5- Mahaica- Berbice",619,"Bel Vue Public Road","WEST COAST BERBICE ROAD (From Georgetown)","-57.6667","6.4667",,,6/27/2008 0:00:00,12/30/1899 19:45:00,"C- Minor Injury","F- Driver",34.00,"Male","K- Private Cars","Y-Animal",1.00
5468,25896.00,"5- Mahaica- Berbice",611,"Golden Fleece Public Road","WEST COAST BERBICE ROAD (From Georgetown)","-57.6833","6.5000",,,7/18/2008 0:00:00,12/30/1899 16:50:00,"C- Minor Injury","F- Driver",46.00,"Male","J- Minibus;K- Private Cars","R- Improper Overtaking",2.00
5469,25897.00,"5- Mahaica- Berbice",622,"Number 37 Public Road","WEST COAST BERBICE ROAD (From Georgetown)","-57.6500","6.4667",,,7/22/2008 0:00:00,12/30/1899 11:40:00,"B- Serious Injury","F- Driver",40.00,"Male","M- Hire Cars","Y-Animal",3.00
5470,25898.00,"5- Mahaica- Berbice",627,"Pln Ross Public Road","WEST COAST BERBICE ROAD (From Georgetown)","-57.5500","6.3000",,,7/23/2008 0:00:00,12/30/1899 7:50:00,"B- Serious Injury","F- Driver",61.00,"Male","J- Minibus","Y-Animal",1.00
5471,25899.00,"5- Mahaica- Berbice",627,"Pln Ross Public Road","WEST COAST BERBICE ROAD (From Georgetown)","-57.5500","6.3000",,,8/1/2008 0:00:00,12/30/1899 20:10:00,"B- Serious Injury","F- Driver",39.00,"Male","K- Private Cars","P- Speeding",2.00
5472,25900.00,"5- Mahaica- Berbice",620,"Lichfield Public Road","WEST COAST BERBICE ROAD (From Georgetown)","-57.6667","6.4667",,,8/9/2008 0:00:00,12/30/1899 7:45:00,"C- Minor Injury","F- Driver",30.00,"Male","M- Hire Cars","Y-Animal",1.00
5473,25901.00,"5- Mahaica- Berbice",616,"Seafield Public Road","WEST COAST BERBICE ROAD (From Georgetown)","-57.6667","6.4833",,,8/16/2008 0:00:00,12/30/1899 22:10:00,"C- Minor Injury","F- Driver",35.00,"Male","J- Minibus","Y-Animal",1.00
5474,25902.00,"5- Mahaica- Berbice",620,"Lichfield Public Road","WEST COAST BERBICE ROAD (From Georgetown)","-57.6667","6.4667",,,8/21/2008 0:00:00,12/30/1899 8:40:00,"D- Property Damage","F- Driver",38.00,"Male","K- Private Cars","Y-Animal",1.00
5475,25903.00,"5- Mahaica- Berbice",629,"Pln Chester Public Road","WEST COAST BERBICE ROAD (From Georgetown)","-57.6500","6.4500",,,8/21/2008 0:00:00,12/30/1899 21:00:00,"D- Property Damage","F- Driver",40.00,"Male","J- Minibus","Y-Animal",1.00
5476,25904.00,"5- Mahaica- Berbice",625,"Kingelly Public Road","WEST COAST BERBICE ROAD (From Georgetown)","-57.6500","6.4500",,,9/28/2008 0:00:00,12/30/1899 19:00:00,"A- Fatal","F- Driver",39.00,"Male","L- Lorries Van;M- Hire Cars","P- Speeding",3.00
5477,25905.00,"5- Mahaica- Berbice",630,"Britannia Public Road","WEST COAST BERBICE ROAD (From Georgetown)","-57.6333","6.4333",,,10/3/2008 0:00:00,12/30/1899 7:40:00,"B- Serious Injury","F- Driver",21.00,"Male","K- Private Cars","P- Speeding",2.00
5478,25906.00,"5- Mahaica- Berbice",616,"Seafield Public Road","WEST COAST BERBICE ROAD (From Georgetown)","-57.6667","6.4833",,,10/9/2008 0:00:00,12/30/1899 10:00:00,"C- Minor Injury","F- Driver",46.00,"Male","K- Private Cars;M- Hire Cars","P- Speeding",2.00
5479,25907.00,"5- Mahaica- Berbice",629,"Pln Chester Public Road","WEST COAST BERBICE ROAD (From Georgetown)","-57.6500","6.4500",,,10/19/2008 0:00:00,12/30/1899 4:30:00,"C- Minor Injury","F- Driver",35.00,"Male","M- Hire Cars","Y-Animal",1.00
5480,25908.00,"5- Mahaica- Berbice",606,"Pln Foulis Public Road","WEST COAST BERBICE ROAD (From Georgetown)","-57.7167","6.5167",,,11/1/2008 0:00:00,12/30/1899 16:35:00,"D- Property Damage","F- Driver",30.00,"Male","X-Tractor","O- Lost Control & Runoff",1.00
5481,25909.00,"5- Mahaica- Berbice",622,"Number 37 Public Road","WEST COAST BERBICE ROAD (From Georgetown)","-57.6500","6.4667",,,11/4/2008 0:00:00,12/30/1899 19:25:00,"B- Serious Injury","F- Driver",34.00,"Male","L- Lorries Van;M- Hire Cars","P- Speeding",2.00
5482,25910.00,"5- Mahaica- Berbice",610,"Paradise Public Road","WEST COAST BERBICE ROAD (From Georgetown)","-57.6833","6.5000",,,11/5/2008 0:00:00,12/30/1899 13:55:00,"B- Serious Injury","F- Driver",29.00,"Male","M- Hire Cars","P- Speeding",2.00
5483,25911.00,"5- Mahaica- Berbice",608,"El Dorado Public Road","WEST COAST BERBICE ROAD (From Georgetown)","-57.7000","6.5000",,,11/28/2008 0:00:00,12/30/1899 19:15:00,"C- Minor Injury","F- Driver",41.00,"Male","K- Private Cars","Q- Alcohol",2.00
5484,25912.00,"5- Mahaica- Berbice",608,"El Dorado Public Road","WEST COAST BERBICE ROAD (From Georgetown)","-57.7000","6.5000",,,12/14/2008 0:00:00,12/30/1899 21:00:00,"B- Serious Injury","F- Driver",34.00,"Male","J- Minibus;K- Private Cars","P- Speeding",3.00
5485,25913.00,"5- Mahaica- Berbice",620,"Lichfield Public Road","WEST COAST BERBICE ROAD (From Georgetown)","-57.6667","6.4667",,,12/16/2008 0:00:00,12/30/1899 17:40:00,"C- Minor Injury","F- Driver",60.00,"Male","J- Minibus","Y-Animal",1.00
5486,25914.00,"5- Mahaica- Berbice",626,"Pln Brahn Public Road","WEST COAST BERBICE ROAD (From Georgetown)","-57.6500","6.4500",,,12/23/2008 0:00:00,12/30/1899 12:15:00,"C- Minor Injury","F- Driver",28.00,"Male","J- Minibus","Y-Animal",1.00
5487,25915.00,"5- Mahaica- Berbice",605,"Pln Profit Public Road","WEST COAST BERBICE ROAD (From Georgetown)","-57.7333","6.5333",,,1/27/2009 0:00:00,12/30/1899 9:25:00,"B- Serious Injury","F- Driver",43.00,"Male","K- Private Cars;L- Lorries Van","P- Speeding",2.00
5488,25916.00,"5- Mahaica- Berbice",615,"Rising Sun Public Road","WEST COAST BERBICE ROAD (From Georgetown)","-57.6833","6.4833",,,1/27/2009 0:00:00,12/30/1899 19:25:00,"B- Serious Injury","F- Driver",26.00,"Male","M- Hire Cars","O- Lost Control & Runoff",1.00
5489,25917.00,"5- Mahaica- Berbice",630,"Britannia Public Road","WEST COAST BERBICE ROAD (From Georgetown)","-57.6333","6.4333",,,2/7/2009 0:00:00,12/30/1899 18:10:00,"C- Minor Injury","F- Driver",48.00,"Male","J- Minibus","Y-Animal",1.00
5490,25918.00,"5- Mahaica- Berbice",611,"Golden Fleece Public Road","WEST COAST BERBICE ROAD (From Georgetown)","-57.6833","6.5000",,,2/18/2009 0:00:00,12/30/1899 9:05:00,"B- Serious Injury","F- Driver",30.00,"Male","M- Hire Cars","Y-Animal",1.00
5491,25919.00,"5- Mahaica- Berbice",610,"Paradise Public Road","WEST COAST BERBICE ROAD (From Georgetown)","-57.6833","6.5000",,,3/14/2009 0:00:00,12/30/1899 9:55:00,"B- Serious Injury","F- Driver",19.00,"Male","J- Minibus","P- Speeding",2.00
5492,25920.00,"5- Mahaica- Berbice",609,"Belladrum Public Road","WEST COAST BERBICE ROAD (From Georgetown)","-57.7000","6.5000",,,5/4/2009 0:00:00,12/30/1899 11:30:00,"C- Minor Injury","F- Driver",45.00,"Male","K- Private Cars;W-Pedal Cycle","P- Speeding",2.00
5493,25921.00,"5- Mahaica- Berbice",620,"Lichfield Public Road","WEST COAST BERBICE ROAD (From Georgetown)","-57.6667","6.4667",,,5/30/2009 0:00:00,12/30/1899 9:40:00,"C- Minor Injury","F- Driver",38.00,"Male","J- Minibus;M- Hire Cars","P- Speeding",2.00
5494,25922.00,"5- Mahaica- Berbice",625,"Kingelly Public Road","WEST COAST BERBICE ROAD (From Georgetown)","-57.6500","6.4500",,,8/14/2009 0:00:00,12/30/1899 23:40:00,"D- Property Damage","F- Driver",29.00,"Male","K- Private Cars","Y-Animal",1.00
5495,25923.00,"5- Mahaica- Berbice",609,"Belladrum Public Road","WEST COAST BERBICE ROAD (From Georgetown)","-57.7000","6.5000",,,10/31/2009 0:00:00,12/30/1899 8:00:00,"C- Minor Injury","F- Driver",38.00,"Male","J- Minibus","Y-Animal",1.00
5496,25924.00,"5- Mahaica- Berbice",621,"Cottage Public Road","WEST COAST BERBICE ROAD (From Georgetown)","-57.6667","6.4667",,,11/12/2009 0:00:00,12/30/1899 16:05:00,"A- Fatal","F- Driver",31.00,"Male","K- Private Cars;L- Lorries Van","P- Speeding",2.00
5497,25925.00,"5- Mahaica- Berbice",609,"Belladrum Public Road","WEST COAST BERBICE ROAD (From Georgetown)","-57.7000","6.5000",,,11/25/2009 0:00:00,12/30/1899 15:15:00,"B- Serious Injury","F- Driver",22.00,"Male","J- Minibus;L- Lorries Van","P- Speeding",2.00
5498,25926.00,"5- Mahaica- Berbice",608,"El Dorado Public Road","WEST COAST BERBICE ROAD (From Georgetown)","-57.7000","6.5000",,,12/13/2009 0:00:00,12/30/1899 17:30:00,"A- Fatal","F- Driver",52.00,"Female","K- Private Cars","P- Speeding",2.00
5499,25927.00,"5- Mahaica- Berbice",605,"Pln Profit Public Road","WEST COAST BERBICE ROAD (From Georgetown)","-57.7333","6.5333",,,3/23/2010 0:00:00,12/30/1899 7:30:00,"C- Minor Injury","F- Driver",39.00,"Male","L- Lorries Van","Y-Animal",1.00
5500,25928.00,"5- Mahaica- Berbice",608,"El Dorado Public Road","WEST COAST BERBICE ROAD (From Georgetown)","-57.7000","6.5000",,,6/4/2010 0:00:00,12/30/1899 14:50:00,"B- Serious Injury","F- Driver",41.00,"Male","M- Hire Cars","P- Speeding",2.00
5501,25929.00,"5- Mahaica- Berbice",625,"Kingelly Public Road","WEST COAST BERBICE ROAD (From Georgetown)","-57.6500","6.4500",,,6/12/2010 0:00:00,12/30/1899 16:30:00,"C- Minor Injury","F- Driver",13.00,"Male","M- Hire Cars","T-Pedestrian's Negligence",2.00
5502,25930.00,"5- Mahaica- Berbice",620,"Lichfield Public Road","WEST COAST BERBICE ROAD (From Georgetown)","-57.6667","6.4667",,,6/12/2010 0:00:00,12/30/1899 18:00:00,"B- Serious Injury","F- Driver",35.00,"Male","K- Private Cars","P- Speeding",2.00
5503,25931.00,"5- Mahaica- Berbice",608,"El Dorado Public Road","WEST COAST BERBICE ROAD (From Georgetown)","-57.7000","6.5000",,,7/8/2010 0:00:00,12/30/1899 17:45:00,"C- Minor Injury","F- Driver",43.00,"Male","J- Minibus","Y-Animal",1.00
5504,25932.00,"5- Mahaica- Berbice",626,"Pln Brahn Public Road","WEST COAST BERBICE ROAD (From Georgetown)","-57.6500","6.4500",,,8/2/2010 0:00:00,12/30/1899 17:30:00,"C- Minor Injury","F- Driver",36.00,"Male","K- Private Cars","Y-Animal",1.00
5505,25933.00,"5- Mahaica- Berbice",616,"Number 42 Public Road","WEST COAST BERBICE ROAD (From Georgetown)","-57.6667","6.4833",,,9/6/2010 0:00:00,12/30/1899 11:50:00,"C- Minor Injury","F- Driver",29.00,"Male","M- Hire Cars","O- Lost Control & Runoff",3.00
5506,25934.00,"5- Mahaica- Berbice",620,"Lichfield Public Road","WEST COAST BERBICE ROAD (From Georgetown)","-57.6667","6.4667",,,10/24/2010 0:00:00,12/30/1899 11:53:00,"B- Serious Injury","F- Driver",30.00,"Male","M- Hire Cars","P- Speeding",3.00
5507,25935.00,"5- Mahaica- Berbice",608,"El Dorado Public Road","WEST COAST BERBICE ROAD (From Georgetown)","-57.7000","6.5000",,,11/25/2010 0:00:00,12/30/1899 9:50:00,"C- Minor Injury","F- Driver",46.00,"Male","J- Minibus","T-Pedestrian's Negligence",2.00
5508,25936.00,"5- Mahaica- Berbice",605,"Profit Public Road","WEST COAST BERBICE ROAD (From Georgetown)","-57.7333","6.5333",,,11/30/2010 0:00:00,12/30/1899 7:45:00,"C- Minor Injury","F- Driver",40.00,"Male","K- Private Cars","P- Speeding",2.00
5509,25937.00,"5- Mahaica- Berbice",615,"Rising Sun Public Road","WEST COAST BERBICE ROAD (From Georgetown)","-57.6833","6.4833",,,12/27/2010 0:00:00,12/30/1899 6:30:00,"B- Serious Injury","F- Driver",36.00,"Male","K- Private Cars;X-Tractor","P- Speeding",2.00
5510,25938.00,"5- Mahaica- Berbice",612,"Weldaad Public Road","WEST COAST BERBICE ROAD (From Georgetown)","-57.6833","6.5000",,,1/16/2011 0:00:00,12/30/1899 23:50:00,"B- Serious Injury","F- Driver",31.00,"Male","K- Private Cars","P- Speeding",1.00
5511,25939.00,"5- Mahaica- Berbice",610,"Paradise Public Road","WEST COAST BERBICE ROAD (From Georgetown)","-57.6833","6.5000",,,2/5/2011 0:00:00,12/30/1899 8:15:00,"B- Serious Injury","F- Driver",50.00,"Male","K- Private Cars;W-Pedal Cycle","U- Cyclist's Negligence",2.00
5512,25940.00,"5- Mahaica- Berbice",625,"Kingelly Public Road","WEST COAST BERBICE ROAD (From Georgetown)","-57.6500","6.4500",,,2/23/2011 0:00:00,12/30/1899 20:10:00,"D- Property Damage","F- Driver",47.00,"Male","K- Private Cars;N- Pickup","P- Speeding",2.00
5513,25941.00,"5- Mahaica- Berbice",615,"Rising Sun Public Road","WEST COAST BERBICE ROAD (From Georgetown)","-57.6833","6.4833",,,3/11/2011 0:00:00,12/30/1899 8:20:00,"C- Minor Injury","F- Driver",39.00,"Male","J- Minibus;W-Pedal Cycle","P- Speeding",2.00
5514,25942.00,"5- Mahaica- Berbice",608,"El Dorado Public Road","WEST COAST BERBICE ROAD (From Georgetown)","-57.7000","6.5000",,,4/12/2011 0:00:00,12/30/1899 8:10:00,"A- Fatal","F- Driver",47.00,"Male","J- Minibus","P- Speeding",2.00
5515,25943.00,"5- Mahaica- Berbice",616,"Seafield Public Road","WEST COAST BERBICE ROAD (From Georgetown)","-57.6667","6.4833",,,4/12/2011 0:00:00,12/30/1899 16:50:00,"C- Minor Injury","F- Driver",37.00,"Male","L- Lorries Van;X-Tractor","O- Lost Control & Runoff",2.00
5516,25944.00,"5- Mahaica- Berbice",629,"Chester Public Road","WEST COAST BERBICE ROAD (From Georgetown)","-57.6500","6.4500",,,4/14/2011 0:00:00,12/30/1899 19:15:00,"C- Minor Injury","F- Driver",29.00,"Male","L- Lorries Van","Q- Alcohol",1.00
5517,25945.00,"5- Mahaica- Berbice",627,"Pln Ross Public Road","WEST COAST BERBICE ROAD (From Georgetown)","-57.5500","6.3000",,,5/25/2011 0:00:00,12/30/1899 18:30:00,"C- Minor Injury","F- Driver",41.00,"Male","N- Pickup","T-Pedestrian's Negligence",2.00
5518,25946.00,"5- Mahaica- Berbice",627,"Pln Ross Public Road","WEST COAST BERBICE ROAD (From Georgetown)","-57.5500","6.3000",,,5/25/2011 0:00:00,12/30/1899 18:30:00,"B- Serious Injury","F- Driver",35.00,"Male","K- Private Cars;W-Pedal Cycle","S- Driver's Negligence",2.00
5519,25947.00,"5- Mahaica- Berbice",616,"Seafield Public Road","WEST COAST BERBICE ROAD (From Georgetown)","-57.6667","6.4833",,,7/31/2011 0:00:00,12/30/1899 22:40:00,"C- Minor Injury","F- Driver",32.00,"Male","M- Hire Cars","P- Speeding",2.00
5520,25948.00,"5- Mahaica- Berbice",620,"Lichfield Public Road","WEST COAST BERBICE ROAD (From Georgetown)","-57.6667","6.4667",,,8/16/2011 0:00:00,12/30/1899 15:15:00,"C- Minor Injury","F- Driver",42.00,"Male","M- Hire Cars","Y-Animal",1.00
5521,25949.00,"5- Mahaica- Berbice",609,"Belladrum Public Road","WEST COAST BERBICE ROAD (From Georgetown)","-57.7000","6.5000",,,8/28/2011 0:00:00,12/30/1899 10:10:00,"D- Property Damage","F- Driver",31.00,"Male","N- Pickup","P- Speeding",2.00
5522,25950.00,"5- Mahaica- Berbice",618,"Number 40 Public Road","WEST COAST BERBICE ROAD (From Georgetown)","-67.6667","6.4667",,,10/15/2011 0:00:00,12/30/1899 0:45:00,"C- Minor Injury","F- Driver",51.00,"Male","K- Private Cars;V-Motor Cycle","Q- Alcohol",2.00
5523,25951.00,"5- Mahaica- Berbice",611,"Golden Fleece Public Road","WEST COAST BERBICE ROAD (From Georgetown)","-57.6833","6.5000",,,11/10/2011 0:00:00,12/30/1899 6:15:00,"D- Property Damage","G- Rider",23.00,"Male","V-Motor Cycle","Y-Animal",1.00
5524,25952.00,"5- Mahaica- Berbice",616,"Seafield Public Road","WEST COAST BERBICE ROAD (From Georgetown)","-57.6667","6.4833",,,11/29/2011 0:00:00,12/30/1899 5:40:00,"D- Property Damage","F- Driver",32.00,"Male","K- Private Cars","P- Speeding",2.00
5525,25953.00,"5- Mahaica- Berbice",618,"Number 40 Public Road","WEST COAST BERBICE ROAD (From Georgetown)","-67.6667","6.4667",,,11/29/2011 0:00:00,12/30/1899 14:45:00,"C- Minor Injury","F- Driver",30.00,"Male","J- Minibus;M- Hire Cars","P- Speeding",2.00
5526,25954.00,"5- Mahaica- Berbice",608,"El Dorado Public Road","WEST COAST BERBICE ROAD (From Georgetown)","-57.7000","6.5000",,,12/22/2011 0:00:00,12/30/1899 20:44:00,"C- Minor Injury","F- Driver",38.00,"Male","L- Lorries Van;M- Hire Cars","O- Lost Control & Runoff",2.00
5527,25955.00,"5- Mahaica- Berbice",620,"Lichfield Public Road","WEST COAST BERBICE ROAD (From Georgetown)","-57.6667","6.4667",,,12/29/2011 0:00:00,12/30/1899 19:00:00,"C- Minor Injury","F- Driver",36.00,"Male","M- Hire Cars","P- Speeding",2.00
5528,25956.00,"5- Mahaica- Berbice",608,"El Dorado Public Road","WEST COAST BERBICE ROAD (From Georgetown)","-57.7000","6.5000",,,12/30/2011 0:00:00,12/30/1899 11:45:00,"C- Minor Injury","F- Driver",39.00,"Male","L- Lorries Van","Y-Animal",1.00
5529,25957.00,"5- Mahaica- Berbice",618,"Number 40 public Road","WEST COAST BERBICE ROAD (From Georgetown)","-67.6667","6.4667",,,12/31/2011 0:00:00,12/30/1899 18:40:00,"C- Minor Injury","F- Driver",51.00,"Male","K- Private Cars;W-Pedal Cycle","Q- Alcohol",2.00
5530,25958.00,"5- Mahaica- Berbice",610,"Paradise Public Road","WEST COAST BERBICE ROAD (From Georgetown)","-57.6833","6.5000",,,2/15/2012 0:00:00,12/30/1899 7:40:00,"B- Serious Injury","F- Driver",31.00,"Male","J- Minibus;K- Private Cars","P- Speeding",2.00
5531,25959.00,"5- Mahaica- Berbice",620,"Lichfield Public Road","WEST COAST BERBICE ROAD (From Georgetown)","-57.6667","6.4667",,,2/26/2012 0:00:00,12/30/1899 19:20:00,"C- Minor Injury","G- Rider",37.00,"Male","V-Motor Cycle;W-Pedal Cycle","U- Cyclist's Negligence",2.00
5532,25960.00,"5- Mahaica- Berbice",612,"Weldaad Public Road","WEST COAST BERBICE ROAD (From Georgetown)","-57.6833","6.5000",,,3/11/2012 0:00:00,12/30/1899 4:30:00,"D- Property Damage","F- Driver",27.00,"Male","K- Private Cars;M- Hire Cars","P- Speeding",2.00
5533,25961.00,"5- Mahaica- Berbice",625,"Kingelly Public Road","WEST COAST BERBICE ROAD (From Georgetown)","-57.6500","6.4500",,,3/27/2012 0:00:00,12/30/1899 8:10:00,"B- Serious Injury","F- Driver",31.00,"Male","N- Pickup","T-Pedestrian's Negligence",2.00
5534,25962.00,"5- Mahaica- Berbice",605,"Profit Public Road","WEST COAST BERBICE ROAD (From Georgetown)","-57.7333","6.5333",,,4/4/2012 0:00:00,12/30/1899 15:15:00,"B- Serious Injury","F- Driver",47.00,"Male","J- Minibus","Y-Animal",1.00
5535,25963.00,"5- Mahaica- Berbice",627,"Pln Ross Public Road","WEST COAST BERBICE ROAD (From Georgetown)","-57.5500","6.3000",,,4/28/2012 0:00:00,12/30/1899 10:15:00,"B- Serious Injury","F- Driver",76.00,"Male","K- Private Cars;N- Pickup","S- Driver's Negligence",2.00
5536,25964.00,"5- Mahaica- Berbice",614,"Washington Public Road","WEST COAST BERBICE ROAD (From Georgetown)","-57.6833","6.4833",,,4/22/2012 0:00:00,12/30/1899 20:30:00,"D- Property Damage","F- Driver",30.00,"Male","M- Hire Cars","S- Driver's Negligence",2.00
5537,25965.00,"5- Mahaica- Berbice",621,"Pln Cottage Public Road","WEST COAST BERBICE ROAD (From Georgetown)","-57.6667","6.4667",,,4/21/2012 0:00:00,12/30/1899 6:25:00,"B- Serious Injury","F- Driver",47.00,"Male","K- Private Cars","S- Driver's Negligence",2.00
5538,25966.00,"5- Mahaica- Berbice",615,"Rising Sun Public Road","WEST COAST BERBICE ROAD (From Georgetown)","-57.6833","6.4833",,,4/23/2012 0:00:00,12/30/1899 19:00:00,"C- Minor Injury","F- Driver",47.00,"Male","J- Minibus","Y-Animal",1.00
5539,25967.00,"5- Mahaica- Berbice",614,"Washington Public Road","WEST COAST BERBICE ROAD (From Georgetown)","-57.6833","6.4833",,,6/18/2012 0:00:00,12/30/1899 8:30:00,"B- Serious Injury","F- Driver",61.00,"Male","M- Hire Cars;X-Tractor","R- Improper Overtaking",2.00
5540,25968.00,"5- Mahaica- Berbice",605,"Profit Public Road","WEST COAST BERBICE ROAD (From Georgetown)","-57.7333","6.5333",,,6/30/2012 0:00:00,12/30/1899 4:30:00,"D- Property Damage","F- Driver",37.00,"Male","L- Lorries Van","P- Speeding",2.00
5541,25969.00,"5- Mahaica- Berbice",625,"Kingelly Public Road","WEST COAST BERBICE ROAD (From Georgetown)","-57.6500","6.4500",,,7/27/2012 0:00:00,12/30/1899 21:00:00,"B- Serious Injury","F- Driver",29.00,"Male","K- Private Cars","P- Speeding",1.00
5542,25970.00,"5- Mahaica- Berbice",618,"Number 40 Public Road","WEST COAST BERBICE ROAD (From Georgetown)","-67.6667","6.4667",,,8/19/2012 0:00:00,12/30/1899 15:50:00,"B- Serious Injury","F- Driver",41.00,"Male","K- Private Cars;W-Pedal Cycle","P- Speeding",2.00
5543,25971.00,"5- Mahaica- Berbice",611,"Golden Fleece Road","WEST COAST BERBICE ROAD (From Georgetown)","-57.6833","6.5000",,,8/16/2012 0:00:00,12/30/1899 7:00:00,"C- Minor Injury","F- Driver",61.00,"Male","N- Pickup","Y-Animal",1.00
5544,25972.00,"5- Mahaica- Berbice",627,"Pln Ross public Road","WEST COAST BERBICE ROAD (From Georgetown)","-57.5500","6.3000",,,8/26/2012 0:00:00,12/30/1899 0:45:00,"B- Serious Injury","F- Driver",50.00,"Male","L- Lorries Van","Y-Animal",1.00
5545,25973.00,"5- Mahaica- Berbice",612,"Weldaad Public Road","WEST COAST BERBICE ROAD (From Georgetown)","-57.6833","6.5000",,,9/2/2012 0:00:00,12/30/1899 10:55:00,"C- Minor Injury","F- Driver",39.00,"Male","M- Hire Cars","P- Speeding",2.00
5546,25974.00,"5- Mahaica- Berbice",620,"Lichfield Public Road","WEST COAST BERBICE ROAD (From Georgetown)","-57.6667","6.4667",,,9/12/2012 0:00:00,12/30/1899 15:50:00,"C- Minor Injury","F- Driver",41.00,"Male","K- Private Cars;M- Hire Cars","P- Speeding",4.00
5547,25975.00,"5- Mahaica- Berbice",620,"Lichfield Public Road","WEST COAST BERBICE ROAD (From Georgetown)","-57.6667","6.4667",,,9/19/2012 0:00:00,12/30/1899 19:00:00,"B- Serious Injury","F- Driver",45.00,"Male","N- Pickup","Y-Animal",3.00