"ID","Accident ID","Region Number","Corridor ID","Location (Intersection/Road/Street)","Corridor","Location- longitude/ X","Location- latitude/  Y","Mile Marker","Village","Date of Accident","Time of Accident","Type of Accident","Class of Road User","Age/DOB","Gender","Class of Vehicles Involved","Contributing Factor","Number of Persons Involved"
5548,25976.00,"5- Mahaica- Berbice",563,"Abary Bridge","East Coast Demerara Road (From Georgetown)","-57.7333","6.5500",,,9/22/2012 0:00:00,12/30/1899 10:35:00,"B- Serious Injury","F- Driver",28.00,"Male","J- Minibus;M- Hire Cars","P- Speeding",2.00
5549,25977.00,"5- Mahaica- Berbice",606,"Pln Foulis Public Road","WEST COAST BERBICE ROAD (From Georgetown)","-57.7167","6.5167",,,10/21/2012 0:00:00,12/30/1899 12:15:00,"D- Property Damage","F- Driver",47.00,"Male","K- Private Cars","P- Speeding",2.00
5550,25978.00,"5- Mahaica- Berbice",620,"Lichfield Public Road","WEST COAST BERBICE ROAD (From Georgetown)","-57.6667","6.4667",,,12/6/2012 0:00:00,12/30/1899 21:50:00,"B- Serious Injury","F- Driver",51.00,"Male","K- Private Cars;W-Pedal Cycle","P- Speeding",2.00
5551,25979.00,"5- Mahaica- Berbice",609,"Belladrum Public Road","WEST COAST BERBICE ROAD (From Georgetown)","-57.7000","6.5000",,,12/16/2012 0:00:00,12/30/1899 10:00:00,"B- Serious Injury","F- Driver",45.00,"Male","L- Lorries Van","P- Speeding",2.00
5552,25980.00,"6- East Berbice- Corentyne",814,"Tain Public Road","CORENTYNE COAST ROAD (Form New Amsterdam)","-57.3333","6.2333",,,5/26/2012 0:00:00,12/30/1899 9:30:00,"B- Serious Injury","F- Driver",20.00,"Male","J- Minibus;K- Private Cars","P- Speeding",2.00
5553,25981.00,"6- East Berbice- Corentyne",809,"Port Mourant Public Road","CORENTYNE COAST ROAD (Form New Amsterdam)","-57.3500","6.2500",,,5/26/2012 0:00:00,12/30/1899 20:00:00,"C- Minor Injury","F- Driver",,"Male","K- Private Cars","P- Speeding",2.00
5554,25982.00,"6- East Berbice- Corentyne",814,"Tain Public Road","CORENTYNE COAST ROAD (Form New Amsterdam)","-57.3333","6.2333",,,6/19/2012 0:00:00,12/30/1899 9:20:00,"C- Minor Injury","F- Driver",40.00,"Male","M- Hire Cars;W-Pedal Cycle","S- Driver's Negligence",2.00
5555,25983.00,"6- East Berbice- Corentyne",829,"Adventure Public Road","CORENTYNE COAST ROAD (Form New Amsterdam)","-57.2833","6.2167",,,7/20/2012 0:00:00,12/30/1899 2:40:00,"C- Minor Injury",,,,"V-Motor Cycle","S- Driver's Negligence",2.00
5556,25984.00,"6- East Berbice- Corentyne",809,"Port Mourant Public Road","CORENTYNE COAST ROAD (Form New Amsterdam)","-57.3500","6.2500",,,7/30/2012 0:00:00,12/30/1899 20:25:00,"C- Minor Injury","F- Driver",56.00,"Male","M- Hire Cars","S- Driver's Negligence",2.00
5557,25985.00,"6- East Berbice- Corentyne",809,"Port Mourant Public Road","CORENTYNE COAST ROAD (Form New Amsterdam)","-57.3500","6.2500",,,8/5/2012 0:00:00,12/30/1899 18:40:00,"C- Minor Injury","F- Driver",,"Male","M- Hire Cars;W-Pedal Cycle","S- Driver's Negligence",2.00
5558,25986.00,"6- East Berbice- Corentyne",822,"Liver Pool Public Road","CORENTYNE COAST ROAD (Form New Amsterdam)","-57.3000","6.2333",,,8/2/2012 0:00:00,12/30/1899 8:40:00,"C- Minor Injury","F- Driver",30.00,"Male","K- Private Cars","S- Driver's Negligence",2.00
5559,25987.00,"6- East Berbice- Corentyne",818,"Letter Kenny Public Road","CORENTYNE COAST ROAD (Form New Amsterdam)","-57.3167","6.2333",,,8/21/2012 0:00:00,12/30/1899 14:30:00,"C- Minor Injury","F- Driver",35.00,"Male","K- Private Cars","S- Driver's Negligence",2.00
5560,25988.00,"6- East Berbice- Corentyne",822,"Liver Pool Public Road","CORENTYNE COAST ROAD (Form New Amsterdam)","-57.3000","6.2333",,,8/23/2012 0:00:00,12/30/1899 15:12:00,"B- Serious Injury","G- Rider",,"Male","J- Minibus;V-Motor Cycle","Q- Alcohol",2.00
5561,25989.00,"6- East Berbice- Corentyne",829,"Adventure Public Road","CORENTYNE COAST ROAD (Form New Amsterdam)","-57.2833","6.2167",,,9/1/2012 0:00:00,12/30/1899 8:50:00,"B- Serious Injury","F- Driver",27.00,"Male","V-Motor Cycle;W-Pedal Cycle","U- Cyclist's Negligence",2.00
5562,25990.00,"6- East Berbice- Corentyne",834,"Bush Lot Public Road","CORENTYNE COAST ROAD (Form New Amsterdam)","-57.2667","6.2000",,,8/26/2012 0:00:00,12/30/1899 20:30:00,"C- Minor Injury","E- Pedestrian",56.00,"Female","W-Pedal Cycle","U- Cyclist's Negligence",2.00
5563,25991.00,"6- East Berbice- Corentyne",828,"Black Bush Public Road","CORENTYNE COAST ROAD (Form New Amsterdam)","-57.2833","6.0833",,,9/9/2012 0:00:00,12/30/1899 17:30:00,"D- Property Damage","F- Driver",29.00,"Male","K- Private Cars","P- Speeding",1.00
5564,25992.00,"6- East Berbice- Corentyne",818,"Letter Kenny Public Road","CORENTYNE COAST ROAD (Form New Amsterdam)","-57.3167","6.2333",,,10/3/2012 0:00:00,12/30/1899 18:40:00,"D- Property Damage","F- Driver",22.00,"Male","K- Private Cars;M- Hire Cars","S- Driver's Negligence",2.00
5565,25993.00,"6- East Berbice- Corentyne",809,"Port Mourant Public Road","CORENTYNE COAST ROAD (Form New Amsterdam)","-57.3500","6.2500",,,11/5/2012 0:00:00,12/30/1899 1:15:00,"A- Fatal","F- Driver",30.00,"Male","M- Hire Cars","P- Speeding",2.00
5566,25994.00,"6- East Berbice- Corentyne",829,"Adventure Public Poad","CORENTYNE COAST ROAD (Form New Amsterdam)","-57.2833","6.2167",,,11/6/2012 0:00:00,,"D- Property Damage","F- Driver",43.00,"Male","J- Minibus;M- Hire Cars","S- Driver's Negligence",2.00
5567,25995.00,"6- East Berbice- Corentyne",818,"Letter Kenny Public Road","CORENTYNE COAST ROAD (Form New Amsterdam)","-57.3167","6.2333",,,12/8/2012 0:00:00,12/30/1899 13:08:00,"B- Serious Injury","F- Driver",26.00,"Male","X-Tractor","S- Driver's Negligence",2.00
5568,25996.00,"6- East Berbice- Corentyne",916,"Lesbeholden Public Road","CORENTYN COAST: BLACK BUSH POLDER INTERSETTLEMENT ROAD (From New Amsterdam)","-57.3000","6.1500",,,12/19/2012 0:00:00,12/30/1899 6:50:00,"A- Fatal","F- Driver",34.00,"Male","X-Tractor","S- Driver's Negligence",2.00
5569,25997.00,"6- East Berbice- Corentyne",825,"Alness Public Road","CORENTYNE COAST ROAD (Form New Amsterdam)","-57.2833","6.2167",,,5/6/2007 0:00:00,12/30/1899 9:30:00,"B- Serious Injury","G- Rider",41.00,"Male","L- Lorries Van;V-Motor Cycle","P- Speeding",2.00
5570,25998.00,"6- East Berbice- Corentyne",809,"Port Mourant Public Road","CORENTYNE COAST ROAD (Form New Amsterdam)","-57.3500","6.2500",,,5/12/2007 0:00:00,12/30/1899 16:25:00,"C- Minor Injury","F- Driver",45.00,"Male","M- Hire Cars;W-Pedal Cycle","U- Cyclist's Negligence",2.00
5571,25999.00,"6- East Berbice- Corentyne",809,"Port Mourant Public Road","CORENTYNE COAST ROAD (Form New Amsterdam)","-57.3500","6.2500",,,5/16/2007 0:00:00,12/30/1899 12:30:00,"D- Property Damage","F- Driver",41.00,"Male","L- Lorries Van","P- Speeding",2.00
5572,26000.00,"6- East Berbice- Corentyne",821,"Lancaster Public Road","CORENTYNE COAST ROAD (Form New Amsterdam)","-57.3167","6.2333",,,5/20/2007 0:00:00,12/30/1899 10:30:00,"C- Minor Injury","E- Pedestrian",34.00,"Female","K- Private Cars","S- Driver's Negligence",2.00
5573,26001.00,"6- East Berbice- Corentyne",809,"Port Mourant Public Road","CORENTYNE COAST ROAD (Form New Amsterdam)","-57.3500","6.2500",,,5/19/2007 0:00:00,12/30/1899 9:00:00,"D- Property Damage","F- Driver",44.00,"Male","K- Private Cars;L- Lorries Van","U- Cyclist's Negligence",2.00
5574,26002.00,"6- East Berbice- Corentyne",831,"Friendship Public Road","CORENTYNE COAST ROAD (Form New Amsterdam)","-57.2667","6.2000",,,6/11/2007 0:00:00,12/30/1899 3:50:00,"D- Property Damage","F- Driver",54.00,"Male","K- Private Cars","S- Driver's Negligence",1.00
5575,26003.00,"6- East Berbice- Corentyne",809,"Port Mourant Public Road","CORENTYNE COAST ROAD (Form New Amsterdam)","-57.3500","6.2500",,,6/16/2007 0:00:00,12/30/1899 10:00:00,"D- Property Damage","F- Driver",41.00,"Male","M- Hire Cars",,1.00
5576,26004.00,"6- East Berbice- Corentyne",813,"Miss Phobee Public Road","CORENTYNE COAST ROAD (Form New Amsterdam)","-57.3333","6.2500",,,7/2/2007 0:00:00,12/30/1899 8:30:00,"B- Serious Injury","F- Driver",25.00,"Male","K- Private Cars","S- Driver's Negligence;T-Pedestrian's Negligence",2.00
5577,26005.00,"6- East Berbice- Corentyne",831,"Friendship Public Road","CORENTYNE COAST ROAD (Form New Amsterdam)","-57.2667","6.2000",,,7/24/2007 0:00:00,12/30/1899 22:00:00,"B- Serious Injury","F- Driver",57.00,"Male","K- Private Cars;W-Pedal Cycle",,2.00
5578,26006.00,"6- East Berbice- Corentyne",810,"Ankerville Public Road","CORENTYNE COAST ROAD (Form New Amsterdam)","-57.3500","6.2500",,,8/2/2007 0:00:00,12/30/1899 18:45:00,"A- Fatal","F- Driver",52.00,"Male","J- Minibus;W-Pedal Cycle","S- Driver's Negligence",2.00
5579,26007.00,"6- East Berbice- Corentyne",819,"Auchlyne Public Road","CORENTYNE COAST ROAD (Form New Amsterdam)","-57.3167","6.2333",,,8/25/2007 0:00:00,12/30/1899 9:15:00,"A- Fatal","F- Driver",39.00,"Male","M- Hire Cars;X-Tractor","U- Cyclist's Negligence",3.00
5580,26008.00,"6- East Berbice- Corentyne",809,"Port Mourant Public Road","CORENTYNE COAST ROAD (Form New Amsterdam)","-57.3500","6.2500",,,9/24/2007 0:00:00,12/30/1899 6:45:00,"A- Fatal","F- Driver",38.00,"Male","J- Minibus","T-Pedestrian's Negligence",2.00
5581,26009.00,"6- East Berbice- Corentyne",815,"Clifton Public Road","CORENTYNE COAST ROAD (Form New Amsterdam)","-57.3333","6.2333",,,10/7/2007 0:00:00,12/30/1899 0:30:00,"A- Fatal","F- Driver",29.00,"Male","K- Private Cars","T-Pedestrian's Negligence",2.00
5582,26010.00,"6- East Berbice- Corentyne",823,"Manchester Public Road","CORENTYNE COAST ROAD (Form New Amsterdam)","-57.3000","6.2333",,,10/28/2007 0:00:00,12/30/1899 22:00:00,"A- Fatal","F- Driver",25.00,"Male","K- Private Cars","P- Speeding",2.00
5583,26011.00,"6- East Berbice- Corentyne",917,"Mibikuri Public Road","CORENTYN COAST: BLACK BUSH POLDER INTERSETTLEMENT ROAD (From New Amsterdam)","-57.2833","6.1167",,,10/29/2007 0:00:00,12/30/1899 20:10:00,"B- Serious Injury","G- Rider",22.00,"Male","W-Pedal Cycle","P- Speeding",2.00
5584,26012.00,"6- East Berbice- Corentyne",831,"Friendship Public Road","CORENTYNE COAST ROAD (Form New Amsterdam)","-57.2667","6.2000",,,11/11/2007 0:00:00,12/30/1899 1:30:00,"A- Fatal","F- Driver",48.00,"Male","M- Hire Cars","P- Speeding",2.00
5585,26013.00,"6- East Berbice- Corentyne",917,"Mibikuri Public Road","CORENTYN COAST: BLACK BUSH POLDER INTERSETTLEMENT ROAD (From New Amsterdam)","-57.2833","6.1167",,,11/12/2007 0:00:00,12/30/1899 10:30:00,"B- Serious Injury","F- Driver",41.00,"Male","L- Lorries Van","T-Pedestrian's Negligence",2.00
5586,26014.00,"6- East Berbice- Corentyne",823,"Manchester Public Road","CORENTYNE COAST ROAD (Form New Amsterdam)","-57.3000","6.2333",,,11/13/2007 0:00:00,12/30/1899 19:00:00,"A- Fatal","F- Driver",21.00,"Male","K- Private Cars","P- Speeding",2.00
5587,26015.00,"6- East Berbice- Corentyne",820,"Whim Public Road","CORENTYNE COAST ROAD (Form New Amsterdam)","-57.3167","6.2333",,,12/23/2007 0:00:00,12/30/1899 18:30:00,"D- Property Damage","F- Driver",,"Male",,"Y-Animal",1.00
5588,26016.00,"6- East Berbice- Corentyne",809,"Port Mourant Public Road","CORENTYNE COAST ROAD (Form New Amsterdam)","-57.3500","6.2500",,,3/8/2007 0:00:00,12/30/1899 8:00:00,"B- Serious Injury","F- Driver",24.00,"Male","L- Lorries Van;M- Hire Cars","P- Speeding;S- Driver's Negligence",2.00
5589,26017.00,"6- East Berbice- Corentyne",825,"Alness Public Road","CORENTYNE COAST ROAD (Form New Amsterdam)","-57.2833","6.2167",,,3/19/2008 0:00:00,12/30/1899 15:35:00,"B- Serious Injury","F- Driver",43.00,"Male","J- Minibus;M- Hire Cars","P- Speeding;S- Driver's Negligence",2.00
5590,26018.00,"6- East Berbice- Corentyne",813,"Miss Phoebe Public Road","CORENTYNE COAST ROAD (Form New Amsterdam)","-57.3333","6.2500",,,5/5/2008 0:00:00,12/30/1899 15:15:00,"B- Serious Injury","F- Driver",,,"K- Private Cars","Q- Alcohol",2.00
5591,26019.00,"6- East Berbice- Corentyne",834,"Bush Lot Public Road","CORENTYNE COAST ROAD (Form New Amsterdam)","-57.2667","6.2000",,,6/21/2008 0:00:00,12/30/1899 8:30:00,"D- Property Damage","F- Driver",45.00,"Male","J- Minibus","S- Driver's Negligence",1.00
5592,26020.00,"6- East Berbice- Corentyne",815,"Clifton Settlement Public Road","CORENTYNE COAST ROAD (Form New Amsterdam)","-57.3333","6.2333",,,7/20/2008 0:00:00,12/30/1899 22:00:00,"A- Fatal","F- Driver",18.00,"Male","K- Private Cars","P- Speeding",2.00
5593,26021.00,"6- East Berbice- Corentyne",809,"Port Mourant Public Road","CORENTYNE COAST ROAD (Form New Amsterdam)","-57.3500","6.2500",,,7/22/2008 0:00:00,12/30/1899 14:15:00,"D- Property Damage","F- Driver",50.00,"Male","K- Private Cars;L- Lorries Van","S- Driver's Negligence",2.00
5594,26022.00,"6- East Berbice- Corentyne",823,"Manchester Public Road","CORENTYNE COAST ROAD (Form New Amsterdam)","-57.3000","6.2333",,,8/9/2008 0:00:00,12/30/1899 21:25:00,"A- Fatal","F- Driver",42.00,"Male","J- Minibus","S- Driver's Negligence",2.00
5595,26023.00,"6- East Berbice- Corentyne",814,"Tain Public Road","CORENTYNE COAST ROAD (Form New Amsterdam)","-57.3333","6.2333",,,8/10/2008 0:00:00,12/30/1899 17:30:00,"D- Property Damage","F- Driver",32.00,"Male","K- Private Cars","T-Pedestrian's Negligence",2.00
5596,26024.00,"6- East Berbice- Corentyne",809,"Port Mourant Public Road","CORENTYNE COAST ROAD (Form New Amsterdam)","-57.3500","6.2500",,,8/24/2008 0:00:00,12/30/1899 23:30:00,"D- Property Damage","F- Driver",30.00,"Male","K- Private Cars","S- Driver's Negligence",2.00
5597,26025.00,"6- East Berbice- Corentyne",840,"Wellingtion Park Public Road","CORENTYNE COAST ROAD (Form New Amsterdam)","-57.2333","6.1667",,,8/30/2008 0:00:00,12/30/1899 21:00:00,"B- Serious Injury","F- Driver",21.00,"Male","K- Private Cars","S- Driver's Negligence",2.00
5598,26026.00,"6- East Berbice- Corentyne",813,"Miss Phoebe Public Road","CORENTYNE COAST ROAD (Form New Amsterdam)","-57.3333","6.2500",,,8/31/2008 0:00:00,12/30/1899 4:10:00,"A- Fatal","F- Driver",,,"V-Motor Cycle","S- Driver's Negligence",2.00
5599,26027.00,"6- East Berbice- Corentyne",833,"Kindonan Public Road","CORENTYNE COAST ROAD (Form New Amsterdam)","-57.2667","6.2000",,,9/5/2008 0:00:00,12/30/1899 23:10:00,"B- Serious Injury",,,,"L- Lorries Van","S- Driver's Negligence",2.00
5600,26028.00,"6- East Berbice- Corentyne",827,"Hogstye Public Road","CORENTYNE COAST ROAD (Form New Amsterdam)","-57.2833","6.2167",,,9/16/2008 0:00:00,12/30/1899 18:27:00,"B- Serious Injury","F- Driver",34.00,,"L- Lorries Van","S- Driver's Negligence",2.00
5601,26029.00,"6- East Berbice- Corentyne",841,"Tarlogie Public Road","CORENTYNE COAST ROAD (Form New Amsterdam)","-57.2333","6.1667",,,9/23/2008 0:00:00,12/30/1899 14:15:00,"B- Serious Injury","F- Driver",36.00,"Male","K- Private Cars","P- Speeding",2.00
5602,26030.00,"6- East Berbice- Corentyne",809,"Port Mourant Public Road","CORENTYNE COAST ROAD (Form New Amsterdam)","-57.3500","6.2500",,,10/5/2008 0:00:00,12/30/1899 18:40:00,"B- Serious Injury","F- Driver",59.00,"Male","L- Lorries Van","P- Speeding",
5603,26031.00,"6- East Berbice- Corentyne",814,"Tain Public Road","CORENTYNE COAST ROAD (Form New Amsterdam)","-57.3333","6.2333",,,10/9/2008 0:00:00,12/30/1899 10:45:00,"C- Minor Injury","F- Driver",21.00,"Male","L- Lorries Van","S- Driver's Negligence",2.00
5604,26032.00,"6- East Berbice- Corentyne",826,"Salton Public Road","CORENTYNE COAST ROAD (Form New Amsterdam)","-57.2833","6.2167",,,10/17/2008 0:00:00,12/30/1899 18:11:00,"D- Property Damage","F- Driver",76.00,"Male","L- Lorries Van","Y-Animal",1.00
5605,26033.00,"6- East Berbice- Corentyne",817,"Bloomfield Public Road","CORENTYNE COAST ROAD (Form New Amsterdam)","-57.3167","6.2333",,,10/30/2008 0:00:00,12/30/1899 19:00:00,"D- Property Damage","F- Driver",27.00,"Male","K- Private Cars","P- Speeding",1.00
5606,26034.00,"6- East Berbice- Corentyne",818,"Letter Kenny Public Road","CORENTYNE COAST ROAD (Form New Amsterdam)","-57.3167","6.2333",,,11/9/2008 0:00:00,12/30/1899 17:30:00,"D- Property Damage","F- Driver",51.00,"Male","L- Lorries Van;M- Hire Cars","Y-Animal",1.00
5607,26035.00,"6- East Berbice- Corentyne",809,"Johns Port Maurant Public Road","CORENTYNE COAST ROAD (Form New Amsterdam)","-57.3500","6.2500",,,11/16/2008 0:00:00,12/30/1899 10:00:00,"D- Property Damage","F- Driver",,"Male","M- Hire Cars","Y-Animal",2.00
5608,26036.00,"6- East Berbice- Corentyne",809,"Port Maurant Pblic Road","CORENTYNE COAST ROAD (Form New Amsterdam)","-57.3500","6.2500",,,11/17/2008 0:00:00,12/30/1899 12:15:00,"D- Property Damage","F- Driver",35.00,"Male","K- Private Cars;M- Hire Cars","S- Driver's Negligence",2.00
5609,26037.00,"6- East Berbice- Corentyne",840,"Wellington Park Public Road","CORENTYNE COAST ROAD (Form New Amsterdam)","-57.2333","6.1667",,,11/18/2008 0:00:00,12/30/1899 8:15:00,"A- Fatal","F- Driver",30.00,"Male","J- Minibus;W-Pedal Cycle","P- Speeding",2.00
5610,26038.00,"6- East Berbice- Corentyne",809,"Port Maurant Public Road","CORENTYNE COAST ROAD (Form New Amsterdam)","-57.3500","6.2500",,,11/27/2008 0:00:00,12/30/1899 10:56:00,"D- Property Damage","F- Driver",28.00,"Male","K- Private Cars","P- Speeding",2.00
5611,26039.00,"6- East Berbice- Corentyne",818,"Letter Kenny Public Road","CORENTYNE COAST ROAD (Form New Amsterdam)","-57.3167","6.2333",,,12/7/2008 0:00:00,12/30/1899 21:30:00,"C- Minor Injury","F- Driver",20.00,"Male","K- Private Cars;W-Pedal Cycle","S- Driver's Negligence",2.00
5612,26040.00,"6- East Berbice- Corentyne",830,"Lumlair Public Road","CORENTYNE COAST ROAD (Form New Amsterdam)","-57.2833","6.2167",,,12/12/2008 0:00:00,12/30/1899 9:00:00,"D- Property Damage","F- Driver",,,"M- Hire Cars","S- Driver's Negligence",1.00
5613,26041.00,"6- East Berbice- Corentyne",813,"Miss Phobe Public Road","CORENTYNE COAST ROAD (Form New Amsterdam)","-57.3333","6.2500",,,12/15/2008 0:00:00,12/30/1899 19:50:00,"D- Property Damage","F- Driver",22.00,"Male","K- Private Cars","Y-Animal",2.00
5614,26042.00,"6- East Berbice- Corentyne",813,"Miss Phobe Public Road","CORENTYNE COAST ROAD (Form New Amsterdam)","-57.3333","6.2500",,,12/18/2008 0:00:00,12/30/1899 2:35:00,"B- Serious Injury","F- Driver",22.00,"Male","V-Motor Cycle","Y-Animal",2.00
5615,26043.00,"6- East Berbice- Corentyne",809,"Port maurant Public Road","CORENTYNE COAST ROAD (Form New Amsterdam)","-57.3500","6.2500",,,12/26/2008 0:00:00,12/30/1899 16:30:00,"C- Minor Injury","F- Driver",35.00,"Male","K- Private Cars","T-Pedestrian's Negligence",2.00
5616,26044.00,"6- East Berbice- Corentyne",825,"Alness Public Road","CORENTYNE COAST ROAD (Form New Amsterdam)","-57.2833","6.2167",,,12/31/2008 0:00:00,12/30/1899 9:15:00,"C- Minor Injury","E- Pedestrian",55.00,"Male","V-Motor Cycle","S- Driver's Negligence",2.00
5617,26045.00,"6- East Berbice- Corentyne",809,"Port Maurant Public Road","CORENTYNE COAST ROAD (Form New Amsterdam)","-57.3500","6.2500",,,1/8/2009 0:00:00,12/30/1899 19:50:00,"D- Property Damage","F- Driver",20.00,"Male","L- Lorries Van;M- Hire Cars","P- Speeding",1.00
5618,26046.00,"6- East Berbice- Corentyne",825,"Alness Public Road","CORENTYNE COAST ROAD (Form New Amsterdam)","-57.2833","6.2167",,,1/17/2009 0:00:00,12/30/1899 9:00:00,"D- Property Damage","F- Driver",45.00,"Male","L- Lorries Van","S- Driver's Negligence",1.00
5619,26047.00,"6- East Berbice- Corentyne",816,"Johns Public Road","CORENTYNE COAST ROAD (Form New Amsterdam)","-57.3333","6.2333",,,1/29/2009 0:00:00,12/30/1899 12:00:00,"D- Property Damage","F- Driver",30.00,"Male","L- Lorries Van;M- Hire Cars","S- Driver's Negligence",2.00
5620,26048.00,"6- East Berbice- Corentyne",825,"Alness Public Road","CORENTYNE COAST ROAD (Form New Amsterdam)","-57.2833","6.2167",,,1/23/2009 0:00:00,12/30/1899 12:00:00,"D- Property Damage","F- Driver",22.00,"Male","L- Lorries Van","P- Speeding",1.00
5621,26049.00,"6- East Berbice- Corentyne",817,"Bloomfield Public Road","CORENTYNE COAST ROAD (Form New Amsterdam)","-57.3167","6.2333",,,2/22/2009 0:00:00,12/30/1899 20:05:00,"C- Minor Injury","F- Driver",42.00,"Male","L- Lorries Van","U- Cyclist's Negligence",2.00
5622,26050.00,"6- East Berbice- Corentyne",809,"Port Maurant Public Road","CORENTYNE COAST ROAD (Form New Amsterdam)","-57.3500","6.2500",,,2/26/2009 0:00:00,12/30/1899 2:00:00,"C- Minor Injury","F- Driver",30.00,"Male","K- Private Cars;W-Pedal Cycle","U- Cyclist's Negligence",2.00
5623,26051.00,"6- East Berbice- Corentyne",803,"Albion Public Road","CORENTYNE COAST ROAD (Form New Amsterdam)","-57.3833","6.2667",,,2/28/2009 0:00:00,12/30/1899 13:25:00,"C- Minor Injury","F- Driver",,"Male","K- Private Cars;M- Hire Cars","S- Driver's Negligence",2.00
5624,26052.00,"6- East Berbice- Corentyne",839,"Cromarty Public Road","CORENTYNE COAST ROAD (Form New Amsterdam)","-57.2333","6.1833",,,3/1/2009 0:00:00,12/30/1899 18:05:00,"D- Property Damage","F- Driver",,"Male","K- Private Cars","Y-Animal",1.00
5625,26053.00,"6- East Berbice- Corentyne",834,"Bush Lot Public Road","CORENTYNE COAST ROAD (Form New Amsterdam)","-57.2667","6.2000",,,3/4/2009 0:00:00,12/30/1899 12:50:00,"D- Property Damage","F- Driver",,"Male","N- Pickup","Y-Animal",1.00
5626,26054.00,"6- East Berbice- Corentyne",916,"Lesbeholden Public Road","CORENTYN COAST: BLACK BUSH POLDER INTERSETTLEMENT ROAD (From New Amsterdam)","-57.3000","6.1500",,,3/19/2009 0:00:00,12/30/1899 19:30:00,"D- Property Damage","F- Driver",24.00,"Male","K- Private Cars;X-Tractor","S- Driver's Negligence",2.00
5627,26055.00,"6- East Berbice- Corentyne",809,"Port Maurant Public Road","CORENTYNE COAST ROAD (Form New Amsterdam)","-57.3500","6.2500",,,3/21/2009 0:00:00,12/30/1899 23:30:00,"B- Serious Injury","F- Driver",26.00,"Male","J- Minibus;V-Motor Cycle","U- Cyclist's Negligence",2.00
5628,26057.00,"6- East Berbice- Corentyne",819,"Auchlyne Public Road","CORENTYNE COAST ROAD (Form New Amsterdam)","-57.3167","6.2333",,,4/9/2009 0:00:00,12/30/1899 18:55:00,"D- Property Damage","F- Driver",,"Male","K- Private Cars;N- Pickup","S- Driver's Negligence",2.00
5629,26058.00,"6- East Berbice- Corentyne",820,"Whim Public Road","CORENTYNE COAST ROAD (Form New Amsterdam)","-57.3167","6.2333",,,4/17/2009 0:00:00,12/30/1899 9:30:00,"D- Property Damage","F- Driver",,"Male","J- Minibus;K- Private Cars","S- Driver's Negligence",2.00
5630,26059.00,"6- East Berbice- Corentyne",831,"Friendship Public Road","CORENTYNE COAST ROAD (Form New Amsterdam)","-57.2667","6.2000",,,4/28/2009 0:00:00,12/30/1899 16:50:00,"D- Property Damage","F- Driver",28.00,"Male","J- Minibus","Y-Animal",1.00
5631,26060.00,"6- East Berbice- Corentyne",809,"Port Maurant Public Road","CORENTYNE COAST ROAD (Form New Amsterdam)","-57.3500","6.2500",,,4/29/2009 0:00:00,12/30/1899 11:30:00,"B- Serious Injury","F- Driver",31.00,"Male","J- Minibus","S- Driver's Negligence;U- Cyclist's Negligence",2.00
5632,26061.00,"6- East Berbice- Corentyne",830,"Lumlair Public Road","CORENTYNE COAST ROAD (Form New Amsterdam)","-57.2833","6.2167",,,5/9/2009 0:00:00,12/30/1899 21:20:00,"B- Serious Injury","F- Driver",42.00,"Male","K- Private Cars","T-Pedestrian's Negligence",2.00
5633,26062.00,"6- East Berbice- Corentyne",818,"Letter Kenny Public Road","CORENTYNE COAST ROAD (Form New Amsterdam)","-57.3167","6.2333",,,5/13/2009 0:00:00,12/30/1899 22:20:00,"D- Property Damage","F- Driver",,"Male","L- Lorries Van","Y-Animal",2.00
5634,26063.00,"6- East Berbice- Corentyne",834,"Bush Lot Public Road","CORENTYNE COAST ROAD (Form New Amsterdam)","-57.2667","6.2000",,,5/18/2009 0:00:00,12/30/1899 0:30:00,"A- Fatal","F- Driver",37.00,"Male","J- Minibus;L- Lorries Van","Y-Animal",2.00
5635,26064.00,"6- East Berbice- Corentyne",809,"Port Maurant Public Road","CORENTYNE COAST ROAD (Form New Amsterdam)","-57.3500","6.2500",,,6/10/2009 0:00:00,12/30/1899 16:00:00,"B- Serious Injury","F- Driver",47.00,,"K- Private Cars",,2.00
5636,26065.00,"6- East Berbice- Corentyne",825,"Alness Public Road","CORENTYNE COAST ROAD (Form New Amsterdam)","-57.2833","6.2167",,,6/12/2009 0:00:00,12/30/1899 18:50:00,"D- Property Damage","F- Driver",29.00,,"M- Hire Cars;N- Pickup","S- Driver's Negligence",2.00
5637,26066.00,"6- East Berbice- Corentyne",809,"Port Maurant Pubic Road","CORENTYNE COAST ROAD (Form New Amsterdam)","-57.3500","6.2500",,,6/14/2009 0:00:00,12/30/1899 19:15:00,"B- Serious Injury","F- Driver",40.00,,"K- Private Cars;W-Pedal Cycle","U- Cyclist's Negligence",3.00
5638,26067.00,"6- East Berbice- Corentyne",840,"Wellington Public Road","CORENTYNE COAST ROAD (Form New Amsterdam)","-57.2333","6.1667",,,6/24/2009 0:00:00,12/30/1899 20:45:00,"B- Serious Injury","F- Driver",30.00,,"K- Private Cars","P- Speeding",2.00
5639,26068.00,"6- East Berbice- Corentyne",831,"Friendship Public Road","CORENTYNE COAST ROAD (Form New Amsterdam)","-57.2667","6.2000",,,6/20/2009 0:00:00,12/30/1899 9:50:00,"B- Serious Injury","F- Driver",30.00,,"K- Private Cars;W-Pedal Cycle","P- Speeding",1.00