"ID","Accident ID","Region Number","Corridor ID","Location (Intersection/Road/Street)","Corridor","Location- longitude/ X","Location- latitude/  Y","Mile Marker","Village","Date of Accident","Time of Accident","Type of Accident","Class of Road User","Age/DOB","Gender","Class of Vehicles Involved","Contributing Factor","Number of Persons Involved"
5640,26069.00,"6- East Berbice- Corentyne",817,"Bloomfield Public Road","CORENTYNE COAST ROAD (Form New Amsterdam)","-57.3167","6.2333",,,6/29/2009 0:00:00,12/30/1899 18:45:00,"B- Serious Injury","F- Driver",,,"K- Private Cars;M- Hire Cars","S- Driver's Negligence",2.00
5641,26070.00,"6- East Berbice- Corentyne",814,"Tain Public Road","CORENTYNE COAST ROAD (Form New Amsterdam)","-57.3333","6.2333",,,6/30/2009 0:00:00,12/30/1899 18:49:00,"B- Serious Injury","F- Driver",27.00,,"J- Minibus;W-Pedal Cycle","S- Driver's Negligence;U- Cyclist's Negligence",2.00
5642,26071.00,"6- East Berbice- Corentyne",825,"Alness Public Road","CORENTYNE COAST ROAD (Form New Amsterdam)","-57.2833","6.2167",,,7/15/2009 0:00:00,12/30/1899 12:30:00,"D- Property Damage","F- Driver",50.00,,"L- Lorries Van","S- Driver's Negligence",2.00
5643,26072.00,"6- East Berbice- Corentyne",817,"Bloomfield Public Road","CORENTYNE COAST ROAD (Form New Amsterdam)","-57.3167","6.2333",,,9/16/2009 0:00:00,12/30/1899 13:50:00,"C- Minor Injury","F- Driver",30.00,,"K- Private Cars;W-Pedal Cycle","S- Driver's Negligence",2.00
5644,26073.00,"6- East Berbice- Corentyne",809,"Port Maurant Public Road","CORENTYNE COAST ROAD (Form New Amsterdam)","-57.3500","6.2500",,,7/27/2009 0:00:00,12/30/1899 10:35:00,"B- Serious Injury","G- Rider",50.00,,"K- Private Cars;V-Motor Cycle","S- Driver's Negligence",2.00
5645,26074.00,"6- East Berbice- Corentyne",822,"Liverpool Public Road","CORENTYNE COAST ROAD (Form New Amsterdam)","-57.3000","6.2333",,,7/28/2009 0:00:00,12/30/1899 9:00:00,"A- Fatal","F- Driver",30.00,,"J- Minibus;W-Pedal Cycle","S- Driver's Negligence",2.00
5646,26075.00,"3- Essequibo Islands- West Demerara",823,"Manchester Public Road","CORENTYNE COAST ROAD (Form New Amsterdam)","-57.3000","6.2333",,,8/2/2009 0:00:00,12/30/1899 4:00:00,"A- Fatal","F- Driver",24.00,,"K- Private Cars","P- Speeding",1.00
5647,26076.00,"4- Demerara- Mahaica",349,"Eccles Public Rd.","East bank Demerara (from Georgetown)","-58.1706","6.7802",,,6/27/2010 0:00:00,12/30/1899 9:30:00,"B- Serious Injury","F- Driver",61.00,"Male","J- Minibus;W-Pedal Cycle","U- Cyclist's Negligence",2.00
5648,26077.00,"4- Demerara- Mahaica",352,"Demerara Harbour Bridge","East bank Demerara (from Georgetown)","-58.1798","6.7682",,,7/6/2010 0:00:00,12/30/1899 13:50:00,"D- Property Damage","F- Driver",35.00,"Male","L- Lorries Van","S- Driver's Negligence",2.00
5649,26078.00,"4- Demerara- Mahaica",349,"Eccles Public Rd.","East bank Demerara (from Georgetown)","-58.1706","6.7802",,,7/7/2010 0:00:00,12/30/1899 13:20:00,"D- Property Damage","F- Driver",54.00,"Male","K- Private Cars;L- Lorries Van","S- Driver's Negligence",2.00
5650,26079.00,"4- Demerara- Mahaica",353,"Peter's Hall Public Rd.","East bank Demerara (from Georgetown)","-58.1698","6.7724",,,7/10/2010 0:00:00,12/30/1899 6:10:00,"D- Property Damage","F- Driver",33.00,"Male","K- Private Cars;L- Lorries Van","S- Driver's Negligence",2.00
5651,26080.00,"4- Demerara- Mahaica",352,"Demerara Harbour Bridge","East bank Demerara (from Georgetown)","-58.1798","6.7682",,,7/13/2010 0:00:00,12/30/1899 17:00:00,"D- Property Damage","F- Driver",50.00,"Male","L- Lorries Van;N- Pickup","S- Driver's Negligence",2.00
5652,26081.00,"4- Demerara- Mahaica",260,"Harbour Bridge Access Rd.","West Bank Demerara River (From Vreed-en-Hoop)","-58.1791","6.7679",,,7/20/2010 0:00:00,12/30/1899 15:30:00,"D- Property Damage","F- Driver",62.00,"Male","J- Minibus;K- Private Cars","S- Driver's Negligence",2.00
5653,26082.00,"4- Demerara- Mahaica",349,"Eccles Public Rd.","East bank Demerara (from Georgetown)","-58.1706","6.7802",,,7/20/2010 0:00:00,12/30/1899 16:00:00,"D- Property Damage","F- Driver",31.00,"Female","K- Private Cars;M- Hire Cars","S- Driver's Negligence",3.00
5654,26083.00,"4- Demerara- Mahaica",366,"Providence Public Rd.","East bank Demerara (from Georgetown)","-58.1805","6.7587",,,7/20/2010 0:00:00,12/30/1899 16:50:00,"D- Property Damage","F- Driver",58.00,"Male","K- Private Cars;M- Hire Cars","S- Driver's Negligence",2.00
5655,26084.00,"4- Demerara- Mahaica",361,"Herstelling Public Rd.","East bank Demerara (from Georgetown)","-58.1848","6.7464",,,7/23/2010 0:00:00,12/30/1899 9:10:00,"C- Minor Injury","F- Driver",22.00,"Male","K- Private Cars;L- Lorries Van","R- Improper Overtaking",2.00
5656,26085.00,"4- Demerara- Mahaica",352,"Demerara Harbour Bridge","East bank Demerara (from Georgetown)","-58.1798","6.7682",,,8/1/2010 0:00:00,12/30/1899 15:00:00,"D- Property Damage","F- Driver",31.00,"Male","K- Private Cars;L- Lorries Van","S- Driver's Negligence",2.00
5657,26086.00,"4- Demerara- Mahaica",349,"Eccles Public Rd. & Eccles Access Rd.","East bank Demerara (from Georgetown)","-58.1704","6.7726",,,8/4/2010 0:00:00,12/30/1899 8:30:00,"D- Property Damage","F- Driver",58.00,"Male","K- Private Cars;L- Lorries Van","Q- Alcohol",2.00
5658,26087.00,"4- Demerara- Mahaica",351,"Bagotstown Public Rd.","East bank Demerara (from Georgetown)","-58.1794","6.7505",,,8/6/2010 0:00:00,12/30/1899 3:15:00,"D- Property Damage","F- Driver",38.00,"Male","K- Private Cars","O- Lost Control & Runoff",2.00
5659,26088.00,"4- Demerara- Mahaica",351,"Bagotstown Public Rd.","East bank Demerara (from Georgetown)","-58.1794","6.7505",,,8/3/2010 0:00:00,12/30/1899 13:10:00,"D- Property Damage","F- Driver",28.00,"Male","K- Private Cars;L- Lorries Van","S- Driver's Negligence",2.00
5660,26089.00,"4- Demerara- Mahaica",349,"Eccles Industrial Access Rd.","East bank Demerara (from Georgetown)","-58.1695","6.7723",,,8/10/2010 0:00:00,12/30/1899 1:00:00,"D- Property Damage","F- Driver",38.00,"Male","K- Private Cars;L- Lorries Van","S- Driver's Negligence",2.00
5661,26090.00,"4- Demerara- Mahaica",349,"Eccles Public Rd.","East bank Demerara (from Georgetown)","-58.1706","6.7802",,,8/6/2010 0:00:00,12/30/1899 9:40:00,"C- Minor Injury","F- Driver",34.00,"Male","J- Minibus;V-Motor Cycle","S- Driver's Negligence",2.00
5662,26091.00,"4- Demerara- Mahaica",353,"Peter's Hall Public Rd.","East bank Demerara (from Georgetown)","-58.1698","6.7724",,,8/14/2010 0:00:00,12/30/1899 11:30:00,"D- Property Damage","F- Driver",32.00,"Male","K- Private Cars","S- Driver's Negligence",2.00
5663,26092.00,"4- Demerara- Mahaica",349,"Eccles Public Rd.","East bank Demerara (from Georgetown)","-58.1706","6.7802",,,8/10/2010 0:00:00,12/30/1899 8:45:00,"D- Property Damage","F- Driver",47.00,"Male","J- Minibus;K- Private Cars","S- Driver's Negligence",2.00
5664,26093.00,"4- Demerara- Mahaica",366,"Providence Old Rd.","East bank Demerara (from Georgetown)","-58.1746","6.7671",,,8/17/2010 0:00:00,12/30/1899 7:40:00,"D- Property Damage","F- Driver",58.00,"Male","K- Private Cars","S- Driver's Negligence",2.00
5665,26094.00,"4- Demerara- Mahaica",366,"Providence Public Rd.","East bank Demerara (from Georgetown)","-58.1805","6.7587",,,8/14/2010 0:00:00,12/30/1899 23:35:00,"D- Property Damage","F- Driver",29.00,"Male","K- Private Cars;L- Lorries Van","Q- Alcohol;R- Improper Overtaking",2.00
5666,26095.00,"4- Demerara- Mahaica",351,"Bagotstown Public Rd.","East bank Demerara (from Georgetown)","-58.1794","6.7505",,,8/20/2010 0:00:00,12/30/1899 8:20:00,"D- Property Damage","F- Driver",45.00,"Male","K- Private Cars","S- Driver's Negligence",2.00
5667,26096.00,"4- Demerara- Mahaica",351,"Bagotstown Public Rd.","East bank Demerara (from Georgetown)","-58.1794","6.7505",,,8/20/2010 0:00:00,12/30/1899 17:30:00,"D- Property Damage","F- Driver",29.00,"Male","K- Private Cars","S- Driver's Negligence",2.00
5668,26097.00,"4- Demerara- Mahaica",352,"Demerara Harbour Bridge","East bank Demerara (from Georgetown)","-58.1798","6.7682",,,8/21/2010 0:00:00,12/30/1899 7:15:00,"D- Property Damage","F- Driver",57.00,"Male","N- Pickup","S- Driver's Negligence",2.00
5669,26098.00,"4- Demerara- Mahaica",366,"Providence Public Rd.","East bank Demerara (from Georgetown)","-58.1805","6.7587",,,8/22/2010 0:00:00,12/30/1899 15:10:00,"C- Minor Injury","G- Rider",33.00,"Male","M- Hire Cars;V-Motor Cycle","S- Driver's Negligence",2.00
5670,26099.00,"4- Demerara- Mahaica",366,"Providence Public Rd.","East bank Demerara (from Georgetown)","-58.1805","6.7587",,,8/23/2010 0:00:00,12/30/1899 1:20:00,"A- Fatal","F- Driver",34.00,"Female","K- Private Cars","P- Speeding",2.00
5671,26100.00,"4- Demerara- Mahaica",351,"Bagotstown Public Rd.","East bank Demerara (from Georgetown)","-58.1794","6.7505",,,8/23/2010 0:00:00,12/30/1899 1:30:00,"C- Minor Injury","F- Driver",47.00,"Male","K- Private Cars","S- Driver's Negligence",1.00
5672,26101.00,"4- Demerara- Mahaica",366,"Providence Public Rd.","East bank Demerara (from Georgetown)","-58.1805","6.7587",,,8/24/2010 0:00:00,12/30/1899 9:30:00,"D- Property Damage","F- Driver",35.00,"Male","K- Private Cars;M- Hire Cars","S- Driver's Negligence",2.00
5673,26102.00,"4- Demerara- Mahaica",349,"Eccles Public Rd.","East bank Demerara (from Georgetown)","-58.1706","6.7802",,,8/27/2010 0:00:00,,"D- Property Damage","F- Driver",22.00,"Female","K- Private Cars;L- Lorries Van","S- Driver's Negligence",2.00
5674,26103.00,"4- Demerara- Mahaica",351,"Bagotstown Public Rd.","East bank Demerara (from Georgetown)","-58.1794","6.7505",,,8/28/2010 0:00:00,12/30/1899 3:10:00,"C- Minor Injury","F- Driver",35.00,"Male","K- Private Cars","O- Lost Control & Runoff",1.00
5675,26104.00,"4- Demerara- Mahaica",351,"Bagotstown Public Rd.","East bank Demerara (from Georgetown)","-58.1794","6.7505",,,8/28/2010 0:00:00,12/30/1899 15:46:00,"C- Minor Injury","G- Rider",28.00,"Male","L- Lorries Van;V-Motor Cycle","T-Pedestrian's Negligence",3.00
5676,26105.00,"4- Demerara- Mahaica",351,"Bagotstown Public Rd.","East bank Demerara (from Georgetown)","-58.1794","6.7505",,,8/29/2010 0:00:00,12/30/1899 22:40:00,"C- Minor Injury","F- Driver",31.00,"Male","M- Hire Cars;V-Motor Cycle","R- Improper Overtaking",3.00
5677,26106.00,"4- Demerara- Mahaica",353,"Peter's Hall Public Rd.","East bank Demerara (from Georgetown)","-58.1698","6.7724",,,8/27/2010 0:00:00,12/30/1899 10:15:00,"D- Property Damage","F- Driver",31.00,"Male","L- Lorries Van;N- Pickup","S- Driver's Negligence",2.00
5678,26107.00,"4- Demerara- Mahaica",353,"Peter's Hall Public Rd.","East bank Demerara (from Georgetown)","-58.1698","6.7724",,,8/27/2010 0:00:00,,"C- Minor Injury","F- Driver",38.00,"Male","N- Pickup;W-Pedal Cycle","U- Cyclist's Negligence",2.00
5679,26108.00,"4- Demerara- Mahaica",366,"Providence Public Rd.","East bank Demerara (from Georgetown)","-58.1805","6.7587",,,8/30/2010 0:00:00,12/30/1899 23:10:00,"D- Property Damage","F- Driver",27.00,"Male","K- Private Cars","S- Driver's Negligence",1.00
5680,26109.00,"4- Demerara- Mahaica",365,"Covent Garden Public Rd.","East bank Demerara (from Georgetown)","-58.1898","6.7372",,,9/1/2010 0:00:00,12/30/1899 3:20:00,"C- Minor Injury","F- Driver",32.00,"Male","K- Private Cars","S- Driver's Negligence",5.00
5681,26110.00,"4- Demerara- Mahaica",260,"Harbour Bridge Access Rd.","West Bank Demerara River (From Vreed-en-Hoop)","-58.1791","6.7679",,,9/3/2010 0:00:00,12/30/1899 13:30:00,"D- Property Damage","F- Driver",67.00,"Male","K- Private Cars;N- Pickup","S- Driver's Negligence",2.00
5682,26111.00,"4- Demerara- Mahaica",361,"Herstelling Public Rd.","East bank Demerara (from Georgetown)","-58.1848","6.7464",,,9/4/2010 0:00:00,12/30/1899 10:40:00,"D- Property Damage","F- Driver",32.00,"Female","K- Private Cars;V-Motor Cycle","S- Driver's Negligence",1.00
5683,26112.00,"4- Demerara- Mahaica",351,"Bagotstown Public Rd.","East bank Demerara (from Georgetown)","-58.1794","6.7505",,,9/5/2010 0:00:00,12/30/1899 5:10:00,"D- Property Damage","F- Driver",27.00,"Male","K- Private Cars","Q- Alcohol",2.00
5684,26113.00,"4- Demerara- Mahaica",349,"Eccles Public Rd.","East bank Demerara (from Georgetown)","-58.1706","6.7802",,,9/7/2010 0:00:00,12/30/1899 7:30:00,"C- Minor Injury","G- Rider",26.00,"Male","V-Motor Cycle","S- Driver's Negligence;U- Cyclist's Negligence",2.00
5685,26114.00,"4- Demerara- Mahaica",366,"Providence Public Rd.","East bank Demerara (from Georgetown)","-58.1805","6.7587",,,9/7/2010 0:00:00,12/30/1899 16:30:00,"D- Property Damage","F- Driver",26.00,"Male","K- Private Cars","P- Speeding",2.00
5686,26115.00,"4- Demerara- Mahaica",351,"Bagotstown Public Rd.","East bank Demerara (from Georgetown)","-58.1794","6.7505",,,9/11/2010 0:00:00,12/30/1899 2:40:00,"D- Property Damage","F- Driver",31.00,"Male","K- Private Cars","O- Lost Control & Runoff",1.00
5687,26116.00,"4- Demerara- Mahaica",366,"Prospect Public Rd.","East bank Demerara (from Georgetown)","-58.1865","6.7372",,,9/11/2010 0:00:00,12/30/1899 15:30:00,"D- Property Damage","F- Driver",42.00,"Male","J- Minibus","S- Driver's Negligence",1.00
5688,26117.00,"4- Demerara- Mahaica",353,"Peter's Hall Public Rd.","East bank Demerara (from Georgetown)","-58.1698","6.7724",,,9/11/2010 0:00:00,12/30/1899 10:10:00,"D- Property Damage","F- Driver",54.00,"Male","K- Private Cars;L- Lorries Van","S- Driver's Negligence",2.00
5689,26118.00,"4- Demerara- Mahaica",366,"Providence Public Rd.","East bank Demerara (from Georgetown)","-58.1805","6.7587",,,9/16/2010 0:00:00,12/30/1899 11:15:00,"D- Property Damage","F- Driver",43.00,"Male","K- Private Cars;V-Motor Cycle","P- Speeding",2.00
5690,26119.00,"4- Demerara- Mahaica",366,"Providence Public Rd.","East bank Demerara (from Georgetown)","-58.1805","6.7587",,,9/13/2010 0:00:00,,"D- Property Damage","F- Driver",56.00,"Male","J- Minibus;N- Pickup","S- Driver's Negligence",2.00
5691,26120.00,"4- Demerara- Mahaica",361,"Herstelling Public Rd.","East bank Demerara (from Georgetown)","-58.1848","6.7464",,,9/19/2010 0:00:00,12/30/1899 19:00:00,"C- Minor Injury","F- Driver",32.00,"Male","K- Private Cars;V-Motor Cycle","P- Speeding",2.00
5692,26121.00,"4- Demerara- Mahaica",349,"Eccles Public Rd.","East bank Demerara (from Georgetown)","-58.1706","6.7802",,,9/22/2010 0:00:00,12/30/1899 10:45:00,"D- Property Damage","F- Driver",42.00,"Female","K- Private Cars;M- Hire Cars","S- Driver's Negligence",3.00
5693,26122.00,"4- Demerara- Mahaica",348,"Agricola Public Rd.","East bank Demerara (from Georgetown)","-58.1693","6.7824",,,9/20/2010 0:00:00,12/30/1899 23:00:00,"A- Fatal","F- Driver",42.00,"Male","N- Pickup","T-Pedestrian's Negligence",2.00
5694,26123.00,"4- Demerara- Mahaica",366,"Prospect Public Rd.","East bank Demerara (from Georgetown)","-58.1865","6.7372",,,9/25/2010 0:00:00,12/30/1899 11:15:00,"D- Property Damage","F- Driver",59.00,"Male","J- Minibus;L- Lorries Van","S- Driver's Negligence",2.00
5695,26124.00,"4- Demerara- Mahaica",361,"Herstelling Public Rd.","East bank Demerara (from Georgetown)","-58.1848","6.7464",,,9/25/2010 0:00:00,12/30/1899 11:35:00,"D- Property Damage","F- Driver",62.00,"Male","L- Lorries Van","S- Driver's Negligence",2.00
5696,26125.00,"4- Demerara- Mahaica",260,"Harbour Bridge Access Rd.","West Bank Demerara River (From Vreed-en-Hoop)","-58.1791","6.7679",,,9/26/2010 0:00:00,12/30/1899 18:00:00,"D- Property Damage","F- Driver",40.00,"Male","J- Minibus;K- Private Cars","S- Driver's Negligence",2.00
5697,26126.00,"4- Demerara- Mahaica",349,"Eccles Public Rd.","East bank Demerara (from Georgetown)","-58.1706","6.7802",,,9/26/2010 0:00:00,12/30/1899 9:45:00,"C- Minor Injury","F- Driver",66.00,"Male","L- Lorries Van","S- Driver's Negligence",2.00
5698,26127.00,"4- Demerara- Mahaica",353,"Peter's Hall Public Rd.","East bank Demerara (from Georgetown)","-58.1698","6.7724",,,9/29/2010 0:00:00,12/30/1899 7:30:00,"D- Property Damage","F- Driver",37.00,"Female","K- Private Cars;L- Lorries Van","S- Driver's Negligence",2.00
5699,26128.00,"4- Demerara- Mahaica",260,"Harbour Bridge Access Rd.","West Bank Demerara River (From Vreed-en-Hoop)","-58.1791","6.7679",,,10/4/2010 0:00:00,12/30/1899 23:30:00,"D- Property Damage","F- Driver",33.00,"Male","J- Minibus;K- Private Cars","S- Driver's Negligence",2.00
5700,26129.00,"4- Demerara- Mahaica",351,"Bagotstown Public Rd.","East bank Demerara (from Georgetown)","-58.1794","6.7505",,,10/4/2010 0:00:00,12/30/1899 18:50:00,"C- Minor Injury","F- Driver",30.00,"Male","J- Minibus;K- Private Cars","P- Speeding",3.00
5701,26130.00,"4- Demerara- Mahaica",367,"Little Diamond Public Rd.","East bank Demerara (from Georgetown)","-58.1864","6.7378",,,10/10/2010 0:00:00,12/30/1899 8:20:00,"D- Property Damage","F- Driver",19.00,"Male","K- Private Cars;N- Pickup","S- Driver's Negligence",2.00
5702,26131.00,"4- Demerara- Mahaica",349,"Industrial Site Eccles","East bank Demerara (from Georgetown)","-58.1704","6.7808",,,10/10/2010 0:00:00,12/30/1899 10:00:00,"B- Serious Injury","F- Driver",28.00,"Male","K- Private Cars;V-Motor Cycle","S- Driver's Negligence",2.00
5703,26132.00,"4- Demerara- Mahaica",349,"Eccles Public Rd.","East bank Demerara (from Georgetown)","-58.1706","6.7802",,,10/12/2010 0:00:00,,"D- Property Damage","F- Driver",37.00,"Male","J- Minibus;K- Private Cars","S- Driver's Negligence",2.00
5704,26133.00,"4- Demerara- Mahaica",260,"Harbour Bridge Access Rd.","West Bank Demerara River (From Vreed-en-Hoop)","-58.1791","6.7679",,,10/11/2010 0:00:00,12/30/1899 18:13:00,"D- Property Damage","F- Driver",,"Female","K- Private Cars;L- Lorries Van","S- Driver's Negligence",2.00
5705,26134.00,"4- Demerara- Mahaica",366,"Providence Public Rd.","East bank Demerara (from Georgetown)","-58.1805","6.7587",,,10/12/2010 0:00:00,12/30/1899 16:00:00,"C- Minor Injury","F- Driver",26.00,"Female","J- Minibus;K- Private Cars","S- Driver's Negligence",3.00
5706,26135.00,"4- Demerara- Mahaica",363,"Farm Public Rd.","East bank Demerara (from Georgetown)","-58.1881","6.7380",,,10/15/2010 0:00:00,12/30/1899 7:30:00,"D- Property Damage","F- Driver",,"Male",,"P- Speeding",1.00
5707,26136.00,"4- Demerara- Mahaica",349,"Eccles Public Rd.","East bank Demerara (from Georgetown)","-58.1706","6.7802",,,10/15/2010 0:00:00,12/30/1899 21:50:00,"A- Fatal","F- Driver",25.00,"Male","K- Private Cars;V-Motor Cycle","U- Cyclist's Negligence",3.00
5708,26137.00,"4- Demerara- Mahaica",349,"Eccles Public Rd.","East bank Demerara (from Georgetown)","-58.1706","6.7802",,,10/18/2010 0:00:00,12/30/1899 9:45:00,"D- Property Damage","F- Driver",,"Male","L- Lorries Van;N- Pickup","S- Driver's Negligence",2.00
5709,26138.00,"4- Demerara- Mahaica",349,"Industrial Site & Access Rd.","East bank Demerara (from Georgetown)","-58.1677","6.7918",,,10/20/2010 0:00:00,12/30/1899 12:15:00,"B- Serious Injury","F- Driver",46.00,"Male","L- Lorries Van;N- Pickup","S- Driver's Negligence",2.00
5710,26139.00,"4- Demerara- Mahaica",349,"Eccles Housing Scheme","East bank Demerara (from Georgetown)","-58.1696","6.7737",,,10/26/2010 0:00:00,12/30/1899 8:30:00,"D- Property Damage","F- Driver",27.00,"Male","K- Private Cars;L- Lorries Van","S- Driver's Negligence",2.00
5711,26140.00,"4- Demerara- Mahaica",366,"Providence Public Rd.","East bank Demerara (from Georgetown)","-58.1805","6.7587",,,10/26/2010 0:00:00,12/30/1899 7:20:00,"C- Minor Injury","F- Driver",25.00,"Male","N- Pickup;V-Motor Cycle","S- Driver's Negligence",2.00
5712,26141.00,"4- Demerara- Mahaica",366,"Providence Public Rd.","East bank Demerara (from Georgetown)","-58.1805","6.7587",,,10/27/2010 0:00:00,12/30/1899 16:00:00,"D- Property Damage","F- Driver",24.00,"Male","K- Private Cars;N- Pickup","S- Driver's Negligence",2.00
5713,26142.00,"4- Demerara- Mahaica",366,"Providence Public Rd.","East bank Demerara (from Georgetown)","-58.1805","6.7587",,,10/30/2010 0:00:00,12/30/1899 10:00:00,"C- Minor Injury","G- Rider",56.00,"Male","K- Private Cars;V-Motor Cycle","S- Driver's Negligence",2.00
5714,26143.00,"4- Demerara- Mahaica",361,"Herstelling Public Rd.","East bank Demerara (from Georgetown)","-58.1848","6.7464",,,11/4/2010 0:00:00,12/30/1899 20:00:00,"D- Property Damage","F- Driver",37.00,"Male","K- Private Cars;L- Lorries Van","S- Driver's Negligence",2.00
5715,26144.00,"4- Demerara- Mahaica",352,"Demerara Harbour Bridge","East bank Demerara (from Georgetown)","-58.1798","6.7682",,,11/4/2010 0:00:00,12/30/1899 10:00:00,"D- Property Damage","F- Driver",21.00,"Male","L- Lorries Van;N- Pickup","S- Driver's Negligence",2.00
5716,26145.00,"4- Demerara- Mahaica",351,"Bagotstown Public Rd.","East bank Demerara (from Georgetown)","-58.1794","6.7505",,,11/5/2010 0:00:00,12/30/1899 21:00:00,"B- Serious Injury","F- Driver",21.00,"Male","K- Private Cars","T-Pedestrian's Negligence",2.00
5717,26146.00,"4- Demerara- Mahaica",351,"Bagotstown Public Rd.","East bank Demerara (from Georgetown)","-58.1794","6.7505",,,11/10/2010 0:00:00,12/30/1899 15:00:00,"D- Property Damage","F- Driver",51.00,"Male","J- Minibus;K- Private Cars","S- Driver's Negligence",2.00
5718,26147.00,"4- Demerara- Mahaica",365,"Covent Garden Public Rd.","East bank Demerara (from Georgetown)","-58.1898","6.7372",,,11/22/2010 0:00:00,12/30/1899 7:45:00,"B- Serious Injury","F- Driver",,"Male","K- Private Cars;W-Pedal Cycle","P- Speeding",2.00
5719,26148.00,"4- Demerara- Mahaica",366,"Providence Public Rd.","East bank Demerara (from Georgetown)","-58.1805","6.7587",,,11/18/2010 0:00:00,12/30/1899 18:10:00,"B- Serious Injury","F- Driver",21.00,"Male","J- Minibus;L- Lorries Van","P- Speeding",4.00
5720,26149.00,"4- Demerara- Mahaica",353,"Peter's Hall Public Rd.","East bank Demerara (from Georgetown)","-58.1698","6.7724",,,11/22/2010 0:00:00,12/30/1899 13:45:00,"C- Minor Injury","F- Driver",40.00,"Male","J- Minibus;K- Private Cars","S- Driver's Negligence",2.00
5721,26150.00,"4- Demerara- Mahaica",353,"Peter's Hall Public Rd.","East bank Demerara (from Georgetown)","-58.1698","6.7724",,,11/19/2010 0:00:00,12/30/1899 4:10:00,"D- Property Damage","F- Driver",30.00,"Male","L- Lorries Van;M- Hire Cars","S- Driver's Negligence",2.00
5722,26151.00,"4- Demerara- Mahaica",367,"Little Diamond Public Rd.","East bank Demerara (from Georgetown)","-58.1864","6.7378",,,11/23/2010 0:00:00,12/30/1899 15:00:00,"D- Property Damage","F- Driver",36.00,"Male","J- Minibus;K- Private Cars","S- Driver's Negligence",2.00
5723,26152.00,"4- Demerara- Mahaica",363,"Farm Public Rd.","East bank Demerara (from Georgetown)","-58.1881","6.7380",,,11/24/2010 0:00:00,12/30/1899 11:45:00,"C- Minor Injury","G- Rider",54.00,"Male","V-Motor Cycle","S- Driver's Negligence",2.00
5724,26153.00,"4- Demerara- Mahaica",366,"Providence Public Rd.","East bank Demerara (from Georgetown)","-58.1805","6.7587",,,11/28/2010 0:00:00,12/30/1899 16:55:00,"D- Property Damage","F- Driver",36.00,"Male","J- Minibus;K- Private Cars","S- Driver's Negligence",2.00
5725,26154.00,"4- Demerara- Mahaica",363,"Farm Public Rd.","East bank Demerara (from Georgetown)","-58.1881","6.7380",,,11/30/2010 0:00:00,12/30/1899 17:50:00,"A- Fatal","F- Driver",61.00,"Male","N- Pickup;V-Motor Cycle","Q- Alcohol",2.00
5726,26155.00,"4- Demerara- Mahaica",366,"Providence Public Rd.","East bank Demerara (from Georgetown)","-58.1805","6.7587",,,12/1/2010 0:00:00,12/30/1899 18:10:00,"D- Property Damage","F- Driver",27.00,"Male","L- Lorries Van","S- Driver's Negligence",2.00
5727,26156.00,"4- Demerara- Mahaica",351,"Bagotstown Public Rd.","East bank Demerara (from Georgetown)","-58.1794","6.7505",,,12/5/2010 0:00:00,,"D- Property Damage","F- Driver",34.00,"Male","J- Minibus","S- Driver's Negligence",2.00
5728,26157.00,"4- Demerara- Mahaica",366,"Providence Public Rd.","East bank Demerara (from Georgetown)","-58.1805","6.7587",,,12/9/2010 0:00:00,12/30/1899 18:05:00,"D- Property Damage","F- Driver",49.00,"Male","N- Pickup","Y-Animal",2.00
5729,26158.00,"4- Demerara- Mahaica",356,"Parker St. Providence","East bank Demerara (from Georgetown)","-58.1807","6.7582",,,12/9/2010 0:00:00,12/30/1899 11:00:00,"D- Property Damage","F- Driver",50.00,"Male","L- Lorries Van","Q- Alcohol;S- Driver's Negligence",1.00
5730,26159.00,"4- Demerara- Mahaica",353,"Peter's Hall Public Rd.","East bank Demerara (from Georgetown)","-58.1698","6.7724",,,12/13/2010 0:00:00,12/30/1899 8:45:00,"C- Minor Injury","E- Pedestrian",54.00,"Female","K- Private Cars","S- Driver's Negligence",2.00
5731,26160.00,"4- Demerara- Mahaica",361,"Herstelling Public Rd.","East bank Demerara (from Georgetown)","-58.1848","6.7464",,,12/22/2010 0:00:00,12/30/1899 20:15:00,"B- Serious Injury","F- Driver",31.00,"Male","K- Private Cars","T-Pedestrian's Negligence",2.00