"ID","Accident ID","Region Number","Corridor ID","Location (Intersection/Road/Street)","Corridor","Location- longitude/ X","Location- latitude/  Y","Mile Marker","Village","Date of Accident","Time of Accident","Type of Accident","Class of Road User","Age/DOB","Gender","Class of Vehicles Involved","Contributing Factor","Number of Persons Involved"
5732,26161.00,"4- Demerara- Mahaica",353,"Peter's Hall Public Rd.","East bank Demerara (from Georgetown)","-58.1698","6.7724",,,12/25/2010 0:00:00,12/30/1899 14:50:00,"C- Minor Injury","F- Driver",28.00,"Male","J- Minibus;K- Private Cars;M- Hire Cars;N- Pickup","P- Speeding",4.00
5733,26162.00,"4- Demerara- Mahaica",361,"Back St. Herstelling","East bank Demerara (from Georgetown)","-58.1887","6.7457",,,12/26/2010 0:00:00,12/30/1899 11:45:00,"C- Minor Injury","F- Driver",38.00,"Male","M- Hire Cars","S- Driver's Negligence",2.00
5734,26163.00,"4- Demerara- Mahaica",361,"Herstelling Public Rd.","East bank Demerara (from Georgetown)","-58.1848","6.7464",,,1/2/2010 0:00:00,12/30/1899 15:50:00,"D- Property Damage","F- Driver",44.00,"Male","K- Private Cars","P- Speeding",1.00
5735,26164.00,"4- Demerara- Mahaica",361,"Herstelling Public Rd.","East bank Demerara (from Georgetown)","-58.1848","6.7464",,,1/3/2011 0:00:00,12/30/1899 9:00:00,"D- Property Damage","F- Driver",41.00,"Male","K- Private Cars;M- Hire Cars","S- Driver's Negligence",2.00
5736,26165.00,"4- Demerara- Mahaica",351,"Bagotstown Public Rd.","East bank Demerara (from Georgetown)","-58.1794","6.7505",,,1/4/2011 0:00:00,12/30/1899 17:45:00,"C- Minor Injury","E- Pedestrian",23.00,"Male","K- Private Cars","S- Driver's Negligence",2.00
5737,26166.00,"4- Demerara- Mahaica",361,"Herstelling Public Rd.","East bank Demerara (from Georgetown)","-58.1848","6.7464",,,12/23/2010 0:00:00,12/30/1899 20:30:00,"C- Minor Injury","E- Pedestrian",31.00,"Male","K- Private Cars","S- Driver's Negligence",2.00
5738,26167.00,"4- Demerara- Mahaica",366,"Providence Public Rd.","East bank Demerara (from Georgetown)","-58.1805","6.7587",,,1/9/2011 0:00:00,,"D- Property Damage","F- Driver",53.00,"Male","K- Private Cars","S- Driver's Negligence",1.00
5739,26168.00,"4- Demerara- Mahaica",366,"Providence Public Rd.","East bank Demerara (from Georgetown)","-58.1805","6.7587",,,1/9/2011 0:00:00,12/30/1899 19:00:00,"D- Property Damage","F- Driver",19.00,"Male","K- Private Cars;L- Lorries Van;M- Hire Cars","P- Speeding",3.00
5740,26169.00,"4- Demerara- Mahaica",366,"Providence Public Rd.","East bank Demerara (from Georgetown)","-58.1805","6.7587",,,1/9/2011 0:00:00,12/30/1899 22:30:00,"C- Minor Injury","E- Pedestrian",26.00,"Male","K- Private Cars","S- Driver's Negligence",2.00
5741,26170.00,"4- Demerara- Mahaica",353,"Peter's Hall Public Rd.","East bank Demerara (from Georgetown)","-58.1698","6.7724",,,1/11/2011 0:00:00,12/30/1899 20:25:00,"D- Property Damage","F- Driver",25.00,"Male","K- Private Cars","S- Driver's Negligence",2.00
5742,26171.00,"4- Demerara- Mahaica",351,"Water St. Bagotstown","East bank Demerara (from Georgetown)","-58.1717","6.7789",,,1/17/2011 0:00:00,12/30/1899 23:45:00,"C- Minor Injury","E- Pedestrian",33.00,"Male","K- Private Cars","S- Driver's Negligence",2.00
5743,26172.00,"4- Demerara- Mahaica",366,"Providence Public Rd.","East bank Demerara (from Georgetown)","-58.1805","6.7587",,,1/19/2011 0:00:00,12/30/1899 13:10:00,"D- Property Damage","F- Driver",50.00,"Male","K- Private Cars","S- Driver's Negligence",2.00
5744,26173.00,"4- Demerara- Mahaica",260,"Harbour Bridge Access Rd.","West Bank Demerara River (From Vreed-en-Hoop)","-58.1791","6.7679",,,1/17/2011 0:00:00,12/30/1899 8:15:00,"C- Minor Injury","E- Pedestrian",53.00,"Female","K- Private Cars","S- Driver's Negligence",2.00
5745,26174.00,"4- Demerara- Mahaica",353,"Peter's Hall Public Rd.","East bank Demerara (from Georgetown)","-58.1698","6.7724",,,1/21/2011 0:00:00,12/30/1899 16:00:00,"C- Minor Injury","G- Rider",26.00,"Male","K- Private Cars;V-Motor Cycle","S- Driver's Negligence",2.00
5746,26175.00,"4- Demerara- Mahaica",351,"Bagotstown Public Rd.","East bank Demerara (from Georgetown)","-58.1794","6.7505",,,1/28/2011 0:00:00,12/30/1899 20:00:00,"C- Minor Injury","G- Rider",49.00,"Male","K- Private Cars;V-Motor Cycle","S- Driver's Negligence",2.00
5747,26176.00,"4- Demerara- Mahaica",349,"Eccles Public Rd.","East bank Demerara (from Georgetown)","-58.1706","6.7802",,,1/27/2011 0:00:00,12/30/1899 18:45:00,"D- Property Damage","F- Driver",32.00,"Male","K- Private Cars;L- Lorries Van","S- Driver's Negligence",2.00
5748,26177.00,"4- Demerara- Mahaica",363,"Farm Public Rd.","East bank Demerara (from Georgetown)","-58.1881","6.7380",,,1/31/2011 0:00:00,12/30/1899 0:40:00,"B- Serious Injury","G- Rider",39.00,"Male","K- Private Cars;V-Motor Cycle","U- Cyclist's Negligence",2.00
5749,26178.00,"4- Demerara- Mahaica",351,"Bagotstown Public Rd.","East bank Demerara (from Georgetown)","-58.1794","6.7505",,,4/28/2006 0:00:00,12/30/1899 19:15:00,"D- Property Damage","F- Driver",26.00,"Male","J- Minibus;K- Private Cars","P- Speeding",2.00
5750,26179.00,"4- Demerara- Mahaica",368,"Diamond Public Rd.","East bank Demerara (from Georgetown)","-58.1764","6.7061",,,4/26/2006 0:00:00,12/30/1899 16:50:00,"D- Property Damage","F- Driver",,"Male","J- Minibus","S- Driver's Negligence",2.00
5751,26180.00,"4- Demerara- Mahaica",361,"Herstelling Public Rd.","East bank Demerara (from Georgetown)","-58.1848","6.7464",,,5/1/2006 0:00:00,12/30/1899 4:45:00,"C- Minor Injury","F- Driver",50.00,"Male","J- Minibus;K- Private Cars","P- Speeding",2.00
5752,26181.00,"4- Demerara- Mahaica",367,"Little Diamond Public Rd.","East bank Demerara (from Georgetown)","-58.1864","6.7378",,,5/5/2006 0:00:00,12/30/1899 21:10:00,"B- Serious Injury","F- Driver",27.00,"Male","K- Private Cars","P- Speeding",1.00
5753,26182.00,"4- Demerara- Mahaica",361,"2nd St. Herstelling","East bank Demerara (from Georgetown)","-58.1869","6.7451",,,5/7/2006 0:00:00,12/30/1899 15:15:00,"C- Minor Injury","F- Driver",26.00,"Male","K- Private Cars;W-Pedal Cycle","P- Speeding",2.00
5754,26183.00,"4- Demerara- Mahaica",349,"Eccles Public Rd.","East bank Demerara (from Georgetown)","-58.1706","6.7802",,,5/10/2006 0:00:00,12/30/1899 13:45:00,"B- Serious Injury","F- Driver",,"Male","K- Private Cars;V-Motor Cycle","P- Speeding",2.00
5755,26184.00,"4- Demerara- Mahaica",361,"Herstelling Public Rd.","East bank Demerara (from Georgetown)","-58.1848","6.7464",,,5/13/2006 0:00:00,12/30/1899 5:30:00,"C- Minor Injury","F- Driver",23.00,"Male","K- Private Cars","S- Driver's Negligence",2.00
5756,26185.00,"4- Demerara- Mahaica",366,"Providence Public Rd.","East bank Demerara (from Georgetown)","-58.1805","6.7587",,,5/15/2006 0:00:00,12/30/1899 0:00:00,"B- Serious Injury","F- Driver",49.00,"Male","K- Private Cars","S- Driver's Negligence",2.00
5757,26186.00,"4- Demerara- Mahaica",349,"Eccles Public Rd.","East bank Demerara (from Georgetown)","-58.1706","6.7802",,,5/16/2006 0:00:00,12/30/1899 22:30:00,"D- Property Damage","F- Driver",,"Male","J- Minibus;K- Private Cars","S- Driver's Negligence",2.00
5758,26187.00,"4- Demerara- Mahaica",368,"Diamond Public Rd.","East bank Demerara (from Georgetown)","-58.1764","6.7061",,,5/19/2006 0:00:00,12/30/1899 22:00:00,"D- Property Damage","F- Driver",41.00,"Male","J- Minibus;L- Lorries Van","S- Driver's Negligence",2.00
5759,26188.00,"4- Demerara- Mahaica",361,"Herstelling Public Rd.","East bank Demerara (from Georgetown)","-58.1848","6.7464",,,5/20/2006 0:00:00,12/30/1899 7:55:00,"D- Property Damage","F- Driver",59.00,"Male","K- Private Cars;L- Lorries Van","S- Driver's Negligence",3.00
5760,26189.00,"4- Demerara- Mahaica",351,"Bagotstown Public Rd.","East bank Demerara (from Georgetown)","-58.1794","6.7505",,,5/27/2006 0:00:00,12/30/1899 1:45:00,"B- Serious Injury","F- Driver",40.00,"Male","K- Private Cars;V-Motor Cycle","S- Driver's Negligence",2.00
5761,26190.00,"4- Demerara- Mahaica",349,"Eccles Public Rd.","East bank Demerara (from Georgetown)","-58.1706","6.7802",,,5/24/2006 0:00:00,12/30/1899 14:10:00,"C- Minor Injury","F- Driver",37.00,"Male","J- Minibus;K- Private Cars","P- Speeding",3.00
5762,26191.00,"4- Demerara- Mahaica",368,"Diamond Public Rd.","East bank Demerara (from Georgetown)","-58.1764","6.7061",,,5/31/2006 0:00:00,12/30/1899 7:50:00,"B- Serious Injury","F- Driver",41.00,"Male","L- Lorries Van","T-Pedestrian's Negligence",2.00
5763,26192.00,"4- Demerara- Mahaica",349,"Eccles Public Rd.","East bank Demerara (from Georgetown)","-58.1706","6.7802",,,5/31/2006 0:00:00,12/30/1899 10:05:00,"C- Minor Injury","F- Driver",31.00,"Male","J- Minibus;M- Hire Cars;N- Pickup","P- Speeding",2.00
5764,26193.00,"4- Demerara- Mahaica",349,"Eccles Old Rd.","East bank Demerara (from Georgetown)","-58.1704","6.7808",,,6/3/2006 0:00:00,12/30/1899 1:30:00,"A- Fatal","F- Driver",46.00,"Male","K- Private Cars","P- Speeding",2.00
5765,26194.00,"4- Demerara- Mahaica",353,"Peter's Hall Public Rd.","East bank Demerara (from Georgetown)","-58.1698","6.7724",,,6/5/2006 0:00:00,12/30/1899 15:45:00,"D- Property Damage","F- Driver",29.00,"Male","K- Private Cars;L- Lorries Van","S- Driver's Negligence",2.00
5766,26195.00,"4- Demerara- Mahaica",368,"Diamond Housing Scheme","East bank Demerara (from Georgetown)","-58.1864","6.7378",,,6/7/2006 0:00:00,12/30/1899 10:10:00,"D- Property Damage","F- Driver",25.00,"Female","M- Hire Cars","O- Lost Control & Runoff",1.00
5767,26196.00,"4- Demerara- Mahaica",366,"Providence Public Rd.","East bank Demerara (from Georgetown)","-58.1805","6.7587",,,6/9/2006 0:00:00,12/30/1899 7:18:00,"C- Minor Injury","F- Driver",,"Male","J- Minibus;W-Pedal Cycle","P- Speeding",2.00
5768,26197.00,"4- Demerara- Mahaica",368,"Diamond Public Rd.","East bank Demerara (from Georgetown)","-58.1764","6.7061",,,6/15/2006 0:00:00,12/30/1899 15:30:00,"D- Property Damage","F- Driver",,"Male","K- Private Cars","P- Speeding",2.00
5769,26198.00,"4- Demerara- Mahaica",367,"Little Diamond Public Rd.","East bank Demerara (from Georgetown)","-58.1864","6.7378",,,6/17/2006 0:00:00,12/30/1899 23:15:00,"B- Serious Injury","G- Rider",34.00,"Male","V-Motor Cycle","P- Speeding",2.00
5770,26199.00,"4- Demerara- Mahaica",368,"Diamond Public Rd.","East bank Demerara (from Georgetown)","-58.1764","6.7061",,,6/18/2006 0:00:00,12/30/1899 14:00:00,"C- Minor Injury","F- Driver",33.00,"Male","K- Private Cars","S- Driver's Negligence",2.00
5771,26200.00,"4- Demerara- Mahaica",366,"Providence Public Rd.","East bank Demerara (from Georgetown)","-58.1805","6.7587",,,6/19/2006 0:00:00,12/30/1899 7:45:00,"B- Serious Injury","F- Driver",30.00,"Male","M- Hire Cars;W-Pedal Cycle","S- Driver's Negligence",2.00
5772,26201.00,"4- Demerara- Mahaica",352,"Demerara Harbour Bridge","East bank Demerara (from Georgetown)","-58.1798","6.7682",,,6/19/2006 0:00:00,12/30/1899 0:45:00,"D- Property Damage","F- Driver",34.00,"Male","L- Lorries Van","O- Lost Control & Runoff",1.00
5773,26202.00,"4- Demerara- Mahaica",349,"Eccles Public Rd.","East bank Demerara (from Georgetown)","-58.1706","6.7802",,,6/25/2006 0:00:00,12/30/1899 3:00:00,"B- Serious Injury","F- Driver",38.00,"Male","K- Private Cars;V-Motor Cycle","P- Speeding",2.00
5774,26203.00,"4- Demerara- Mahaica",363,"Farm Public Rd.","East bank Demerara (from Georgetown)","-58.1881","6.7380",,,6/29/2006 0:00:00,12/30/1899 23:00:00,"D- Property Damage","F- Driver",37.00,"Male","J- Minibus","S- Driver's Negligence",2.00
5775,26204.00,"4- Demerara- Mahaica",366,"Prospect Public Rd.","East bank Demerara (from Georgetown)","-58.1865","6.7372",,,7/3/2006 0:00:00,12/30/1899 21:00:00,"C- Minor Injury","F- Driver",52.00,"Male","V-Motor Cycle","P- Speeding",1.00
5776,26205.00,"4- Demerara- Mahaica",349,"Eccles Public Rd.","East bank Demerara (from Georgetown)","-58.1706","6.7802",,,7/12/2006 0:00:00,12/30/1899 7:30:00,"D- Property Damage","F- Driver",49.00,"Male","J- Minibus","S- Driver's Negligence",2.00
5777,26206.00,"4- Demerara- Mahaica",368,"Diamond Public Rd.","East bank Demerara (from Georgetown)","-58.1764","6.7061",,,7/15/2006 0:00:00,12/30/1899 6:30:00,"B- Serious Injury","F- Driver",36.00,"Male","N- Pickup","P- Speeding",4.00
5778,26207.00,"4- Demerara- Mahaica",366,"Providence Public Rd.","East bank Demerara (from Georgetown)","-58.1805","6.7587",,,7/15/2006 0:00:00,12/30/1899 22:20:00,"A- Fatal","F- Driver",26.00,"Male","V-Motor Cycle","P- Speeding",1.00
5779,26208.00,"4- Demerara- Mahaica",366,"Prospect Public Rd.","East bank Demerara (from Georgetown)","-58.1865","6.7372",,,7/16/2006 0:00:00,12/30/1899 20:00:00,"C- Minor Injury","F- Driver",52.00,"Male","J- Minibus;L- Lorries Van","P- Speeding",2.00
5780,26209.00,"4- Demerara- Mahaica",361,"Herstelling Public Rd.","East bank Demerara (from Georgetown)","-58.1848","6.7464",,,7/18/2006 0:00:00,12/30/1899 13:30:00,"B- Serious Injury","F- Driver",48.00,"Male","J- Minibus","S- Driver's Negligence",1.00
5781,26210.00,"4- Demerara- Mahaica",349,"Eccles Public Rd.","East bank Demerara (from Georgetown)","-58.1706","6.7802",,,7/21/2006 0:00:00,12/30/1899 19:45:00,"D- Property Damage","F- Driver",44.00,"Male","K- Private Cars","P- Speeding",2.00
5782,26211.00,"4- Demerara- Mahaica",368,"Diamond Public Rd.","East bank Demerara (from Georgetown)","-58.1764","6.7061",,,7/18/2006 0:00:00,12/30/1899 4:30:00,"D- Property Damage","F- Driver",,"Male","K- Private Cars;N- Pickup","S- Driver's Negligence",2.00
5783,26212.00,"4- Demerara- Mahaica",349,"Eccles Public Rd.","East bank Demerara (from Georgetown)","-58.1706","6.7802",,,7/27/2006 0:00:00,12/30/1899 13:30:00,"C- Minor Injury","F- Driver",69.00,"Male","L- Lorries Van;M- Hire Cars","S- Driver's Negligence",3.00
5784,26213.00,"4- Demerara- Mahaica",366,"Providence Public Rd.","East bank Demerara (from Georgetown)","-58.1805","6.7587",,,7/28/2006 0:00:00,12/30/1899 13:30:00,"D- Property Damage","F- Driver",35.00,"Male","L- Lorries Van;N- Pickup","P- Speeding",2.00
5785,26214.00,"4- Demerara- Mahaica",349,"Eccles Public Rd.","East bank Demerara (from Georgetown)","-58.1706","6.7802",,,7/29/2006 0:00:00,12/30/1899 7:30:00,"D- Property Damage","F- Driver",23.00,"Male","K- Private Cars","S- Driver's Negligence",2.00
5786,26215.00,"4- Demerara- Mahaica",349,"Eccles Public Rd.","East bank Demerara (from Georgetown)","-58.1706","6.7802",,,7/28/2006 0:00:00,12/30/1899 18:30:00,"C- Minor Injury","F- Driver",42.00,"Male","K- Private Cars;W-Pedal Cycle","P- Speeding",2.00
5787,26216.00,"4- Demerara- Mahaica",368,"Diamond Public Rd.","East bank Demerara (from Georgetown)","-58.1764","6.7061",,,8/3/2006 0:00:00,12/30/1899 12:45:00,"D- Property Damage","F- Driver",42.00,"Male","J- Minibus;L- Lorries Van","S- Driver's Negligence",2.00
5788,26217.00,"4- Demerara- Mahaica",363,"Farm Public Rd.","East bank Demerara (from Georgetown)","-58.1881","6.7380",,,8/7/2006 0:00:00,12/30/1899 19:20:00,"D- Property Damage","F- Driver",54.00,"Male","J- Minibus","Y-Animal",1.00
5789,26218.00,"4- Demerara- Mahaica",353,"Peter's Hall Public Rd.","East bank Demerara (from Georgetown)","-58.1698","6.7724",,,8/13/2006 0:00:00,12/30/1899 3:00:00,"B- Serious Injury","G- Rider",33.00,"Male","V-Motor Cycle","U- Cyclist's Negligence",1.00
5790,26219.00,"4- Demerara- Mahaica",367,"Little Diamond Public Rd.","East bank Demerara (from Georgetown)","-58.1864","6.7378",,,8/17/2006 0:00:00,12/30/1899 7:30:00,"D- Property Damage","F- Driver",62.00,"Male","J- Minibus;L- Lorries Van","S- Driver's Negligence",2.00
5791,26220.00,"4- Demerara- Mahaica",366,"Prospect Public Rd.","East bank Demerara (from Georgetown)","-58.1865","6.7372",,,8/24/2006 0:00:00,12/30/1899 20:45:00,"D- Property Damage","F- Driver",41.00,"Male","J- Minibus;L- Lorries Van","P- Speeding",2.00
5792,26221.00,"4- Demerara- Mahaica",356,"Provdence","East bank Demerara (from Georgetown)","-58.1667","6.7667",,,8/24/2006 0:00:00,12/30/1899 14:30:00,"C- Minor Injury","F- Driver",40.00,"Male","J- Minibus","S- Driver's Negligence",2.00
5793,26222.00,"4- Demerara- Mahaica",368,"Diamond Housing Scheme","East bank Demerara (from Georgetown)","-58.1864","6.7378",,,8/29/2006 0:00:00,12/30/1899 0:30:00,"C- Minor Injury","F- Driver",,"Male","M- Hire Cars;W-Pedal Cycle","P- Speeding",2.00
5794,26223.00,"4- Demerara- Mahaica",349,"Eccles Public Rd.","East bank Demerara (from Georgetown)","-58.1706","6.7802",,,8/30/2006 0:00:00,12/30/1899 9:30:00,"D- Property Damage","F- Driver",30.00,"Male","K- Private Cars;M- Hire Cars","P- Speeding",2.00
5795,26224.00,"4- Demerara- Mahaica",426,"Flambuoyant & Irena St.","East Coast Demerara Road (From Georgetown)","-58.1306","6.7865",,,8/27/2006 0:00:00,12/30/1899 14:00:00,"D- Property Damage","F- Driver",,"Male","K- Private Cars;V-Motor Cycle","P- Speeding",2.00
5796,26225.00,"4- Demerara- Mahaica",351,"Bagotstown Public Rd.","East bank Demerara (from Georgetown)","-58.1794","6.7505",,,9/4/2006 0:00:00,12/30/1899 7:30:00,"D- Property Damage","F- Driver",45.00,"Male","M- Hire Cars;V-Motor Cycle","S- Driver's Negligence",2.00
5797,26226.00,"4- Demerara- Mahaica",368,"Diamond Public Rd.","East bank Demerara (from Georgetown)","-58.1764","6.7061",,,9/4/2006 0:00:00,,"C- Minor Injury","F- Driver",24.00,"Male","J- Minibus;N- Pickup","S- Driver's Negligence",2.00
5798,26227.00,"4- Demerara- Mahaica",368,"Diamond Public Rd.","East bank Demerara (from Georgetown)","-58.1764","6.7061",,,9/5/2006 0:00:00,,"A- Fatal","E- Pedestrian",32.00,"Male","J- Minibus","T-Pedestrian's Negligence",2.00
5799,26228.00,"4- Demerara- Mahaica",349,"Eccles Public Rd.","East bank Demerara (from Georgetown)","-58.1706","6.7802",,,9/6/2006 0:00:00,12/30/1899 19:00:00,"D- Property Damage","F- Driver",43.00,"Male","J- Minibus;N- Pickup","S- Driver's Negligence",2.00
5800,26229.00,"4- Demerara- Mahaica",349,"Eccles Public Rd.","East bank Demerara (from Georgetown)","-58.1706","6.7802",,,9/8/2006 0:00:00,12/30/1899 19:00:00,"D- Property Damage","F- Driver",,"Male","J- Minibus;N- Pickup","S- Driver's Negligence",2.00
5801,26230.00,"4- Demerara- Mahaica",368,"Diamond Housing Scheme","East bank Demerara (from Georgetown)","-58.1864","6.7378",,,9/9/2006 0:00:00,12/30/1899 22:15:00,"D- Property Damage","F- Driver",33.00,"Male","N- Pickup","S- Driver's Negligence",2.00
5802,26231.00,"4- Demerara- Mahaica",368,"Diamond Public Rd.","East bank Demerara (from Georgetown)","-58.1764","6.7061",,,9/14/2006 0:00:00,12/30/1899 13:30:00,"C- Minor Injury","F- Driver",37.00,"Male","J- Minibus;M- Hire Cars","S- Driver's Negligence",2.00
5803,26232.00,"4- Demerara- Mahaica",366,"Providence Public Rd.","East bank Demerara (from Georgetown)","-58.1805","6.7587",,,9/18/2006 0:00:00,12/30/1899 7:20:00,"C- Minor Injury","F- Driver",49.00,"Male","M- Hire Cars;W-Pedal Cycle","S- Driver's Negligence",2.00
5804,26233.00,"4- Demerara- Mahaica",368,"Diamond Public Rd.","East bank Demerara (from Georgetown)","-58.1764","6.7061",,,9/20/2006 0:00:00,12/30/1899 9:15:00,"D- Property Damage","E- Pedestrian",58.00,"Male","J- Minibus;M- Hire Cars","S- Driver's Negligence",2.00
5805,26234.00,"4- Demerara- Mahaica",353,"Peter's Hall Public Rd.","East bank Demerara (from Georgetown)","-58.1698","6.7724",,,9/25/2006 0:00:00,12/30/1899 22:45:00,"B- Serious Injury","E- Pedestrian",34.00,"Male","K- Private Cars","T-Pedestrian's Negligence",2.00
5806,26235.00,"4- Demerara- Mahaica",353,"Peter's Hall Public Rd.","East bank Demerara (from Georgetown)","-58.1698","6.7724",,,9/25/2006 0:00:00,12/30/1899 11:30:00,"B- Serious Injury","E- Pedestrian",52.00,"Male","L- Lorries Van","S- Driver's Negligence",2.00
5807,26236.00,"4- Demerara- Mahaica",361,"Herstelling Public Rd.","East bank Demerara (from Georgetown)","-58.1848","6.7464",,,9/26/2006 0:00:00,12/30/1899 12:06:00,"B- Serious Injury","G- Rider",22.00,"Male","V-Motor Cycle","U- Cyclist's Negligence",2.00
5808,26237.00,"4- Demerara- Mahaica",352,"Demerara Harbour Bridge","East bank Demerara (from Georgetown)","-58.1798","6.7682",,,9/17/2006 0:00:00,12/30/1899 10:00:00,"D- Property Damage","F- Driver",48.00,"Male","K- Private Cars","S- Driver's Negligence",2.00
5809,26238.00,"4- Demerara- Mahaica",351,"Bagotstown Public Rd.","East bank Demerara (from Georgetown)","-58.1794","6.7505",,,9/29/2006 0:00:00,12/30/1899 7:48:00,"D- Property Damage","F- Driver",29.00,"Male","J- Minibus;K- Private Cars","S- Driver's Negligence",2.00
5810,26239.00,"4- Demerara- Mahaica",368,"Diamond Public Rd.","East bank Demerara (from Georgetown)","-58.1764","6.7061",,,10/1/2006 0:00:00,12/30/1899 5:30:00,"A- Fatal","F- Driver",20.00,"Male","N- Pickup;W-Pedal Cycle","P- Speeding",2.00
5811,26240.00,"4- Demerara- Mahaica",351,"Bagotstown Public Rd.","East bank Demerara (from Georgetown)","-58.1794","6.7505",,,10/8/2006 0:00:00,12/30/1899 17:00:00,"D- Property Damage","F- Driver",67.00,"Male","K- Private Cars;N- Pickup","S- Driver's Negligence",2.00
5812,26241.00,"4- Demerara- Mahaica",366,"Providence Public Rd.","East bank Demerara (from Georgetown)","-58.1805","6.7587",,,10/9/2006 0:00:00,12/30/1899 10:55:00,"D- Property Damage","F- Driver",46.00,"Male","J- Minibus;K- Private Cars","S- Driver's Negligence",2.00
5813,26242.00,"4- Demerara- Mahaica",368,"Diamond Public Rd.","East bank Demerara (from Georgetown)","-58.1764","6.7061",,,10/21/2006 0:00:00,12/30/1899 7:20:00,"B- Serious Injury","E- Pedestrian",38.00,"Male","N- Pickup","T-Pedestrian's Negligence",2.00
5814,26243.00,"4- Demerara- Mahaica",353,"Peter's Hall Public Rd.","East bank Demerara (from Georgetown)","-58.1698","6.7724",,,10/19/2006 0:00:00,12/30/1899 16:38:00,"D- Property Damage","F- Driver",44.00,"Male","J- Minibus","S- Driver's Negligence",2.00
5815,26244.00,"4- Demerara- Mahaica",353,"Peter's Hall Public Rd.","East bank Demerara (from Georgetown)","-58.1698","6.7724",,,10/19/2006 0:00:00,12/30/1899 21:30:00,"D- Property Damage","F- Driver",23.00,"Male","K- Private Cars;V-Motor Cycle","S- Driver's Negligence",2.00
5816,26245.00,"4- Demerara- Mahaica",361,"Herstelling Public Rd.","East bank Demerara (from Georgetown)","-58.1848","6.7464",,,10/21/2006 0:00:00,12/30/1899 3:30:00,"A- Fatal","F- Driver",26.00,"Male","K- Private Cars;L- Lorries Van","S- Driver's Negligence",2.00
5817,26246.00,"4- Demerara- Mahaica",366,"Providence Public Rd.","East bank Demerara (from Georgetown)","-58.1805","6.7587",,,10/20/2006 0:00:00,12/30/1899 8:30:00,"D- Property Damage","F- Driver",80.00,"Male","J- Minibus;K- Private Cars","S- Driver's Negligence",2.00
5818,26247.00,"4- Demerara- Mahaica",349,"Eccles Housing Scheme","East bank Demerara (from Georgetown)","-58.1696","6.7737",,,10/22/2006 0:00:00,12/30/1899 6:00:00,"C- Minor Injury","F- Driver",26.00,"Male","M- Hire Cars;W-Pedal Cycle","P- Speeding",2.00
5819,26248.00,"4- Demerara- Mahaica",353,"Peter's Hall Public Rd.","East bank Demerara (from Georgetown)","-58.1698","6.7724",,,10/22/2006 0:00:00,12/30/1899 16:45:00,"D- Property Damage","F- Driver",37.00,"Male","K- Private Cars;V-Motor Cycle","U- Cyclist's Negligence",2.00
5820,26249.00,"4- Demerara- Mahaica",361,"Herstelling Public Rd.","East bank Demerara (from Georgetown)","-58.1848","6.7464",,,10/23/2006 0:00:00,12/30/1899 15:45:00,"B- Serious Injury","F- Driver",20.00,"Female","K- Private Cars;L- Lorries Van;W-Pedal Cycle","S- Driver's Negligence",3.00
5821,26250.00,"4- Demerara- Mahaica",349,"Eccles Public Rd.","East bank Demerara (from Georgetown)","-58.1706","6.7802",,,10/25/2006 0:00:00,12/30/1899 9:30:00,"B- Serious Injury","E- Pedestrian",,"Male","L- Lorries Van","S- Driver's Negligence",2.00
5822,26251.00,"4- Demerara- Mahaica",368,"Diamond Public Rd.","East bank Demerara (from Georgetown)","-58.1764","6.7061",,,10/26/2006 0:00:00,,"D- Property Damage","F- Driver",28.00,"Male","J- Minibus;K- Private Cars","S- Driver's Negligence",2.00
5823,26252.00,"4- Demerara- Mahaica",368,"Diamond Housing Scheme","East bank Demerara (from Georgetown)","-58.1864","6.7378",,,10/28/2006 0:00:00,12/30/1899 15:30:00,"A- Fatal","F- Driver",54.00,"Male","K- Private Cars;W-Pedal Cycle","S- Driver's Negligence",2.00
5824,26253.00,"4- Demerara- Mahaica",367,"Little Diamond Public Rd.","East bank Demerara (from Georgetown)","-58.1864","6.7378",,,10/29/2006 0:00:00,,"D- Property Damage","F- Driver",37.00,"Male","J- Minibus;L- Lorries Van;M- Hire Cars","S- Driver's Negligence",3.00
5825,26254.00,"4- Demerara- Mahaica",368,"Diamond Public Rd.","East bank Demerara (from Georgetown)","-58.1764","6.7061",,,10/29/2006 0:00:00,12/30/1899 9:30:00,"D- Property Damage","F- Driver",51.00,"Male","K- Private Cars","S- Driver's Negligence",2.00
5826,26255.00,"4- Demerara- Mahaica",366,"Providence Public Rd.","East bank Demerara (from Georgetown)","-58.1805","6.7587",,,11/29/2006 0:00:00,12/30/1899 22:30:00,"C- Minor Injury","F- Driver",30.00,"Male","J- Minibus;M- Hire Cars","P- Speeding",2.00