"ID","Accident ID","Region Number","Corridor ID","Location (Intersection/Road/Street)","Corridor","Location- longitude/ X","Location- latitude/  Y","Mile Marker","Village","Date of Accident","Time of Accident","Type of Accident","Class of Road User","Age/DOB","Gender","Class of Vehicles Involved","Contributing Factor","Number of Persons Involved"
5827,26256.00,"4- Demerara- Mahaica",365,"Covent Garden Public Rd.","East bank Demerara (from Georgetown)","-58.1898","6.7372",,,11/11/2006 0:00:00,12/30/1899 16:15:00,"A- Fatal","G- Rider",48.00,"Male","V-Motor Cycle","P- Speeding",2.00
5828,26257.00,"4- Demerara- Mahaica",368,"Diamond Public Rd.","East bank Demerara (from Georgetown)","-58.1764","6.7061",,,11/13/2006 0:00:00,12/30/1899 7:30:00,"D- Property Damage","F- Driver",39.00,,"J- Minibus;L- Lorries Van","S- Driver's Negligence",2.00
5829,26258.00,"4- Demerara- Mahaica",361,"Herstelling Public Rd.","East bank Demerara (from Georgetown)","-58.1848","6.7464",,,11/13/2006 0:00:00,12/30/1899 9:15:00,"D- Property Damage","F- Driver",,"Male","J- Minibus;K- Private Cars","S- Driver's Negligence",2.00
5830,26259.00,"4- Demerara- Mahaica",349,"Eccles Public Rd.","East bank Demerara (from Georgetown)","-58.1706","6.7802",,,11/13/2006 0:00:00,12/30/1899 10:45:00,"D- Property Damage","F- Driver",24.00,"Male","J- Minibus;N- Pickup","P- Speeding",2.00
5831,26260.00,"4- Demerara- Mahaica",368,"Diamond Public Rd.","East bank Demerara (from Georgetown)","-58.1764","6.7061",,,11/16/2006 0:00:00,12/30/1899 13:30:00,"A- Fatal","F- Driver",49.00,"Male","L- Lorries Van;N- Pickup","S- Driver's Negligence",2.00
5832,26261.00,"4- Demerara- Mahaica",366,"Providence Public Rd.","East bank Demerara (from Georgetown)","-58.1805","6.7587",,,11/19/2006 0:00:00,12/30/1899 3:00:00,"C- Minor Injury","F- Driver",,"Male","K- Private Cars","S- Driver's Negligence",2.00
5833,26262.00,"4- Demerara- Mahaica",361,"Herstelling Public Rd.","East bank Demerara (from Georgetown)","-58.1848","6.7464",,,11/16/2006 0:00:00,12/30/1899 21:30:00,"D- Property Damage","F- Driver",48.00,"Female","L- Lorries Van","S- Driver's Negligence",2.00
5834,26263.00,"4- Demerara- Mahaica",368,"Diamond Housing Scheme","East bank Demerara (from Georgetown)","-58.1864","6.7378",,,11/21/2006 0:00:00,12/30/1899 17:45:00,"D- Property Damage","F- Driver",43.00,"Female","K- Private Cars;L- Lorries Van","S- Driver's Negligence",2.00
5835,26264.00,"4- Demerara- Mahaica",353,"Peter's Hall Public Rd.","East bank Demerara (from Georgetown)","-58.1698","6.7724",,,11/24/2006 0:00:00,12/30/1899 12:40:00,"A- Fatal","E- Pedestrian",37.00,"Male","L- Lorries Van","S- Driver's Negligence",2.00
5836,26265.00,"4- Demerara- Mahaica",352,"Demerara Harbour Bridge","East bank Demerara (from Georgetown)","-58.1798","6.7682",,,11/26/2006 0:00:00,,"D- Property Damage","F- Driver",36.00,"Male","K- Private Cars;N- Pickup","P- Speeding",2.00
5837,26266.00,"4- Demerara- Mahaica",366,"Providence Public Rd.","East bank Demerara (from Georgetown)","-58.1805","6.7587",,,11/30/2006 0:00:00,12/30/1899 9:45:00,"C- Minor Injury","F- Driver",25.00,"Female","V-Motor Cycle;W-Pedal Cycle","S- Driver's Negligence",2.00
5838,26267.00,"4- Demerara- Mahaica",349,"Eccles Public Rd.","East bank Demerara (from Georgetown)","-58.1706","6.7802",,,12/2/2006 0:00:00,12/30/1899 19:15:00,"B- Serious Injury","F- Driver",36.00,"Female","L- Lorries Van","S- Driver's Negligence",4.00
5839,26268.00,"4- Demerara- Mahaica",368,"Diamond Public Rd.","East bank Demerara (from Georgetown)","-58.1764","6.7061",,,12/4/2006 0:00:00,12/30/1899 3:30:00,"D- Property Damage","F- Driver",58.00,"Female","J- Minibus;K- Private Cars","S- Driver's Negligence",2.00
5840,26269.00,"4- Demerara- Mahaica",367,"Little Diamond Public Rd.","East bank Demerara (from Georgetown)","-58.1864","6.7378",,,12/16/2006 0:00:00,12/30/1899 3:00:00,"B- Serious Injury","F- Driver",,"Male","K- Private Cars","P- Speeding",1.00
5841,26270.00,"4- Demerara- Mahaica",366,"Providence Public Rd.","East bank Demerara (from Georgetown)","-58.1805","6.7587",,,12/17/2006 0:00:00,,"D- Property Damage","F- Driver",,"Male","J- Minibus;K- Private Cars","P- Speeding",2.00
5842,26271.00,"4- Demerara- Mahaica",368,"Diamond Public Rd.","East bank Demerara (from Georgetown)","-58.1764","6.7061",,,12/16/2006 0:00:00,12/30/1899 18:15:00,"D- Property Damage","F- Driver",34.00,"Male","J- Minibus;L- Lorries Van","S- Driver's Negligence",2.00
5843,26272.00,"4- Demerara- Mahaica",426,"Flambuoyant St.","East Coast Demerara Road (From Georgetown)","-58.1869","6.7412",,,12/20/2006 0:00:00,12/30/1899 10:30:00,"C- Minor Injury","F- Driver",37.00,"Male","K- Private Cars;W-Pedal Cycle","P- Speeding",2.00
5844,26273.00,"4- Demerara- Mahaica",361,"Herstelling Public Rd.","East bank Demerara (from Georgetown)","-58.1848","6.7464",,,12/1/2006 0:00:00,,"B- Serious Injury","E- Pedestrian",31.00,"Male","K- Private Cars","S- Driver's Negligence",2.00
5845,26274.00,"4- Demerara- Mahaica",349,"Eccles Public Rd.","East bank Demerara (from Georgetown)","-58.1706","6.7802",,,12/21/2006 0:00:00,12/30/1899 16:00:00,"D- Property Damage","F- Driver",33.00,"Male","M- Hire Cars;N- Pickup","S- Driver's Negligence",2.00
5846,26275.00,"4- Demerara- Mahaica",349,"Eccles Housing Scheme","East bank Demerara (from Georgetown)","-58.1696","6.7737",,,12/23/2006 0:00:00,12/30/1899 13:30:00,"D- Property Damage","F- Driver",28.00,"Male","L- Lorries Van","S- Driver's Negligence",2.00
5847,26276.00,"4- Demerara- Mahaica",367,"Little Diamond Public Rd.","East bank Demerara (from Georgetown)","-58.1864","6.7378",,,1/10/2007 0:00:00,12/30/1899 19:10:00,"D- Property Damage","F- Driver",,"Male","K- Private Cars;L- Lorries Van","S- Driver's Negligence",2.00
5848,26277.00,"4- Demerara- Mahaica",368,"Diamond Public Rd.","East bank Demerara (from Georgetown)","-58.1764","6.7061",,,1/17/2007 0:00:00,12/30/1899 11:45:00,"A- Fatal","E- Pedestrian",41.00,"Male","L- Lorries Van","T-Pedestrian's Negligence",2.00
5849,26278.00,"4- Demerara- Mahaica",366,"Providence Public Rd.","East bank Demerara (from Georgetown)","-58.1805","6.7587",,,1/19/2007 0:00:00,12/30/1899 0:20:00,"C- Minor Injury","E- Pedestrian",38.00,"Male","N- Pickup","S- Driver's Negligence",2.00
5850,26279.00,"4- Demerara- Mahaica",366,"Providence Public Rd.","East bank Demerara (from Georgetown)","-58.1805","6.7587",,,1/22/2007 0:00:00,12/30/1899 11:15:00,"B- Serious Injury","E- Pedestrian",55.00,"Male","L- Lorries Van","T-Pedestrian's Negligence",2.00
5851,26280.00,"4- Demerara- Mahaica",361,"Herstelling Public Rd.","East bank Demerara (from Georgetown)","-58.1848","6.7464",,,1/26/2007 0:00:00,12/30/1899 21:20:00,"B- Serious Injury","F- Driver",,"Male","J- Minibus;V-Motor Cycle","P- Speeding",2.00
5852,26281.00,"4- Demerara- Mahaica",353,"Peter's Hall Public Rd.","East bank Demerara (from Georgetown)","-58.1698","6.7724",,,1/27/2007 0:00:00,12/30/1899 7:30:00,"C- Minor Injury","F- Driver",36.00,"Male","L- Lorries Van;W-Pedal Cycle","S- Driver's Negligence",2.00
5853,26282.00,"4- Demerara- Mahaica",361,"Herstelling Public Rd.","East bank Demerara (from Georgetown)","-58.1848","6.7464",,,2/26/2007 0:00:00,,"C- Minor Injury","E- Pedestrian",33.00,,"L- Lorries Van","S- Driver's Negligence",2.00
5854,26283.00,"4- Demerara- Mahaica",367,"Little Diamond Public Rd.","East bank Demerara (from Georgetown)","-58.1864","6.7378",,,2/4/2007 0:00:00,12/30/1899 18:42:00,"B- Serious Injury","F- Driver",60.00,"Male","K- Private Cars;L- Lorries Van","S- Driver's Negligence",2.00
5855,26284.00,"4- Demerara- Mahaica",366,"Providence Public Rd.","East bank Demerara (from Georgetown)","-58.1805","6.7587",,,2/4/2007 0:00:00,,"D- Property Damage","F- Driver",41.00,"Male","J- Minibus","S- Driver's Negligence",2.00
5856,26285.00,"4- Demerara- Mahaica",349,"Eccles Public Rd.","East bank Demerara (from Georgetown)","-58.1706","6.7802",,,1/27/2007 0:00:00,12/30/1899 19:00:00,"C- Minor Injury","F- Driver",43.00,"Male","K- Private Cars;V-Motor Cycle","U- Cyclist's Negligence",2.00
5857,26286.00,"4- Demerara- Mahaica",352,"Demerara Harbour Bridge","East bank Demerara (from Georgetown)","-58.1798","6.7682",,,2/26/2007 0:00:00,12/30/1899 21:45:00,"A- Fatal","F- Driver",44.00,,"K- Private Cars;V-Motor Cycle","S- Driver's Negligence",2.00
5858,26287.00,"4- Demerara- Mahaica",260,"Harbour Bridge Access Rd.","West Bank Demerara River (From Vreed-en-Hoop)","-58.1791","6.7679",,,2/16/2007 0:00:00,,"D- Property Damage","F- Driver",28.00,"Male","N- Pickup","S- Driver's Negligence",2.00
5859,26288.00,"4- Demerara- Mahaica",349,"Eccles Public Rd.","East bank Demerara (from Georgetown)","-58.1706","6.7802",,,2/18/2007 0:00:00,12/30/1899 10:00:00,"C- Minor Injury","F- Driver",24.00,"Male","N- Pickup;V-Motor Cycle","S- Driver's Negligence",2.00
5860,26289.00,"4- Demerara- Mahaica",349,"Eccles Public Rd.","East bank Demerara (from Georgetown)","-58.1706","6.7802",,,2/24/2007 0:00:00,12/30/1899 20:30:00,"C- Minor Injury","F- Driver",37.00,"Male","K- Private Cars;V-Motor Cycle","S- Driver's Negligence",2.00
5861,26290.00,"4- Demerara- Mahaica",349,"Eccles Public Rd.","East bank Demerara (from Georgetown)","-58.1706","6.7802",,,3/2/2007 0:00:00,12/30/1899 17:30:00,"C- Minor Injury","F- Driver",37.00,"Male","K- Private Cars;V-Motor Cycle","S- Driver's Negligence",2.00
5862,26291.00,"4- Demerara- Mahaica",349,"Eccles Public Rd.","East bank Demerara (from Georgetown)","-58.1706","6.7802",,,3/7/2007 0:00:00,,"D- Property Damage","F- Driver",38.00,"Male","K- Private Cars;L- Lorries Van","S- Driver's Negligence",2.00
5863,26292.00,"4- Demerara- Mahaica",349,"Eccles Public Rd.","East bank Demerara (from Georgetown)","-58.1706","6.7802",,,3/7/2007 0:00:00,,"D- Property Damage","F- Driver",32.00,"Male","K- Private Cars","S- Driver's Negligence",2.00
5864,26293.00,"4- Demerara- Mahaica",349,"Eccles Public Rd.","East bank Demerara (from Georgetown)","-58.1706","6.7802",,,3/10/2007 0:00:00,12/30/1899 7:30:00,"B- Serious Injury","F- Driver",,"Male","J- Minibus;L- Lorries Van","P- Speeding",2.00
5865,26294.00,"4- Demerara- Mahaica",365,"Covent Garden Public Rd.","East bank Demerara (from Georgetown)","-58.1898","6.7372",,,3/10/2007 0:00:00,12/30/1899 21:40:00,"C- Minor Injury","F- Driver",42.00,"Male","J- Minibus;V-Motor Cycle","P- Speeding",2.00
5866,26295.00,"4- Demerara- Mahaica",351,"Bagotstown Public Rd.","East bank Demerara (from Georgetown)","-58.1794","6.7505",,,3/12/2007 0:00:00,12/30/1899 21:30:00,"D- Property Damage","F- Driver",27.00,"Male","K- Private Cars;M- Hire Cars","S- Driver's Negligence",2.00
5867,26296.00,"4- Demerara- Mahaica",353,"Peter's Hall Public Rd.","East bank Demerara (from Georgetown)","-58.1698","6.7724",,,3/15/2007 0:00:00,,"C- Minor Injury","F- Driver",22.00,"Male","K- Private Cars;V-Motor Cycle","S- Driver's Negligence",2.00
5868,26297.00,"4- Demerara- Mahaica",349,"Eccles Public Rd.","East bank Demerara (from Georgetown)","-58.1706","6.7802",,,2/18/2007 0:00:00,12/30/1899 14:30:00,"C- Minor Injury","E- Pedestrian",27.00,"Male","M- Hire Cars","S- Driver's Negligence",2.00
5869,26298.00,"4- Demerara- Mahaica",349,"Eccles Public Rd.","East bank Demerara (from Georgetown)","-58.1706","6.7802",,,3/17/2007 0:00:00,,"C- Minor Injury","F- Driver",35.00,"Male","M- Hire Cars","P- Speeding",2.00
5870,26299.00,"4- Demerara- Mahaica",366,"Providence Public Rd.","East bank Demerara (from Georgetown)","-58.1805","6.7587",,,3/20/2007 0:00:00,,"D- Property Damage","F- Driver",47.00,"Male","K- Private Cars;L- Lorries Van","S- Driver's Negligence",2.00
5871,26300.00,"4- Demerara- Mahaica",366,"Providence Public Rd.","East bank Demerara (from Georgetown)","-58.1805","6.7587",,,3/30/2007 0:00:00,,"D- Property Damage","F- Driver",,"Male","J- Minibus;K- Private Cars","S- Driver's Negligence",2.00
5872,26301.00,"4- Demerara- Mahaica",353,"Peter's Hall Public Rd.","East bank Demerara (from Georgetown)","-58.1698","6.7724",,,4/21/2007 0:00:00,12/30/1899 21:30:00,"D- Property Damage","F- Driver",26.00,"Male","K- Private Cars;V-Motor Cycle","S- Driver's Negligence",2.00
5873,26302.00,"4- Demerara- Mahaica",366,"Providence Public Rd.","East bank Demerara (from Georgetown)","-58.1805","6.7587",,,4/26/2007 0:00:00,,"D- Property Damage","F- Driver",31.00,"Male","J- Minibus;X-Tractor","S- Driver's Negligence",2.00
5874,26303.00,"4- Demerara- Mahaica",353,"Peter's Hall Public Rd.","East bank Demerara (from Georgetown)","-58.1698","6.7724",,,5/8/2007 0:00:00,12/30/1899 18:00:00,"B- Serious Injury","E- Pedestrian",37.00,"Male","L- Lorries Van","P- Speeding",2.00
5875,26304.00,"4- Demerara- Mahaica",349,"Eccles Public Rd.","East bank Demerara (from Georgetown)","-58.1706","6.7802",,,4/4/2007 0:00:00,12/30/1899 6:55:00,"D- Property Damage","F- Driver",,"Male","K- Private Cars;L- Lorries Van","S- Driver's Negligence",2.00
5876,26305.00,"4- Demerara- Mahaica",353,"Peter's Hall Public Rd.","East bank Demerara (from Georgetown)","-58.1698","6.7724",,,5/10/2007 0:00:00,12/30/1899 14:35:00,"C- Minor Injury","F- Driver",,"Male","J- Minibus;L- Lorries Van","S- Driver's Negligence",2.00
5877,26306.00,"4- Demerara- Mahaica",361,"Herstelling Public Rd.","East bank Demerara (from Georgetown)","-58.1848","6.7464",,,5/14/2007 0:00:00,12/30/1899 7:30:00,"C- Minor Injury","F- Driver",35.00,"Male","L- Lorries Van","S- Driver's Negligence",2.00
5878,26307.00,"4- Demerara- Mahaica",366,"Prospect Public Rd.","East bank Demerara (from Georgetown)","-58.1865","6.7372",,,5/17/2007 0:00:00,12/30/1899 15:40:00,"D- Property Damage","F- Driver",45.00,"Male","M- Hire Cars","Y-Animal",2.00
5879,26308.00,"4- Demerara- Mahaica",349,"Eccles Public Rd.","East bank Demerara (from Georgetown)","-58.1706","6.7802",,,5/22/2007 0:00:00,12/30/1899 8:10:00,"C- Minor Injury","F- Driver",,,"K- Private Cars;V-Motor Cycle","S- Driver's Negligence",2.00
5880,26309.00,"4- Demerara- Mahaica",426,"Flambuoyant St.","East Coast Demerara Road (From Georgetown)","-58.1869","6.7412",,,5/27/2007 0:00:00,12/30/1899 6:55:00,"D- Property Damage","F- Driver",45.00,"Male","J- Minibus","S- Driver's Negligence",2.00
5881,26310.00,"4- Demerara- Mahaica",366,"Prospect Public Rd.","East bank Demerara (from Georgetown)","-58.1865","6.7372",,,6/5/2007 0:00:00,12/30/1899 20:30:00,"C- Minor Injury","F- Driver",45.00,"Male","K- Private Cars;V-Motor Cycle","P- Speeding",2.00
5882,26311.00,"4- Demerara- Mahaica",353,"Peter's Hall Public Rd.","East bank Demerara (from Georgetown)","-58.1698","6.7724",,,6/8/2007 0:00:00,12/30/1899 12:18:00,"D- Property Damage","F- Driver",34.00,"Male","K- Private Cars;L- Lorries Van","S- Driver's Negligence",2.00
5883,26312.00,"4- Demerara- Mahaica",349,"Eccles Public Rd.","East bank Demerara (from Georgetown)","-58.1706","6.7802",,,7/15/2003 0:00:00,12/30/1899 17:45:00,"C- Minor Injury","F- Driver",25.00,"Male","J- Minibus;M- Hire Cars","S- Driver's Negligence",2.00
5884,26313.00,"4- Demerara- Mahaica",365,"Covent Garden Public Rd.","East bank Demerara (from Georgetown)","-58.1898","6.7372",,,7/16/2003 0:00:00,12/30/1899 3:30:00,"C- Minor Injury","F- Driver",29.00,"Male","M- Hire Cars","S- Driver's Negligence",2.00
5885,26314.00,"4- Demerara- Mahaica",349,"Eccles Public Rd.","East bank Demerara (from Georgetown)","-58.1706","6.7802",,,7/16/2003 0:00:00,12/30/1899 8:10:00,"D- Property Damage","F- Driver",42.00,"Male","K- Private Cars;M- Hire Cars","P- Speeding",2.00
5886,26315.00,"4- Demerara- Mahaica",368,"Diamond Public Rd.","East bank Demerara (from Georgetown)","-58.1764","6.7061",,,7/20/2003 0:00:00,12/30/1899 18:00:00,"C- Minor Injury","F- Driver",45.00,"Male","K- Private Cars;L- Lorries Van","S- Driver's Negligence",2.00
5887,26316.00,"4- Demerara- Mahaica",353,"Peter's Hall Public Rd.","East bank Demerara (from Georgetown)","-58.1698","6.7724",,,8/10/2003 0:00:00,12/30/1899 19:30:00,"D- Property Damage","F- Driver",,"Male","M- Hire Cars","S- Driver's Negligence",1.00
5888,26317.00,"4- Demerara- Mahaica",363,"Farm Public Rd.","East bank Demerara (from Georgetown)","-58.1881","6.7380",,,8/12/2003 0:00:00,12/30/1899 13:50:00,"D- Property Damage","F- Driver",,"Male","K- Private Cars;L- Lorries Van","S- Driver's Negligence",2.00
5889,26318.00,"4- Demerara- Mahaica",260,"Harbour Bridge Access Rd.","West Bank Demerara River (From Vreed-en-Hoop)","-58.1791","6.7679",,,8/15/2003 0:00:00,12/30/1899 15:10:00,"D- Property Damage","F- Driver",,"Male","J- Minibus;K- Private Cars","S- Driver's Negligence",2.00
5890,26319.00,"4- Demerara- Mahaica",351,"Bagotstown Public Rd.","East bank Demerara (from Georgetown)","-58.1794","6.7505",,,8/14/2003 0:00:00,12/30/1899 13:00:00,"C- Minor Injury","G- Rider",48.00,"Male","M- Hire Cars;V-Motor Cycle","U- Cyclist's Negligence",2.00
5891,26320.00,"4- Demerara- Mahaica",366,"Providence Public Rd.","East bank Demerara (from Georgetown)","-58.1805","6.7587",,,8/20/2003 0:00:00,12/30/1899 15:15:00,"D- Property Damage","F- Driver",30.00,"Female","J- Minibus;K- Private Cars","S- Driver's Negligence",2.00
5892,26321.00,"4- Demerara- Mahaica",349,"Eccles Public Rd.","East bank Demerara (from Georgetown)","-58.1706","6.7802",,,8/20/2003 0:00:00,12/30/1899 15:50:00,"B- Serious Injury","G- Rider",27.00,"Male","K- Private Cars;V-Motor Cycle","S- Driver's Negligence",2.00
5893,26322.00,"4- Demerara- Mahaica",367,"Little Diamond Public Rd.","East bank Demerara (from Georgetown)","-58.1864","6.7378",,,8/15/2003 0:00:00,12/30/1899 7:35:00,"C- Minor Injury","F- Driver",,"Male","J- Minibus;L- Lorries Van","S- Driver's Negligence",2.00
5894,26323.00,"4- Demerara- Mahaica",363,"Farm Public Rd.","East bank Demerara (from Georgetown)","-58.1881","6.7380",,,8/25/2003 0:00:00,12/30/1899 13:00:00,"C- Minor Injury","F- Driver",39.00,"Male","J- Minibus","S- Driver's Negligence",2.00
5895,26324.00,"4- Demerara- Mahaica",349,"Eccles Public Rd.","East bank Demerara (from Georgetown)","-58.1706","6.7802",,,8/25/2003 0:00:00,12/30/1899 10:00:00,"D- Property Damage","F- Driver",31.00,"Male","K- Private Cars","S- Driver's Negligence",2.00
5896,26325.00,"4- Demerara- Mahaica",363,"Farm Public Rd.","East bank Demerara (from Georgetown)","-58.1881","6.7380",,,8/24/2003 0:00:00,12/30/1899 2:10:00,"B- Serious Injury","F- Driver",332.00,"Male","K- Private Cars","S- Driver's Negligence",2.00
5897,26326.00,"4- Demerara- Mahaica",361,"Herstelling Public Rd.","East bank Demerara (from Georgetown)","-58.1848","6.7464",,,8/30/2003 0:00:00,12/30/1899 12:20:00,"D- Property Damage","F- Driver",35.00,"Male","J- Minibus;M- Hire Cars","S- Driver's Negligence",2.00
5898,26327.00,"4- Demerara- Mahaica",353,"Peter's Hall Public Rd.","East bank Demerara (from Georgetown)","-58.1698","6.7724",,,9/5/2003 0:00:00,12/30/1899 8:00:00,"D- Property Damage","G- Rider",47.00,"Male","N- Pickup;V-Motor Cycle","S- Driver's Negligence",2.00
5899,26328.00,"4- Demerara- Mahaica",368,"Diamond Public Rd.","East bank Demerara (from Georgetown)","-58.1764","6.7061",,,9/8/2003 0:00:00,,"A- Fatal","F- Driver",33.00,"Male","K- Private Cars","S- Driver's Negligence",1.00
5900,26329.00,"4- Demerara- Mahaica",363,"Farm Public Rd.","East bank Demerara (from Georgetown)","-58.1881","6.7380",,,9/9/2003 0:00:00,12/30/1899 8:00:00,"D- Property Damage","F- Driver",33.00,"Male","J- Minibus","S- Driver's Negligence",1.00
5901,26330.00,"4- Demerara- Mahaica",349,"Eccles Public Rd.","East bank Demerara (from Georgetown)","-58.1706","6.7802",,,9/16/2003 0:00:00,12/30/1899 8:30:00,"D- Property Damage","F- Driver",29.00,"Male","J- Minibus;L- Lorries Van","S- Driver's Negligence",2.00
5902,26331.00,"4- Demerara- Mahaica",353,"Peter's Hall Public Rd.","East bank Demerara (from Georgetown)","-58.1698","6.7724",,,9/19/2003 0:00:00,12/30/1899 23:00:00,"C- Minor Injury","F- Driver",29.00,"Male","J- Minibus;K- Private Cars","P- Speeding",3.00
5903,26332.00,"4- Demerara- Mahaica",351,"Bagotstown Public Rd.","East bank Demerara (from Georgetown)","-58.1794","6.7505",,,9/24/2003 0:00:00,12/30/1899 18:20:00,"C- Minor Injury","F- Driver",44.00,"Male","V-Motor Cycle","S- Driver's Negligence",2.00
5904,26333.00,"4- Demerara- Mahaica",352,"Demerara Harbour Bridge","East bank Demerara (from Georgetown)","-58.1798","6.7682",,,10/4/2003 0:00:00,12/30/1899 15:00:00,"D- Property Damage","G- Rider",45.00,"Male","V-Motor Cycle","U- Cyclist's Negligence",1.00
5905,26334.00,"4- Demerara- Mahaica",368,"Diamond Public Rd.","East bank Demerara (from Georgetown)","-58.1764","6.7061",,,10/7/2003 0:00:00,12/30/1899 17:55:00,"C- Minor Injury","F- Driver",,"Male","J- Minibus","S- Driver's Negligence",1.00
5906,26335.00,"4- Demerara- Mahaica",365,"Covent Garden Public Rd.","East bank Demerara (from Georgetown)","-58.1898","6.7372",,,10/8/2003 0:00:00,12/30/1899 10:30:00,"B- Serious Injury","F- Driver",38.00,"Female","J- Minibus","S- Driver's Negligence",2.00
5907,26336.00,"4- Demerara- Mahaica",349,"Eccles Public Rd.","East bank Demerara (from Georgetown)","-58.1706","6.7802",,,9/11/2003 0:00:00,12/30/1899 18:45:00,"C- Minor Injury","G- Rider",24.00,"Male","V-Motor Cycle","S- Driver's Negligence",2.00
5908,26337.00,"4- Demerara- Mahaica",349,"Eccles Public Rd.","East bank Demerara (from Georgetown)","-58.1706","6.7802",,,10/13/2003 0:00:00,12/30/1899 19:10:00,"C- Minor Injury","F- Driver",,"Male","K- Private Cars","S- Driver's Negligence",1.00
5909,26338.00,"4- Demerara- Mahaica",349,"Eccles Public Rd.","East bank Demerara (from Georgetown)","-58.1706","6.7802",,,10/19/2003 0:00:00,12/30/1899 13:45:00,"B- Serious Injury","F- Driver",36.00,"Female","K- Private Cars;M- Hire Cars","P- Speeding",2.00
5910,26339.00,"4- Demerara- Mahaica",368,"Diamond Housing Scheme","East bank Demerara (from Georgetown)","-58.1864","6.7378",,,10/23/2003 0:00:00,12/30/1899 10:45:00,"A- Fatal","F- Driver",20.00,"Male","J- Minibus;N- Pickup;V-Motor Cycle","S- Driver's Negligence",4.00
5911,26340.00,"4- Demerara- Mahaica",366,"Prospect Public Rd.","East bank Demerara (from Georgetown)","-58.1865","6.7372",,,10/23/2003 0:00:00,12/30/1899 6:30:00,"C- Minor Injury","G- Rider",34.00,"Male","J- Minibus;V-Motor Cycle","U- Cyclist's Negligence",2.00
5912,26341.00,"4- Demerara- Mahaica",351,"Bagotstown Public Rd.","East bank Demerara (from Georgetown)","-58.1794","6.7505",,,10/26/2003 0:00:00,12/30/1899 9:50:00,"D- Property Damage","F- Driver",44.00,"Male","J- Minibus","S- Driver's Negligence",3.00
5913,26342.00,"4- Demerara- Mahaica",352,"Demerara Harbour Bridge","East bank Demerara (from Georgetown)","-58.1798","6.7682",,,10/28/2003 0:00:00,12/30/1899 17:05:00,"D- Property Damage","F- Driver",58.00,"Male","K- Private Cars","S- Driver's Negligence",2.00
5914,26343.00,"4- Demerara- Mahaica",368,"Diamond Public Rd.","East bank Demerara (from Georgetown)","-58.1764","6.7061",,,10/28/2003 0:00:00,12/30/1899 20:30:00,"B- Serious Injury","G- Rider",27.00,"Male","V-Motor Cycle","T-Pedestrian's Negligence",2.00
5915,26344.00,"4- Demerara- Mahaica",349,"Eccles Public Rd.","East bank Demerara (from Georgetown)","-58.1706","6.7802",,,10/29/2003 0:00:00,12/30/1899 10:30:00,"D- Property Damage","F- Driver",47.00,"Female","J- Minibus","S- Driver's Negligence",2.00
5916,26345.00,"4- Demerara- Mahaica",366,"Providence Public Rd.","East bank Demerara (from Georgetown)","-58.1805","6.7587",,,11/6/2003 0:00:00,12/30/1899 8:00:00,"D- Property Damage","F- Driver",28.00,"Male","L- Lorries Van","S- Driver's Negligence",1.00
5917,26346.00,"4- Demerara- Mahaica",351,"Bagotstown Public Rd.","East bank Demerara (from Georgetown)","-58.1794","6.7505",,,10/28/2003 0:00:00,12/30/1899 17:00:00,"B- Serious Injury","F- Driver",46.00,"Male","L- Lorries Van","T-Pedestrian's Negligence",2.00
5918,26347.00,"4- Demerara- Mahaica",366,"Providence Public Rd.","East bank Demerara (from Georgetown)","-58.1805","6.7587",,,11/9/2003 0:00:00,12/30/1899 16:00:00,"C- Minor Injury","F- Driver",75.00,"Male","N- Pickup;W-Pedal Cycle","S- Driver's Negligence",2.00
5919,26348.00,"4- Demerara- Mahaica",363,"Farm Public Rd.","East bank Demerara (from Georgetown)","-58.1881","6.7380",,,11/25/2003 0:00:00,12/30/1899 12:30:00,"B- Serious Injury","F- Driver",34.00,"Male","K- Private Cars;W-Pedal Cycle","P- Speeding",2.00
5920,26349.00,"4- Demerara- Mahaica",363,"Farm Public Rd.","East bank Demerara (from Georgetown)","-58.1881","6.7380",,,11/26/2003 0:00:00,12/30/1899 20:30:00,"D- Property Damage","F- Driver",52.00,"Male","J- Minibus;K- Private Cars","S- Driver's Negligence",2.00
5921,26350.00,"4- Demerara- Mahaica",361,"Herstelling Public Rd.","East bank Demerara (from Georgetown)","-58.1848","6.7464",,,11/30/2003 0:00:00,12/30/1899 1:15:00,"C- Minor Injury","F- Driver",45.00,"Male","K- Private Cars","S- Driver's Negligence",2.00