"ID","Accident ID","Region Number","Corridor ID","Location (Intersection/Road/Street)","Corridor","Location- longitude/ X","Location- latitude/  Y","Mile Marker","Village","Date of Accident","Time of Accident","Type of Accident","Class of Road User","Age/DOB","Gender","Class of Vehicles Involved","Contributing Factor","Number of Persons Involved"
5922,26351.00,"4- Demerara- Mahaica",368,"Diamond Public Rd.","East bank Demerara (from Georgetown)","-58.1764","6.7061",,,11/29/2003 0:00:00,12/30/1899 12:00:00,"D- Property Damage","F- Driver",24.00,"Male","K- Private Cars","S- Driver's Negligence",2.00
5923,26352.00,"4- Demerara- Mahaica",351,"Bagotstown Public Rd.","East bank Demerara (from Georgetown)","-58.1794","6.7505",,,12/18/2003 0:00:00,12/30/1899 15:00:00,"C- Minor Injury","F- Driver",45.00,"Male","J- Minibus","S- Driver's Negligence",2.00
5924,26353.00,"4- Demerara- Mahaica",367,"Little Diamond Public Rd.","East bank Demerara (from Georgetown)","-58.1864","6.7378",,,12/25/2003 0:00:00,12/30/1899 8:30:00,"D- Property Damage","F- Driver",45.00,"Female","K- Private Cars","S- Driver's Negligence",1.00
5925,26354.00,"4- Demerara- Mahaica",351,"Bagotstown Public Rd.","East bank Demerara (from Georgetown)","-58.1794","6.7505",,,12/19/2003 0:00:00,12/30/1899 10:30:00,"D- Property Damage","F- Driver",32.00,"Male","K- Private Cars","S- Driver's Negligence",2.00
5926,26355.00,"4- Demerara- Mahaica",366,"Providence Public Rd.","East bank Demerara (from Georgetown)","-58.1805","6.7587",,,1/3/2004 0:00:00,12/30/1899 14:10:00,"B- Serious Injury","G- Rider",46.00,"Female","K- Private Cars;V-Motor Cycle","S- Driver's Negligence",2.00
5927,26356.00,"4- Demerara- Mahaica",349,"Eccles Public Rd.","East bank Demerara (from Georgetown)","-58.1706","6.7802",,,1/5/2004 0:00:00,12/30/1899 23:45:00,"B- Serious Injury","F- Driver",42.00,"Male","J- Minibus","P- Speeding",2.00
5928,26357.00,"4- Demerara- Mahaica",353,"Peter's Hall Public Rd.","East bank Demerara (from Georgetown)","-58.1698","6.7724",,,1/9/2004 0:00:00,12/30/1899 20:30:00,"B- Serious Injury","F- Driver",60.00,"Male","N- Pickup","S- Driver's Negligence",2.00
5929,26358.00,"4- Demerara- Mahaica",368,"Diamond Public Rd.","East bank Demerara (from Georgetown)","-58.1764","6.7061",,,1/20/2004 0:00:00,12/30/1899 19:30:00,"D- Property Damage","F- Driver",47.00,"Female","J- Minibus;K- Private Cars","S- Driver's Negligence",2.00
5930,26359.00,"4- Demerara- Mahaica",361,"Herstelling Public Rd.","East bank Demerara (from Georgetown)","-58.1848","6.7464",,,1/21/2004 0:00:00,12/30/1899 15:20:00,"B- Serious Injury","F- Driver",17.00,"Male","K- Private Cars","T-Pedestrian's Negligence",2.00
5931,26360.00,"4- Demerara- Mahaica",363,"Farm Public Rd.","East bank Demerara (from Georgetown)","-58.1881","6.7380",,,1/22/2004 0:00:00,12/30/1899 0:30:00,"B- Serious Injury","G- Rider",,"Male","V-Motor Cycle","U- Cyclist's Negligence",2.00
5932,26361.00,"4- Demerara- Mahaica",368,"Diamond Public Rd.","East bank Demerara (from Georgetown)","-58.1764","6.7061",,,1/24/2004 0:00:00,12/30/1899 17:30:00,"B- Serious Injury","F- Driver",52.00,"Male","K- Private Cars","S- Driver's Negligence",2.00
5933,26362.00,"4- Demerara- Mahaica",363,"Farm Public Rd.","East bank Demerara (from Georgetown)","-58.1881","6.7380",,,1/31/2004 0:00:00,12/30/1899 17:30:00,"B- Serious Injury","F- Driver",47.00,"Male","K- Private Cars;V-Motor Cycle","S- Driver's Negligence",2.00
5934,26363.00,"4- Demerara- Mahaica",366,"Providence Public Rd.","East bank Demerara (from Georgetown)","-58.1805","6.7587",,,2/1/2004 0:00:00,12/30/1899 17:00:00,"B- Serious Injury","F- Driver",50.00,"Male","K- Private Cars;V-Motor Cycle","S- Driver's Negligence",2.00
5935,26364.00,"4- Demerara- Mahaica",368,"Diamond Public Rd.","East bank Demerara (from Georgetown)","-58.1764","6.7061",,,2/10/2004 0:00:00,12/30/1899 11:00:00,"D- Property Damage","F- Driver",,"Male","J- Minibus","S- Driver's Negligence",2.00
5936,26365.00,"4- Demerara- Mahaica",353,"Peter's Hall Public Rd.","East bank Demerara (from Georgetown)","-58.1698","6.7724",,,2/23/2004 0:00:00,12/30/1899 2:40:00,"B- Serious Injury","G- Rider",26.00,"Male","M- Hire Cars;V-Motor Cycle","P- Speeding",2.00
5937,26366.00,"4- Demerara- Mahaica",363,"Farm Public Rd.","East bank Demerara (from Georgetown)","-58.1881","6.7380",,,2/26/2004 0:00:00,12/30/1899 11:30:00,"D- Property Damage","F- Driver",24.00,"Male","K- Private Cars;M- Hire Cars","R- Improper Overtaking",4.00
5938,26367.00,"4- Demerara- Mahaica",361,"Herstelling Public Rd.","East bank Demerara (from Georgetown)","-58.1848","6.7464",,,2/27/2004 0:00:00,12/30/1899 11:30:00,"B- Serious Injury","G- Rider",21.00,"Male","M- Hire Cars;W-Pedal Cycle","S- Driver's Negligence",2.00
5939,26368.00,"4- Demerara- Mahaica",355,"Tyrel St. Republic Park","East bank Demerara (from Georgetown)","-58.1718","6.7642",,,3/7/2004 0:00:00,12/30/1899 17:30:00,"C- Minor Injury","F- Driver",33.00,"Female","K- Private Cars;L- Lorries Van","S- Driver's Negligence",2.00
5940,26369.00,"4- Demerara- Mahaica",352,"Demerara Harbour Bridge","East bank Demerara (from Georgetown)","-58.1798","6.7682",,,3/18/2004 0:00:00,12/30/1899 13:45:00,"B- Serious Injury","F- Driver",44.00,"Female","K- Private Cars;V-Motor Cycle","S- Driver's Negligence",2.00
5941,26370.00,"4- Demerara- Mahaica",361,"Herstelling Public Rd.","East bank Demerara (from Georgetown)","-58.1848","6.7464",,,3/29/2004 0:00:00,12/30/1899 19:00:00,"C- Minor Injury","F- Driver",35.00,"Female","J- Minibus;L- Lorries Van","R- Improper Overtaking",3.00
5942,26371.00,"4- Demerara- Mahaica",366,"Providence Public Rd.","East bank Demerara (from Georgetown)","-58.1805","6.7587",,,3/28/2004 0:00:00,12/30/1899 23:55:00,"D- Property Damage","F- Driver",34.00,"Male","M- Hire Cars;N- Pickup","S- Driver's Negligence",2.00
5943,26372.00,"4- Demerara- Mahaica",349,"Eccles Public Rd.","East bank Demerara (from Georgetown)","-58.1706","6.7802",,,3/31/2004 0:00:00,12/30/1899 23:30:00,"C- Minor Injury","F- Driver",22.00,"Male","K- Private Cars","T-Pedestrian's Negligence",2.00
5944,26373.00,"4- Demerara- Mahaica",361,"Herstelling Public Rd.","East bank Demerara (from Georgetown)","-58.1848","6.7464",,,4/1/2004 0:00:00,12/30/1899 20:30:00,"D- Property Damage","F- Driver",56.00,"Male","J- Minibus","P- Speeding",2.00
5945,26374.00,"4- Demerara- Mahaica",351,"Bagotstown Public Rd.","East bank Demerara (from Georgetown)","-58.1794","6.7505",,,4/4/2004 0:00:00,12/30/1899 20:45:00,"B- Serious Injury","G- Rider",30.00,"Male","V-Motor Cycle","U- Cyclist's Negligence",2.00
5946,26375.00,"4- Demerara- Mahaica",351,"Bagotstown Public Rd.","East bank Demerara (from Georgetown)","-58.1794","6.7505",,,4/10/2004 0:00:00,12/30/1899 20:00:00,"B- Serious Injury","F- Driver",50.00,"Male","L- Lorries Van;V-Motor Cycle","U- Cyclist's Negligence",2.00
5947,26376.00,"4- Demerara- Mahaica",361,"Herstelling Public Rd.","East bank Demerara (from Georgetown)","-58.1848","6.7464",,,4/12/2004 0:00:00,12/30/1899 5:30:00,"B- Serious Injury","F- Driver",36.00,"Male","K- Private Cars","T-Pedestrian's Negligence",2.00
5948,26377.00,"4- Demerara- Mahaica",368,"3rd St. & 17 Diamond Housing Scheme","East bank Demerara (from Georgetown)","-58.1660","6.7042",,,4/20/2004 0:00:00,12/30/1899 16:30:00,"D- Property Damage","F- Driver",32.00,"Male","L- Lorries Van;M- Hire Cars","S- Driver's Negligence",2.00
5949,26378.00,"4- Demerara- Mahaica",363,"Farm Public Rd.","East bank Demerara (from Georgetown)","-58.1881","6.7380",,,4/27/2004 0:00:00,12/30/1899 8:00:00,"C- Minor Injury","G- Rider",75.00,"Male","L- Lorries Van;V-Motor Cycle","U- Cyclist's Negligence",2.00
5950,26379.00,"4- Demerara- Mahaica",368,"Diamond Public Rd.","East bank Demerara (from Georgetown)","-58.1764","6.7061",,,5/9/2004 0:00:00,12/30/1899 12:00:00,"D- Property Damage","F- Driver",46.00,"Male","J- Minibus;M- Hire Cars","P- Speeding",2.00
5951,26380.00,"4- Demerara- Mahaica",368,"Diamond Public Rd.","East bank Demerara (from Georgetown)","-58.1764","6.7061",,,5/15/2004 0:00:00,12/30/1899 20:45:00,"A- Fatal","F- Driver",44.00,"Male","J- Minibus","S- Driver's Negligence",2.00
5952,26381.00,"4- Demerara- Mahaica",349,"Eccles Public Rd.","East bank Demerara (from Georgetown)","-58.1706","6.7802",,,5/22/2004 0:00:00,12/30/1899 7:55:00,"B- Serious Injury","F- Driver",56.00,"Male","L- Lorries Van","S- Driver's Negligence",2.00
5953,26382.00,"4- Demerara- Mahaica",353,"Peter's Hall Public Rd.","East bank Demerara (from Georgetown)","-58.1698","6.7724",,,5/29/2004 0:00:00,12/30/1899 22:45:00,"D- Property Damage","F- Driver",35.00,"Female","M- Hire Cars","P- Speeding",2.00
5954,26383.00,"4- Demerara- Mahaica",366,"Providence Public Rd.","East bank Demerara (from Georgetown)","-58.1805","6.7587",,,5/28/2004 0:00:00,12/30/1899 13:10:00,"B- Serious Injury","F- Driver",37.00,"Male","J- Minibus;W-Pedal Cycle","S- Driver's Negligence",2.00
5955,26384.00,"4- Demerara- Mahaica",368,"Diamond Public Rd.","East bank Demerara (from Georgetown)","-58.1764","6.7061",,,6/2/2004 0:00:00,12/30/1899 11:45:00,"C- Minor Injury","F- Driver",50.00,"Male","L- Lorries Van;M- Hire Cars","S- Driver's Negligence",3.00
5956,26385.00,"4- Demerara- Mahaica",349,"Eccles Public Rd.","East bank Demerara (from Georgetown)","-58.1706","6.7802",,,5/30/2004 0:00:00,12/30/1899 19:20:00,"C- Minor Injury","F- Driver",31.00,"Female","J- Minibus;V-Motor Cycle","S- Driver's Negligence",2.00
5957,26386.00,"4- Demerara- Mahaica",366,"Providence Public Rd.","East bank Demerara (from Georgetown)","-58.1805","6.7587",,,6/5/2004 0:00:00,12/30/1899 8:55:00,"B- Serious Injury","G- Rider",24.00,"Female","K- Private Cars;V-Motor Cycle","S- Driver's Negligence",2.00
5958,26387.00,"4- Demerara- Mahaica",366,"Providence Public Rd.","East bank Demerara (from Georgetown)","-58.1805","6.7587",,,6/17/2004 0:00:00,12/30/1899 23:45:00,"A- Fatal","F- Driver",33.00,"Male","J- Minibus","S- Driver's Negligence",2.00
5959,26388.00,"4- Demerara- Mahaica",366,"Providence Public Rd.","East bank Demerara (from Georgetown)","-58.1805","6.7587",,,6/16/2004 0:00:00,12/30/1899 7:30:00,"D- Property Damage","F- Driver",35.00,"Male","L- Lorries Van","S- Driver's Negligence",2.00
5960,26389.00,"4- Demerara- Mahaica",352,"Demerara Harbour Bridge","East bank Demerara (from Georgetown)","-58.1798","6.7682",,,6/15/2004 0:00:00,12/30/1899 13:15:00,"D- Property Damage","F- Driver",34.00,"Female","K- Private Cars;X-Tractor","S- Driver's Negligence",2.00
5961,26390.00,"4- Demerara- Mahaica",368,"11 & 1st Cross St. Diamond Housing Scheme","East bank Demerara (from Georgetown)","-58.1858","6.7087",,,6/18/2004 0:00:00,12/30/1899 8:15:00,"D- Property Damage","F- Driver",27.00,"Male","K- Private Cars","S- Driver's Negligence",2.00
5962,26391.00,"4- Demerara- Mahaica",351,"Bagotstown Public Rd.","East bank Demerara (from Georgetown)","-58.1794","6.7505",,,6/20/2004 0:00:00,12/30/1899 20:15:00,"D- Property Damage","F- Driver",24.00,"Male","K- Private Cars;M- Hire Cars","R- Improper Overtaking",2.00
5963,26392.00,"4- Demerara- Mahaica",368,"Diamond Public Rd.","East bank Demerara (from Georgetown)","-58.1764","6.7061",,,6/23/2004 0:00:00,12/30/1899 15:10:00,"A- Fatal","F- Driver",22.00,"Male","M- Hire Cars","S- Driver's Negligence",2.00
5964,26393.00,"4- Demerara- Mahaica",366,"Providence Public Rd.","East bank Demerara (from Georgetown)","-58.1805","6.7587",,,6/23/2004 0:00:00,12/30/1899 7:45:00,"B- Serious Injury","G- Rider",20.00,"Male","L- Lorries Van;V-Motor Cycle","U- Cyclist's Negligence",3.00
5965,26394.00,"4- Demerara- Mahaica",363,"Farm Public Rd.","East bank Demerara (from Georgetown)","-58.1881","6.7380",,,6/26/2004 0:00:00,12/30/1899 14:10:00,"B- Serious Injury","F- Driver",29.00,"Male","J- Minibus;L- Lorries Van;V-Motor Cycle","S- Driver's Negligence",6.00
5966,26395.00,"4- Demerara- Mahaica",363,"Farm Public Rd.","East bank Demerara (from Georgetown)","-58.1881","6.7380",,,6/26/2004 0:00:00,12/30/1899 20:15:00,"C- Minor Injury","F- Driver",35.00,"Male","K- Private Cars","S- Driver's Negligence",2.00
5967,26396.00,"4- Demerara- Mahaica",351,"Bagotstown Public Rd.","East bank Demerara (from Georgetown)","-58.1794","6.7505",,,7/1/2004 0:00:00,12/30/1899 11:30:00,"D- Property Damage","F- Driver",26.00,"Male","J- Minibus;K- Private Cars","S- Driver's Negligence",2.00
5968,26397.00,"4- Demerara- Mahaica",363,"Farm Public Rd.","East bank Demerara (from Georgetown)","-58.1881","6.7380",,,6/30/2004 0:00:00,12/30/1899 10:00:00,"C- Minor Injury","F- Driver",25.00,"Male","L- Lorries Van;V-Motor Cycle","U- Cyclist's Negligence",2.00
5969,26398.00,"4- Demerara- Mahaica",349,"Eccles Public Rd.","East bank Demerara (from Georgetown)","-58.1706","6.7802",,,7/4/2004 0:00:00,12/30/1899 8:30:00,"D- Property Damage","F- Driver",43.00,"Male","J- Minibus;K- Private Cars","S- Driver's Negligence",2.00
5970,26399.00,"4- Demerara- Mahaica",351,"Bagotstown Public Rd.","East bank Demerara (from Georgetown)","-58.1794","6.7505",,,7/5/2004 0:00:00,12/30/1899 12:30:00,"D- Property Damage","F- Driver",30.00,"Male","K- Private Cars;L- Lorries Van","S- Driver's Negligence",2.00
5971,26400.00,"4- Demerara- Mahaica",351,"Bagotstown Public Rd.","East bank Demerara (from Georgetown)","-58.1794","6.7505",,,7/5/2004 0:00:00,12/30/1899 19:15:00,"C- Minor Injury","F- Driver",52.00,"Male","K- Private Cars;W-Pedal Cycle","U- Cyclist's Negligence",2.00
5972,26401.00,"4- Demerara- Mahaica",349,"Eccles Public Rd.","East bank Demerara (from Georgetown)","-58.1706","6.7802",,,7/1/2004 0:00:00,12/30/1899 17:15:00,"D- Property Damage","F- Driver",47.00,"Female","K- Private Cars;V-Motor Cycle","S- Driver's Negligence",2.00
5973,26402.00,"4- Demerara- Mahaica",368,"Diamond Public Rd.","East bank Demerara (from Georgetown)","-58.1764","6.7061",,,7/15/2004 0:00:00,12/30/1899 22:00:00,"C- Minor Injury","F- Driver",31.00,"Male","J- Minibus;K- Private Cars","S- Driver's Negligence",2.00
5974,26403.00,"4- Demerara- Mahaica",363,"Farm Public Rd.","East bank Demerara (from Georgetown)","-58.1881","6.7380",,,7/17/2004 0:00:00,12/30/1899 23:00:00,"D- Property Damage","F- Driver",51.00,"Male","K- Private Cars","S- Driver's Negligence",2.00
5975,26404.00,"4- Demerara- Mahaica",349,"Eccles Public Rd.","East bank Demerara (from Georgetown)","-58.1706","6.7802",,,7/19/2004 0:00:00,12/30/1899 1:00:00,"A- Fatal","G- Rider",19.00,"Male","K- Private Cars;W-Pedal Cycle","S- Driver's Negligence",2.00
5976,26405.00,"4- Demerara- Mahaica",366,"Providence Public Rd.","East bank Demerara (from Georgetown)","-58.1805","6.7587",,,8/6/2004 0:00:00,12/30/1899 13:00:00,"D- Property Damage","F- Driver",34.00,"Male","J- Minibus;M- Hire Cars","S- Driver's Negligence",2.00
5977,26406.00,"4- Demerara- Mahaica",349,"Eccles Public Rd.","East bank Demerara (from Georgetown)","-58.1706","6.7802",,,7/25/2004 0:00:00,12/30/1899 19:50:00,"D- Property Damage","F- Driver",48.00,"Male","J- Minibus;L- Lorries Van","S- Driver's Negligence",2.00
5978,26407.00,"4- Demerara- Mahaica",349,"Eccles Public Rd.","East bank Demerara (from Georgetown)","-58.1706","6.7802",,,8/12/2004 0:00:00,12/30/1899 20:45:00,"D- Property Damage","F- Driver",30.00,"Male","K- Private Cars;M- Hire Cars","S- Driver's Negligence",2.00
5979,26408.00,"4- Demerara- Mahaica",366,"Providence Public Rd.","East bank Demerara (from Georgetown)","-58.1805","6.7587",,,8/12/2004 0:00:00,12/30/1899 12:15:00,"D- Property Damage","F- Driver",33.00,"Male","J- Minibus","S- Driver's Negligence",2.00
5980,26409.00,"4- Demerara- Mahaica",365,"Covent Garden Public Rd.","East bank Demerara (from Georgetown)","-58.1898","6.7372",,,8/19/2004 0:00:00,12/30/1899 17:15:00,"D- Property Damage","F- Driver",47.00,"Male","J- Minibus;L- Lorries Van","P- Speeding",2.00
5981,26410.00,"4- Demerara- Mahaica",366,"Providence Public Rd.","East bank Demerara (from Georgetown)","-58.1805","6.7587",,,8/16/2004 0:00:00,12/30/1899 15:45:00,"D- Property Damage","F- Driver",40.00,"Male","J- Minibus;N- Pickup","S- Driver's Negligence",2.00
5982,26411.00,"4- Demerara- Mahaica",361,"Herstelling Public Rd.","East bank Demerara (from Georgetown)","-58.1848","6.7464",,,8/19/2004 0:00:00,12/30/1899 17:30:00,"D- Property Damage","F- Driver",45.00,"Female","L- Lorries Van;N- Pickup","S- Driver's Negligence",2.00
5983,26412.00,"4- Demerara- Mahaica",368,"Diamond Public Rd.","East bank Demerara (from Georgetown)","-58.1764","6.7061",,,8/14/2004 0:00:00,12/30/1899 7:15:00,"D- Property Damage","F- Driver",55.00,"Male","K- Private Cars","S- Driver's Negligence",2.00
5984,26413.00,"4- Demerara- Mahaica",366,"Providence Public Rd.","East bank Demerara (from Georgetown)","-58.1805","6.7587",,,8/25/2004 0:00:00,12/30/1899 4:00:00,"A- Fatal","F- Driver",23.00,"Male","K- Private Cars;L- Lorries Van","S- Driver's Negligence",3.00
5985,26414.00,"4- Demerara- Mahaica",368,"Diamond Housing Scheme","East bank Demerara (from Georgetown)","-58.1864","6.7378",,,8/17/2004 0:00:00,12/30/1899 14:30:00,"B- Serious Injury","F- Driver",25.00,"Male","L- Lorries Van;W-Pedal Cycle","U- Cyclist's Negligence",2.00
5986,26415.00,"4- Demerara- Mahaica",366,"Providence Public Rd.","East bank Demerara (from Georgetown)","-58.1805","6.7587",,,9/1/2004 0:00:00,12/30/1899 16:30:00,"B- Serious Injury","F- Driver",45.00,"Male","J- Minibus;W-Pedal Cycle","S- Driver's Negligence",2.00
5987,26416.00,"4- Demerara- Mahaica",367,"Little Diamond Public Rd.","East bank Demerara (from Georgetown)","-58.1864","6.7378",,,9/2/2004 0:00:00,12/30/1899 18:50:00,"B- Serious Injury","F- Driver",28.00,"Male","K- Private Cars;N- Pickup","P- Speeding",3.00
5988,26417.00,"4- Demerara- Mahaica",366,"Providence Public Rd.","East bank Demerara (from Georgetown)","-58.1805","6.7587",,,9/6/2004 0:00:00,12/30/1899 7:45:00,"D- Property Damage","F- Driver",39.00,"Male","J- Minibus;L- Lorries Van","S- Driver's Negligence",2.00
5989,26418.00,"4- Demerara- Mahaica",353,"Peter's Hall Public Rd.","East bank Demerara (from Georgetown)","-58.1698","6.7724",,,9/14/2004 0:00:00,12/30/1899 8:20:00,"D- Property Damage","F- Driver",47.00,"Male","L- Lorries Van;M- Hire Cars","S- Driver's Negligence",2.00
5990,26419.00,"4- Demerara- Mahaica",365,"Covent Garden Public Rd.","East bank Demerara (from Georgetown)","-58.1898","6.7372",,,9/16/2004 0:00:00,12/30/1899 7:05:00,"D- Property Damage","F- Driver",45.00,"Male","K- Private Cars;L- Lorries Van","S- Driver's Negligence",2.00
5991,26420.00,"4- Demerara- Mahaica",366,"Providence Public Rd.","East bank Demerara (from Georgetown)","-58.1805","6.7587",,,9/14/2004 0:00:00,12/30/1899 18:45:00,"C- Minor Injury","F- Driver",31.00,"Male","L- Lorries Van;V-Motor Cycle","U- Cyclist's Negligence",2.00
5992,26421.00,"4- Demerara- Mahaica",366,"Prospect Public Rd.","East bank Demerara (from Georgetown)","-58.1865","6.7372",,,9/20/2004 0:00:00,12/30/1899 10:45:00,"C- Minor Injury","F- Driver",27.00,"Male","L- Lorries Van;N- Pickup","S- Driver's Negligence",2.00
5993,26422.00,"4- Demerara- Mahaica",369,"Grove Public Rd.","East bank Demerara (from Georgetown)","-58.1876","6.6996",,,2/14/2003 0:00:00,12/30/1899 17:30:00,"C- Minor Injury","G- Rider",45.00,"Male","V-Motor Cycle","U- Cyclist's Negligence",2.00
5994,26423.00,"4- Demerara- Mahaica",371,"Craig Public Rd.","East bank Demerara (from Georgetown)","-58.1903","6.7096",,,2/24/2003 0:00:00,12/30/1899 14:55:00,"C- Minor Injury","F- Driver",32.00,"Male","K- Private Cars;W-Pedal Cycle","U- Cyclist's Negligence",2.00
5995,26424.00,"4- Demerara- Mahaica",373,"Friendship Public Rd.","East bank Demerara (from Georgetown)","-58.4293","5.8712",,,2/24/2003 0:00:00,12/30/1899 18:45:00,"D- Property Damage","F- Driver",59.00,"Male","K- Private Cars;M- Hire Cars","S- Driver's Negligence",3.00
5996,26425.00,"4- Demerara- Mahaica",369,"Grove Public Rd.","East bank Demerara (from Georgetown)","-58.1876","6.6996",,,2/25/2003 0:00:00,12/30/1899 12:20:00,"A- Fatal","F- Driver",57.00,"Male","J- Minibus;L- Lorries Van","S- Driver's Negligence",2.00
5997,26426.00,"4- Demerara- Mahaica",372,"New Hope Public Rd.","East bank Demerara (from Georgetown)","-58.1849","6.6807",,,2/27/2003 0:00:00,12/30/1899 9:17:00,"D- Property Damage","F- Driver",29.00,"Male","J- Minibus;K- Private Cars","S- Driver's Negligence",3.00
5998,26427.00,"4- Demerara- Mahaica",369,"Grove Public Rd.","East bank Demerara (from Georgetown)","-58.1876","6.6996",,,2/14/2003 0:00:00,12/30/1899 9:50:00,"D- Property Damage","F- Driver",29.00,"Male","K- Private Cars;Z- Animal Drawn","S- Driver's Negligence",1.00
5999,26428.00,"4- Demerara- Mahaica",369,"Grove Public Rd.","East bank Demerara (from Georgetown)","-58.1876","6.6996",,,3/18/2003 0:00:00,12/30/1899 7:30:00,"D- Property Damage","F- Driver",,"Male","N- Pickup","S- Driver's Negligence",1.00
6000,26429.00,"4- Demerara- Mahaica",369,"Grove Public Rd.","East bank Demerara (from Georgetown)","-58.1876","6.6996",,,3/18/2003 0:00:00,12/30/1899 18:00:00,"D- Property Damage","F- Driver",,"Male","J- Minibus;K- Private Cars","S- Driver's Negligence",2.00
6001,26430.00,"4- Demerara- Mahaica",373,"Friendship Public Rd.","East bank Demerara (from Georgetown)","-58.4293","5.8712",,,3/25/2003 0:00:00,12/30/1899 7:30:00,"C- Minor Injury","F- Driver",36.00,"Male","K- Private Cars;M- Hire Cars","S- Driver's Negligence",2.00
6002,26431.00,"4- Demerara- Mahaica",373,"Friendship Public Rd.","East bank Demerara (from Georgetown)","-58.4293","5.8712",,,4/7/2003 0:00:00,12/30/1899 11:15:00,"C- Minor Injury","F- Driver",,"Male","L- Lorries Van","S- Driver's Negligence",2.00
6003,26432.00,"4- Demerara- Mahaica",371,"Craig Public Rd.","East bank Demerara (from Georgetown)","-58.1903","6.7096",,,4/10/2003 0:00:00,12/30/1899 15:05:00,"D- Property Damage","F- Driver",33.00,"Male","J- Minibus","S- Driver's Negligence;Y-Animal",2.00
6004,26433.00,"4- Demerara- Mahaica",371,"Craig Public Rd.","East bank Demerara (from Georgetown)","-58.1903","6.7096",,,4/12/2003 0:00:00,12/30/1899 18:00:00,"C- Minor Injury","F- Driver",22.00,"Male","K- Private Cars","S- Driver's Negligence",3.00
6005,26434.00,"4- Demerara- Mahaica",371,"Craig Public Rd.","East bank Demerara (from Georgetown)","-58.1988","6.6347",,,4/13/2003 0:00:00,,"C- Minor Injury","F- Driver",46.00,"Male","L- Lorries Van;W-Pedal Cycle","U- Cyclist's Negligence",2.00
6006,26435.00,"4- Demerara- Mahaica",373,"Friendship Public Rd.","East bank Demerara (from Georgetown)","-58.4293","5.8712",,,4/30/2003 0:00:00,12/30/1899 9:30:00,"D- Property Damage","F- Driver",47.00,"Male","L- Lorries Van","S- Driver's Negligence",2.00
6007,26436.00,"4- Demerara- Mahaica",373,"Friendship Public Rd.","East bank Demerara (from Georgetown)","-58.4293","5.8712",,,5/4/2003 0:00:00,12/30/1899 11:00:00,"A- Fatal","F- Driver",47.00,"Male","L- Lorries Van","S- Driver's Negligence",2.00
6008,26437.00,"4- Demerara- Mahaica",373,"Friendship Public Rd.","East bank Demerara (from Georgetown)","-58.4293","5.8712",,,5/5/2003 0:00:00,12/30/1899 10:10:00,"A- Fatal","F- Driver",60.00,"Male","L- Lorries Van;W-Pedal Cycle","S- Driver's Negligence",2.00
6009,26438.00,"4- Demerara- Mahaica",369,"Grove Public Rd.","East bank Demerara (from Georgetown)","-58.1876","6.6996",,,5/5/2003 0:00:00,12/30/1899 22:00:00,"C- Minor Injury","F- Driver",39.00,"Male","J- Minibus","S- Driver's Negligence",2.00
6010,26439.00,"4- Demerara- Mahaica",349,"Eccles Public Rd.","East bank Demerara (from Georgetown)","-58.1706","6.7802",,,1/31/2011 0:00:00,12/30/1899 7:45:00,"D- Property Damage","F- Driver",51.00,"Male","M- Hire Cars","S- Driver's Negligence",2.00
6011,26440.00,"4- Demerara- Mahaica",349,"Eccles Public Rd.","East bank Demerara (from Georgetown)","-58.1706","6.7802",,,1/25/2011 0:00:00,12/30/1899 2:15:00,"D- Property Damage","F- Driver",28.00,"Male","J- Minibus;K- Private Cars","S- Driver's Negligence",2.00
6012,26441.00,"4- Demerara- Mahaica",366,"Providence Public Rd.","East bank Demerara (from Georgetown)","-58.1805","6.7587",,,1/31/2011 0:00:00,12/30/1899 12:45:00,"D- Property Damage","F- Driver",,"Male","L- Lorries Van;M- Hire Cars","S- Driver's Negligence",3.00
6013,26442.00,"4- Demerara- Mahaica",349,"Eccles Public Rd.","East bank Demerara (from Georgetown)","-58.1706","6.7802",,,1/29/2011 0:00:00,,"D- Property Damage","F- Driver",41.00,"Male","K- Private Cars","S- Driver's Negligence",2.00
6014,26443.00,"4- Demerara- Mahaica",363,"Farm Public Rd.","East bank Demerara (from Georgetown)","-58.1881","6.7380",,,2/7/2011 0:00:00,12/30/1899 12:15:00,"A- Fatal","G- Rider",,"Male","J- Minibus;V-Motor Cycle","P- Speeding",2.00
6015,26444.00,"4- Demerara- Mahaica",415,"Mocha Access Rd.","Number Three or Mocha Canal Road (Right Bank Demerara River-from Georgetown Southern Side)","-58.1819","6.7494",,,2/7/2011 0:00:00,12/30/1899 5:45:00,"B- Serious Injury","F- Driver",25.00,"Male","K- Private Cars","O- Lost Control & Runoff",1.00