"ID","Accident ID","Region Number","Corridor ID","Location (Intersection/Road/Street)","Corridor","Location- longitude/ X","Location- latitude/  Y","Mile Marker","Village","Date of Accident","Time of Accident","Type of Accident","Class of Road User","Age/DOB","Gender","Class of Vehicles Involved","Contributing Factor","Number of Persons Involved"
6016,26445.00,"4- Demerara- Mahaica",351,"Bagotstown Public Rd.","East bank Demerara (from Georgetown)","-58.1794","6.7505",,,8/4/2009 0:00:00,12/30/1899 11:30:00,"D- Property Damage","F- Driver",27.00,"Male","L- Lorries Van;N- Pickup","S- Driver's Negligence",2.00
6017,26446.00,"4- Demerara- Mahaica",365,"Covent Garden Public Rd.","East bank Demerara (from Georgetown)","-58.1833","6.7333",,,,12/30/1899 21:30:00,"B- Serious Injury","E- Pedestrian",39.00,"Male","V-Motor Cycle","P- Speeding",2.00
6018,26447.00,"4- Demerara- Mahaica",349,"Eccles Public Rd.","East bank Demerara (from Georgetown)","-58.1706","6.7802",,,8/26/2009 0:00:00,12/30/1899 22:30:00,"B- Serious Injury","E- Pedestrian",49.00,"Male","N- Pickup","S- Driver's Negligence",2.00
6019,26448.00,"4- Demerara- Mahaica",353,"Peter's Hall Public Rd.","East bank Demerara (from Georgetown)","-58.1698","6.7724",,,8/29/2009 0:00:00,12/30/1899 4:45:00,"D- Property Damage","F- Driver",,"Female","K- Private Cars;M- Hire Cars","S- Driver's Negligence",2.00
6020,26449.00,"4- Demerara- Mahaica",361,"Herstelling Public Rd.","East bank Demerara (from Georgetown)","-58.1848","6.7464",,,9/6/2009 0:00:00,12/30/1899 13:15:00,"B- Serious Injury","G- Rider",,"Male","K- Private Cars;V-Motor Cycle","P- Speeding",2.00
6021,26450.00,"4- Demerara- Mahaica",356,"Provdence","East bank Demerara (from Georgetown)","-58.1667","6.7667",,,9/8/2009 0:00:00,12/30/1899 15:00:00,"B- Serious Injury","E- Pedestrian",31.00,"Male","J- Minibus","P- Speeding",2.00
6022,26451.00,"4- Demerara- Mahaica",365,"Covent Garden Public Rd.","East bank Demerara (from Georgetown)","-58.1898","6.7372",,,9/11/2009 0:00:00,12/30/1899 16:50:00,"D- Property Damage","F- Driver",32.00,"Male","J- Minibus;K- Private Cars","S- Driver's Negligence",2.00
6023,26452.00,"4- Demerara- Mahaica",367,"Little Diamond Public Rd.","East bank Demerara (from Georgetown)","-58.1864","6.7378",,,9/16/2009 0:00:00,,"D- Property Damage","F- Driver",39.00,"Male","J- Minibus;K- Private Cars","S- Driver's Negligence",2.00
6024,26453.00,"4- Demerara- Mahaica",349,"Eccles Public Rd.","East bank Demerara (from Georgetown)","-58.1706","6.7802",,,9/16/2009 0:00:00,12/30/1899 18:15:00,"D- Property Damage","F- Driver",41.00,"Male","J- Minibus;V-Motor Cycle","U- Cyclist's Negligence",2.00
6025,26454.00,"4- Demerara- Mahaica",366,"Providence Public Rd.","East bank Demerara (from Georgetown)","-58.1805","6.7587",,,9/15/2009 0:00:00,,"D- Property Damage","F- Driver",,"Male","J- Minibus;N- Pickup","S- Driver's Negligence",2.00
6026,26455.00,"4- Demerara- Mahaica",366,"Providence Public Rd.","East bank Demerara (from Georgetown)","-58.1805","6.7587",,,9/20/2009 0:00:00,12/30/1899 5:40:00,"A- Fatal","E- Pedestrian",28.00,"Male","K- Private Cars","S- Driver's Negligence",2.00
6027,26456.00,"4- Demerara- Mahaica",366,"Providence Public Rd.","East bank Demerara (from Georgetown)","-58.1805","6.7587",,,9/20/2009 0:00:00,12/30/1899 23:10:00,"B- Serious Injury","F- Driver",23.00,"Male","K- Private Cars","S- Driver's Negligence",2.00
6028,26457.00,"4- Demerara- Mahaica",363,"Farm Public Rd.","East bank Demerara (from Georgetown)","-58.1881","6.7380",,,9/20/2009 0:00:00,,"A- Fatal","F- Driver",36.00,"Male","M- Hire Cars","S- Driver's Negligence",2.00
6029,26458.00,"4- Demerara- Mahaica",361,"Herstelling Public Rd.","East bank Demerara (from Georgetown)","-58.1848","6.7464",,,10/3/2009 0:00:00,12/30/1899 3:30:00,"C- Minor Injury","F- Driver",24.00,"Male","K- Private Cars;W-Pedal Cycle","S- Driver's Negligence",2.00
6030,26459.00,"4- Demerara- Mahaica",349,"Eccles Public Rd.","East bank Demerara (from Georgetown)","-58.1706","6.7802",,,10/2/2009 0:00:00,12/30/1899 9:00:00,"D- Property Damage","F- Driver",26.00,"Male","K- Private Cars;L- Lorries Van","S- Driver's Negligence",2.00
6031,26460.00,"4- Demerara- Mahaica",351,"Bagotstown Public Rd.","East bank Demerara (from Georgetown)","-58.1794","6.7505",,,10/5/2009 0:00:00,12/30/1899 18:30:00,"C- Minor Injury","E- Pedestrian",63.00,"Male","K- Private Cars","S- Driver's Negligence",2.00
6032,26461.00,"4- Demerara- Mahaica",351,"Bagotstown Public Rd.","East bank Demerara (from Georgetown)","-58.1794","6.7505",,,10/14/2009 0:00:00,12/30/1899 13:36:00,"D- Property Damage","F- Driver",37.00,"Male","K- Private Cars;L- Lorries Van","S- Driver's Negligence",2.00
6033,26462.00,"4- Demerara- Mahaica",415,"Mocha Access Rd.","Number Three or Mocha Canal Road (Right Bank Demerara River-from Georgetown Southern Side)","-58.1819","6.7494",,,10/23/2009 0:00:00,12/30/1899 23:30:00,"C- Minor Injury","G- Rider",16.00,"Male","M- Hire Cars;W-Pedal Cycle","S- Driver's Negligence",2.00
6034,26463.00,"4- Demerara- Mahaica",366,"Providence Public Rd.","East bank Demerara (from Georgetown)","-58.1805","6.7587",,,10/30/2009 0:00:00,,"C- Minor Injury","F- Driver",,,"L- Lorries Van;N- Pickup","P- Speeding",2.00
6035,26464.00,"4- Demerara- Mahaica",349,"Eccles Public Rd.","East bank Demerara (from Georgetown)","-58.1706","6.7802",,,11/2/2009 0:00:00,,"B- Serious Injury","E- Pedestrian",,"Male","K- Private Cars","P- Speeding",2.00
6036,26465.00,"4- Demerara- Mahaica",367,"Little Diamond Public Rd.","East bank Demerara (from Georgetown)","-58.1864","6.7378",,,11/7/2009 0:00:00,12/30/1899 3:30:00,"A- Fatal","F- Driver",,,"K- Private Cars","P- Speeding",1.00
6037,26466.00,"4- Demerara- Mahaica",351,"Water St. Bagotstown","East bank Demerara (from Georgetown)","-58.1717","6.7789",,,11/4/2009 0:00:00,,"D- Property Damage","F- Driver",,,"K- Private Cars","P- Speeding",2.00
6038,26467.00,"4- Demerara- Mahaica",351,"Bagotstown Public Rd.","East bank Demerara (from Georgetown)","-58.1794","6.7505",,,11/18/2009 0:00:00,12/30/1899 12:15:00,"C- Minor Injury","G- Rider",29.00,"Male","J- Minibus;V-Motor Cycle","S- Driver's Negligence",2.00
6039,26468.00,"4- Demerara- Mahaica",353,"Peter's Hall Public Rd.","East bank Demerara (from Georgetown)","-58.1698","6.7724",,,11/26/2009 0:00:00,,"C- Minor Injury","E- Pedestrian",37.00,"Male","L- Lorries Van;N- Pickup","S- Driver's Negligence",2.00
6040,26469.00,"4- Demerara- Mahaica",349,"Eccles Public Rd.","East bank Demerara (from Georgetown)","-58.1706","6.7802",,,12/3/2009 0:00:00,12/30/1899 16:20:00,"C- Minor Injury","F- Driver",49.00,"Male","K- Private Cars;L- Lorries Van","S- Driver's Negligence",2.00
6041,26470.00,"4- Demerara- Mahaica",366,"Prospect Public Rd.","East bank Demerara (from Georgetown)","-58.1865","6.7372",,,12/3/2009 0:00:00,12/30/1899 16:30:00,"C- Minor Injury","E- Pedestrian",32.00,"Male","V-Motor Cycle","U- Cyclist's Negligence",2.00
6042,26471.00,"4- Demerara- Mahaica",366,"Providence Public Rd.","East bank Demerara (from Georgetown)","-58.1805","6.7587",,,12/5/2009 0:00:00,12/30/1899 9:50:00,"C- Minor Injury","G- Rider",14.00,"Male","K- Private Cars;W-Pedal Cycle","S- Driver's Negligence",2.00
6043,26472.00,"4- Demerara- Mahaica",366,"Providence Public Rd.","East bank Demerara (from Georgetown)","-58.1805","6.7587",,,12/7/2009 0:00:00,,"C- Minor Injury","E- Pedestrian",36.00,"Male","K- Private Cars","S- Driver's Negligence",2.00
6044,26473.00,"4- Demerara- Mahaica",349,"Eccles Public Rd.","East bank Demerara (from Georgetown)","-58.1706","6.7802",,,12/14/2009 0:00:00,12/30/1899 7:55:00,"D- Property Damage","G- Rider",48.00,"Female","K- Private Cars;V-Motor Cycle","U- Cyclist's Negligence",2.00
6045,26474.00,"4- Demerara- Mahaica",366,"Providence Public Rd.","East bank Demerara (from Georgetown)","-58.1805","6.7587",,,12/14/2009 0:00:00,,"D- Property Damage","F- Driver",24.00,"Male","J- Minibus;K- Private Cars","S- Driver's Negligence",2.00
6046,26475.00,"4- Demerara- Mahaica",366,"Providence Public Rd.","East bank Demerara (from Georgetown)","-58.1805","6.7587",,,12/20/2009 0:00:00,12/30/1899 0:05:00,"B- Serious Injury","F- Driver",28.00,"Male","K- Private Cars;M- Hire Cars","S- Driver's Negligence",2.00
6047,26476.00,"4- Demerara- Mahaica",366,"Prospect Public Rd.","East bank Demerara (from Georgetown)","-58.1865","6.7372",,,12/26/2009 0:00:00,,"D- Property Damage","F- Driver",36.00,"Male","J- Minibus;K- Private Cars","S- Driver's Negligence",2.00
6048,26477.00,"4- Demerara- Mahaica",353,"Peter's Hall Public Rd.","East bank Demerara (from Georgetown)","-58.1698","6.7724",,,12/22/2009 0:00:00,,"D- Property Damage","F- Driver",31.00,"Male","J- Minibus;K- Private Cars","S- Driver's Negligence",4.00
6049,26478.00,"4- Demerara- Mahaica",366,"Providence Public Rd.","East bank Demerara (from Georgetown)","-58.1805","6.7587",,,1/1/2010 0:00:00,12/30/1899 19:45:00,"D- Property Damage",,,,,,
6050,26479.00,"4- Demerara- Mahaica",361,"Herstelling Public Rd.","East bank Demerara (from Georgetown)","-58.1848","6.7464",,,1/8/2010 0:00:00,12/30/1899 20:30:00,"C- Minor Injury","G- Rider",34.00,"Male","N- Pickup;V-Motor Cycle","U- Cyclist's Negligence",2.00
6051,26480.00,"4- Demerara- Mahaica",349,"Eccles Public Rd.","East bank Demerara (from Georgetown)","-58.1706","6.7802",,,1/11/2010 0:00:00,12/30/1899 7:40:00,"D- Property Damage","F- Driver",26.00,"Male","K- Private Cars;L- Lorries Van","S- Driver's Negligence",2.00
6052,26481.00,"4- Demerara- Mahaica",351,"Bagotstown Public Rd.","East bank Demerara (from Georgetown)","-58.1794","6.7505",,,1/12/2010 0:00:00,12/30/1899 16:45:00,"D- Property Damage","F- Driver",27.00,"Male","K- Private Cars;L- Lorries Van","S- Driver's Negligence",2.00
6053,26482.00,"4- Demerara- Mahaica",366,"Providence Public Rd.","East bank Demerara (from Georgetown)","-58.1805","6.7587",,,1/5/2010 0:00:00,12/30/1899 7:20:00,"D- Property Damage","F- Driver",29.00,"Male","J- Minibus;L- Lorries Van","S- Driver's Negligence",2.00
6054,26483.00,"4- Demerara- Mahaica",366,"Providence Public Rd.","East bank Demerara (from Georgetown)","-58.1805","6.7587",,,1/25/2010 0:00:00,12/30/1899 0:45:00,"C- Minor Injury","E- Pedestrian",26.00,"Male","K- Private Cars","S- Driver's Negligence",2.00
6055,26484.00,"4- Demerara- Mahaica",352,"Demerara Harbour Bridge","East bank Demerara (from Georgetown)","-58.1798","6.7682",,,1/13/2010 0:00:00,12/30/1899 7:20:00,"C- Minor Injury","G- Rider",20.00,"Male","M- Hire Cars;W-Pedal Cycle","U- Cyclist's Negligence",2.00
6056,26485.00,"4- Demerara- Mahaica",361,"Herstelling Public Rd.","East bank Demerara (from Georgetown)","-58.1848","6.7464",,,1/22/2010 0:00:00,12/30/1899 19:30:00,"C- Minor Injury","F- Driver",38.00,"Male","K- Private Cars;W-Pedal Cycle","U- Cyclist's Negligence",2.00
6057,26486.00,"4- Demerara- Mahaica",351,"Bagotstown Public Rd.","East bank Demerara (from Georgetown)","-58.1794","6.7505",,,1/25/2010 0:00:00,12/30/1899 10:20:00,"C- Minor Injury","F- Driver",25.00,"Male","J- Minibus","S- Driver's Negligence",2.00
6058,26487.00,"4- Demerara- Mahaica",351,"Bagotstown Public Rd.","East bank Demerara (from Georgetown)","-58.1794","6.7505",,,1/23/2010 0:00:00,12/30/1899 18:30:00,"C- Minor Injury","F- Driver",18.00,"Female","K- Private Cars","S- Driver's Negligence",2.00
6059,26488.00,"4- Demerara- Mahaica",366,"Providence Public Rd.","East bank Demerara (from Georgetown)","-58.1805","6.7587",,,1/25/2010 0:00:00,,"D- Property Damage","F- Driver",39.00,"Male","J- Minibus;L- Lorries Van","S- Driver's Negligence",2.00
6060,26489.00,"4- Demerara- Mahaica",366,"Prospect Public Rd.","East bank Demerara (from Georgetown)","-58.1865","6.7372",,,1/21/2010 0:00:00,12/30/1899 23:30:00,"D- Property Damage","F- Driver",27.00,"Male","J- Minibus;K- Private Cars","P- Speeding",2.00
6061,26490.00,"4- Demerara- Mahaica",361,"Herstelling Public Rd.","East bank Demerara (from Georgetown)","-58.1848","6.7464",,,1/28/2010 0:00:00,12/30/1899 8:15:00,"D- Property Damage","F- Driver",32.00,"Male","J- Minibus;K- Private Cars","P- Speeding",2.00
6062,26491.00,"4- Demerara- Mahaica",349,"Eccles Housing Scheme","East bank Demerara (from Georgetown)","-58.1696","6.7737",,,1/29/2010 0:00:00,12/30/1899 8:45:00,"B- Serious Injury","E- Pedestrian",31.00,"Female","L- Lorries Van","S- Driver's Negligence",2.00
6063,26492.00,"4- Demerara- Mahaica",415,"Mocha Public Rd.","Number Three or Mocha Canal Road (Right Bank Demerara River-from Georgetown Southern Side)","-58.1732","6.7471",,,1/29/2010 0:00:00,12/30/1899 17:10:00,"C- Minor Injury","G- Rider",,,"W-Pedal Cycle","U- Cyclist's Negligence",2.00
6064,26493.00,"4- Demerara- Mahaica",349,"Eccles Industrial Access Rd.","East bank Demerara (from Georgetown)","-58.1695","6.7723",,,1/29/2010 0:00:00,12/30/1899 16:45:00,"D- Property Damage","F- Driver",41.00,"Male","L- Lorries Van;N- Pickup","S- Driver's Negligence",2.00
6065,26494.00,"4- Demerara- Mahaica",366,"Providence Public Rd.","East bank Demerara (from Georgetown)","-58.1805","6.7587",,,1/29/2010 0:00:00,12/30/1899 20:20:00,"C- Minor Injury","G- Rider",18.00,"Male","L- Lorries Van;V-Motor Cycle","U- Cyclist's Negligence",2.00
6066,26495.00,"4- Demerara- Mahaica",352,"Demerara Harbour Bridge","East bank Demerara (from Georgetown)","-58.1798","6.7682",,,1/29/2010 0:00:00,12/30/1899 17:16:00,"D- Property Damage","F- Driver",36.00,"Male","K- Private Cars;N- Pickup","S- Driver's Negligence",2.00
6067,26496.00,"4- Demerara- Mahaica",351,"Bagotstown Public Rd.","East bank Demerara (from Georgetown)","-58.1794","6.7505",,,2/6/2010 0:00:00,,"C- Minor Injury","F- Driver",51.00,"Male","K- Private Cars;M- Hire Cars;V-Motor Cycle","U- Cyclist's Negligence",3.00
6068,26497.00,"4- Demerara- Mahaica",366,"Providence Public Rd.","East bank Demerara (from Georgetown)","-58.1805","6.7587",,,2/7/2010 0:00:00,12/30/1899 2:30:00,"D- Property Damage","F- Driver",24.00,"Male","K- Private Cars;M- Hire Cars","S- Driver's Negligence",2.00
6069,26498.00,"4- Demerara- Mahaica",361,"Herstelling Public Rd.","East bank Demerara (from Georgetown)","-58.1848","6.7464",,,2/6/2010 0:00:00,12/30/1899 7:20:00,"D- Property Damage","G- Rider",60.00,"Male","N- Pickup;V-Motor Cycle","U- Cyclist's Negligence",2.00
6070,26499.00,"4- Demerara- Mahaica",352,"Demerara Harbour Bridge","East bank Demerara (from Georgetown)","-58.1798","6.7682",,,2/10/2001 0:00:00,12/30/1899 7:20:00,"D- Property Damage","F- Driver",39.00,"Male","K- Private Cars","S- Driver's Negligence",2.00
6071,26500.00,"4- Demerara- Mahaica",366,"Providence Public Rd.","East bank Demerara (from Georgetown)","-58.1805","6.7587",,,2/9/2010 0:00:00,12/30/1899 2:30:00,"C- Minor Injury","F- Driver",,"Male","K- Private Cars","S- Driver's Negligence",2.00
6072,26501.00,"4- Demerara- Mahaica",366,"Providence Public Rd.","East bank Demerara (from Georgetown)","-58.1805","6.7587",,,2/11/2010 0:00:00,12/30/1899 12:50:00,"D- Property Damage","F- Driver",26.00,"Male","K- Private Cars","S- Driver's Negligence",2.00
6073,26502.00,"4- Demerara- Mahaica",349,"Eccles Public Rd.","East bank Demerara (from Georgetown)","-58.1706","6.7802",,,2/14/2010 0:00:00,12/30/1899 10:15:00,"C- Minor Injury","F- Driver",24.00,"Male","J- Minibus;K- Private Cars;N- Pickup","S- Driver's Negligence",4.00
6074,26503.00,"4- Demerara- Mahaica",361,"3rd St. Herstelling","East bank Demerara (from Georgetown)","-58.1877","6.7454",,,2/19/2010 0:00:00,12/30/1899 11:30:00,"C- Minor Injury","F- Driver",,"Female","K- Private Cars","S- Driver's Negligence",2.00
6075,26504.00,"4- Demerara- Mahaica",367,"Little Diamond Public Rd.","East bank Demerara (from Georgetown)","-58.1864","6.7378",,,2/20/2010 0:00:00,12/30/1899 1:00:00,"D- Property Damage","F- Driver",37.00,,"K- Private Cars;N- Pickup","S- Driver's Negligence",2.00
6076,26505.00,"4- Demerara- Mahaica",366,"Prospect Public Rd.","East bank Demerara (from Georgetown)","-58.1865","6.7372",,,2/20/2010 0:00:00,12/30/1899 23:30:00,"B- Serious Injury","E- Pedestrian",,"Male","K- Private Cars","S- Driver's Negligence",2.00
6077,26506.00,"4- Demerara- Mahaica",366,"Prospect Public Rd.","East bank Demerara (from Georgetown)","-58.1865","6.7372",,,3/1/2010 0:00:00,,"C- Minor Injury","E- Pedestrian",13.00,"Male","L- Lorries Van;M- Hire Cars","S- Driver's Negligence",3.00
6078,26507.00,"4- Demerara- Mahaica",349,"Eccles Public Rd.","East bank Demerara (from Georgetown)","-58.1706","6.7802",,,3/2/2010 0:00:00,,"D- Property Damage","F- Driver",35.00,"Male","K- Private Cars;L- Lorries Van","S- Driver's Negligence",2.00
6079,26508.00,"4- Demerara- Mahaica",366,"Providence Public Rd.","East bank Demerara (from Georgetown)","-58.1805","6.7587",,,3/2/2010 0:00:00,12/30/1899 11:00:00,"D- Property Damage","F- Driver",24.00,"Male","K- Private Cars","S- Driver's Negligence",2.00
6080,26509.00,"4- Demerara- Mahaica",352,"Demerara Harbour Bridge","East bank Demerara (from Georgetown)","-58.1798","6.7682",,,3/11/2010 0:00:00,12/30/1899 8:41:00,"D- Property Damage","F- Driver",22.00,"Male","K- Private Cars;L- Lorries Van","S- Driver's Negligence",2.00
6081,26510.00,"4- Demerara- Mahaica",366,"Providence Public Rd.","East bank Demerara (from Georgetown)","-58.1805","6.7587",,,3/14/2010 0:00:00,12/30/1899 10:45:00,"D- Property Damage","F- Driver",45.00,"Male","K- Private Cars;M- Hire Cars","S- Driver's Negligence",3.00
6082,26511.00,"4- Demerara- Mahaica",366,"Providence Public Rd.","East bank Demerara (from Georgetown)","-58.1805","6.7587",,,3/19/2010 0:00:00,12/30/1899 12:20:00,"D- Property Damage","G- Rider",21.00,"Male","K- Private Cars;V-Motor Cycle","U- Cyclist's Negligence",2.00
6083,26512.00,"4- Demerara- Mahaica",353,"Peter's Hall Public Rd.","East bank Demerara (from Georgetown)","-58.1698","6.7724",,,3/22/2010 0:00:00,12/30/1899 9:30:00,"D- Property Damage","F- Driver",,,"K- Private Cars","S- Driver's Negligence",2.00
6084,26513.00,"4- Demerara- Mahaica",361,"Herstelling Public Rd.","East bank Demerara (from Georgetown)","-58.1848","6.7464",,,3/24/2010 0:00:00,,"D- Property Damage","F- Driver",38.00,"Male","J- Minibus;K- Private Cars","S- Driver's Negligence",2.00
6085,26514.00,"4- Demerara- Mahaica",361,"Herstelling Public Rd.","East bank Demerara (from Georgetown)","-58.1848","6.7464",,,3/25/2010 0:00:00,12/30/1899 8:00:00,"C- Minor Injury","F- Driver",36.00,"Male","L- Lorries Van;V-Motor Cycle","U- Cyclist's Negligence",2.00
6086,26515.00,"4- Demerara- Mahaica",366,"Prospect Public Rd.","East bank Demerara (from Georgetown)","-58.1865","6.7372",,,3/26/2010 0:00:00,12/30/1899 0:50:00,"B- Serious Injury","F- Driver",42.00,"Male","N- Pickup;V-Motor Cycle","S- Driver's Negligence",2.00
6087,26516.00,"4- Demerara- Mahaica",349,"Eccles Public Rd.","East bank Demerara (from Georgetown)","-58.1706","6.7802",,,3/27/2010 0:00:00,12/30/1899 12:45:00,"D- Property Damage","F- Driver",41.00,"Male","K- Private Cars;L- Lorries Van","S- Driver's Negligence",3.00
6088,26517.00,"4- Demerara- Mahaica",366,"Prospect Public Rd.","East bank Demerara (from Georgetown)","-58.1865","6.7372",,,3/31/2010 0:00:00,12/30/1899 3:40:00,"D- Property Damage","F- Driver",36.00,"Male","K- Private Cars","S- Driver's Negligence",2.00
6089,26518.00,"4- Demerara- Mahaica",351,"Bagotstown Public Rd.","East bank Demerara (from Georgetown)","-58.1794","6.7505",,,3/25/2010 0:00:00,12/30/1899 17:00:00,"D- Property Damage","F- Driver",24.00,"Male","K- Private Cars","S- Driver's Negligence",2.00
6090,26519.00,"4- Demerara- Mahaica",353,"Peter's Hall Public Rd.","East bank Demerara (from Georgetown)","-58.1698","6.7724",,,4/2/2010 0:00:00,12/30/1899 16:02:00,"C- Minor Injury","G- Rider",51.00,"Female","K- Private Cars;V-Motor Cycle","S- Driver's Negligence",2.00
6091,26520.00,"4- Demerara- Mahaica",366,"Prospect Public Rd.","East bank Demerara (from Georgetown)","-58.1865","6.7372",,,4/3/2010 0:00:00,12/30/1899 13:00:00,"A- Fatal","F- Driver",25.00,"Male","M- Hire Cars","T-Pedestrian's Negligence",2.00
6092,26521.00,"4- Demerara- Mahaica",366,"Prospect Public Rd.","East bank Demerara (from Georgetown)","-58.1865","6.7372",,,4/6/2010 0:00:00,12/30/1899 13:00:00,"D- Property Damage","F- Driver",27.00,"Male","J- Minibus;L- Lorries Van","S- Driver's Negligence",2.00
6093,26522.00,"4- Demerara- Mahaica",361,"Herstelling Public Rd.","East bank Demerara (from Georgetown)","-58.1848","6.7464",,,4/11/2010 0:00:00,12/30/1899 21:40:00,"C- Minor Injury","F- Driver",55.00,"Male","K- Private Cars;L- Lorries Van","S- Driver's Negligence",2.00
6094,26523.00,"4- Demerara- Mahaica",353,"Peter's Hall Public Rd.","East bank Demerara (from Georgetown)","-58.1698","6.7724",,,4/10/2010 0:00:00,12/30/1899 12:00:00,"D- Property Damage","F- Driver",21.00,"Male","J- Minibus;L- Lorries Van","S- Driver's Negligence",2.00
6095,26524.00,"4- Demerara- Mahaica",349,"Eccles Public Rd.","East bank Demerara (from Georgetown)","-58.1706","6.7802",,,4/13/2010 0:00:00,12/30/1899 17:15:00,"D- Property Damage","F- Driver",57.00,"Male","J- Minibus;W-Pedal Cycle","U- Cyclist's Negligence",2.00
6096,26525.00,"4- Demerara- Mahaica",353,"Peter's Hall Public Rd.","East bank Demerara (from Georgetown)","-58.1698","6.7724",,,4/14/2010 0:00:00,12/30/1899 16:03:00,"D- Property Damage","F- Driver",46.00,"Male","K- Private Cars;N- Pickup","S- Driver's Negligence",2.00
6097,26526.00,"4- Demerara- Mahaica",366,"Providence Public Rd.","East bank Demerara (from Georgetown)","-58.1805","6.7587",,,4/15/2010 0:00:00,12/30/1899 19:00:00,"D- Property Damage","F- Driver",,"Male","J- Minibus;L- Lorries Van","S- Driver's Negligence",2.00
6098,26527.00,"4- Demerara- Mahaica",353,"Peter's Hall Public Rd.","East bank Demerara (from Georgetown)","-58.1698","6.7724",,,4/14/2010 0:00:00,12/30/1899 17:30:00,"D- Property Damage","F- Driver",36.00,"Male","J- Minibus","R- Improper Overtaking",2.00
6099,26528.00,"4- Demerara- Mahaica",366,"Providence Public Rd.","East bank Demerara (from Georgetown)","-58.1805","6.7587",,,4/16/2010 0:00:00,12/30/1899 4:15:00,"D- Property Damage","F- Driver",38.00,"Female","J- Minibus;K- Private Cars;V-Motor Cycle","P- Speeding",3.00
6100,26529.00,"4- Demerara- Mahaica",361,"Herstelling Public Rd.","East bank Demerara (from Georgetown)","-58.1848","6.7464",,,4/17/2010 0:00:00,12/30/1899 19:30:00,"D- Property Damage","F- Driver",39.00,"Male","J- Minibus;K- Private Cars","P- Speeding",2.00
6101,26530.00,"4- Demerara- Mahaica",349,"Eccles Public Rd.","East bank Demerara (from Georgetown)","-58.1706","6.7802",,,4/19/2010 0:00:00,12/30/1899 16:00:00,"D- Property Damage","F- Driver",24.00,"Male","K- Private Cars","S- Driver's Negligence",2.00
6102,26531.00,"4- Demerara- Mahaica",361,"Herstelling Public Rd.","East bank Demerara (from Georgetown)","-58.1848","6.7464",,,4/20/2010 0:00:00,12/30/1899 13:30:00,"C- Minor Injury","E- Pedestrian",18.00,"Male","K- Private Cars","S- Driver's Negligence",2.00
6103,26532.00,"4- Demerara- Mahaica",366,"Prospect Public Rd.","East bank Demerara (from Georgetown)","-58.1865","6.7372",,,4/23/2010 0:00:00,12/30/1899 17:00:00,"C- Minor Injury","F- Driver",31.00,"Male","J- Minibus;W-Pedal Cycle","U- Cyclist's Negligence",2.00
6104,26533.00,"4- Demerara- Mahaica",366,"Prospect Public Rd.","East bank Demerara (from Georgetown)","-58.1865","6.7372",,,4/21/2010 0:00:00,,"D- Property Damage","F- Driver",32.00,"Male","N- Pickup","S- Driver's Negligence",2.00
6105,26534.00,"4- Demerara- Mahaica",365,"Covent Garden Public Rd.","East bank Demerara (from Georgetown)","-58.1898","6.7372",,,4/24/2010 0:00:00,12/30/1899 18:40:00,"D- Property Damage","F- Driver",32.00,"Male","J- Minibus;L- Lorries Van","S- Driver's Negligence",2.00
6106,26535.00,"4- Demerara- Mahaica",351,"Bagotstown Public Rd.","East bank Demerara (from Georgetown)","-58.1794","6.7505",,,4/25/2010 0:00:00,12/30/1899 0:15:00,"C- Minor Injury","F- Driver",39.00,"Male","K- Private Cars","S- Driver's Negligence",2.00
6107,26536.00,"4- Demerara- Mahaica",349,"Xuic Avenue Eccles","East bank Demerara (from Georgetown)","-58.1706","6.7802",,,4/26/2010 0:00:00,12/30/1899 2:30:00,"D- Property Damage","F- Driver",29.00,"Male","K- Private Cars","O- Lost Control & Runoff;P- Speeding",1.00
6108,26537.00,"4- Demerara- Mahaica",366,"Prospect Public Rd.","East bank Demerara (from Georgetown)","-58.1865","6.7372",,,5/2/2010 0:00:00,,"D- Property Damage","F- Driver",26.00,"Female","K- Private Cars;N- Pickup","S- Driver's Negligence",2.00
6109,26538.00,"4- Demerara- Mahaica",366,"Providence Public Rd.","East bank Demerara (from Georgetown)","-58.1805","6.7587",,,5/2/2010 0:00:00,12/30/1899 12:45:00,"D- Property Damage","F- Driver",41.00,"Male","J- Minibus;K- Private Cars","P- Speeding",2.00