"ID","Accident ID","Region Number","Corridor ID","Location (Intersection/Road/Street)","Corridor","Location- longitude/ X","Location- latitude/  Y","Mile Marker","Village","Date of Accident","Time of Accident","Type of Accident","Class of Road User","Age/DOB","Gender","Class of Vehicles Involved","Contributing Factor","Number of Persons Involved"
6110,26539.00,"4- Demerara- Mahaica",353,"Peter's Hall Public Rd.","East bank Demerara (from Georgetown)","-58.1698","6.7724",,,5/5/2010 0:00:00,,"D- Property Damage","F- Driver",43.00,"Male","M- Hire Cars;N- Pickup","S- Driver's Negligence",2.00
6111,26540.00,"4- Demerara- Mahaica",415,"Mocha Public Rd.","Number Three or Mocha Canal Road (Right Bank Demerara River-from Georgetown Southern Side)","-58.1732","6.7471",,,5/10/2010 0:00:00,12/30/1899 14:30:00,"D- Property Damage","F- Driver",29.00,"Female","J- Minibus;K- Private Cars","S- Driver's Negligence",2.00
6112,26541.00,"4- Demerara- Mahaica",349,"Eccles Public Rd.","East bank Demerara (from Georgetown)","-58.1706","6.7802",,,5/11/2010 0:00:00,12/30/1899 7:50:00,"D- Property Damage","F- Driver",30.00,"Female","K- Private Cars;L- Lorries Van","S- Driver's Negligence",2.00
6113,26542.00,"4- Demerara- Mahaica",352,"Demerara Harbour Bridge","East bank Demerara (from Georgetown)","-58.1798","6.7682",,,5/3/2010 0:00:00,12/30/1899 20:10:00,"D- Property Damage","F- Driver",34.00,"Male","K- Private Cars","S- Driver's Negligence",2.00
6114,26543.00,"4- Demerara- Mahaica",363,"Farm Public Rd.","East bank Demerara (from Georgetown)","-58.1881","6.7380",,,5/14/2010 0:00:00,,"D- Property Damage","F- Driver",45.00,"Male","J- Minibus","Y-Animal",1.00
6115,26544.00,"4- Demerara- Mahaica",351,"Bagotstown Public Rd.","East bank Demerara (from Georgetown)","-58.1794","6.7505",,,5/24/2010 0:00:00,12/30/1899 3:30:00,"D- Property Damage","F- Driver",42.00,"Male","J- Minibus;K- Private Cars","S- Driver's Negligence",2.00
6116,26545.00,"4- Demerara- Mahaica",363,"Farm Public Rd.","East bank Demerara (from Georgetown)","-58.1881","6.7380",,,5/25/2010 0:00:00,12/30/1899 15:30:00,"D- Property Damage","F- Driver",34.00,"Male","J- Minibus","Y-Animal",1.00
6117,26546.00,"4- Demerara- Mahaica",353,"Peter's Hall Public Rd.","East bank Demerara (from Georgetown)","-58.1698","6.7724",,,5/26/2010 0:00:00,12/30/1899 18:45:00,"C- Minor Injury","F- Driver",27.00,"Male","J- Minibus","S- Driver's Negligence",2.00
6118,26547.00,"4- Demerara- Mahaica",366,"Providence Public Rd.","East bank Demerara (from Georgetown)","-58.1805","6.7587",,,5/28/2010 0:00:00,12/30/1899 14:25:00,"D- Property Damage","F- Driver",18.00,"Male","M- Hire Cars;N- Pickup","S- Driver's Negligence",2.00
6119,26548.00,"4- Demerara- Mahaica",351,"Bagotstown Public Rd.","East bank Demerara (from Georgetown)","-58.1794","6.7505",,,5/5/2010 0:00:00,,"C- Minor Injury","F- Driver",22.00,"Male","K- Private Cars","P- Speeding",2.00
6120,26549.00,"4- Demerara- Mahaica",349,"Eccles Public Rd.","East bank Demerara (from Georgetown)","-58.1706","6.7802",,,5/31/2010 0:00:00,12/30/1899 12:10:00,"D- Property Damage","F- Driver",24.00,"Male","K- Private Cars;L- Lorries Van;M- Hire Cars","P- Speeding",3.00
6121,26550.00,"4- Demerara- Mahaica",351,"Bagotstown Public Rd.","East bank Demerara (from Georgetown)","-58.1794","6.7505",,,5/6/2010 0:00:00,12/30/1899 21:00:00,"B- Serious Injury","F- Driver",52.00,"Male","K- Private Cars;V-Motor Cycle","Q- Alcohol",2.00
6122,26551.00,"4- Demerara- Mahaica",367,"Little Diamond Public Rd.","East bank Demerara (from Georgetown)","-58.1864","6.7378",,,6/7/2010 0:00:00,12/30/1899 6:45:00,"C- Minor Injury","F- Driver",19.00,"Female","K- Private Cars;V-Motor Cycle","U- Cyclist's Negligence",2.00
6123,26552.00,"4- Demerara- Mahaica",361,"Herstelling Public Rd.","East bank Demerara (from Georgetown)","-58.1848","6.7464",,,6/12/2010 0:00:00,12/30/1899 16:45:00,"D- Property Damage","F- Driver",36.00,"Male","K- Private Cars;M- Hire Cars","Q- Alcohol",2.00
6124,26553.00,"4- Demerara- Mahaica",351,"Bagotstown Public Rd.","East bank Demerara (from Georgetown)","-58.1794","6.7505",,,6/20/2010 0:00:00,12/30/1899 1:00:00,"D- Property Damage","F- Driver",24.00,"Male","K- Private Cars","S- Driver's Negligence",1.00
6125,26554.00,"4- Demerara- Mahaica",349,"Eccles Public Rd.","East bank Demerara (from Georgetown)","-58.1706","6.7802",,,6/21/2010 0:00:00,12/30/1899 5:30:00,"D- Property Damage","F- Driver",31.00,"Male","J- Minibus;K- Private Cars","S- Driver's Negligence",2.00
6126,26555.00,"4- Demerara- Mahaica",349,"Eccles Public Rd.","East bank Demerara (from Georgetown)","-58.1706","6.7802",,,6/24/2010 0:00:00,12/30/1899 16:10:00,"D- Property Damage","F- Driver",28.00,"Female","K- Private Cars","S- Driver's Negligence",2.00
6127,26556.00,"4- Demerara- Mahaica",415,"Mocha Access Rd.","Number Three or Mocha Canal Road (Right Bank Demerara River-from Georgetown Southern Side)","-58.1819","6.7494",,,6/28/2010 0:00:00,12/30/1899 2:30:00,"C- Minor Injury","F- Driver",30.00,"Male","M- Hire Cars","O- Lost Control & Runoff",1.00
6128,26557.00,"4- Demerara- Mahaica",366,"Providence Public Rd.","East bank Demerara (from Georgetown)","-58.1805","6.7587",,,6/14/2008 0:00:00,12/30/1899 20:50:00,"D- Property Damage","F- Driver",26.00,"Male","J- Minibus;K- Private Cars","S- Driver's Negligence",2.00
6129,26558.00,"4- Demerara- Mahaica",366,"Providence Public Rd.","East bank Demerara (from Georgetown)","-58.1805","6.7587",,,6/17/2008 0:00:00,12/30/1899 17:30:00,"D- Property Damage","F- Driver",,"Male","K- Private Cars;L- Lorries Van","S- Driver's Negligence",2.00
6130,26559.00,"4- Demerara- Mahaica",349,"Eccles Public Rd.","East bank Demerara (from Georgetown)","-58.1706","6.7802",,,6/28/2008 0:00:00,12/30/1899 4:30:00,"A- Fatal","F- Driver",35.00,"Male","M- Hire Cars","O- Lost Control & Runoff",2.00
6131,26560.00,"4- Demerara- Mahaica",352,"Demerara Harbour Bridge","East bank Demerara (from Georgetown)","-58.1798","6.7682",,,6/30/2008 0:00:00,12/30/1899 7:50:00,"D- Property Damage","F- Driver",43.00,"Male","K- Private Cars;L- Lorries Van","S- Driver's Negligence",2.00
6132,26561.00,"4- Demerara- Mahaica",353,"Peter's Hall Public Rd.","East bank Demerara (from Georgetown)","-58.1698","6.7724",,,7/2/2008 0:00:00,12/30/1899 11:45:00,"D- Property Damage","F- Driver",51.00,"Male","K- Private Cars;L- Lorries Van","S- Driver's Negligence",2.00
6133,26562.00,"4- Demerara- Mahaica",349,"Eccles Public Rd.","East bank Demerara (from Georgetown)","-58.1706","6.7802",,,6/28/2008 0:00:00,12/30/1899 11:40:00,"D- Property Damage","F- Driver",,"Male","L- Lorries Van","S- Driver's Negligence",2.00
6134,26563.00,"4- Demerara- Mahaica",365,"Covent Garden Public Rd.","East bank Demerara (from Georgetown)","-58.1898","6.7372",,,7/13/2008 0:00:00,,"A- Fatal","G- Rider",41.00,"Male","L- Lorries Van;V-Motor Cycle","S- Driver's Negligence",2.00
6135,26564.00,"4- Demerara- Mahaica",349,"Eccles Public Rd.","East bank Demerara (from Georgetown)","-58.1706","6.7802",,,7/16/2008 0:00:00,12/30/1899 23:40:00,"C- Minor Injury","F- Driver",32.00,"Male","N- Pickup;W-Pedal Cycle","S- Driver's Negligence",2.00
6136,26565.00,"4- Demerara- Mahaica",366,"Providence Public Rd.","East bank Demerara (from Georgetown)","-58.1805","6.7587",,,7/23/2008 0:00:00,12/30/1899 7:00:00,"D- Property Damage","F- Driver",47.00,"Male","J- Minibus;K- Private Cars","S- Driver's Negligence",2.00
6137,26566.00,"4- Demerara- Mahaica",366,"Providence Public Rd.","East bank Demerara (from Georgetown)","-58.1805","6.7587",,,7/28/2008 0:00:00,12/30/1899 16:45:00,"D- Property Damage","F- Driver",38.00,"Female","K- Private Cars;L- Lorries Van","S- Driver's Negligence",2.00
6138,26567.00,"4- Demerara- Mahaica",366,"Prospect Public Rd.","East bank Demerara (from Georgetown)","-58.1865","6.7372",,,7/29/2008 0:00:00,12/30/1899 0:23:00,"D- Property Damage","F- Driver",,"Male","J- Minibus;M- Hire Cars","S- Driver's Negligence",2.00
6139,26568.00,"4- Demerara- Mahaica",349,"Eccles Public Rd.","East bank Demerara (from Georgetown)","-58.1706","6.7802",,,4/1/2008 0:00:00,12/30/1899 19:30:00,"C- Minor Injury","F- Driver",,"Male","J- Minibus","S- Driver's Negligence",1.00
6140,26569.00,"4- Demerara- Mahaica",365,"Covent Garden Public Rd.","East bank Demerara (from Georgetown)","-58.1898","6.7372",,,7/14/2008 0:00:00,12/30/1899 23:30:00,"D- Property Damage","F- Driver",37.00,"Male","M- Hire Cars","O- Lost Control & Runoff",1.00
6141,26570.00,"4- Demerara- Mahaica",366,"Providence Public Rd.","East bank Demerara (from Georgetown)","-58.1805","6.7587",,,8/3/2008 0:00:00,12/30/1899 13:50:00,"B- Serious Injury","F- Driver",30.00,"Male","J- Minibus;V-Motor Cycle","U- Cyclist's Negligence",2.00
6142,26571.00,"4- Demerara- Mahaica",349,"Eccles Public Rd.","East bank Demerara (from Georgetown)","-58.1706","6.7802",,,9/6/2008 0:00:00,12/30/1899 3:15:00,"B- Serious Injury","F- Driver",44.00,"Male","J- Minibus;W-Pedal Cycle","U- Cyclist's Negligence",2.00
6143,26572.00,"4- Demerara- Mahaica",366,"Prospect Public Rd.","East bank Demerara (from Georgetown)","-58.1865","6.7372",,,8/5/2008 0:00:00,12/30/1899 0:15:00,"A- Fatal","F- Driver",22.00,"Male","K- Private Cars","O- Lost Control & Runoff",2.00
6144,26573.00,"4- Demerara- Mahaica",351,"Bagotstown Public Rd.","East bank Demerara (from Georgetown)","-58.1794","6.7505",,,8/29/2008 0:00:00,12/30/1899 15:00:00,"D- Property Damage","F- Driver",55.00,"Male","J- Minibus;M- Hire Cars","S- Driver's Negligence",2.00
6145,26574.00,"4- Demerara- Mahaica",351,"Bagotstown Public Rd.","East bank Demerara (from Georgetown)","-58.1794","6.7505",,,9/21/2008 0:00:00,12/30/1899 15:00:00,"D- Property Damage","F- Driver",51.00,"Male","V-Motor Cycle;W-Pedal Cycle","U- Cyclist's Negligence",2.00
6146,26575.00,"4- Demerara- Mahaica",349,"1st Ave. Eccles Access Rd.","East bank Demerara (from Georgetown)","-58.1706","6.7802",,,9/12/2008 0:00:00,12/30/1899 21:00:00,"D- Property Damage","F- Driver",,"Male","N- Pickup","O- Lost Control & Runoff",1.00
6147,26576.00,"4- Demerara- Mahaica",353,"Peter's Hall Public Rd.","East bank Demerara (from Georgetown)","-58.1698","6.7724",,,8/23/2008 0:00:00,12/30/1899 22:05:00,"D- Property Damage","F- Driver",52.00,"Female","J- Minibus;K- Private Cars","S- Driver's Negligence",2.00
6148,26577.00,"4- Demerara- Mahaica",415,"1st St. Mocha Arcadia","Number Three or Mocha Canal Road (Right Bank Demerara River-from Georgetown Southern Side)","-58.1796","6.7497",,,10/1/2008 0:00:00,12/30/1899 18:30:00,"C- Minor Injury","F- Driver",19.00,"Male","J- Minibus","S- Driver's Negligence",2.00
6149,26578.00,"4- Demerara- Mahaica",366,"Providence Public Rd.","East bank Demerara (from Georgetown)","-58.1805","6.7587",,,10/6/2008 0:00:00,12/30/1899 17:30:00,"D- Property Damage","F- Driver",,"Male","M- Hire Cars;W-Pedal Cycle","S- Driver's Negligence",2.00
6150,26579.00,"4- Demerara- Mahaica",365,"Covent Garden Public Rd.","East bank Demerara (from Georgetown)","-58.1898","6.7372",,,10/23/2008 0:00:00,12/30/1899 21:00:00,"B- Serious Injury","F- Driver",32.00,"Male","K- Private Cars","T-Pedestrian's Negligence",2.00
6151,26580.00,"4- Demerara- Mahaica",366,"Providence Public Rd.","East bank Demerara (from Georgetown)","-58.1805","6.7587",,,10/25/2008 0:00:00,12/30/1899 0:45:00,"B- Serious Injury","F- Driver",25.00,"Male","K- Private Cars","S- Driver's Negligence",2.00
6152,26581.00,"4- Demerara- Mahaica",366,"Providence Public Rd.","East bank Demerara (from Georgetown)","-58.1805","6.7587",,,10/30/2008 0:00:00,12/30/1899 9:15:00,"D- Property Damage","F- Driver",42.00,"Male","L- Lorries Van;V-Motor Cycle","S- Driver's Negligence",2.00
6153,26582.00,"4- Demerara- Mahaica",349,"Eccles Public Rd.","East bank Demerara (from Georgetown)","-58.1706","6.7802",,,11/30/2008 0:00:00,12/30/1899 11:30:00,"D- Property Damage","F- Driver",41.00,"Male","K- Private Cars;L- Lorries Van","P- Speeding",2.00
6154,26583.00,"4- Demerara- Mahaica",351,"Bagotstown Public Rd.","East bank Demerara (from Georgetown)","-58.1794","6.7505",,,11/14/2008 0:00:00,,"C- Minor Injury","F- Driver",26.00,"Male","M- Hire Cars;V-Motor Cycle","S- Driver's Negligence",2.00
6155,26584.00,"4- Demerara- Mahaica",366,"Providence Public Rd.","East bank Demerara (from Georgetown)","-58.1805","6.7587",,,11/19/2008 0:00:00,12/30/1899 23:50:00,"C- Minor Injury","F- Driver",30.00,"Male","M- Hire Cars","O- Lost Control & Runoff",2.00
6156,26585.00,"4- Demerara- Mahaica",349,"Eccles Public Rd.","East bank Demerara (from Georgetown)","-58.1706","6.7802",,,11/20/2008 0:00:00,12/30/1899 18:10:00,"C- Minor Injury","F- Driver",36.00,"Male","J- Minibus;L- Lorries Van","P- Speeding",2.00
6157,26586.00,"4- Demerara- Mahaica",349,"Eccles Public Rd.","East bank Demerara (from Georgetown)","-58.1706","6.7802",,,11/20/2008 0:00:00,12/30/1899 20:10:00,"D- Property Damage","F- Driver",,,"J- Minibus;K- Private Cars","S- Driver's Negligence",3.00
6158,26587.00,"4- Demerara- Mahaica",366,"Providence Public Rd.","East bank Demerara (from Georgetown)","-58.1805","6.7587",,,11/22/2008 0:00:00,12/30/1899 20:00:00,"D- Property Damage","F- Driver",,"Female","J- Minibus;K- Private Cars;L- Lorries Van","S- Driver's Negligence",2.00
6159,26588.00,"4- Demerara- Mahaica",349,"Eccles Public Rd.","East bank Demerara (from Georgetown)","-58.1706","6.7802",,,10/24/2008 0:00:00,,"D- Property Damage","F- Driver",,"Female","J- Minibus;K- Private Cars","S- Driver's Negligence",2.00
6160,26589.00,"4- Demerara- Mahaica",351,"Bagotstown Public Rd.","East bank Demerara (from Georgetown)","-58.1794","6.7505",,,12/16/2008 0:00:00,,"D- Property Damage","F- Driver",54.00,"Male","J- Minibus;L- Lorries Van","R- Improper Overtaking",2.00
6161,26590.00,"4- Demerara- Mahaica",363,"Farm Public Rd.","East bank Demerara (from Georgetown)","-58.1881","6.7380",,,12/16/2008 0:00:00,12/30/1899 18:00:00,"C- Minor Injury","F- Driver",35.00,"Female","K- Private Cars;V-Motor Cycle","S- Driver's Negligence",2.00
6162,26591.00,"4- Demerara- Mahaica",366,"Providence Public Rd.","East bank Demerara (from Georgetown)","-58.1805","6.7587",,,12/18/2008 0:00:00,,"C- Minor Injury","F- Driver",60.00,"Male","N- Pickup","T-Pedestrian's Negligence",2.00
6163,26592.00,"4- Demerara- Mahaica",366,"Prospect Public Rd.","East bank Demerara (from Georgetown)","-58.1865","6.7372",,,12/20/2008 0:00:00,,"D- Property Damage","F- Driver",31.00,"Male","J- Minibus;N- Pickup","P- Speeding",2.00
6164,26593.00,"4- Demerara- Mahaica",366,"Providence Public Rd.","East bank Demerara (from Georgetown)","-58.1805","6.7587",,,12/30/2008 0:00:00,,"C- Minor Injury","F- Driver",27.00,"Male","M- Hire Cars;V-Motor Cycle","S- Driver's Negligence",2.00
6165,26594.00,"4- Demerara- Mahaica",366,"Prospect Public Rd.","East bank Demerara (from Georgetown)","-58.1865","6.7372",,,12/30/2008 0:00:00,,"D- Property Damage","F- Driver",,"Male","K- Private Cars;M- Hire Cars","S- Driver's Negligence",2.00
6166,26595.00,"4- Demerara- Mahaica",349,"Eccles Public Rd.","East bank Demerara (from Georgetown)","-58.1706","6.7802",,,12/23/2008 0:00:00,12/30/1899 1:00:00,"B- Serious Injury","F- Driver",46.00,"Male","K- Private Cars","Q- Alcohol",2.00
6167,26596.00,"4- Demerara- Mahaica",349,"Eccles Public Rd.","East bank Demerara (from Georgetown)","-58.1706","6.7802",,,1/3/2009 0:00:00,,"D- Property Damage","F- Driver",37.00,"Male","K- Private Cars;L- Lorries Van;M- Hire Cars","S- Driver's Negligence",3.00
6168,26597.00,"4- Demerara- Mahaica",349,"Eccles Public Rd.","East bank Demerara (from Georgetown)","-58.1706","6.7802",,,1/3/2009 0:00:00,12/30/1899 19:50:00,"C- Minor Injury","F- Driver",62.00,"Male","K- Private Cars","S- Driver's Negligence",3.00
6169,26598.00,"4- Demerara- Mahaica",366,"Providence Public Rd.","East bank Demerara (from Georgetown)","-58.1805","6.7587",,,12/31/2008 0:00:00,12/30/1899 0:30:00,"B- Serious Injury","G- Rider",54.00,"Male","N- Pickup;W-Pedal Cycle","S- Driver's Negligence",2.00
6170,26599.00,"4- Demerara- Mahaica",367,"Little Diamond Public Rd.","East bank Demerara (from Georgetown)","-58.1864","6.7378",,,1/5/2009 0:00:00,12/30/1899 21:30:00,"B- Serious Injury","F- Driver",,,"K- Private Cars;V-Motor Cycle","S- Driver's Negligence",3.00
6171,26600.00,"4- Demerara- Mahaica",366,"Prospect Public Rd.","East bank Demerara (from Georgetown)","-58.1865","6.7372",,,1/9/2009 0:00:00,12/30/1899 22:15:00,"B- Serious Injury","G- Rider",,"Male","L- Lorries Van;V-Motor Cycle","P- Speeding",2.00
6172,26601.00,"4- Demerara- Mahaica",351,"Bagotstown Public Rd.","East bank Demerara (from Georgetown)","-58.1794","6.7505",,,1/15/2009 0:00:00,12/30/1899 8:00:00,"D- Property Damage","F- Driver",,"Male","M- Hire Cars;V-Motor Cycle","U- Cyclist's Negligence",2.00
6173,26602.00,"4- Demerara- Mahaica",349,"Eccles Public Rd.","East bank Demerara (from Georgetown)","-58.1706","6.7802",,,1/10/2009 0:00:00,12/30/1899 13:30:00,"D- Property Damage","F- Driver",49.00,"Male","L- Lorries Van","S- Driver's Negligence",2.00
6174,26603.00,"4- Demerara- Mahaica",415,"Mocha Public Rd.","Number Three or Mocha Canal Road (Right Bank Demerara River-from Georgetown Southern Side)","-58.1732","6.7471",,,1/15/2009 0:00:00,12/30/1899 11:45:00,"D- Property Damage","F- Driver",57.00,"Male","J- Minibus;K- Private Cars","S- Driver's Negligence",2.00
6175,26604.00,"4- Demerara- Mahaica",366,"Providence Public Rd.","East bank Demerara (from Georgetown)","-58.1805","6.7587",,,1/18/2009 0:00:00,12/30/1899 10:13:00,"D- Property Damage","F- Driver",27.00,"Male","J- Minibus;N- Pickup","S- Driver's Negligence",2.00
6176,26605.00,"4- Demerara- Mahaica",353,"Peter's Hall Public Rd.","East bank Demerara (from Georgetown)","-58.1698","6.7724",,,1/26/2009 0:00:00,12/30/1899 19:15:00,"D- Property Damage","F- Driver",,"Male","K- Private Cars","S- Driver's Negligence",2.00
6177,26606.00,"4- Demerara- Mahaica",353,"Peter's Hall Public Rd.","East bank Demerara (from Georgetown)","-58.1698","6.7724",,,1/29/2009 0:00:00,12/30/1899 14:15:00,"C- Minor Injury","F- Driver",67.00,"Male","L- Lorries Van;V-Motor Cycle","P- Speeding",2.00
6178,26607.00,"4- Demerara- Mahaica",366,"Providence Public Rd.","East bank Demerara (from Georgetown)","-58.1805","6.7587",,,1/20/2009 0:00:00,12/30/1899 18:30:00,"C- Minor Injury","F- Driver",63.00,"Male","J- Minibus;L- Lorries Van","S- Driver's Negligence",3.00
6179,26608.00,"4- Demerara- Mahaica",351,"Bagotstown Public Rd.","East bank Demerara (from Georgetown)","-58.1794","6.7505",,,9/30/2009 0:00:00,12/30/1899 11:15:00,"D- Property Damage","F- Driver",,"Male","K- Private Cars;M- Hire Cars","R- Improper Overtaking",2.00
6180,26609.00,"4- Demerara- Mahaica",349,"Eccles Public Rd.","East bank Demerara (from Georgetown)","-58.1706","6.7802",,,2/4/2009 0:00:00,12/30/1899 13:30:00,"D- Property Damage","F- Driver",,"Male","K- Private Cars;L- Lorries Van","S- Driver's Negligence",2.00
6181,26610.00,"4- Demerara- Mahaica",351,"Bagotstown Public Rd.","East bank Demerara (from Georgetown)","-58.1794","6.7505",,,2/11/2009 0:00:00,12/30/1899 20:25:00,"D- Property Damage","F- Driver",,"Male","J- Minibus;K- Private Cars","S- Driver's Negligence",2.00
6182,26611.00,"4- Demerara- Mahaica",349,"Eccles Public Rd.","East bank Demerara (from Georgetown)","-58.1706","6.7802",,,2/22/2009 0:00:00,12/30/1899 20:45:00,"D- Property Damage","G- Rider",33.00,"Male","M- Hire Cars;V-Motor Cycle","S- Driver's Negligence",2.00
6183,26612.00,"4- Demerara- Mahaica",351,"Bagotstown Public Rd.","East bank Demerara (from Georgetown)","-58.1794","6.7505",,,3/5/2009 0:00:00,,"C- Minor Injury","F- Driver",52.00,"Male","L- Lorries Van","S- Driver's Negligence",2.00
6184,26613.00,"4- Demerara- Mahaica",365,"Covent Garden Public Rd.","East bank Demerara (from Georgetown)","-58.1898","6.7372",,,2/24/2009 0:00:00,,"D- Property Damage","F- Driver",,"Male","J- Minibus;K- Private Cars","R- Improper Overtaking",2.00
6185,26614.00,"4- Demerara- Mahaica",351,"Bagotstown Public Rd.","East bank Demerara (from Georgetown)","-58.1794","6.7505",,,3/9/2009 0:00:00,12/30/1899 12:15:00,"D- Property Damage","F- Driver",40.00,"Male","K- Private Cars;L- Lorries Van;M- Hire Cars","S- Driver's Negligence",3.00
6186,26615.00,"4- Demerara- Mahaica",365,"Covent Garden Public Rd.","East bank Demerara (from Georgetown)","-58.1898","6.7372",,,3/12/2009 0:00:00,,"C- Minor Injury","F- Driver",34.00,"Male","J- Minibus","T-Pedestrian's Negligence",2.00
6187,26616.00,"4- Demerara- Mahaica",366,"Providence Public Rd.","East bank Demerara (from Georgetown)","-58.1805","6.7587",,,3/17/2009 0:00:00,12/30/1899 19:00:00,"C- Minor Injury","F- Driver",32.00,"Male","J- Minibus;N- Pickup","S- Driver's Negligence",2.00
6188,26617.00,"4- Demerara- Mahaica",363,"Farm Public Rd.","East bank Demerara (from Georgetown)","-58.1881","6.7380",,,3/15/2009 0:00:00,12/30/1899 16:40:00,"D- Property Damage","F- Driver",,"Male","K- Private Cars;M- Hire Cars","S- Driver's Negligence",2.00
6189,26618.00,"4- Demerara- Mahaica",353,"Peter's Hall Public Rd.","East bank Demerara (from Georgetown)","-58.1698","6.7724",,,3/23/2009 0:00:00,12/30/1899 20:15:00,"C- Minor Injury","F- Driver",,"Male","K- Private Cars","S- Driver's Negligence",2.00
6190,26619.00,"4- Demerara- Mahaica",361,"Herstelling Public Rd.","East bank Demerara (from Georgetown)","-58.1848","6.7464",,,3/28/2009 0:00:00,12/30/1899 19:40:00,"D- Property Damage","F- Driver",42.00,"Female","N- Pickup","S- Driver's Negligence",2.00
6191,26620.00,"4- Demerara- Mahaica",361,"Herstelling Public Rd.","East bank Demerara (from Georgetown)","-58.1848","6.7464",,,4/4/2009 0:00:00,12/30/1899 9:45:00,"C- Minor Injury","F- Driver",,"Male","K- Private Cars","S- Driver's Negligence",3.00
6192,26621.00,"4- Demerara- Mahaica",361,"Herstelling Public Rd.","East bank Demerara (from Georgetown)","-58.1848","6.7464",,,4/8/2009 0:00:00,12/30/1899 7:15:00,"C- Minor Injury","F- Driver",32.00,"Female","L- Lorries Van","T-Pedestrian's Negligence",2.00
6193,26622.00,"4- Demerara- Mahaica",361,"Herstelling Public Rd.","East bank Demerara (from Georgetown)","-58.1848","6.7464",,,4/8/2009 0:00:00,12/30/1899 12:25:00,"D- Property Damage","F- Driver",49.00,"Male","K- Private Cars;L- Lorries Van","R- Improper Overtaking",2.00
6194,26623.00,"4- Demerara- Mahaica",361,"Herstelling Public Rd.","East bank Demerara (from Georgetown)","-58.1848","6.7464",,,4/10/2009 0:00:00,12/30/1899 23:10:00,"C- Minor Injury","F- Driver",33.00,"Female","K- Private Cars;V-Motor Cycle","S- Driver's Negligence",2.00
6195,26624.00,"4- Demerara- Mahaica",349,"Eccles Public Rd.","East bank Demerara (from Georgetown)","-58.1706","6.7802",,,4/11/2009 0:00:00,12/30/1899 19:30:00,"D- Property Damage","F- Driver",55.00,"Male","J- Minibus","S- Driver's Negligence",2.00
6196,26625.00,"4- Demerara- Mahaica",366,"Prospect Public Rd.","East bank Demerara (from Georgetown)","-58.1865","6.7372",,,4/16/2009 0:00:00,12/30/1899 1:30:00,"C- Minor Injury","F- Driver",48.00,"Male","L- Lorries Van;N- Pickup","S- Driver's Negligence",2.00
6197,26626.00,"4- Demerara- Mahaica",349,"Eccles Public Rd.","East bank Demerara (from Georgetown)","-58.1706","6.7802",,,4/19/2009 0:00:00,12/30/1899 17:00:00,"C- Minor Injury","G- Rider",28.00,"Male","J- Minibus;V-Motor Cycle","U- Cyclist's Negligence",2.00
6198,26627.00,"4- Demerara- Mahaica",367,"Little Diamond Public Rd.","East bank Demerara (from Georgetown)","-58.1864","6.7378",,,4/24/2009 0:00:00,12/30/1899 10:00:00,"B- Serious Injury","G- Rider",31.00,"Male","J- Minibus;V-Motor Cycle","S- Driver's Negligence",2.00
6199,26628.00,"4- Demerara- Mahaica",415,"1st St. Mocha Arcadia","Number Three or Mocha Canal Road (Right Bank Demerara River-from Georgetown Southern Side)","-58.1796","6.7497",,,2/22/2009 0:00:00,12/30/1899 16:30:00,"C- Minor Injury","E- Pedestrian",22.00,"Female","J- Minibus","T-Pedestrian's Negligence",2.00
6200,26629.00,"4- Demerara- Mahaica",352,"Demerara Harbour Bridge","East bank Demerara (from Georgetown)","-58.1798","6.7682",,,4/27/2009 0:00:00,,"D- Property Damage","F- Driver",26.00,"Male","K- Private Cars;L- Lorries Van","P- Speeding",2.00
6201,26630.00,"4- Demerara- Mahaica",366,"Providence Public Rd.","East bank Demerara (from Georgetown)","-58.1805","6.7587",,,4/30/2009 0:00:00,12/30/1899 23:15:00,"C- Minor Injury","G- Rider",18.00,"Male","K- Private Cars;W-Pedal Cycle","U- Cyclist's Negligence",2.00
6202,26631.00,"4- Demerara- Mahaica",349,"Eccles Public Rd.","East bank Demerara (from Georgetown)","-58.1706","6.7802",,,5/18/2009 0:00:00,12/30/1899 7:30:00,"C- Minor Injury","F- Driver",,"Male","K- Private Cars;L- Lorries Van","S- Driver's Negligence",2.00