"ID","Accident ID","Region Number","Corridor ID","Location (Intersection/Road/Street)","Corridor","Location- longitude/ X","Location- latitude/  Y","Mile Marker","Village","Date of Accident","Time of Accident","Type of Accident","Class of Road User","Age/DOB","Gender","Class of Vehicles Involved","Contributing Factor","Number of Persons Involved"
6203,26632.00,"4- Demerara- Mahaica",351,"Bagotstown Public Rd.","East bank Demerara (from Georgetown)","-58.1794","6.7505",,,5/21/2009 0:00:00,12/30/1899 16:30:00,"C- Minor Injury","G- Rider",52.00,"Male","L- Lorries Van;V-Motor Cycle","U- Cyclist's Negligence",2.00
6204,26633.00,"4- Demerara- Mahaica",349,"Eccles Public Rd.","East bank Demerara (from Georgetown)","-58.1706","6.7802",,,5/21/2009 0:00:00,,"C- Minor Injury","E- Pedestrian",52.00,"Male","K- Private Cars","S- Driver's Negligence",2.00
6205,26634.00,"4- Demerara- Mahaica",415,"Mocha Public Rd.","Number Three or Mocha Canal Road (Right Bank Demerara River-from Georgetown Southern Side)","-58.1732","6.7471",,,5/28/2009 0:00:00,,"D- Property Damage","F- Driver",28.00,"Male","J- Minibus;N- Pickup","P- Speeding",2.00
6206,26635.00,"4- Demerara- Mahaica",349,"Eccles Public Rd.","East bank Demerara (from Georgetown)","-58.1706","6.7802",,,6/1/2009 0:00:00,12/30/1899 17:00:00,"C- Minor Injury","G- Rider",29.00,"Male","N- Pickup;W-Pedal Cycle","S- Driver's Negligence",2.00
6207,26636.00,"4- Demerara- Mahaica",349,"Eccles Public Rd.","East bank Demerara (from Georgetown)","-58.1706","6.7802",,,6/4/2009 0:00:00,,"C- Minor Injury","F- Driver",45.00,"Male","K- Private Cars;N- Pickup","S- Driver's Negligence",2.00
6208,26637.00,"4- Demerara- Mahaica",366,"Providence Public Rd.","East bank Demerara (from Georgetown)","-58.1805","6.7587",,,6/7/2009 0:00:00,12/30/1899 11:30:00,"D- Property Damage","F- Driver",28.00,"Male","J- Minibus;K- Private Cars","S- Driver's Negligence",2.00
6209,26638.00,"4- Demerara- Mahaica",352,"Demerara Harbour Bridge","East bank Demerara (from Georgetown)","-58.1798","6.7682",,,6/12/2009 0:00:00,12/30/1899 11:00:00,"C- Minor Injury","G- Rider",38.00,"Male","M- Hire Cars;V-Motor Cycle","U- Cyclist's Negligence",2.00
6210,26639.00,"4- Demerara- Mahaica",349,"Eccles Public Rd.","East bank Demerara (from Georgetown)","-58.1706","6.7802",,,6/9/2009 0:00:00,12/30/1899 11:05:00,"D- Property Damage","F- Driver",40.00,"Male","K- Private Cars;L- Lorries Van","S- Driver's Negligence",2.00
6211,26640.00,"4- Demerara- Mahaica",366,"Providence Public Rd.","East bank Demerara (from Georgetown)","-58.1805","6.7587",,,6/17/2009 0:00:00,12/30/1899 12:15:00,"A- Fatal","E- Pedestrian",46.00,"Female","K- Private Cars","P- Speeding",2.00
6212,26641.00,"4- Demerara- Mahaica",365,"Covent Garden Public Rd.","East bank Demerara (from Georgetown)","-58.1898","6.7372",,,6/19/2009 0:00:00,12/30/1899 11:00:00,"C- Minor Injury","E- Pedestrian",34.00,"Male","K- Private Cars","S- Driver's Negligence",2.00
6213,26642.00,"4- Demerara- Mahaica",353,"Peter's Hall Public Rd.","East bank Demerara (from Georgetown)","-58.1698","6.7724",,,6/19/2009 0:00:00,,"C- Minor Injury","F- Driver",52.00,"Male","J- Minibus;K- Private Cars","S- Driver's Negligence",2.00
6214,26643.00,"4- Demerara- Mahaica",349,"Eccles Public Rd.","East bank Demerara (from Georgetown)","-58.1706","6.7802",,,6/23/2009 0:00:00,12/30/1899 13:00:00,"D- Property Damage","F- Driver",47.00,"Male","L- Lorries Van;N- Pickup","S- Driver's Negligence",2.00
6215,26644.00,"4- Demerara- Mahaica",349,"Eccles Public Rd.","East bank Demerara (from Georgetown)","-58.1706","6.7802",,,6/13/2009 0:00:00,12/30/1899 13:30:00,"D- Property Damage","F- Driver",27.00,"Male","J- Minibus;K- Private Cars","S- Driver's Negligence",2.00
6216,26645.00,"4- Demerara- Mahaica",349,"Eccles Public Rd.","East bank Demerara (from Georgetown)","-58.1706","6.7802",,,6/18/2009 0:00:00,,"B- Serious Injury","F- Driver",11.00,"Female","J- Minibus","P- Speeding",4.00
6217,26646.00,"4- Demerara- Mahaica",260,"Harbour Bridge Access Rd.","West Bank Demerara River (From Vreed-en-Hoop)","-58.1791","6.7679",,,6/22/2009 0:00:00,12/30/1899 12:45:00,"C- Minor Injury","G- Rider",21.00,"Male","J- Minibus;V-Motor Cycle","S- Driver's Negligence",2.00
6218,26647.00,"4- Demerara- Mahaica",349,"Eccles Public Rd.","East bank Demerara (from Georgetown)","-58.1706","6.7802",,,6/24/2009 0:00:00,12/30/1899 19:00:00,"C- Minor Injury","F- Driver",24.00,"Male","K- Private Cars;L- Lorries Van","S- Driver's Negligence",2.00
6219,26648.00,"4- Demerara- Mahaica",363,"Farm Public Rd.","East bank Demerara (from Georgetown)","-58.1881","6.7380",,,6/28/2009 0:00:00,12/30/1899 17:00:00,"D- Property Damage","F- Driver",19.00,"Male","K- Private Cars","P- Speeding",2.00
6220,26649.00,"4- Demerara- Mahaica",366,"Providence Public Rd.","East bank Demerara (from Georgetown)","-58.1805","6.7587",,,6/27/2009 0:00:00,12/30/1899 18:15:00,"C- Minor Injury","G- Rider",45.00,"Male","K- Private Cars;W-Pedal Cycle","U- Cyclist's Negligence",2.00
6221,26650.00,"4- Demerara- Mahaica",349,"Eccles Public Rd.","East bank Demerara (from Georgetown)","-58.1706","6.7802",,,6/30/2009 0:00:00,12/30/1899 9:00:00,"D- Property Damage","F- Driver",28.00,"Male","K- Private Cars;N- Pickup","S- Driver's Negligence",2.00
6222,26651.00,"4- Demerara- Mahaica",366,"Providence Public Rd.","East bank Demerara (from Georgetown)","-58.1805","6.7587",,,6/30/2009 0:00:00,12/30/1899 1:40:00,"A- Fatal","F- Driver",24.00,"Male","K- Private Cars","P- Speeding",4.00
6223,26652.00,"4- Demerara- Mahaica",368,"Diamond Housing Scheme","East bank Demerara (from Georgetown)","-58.1864","6.7378",,,6/13/2005 0:00:00,12/30/1899 18:30:00,"C- Minor Injury","F- Driver",22.00,"Male","K- Private Cars","P- Speeding",2.00
6224,26653.00,"4- Demerara- Mahaica",366,"Prospect Public Rd.","East bank Demerara (from Georgetown)","-58.1865","6.7372",,,6/20/2005 0:00:00,12/30/1899 7:10:00,"B- Serious Injury","F- Driver",47.00,"Male","M- Hire Cars","S- Driver's Negligence",4.00
6225,26654.00,"4- Demerara- Mahaica",426,"Flambuoyant St.","East Coast Demerara Road (From Georgetown)","-58.1869","6.7412",,,6/26/2005 0:00:00,12/30/1899 8:05:00,"C- Minor Injury","F- Driver",42.00,"Male","K- Private Cars","S- Driver's Negligence",2.00
6226,26655.00,"4- Demerara- Mahaica",415,"Mocha Main Rd.","Number Three or Mocha Canal Road (Right Bank Demerara River-from Georgetown Southern Side)","-58.1732","6.7471",,,6/25/2006 0:00:00,12/30/1899 20:05:00,"C- Minor Injury","G- Rider",48.00,"Female","K- Private Cars;V-Motor Cycle","U- Cyclist's Negligence",2.00
6227,26656.00,"4- Demerara- Mahaica",368,"Diamond Public Rd.","East bank Demerara (from Georgetown)","-58.1764","6.7061",,,6/26/2005 0:00:00,12/30/1899 13:30:00,"D- Property Damage","F- Driver",44.00,"Male","K- Private Cars;M- Hire Cars","S- Driver's Negligence",3.00
6228,26657.00,"4- Demerara- Mahaica",366,"Providence Public Rd.","East bank Demerara (from Georgetown)","-58.1805","6.7587",,,6/26/2005 0:00:00,12/30/1899 14:30:00,"B- Serious Injury","F- Driver",47.00,"Male","K- Private Cars","S- Driver's Negligence",2.00
6229,26658.00,"4- Demerara- Mahaica",351,"Bagotstown Public Rd.","East bank Demerara (from Georgetown)","-58.1794","6.7505",,,6/30/2005 0:00:00,12/30/1899 17:00:00,"D- Property Damage","F- Driver",55.00,"Male","K- Private Cars;L- Lorries Van","S- Driver's Negligence",2.00
6230,26659.00,"4- Demerara- Mahaica",366,"Prospect Public Rd.","East bank Demerara (from Georgetown)","-58.1865","6.7372",,,7/5/2005 0:00:00,12/30/1899 10:50:00,"D- Property Damage","F- Driver",22.00,"Male","J- Minibus;L- Lorries Van","S- Driver's Negligence",2.00
6231,26660.00,"4- Demerara- Mahaica",368,"Diamond Public Rd.","East bank Demerara (from Georgetown)","-58.1764","6.7061",,,7/9/2005 0:00:00,12/30/1899 11:40:00,"B- Serious Injury","F- Driver",24.00,"Male","K- Private Cars","P- Speeding",2.00
6232,26661.00,"4- Demerara- Mahaica",351,"Bagotstown Public Rd.","East bank Demerara (from Georgetown)","-58.1794","6.7505",,,7/11/2005 0:00:00,12/30/1899 7:30:00,"D- Property Damage","F- Driver",40.00,"Male","K- Private Cars;L- Lorries Van","S- Driver's Negligence",2.00
6233,26662.00,"4- Demerara- Mahaica",368,"Diamond Public Rd.","East bank Demerara (from Georgetown)","-58.1764","6.7061",,,7/23/2005 0:00:00,12/30/1899 20:00:00,"C- Minor Injury","F- Driver",28.00,"Male","J- Minibus;K- Private Cars;N- Pickup","S- Driver's Negligence",3.00
6234,26663.00,"4- Demerara- Mahaica",366,"Providence Public Rd.","East bank Demerara (from Georgetown)","-58.1805","6.7587",,,7/24/2005 0:00:00,12/30/1899 19:00:00,"B- Serious Injury","F- Driver",48.00,"Male","K- Private Cars;V-Motor Cycle","S- Driver's Negligence",2.00
6235,26664.00,"4- Demerara- Mahaica",368,"Diamond Public Rd.","East bank Demerara (from Georgetown)","-58.1764","6.7061",,,7/29/2005 0:00:00,12/30/1899 13:30:00,"D- Property Damage","F- Driver",26.00,"Male","K- Private Cars;L- Lorries Van","S- Driver's Negligence",2.00
6236,26665.00,"4- Demerara- Mahaica",349,"Eccles Public Rd.","East bank Demerara (from Georgetown)","-58.1706","6.7802",,,7/31/2005 0:00:00,12/30/1899 13:50:00,"D- Property Damage","F- Driver",32.00,"Male","J- Minibus;K- Private Cars","S- Driver's Negligence",2.00
6237,26666.00,"4- Demerara- Mahaica",361,"Herstelling Public Rd.","East bank Demerara (from Georgetown)","-58.1848","6.7464",,,8/15/2005 0:00:00,12/30/1899 8:30:00,"D- Property Damage","F- Driver",40.00,"Male","J- Minibus;L- Lorries Van","S- Driver's Negligence",2.00
6238,26667.00,"4- Demerara- Mahaica",361,"Herstelling Public Rd.","East bank Demerara (from Georgetown)","-58.1848","6.7464",,,8/24/2005 0:00:00,12/30/1899 19:30:00,"D- Property Damage","F- Driver",37.00,"Male","J- Minibus;K- Private Cars","S- Driver's Negligence",2.00
6239,26668.00,"4- Demerara- Mahaica",366,"Providence Public Rd.","East bank Demerara (from Georgetown)","-58.1805","6.7587",,,8/25/2005 0:00:00,12/30/1899 9:30:00,"D- Property Damage","F- Driver",54.00,"Male","K- Private Cars;N- Pickup","S- Driver's Negligence",2.00
6240,26669.00,"4- Demerara- Mahaica",351,"Bagotstown Public Rd.","East bank Demerara (from Georgetown)","-58.1794","6.7505",,,8/25/2005 0:00:00,12/30/1899 10:25:00,"D- Property Damage","F- Driver",28.00,"Male","K- Private Cars;M- Hire Cars","S- Driver's Negligence",2.00
6241,26670.00,"4- Demerara- Mahaica",351,"Bagotstown Public Rd.","East bank Demerara (from Georgetown)","-58.1794","6.7505",,,8/26/2005 0:00:00,12/30/1899 9:25:00,"D- Property Damage","F- Driver",53.00,"Male","J- Minibus","S- Driver's Negligence",2.00
6242,26671.00,"4- Demerara- Mahaica",352,"Demerara Harbour Bridge","East bank Demerara (from Georgetown)","-58.1798","6.7682",,,8/27/2005 0:00:00,12/30/1899 13:30:00,"D- Property Damage","F- Driver",36.00,"Male","J- Minibus;L- Lorries Van","S- Driver's Negligence",2.00
6243,26672.00,"4- Demerara- Mahaica",368,"Diamond Public Rd.","East bank Demerara (from Georgetown)","-58.1764","6.7061",,,8/28/2005 0:00:00,12/30/1899 20:30:00,"B- Serious Injury","F- Driver",38.00,"Male","J- Minibus","S- Driver's Negligence",2.00
6244,26673.00,"4- Demerara- Mahaica",368,"Diamond Public Rd.","East bank Demerara (from Georgetown)","-58.1764","6.7061",,,8/31/2005 0:00:00,12/30/1899 18:50:00,"B- Serious Injury","F- Driver",28.00,"Male","J- Minibus","S- Driver's Negligence",2.00
6245,26674.00,"4- Demerara- Mahaica",368,"Diamond Public Rd.","East bank Demerara (from Georgetown)","-58.1764","6.7061",,,9/1/2005 0:00:00,12/30/1899 11:00:00,"A- Fatal","F- Driver",40.00,"Male","K- Private Cars;L- Lorries Van","S- Driver's Negligence",3.00
6246,26675.00,"4- Demerara- Mahaica",351,"Bagotstown Public Rd.","East bank Demerara (from Georgetown)","-58.1794","6.7505",,,9/4/2005 0:00:00,12/30/1899 11:20:00,"C- Minor Injury","G- Rider",,"Male","M- Hire Cars;V-Motor Cycle","S- Driver's Negligence",2.00
6247,26676.00,"4- Demerara- Mahaica",361,"Herstelling Public Rd.","East bank Demerara (from Georgetown)","-58.1848","6.7464",,,9/4/2005 0:00:00,12/30/1899 11:20:00,"B- Serious Injury","G- Rider",38.00,"Male","V-Motor Cycle","O- Lost Control & Runoff;P- Speeding",2.00
6248,26677.00,"4- Demerara- Mahaica",366,"Prospect Public Rd.","East bank Demerara (from Georgetown)","-58.1865","6.7372",,,9/11/2005 0:00:00,12/30/1899 17:00:00,"B- Serious Injury","F- Driver",29.00,"Male","J- Minibus;V-Motor Cycle","S- Driver's Negligence",2.00
6249,26678.00,"4- Demerara- Mahaica",368,"Diamond Public Rd.","East bank Demerara (from Georgetown)","-58.1764","6.7061",,,9/3/2005 0:00:00,12/30/1899 17:05:00,"D- Property Damage","F- Driver",59.00,"Male","J- Minibus;K- Private Cars","S- Driver's Negligence",2.00
6250,26679.00,"4- Demerara- Mahaica",352,"Demerara Harbour Bridge","East bank Demerara (from Georgetown)","-58.1798","6.7682",,,9/14/2005 0:00:00,12/30/1899 7:35:00,"A- Fatal","F- Driver",56.00,"Male","L- Lorries Van;V-Motor Cycle","U- Cyclist's Negligence",2.00
6251,26680.00,"4- Demerara- Mahaica",351,"Bagotstown Public Rd.","East bank Demerara (from Georgetown)","-58.1794","6.7505",,,9/24/2005 0:00:00,12/30/1899 8:00:00,"A- Fatal","F- Driver",50.00,"Male","J- Minibus;L- Lorries Van;W-Pedal Cycle","U- Cyclist's Negligence",3.00
6252,26681.00,"4- Demerara- Mahaica",363,"Farm Public Rd.","East bank Demerara (from Georgetown)","-58.1881","6.7380",,,9/26/2005 0:00:00,12/30/1899 14:20:00,"D- Property Damage","F- Driver",23.00,"Male","J- Minibus;K- Private Cars;L- Lorries Van","S- Driver's Negligence",4.00
6253,26682.00,"4- Demerara- Mahaica",367,"Little Diamond Public Rd.","East bank Demerara (from Georgetown)","-58.1864","6.7378",,,9/29/2005 0:00:00,12/30/1899 8:15:00,"D- Property Damage","F- Driver",28.00,"Male","L- Lorries Van;N- Pickup","S- Driver's Negligence",3.00
6254,26683.00,"4- Demerara- Mahaica",361,"Herstelling Public Rd.","East bank Demerara (from Georgetown)","-58.1848","6.7464",,,9/30/2005 0:00:00,12/30/1899 7:50:00,"B- Serious Injury","F- Driver",34.00,"Male","M- Hire Cars","S- Driver's Negligence",2.00
6255,26684.00,"4- Demerara- Mahaica",368,"Diamond Public Rd.","East bank Demerara (from Georgetown)","-58.1764","6.7061",,,9/30/2005 0:00:00,12/30/1899 18:20:00,"D- Property Damage","F- Driver",51.00,"Male","J- Minibus;L- Lorries Van","S- Driver's Negligence",2.00
6256,26685.00,"4- Demerara- Mahaica",365,"Covent Garden Public Rd.","East bank Demerara (from Georgetown)","-58.1898","6.7372",,,10/2/2005 0:00:00,12/30/1899 18:10:00,"D- Property Damage","F- Driver",25.00,"Male","L- Lorries Van;M- Hire Cars","S- Driver's Negligence",2.00
6257,26686.00,"4- Demerara- Mahaica",368,"Diamond Housing Scheme","East bank Demerara (from Georgetown)","-58.1864","6.7378",,,10/4/2005 0:00:00,12/30/1899 23:50:00,"B- Serious Injury","G- Rider",26.00,"Male","V-Motor Cycle","O- Lost Control & Runoff",2.00
6258,26687.00,"4- Demerara- Mahaica",353,"Peter's Hall Public Rd. & Thomas St.","East bank Demerara (from Georgetown)","-58.1789","6.7644",,,8/10/2008 0:00:00,12/30/1899 18:15:00,"B- Serious Injury","E- Pedestrian",3.00,"Female","K- Private Cars","S- Driver's Negligence",2.00
6259,26688.00,"4- Demerara- Mahaica",353,"Peter's Hall Public Rd.","East bank Demerara (from Georgetown)","-58.1698","6.7724",,,10/10/2005 0:00:00,12/30/1899 20:30:00,"B- Serious Injury","E- Pedestrian",26.00,"mm","K- Private Cars","S- Driver's Negligence",2.00
6260,26689.00,"4- Demerara- Mahaica",351,"Bagotstown Public Rd.","East bank Demerara (from Georgetown)","-58.1794","6.7505",,,10/15/2005 0:00:00,12/30/1899 11:05:00,"B- Serious Injury","F- Driver",,"Male","L- Lorries Van;N- Pickup","S- Driver's Negligence",2.00
6261,26690.00,"4- Demerara- Mahaica",368,"Diamond Housing Scheme","East bank Demerara (from Georgetown)","-58.1864","6.7378",,,10/20/2005 0:00:00,12/30/1899 20:00:00,"D- Property Damage","F- Driver",40.00,"Male","K- Private Cars","S- Driver's Negligence",2.00
6262,26691.00,"4- Demerara- Mahaica",368,"Diamond Housing Scheme","East bank Demerara (from Georgetown)","-58.1864","6.7378",,,10/24/2005 0:00:00,12/30/1899 9:00:00,"C- Minor Injury","F- Driver",30.00,"Male","K- Private Cars;M- Hire Cars","S- Driver's Negligence",2.00
6263,26692.00,"4- Demerara- Mahaica",349,"Eccles Public Rd.","East bank Demerara (from Georgetown)","-58.1706","6.7802",,,10/26/2005 0:00:00,12/30/1899 19:20:00,"C- Minor Injury","F- Driver",47.00,"Male","J- Minibus;L- Lorries Van","S- Driver's Negligence",2.00
6264,26693.00,"4- Demerara- Mahaica",368,"Diamond Public Rd.","East bank Demerara (from Georgetown)","-58.1764","6.7061",,,10/25/2005 0:00:00,12/30/1899 7:00:00,"C- Minor Injury","F- Driver",47.00,"Male","L- Lorries Van;X-Tractor","S- Driver's Negligence",4.00
6265,26694.00,"4- Demerara- Mahaica",366,"Providence Public Rd.","East bank Demerara (from Georgetown)","-58.1805","6.7587",,,10/27/2005 0:00:00,12/30/1899 18:40:00,"D- Property Damage","F- Driver",28.00,"Female","K- Private Cars","S- Driver's Negligence;Y-Animal",1.00
6266,26695.00,"4- Demerara- Mahaica",363,"Farm Public Rd.","East bank Demerara (from Georgetown)","-58.1881","6.7380",,,10/27/2005 0:00:00,12/30/1899 15:30:00,"D- Property Damage","F- Driver",30.00,"Male","J- Minibus;N- Pickup","S- Driver's Negligence",2.00
6267,26696.00,"4- Demerara- Mahaica",366,"Providence Public Rd.","East bank Demerara (from Georgetown)","-58.1805","6.7587",,,11/1/2005 0:00:00,12/30/1899 9:20:00,"D- Property Damage","F- Driver",32.00,"Male","K- Private Cars","S- Driver's Negligence",2.00
6268,26697.00,"4- Demerara- Mahaica",353,"Peter's Hall Public Rd.","East bank Demerara (from Georgetown)","-58.1698","6.7724",,,11/2/2005 0:00:00,12/30/1899 7:45:00,"D- Property Damage","F- Driver",28.00,"Male","N- Pickup","S- Driver's Negligence",2.00
6269,26698.00,"4- Demerara- Mahaica",354,"Nandy Park Public Rd.","East bank Demerara (from Georgetown)","-58.1770","6.7642",,,10/27/2005 0:00:00,12/30/1899 18:00:00,"C- Minor Injury","F- Driver",,,"L- Lorries Van","S- Driver's Negligence",2.00
6270,26699.00,"4- Demerara- Mahaica",361,"Herstelling Public Rd.","East bank Demerara (from Georgetown)","-58.1848","6.7464",,,11/18/2005 0:00:00,12/30/1899 6:35:00,"D- Property Damage","F- Driver",36.00,"Male","J- Minibus;L- Lorries Van","S- Driver's Negligence",2.00
6271,26700.00,"4- Demerara- Mahaica",368,"Diamond Public Rd.","East bank Demerara (from Georgetown)","-58.1764","6.7061",,,11/15/2005 0:00:00,12/30/1899 16:30:00,"C- Minor Injury","F- Driver",23.00,"Male","L- Lorries Van","S- Driver's Negligence",2.00
6272,26701.00,"4- Demerara- Mahaica",349,"Eccles Public Rd.","East bank Demerara (from Georgetown)","-58.1706","6.7802",,,11/17/2005 0:00:00,12/30/1899 7:25:00,"D- Property Damage","G- Rider",,"Male","K- Private Cars;V-Motor Cycle","S- Driver's Negligence",2.00
6273,26702.00,"4- Demerara- Mahaica",366,"Providence Public Rd.","East bank Demerara (from Georgetown)","-58.1805","6.7587",,,11/18/2005 0:00:00,12/30/1899 8:00:00,"D- Property Damage","F- Driver",35.00,"Female","L- Lorries Van;N- Pickup","S- Driver's Negligence",2.00
6274,26703.00,"4- Demerara- Mahaica",361,"Herstelling Public Rd.","East bank Demerara (from Georgetown)","-58.1848","6.7464",,,11/14/2005 0:00:00,12/30/1899 14:00:00,"B- Serious Injury","F- Driver",49.00,"Male","L- Lorries Van;V-Motor Cycle","S- Driver's Negligence",2.00
6275,26704.00,"4- Demerara- Mahaica",366,"Providence Public Rd.","East bank Demerara (from Georgetown)","-58.1805","6.7587",,,11/28/2005 0:00:00,12/30/1899 18:15:00,"D- Property Damage","F- Driver",28.00,"Male","K- Private Cars;N- Pickup","S- Driver's Negligence",3.00
6276,26705.00,"4- Demerara- Mahaica",366,"Thomas St. Providence","East bank Demerara (from Georgetown)","-58.1491","6.8154",,,11/18/2005 0:00:00,12/30/1899 17:30:00,"D- Property Damage","F- Driver",31.00,"Male","N- Pickup;V-Motor Cycle","S- Driver's Negligence",2.00
6277,26706.00,"4- Demerara- Mahaica",367,"Little Diamond Public Rd.","East bank Demerara (from Georgetown)","-58.1864","6.7378",,,11/30/2005 0:00:00,12/30/1899 14:30:00,"D- Property Damage","F- Driver",35.00,"Male","J- Minibus;Z- Animal Drawn","S- Driver's Negligence",1.00
6278,26707.00,"4- Demerara- Mahaica",260,"Harbour Bridge Access Rd.","West Bank Demerara River (From Vreed-en-Hoop)","-58.1791","6.7679",,,12/3/2005 0:00:00,12/30/1899 13:50:00,"D- Property Damage","F- Driver",58.00,"Male","L- Lorries Van;M- Hire Cars","S- Driver's Negligence",2.00
6279,26708.00,"4- Demerara- Mahaica",354,"East Field Dr. Nandy Park","East bank Demerara (from Georgetown)","-58.1757","6.7679",,,6/5/2007 0:00:00,12/30/1899 8:15:00,"B- Serious Injury","F- Driver",28.00,"Male","K- Private Cars;W-Pedal Cycle","U- Cyclist's Negligence",2.00
6280,26709.00,"4- Demerara- Mahaica",368,"Diamond Public Rd.","East bank Demerara (from Georgetown)","-58.1764","6.7061",,,12/7/2005 0:00:00,12/30/1899 17:20:00,"A- Fatal","F- Driver",34.00,"Male","K- Private Cars","P- Speeding;S- Driver's Negligence",2.00
6281,26710.00,"4- Demerara- Mahaica",366,"Prospect Public Rd.","East bank Demerara (from Georgetown)","-58.1865","6.7372",,,12/9/2005 0:00:00,12/30/1899 20:30:00,"B- Serious Injury","F- Driver",45.00,"Male","K- Private Cars","T-Pedestrian's Negligence",2.00
6282,26711.00,"4- Demerara- Mahaica",368,"Diamond Housing Scheme","East bank Demerara (from Georgetown)","-58.1864","6.7378",,,12/9/2005 0:00:00,12/30/1899 17:00:00,"C- Minor Injury","F- Driver",40.00,"Male","K- Private Cars","S- Driver's Negligence",2.00
6283,26712.00,"4- Demerara- Mahaica",366,"Providence Public Rd.","East bank Demerara (from Georgetown)","-58.1805","6.7587",,,12/13/2005 0:00:00,12/30/1899 17:30:00,"C- Minor Injury","G- Rider",33.00,"Male","J- Minibus;V-Motor Cycle","S- Driver's Negligence;U- Cyclist's Negligence",2.00
6284,26713.00,"4- Demerara- Mahaica",349,"Eccles Public Rd.","East bank Demerara (from Georgetown)","-58.1706","6.7802",,,12/14/2005 0:00:00,12/30/1899 14:00:00,"C- Minor Injury","F- Driver",52.00,"Male","L- Lorries Van;N- Pickup","S- Driver's Negligence",2.00
6285,26714.00,"4- Demerara- Mahaica",353,"Peter's Hall Public Rd.","East bank Demerara (from Georgetown)","-58.1698","6.7724",,,12/19/2005 0:00:00,12/30/1899 20:15:00,"D- Property Damage","F- Driver",25.00,"Male","J- Minibus","S- Driver's Negligence",2.00
6286,26715.00,"4- Demerara- Mahaica",349,"Eccles Public Rd.","East bank Demerara (from Georgetown)","-58.1706","6.7802",,,12/20/2005 0:00:00,12/30/1899 11:30:00,"C- Minor Injury","G- Rider",25.00,"Male","V-Motor Cycle;W-Pedal Cycle","U- Cyclist's Negligence",2.00
6287,26716.00,"4- Demerara- Mahaica",361,"Herstelling Public Rd.","East bank Demerara (from Georgetown)","-58.1848","6.7464",,,12/25/2005 0:00:00,12/30/1899 0:10:00,"A- Fatal","F- Driver",36.00,"Male","N- Pickup","O- Lost Control & Runoff;P- Speeding",2.00
6288,26717.00,"4- Demerara- Mahaica",260,"Harbour Bridge Access Rd.","West Bank Demerara River (From Vreed-en-Hoop)","-58.1791","6.7679",,,12/30/2005 0:00:00,12/30/1899 9:45:00,"B- Serious Injury","F- Driver",40.00,"Male","L- Lorries Van;V-Motor Cycle","U- Cyclist's Negligence",2.00
6289,26718.00,"4- Demerara- Mahaica",368,"Diamond Public Rd.","East bank Demerara (from Georgetown)","-58.1764","6.7061",,,1/3/2006 0:00:00,12/30/1899 12:20:00,"C- Minor Injury","F- Driver",28.00,"Male","L- Lorries Van","S- Driver's Negligence",2.00
6290,26719.00,"4- Demerara- Mahaica",363,"Farm Public Rd.","East bank Demerara (from Georgetown)","-58.1881","6.7380",,,1/20/2006 0:00:00,12/30/1899 21:40:00,"D- Property Damage","F- Driver",,"Male","J- Minibus;V-Motor Cycle","S- Driver's Negligence",2.00
6291,26720.00,"4- Demerara- Mahaica",368,"Diamond Housing Scheme","East bank Demerara (from Georgetown)","-58.1864","6.7378",,,1/20/2006 0:00:00,12/30/1899 17:30:00,"D- Property Damage","F- Driver",21.00,"Male","K- Private Cars","S- Driver's Negligence",2.00
6292,26721.00,"4- Demerara- Mahaica",349,"Eccles Public Rd.","East bank Demerara (from Georgetown)","-58.1706","6.7802",,,1/21/2006 0:00:00,12/30/1899 15:15:00,"D- Property Damage","F- Driver",40.00,"Male","K- Private Cars;L- Lorries Van","S- Driver's Negligence",2.00
6293,26722.00,"4- Demerara- Mahaica",260,"Harbour Bridge Access Rd.","West Bank Demerara River (From Vreed-en-Hoop)","-58.1791","6.7679",,,1/21/2006 0:00:00,12/30/1899 19:15:00,"D- Property Damage","F- Driver",28.00,"Male","L- Lorries Van;M- Hire Cars","S- Driver's Negligence",2.00
6294,26723.00,"4- Demerara- Mahaica",365,"Covent Garden Public Rd.","East bank Demerara (from Georgetown)","-58.1898","6.7372",,,1/22/2006 0:00:00,12/30/1899 23:45:00,"D- Property Damage","F- Driver",44.00,"Male","K- Private Cars;N- Pickup","S- Driver's Negligence",2.00
6295,26724.00,"4- Demerara- Mahaica",349,"Eccles Public Rd.","East bank Demerara (from Georgetown)","-58.1706","6.7802",,,1/23/2006 0:00:00,12/30/1899 11:30:00,"B- Serious Injury","F- Driver",,,"M- Hire Cars","O- Lost Control & Runoff",1.00