"ID","Accident ID","Region Number","Corridor ID","Location (Intersection/Road/Street)","Corridor","Location- longitude/ X","Location- latitude/  Y","Mile Marker","Village","Date of Accident","Time of Accident","Type of Accident","Class of Road User","Age/DOB","Gender","Class of Vehicles Involved","Contributing Factor","Number of Persons Involved"
6296,26725.00,"4- Demerara- Mahaica",349,"Eccles Public Rd.","East bank Demerara (from Georgetown)","-58.1706","6.7802",,,1/23/2006 0:00:00,12/30/1899 19:30:00,"C- Minor Injury","F- Driver",26.00,"Male","K- Private Cars","S- Driver's Negligence",2.00
6297,26726.00,"4- Demerara- Mahaica",368,"Diamond Public Rd.","East bank Demerara (from Georgetown)","-58.1764","6.7061",,,1/23/2006 0:00:00,12/30/1899 21:10:00,"C- Minor Injury","F- Driver",41.00,"Male","J- Minibus","S- Driver's Negligence",2.00
6298,26727.00,"4- Demerara- Mahaica",366,"Providence Public Rd.","East bank Demerara (from Georgetown)","-58.1805","6.7587",,,1/24/2006 0:00:00,12/30/1899 14:45:00,"C- Minor Injury","F- Driver",37.00,"Male","K- Private Cars;V-Motor Cycle","S- Driver's Negligence",2.00
6299,26728.00,"4- Demerara- Mahaica",363,"Farm Public Rd.","East bank Demerara (from Georgetown)","-58.1881","6.7380",,,1/25/2006 0:00:00,12/30/1899 8:45:00,"D- Property Damage","F- Driver",28.00,"Male","L- Lorries Van","S- Driver's Negligence",2.00
6300,26729.00,"4- Demerara- Mahaica",366,"Providence Public Rd.","East bank Demerara (from Georgetown)","-58.1805","6.7587",,,1/31/2006 0:00:00,12/30/1899 18:45:00,"C- Minor Injury","F- Driver",50.00,"Male","K- Private Cars;W-Pedal Cycle","U- Cyclist's Negligence",2.00
6301,26730.00,"4- Demerara- Mahaica",366,"Providence Public Rd.","East bank Demerara (from Georgetown)","-58.1805","6.7587",,,2/2/2006 0:00:00,12/30/1899 10:30:00,"D- Property Damage","F- Driver",,"Male","L- Lorries Van","S- Driver's Negligence",2.00
6302,26731.00,"4- Demerara- Mahaica",366,"Providence Public Rd.","East bank Demerara (from Georgetown)","-58.1805","6.7587",,,2/5/2006 0:00:00,12/30/1899 15:30:00,"C- Minor Injury","F- Driver",31.00,"Male","J- Minibus;K- Private Cars;L- Lorries Van","S- Driver's Negligence",3.00
6303,26732.00,"4- Demerara- Mahaica",368,"5th St. Diamond Housing Scheme","East bank Demerara (from Georgetown)","-58.1763","6.7064",,,2/10/2006 0:00:00,12/30/1899 11:45:00,"B- Serious Injury","F- Driver",41.00,"Male","L- Lorries Van","S- Driver's Negligence",2.00
6304,26733.00,"4- Demerara- Mahaica",368,"Diamond Public Rd.","East bank Demerara (from Georgetown)","-58.1764","6.7061",,,2/11/2006 0:00:00,12/30/1899 18:20:00,"B- Serious Injury","G- Rider",29.00,"Male","L- Lorries Van","U- Cyclist's Negligence",2.00
6305,26734.00,"4- Demerara- Mahaica",366,"Providence Public Rd.","East bank Demerara (from Georgetown)","-58.1805","6.7587",,,2/15/2006 0:00:00,12/30/1899 14:00:00,"D- Property Damage","F- Driver",39.00,"Male","V-Motor Cycle;W-Pedal Cycle","S- Driver's Negligence",2.00
6306,26735.00,"4- Demerara- Mahaica",366,"Providence Public Rd.","East bank Demerara (from Georgetown)","-58.1805","6.7587",,,2/19/2006 0:00:00,12/30/1899 5:45:00,"D- Property Damage","F- Driver",24.00,"Male","K- Private Cars;M- Hire Cars","S- Driver's Negligence",2.00
6307,26736.00,"4- Demerara- Mahaica",365,"Covent Garden Public Rd.","East bank Demerara (from Georgetown)","-58.1898","6.7372",,,2/19/2006 0:00:00,12/30/1899 20:00:00,"D- Property Damage","F- Driver",58.00,"Male","N- Pickup;V-Motor Cycle","U- Cyclist's Negligence",2.00
6308,26737.00,"4- Demerara- Mahaica",368,"Diamond Public Rd.","East bank Demerara (from Georgetown)","-58.1764","6.7061",,,2/21/2006 0:00:00,12/30/1899 16:20:00,"D- Property Damage","F- Driver",41.00,"Male","J- Minibus;N- Pickup","S- Driver's Negligence",2.00
6309,26738.00,"4- Demerara- Mahaica",368,"Diamond Public Rd.","East bank Demerara (from Georgetown)","-58.1764","6.7061",,,2/24/2006 0:00:00,12/30/1899 18:40:00,"D- Property Damage","F- Driver",29.00,"Male","J- Minibus;K- Private Cars","S- Driver's Negligence",2.00
6310,26739.00,"4- Demerara- Mahaica",366,"Providence Public Rd.","East bank Demerara (from Georgetown)","-58.1805","6.7587",,,2/26/2006 0:00:00,12/30/1899 20:45:00,"B- Serious Injury","F- Driver",42.00,"Male","N- Pickup;V-Motor Cycle","U- Cyclist's Negligence",2.00
6311,26740.00,"4- Demerara- Mahaica",366,"Providence Public Rd.","East bank Demerara (from Georgetown)","-58.1805","6.7587",,,3/2/2006 0:00:00,12/30/1899 11:55:00,"D- Property Damage","F- Driver",32.00,"Male","J- Minibus;N- Pickup","S- Driver's Negligence",2.00
6312,26741.00,"4- Demerara- Mahaica",368,"Diamond Housing Scheme","East bank Demerara (from Georgetown)","-58.1864","6.7378",,,3/3/2006 0:00:00,12/30/1899 8:15:00,"C- Minor Injury","F- Driver",44.00,"Male","M- Hire Cars","S- Driver's Negligence",2.00
6313,26742.00,"4- Demerara- Mahaica",349,"Eccles Public Rd.","East bank Demerara (from Georgetown)","-58.1706","6.7802",,,3/3/2006 0:00:00,12/30/1899 22:45:00,"B- Serious Injury","F- Driver",36.00,"Male","J- Minibus;W-Pedal Cycle","U- Cyclist's Negligence",3.00
6314,26743.00,"4- Demerara- Mahaica",366,"Providence Public Rd.","East bank Demerara (from Georgetown)","-58.1805","6.7587",,,3/4/2006 0:00:00,12/30/1899 22:40:00,"A- Fatal","F- Driver",32.00,"Male","K- Private Cars;W-Pedal Cycle","S- Driver's Negligence",2.00
6315,26744.00,"4- Demerara- Mahaica",366,"Providence Public Rd.","East bank Demerara (from Georgetown)","-58.1805","6.7587",,,3/4/2006 0:00:00,12/30/1899 22:55:00,"D- Property Damage","F- Driver",32.00,"Male","K- Private Cars","S- Driver's Negligence",2.00
6316,26745.00,"4- Demerara- Mahaica",367,"Little Diamond Public Rd.","East bank Demerara (from Georgetown)","-58.1864","6.7378",,,3/6/2006 0:00:00,12/30/1899 18:10:00,"C- Minor Injury","F- Driver",,"Male","L- Lorries Van","S- Driver's Negligence",3.00
6317,26746.00,"4- Demerara- Mahaica",353,"Peter's Hall Public Rd.","East bank Demerara (from Georgetown)","-58.1698","6.7724",,,3/8/2006 0:00:00,12/30/1899 8:00:00,"C- Minor Injury","G- Rider",,,"V-Motor Cycle","U- Cyclist's Negligence",2.00
6318,26747.00,"4- Demerara- Mahaica",368,"Diamond Public Rd.","East bank Demerara (from Georgetown)","-58.1764","6.7061",,,3/8/2006 0:00:00,12/30/1899 23:30:00,"D- Property Damage","F- Driver",30.00,"Male","K- Private Cars;V-Motor Cycle","S- Driver's Negligence",2.00
6319,26748.00,"4- Demerara- Mahaica",349,"Eccles Public Rd.","East bank Demerara (from Georgetown)","-58.1706","6.7802",,,3/9/2006 0:00:00,12/30/1899 7:55:00,"D- Property Damage","F- Driver",35.00,"Male","J- Minibus;L- Lorries Van","S- Driver's Negligence",2.00
6320,26749.00,"4- Demerara- Mahaica",349,"Eccles Public Rd.","East bank Demerara (from Georgetown)","-58.1706","6.7802",,,3/9/2006 0:00:00,12/30/1899 11:45:00,"C- Minor Injury","F- Driver",31.00,"Male","K- Private Cars;N- Pickup","S- Driver's Negligence",2.00
6321,26750.00,"4- Demerara- Mahaica",351,"Bagotstown Public Rd.","East bank Demerara (from Georgetown)","-58.1794","6.7505",,,3/12/2006 0:00:00,12/30/1899 16:30:00,"D- Property Damage","F- Driver",49.00,"Male","J- Minibus","S- Driver's Negligence",3.00
6322,26751.00,"4- Demerara- Mahaica",349,"Eccles Public Rd.","East bank Demerara (from Georgetown)","-58.1706","6.7802",,,3/15/2006 0:00:00,12/30/1899 18:40:00,"D- Property Damage","F- Driver",24.00,"Male","K- Private Cars;M- Hire Cars","S- Driver's Negligence",2.00
6323,26752.00,"4- Demerara- Mahaica",349,"Eccles Public Rd.","East bank Demerara (from Georgetown)","-58.1706","6.7802",,,3/17/2006 0:00:00,12/30/1899 12:15:00,"D- Property Damage","F- Driver",56.00,"Male","K- Private Cars;N- Pickup","S- Driver's Negligence",2.00
6324,26753.00,"4- Demerara- Mahaica",349,"Eccles Public Rd.","East bank Demerara (from Georgetown)","-58.1706","6.7802",,,3/21/2006 0:00:00,12/30/1899 7:20:00,"C- Minor Injury","F- Driver",54.00,"Male","J- Minibus","S- Driver's Negligence",2.00
6325,26754.00,"4- Demerara- Mahaica",349,"Eccles Public Rd.","East bank Demerara (from Georgetown)","-58.1706","6.7802",,,3/24/2006 0:00:00,12/30/1899 7:10:00,"C- Minor Injury","F- Driver",35.00,"Male","J- Minibus;V-Motor Cycle","U- Cyclist's Negligence",3.00
6326,26755.00,"4- Demerara- Mahaica",361,"Herstelling Public Rd.","East bank Demerara (from Georgetown)","-58.1848","6.7464",,,3/29/2006 0:00:00,12/30/1899 7:45:00,"C- Minor Injury","F- Driver",43.00,"Female","N- Pickup;V-Motor Cycle","S- Driver's Negligence",3.00
6327,26756.00,"4- Demerara- Mahaica",368,"Diamond Housing Scheme","East bank Demerara (from Georgetown)","-58.1864","6.7378",,,3/31/2006 0:00:00,12/30/1899 21:15:00,"D- Property Damage","F- Driver",47.00,"Male","K- Private Cars","S- Driver's Negligence",2.00
6328,26757.00,"4- Demerara- Mahaica",366,"Prospect Public Rd.","East bank Demerara (from Georgetown)","-58.1865","6.7372",,,4/1/2006 0:00:00,12/30/1899 20:30:00,"D- Property Damage","F- Driver",59.00,"Male","J- Minibus;M- Hire Cars","S- Driver's Negligence",2.00
6329,26758.00,"4- Demerara- Mahaica",366,"Prospect Public Rd.","East bank Demerara (from Georgetown)","-58.1865","6.7372",,,4/1/2006 0:00:00,12/30/1899 21:00:00,"A- Fatal","F- Driver",57.00,"Male","J- Minibus","S- Driver's Negligence",5.00
6330,26759.00,"4- Demerara- Mahaica",349,"Eccles Public Rd.","East bank Demerara (from Georgetown)","-58.1706","6.7802",,,4/4/2006 0:00:00,12/30/1899 13:20:00,"D- Property Damage","F- Driver",50.00,"Male","J- Minibus;N- Pickup","S- Driver's Negligence",2.00
6331,26760.00,"4- Demerara- Mahaica",353,"Peter's Hall Public Rd.","East bank Demerara (from Georgetown)","-58.1698","6.7724",,,4/5/2006 0:00:00,12/30/1899 14:30:00,"C- Minor Injury","G- Rider",,,"V-Motor Cycle","U- Cyclist's Negligence",2.00
6332,26761.00,"4- Demerara- Mahaica",363,"Farm Public Rd.","East bank Demerara (from Georgetown)","-58.1881","6.7380",,,4/6/2006 0:00:00,12/30/1899 7:55:00,"C- Minor Injury","F- Driver",54.00,"Male","L- Lorries Van;V-Motor Cycle","S- Driver's Negligence",2.00
6333,26762.00,"4- Demerara- Mahaica",368,"Diamond Housing Scheme","East bank Demerara (from Georgetown)","-58.1864","6.7378",,,4/8/2006 0:00:00,12/30/1899 17:30:00,"D- Property Damage","F- Driver",44.00,"Male","L- Lorries Van;M- Hire Cars","S- Driver's Negligence",2.00
6334,26763.00,"4- Demerara- Mahaica",368,"Diamond Public Rd.","East bank Demerara (from Georgetown)","-58.1764","6.7061",,,4/6/2006 0:00:00,12/30/1899 3:00:00,"B- Serious Injury","F- Driver",26.00,"Male","K- Private Cars","S- Driver's Negligence",3.00
6335,26764.00,"4- Demerara- Mahaica",351,"Bagotstown Public Rd.","East bank Demerara (from Georgetown)","-58.1794","6.7505",,,4/11/2006 0:00:00,12/30/1899 8:45:00,"C- Minor Injury","F- Driver",50.00,"Male","L- Lorries Van","S- Driver's Negligence",2.00
6336,26765.00,"4- Demerara- Mahaica",367,"Little Diamond Public Rd.","East bank Demerara (from Georgetown)","-58.1864","6.7378",,,4/12/2006 0:00:00,12/30/1899 12:50:00,"C- Minor Injury","F- Driver",28.00,"Male","J- Minibus;V-Motor Cycle","S- Driver's Negligence;U- Cyclist's Negligence",4.00
6337,26766.00,"4- Demerara- Mahaica",368,"Diamond Housing Scheme","East bank Demerara (from Georgetown)","-58.1864","6.7378",,,4/13/2006 0:00:00,12/30/1899 19:30:00,"C- Minor Injury","F- Driver",25.00,"Male","M- Hire Cars","S- Driver's Negligence",2.00
6338,26767.00,"4- Demerara- Mahaica",353,"Peter's Hall Public Rd.","East bank Demerara (from Georgetown)","-58.1698","6.7724",,,4/14/2006 0:00:00,12/30/1899 12:15:00,"C- Minor Injury","F- Driver",23.00,"Male","M- Hire Cars;W-Pedal Cycle","S- Driver's Negligence",2.00
6339,26768.00,"4- Demerara- Mahaica",361,"7th St. Herstelling","East bank Demerara (from Georgetown)","-58.1879","6.7474",,,4/15/2006 0:00:00,12/30/1899 20:00:00,"D- Property Damage","F- Driver",32.00,"Male","J- Minibus;M- Hire Cars","S- Driver's Negligence",2.00
6340,26769.00,"4- Demerara- Mahaica",368,"Diamond Housing Scheme","East bank Demerara (from Georgetown)","-58.1864","6.7378",,,4/15/2006 0:00:00,12/30/1899 4:45:00,"C- Minor Injury","F- Driver",,"Male","N- Pickup","S- Driver's Negligence",2.00
6341,26770.00,"4- Demerara- Mahaica",366,"Providence Public Rd.","East bank Demerara (from Georgetown)","-58.1805","6.7587",,,4/16/2006 0:00:00,12/30/1899 6:30:00,"B- Serious Injury","F- Driver",27.00,"Male","K- Private Cars;V-Motor Cycle","S- Driver's Negligence",2.00
6342,26771.00,"4- Demerara- Mahaica",361,"Herstelling Public Rd.","East bank Demerara (from Georgetown)","-58.1848","6.7464",,,4/17/2006 0:00:00,12/30/1899 8:30:00,"A- Fatal","F- Driver",40.00,"Male","J- Minibus;M- Hire Cars;V-Motor Cycle","S- Driver's Negligence",3.00
6343,26772.00,"4- Demerara- Mahaica",368,"Diamond Housing Scheme","East bank Demerara (from Georgetown)","-58.1864","6.7378",,,4/17/2006 0:00:00,12/30/1899 20:30:00,"A- Fatal","F- Driver",18.00,"Male","M- Hire Cars;N- Pickup","S- Driver's Negligence",3.00
6344,26773.00,"4- Demerara- Mahaica",367,"Little Diamond Public Rd.","East bank Demerara (from Georgetown)","-58.1864","6.7378",,,4/18/2006 0:00:00,12/30/1899 18:45:00,"D- Property Damage","F- Driver",44.00,"Female","K- Private Cars","S- Driver's Negligence",2.00
6345,26774.00,"6- East Berbice- Corentyne",1169,"Republic Rd.","New Amsterdam-East Berbice- Corentyne","-57.5137","6.2528",,,2/17/2002 0:00:00,12/30/1899 14:00:00,"D- Property Damage","G- Rider",,"Male","V-Motor Cycle;W-Pedal Cycle","U- Cyclist's Negligence",2.00
6346,26775.00,"6- East Berbice- Corentyne",735,"Goed Bananen Land Canje","RIGHT BANK CANJE RIVER (From New Amsterdam)","-57.4833","6.2333",,,2/22/2002 0:00:00,12/30/1899 20:00:00,"A- Fatal","F- Driver",,"Male","K- Private Cars","S- Driver's Negligence",2.00
6347,26776.00,"6- East Berbice- Corentyne",1169,"Republic Rd.","New Amsterdam-East Berbice- Corentyne","-57.5137","6.2528",,,3/22/2002 0:00:00,12/30/1899 13:45:00,"B- Serious Injury","F- Driver",40.00,"Male","M- Hire Cars;W-Pedal Cycle","P- Speeding",2.00
6348,26777.00,"6- East Berbice- Corentyne",772,"Canje Public Cumberland","EAST COAST BERBICE ROAD (From New Amsterdam)","-57.5167","6.2667",,,3/24/2002 0:00:00,12/30/1899 14:00:00,"D- Property Damage","F- Driver",44.00,"Male","M- Hire Cars;N- Pickup","S- Driver's Negligence",2.00
6349,26778.00,"6- East Berbice- Corentyne",751,"Vryheid Public Rd.","LEFT BANK CANJE RIVER (From New Amsterdam)","-57.5167","6.2500",,,3/25/2002 0:00:00,12/30/1899 21:00:00,"D- Property Damage","F- Driver",33.00,"Male","K- Private Cars;M- Hire Cars","S- Driver's Negligence",2.00
6350,26779.00,"6- East Berbice- Corentyne",679,"Stanleytown Public Rd.","RIGHT BANK BERBICE RIVER (From New Amsterdam)","-57.5167","6.2333",,,3/26/2002 0:00:00,12/30/1899 23:30:00,"D- Property Damage","F- Driver",47.00,"Male","J- Minibus;M- Hire Cars","S- Driver's Negligence",2.00
6351,26780.00,"6- East Berbice- Corentyne",785,"#19 Public Rd.","EAST COAST BERBICE ROAD (From New Amsterdam)","-57.4500","6.2833",,,4/1/2002 0:00:00,12/30/1899 16:15:00,"C- Minor Injury","F- Driver",49.00,"Male","K- Private Cars","P- Speeding",4.00
6352,26781.00,"6- East Berbice- Corentyne",781,"#11 Public Rd.","EAST COAST BERBICE ROAD (From New Amsterdam)","-57.4833","6.2833",,,4/2/2002 0:00:00,12/30/1899 16:50:00,"C- Minor Injury","F- Driver",22.00,"Male","K- Private Cars","P- Speeding",3.00
6353,26782.00,"6- East Berbice- Corentyne",772,"Fort Canje Public Rd.","EAST COAST BERBICE ROAD (From New Amsterdam)","-57.5167","6.2667",,,4/20/2002 0:00:00,12/30/1899 18:45:00,"C- Minor Injury","F- Driver",41.00,"Male","K- Private Cars;L- Lorries Van","O- Lost Control & Runoff",7.00
6354,26783.00,"6- East Berbice- Corentyne",785,"#19 Public Rd.","EAST COAST BERBICE ROAD (From New Amsterdam)","-57.4500","6.2833",,,4/29/2002 0:00:00,12/30/1899 14:35:00,"A- Fatal","F- Driver",31.00,"Male","J- Minibus;N- Pickup","O- Lost Control & Runoff",2.00
6355,26784.00,"6- East Berbice- Corentyne",775,"Sheet Anchor Public Rd.","EAST COAST BERBICE ROAD (From New Amsterdam)","-57.5000","6.2667",,,4/28/2002 0:00:00,12/30/1899 17:30:00,"B- Serious Injury","F- Driver",48.00,"Male","L- Lorries Van;W-Pedal Cycle","S- Driver's Negligence",2.00
6356,26785.00,"6- East Berbice- Corentyne",735,"Goed Bananen Public Rd.","RIGHT BANK CANJE RIVER (From New Amsterdam)","-57.4833","6.2333",,,5/4/2002 0:00:00,12/30/1899 21:30:00,"C- Minor Injury","G- Rider",23.00,"Male","W-Pedal Cycle","U- Cyclist's Negligence",2.00
6357,26786.00,"6- East Berbice- Corentyne",777,"Palmyra Public Rd.","EAST COAST BERBICE ROAD (From New Amsterdam)","-57.5000","6.2833",,,5/2/2002 0:00:00,12/30/1899 15:30:00,"D- Property Damage","F- Driver",32.00,"Male","J- Minibus","Y- Animal",1.00
6358,26787.00,"6- East Berbice- Corentyne",777,"Palmyra Public Rd.","EAST COAST BERBICE ROAD (From New Amsterdam)","-57.5000","6.2833",,,5/4/2002 0:00:00,12/30/1899 9:30:00,"B- Serious Injury","F- Driver",40.00,"Male","J- Minibus;L- Lorries Van","S- Driver's Negligence",4.00
6359,26788.00,"6- East Berbice- Corentyne",772,"Fort Canje Public Rd.","EAST COAST BERBICE ROAD (From New Amsterdam)","-57.5167","6.2667",,,5/14/2002 0:00:00,12/30/1899 10:00:00,"C- Minor Injury","F- Driver",43.00,"Male","L- Lorries Van;W-Pedal Cycle","S- Driver's Negligence",3.00
6360,26789.00,"6- East Berbice- Corentyne",1169,"Republic Rd.","New Amsterdam-East Berbice- Corentyne","-57.5137","6.2528",,,5/9/2002 0:00:00,12/30/1899 14:10:00,"C- Minor Injury","F- Driver",30.00,"Male","M- Hire Cars","S- Driver's Negligence",2.00
6361,26790.00,"6- East Berbice- Corentyne",772,"East Canje Public Rd.","EAST COAST BERBICE ROAD (From New Amsterdam)","-57.5167","6.2667",,,5/28/2002 0:00:00,12/30/1899 21:00:00,"D- Property Damage","F- Driver",49.00,"Male","K- Private Cars;V-Motor Cycle","S- Driver's Negligence",2.00
6362,26791.00,"6- East Berbice- Corentyne",785,"#19 Public Rd.","EAST COAST BERBICE ROAD (From New Amsterdam)","-57.4500","6.2833",,,6/3/2002 0:00:00,12/30/1899 19:00:00,"B- Serious Injury","F- Driver",35.00,"Male","K- Private Cars","P- Speeding",1.00
6363,26792.00,"6- East Berbice- Corentyne",1162,"Main Rd.","New Amsterdam-East Berbice- Corentyne","-57.5185","6.2474",,,6/5/2002 0:00:00,12/30/1899 17:30:00,"C- Minor Injury","F- Driver",52.00,"Male","K- Private Cars;W-Pedal Cycle","S- Driver's Negligence",2.00
6364,26793.00,"6- East Berbice- Corentyne",777,"Palmyra Public Rd.","EAST COAST BERBICE ROAD (From New Amsterdam)","-57.5000","6.2833",,,6/10/2002 0:00:00,12/30/1899 17:20:00,"B- Serious Injury","F- Driver",20.00,"Male","K- Private Cars;W-Pedal Cycle","S- Driver's Negligence",3.00
6365,26794.00,"6- East Berbice- Corentyne",1162,"Main Rd.","New Amsterdam-East Berbice- Corentyne","-57.5185","6.2474",,,6/16/2002 0:00:00,12/30/1899 20:10:00,"D- Property Damage","F- Driver",30.00,"Male","K- Private Cars;V-Motor Cycle","S- Driver's Negligence",2.00
6366,26795.00,"6- East Berbice- Corentyne",1169,"Republic Rd.","New Amsterdam-East Berbice- Corentyne","-57.5137","6.2528",,,7/3/2002 0:00:00,12/30/1899 16:30:00,"C- Minor Injury","F- Driver",29.00,"Male","M- Hire Cars;W-Pedal Cycle","S- Driver's Negligence",2.00
6367,26796.00,"6- East Berbice- Corentyne",775,"Sheet Anchor Public Rd.","EAST COAST BERBICE ROAD (From New Amsterdam)","-57.5000","6.2667",,,7/13/2002 0:00:00,12/30/1899 16:45:00,"A- Fatal","G- Rider",51.00,"Male","L- Lorries Van;W-Pedal Cycle","U- Cyclist's Negligence",2.00
6368,26797.00,"6- East Berbice- Corentyne",1163,"Matthew Allen Public Rd.","New Amsterdam-East Berbice- Corentyne","-57.5216","6.2498",,,7/14/2002 0:00:00,12/30/1899 14:40:00,"D- Property Damage","F- Driver",40.00,"Male","M- Hire Cars","S- Driver's Negligence",2.00
6369,26798.00,"6- East Berbice- Corentyne",1162,"Main Rd.","New Amsterdam-East Berbice- Corentyne","-57.5185","6.2474",,,7/20/2002 0:00:00,12/30/1899 5:15:00,"D- Property Damage","F- Driver",29.00,"Male","K- Private Cars;L- Lorries Van","S- Driver's Negligence",2.00
6370,26799.00,"6- East Berbice- Corentyne",733,"Reliance Public Rd.","RIGHT BANK CANJE RIVER (From New Amsterdam)","-57.4833","6.2333",,,7/23/2002 0:00:00,12/30/1899 7:45:00,"B- Serious Injury","G- Rider",54.00,"Male","M- Hire Cars;W-Pedal Cycle","U- Cyclist's Negligence",2.00
6371,26800.00,"6- East Berbice- Corentyne",735,"Goed Bananen Land Canje","RIGHT BANK CANJE RIVER (From New Amsterdam)","-57.4833","6.2333",,,7/28/2002 0:00:00,12/30/1899 19:50:00,"D- Property Damage","F- Driver",27.00,"Male","K- Private Cars;N- Pickup","S- Driver's Negligence",2.00
6372,26801.00,"6- East Berbice- Corentyne",1169,"Republic Rd.","New Amsterdam-East Berbice- Corentyne","-57.5137","6.2528",,,7/28/2002 0:00:00,12/30/1899 19:30:00,"C- Minor Injury","F- Driver",,"Male","X-Tractor","S- Driver's Negligence",2.00
6373,26802.00,"6- East Berbice- Corentyne",1173,"Strand Public Rd.","New Amsterdam-East Berbice- Corentyne","-57.5210","6.2463",,,8/3/2002 0:00:00,12/30/1899 11:30:00,"B- Serious Injury","F- Driver",,"Male",,"S- Driver's Negligence",2.00
6374,26803.00,"6- East Berbice- Corentyne",1173,"Strand Public Rd.","New Amsterdam-East Berbice- Corentyne","-57.5210","6.2463",,,8/11/2002 0:00:00,12/30/1899 18:45:00,"C- Minor Injury","G- Rider",31.00,"Male","V-Motor Cycle","U- Cyclist's Negligence",2.00
6375,26804.00,"6- East Berbice- Corentyne",731,"Canefied Settlement Public Rd. East Canje","RIGHT BANK CANJE RIVER (From New Amsterdam)","-57.4833","6.2500",,,8/12/2002 0:00:00,12/30/1899 8:55:00,"B- Serious Injury","E- Pedestrian",5.00,"Male","M- Hire Cars","T-Pedestrian's Negligence",2.00
6376,26805.00,"6- East Berbice- Corentyne",776,"Cumberland Public Rd.","EAST COAST BERBICE ROAD (From New Amsterdam)","-57.5000","6.2667",,,8/22/2002 0:00:00,12/30/1899 10:00:00,"D- Property Damage","F- Driver",26.00,"Male","L- Lorries Van;M- Hire Cars","S- Driver's Negligence",2.00
6377,26806.00,"6- East Berbice- Corentyne",1169,"Republic Rd.","New Amsterdam-East Berbice- Corentyne","-57.5137","6.2528",,,8/23/2002 0:00:00,12/30/1899 4:33:00,"C- Minor Injury","F- Driver",36.00,"Male","M- Hire Cars","O- Lost Control & Runoff",1.00
6378,26807.00,"6- East Berbice- Corentyne",776,"Cumberland Public Rd.","EAST COAST BERBICE ROAD (From New Amsterdam)","-57.5000","6.2667",,,8/22/2002 0:00:00,12/30/1899 19:10:00,"D- Property Damage","F- Driver",23.00,"Male","K- Private Cars;L- Lorries Van","R- Improper Overtaking",2.00
6379,26809.00,"6- East Berbice- Corentyne",777,"Palmyra Public Rd.","EAST COAST BERBICE ROAD (From New Amsterdam)","-57.5000","6.2833",,,8/23/2002 0:00:00,,"D- Property Damage","F- Driver",67.00,"Male","K- Private Cars","Y- Animal",1.00
6380,26810.00,"6- East Berbice- Corentyne",1162,"Main Rd.","New Amsterdam-East Berbice- Corentyne","-57.5185","6.2474",,,8/27/2002 0:00:00,12/30/1899 13:00:00,"D- Property Damage","F- Driver",22.00,"Male","L- Lorries Van;N- Pickup","S- Driver's Negligence",2.00
6381,26811.00,"6- East Berbice- Corentyne",1162,"Main Rd.","New Amsterdam-East Berbice- Corentyne","-57.5185","6.2474",,,8/29/2002 0:00:00,12/30/1899 17:00:00,"D- Property Damage","G- Rider",30.00,"Male","M- Hire Cars;V-Motor Cycle","U- Cyclist's Negligence",2.00
6382,26812.00,"6- East Berbice- Corentyne",1162,"Main Rd.","New Amsterdam-East Berbice- Corentyne","-57.5185","6.2474",,,9/11/2002 0:00:00,12/30/1899 8:30:00,"C- Minor Injury","F- Driver",47.00,"Male","M- Hire Cars;V-Motor Cycle","S- Driver's Negligence",2.00
6383,26813.00,"6- East Berbice- Corentyne",777,"Palmyra Public Rd.","EAST COAST BERBICE ROAD (From New Amsterdam)","-57.5000","6.2833",,,9/13/2002 0:00:00,12/30/1899 15:20:00,"D- Property Damage","F- Driver",25.00,"Male","J- Minibus","Y- Animal",1.00
6384,26814.00,"6- East Berbice- Corentyne",786,"Warren Public Rd.","EAST COAST BERBICE ROAD (From New Amsterdam)","-57.4500","6.2833",,,9/14/2002 0:00:00,12/30/1899 18:00:00,"A- Fatal","F- Driver",31.00,"Male","M- Hire Cars","P- Speeding",3.00
6385,26815.00,"6- East Berbice- Corentyne",1173,"Strand Public Rd.","New Amsterdam-East Berbice- Corentyne","-57.5210","6.2463",,,9/14/2002 0:00:00,,"B- Serious Injury","E- Pedestrian",48.00,"Male","K- Private Cars","T-Pedestrian's Negligence",2.00
6386,26816.00,"6- East Berbice- Corentyne",682,"Providence Public Rd.","RIGHT BANK BERBICE RIVER (From New Amsterdam)","-57.5167","6.2167",,,9/14/2002 0:00:00,12/30/1899 0:30:00,"A- Fatal","G- Rider",20.00,"Male","V-Motor Cycle","P- Speeding",2.00
6387,26817.00,"6- East Berbice- Corentyne",1169,"Republic Rd.","New Amsterdam-East Berbice- Corentyne","-57.5137","6.2528",,,9/16/2002 0:00:00,12/30/1899 17:30:00,"C- Minor Injury","F- Driver",35.00,"Male","J- Minibus;W-Pedal Cycle","S- Driver's Negligence",3.00