"ID","Accident ID","Region Number","Corridor ID","Location (Intersection/Road/Street)","Corridor","Location- longitude/ X","Location- latitude/  Y","Mile Marker","Village","Date of Accident","Time of Accident","Type of Accident","Class of Road User","Age/DOB","Gender","Class of Vehicles Involved","Contributing Factor","Number of Persons Involved"
6388,26818.00,"6- East Berbice- Corentyne",772,"Fort Canje Public Rd.","EAST COAST BERBICE ROAD (From New Amsterdam)","-57.5167","6.2667",,,9/18/2002 0:00:00,12/30/1899 14:00:00,"B- Serious Injury","F- Driver",32.00,"Male","K- Private Cars;W-Pedal Cycle","S- Driver's Negligence",2.00
6389,26819.00,"6- East Berbice- Corentyne",775,"Sheet Anchor Public Rd.","EAST COAST BERBICE ROAD (From New Amsterdam)","-57.5000","6.2667",,,9/20/2002 0:00:00,12/30/1899 21:15:00,"C- Minor Injury","F- Driver",21.00,"Male","K- Private Cars;W-Pedal Cycle","S- Driver's Negligence",2.00
6390,26820.00,"6- East Berbice- Corentyne",785,"#19 Public Rd.","EAST COAST BERBICE ROAD (From New Amsterdam)","-57.4500","6.2833",,,9/20/2002 0:00:00,12/30/1899 19:30:00,"B- Serious Injury","F- Driver",53.00,"Male","J- Minibus","Y- Animal",4.00
6391,26821.00,"6- East Berbice- Corentyne",752,"Mount Sinai Public Rd.","LEFT BANK CANJE RIVER (From New Amsterdam)","-57.5167","6.2333",,,9/22/2002 0:00:00,12/30/1899 19:00:00,"D- Property Damage","F- Driver",25.00,"Male","K- Private Cars;M- Hire Cars","S- Driver's Negligence",2.00
6392,26822.00,"6- East Berbice- Corentyne",1169,"Republic Rd.","New Amsterdam-East Berbice- Corentyne","-57.5137","6.2528",,,9/22/2002 0:00:00,12/30/1899 18:30:00,"D- Property Damage","F- Driver",39.00,"Male","N- Pickup","Y- Animal",1.00
6393,26823.00,"6- East Berbice- Corentyne",1162,"Islington Public Rd.","New Amsterdam-East Berbice- Corentyne","-57.5185","6.2474",,,9/25/2002 0:00:00,12/30/1899 15:30:00,"D- Property Damage","F- Driver",26.00,"Male","M- Hire Cars","S- Driver's Negligence",1.00
6394,26824.00,"6- East Berbice- Corentyne",682,"Providence Public Rd.","RIGHT BANK BERBICE RIVER (From New Amsterdam)","-57.5167","6.2167",,,9/26/2002 0:00:00,12/30/1899 1:15:00,"D- Property Damage","F- Driver",46.00,"Male","J- Minibus;M- Hire Cars","S- Driver's Negligence",2.00
6395,26825.00,"6- East Berbice- Corentyne",775,"Sheet Anchor Public Rd.","EAST COAST BERBICE ROAD (From New Amsterdam)","-57.5000","6.2667",,,9/28/2002 0:00:00,,"C- Minor Injury","F- Driver",32.00,"Male","J- Minibus;M- Hire Cars","S- Driver's Negligence",2.00
6396,26826.00,"6- East Berbice- Corentyne",1169,"Republic Rd.","New Amsterdam-East Berbice- Corentyne","-57.5137","6.2528",,,9/28/2002 0:00:00,12/30/1899 8:30:00,"D- Property Damage","F- Driver",37.00,"Male","K- Private Cars;N- Pickup","S- Driver's Negligence",2.00
6397,26827.00,"6- East Berbice- Corentyne",1169,"Republic Rd.","New Amsterdam-East Berbice- Corentyne","-57.5137","6.2528",,,9/29/2002 0:00:00,,"D- Property Damage","F- Driver",36.00,"Male","K- Private Cars","Y- Animal",1.00
6398,26828.00,"6- East Berbice- Corentyne",785,"#19 Public Rd.","EAST COAST BERBICE ROAD (From New Amsterdam)","-57.4500","6.2833",,,9/29/2002 0:00:00,12/30/1899 19:30:00,"D- Property Damage","F- Driver",28.00,"Male","J- Minibus","Y- Animal",1.00
6399,26829.00,"6- East Berbice- Corentyne",1173,"Strand Public Rd.","New Amsterdam-East Berbice- Corentyne","-57.5210","6.2463",,,10/1/2002 0:00:00,12/30/1899 8:10:00,"D- Property Damage","F- Driver",30.00,"Male","M- Hire Cars","S- Driver's Negligence",2.00
6400,26830.00,"6- East Berbice- Corentyne",1162,"Main Rd.","New Amsterdam-East Berbice- Corentyne","-57.5185","6.2474",,,10/2/2002 0:00:00,12/30/1899 16:25:00,"C- Minor Injury","F- Driver",47.00,"Male","M- Hire Cars;V-Motor Cycle","P- Speeding",3.00
6401,26831.00,"6- East Berbice- Corentyne",772,"Fort Canje Public Rd.","EAST COAST BERBICE ROAD (From New Amsterdam)","-57.5167","6.2667",,,10/3/2002 0:00:00,12/30/1899 7:25:00,"C- Minor Injury","F- Driver",42.00,"Male","W-Pedal Cycle;X-Tractor","O- Lost Control & Runoff",2.00
6402,26832.00,"6- East Berbice- Corentyne",1169,"Republic Rd.","New Amsterdam-East Berbice- Corentyne","-57.5137","6.2528",,,10/7/2002 0:00:00,12/30/1899 14:35:00,"B- Serious Injury","E- Pedestrian",7.00,"Female","M- Hire Cars","T-Pedestrian's Negligence",2.00
6403,26833.00,"6- East Berbice- Corentyne",684,"Glasgow Public Rd.","RIGHT BANK BERBICE RIVER (From New Amsterdam)","-57.5167","6.2167",,,10/19/2002 0:00:00,12/30/1899 18:35:00,"C- Minor Injury","F- Driver",19.00,"Male","K- Private Cars;W-Pedal Cycle","S- Driver's Negligence",2.00
6404,26834.00,"6- East Berbice- Corentyne",1169,"Republic Rd.","New Amsterdam-East Berbice- Corentyne","-57.5137","6.2528",,,10/10/2002 0:00:00,12/30/1899 12:15:00,"C- Minor Injury","F- Driver",28.00,"Male","L- Lorries Van;W-Pedal Cycle","S- Driver's Negligence",2.00
6405,26835.00,"6- East Berbice- Corentyne",1162,"Main & King St.","New Amsterdam-East Berbice- Corentyne","-57.5185","6.2474",,,10/15/2002 0:00:00,12/30/1899 19:15:00,"D- Property Damage","F- Driver",59.00,"Female","N- Pickup","Y- Animal",1.00
6406,26836.00,"6- East Berbice- Corentyne",1169,"Republic Rd.","New Amsterdam-East Berbice- Corentyne","-57.5137","6.2528",,,10/14/2002 0:00:00,,"C- Minor Injury","F- Driver",33.00,"Male","M- Hire Cars","S- Driver's Negligence",2.00
6407,26837.00,"6- East Berbice- Corentyne",1169,"Republic Rd.","New Amsterdam-East Berbice- Corentyne","-57.5137","6.2528",,,10/13/2002 0:00:00,12/30/1899 17:30:00,"C- Minor Injury","F- Driver",,"Female","K- Private Cars;V-Motor Cycle","S- Driver's Negligence",2.00
6408,26838.00,"6- East Berbice- Corentyne",734,"Adelphi Settlement","RIGHT BANK CANJE RIVER (From New Amsterdam)","-57.4833","6.2333",,,10/16/2002 0:00:00,12/30/1899 12:00:00,"A- Fatal","F- Driver",27.00,"Male","J- Minibus","S- Driver's Negligence",2.00
6409,26839.00,"6- East Berbice- Corentyne",1162,"Islington Public Rd.","New Amsterdam-East Berbice- Corentyne","-57.5185","6.2474",,,10/25/2002 0:00:00,12/30/1899 14:30:00,"A- Fatal","G- Rider",31.00,"Male","L- Lorries Van;V-Motor Cycle","U- Cyclist's Negligence",2.00
6410,26840.00,"6- East Berbice- Corentyne",682,"Providence Public Rd.","RIGHT BANK BERBICE RIVER (From New Amsterdam)","-57.5167","6.2167",,,10/25/2002 0:00:00,12/30/1899 21:15:00,"D- Property Damage","F- Driver",56.00,"Male","M- Hire Cars","Y- Animal",1.00
6411,26841.00,"6- East Berbice- Corentyne",775,"Sheet Anchor Public Rd.","EAST COAST BERBICE ROAD (From New Amsterdam)","-57.5000","6.2667",,,11/1/2002 0:00:00,12/30/1899 12:00:00,"C- Minor Injury","F- Driver",48.00,"Male","J- Minibus;M- Hire Cars","S- Driver's Negligence",2.00
6412,26842.00,"6- East Berbice- Corentyne",1162,"Main Rd.","New Amsterdam-East Berbice- Corentyne","-57.5185","6.2474",,,11/1/2002 0:00:00,12/30/1899 14:15:00,"D- Property Damage","F- Driver",35.00,"Male","K- Private Cars;N- Pickup","S- Driver's Negligence",2.00
6413,26843.00,"6- East Berbice- Corentyne",775,"Sheet Anchor Public Rd.","EAST COAST BERBICE ROAD (From New Amsterdam)","-57.5000","6.2667",,,11/1/2002 0:00:00,12/30/1899 19:00:00,"D- Property Damage","F- Driver",25.00,"Male","M- Hire Cars","Y- Animal",1.00
6414,26844.00,"6- East Berbice- Corentyne",679,"Stanleytown Public Rd.","RIGHT BANK BERBICE RIVER (From New Amsterdam)","-57.5167","6.2333",,,11/3/2002 0:00:00,12/30/1899 18:30:00,"D- Property Damage","G- Rider",31.00,"Male","M- Hire Cars;V-Motor Cycle","U- Cyclist's Negligence",2.00
6415,26845.00,"6- East Berbice- Corentyne",1162,"Main Rd.","New Amsterdam-East Berbice- Corentyne","-57.5185","6.2474",,,11/4/2002 0:00:00,12/30/1899 18:45:00,"C- Minor Injury","E- Pedestrian",,"Male","V-Motor Cycle","T-Pedestrian's Negligence",2.00
6416,26846.00,"6- East Berbice- Corentyne",776,"Cumberland Public Rd.","EAST COAST BERBICE ROAD (From New Amsterdam)","-57.5000","6.2667",,,11/4/2002 0:00:00,12/30/1899 19:45:00,"B- Serious Injury","G- Rider",14.00,"Male","K- Private Cars;W-Pedal Cycle","U- Cyclist's Negligence",2.00
6417,26847.00,"6- East Berbice- Corentyne",772,"Canje Public Rd.","EAST COAST BERBICE ROAD (From New Amsterdam)","-57.5167","6.2667",,,11/2/2002 0:00:00,12/30/1899 2:30:00,"D- Property Damage","F- Driver",20.00,"Male","K- Private Cars","Y- Animal",1.00
6418,26848.00,"6- East Berbice- Corentyne",776,"Cumberland Public Rd.","EAST COAST BERBICE ROAD (From New Amsterdam)","-57.5000","6.2667",,,11/6/2002 0:00:00,12/30/1899 13:45:00,"D- Property Damage","F- Driver",35.00,"Male","M- Hire Cars","S- Driver's Negligence",2.00
6419,26849.00,"6- East Berbice- Corentyne",1169,"Republic Rd.","New Amsterdam-East Berbice- Corentyne","-57.5137","6.2528",,,11/7/2002 0:00:00,12/30/1899 4:30:00,"C- Minor Injury","E- Pedestrian",52.00,"Male","M- Hire Cars","T-Pedestrian's Negligence",2.00
6420,26850.00,"6- East Berbice- Corentyne",1162,"Main Rd.","New Amsterdam-East Berbice- Corentyne","-57.5185","6.2474",,,11/11/2002 0:00:00,12/30/1899 20:35:00,"B- Serious Injury","G- Rider",,"Male","V-Motor Cycle;W-Pedal Cycle","U- Cyclist's Negligence",2.00
6421,26851.00,"6- East Berbice- Corentyne",1162,"Tucber Rd.","New Amsterdam-East Berbice- Corentyne","-57.5185","6.2474",,,11/8/2002 0:00:00,12/30/1899 13:55:00,"C- Minor Injury","G- Rider",,"Male","V-Motor Cycle;W-Pedal Cycle","U- Cyclist's Negligence",2.00
6422,26852.00,"6- East Berbice- Corentyne",682,"Providence Public Rd.","RIGHT BANK BERBICE RIVER (From New Amsterdam)","-57.5167","6.2167",,,11/13/2002 0:00:00,12/30/1899 10:00:00,"C- Minor Injury","F- Driver",50.00,"Male","K- Private Cars;L- Lorries Van;W-Pedal Cycle","S- Driver's Negligence",3.00
6423,26853.00,"6- East Berbice- Corentyne",1162,"Main Rd.","New Amsterdam-East Berbice- Corentyne","-57.5185","6.2474",,,11/13/2002 0:00:00,12/30/1899 18:20:00,"B- Serious Injury","G- Rider",23.00,"Male","V-Motor Cycle;W-Pedal Cycle","P- Speeding",2.00
6424,26854.00,"6- East Berbice- Corentyne",772,"East Canje Public Rd.","EAST COAST BERBICE ROAD (From New Amsterdam)","-57.5167","6.2667",,,11/22/2002 0:00:00,12/30/1899 15:00:00,"C- Minor Injury","E- Pedestrian",6.00,"Male","M- Hire Cars","T-Pedestrian's Negligence",2.00
6425,26855.00,"6- East Berbice- Corentyne",1162,"Main Rd.","New Amsterdam-East Berbice- Corentyne","-57.5185","6.2474",,,11/26/2002 0:00:00,12/30/1899 15:00:00,"D- Property Damage","F- Driver",46.00,"Male","K- Private Cars;L- Lorries Van","S- Driver's Negligence",2.00
6426,26856.00,"6- East Berbice- Corentyne",1169,"Republic Rd.","New Amsterdam-East Berbice- Corentyne","-57.5137","6.2528",,,11/27/2002 0:00:00,12/30/1899 8:00:00,"D- Property Damage","F- Driver",50.00,"Male","J- Minibus;V-Motor Cycle","S- Driver's Negligence",2.00
6427,26857.00,"6- East Berbice- Corentyne",731,"Canefield Public Rd.","RIGHT BANK CANJE RIVER (From New Amsterdam)","-57.4833","6.2500",,,12/1/2002 0:00:00,12/30/1899 5:00:00,"A- Fatal","G- Rider",26.00,"Male","L- Lorries Van;V-Motor Cycle","U- Cyclist's Negligence",2.00
6428,26858.00,"6- East Berbice- Corentyne",772,"East Canje Public Rd.","EAST COAST BERBICE ROAD (From New Amsterdam)","-57.5167","6.2667",,,12/2/2002 0:00:00,12/30/1899 8:00:00,"C- Minor Injury","G- Rider",14.00,"Female","L- Lorries Van;W-Pedal Cycle","U- Cyclist's Negligence",2.00
6429,26859.00,"6- East Berbice- Corentyne",1162,"Main Rd.","New Amsterdam-East Berbice- Corentyne","-57.5185","6.2474",,,12/3/2002 0:00:00,12/30/1899 21:30:00,"B- Serious Injury","E- Pedestrian",47.00,"Male","M- Hire Cars","T-Pedestrian's Negligence",2.00
6430,26860.00,"6- East Berbice- Corentyne",1169,"Republic Rd.","New Amsterdam-East Berbice- Corentyne","-57.5137","6.2528",,,12/8/2002 0:00:00,12/30/1899 20:50:00,"C- Minor Injury","G- Rider",49.00,"Male","M- Hire Cars;W-Pedal Cycle","U- Cyclist's Negligence",2.00
6431,26861.00,"6- East Berbice- Corentyne",772,"Fort Canje Public Rd.","EAST COAST BERBICE ROAD (From New Amsterdam)","-57.5167","6.2667",,,12/8/2002 0:00:00,12/30/1899 12:10:00,"B- Serious Injury","F- Driver",,"Male","K- Private Cars","S- Driver's Negligence",1.00
6432,26862.00,"6- East Berbice- Corentyne",785,"#19 Public Rd.","EAST COAST BERBICE ROAD (From New Amsterdam)","-57.4500","6.2833",,,12/7/2002 0:00:00,12/30/1899 12:30:00,"A- Fatal","F- Driver",26.00,"Male","K- Private Cars","P- Speeding",2.00
6433,26863.00,"6- East Berbice- Corentyne",1162,"Pearl Stewart H/S Public Rd.","New Amsterdam-East Berbice- Corentyne","-57.5185","6.2474",,,12/8/2002 0:00:00,12/30/1899 15:00:00,"B- Serious Injury","F- Driver",,"Male","K- Private Cars","S- Driver's Negligence",2.00
6434,26864.00,"6- East Berbice- Corentyne",1162,"Farm Public Rd.","New Amsterdam-East Berbice- Corentyne","-57.5185","6.2474",,,12/10/2002 0:00:00,12/30/1899 7:30:00,"A- Fatal","F- Driver",,"Male","M- Hire Cars","O- Lost Control & Runoff",2.00
6435,26865.00,"6- East Berbice- Corentyne",776,"Cumberland Public Rd.","EAST COAST BERBICE ROAD (From New Amsterdam)","-57.5000","6.2667",,,12/13/2002 0:00:00,12/30/1899 3:30:00,"D- Property Damage","F- Driver",,"Male","K- Private Cars","S- Driver's Negligence",2.00
6436,26866.00,"6- East Berbice- Corentyne",781,"#11 Farm Public Rd.","EAST COAST BERBICE ROAD (From New Amsterdam)","-57.4833","6.2833",,,12/15/2002 0:00:00,12/30/1899 10:05:00,"D- Property Damage","F- Driver",23.00,"Female","J- Minibus;K- Private Cars","S- Driver's Negligence",2.00
6437,26867.00,"6- East Berbice- Corentyne",1173,"Strand Public Rd.","New Amsterdam-East Berbice- Corentyne","-57.5210","6.2463",,,12/15/2002 0:00:00,12/30/1899 15:45:00,"D- Property Damage","F- Driver",,"Male","M- Hire Cars","Y- Animal",1.00
6438,26868.00,"6- East Berbice- Corentyne",679,"Stanleytown Public Rd.","RIGHT BANK BERBICE RIVER (From New Amsterdam)","-57.5167","6.2333",,,11/16/2002 0:00:00,12/30/1899 21:30:00,"C- Minor Injury","G- Rider",48.00,"Male","V-Motor Cycle","Y- Animal",1.00
6439,26869.00,"6- East Berbice- Corentyne",773,"Canje Bridge","EAST COAST BERBICE ROAD (From New Amsterdam)","-57.5167","6.2667",,,12/17/2002 0:00:00,12/30/1899 7:00:00,"B- Serious Injury","F- Driver",24.00,"Male","M- Hire Cars;W-Pedal Cycle","S- Driver's Negligence",2.00
6440,26870.00,"6- East Berbice- Corentyne",772,"Fort Canje Public Rd.","EAST COAST BERBICE ROAD (From New Amsterdam)","-57.5167","6.2667",,,12/17/2002 0:00:00,12/30/1899 16:50:00,"B- Serious Injury","F- Driver",27.00,"Male","M- Hire Cars;W-Pedal Cycle","S- Driver's Negligence",2.00
6441,26871.00,"6- East Berbice- Corentyne",731,"West Canefield Access Rd.","RIGHT BANK CANJE RIVER (From New Amsterdam)","-57.4833","6.2500",,,12/19/2002 0:00:00,12/30/1899 5:50:00,"B- Serious Injury","E- Pedestrian",1.00,"Male","Z-Animal- Drawn","T-Pedestrian's Negligence",2.00
6442,26872.00,"6- East Berbice- Corentyne",1162,"Main & Pitt St.","New Amsterdam-East Berbice- Corentyne","-57.5185","6.2474",,,2/10/2005 0:00:00,12/30/1899 10:35:00,"C- Minor Injury","F- Driver",28.00,"Male","M- Hire Cars;W-Pedal Cycle","O- Lost Control & Runoff",2.00
6443,26873.00,"6- East Berbice- Corentyne",1162,"Main Rd.","New Amsterdam-East Berbice- Corentyne","-57.5185","6.2474",,,2/11/2005 0:00:00,12/30/1899 2:25:00,"D- Property Damage","F- Driver",43.00,"Male","M- Hire Cars","O- Lost Control & Runoff",1.00
6444,26874.00,"6- East Berbice- Corentyne",682,"Providence Public Rd.","RIGHT BANK BERBICE RIVER (From New Amsterdam)","-57.5167","6.2167",,,2/14/2005 0:00:00,12/30/1899 8:50:00,"D- Property Damage","F- Driver",28.00,"Male","K- Private Cars;M- Hire Cars","S- Driver's Negligence",2.00
6445,26875.00,"6- East Berbice- Corentyne",1162,"Betsy Ground Public Rd.","New Amsterdam-East Berbice- Corentyne","-57.5185","6.2474",,,2/15/2005 0:00:00,12/30/1899 6:30:00,"C- Minor Injury","G- Rider",42.00,"Male","M- Hire Cars;V-Motor Cycle","U- Cyclist's Negligence",2.00
6446,26876.00,"6- East Berbice- Corentyne",775,"Sheet Anchor Public Rd.","EAST COAST BERBICE ROAD (From New Amsterdam)","-57.5000","6.2667",,,2/16/2005 0:00:00,12/30/1899 14:45:00,"C- Minor Injury","F- Driver",50.00,"Male","M- Hire Cars","Y- Animal",2.00
6447,26877.00,"6- East Berbice- Corentyne",772,"Fort Canje Bridge","EAST COAST BERBICE ROAD (From New Amsterdam)","-57.5167","6.2667",,,2/18/2005 0:00:00,12/30/1899 18:50:00,"B- Serious Injury","F- Driver",59.00,"Male","N- Pickup","S- Driver's Negligence",2.00
6448,26878.00,"6- East Berbice- Corentyne",682,"Providence Public Rd.","RIGHT BANK BERBICE RIVER (From New Amsterdam)","-57.5167","6.2167",,,2/21/2005 0:00:00,12/30/1899 17:20:00,"B- Serious Injury","F- Driver",57.00,"Male","M- Hire Cars;W-Pedal Cycle","S- Driver's Negligence",2.00
6449,26879.00,"6- East Berbice- Corentyne",1162,"Main Rd.","New Amsterdam-East Berbice- Corentyne","-57.5185","6.2474",,,2/22/2005 0:00:00,12/30/1899 11:45:00,"B- Serious Injury","F- Driver",49.00,"Male","K- Private Cars;V-Motor Cycle","S- Driver's Negligence",2.00
6450,26880.00,"6- East Berbice- Corentyne",776,"Cumberland Public Rd.","EAST COAST BERBICE ROAD (From New Amsterdam)","-57.5000","6.2667",,,2/23/2005 0:00:00,12/30/1899 14:00:00,"C- Minor Injury","G- Rider",68.00,"Male","M- Hire Cars;V-Motor Cycle","U- Cyclist's Negligence",3.00
6451,26881.00,"6- East Berbice- Corentyne",787,"Dun Robin Rd.","EAST COAST BERBICE ROAD (From New Amsterdam)","-57.4500","6.2667",,,2/24/2005 0:00:00,12/30/1899 5:50:00,"D- Property Damage","F- Driver",32.00,"Male","N- Pickup","Y- Animal",1.00
6452,26882.00,"6- East Berbice- Corentyne",1162,"Main Rd.","New Amsterdam-East Berbice- Corentyne","-57.5185","6.2474",,,2/25/2005 0:00:00,12/30/1899 16:00:00,"B- Serious Injury","G- Rider",49.00,"Male","K- Private Cars;W-Pedal Cycle","U- Cyclist's Negligence",2.00
6453,26883.00,"6- East Berbice- Corentyne",1161,"Lonsdale Public Rd.","New Amsterdam-East Berbice- Corentyne","-57.5114","6.2451",,,2/27/2005 0:00:00,12/30/1899 10:30:00,"C- Minor Injury","F- Driver",,"Male","K- Private Cars;V-Motor Cycle","S- Driver's Negligence",2.00
6454,26884.00,"6- East Berbice- Corentyne",799,"#2 Public Rd.","CORENTYNE COAST ROAD (Form New Amsterdam)","-57.4000","6.2833",,,3/4/2005 0:00:00,12/30/1899 19:45:00,"D- Property Damage","F- Driver",47.00,"Male","J- Minibus","S- Driver's Negligence",2.00
6455,26885.00,"6- East Berbice- Corentyne",1162,"Luther Scheme","New Amsterdam-East Berbice- Corentyne","-57.5185","6.2474",,,3/7/2005 0:00:00,12/30/1899 17:20:00,"C- Minor Injury","E- Pedestrian",2.00,"Male","W-Pedal Cycle","T-Pedestrian's Negligence",2.00
6456,26886.00,"6- East Berbice- Corentyne",682,"Providence Public Rd.","RIGHT BANK BERBICE RIVER (From New Amsterdam)","-57.5167","6.2167",,,3/7/2005 0:00:00,12/30/1899 13:15:00,"C- Minor Injury","F- Driver",22.00,"Male","M- Hire Cars;W-Pedal Cycle","U- Cyclist's Negligence",2.00
6457,26887.00,"6- East Berbice- Corentyne",684,"Glasgow Public Rd.","RIGHT BANK BERBICE RIVER (From New Amsterdam)","-57.5167","6.2167",,,3/10/2005 0:00:00,12/30/1899 15:00:00,"C- Minor Injury","F- Driver",19.00,"Male","M- Hire Cars","O- Lost Control & Runoff",1.00
6458,26888.00,"6- East Berbice- Corentyne",785,"#19 Public Rd.","EAST COAST BERBICE ROAD (From New Amsterdam)","-57.4500","6.2833",,,3/10/2005 0:00:00,12/30/1899 15:30:00,"D- Property Damage","F- Driver",,"Male","K- Private Cars;L- Lorries Van","S- Driver's Negligence",2.00
6459,26889.00,"6- East Berbice- Corentyne",1167,"Pitt St.","New Amsterdam-East Berbice- Corentyne","-57.5203","6.2456",,,3/10/2005 0:00:00,12/30/1899 17:45:00,"D- Property Damage","F- Driver",23.00,"Male","M- Hire Cars","S- Driver's Negligence",2.00
6460,26890.00,"6- East Berbice- Corentyne",1163,"Matthew Allen Public Rd.","New Amsterdam-East Berbice- Corentyne","-57.5216","6.2498",,,3/14/2005 0:00:00,12/30/1899 14:00:00,"D- Property Damage","F- Driver",42.00,"Male","M- Hire Cars","S- Driver's Negligence",2.00
6461,26891.00,"6- East Berbice- Corentyne",777,"Palmyra Public Rd.","EAST COAST BERBICE ROAD (From New Amsterdam)","-57.5000","6.2833",,,3/16/2005 0:00:00,12/30/1899 9:30:00,"D- Property Damage","F- Driver",29.00,"Male","K- Private Cars;L- Lorries Van","S- Driver's Negligence",2.00
6462,26892.00,"6- East Berbice- Corentyne",731,"Canefield Public Rd.","RIGHT BANK CANJE RIVER (From New Amsterdam)","-57.4833","6.2500",,,3/16/2005 0:00:00,12/30/1899 19:20:00,"B- Serious Injury","E- Pedestrian",17.00,"Female","M- Hire Cars","T-Pedestrian's Negligence",2.00
6463,26893.00,"6- East Berbice- Corentyne",734,"Adelphi Public Rd.","RIGHT BANK CANJE RIVER (From New Amsterdam)","-57.4833","6.2333",,,3/18/2005 0:00:00,12/30/1899 16:45:00,"C- Minor Injury","F- Driver",30.00,"Male","M- Hire Cars","S- Driver's Negligence",2.00
6464,26894.00,"6- East Berbice- Corentyne",1173,"Strand Public Rd.","New Amsterdam-East Berbice- Corentyne","-57.5210","6.2463",,,3/21/2005 0:00:00,12/30/1899 20:30:00,"D- Property Damage","F- Driver",,"Male","K- Private Cars;L- Lorries Van","S- Driver's Negligence",2.00
6465,26895.00,"6- East Berbice- Corentyne",682,"Providence Public Rd.","RIGHT BANK BERBICE RIVER (From New Amsterdam)","-57.5167","6.2167",,,3/22/2005 0:00:00,12/30/1899 18:10:00,"D- Property Damage","F- Driver",30.00,"Male","K- Private Cars","Y- Animal",1.00
6466,26896.00,"6- East Berbice- Corentyne",772,"Fort Canje Public Rd.","EAST COAST BERBICE ROAD (From New Amsterdam)","-57.5167","6.2667",,,3/24/2005 0:00:00,12/30/1899 22:00:00,"B- Serious Injury","G- Rider",25.00,"Male","V-Motor Cycle","O- Lost Control & Runoff",2.00
6467,26897.00,"6- East Berbice- Corentyne",1171,"Smythfield Public Rd.","New Amsterdam-East Berbice- Corentyne","-57.5126","6.2473",,,3/26/2005 0:00:00,12/30/1899 22:20:00,"B- Serious Injury","E- Pedestrian",33.00,"Male","K- Private Cars","T-Pedestrian's Negligence",2.00
6468,26898.00,"6- East Berbice- Corentyne",799,"#2 Public Rd.","CORENTYNE COAST ROAD (Form New Amsterdam)","-57.4000","6.2833",,,3/28/2005 0:00:00,12/30/1899 11:40:00,"D- Property Damage","F- Driver",39.00,"Male","K- Private Cars;M- Hire Cars","S- Driver's Negligence",3.00
6469,26899.00,"6- East Berbice- Corentyne",1161,"Lochaber Public Rd.","New Amsterdam-East Berbice- Corentyne","-57.5114","6.2451",,,3/28/2005 0:00:00,12/30/1899 21:30:00,"B- Serious Injury","G- Rider",36.00,"Male","V-Motor Cycle","P- Speeding",3.00
6470,26900.00,"6- East Berbice- Corentyne",682,"Providence Public Rd.","RIGHT BANK BERBICE RIVER (From New Amsterdam)","-57.5167","6.2167",,,3/31/2005 0:00:00,,"C- Minor Injury","F- Driver",33.00,"Male","J- Minibus;W-Pedal Cycle","S- Driver's Negligence",2.00
6471,26901.00,"6- East Berbice- Corentyne",1162,"Main Rd.","New Amsterdam-East Berbice- Corentyne","-57.5185","6.2474",,,4/1/2005 0:00:00,12/30/1899 19:45:00,"C- Minor Injury","E- Pedestrian",52.00,"Male","M- Hire Cars","T-Pedestrian's Negligence",2.00
6472,26902.00,"6- East Berbice- Corentyne",772,"Fort Canje Bridge","EAST COAST BERBICE ROAD (From New Amsterdam)","-57.5167","6.2667",,,4/3/2005 0:00:00,12/30/1899 23:20:00,"C- Minor Injury","E- Pedestrian",18.00,"Male","M- Hire Cars","T-Pedestrian's Negligence",2.00
6473,26903.00,"6- East Berbice- Corentyne",1175,"Vryheid St.","New Amsterdam-East Berbice- Corentyne","-57.5162","6.2357",,,4/6/2005 0:00:00,12/30/1899 14:00:00,"C- Minor Injury","G- Rider",14.00,"Male","K- Private Cars;W-Pedal Cycle","U- Cyclist's Negligence",2.00
6474,26904.00,"6- East Berbice- Corentyne",1162,"Main Rd.","New Amsterdam-East Berbice- Corentyne","-57.5185","6.2474",,,4/6/2005 0:00:00,12/30/1899 21:15:00,"C- Minor Injury","G- Rider",38.00,"Male","K- Private Cars;V-Motor Cycle","U- Cyclist's Negligence",2.00
6475,26905.00,"6- East Berbice- Corentyne",1162,"Main Rd.","New Amsterdam-East Berbice- Corentyne","-57.5185","6.2474",,,,,,"F- Driver",42.00,"Male","M- Hire Cars","S- Driver's Negligence",2.00
6476,26906.00,"6- East Berbice- Corentyne",1162,"Main Rd.","New Amsterdam-East Berbice- Corentyne","-57.5185","6.2474",,,4/9/2005 0:00:00,12/30/1899 19:20:00,"B- Serious Injury","F- Driver",32.00,"Male","M- Hire Cars","S- Driver's Negligence",2.00
6477,26907.00,"6- East Berbice- Corentyne",1175,"Vryheid St.","New Amsterdam-East Berbice- Corentyne","-57.5162","6.2357",,,4/11/2005 0:00:00,12/30/1899 18:30:00,"D- Property Damage","F- Driver",28.00,"Male","L- Lorries Van;M- Hire Cars","S- Driver's Negligence",2.00
6478,26908.00,"6- East Berbice- Corentyne",1163,"Matthew Allen Public Rd.","New Amsterdam-East Berbice- Corentyne","-57.5216","6.2498",,,4/12/2005 0:00:00,12/30/1899 9:30:00,"D- Property Damage","F- Driver",29.00,"Male","J- Minibus","S- Driver's Negligence",2.00
6479,26909.00,"6- East Berbice- Corentyne",777,"Palmyra Public Rd.","EAST COAST BERBICE ROAD (From New Amsterdam)","-57.5000","6.2833",,,4/12/2005 0:00:00,12/30/1899 19:30:00,"B- Serious Injury","F- Driver",,"Male","J- Minibus","S- Driver's Negligence",3.00
6480,26910.00,"6- East Berbice- Corentyne",1171,"Smythfield Public Rd.","New Amsterdam-East Berbice- Corentyne","-57.5126","6.2473",,,4/15/2005 0:00:00,12/30/1899 16:45:00,"A- Fatal","F- Driver",53.00,"Male","K- Private Cars;W-Pedal Cycle","S- Driver's Negligence",2.00