"ID","Accident ID","Region Number","Corridor ID","Location (Intersection/Road/Street)","Corridor","Location- longitude/ X","Location- latitude/  Y","Mile Marker","Village","Date of Accident","Time of Accident","Type of Accident","Class of Road User","Age/DOB","Gender","Class of Vehicles Involved","Contributing Factor","Number of Persons Involved"
6481,26911.00,"6- East Berbice- Corentyne",1162,"Main Rd.","New Amsterdam-East Berbice- Corentyne","-57.5185","6.2474",,,4/17/2005 0:00:00,12/30/1899 14:50:00,"D- Property Damage","G- Rider",39.00,"Male","N- Pickup;V-Motor Cycle","U- Cyclist's Negligence",2.00
6482,26912.00,"6- East Berbice- Corentyne",685,"Edenburg Public Rd.","RIGHT BANK BERBICE RIVER (From New Amsterdam)","-57.5167","6.1833",,,4/22/2005 0:00:00,12/30/1899 15:30:00,"C- Minor Injury","G- Rider",8.00,"Male","L- Lorries Van;W-Pedal Cycle","U- Cyclist's Negligence",2.00
6483,26913.00,"6- East Berbice- Corentyne",1162,"Main Rd.","New Amsterdam-East Berbice- Corentyne","-57.5185","6.2474",,,4/23/2005 0:00:00,12/30/1899 9:05:00,"D- Property Damage","F- Driver",48.00,"Male","N- Pickup;V-Motor Cycle","S- Driver's Negligence",2.00
6484,26914.00,"6- East Berbice- Corentyne",799,"#2 Public Rd.","CORENTYNE COAST ROAD (Form New Amsterdam)","-57.4000","6.2833",,,4/24/2005 0:00:00,12/30/1899 18:00:00,"B- Serious Injury","F- Driver",,"Male","K- Private Cars;W-Pedal Cycle","P- Speeding",2.00
6485,26915.00,"6- East Berbice- Corentyne",1162,"Main Rd.","New Amsterdam-East Berbice- Corentyne","-57.5185","6.2474",,,4/27/2005 0:00:00,12/30/1899 20:17:00,"C- Minor Injury","F- Driver",49.00,"Male","K- Private Cars","S- Driver's Negligence",2.00
6486,26916.00,"6- East Berbice- Corentyne",776,"Cumberland Public Rd.","EAST COAST BERBICE ROAD (From New Amsterdam)","-57.5000","6.2667",,,5/3/2005 0:00:00,12/30/1899 10:45:00,"D- Property Damage","F- Driver",35.00,"Male","M- Hire Cars","S- Driver's Negligence",2.00
6487,26917.00,"6- East Berbice- Corentyne",775,"Sheet Anchor Public Rd.","EAST COAST BERBICE ROAD (From New Amsterdam)","-57.5000","6.2667",,,5/4/2005 0:00:00,12/30/1899 7:30:00,"D- Property Damage","F- Driver",40.00,"Male","J- Minibus;M- Hire Cars","S- Driver's Negligence",2.00
6488,26918.00,"6- East Berbice- Corentyne",1162,"Main Rd.","New Amsterdam-East Berbice- Corentyne","-57.5185","6.2474",,,5/4/2005 0:00:00,12/30/1899 8:30:00,"C- Minor Injury","F- Driver",28.00,"Male","K- Private Cars","S- Driver's Negligence",2.00
6489,26919.00,"6- East Berbice- Corentyne",1162,"Main Rd.","New Amsterdam-East Berbice- Corentyne","-57.5185","6.2474",,,5/4/2005 0:00:00,12/30/1899 14:30:00,"D- Property Damage","F- Driver",,"Male","L- Lorries Van;M- Hire Cars","S- Driver's Negligence",2.00
6490,26920.00,"6- East Berbice- Corentyne",772,"Fort Canje Public Rd.","EAST COAST BERBICE ROAD (From New Amsterdam)","-57.5167","6.2667",,,5/4/2005 0:00:00,12/30/1899 12:45:00,"C- Minor Injury","G- Rider",40.00,"Male","V-Motor Cycle;W-Pedal Cycle","U- Cyclist's Negligence",2.00
6491,26921.00,"6- East Berbice- Corentyne",777,"Palmyra Public Rd.","EAST COAST BERBICE ROAD (From New Amsterdam)","-57.5000","6.2833",,,5/5/2005 0:00:00,12/30/1899 9:35:00,"B- Serious Injury","F- Driver",20.00,"Male","K- Private Cars;W-Pedal Cycle","S- Driver's Negligence",2.00
6492,26922.00,"6- East Berbice- Corentyne",1162,"Main Rd.","New Amsterdam-East Berbice- Corentyne","-57.5185","6.2474",,,5/8/2005 0:00:00,12/30/1899 17:40:00,"C- Minor Injury","F- Driver",54.00,"Male","M- Hire Cars;V-Motor Cycle","S- Driver's Negligence",2.00
6493,26923.00,"6- East Berbice- Corentyne",781,"#11 Farm Public Rd.","EAST COAST BERBICE ROAD (From New Amsterdam)","-57.4833","6.2833",,,5/10/2005 0:00:00,12/30/1899 4:15:00,"B- Serious Injury","E- Pedestrian",11.00,"Female","K- Private Cars","T-Pedestrian's Negligence",2.00
6494,26924.00,"6- East Berbice- Corentyne",682,"Providence Public Rd.","RIGHT BANK BERBICE RIVER (From New Amsterdam)","-57.5167","6.2167",,,5/16/2005 0:00:00,12/30/1899 17:30:00,"D- Property Damage","F- Driver",39.00,"Male","M- Hire Cars;V-Motor Cycle","S- Driver's Negligence",2.00
6495,26925.00,"6- East Berbice- Corentyne",1169,"Republic Rd.","New Amsterdam-East Berbice- Corentyne","-57.5137","6.2528",,,5/18/2005 0:00:00,12/30/1899 14:25:00,"D- Property Damage","F- Driver",40.00,"Male","M- Hire Cars;N- Pickup","S- Driver's Negligence",2.00
6496,26926.00,"6- East Berbice- Corentyne",732,"Rosehall Public Rd.","RIGHT BANK CANJE RIVER (From New Amsterdam)","-57.4833","6.2333",,,5/18/2005 0:00:00,12/30/1899 9:45:00,"C- Minor Injury","F- Driver",46.00,"Male","M- Hire Cars;W-Pedal Cycle","S- Driver's Negligence",2.00
6497,26927.00,"6- East Berbice- Corentyne",751,"Vryheid Public Rd.","LEFT BANK CANJE RIVER (From New Amsterdam)","-57.5167","6.2500",,,5/24/2005 0:00:00,12/30/1899 14:10:00,"C- Minor Injury","F- Driver",58.00,"Male","M- Hire Cars","S- Driver's Negligence",2.00
6498,26928.00,"6- East Berbice- Corentyne",799,"#2 Public Rd.","CORENTYNE COAST ROAD (Form New Amsterdam)","-57.4000","6.2833",,,5/27/2005 0:00:00,12/30/1899 10:15:00,"D- Property Damage","F- Driver",45.00,"Male","J- Minibus;N- Pickup","P- Speeding",2.00
6499,26929.00,"6- East Berbice- Corentyne",799,"#2 Public Rd.","CORENTYNE COAST ROAD (Form New Amsterdam)","-57.4000","6.2833",,,5/30/2005 0:00:00,12/30/1899 12:30:00,"D- Property Damage","F- Driver",30.00,"Male","N- Pickup","S- Driver's Negligence",2.00
6500,26930.00,"6- East Berbice- Corentyne",1141,"New Amsterdam Ferry Stelling","New Amsterdam-East Berbice- Corentyne","-57.5133","6.2488",,,6/1/2005 0:00:00,12/30/1899 17:20:00,"D- Property Damage","F- Driver",68.00,"Male","J- Minibus;K- Private Cars","S- Driver's Negligence",2.00
6501,26931.00,"6- East Berbice- Corentyne",1162,"Main Rd.","New Amsterdam-East Berbice- Corentyne","-57.5185","6.2474",,,6/5/2005 0:00:00,12/30/1899 20:30:00,"B- Serious Injury","G- Rider",27.00,"Male","V-Motor Cycle","P- Speeding",2.00
6502,26932.00,"6- East Berbice- Corentyne",1162,"Main Rd.","New Amsterdam-East Berbice- Corentyne","-57.5185","6.2474",,,6/7/2005 0:00:00,12/30/1899 15:30:00,"D- Property Damage","G- Rider",58.00,"Male","J- Minibus;V-Motor Cycle","U- Cyclist's Negligence",2.00
6503,26933.00,"6- East Berbice- Corentyne",772,"Fort Canje Public Rd.","EAST COAST BERBICE ROAD (From New Amsterdam)","-57.5167","6.2667",,,6/7/2005 0:00:00,12/30/1899 0:30:00,"D- Property Damage","F- Driver",24.00,"Male","N- Pickup","Y- Animal",1.00
6504,26934.00,"6- East Berbice- Corentyne",685,"Esplanade Public Rd.","RIGHT BANK BERBICE RIVER (From New Amsterdam)","-57.5167","6.1833",,,6/8/2005 0:00:00,12/30/1899 8:45:00,"D- Property Damage","F- Driver",33.00,"Male","K- Private Cars;M- Hire Cars","S- Driver's Negligence",3.00
6505,26935.00,"6- East Berbice- Corentyne",1163,"Matthew Allen Public Rd.","New Amsterdam-East Berbice- Corentyne","-57.5216","6.2498",,,6/8/2005 0:00:00,12/30/1899 11:15:00,"D- Property Damage","F- Driver",33.00,"Male","J- Minibus","S- Driver's Negligence",2.00
6506,26936.00,"6- East Berbice- Corentyne",682,"Providence Public Rd.","RIGHT BANK BERBICE RIVER (From New Amsterdam)","-57.5167","6.2167",,,6/19/2005 0:00:00,12/30/1899 7:30:00,"C- Minor Injury","F- Driver",33.00,"Male","M- Hire Cars","S- Driver's Negligence",2.00
6507,26937.00,"6- East Berbice- Corentyne",1162,"North Rd.","New Amsterdam-East Berbice- Corentyne","-57.5185","6.2474",,,6/25/2005 0:00:00,12/30/1899 18:50:00,"B- Serious Injury","F- Driver",34.00,"Male","K- Private Cars","S- Driver's Negligence",2.00
6508,26938.00,"6- East Berbice- Corentyne",777,"Palmyra Public Rd.","EAST COAST BERBICE ROAD (From New Amsterdam)","-57.5000","6.2833",,,6/28/2005 0:00:00,12/30/1899 12:00:00,"B- Serious Injury","G- Rider",33.00,"Male","J- Minibus;W-Pedal Cycle","U- Cyclist's Negligence",2.00
6509,26939.00,"6- East Berbice- Corentyne",1169,"Republic Rd.","New Amsterdam-East Berbice- Corentyne","-57.5137","6.2528",,,6/29/2005 0:00:00,12/30/1899 20:30:00,"D- Property Damage","F- Driver",30.00,"Male","J- Minibus;K- Private Cars","S- Driver's Negligence",2.00
6510,26940.00,"6- East Berbice- Corentyne",777,"Palmyra Public Rd.","EAST COAST BERBICE ROAD (From New Amsterdam)","-57.5000","6.2833",,,7/10/2005 0:00:00,12/30/1899 18:41:00,"B- Serious Injury","F- Driver",49.00,"Male","M- Hire Cars","P- Speeding",2.00
6511,26941.00,"6- East Berbice- Corentyne",779,"#7 Public Rd.","EAST COAST BERBICE ROAD (From New Amsterdam)","-57.4833","6.2833",,,7/11/2005 0:00:00,12/30/1899 1:05:00,"D- Property Damage","F- Driver",22.00,"Male","K- Private Cars","Y- Animal",1.00
6512,26942.00,"6- East Berbice- Corentyne",785,"#19 Public Rd.","EAST COAST BERBICE ROAD (From New Amsterdam)","-57.4500","6.2833",,,7/11/2005 0:00:00,12/30/1899 9:15:00,"C- Minor Injury","F- Driver",,"Male","J- Minibus;K- Private Cars","S- Driver's Negligence",2.00
6513,26943.00,"6- East Berbice- Corentyne",783,"Susannah Public Rd.","EAST COAST BERBICE ROAD (From New Amsterdam)","-57.4667","6.2833",,,7/15/2005 0:00:00,12/30/1899 23:50:00,"D- Property Damage","F- Driver",38.00,"Male","J- Minibus","Y- Animal",1.00
6514,26944.00,"6- East Berbice- Corentyne",1163,"Matthew Allen Public Rd.","New Amsterdam-East Berbice- Corentyne","-57.5216","6.2498",,,7/12/2005 0:00:00,,"C- Minor Injury","F- Driver",27.00,"Male","K- Private Cars","S- Driver's Negligence",2.00
6515,26945.00,"6- East Berbice- Corentyne",776,"Cumberland Public Rd.","EAST COAST BERBICE ROAD (From New Amsterdam)","-57.5000","6.2667",,,7/17/2005 0:00:00,12/30/1899 1:28:00,"B- Serious Injury","F- Driver",32.00,"Male","M- Hire Cars;V-Motor Cycle","P- Speeding",4.00
6516,26946.00,"6- East Berbice- Corentyne",1169,"Republic Rd.","New Amsterdam-East Berbice- Corentyne","-57.5137","6.2528",,,7/20/2005 0:00:00,12/30/1899 14:45:00,"D- Property Damage","G- Rider",39.00,"Male","K- Private Cars;V-Motor Cycle","U- Cyclist's Negligence",2.00
6517,26947.00,"6- East Berbice- Corentyne",785,"#19 Public Rd.","EAST COAST BERBICE ROAD (From New Amsterdam)","-57.4500","6.2833",,,7/21/2005 0:00:00,12/30/1899 15:30:00,"D- Property Damage","F- Driver",41.00,"Male","K- Private Cars","Y- Animal",1.00
6518,26948.00,"6- East Berbice- Corentyne",785,"#19 Public Rd.","EAST COAST BERBICE ROAD (From New Amsterdam)","-57.4500","6.2833",,,7/23/2005 0:00:00,12/30/1899 23:45:00,"D- Property Damage","F- Driver",,"Male","N- Pickup","Y- Animal",1.00
6519,26949.00,"6- East Berbice- Corentyne",1162,"Challot St.","New Amsterdam-East Berbice- Corentyne","-57.5185","6.2474",,,7/28/2005 0:00:00,,"D- Property Damage","F- Driver",,"Male","J- Minibus;K- Private Cars","S- Driver's Negligence",2.00
6520,26950.00,"6- East Berbice- Corentyne",1162,"Main Rd.","New Amsterdam-East Berbice- Corentyne","-57.5185","6.2474",,,8/1/2005 0:00:00,12/30/1899 12:05:00,"D- Property Damage","F- Driver",19.00,"Male","M- Hire Cars;N- Pickup","S- Driver's Negligence",2.00
6521,26951.00,"6- East Berbice- Corentyne",681,"Overwinning Access Rd.","RIGHT BANK BERBICE RIVER (From New Amsterdam)","-57.5333","6.2167",,,7/31/2005 0:00:00,12/30/1899 17:30:00,"D- Property Damage","F- Driver",59.00,"Male","M- Hire Cars;V-Motor Cycle","S- Driver's Negligence",2.00
6522,26952.00,"6- East Berbice- Corentyne",684,"Glasgow Public Rd.","RIGHT BANK BERBICE RIVER (From New Amsterdam)","-57.5167","6.2167",,,8/2/2005 0:00:00,12/30/1899 17:10:00,"B- Serious Injury","F- Driver",70.00,"Female","K- Private Cars","Y- Animal",1.00
6523,26953.00,"6- East Berbice- Corentyne",1173,"Strand Public Rd.","New Amsterdam-East Berbice- Corentyne","-57.5210","6.2463",,,8/5/2005 0:00:00,12/30/1899 8:40:00,"C- Minor Injury","F- Driver",37.00,"Male","M- Hire Cars;V-Motor Cycle","S- Driver's Negligence",2.00
6524,26954.00,"6- East Berbice- Corentyne",1175,"Vryheid St.","New Amsterdam-East Berbice- Corentyne","-57.5162","6.2357",,,8/5/2005 0:00:00,12/30/1899 11:00:00,"D- Property Damage","F- Driver",32.00,"Male","L- Lorries Van;M- Hire Cars","S- Driver's Negligence",2.00
6525,26955.00,"6- East Berbice- Corentyne",1169,"Republic Rd.","New Amsterdam-East Berbice- Corentyne","-57.5137","6.2528",,,8/5/2005 0:00:00,12/30/1899 18:45:00,"C- Minor Injury","F- Driver",,"Male","M- Hire Cars","S- Driver's Negligence",3.00
6526,26956.00,"6- East Berbice- Corentyne",1162,"Main Public Rd.","New Amsterdam-East Berbice- Corentyne","-57.5185","6.2474",,,8/6/2005 0:00:00,12/30/1899 0:15:00,"C- Minor Injury","G- Rider",23.00,"Male","M- Hire Cars;V-Motor Cycle","P- Speeding",2.00
6527,26957.00,"6- East Berbice- Corentyne",1145,"Bohemia Public Rd.","New Amsterdam-East Berbice- Corentyne","-57.5204","6.2476",,,7/31/2005 0:00:00,12/30/1899 20:50:00,"D- Property Damage","F- Driver",57.00,"Male","K- Private Cars;M- Hire Cars","S- Driver's Negligence",2.00
6528,26958.00,"6- East Berbice- Corentyne",777,"Palmyra Public Rd.","EAST COAST BERBICE ROAD (From New Amsterdam)","-57.5000","6.2833",,,8/12/2005 0:00:00,12/30/1899 6:35:00,"D- Property Damage","F- Driver",34.00,"Male","K- Private Cars","S- Driver's Negligence",2.00
6529,26959.00,"6- East Berbice- Corentyne",734,"Alexander St.","RIGHT BANK CANJE RIVER (From New Amsterdam)","-57.4833","6.2333",,,8/12/2005 0:00:00,12/30/1899 20:15:00,"D- Property Damage","F- Driver",59.00,"Male","K- Private Cars","S- Driver's Negligence",2.00
6530,26960.00,"6- East Berbice- Corentyne",1162,"Seawall Public Rd.","New Amsterdam-East Berbice- Corentyne","-57.5185","6.2474",,,8/13/2005 0:00:00,12/30/1899 3:20:00,"D- Property Damage","F- Driver",40.00,"Male","L- Lorries Van","Y- Animal",1.00
6531,26961.00,"6- East Berbice- Corentyne",776,"Cumberland Access Rd.","EAST COAST BERBICE ROAD (From New Amsterdam)","-57.5000","6.2667",,,8/14/2005 0:00:00,12/30/1899 20:00:00,"D- Property Damage","F- Driver",34.00,"Male","K- Private Cars","S- Driver's Negligence",1.00
6532,26962.00,"6- East Berbice- Corentyne",777,"Palmyra Public Rd.","EAST COAST BERBICE ROAD (From New Amsterdam)","-57.5000","6.2833",,,8/15/2005 0:00:00,12/30/1899 15:35:00,"D- Property Damage","F- Driver",20.00,"Male","K- Private Cars;M- Hire Cars","S- Driver's Negligence",2.00
6533,26963.00,"6- East Berbice- Corentyne",772,"Fort Canje Bridge","EAST COAST BERBICE ROAD (From New Amsterdam)","-57.5167","6.2667",,,8/16/2005 0:00:00,12/30/1899 12:40:00,"D- Property Damage","F- Driver",42.00,"Male","L- Lorries Van;M- Hire Cars","S- Driver's Negligence",2.00
6534,26964.00,"6- East Berbice- Corentyne",1141,"New St.","New Amsterdam-East Berbice- Corentyne","-57.5133","6.2488",,,8/1/2005 0:00:00,12/30/1899 7:30:00,"B- Serious Injury","F- Driver",27.00,"Male","M- Hire Cars","S- Driver's Negligence",2.00
6535,26965.00,"6- East Berbice- Corentyne",1162,"Main Rd.","New Amsterdam-East Berbice- Corentyne","-57.5185","6.2474",,,8/16/2005 0:00:00,12/30/1899 13:00:00,"D- Property Damage","F- Driver",37.00,"Male","J- Minibus;M- Hire Cars","S- Driver's Negligence",2.00
6536,26966.00,"6- East Berbice- Corentyne",799,"#2 Public Rd.","CORENTYNE COAST ROAD (Form New Amsterdam)","-57.4000","6.2833",,,8/15/2005 0:00:00,12/30/1899 19:20:00,"C- Minor Injury","F- Driver",46.00,"Male","K- Private Cars","S- Driver's Negligence",2.00
6537,26967.00,"6- East Berbice- Corentyne",1162,"Main Rd.","New Amsterdam-East Berbice- Corentyne","-57.5185","6.2474",,,8/28/2005 0:00:00,12/30/1899 18:30:00,"B- Serious Injury","G- Rider",,"Male","V-Motor Cycle","U- Cyclist's Negligence",2.00
6538,26968.00,"6- East Berbice- Corentyne",776,"Cumberland Public Rd.","EAST COAST BERBICE ROAD (From New Amsterdam)","-57.5000","6.2667",,,9/2/2005 0:00:00,12/30/1899 7:45:00,"B- Serious Injury","F- Driver",29.00,"Male","K- Private Cars;V-Motor Cycle","S- Driver's Negligence",2.00
6539,26969.00,"6- East Berbice- Corentyne",772,"Fort Canje Bridge","EAST COAST BERBICE ROAD (From New Amsterdam)","-57.5167","6.2667",,,9/3/2005 0:00:00,,"D- Property Damage","F- Driver",47.00,"Male","J- Minibus;N- Pickup","S- Driver's Negligence",2.00
6540,26970.00,"6- East Berbice- Corentyne",1162,"Main Rd.","New Amsterdam-East Berbice- Corentyne","-57.5185","6.2474",,,9/4/2005 0:00:00,12/30/1899 15:30:00,"B- Serious Injury","F- Driver",32.00,"Male","Z-Animal- Drawn","S- Driver's Negligence",2.00
6541,26971.00,"6- East Berbice- Corentyne",682,"Providence Public Rd.","RIGHT BANK BERBICE RIVER (From New Amsterdam)","-57.5167","6.2167",,,9/5/2005 0:00:00,12/30/1899 7:40:00,"D- Property Damage","F- Driver",36.00,"Male","M- Hire Cars","S- Driver's Negligence",2.00
6542,26972.00,"6- East Berbice- Corentyne",799,"#2 Public Rd.","CORENTYNE COAST ROAD (Form New Amsterdam)","-57.4000","6.2833",,,9/3/2005 0:00:00,12/30/1899 18:30:00,"D- Property Damage","F- Driver",49.00,"Male","N- Pickup","Y- Animal",1.00
6543,26973.00,"6- East Berbice- Corentyne",1169,"Republic Rd.","New Amsterdam-East Berbice- Corentyne","-57.5137","6.2528",,,9/9/2005 0:00:00,12/30/1899 14:15:00,"C- Minor Injury","F- Driver",17.00,"Male","K- Private Cars","S- Driver's Negligence",4.00
6544,26974.00,"6- East Berbice- Corentyne",776,"Cumberland Public Rd.","EAST COAST BERBICE ROAD (From New Amsterdam)","-57.5000","6.2667",,,9/9/2005 0:00:00,12/30/1899 16:30:00,"B- Serious Injury","F- Driver",,"Male","J- Minibus","S- Driver's Negligence",2.00
6545,26975.00,"6- East Berbice- Corentyne",1162,"Chapel St.","New Amsterdam-East Berbice- Corentyne","-57.5185","6.2474",,,9/9/2005 0:00:00,12/30/1899 21:00:00,"D- Property Damage","F- Driver",22.00,"Male","K- Private Cars;N- Pickup","S- Driver's Negligence",2.00
6546,26976.00,"6- East Berbice- Corentyne",733,"Reliance Public Rd.","RIGHT BANK CANJE RIVER (From New Amsterdam)","-57.4833","6.2333",,,9/13/2005 0:00:00,12/30/1899 19:30:00,"C- Minor Injury","F- Driver",40.00,"Male","N- Pickup;V-Motor Cycle","S- Driver's Negligence",2.00
6547,26977.00,"6- East Berbice- Corentyne",752,"Mount Sinai Public Rd.","LEFT BANK CANJE RIVER (From New Amsterdam)","-57.5167","6.2333",,,9/14/2005 0:00:00,12/30/1899 18:50:00,"C- Minor Injury","F- Driver",48.00,"Female","N- Pickup;V-Motor Cycle","S- Driver's Negligence",2.00
6548,26978.00,"6- East Berbice- Corentyne",1169,"Republic Rd.","New Amsterdam-East Berbice- Corentyne","-57.5137","6.2528",,,9/14/2005 0:00:00,12/30/1899 19:00:00,"C- Minor Injury","G- Rider",19.00,"Male","W-Pedal Cycle","U- Cyclist's Negligence",2.00
6549,26979.00,"6- East Berbice- Corentyne",775,"Sheet Anchor Public Rd.","EAST COAST BERBICE ROAD (From New Amsterdam)","-57.5000","6.2667",,,9/19/2005 0:00:00,12/30/1899 21:30:00,"D- Property Damage","F- Driver",35.00,"Male","K- Private Cars;M- Hire Cars","S- Driver's Negligence",2.00
6550,26980.00,"6- East Berbice- Corentyne",731,"Canefield Public Rd.","RIGHT BANK CANJE RIVER (From New Amsterdam)","-57.4833","6.2500",,,9/19/2005 0:00:00,12/30/1899 18:00:00,"C- Minor Injury","F- Driver",34.00,"Male","K- Private Cars","S- Driver's Negligence",2.00
6551,26981.00,"6- East Berbice- Corentyne",772,"Fort Canje Public Rd.","EAST COAST BERBICE ROAD (From New Amsterdam)","-57.5167","6.2667",,,10/1/2005 0:00:00,12/30/1899 12:30:00,"D- Property Damage","F- Driver",31.00,"Male","K- Private Cars","S- Driver's Negligence",2.00
6552,26982.00,"6- East Berbice- Corentyne",1162,"Main Rd.","New Amsterdam-East Berbice- Corentyne","-57.5185","6.2474",,,10/2/2005 0:00:00,12/30/1899 0:30:00,"C- Minor Injury","F- Driver",28.00,"Male","K- Private Cars","S- Driver's Negligence",2.00
6553,26983.00,"6- East Berbice- Corentyne",1162,"Chapel St.","New Amsterdam-East Berbice- Corentyne","-57.5185","6.2474",,,10/2/2005 0:00:00,,"C- Minor Injury","F- Driver",30.00,"Male","M- Hire Cars;V-Motor Cycle","S- Driver's Negligence",2.00
6554,26984.00,"6- East Berbice- Corentyne",732,"Rosehall Public Rd.","RIGHT BANK CANJE RIVER (From New Amsterdam)","-57.4833","6.2333",,,10/19/2005 0:00:00,12/30/1899 11:35:00,"C- Minor Injury","F- Driver",46.00,"Male","M- Hire Cars;W-Pedal Cycle","S- Driver's Negligence",2.00
6555,26985.00,"6- East Berbice- Corentyne",1162,"Islington Public Rd.","New Amsterdam-East Berbice- Corentyne","-57.5185","6.2474",,,10/20/2005 0:00:00,12/30/1899 18:35:00,"D- Property Damage","F- Driver",32.00,"Male","K- Private Cars;L- Lorries Van","S- Driver's Negligence",2.00
6556,26986.00,"6- East Berbice- Corentyne",772,"Fort Canje Public Rd.","EAST COAST BERBICE ROAD (From New Amsterdam)","-57.5167","6.2667",,,10/24/2005 0:00:00,12/30/1899 13:30:00,"D- Property Damage","F- Driver",24.00,"Male","M- Hire Cars","P- Speeding",1.00
6557,26987.00,"6- East Berbice- Corentyne",1162,"Trinity St.","New Amsterdam-East Berbice- Corentyne","-57.5185","6.2474",,,10/24/2005 0:00:00,12/30/1899 4:00:00,"D- Property Damage","G- Rider",15.00,"Male","W-Pedal Cycle","U- Cyclist's Negligence",2.00
6558,26988.00,"6- East Berbice- Corentyne",1169,"Republic Rd.","New Amsterdam-East Berbice- Corentyne","-57.5137","6.2528",,,10/26/2005 0:00:00,12/30/1899 16:00:00,"C- Minor Injury","E- Pedestrian",28.00,"Male","V-Motor Cycle","T-Pedestrian's Negligence",2.00
6559,26989.00,"6- East Berbice- Corentyne",776,"Cumberland Public Rd.","EAST COAST BERBICE ROAD (From New Amsterdam)","-57.5000","6.2667",,,10/23/2005 0:00:00,12/30/1899 2:00:00,"B- Serious Injury","G- Rider",22.00,"Male","V-Motor Cycle","U- Cyclist's Negligence",2.00
6560,26990.00,"6- East Berbice- Corentyne",772,"Fort Canje Bridge","EAST COAST BERBICE ROAD (From New Amsterdam)","-57.5167","6.2667",,,10/26/2005 0:00:00,12/30/1899 16:00:00,"B- Serious Injury","F- Driver",27.00,"Male","L- Lorries Van","S- Driver's Negligence",2.00
6561,26991.00,"6- East Berbice- Corentyne",1162,"Health Burn Public Rd.","New Amsterdam-East Berbice- Corentyne","-57.5185","6.2474",,,11/8/2005 0:00:00,12/30/1899 11:30:00,"D- Property Damage","F- Driver",37.00,"Male","M- Hire Cars","S- Driver's Negligence",2.00
6562,26992.00,"6- East Berbice- Corentyne",1175,"Vryheid St.","New Amsterdam-East Berbice- Corentyne","-57.5162","6.2357",,,11/8/2005 0:00:00,12/30/1899 3:00:00,"D- Property Damage","F- Driver",53.00,"Male","M- Hire Cars","Y- Animal",1.00
6563,26993.00,"6- East Berbice- Corentyne",776,"Cumberland Public Rd.","EAST COAST BERBICE ROAD (From New Amsterdam)","-57.5000","6.2667",,,11/18/2005 0:00:00,12/30/1899 21:00:00,"B- Serious Injury","G- Rider",55.00,"Male","W-Pedal Cycle","U- Cyclist's Negligence",2.00
6564,26994.00,"6- East Berbice- Corentyne",799,"#2 Public Rd.","CORENTYNE COAST ROAD (Form New Amsterdam)","-57.4000","6.2833",,,11/20/2005 0:00:00,12/30/1899 16:40:00,"C- Minor Injury","F- Driver",,"Male","K- Private Cars;V-Motor Cycle","S- Driver's Negligence",2.00
6565,26995.00,"6- East Berbice- Corentyne",684,"Glasgow Public Rd.","RIGHT BANK BERBICE RIVER (From New Amsterdam)","-57.5167","6.2167",,,11/16/2005 0:00:00,12/30/1899 12:30:00,"D- Property Damage","F- Driver",46.00,"Male","M- Hire Cars;N- Pickup","S- Driver's Negligence",2.00
6566,26996.00,"6- East Berbice- Corentyne",777,"Palmyra Public Rd.","EAST COAST BERBICE ROAD (From New Amsterdam)","-57.5000","6.2833",,,11/24/2005 0:00:00,12/30/1899 11:20:00,"D- Property Damage","F- Driver",,"Male","N- Pickup","Y- Animal",1.00
6567,26997.00,"6- East Berbice- Corentyne",777,"Palmyra Public Rd.","EAST COAST BERBICE ROAD (From New Amsterdam)","-57.5000","6.2833",,,11/22/2005 0:00:00,12/30/1899 7:40:00,"D- Property Damage","F- Driver",46.00,"Male","N- Pickup","S- Driver's Negligence",2.00
6568,26998.00,"6- East Berbice- Corentyne",1162,"Main Rd.","New Amsterdam-East Berbice- Corentyne","-57.5185","6.2474",,,11/25/2005 0:00:00,12/30/1899 22:15:00,"D- Property Damage","F- Driver",53.00,"Male","K- Private Cars;V-Motor Cycle","S- Driver's Negligence",2.00
6569,26999.00,"6- East Berbice- Corentyne",776,"Cumberland Public Rd.","EAST COAST BERBICE ROAD (From New Amsterdam)","-57.5000","6.2667",,,11/26/2005 0:00:00,,"D- Property Damage","F- Driver",36.00,"Male","K- Private Cars","Y- Animal",1.00
6570,27000.00,"6- East Berbice- Corentyne",776,"Cumberland Public Rd.","EAST COAST BERBICE ROAD (From New Amsterdam)","-57.5000","6.2667",,,11/28/2005 0:00:00,12/30/1899 15:00:00,"C- Minor Injury","F- Driver",41.00,"Male","M- Hire Cars;W-Pedal Cycle","S- Driver's Negligence",2.00
6571,27001.00,"6- East Berbice- Corentyne",1141,"New St.","New Amsterdam-East Berbice- Corentyne","-57.5133","6.2488",,,12/4/2005 0:00:00,12/30/1899 13:00:00,"C- Minor Injury","F- Driver",,"Male","J- Minibus","S- Driver's Negligence",2.00
6572,27002.00,"6- East Berbice- Corentyne",785,"#19 Public Rd.","EAST COAST BERBICE ROAD (From New Amsterdam)","-57.4500","6.2833",,,12/4/2005 0:00:00,12/30/1899 20:00:00,"B- Serious Injury","F- Driver",,"Male","M- Hire Cars","S- Driver's Negligence",3.00