"ID","Accident ID","Region Number","Corridor ID","Location (Intersection/Road/Street)","Corridor","Location- longitude/ X","Location- latitude/  Y","Mile Marker","Village","Date of Accident","Time of Accident","Type of Accident","Class of Road User","Age/DOB","Gender","Class of Vehicles Involved","Contributing Factor","Number of Persons Involved"
6573,27003.00,"6- East Berbice- Corentyne",1163,"Matthew Allen Public Rd.","New Amsterdam-East Berbice- Corentyne","-57.5216","6.2498",,,12/5/2005 0:00:00,12/30/1899 7:30:00,"D- Property Damage","F- Driver",40.00,"Male","J- Minibus;L- Lorries Van","S- Driver's Negligence",2.00
6574,27004.00,"6- East Berbice- Corentyne",1169,"Republic Rd.","New Amsterdam-East Berbice- Corentyne","-57.5137","6.2528",,,11/28/2005 0:00:00,,"C- Minor Injury","G- Rider",36.00,"Male","V-Motor Cycle;W-Pedal Cycle","U- Cyclist's Negligence",2.00
6575,27005.00,"6- East Berbice- Corentyne",1173,"Strand Public Rd.","New Amsterdam-East Berbice- Corentyne","-57.5210","6.2463",,,12/12/2005 0:00:00,12/30/1899 5:20:00,"D- Property Damage","F- Driver",,"Male","N- Pickup","O- Lost Control & Runoff",1.00
6576,27006.00,"6- East Berbice- Corentyne",799,"#2 Public Rd.","CORENTYNE COAST ROAD (Form New Amsterdam)","-57.4000","6.2833",,,12/11/2005 0:00:00,12/30/1899 14:00:00,"A- Fatal","F- Driver",52.00,"Male","J- Minibus;W-Pedal Cycle","S- Driver's Negligence",2.00
6577,27007.00,"6- East Berbice- Corentyne",772,"Fort Canje Public Rd.","EAST COAST BERBICE ROAD (From New Amsterdam)","-57.5167","6.2667",,,12/21/2005 0:00:00,12/30/1899 7:10:00,"B- Serious Injury","F- Driver",27.00,"Male","K- Private Cars","S- Driver's Negligence",2.00
6578,27008.00,"6- East Berbice- Corentyne",775,"Sheet Anchor Public Rd.","EAST COAST BERBICE ROAD (From New Amsterdam)","-57.5000","6.2667",,,12/24/2005 0:00:00,12/30/1899 14:30:00,"B- Serious Injury","G- Rider",12.00,"Male","M- Hire Cars;W-Pedal Cycle","U- Cyclist's Negligence",2.00
6579,27009.00,"6- East Berbice- Corentyne",870,"#60 Stanleytown B/Dam Rd.","CORENTYNE COAST ROAD (Form New Amsterdam)","-57.1500","6.0000",,,12/26/2005 0:00:00,12/30/1899 2:05:00,"D- Property Damage","F- Driver",39.00,"Male","K- Private Cars;M- Hire Cars","S- Driver's Negligence",2.00
6580,27010.00,"6- East Berbice- Corentyne",776,"Cumberland Public Rd.","EAST COAST BERBICE ROAD (From New Amsterdam)","-57.5000","6.2667",,,12/26/2005 0:00:00,12/30/1899 19:30:00,"B- Serious Injury","G- Rider",37.00,"Male","N- Pickup;V-Motor Cycle","U- Cyclist's Negligence",2.00
6581,27011.00,"6- East Berbice- Corentyne",1152,"Princess Elizabeth Rd.","New Amsterdam-East Berbice- Corentyne","-57.5219","6.2381",,,12/24/2005 0:00:00,12/30/1899 18:45:00,"C- Minor Injury","F- Driver",,"Male","N- Pickup","S- Driver's Negligence",2.00
6582,27012.00,"6- East Berbice- Corentyne",1162,"Main Rd.","New Amsterdam-East Berbice- Corentyne","-57.5185","6.2474",,,12/29/2005 0:00:00,12/30/1899 21:02:00,"B- Serious Injury","G- Rider",24.00,"Male","N- Pickup;V-Motor Cycle","U- Cyclist's Negligence",3.00
6583,27013.00,"6- East Berbice- Corentyne",682,"Providence Public Rd.","RIGHT BANK BERBICE RIVER (From New Amsterdam)","-57.5167","6.2167",,,12/27/2005 0:00:00,12/30/1899 8:30:00,"C- Minor Injury","F- Driver",29.00,"Male","K- Private Cars;V-Motor Cycle","S- Driver's Negligence",2.00
6584,27014.00,"6- East Berbice- Corentyne",1173,"Strand Public Rd.","New Amsterdam-East Berbice- Corentyne","-57.5210","6.2463",,,1/5/2006 0:00:00,,"D- Property Damage","F- Driver",,"Male","K- Private Cars;M- Hire Cars","S- Driver's Negligence",4.00
6585,27015.00,"6- East Berbice- Corentyne",1157,"Harkman's Lane","New Amsterdam-East Berbice- Corentyne","-57.5197","6.2442",,,1/6/2006 0:00:00,12/30/1899 18:40:00,"B- Serious Injury","F- Driver",31.00,"Male","K- Private Cars;W-Pedal Cycle","S- Driver's Negligence",2.00
6586,27016.00,"6- East Berbice- Corentyne",1142,"Asylum St.","New Amsterdam-East Berbice- Corentyne","-57.5212","6.2425",,,1/5/2006 0:00:00,12/30/1899 22:50:00,"D- Property Damage","G- Rider",37.00,"Female","V-Motor Cycle","O- Lost Control & Runoff",1.00
6587,27017.00,"6- East Berbice- Corentyne",684,"Glasgow Village","RIGHT BANK BERBICE RIVER (From New Amsterdam)","-57.5167","6.2167",,,1/13/2006 0:00:00,,"D- Property Damage","F- Driver",45.00,"Male","K- Private Cars","P- Speeding",2.00
6588,27018.00,"6- East Berbice- Corentyne",777,"Palmyra Public Rd.","EAST COAST BERBICE ROAD (From New Amsterdam)","-57.5000","6.2833",,,1/14/2006 0:00:00,12/30/1899 22:20:00,"A- Fatal","F- Driver",35.00,"Male","M- Hire Cars","P- Speeding",2.00
6589,27019.00,"6- East Berbice- Corentyne",1162,"Main Rd.","New Amsterdam-East Berbice- Corentyne","-57.5185","6.2474",,,1/15/2006 0:00:00,12/30/1899 13:30:00,"D- Property Damage","F- Driver",28.00,"Male","K- Private Cars","S- Driver's Negligence",2.00
6590,27020.00,"6- East Berbice- Corentyne",785,"#19 Public Rd.","EAST COAST BERBICE ROAD (From New Amsterdam)","-57.4500","6.2833",,,1/16/2006 0:00:00,12/30/1899 18:20:00,"B- Serious Injury","F- Driver",37.00,"Male","K- Private Cars;W-Pedal Cycle","P- Speeding",2.00
6591,27021.00,"6- East Berbice- Corentyne",785,"#19 Public Rd.","EAST COAST BERBICE ROAD (From New Amsterdam)","-57.4500","6.2833",,,1/20/2006 0:00:00,12/30/1899 1:00:00,"D- Property Damage","F- Driver",26.00,"Male","M- Hire Cars","Y- Animal",1.00
6592,27022.00,"6- East Berbice- Corentyne",780,"Lewis Manor Public Rd.","EAST COAST BERBICE ROAD (From New Amsterdam)","-57.4833","6.2833",,,1/21/2006 0:00:00,12/30/1899 13:20:00,"D- Property Damage","F- Driver",50.00,"Male","K- Private Cars;M- Hire Cars","S- Driver's Negligence",2.00
6593,27023.00,"6- East Berbice- Corentyne",1163,"Matthew Allen Public Rd.","New Amsterdam-East Berbice- Corentyne","-57.5216","6.2498",,,1/18/2006 0:00:00,12/30/1899 17:15:00,"D- Property Damage","F- Driver",,"Male","K- Private Cars;W-Pedal Cycle","P- Speeding",2.00
6594,27024.00,"6- East Berbice- Corentyne",1169,"Republic Rd.","New Amsterdam-East Berbice- Corentyne","-57.5137","6.2528",,,1/21/2006 0:00:00,12/30/1899 21:35:00,"B- Serious Injury","F- Driver",,"Male","K- Private Cars","P- Speeding",1.00
6595,27025.00,"6- East Berbice- Corentyne",1169,"Republic Rd.","New Amsterdam-East Berbice- Corentyne","-57.5137","6.2528",,,1/30/2006 0:00:00,12/30/1899 15:00:00,"B- Serious Injury","G- Rider",17.00,"Male","V-Motor Cycle","U- Cyclist's Negligence",2.00
6596,27026.00,"6- East Berbice- Corentyne",682,"Providence Public Rd.","RIGHT BANK BERBICE RIVER (From New Amsterdam)","-57.5167","6.2167",,,2/1/2006 0:00:00,12/30/1899 17:15:00,"C- Minor Injury","F- Driver",34.00,"Male","M- Hire Cars;V-Motor Cycle","S- Driver's Negligence",2.00
6597,27027.00,"6- East Berbice- Corentyne",731,"Canefield Public Rd.","RIGHT BANK CANJE RIVER (From New Amsterdam)","-57.4833","6.2500",,,2/4/2006 0:00:00,12/30/1899 16:15:00,"B- Serious Injury","F- Driver",25.00,"Male","M- Hire Cars;W-Pedal Cycle","S- Driver's Negligence",2.00
6598,27028.00,"6- East Berbice- Corentyne",1164,"Post Office Rd.","New Amsterdam-East Berbice- Corentyne","-57.5183","6.2400",,,2/5/2006 0:00:00,12/30/1899 12:50:00,"C- Minor Injury","F- Driver",36.00,"Male","K- Private Cars;W-Pedal Cycle","P- Speeding",2.00
6599,27029.00,"6- East Berbice- Corentyne",1162,"Main Rd.","New Amsterdam-East Berbice- Corentyne","-57.5185","6.2474",,,2/5/2006 0:00:00,12/30/1899 22:15:00,"D- Property Damage","F- Driver",32.00,"Male","K- Private Cars;M- Hire Cars","S- Driver's Negligence",2.00
6600,27030.00,"6- East Berbice- Corentyne",799,"#2 Public Rd.","CORENTYNE COAST ROAD (Form New Amsterdam)","-57.4000","6.2833",,,2/7/2006 0:00:00,12/30/1899 16:45:00,"D- Property Damage","G- Rider",33.00,"Male","V-Motor Cycle","U- Cyclist's Negligence",2.00
6601,27031.00,"6- East Berbice- Corentyne",761,"St. Ann St.","LEFT BANK CANJE RIVER (From New Amsterdam)","-57.4667","6.2000",,,2/11/2006 0:00:00,12/30/1899 10:30:00,"D- Property Damage","F- Driver",50.00,"Male","M- Hire Cars","S- Driver's Negligence",2.00
6602,27032.00,"6- East Berbice- Corentyne",1162,"Main Rd.","New Amsterdam-East Berbice- Corentyne","-57.5185","6.2474",,,2/12/2006 0:00:00,12/30/1899 20:15:00,"D- Property Damage","F- Driver",25.00,"Male","K- Private Cars;M- Hire Cars","S- Driver's Negligence",2.00
6603,27033.00,"6- East Berbice- Corentyne",1162,"Malali St.","New Amsterdam-East Berbice- Corentyne","-57.5185","6.2474",,,2/12/2006 0:00:00,12/30/1899 22:30:00,"B- Serious Injury","F- Driver",20.00,"Male","M- Hire Cars","P- Speeding",2.00
6604,27034.00,"6- East Berbice- Corentyne",1162,"Main Rd.","New Amsterdam-East Berbice- Corentyne","-57.5185","6.2474",,,2/17/2006 0:00:00,12/30/1899 16:00:00,"C- Minor Injury","F- Driver",45.00,"Male","M- Hire Cars;W-Pedal Cycle","S- Driver's Negligence",2.00
6605,27035.00,"6- East Berbice- Corentyne",1173,"Strand Public Rd.","New Amsterdam-East Berbice- Corentyne","-57.5210","6.2463",,,2/14/2006 0:00:00,12/30/1899 8:40:00,"D- Property Damage","F- Driver",55.00,"Male","L- Lorries Van;M- Hire Cars","S- Driver's Negligence",2.00
6606,27036.00,"6- East Berbice- Corentyne",1162,"Main Rd.","New Amsterdam-East Berbice- Corentyne","-57.5185","6.2474",,,2/26/2006 0:00:00,12/30/1899 19:15:00,"C- Minor Injury","F- Driver",,"Male","M- Hire Cars","S- Driver's Negligence",2.00
6607,27037.00,"6- East Berbice- Corentyne",1173,"Strand Public Rd.","New Amsterdam-East Berbice- Corentyne","-57.5210","6.2463",,,6/29/2007 0:00:00,12/30/1899 8:10:00,"B- Serious Injury","F- Driver",61.00,"Male","K- Private Cars","S- Driver's Negligence",2.00
6608,27038.00,"6- East Berbice- Corentyne",772,"Fort Canje Public Rd.","EAST COAST BERBICE ROAD (From New Amsterdam)","-57.5167","6.2667",,,7/6/2007 0:00:00,12/30/1899 10:20:00,"B- Serious Injury","F- Driver",26.00,"Male","L- Lorries Van","S- Driver's Negligence",1.00
6609,27039.00,"6- East Berbice- Corentyne",772,"Fort Canje Public Rd.","EAST COAST BERBICE ROAD (From New Amsterdam)","-57.5167","6.2667",,,7/6/2007 0:00:00,12/30/1899 10:20:00,"B- Serious Injury","F- Driver",26.00,"Male","L- Lorries Van","S- Driver's Negligence",2.00
6610,27040.00,"6- East Berbice- Corentyne",1162,"Main & New St.","New Amsterdam-East Berbice- Corentyne","-57.5185","6.2474",,,7/7/2007 0:00:00,12/30/1899 19:00:00,"C- Minor Injury","G- Rider",48.00,"Male","M- Hire Cars;W-Pedal Cycle","U- Cyclist's Negligence",2.00
6611,27041.00,"6- East Berbice- Corentyne",1162,"Main Rd.","New Amsterdam-East Berbice- Corentyne","-57.5185","6.2474",,,7/7/2007 0:00:00,12/30/1899 19:00:00,"C- Minor Injury","E- Pedestrian",23.00,"Male","M- Hire Cars","T-Pedestrian's Negligence",2.00
6612,27042.00,"6- East Berbice- Corentyne",772,"Fort Canje Public Rd.","EAST COAST BERBICE ROAD (From New Amsterdam)","-57.5167","6.2667",,,7/17/2007 0:00:00,12/30/1899 7:20:00,"D- Property Damage","F- Driver",17.00,"Male","K- Private Cars;M- Hire Cars","S- Driver's Negligence",2.00
6613,27043.00,"6- East Berbice- Corentyne",786,"Warren Public Rd.","EAST COAST BERBICE ROAD (From New Amsterdam)","-57.4500","6.2833",,,7/21/2007 0:00:00,12/30/1899 13:30:00,"B- Serious Injury","F- Driver",61.00,"Male","J- Minibus","S- Driver's Negligence",5.00
6614,27044.00,"6- East Berbice- Corentyne",682,"Providence Public Rd.","RIGHT BANK BERBICE RIVER (From New Amsterdam)","-57.5167","6.2167",,,7/23/2007 0:00:00,12/30/1899 8:00:00,"D- Property Damage","F- Driver",31.00,"Male","J- Minibus;M- Hire Cars","P- Speeding",2.00
6615,27045.00,"6- East Berbice- Corentyne",682,"Providence Public Rd.","RIGHT BANK BERBICE RIVER (From New Amsterdam)","-57.5167","6.2167",,,7/23/2007 0:00:00,12/30/1899 14:00:00,"D- Property Damage","F- Driver",56.00,"Male","M- Hire Cars","S- Driver's Negligence",2.00
6616,27046.00,"6- East Berbice- Corentyne",683,"Guy Park Public Rd.","RIGHT BANK BERBICE RIVER (From New Amsterdam)","-57.5167","6.2167",,,7/27/2007 0:00:00,12/30/1899 17:50:00,"D- Property Damage","G- Rider",32.00,"Male","M- Hire Cars;V-Motor Cycle","U- Cyclist's Negligence",2.00
6617,27047.00,"6- East Berbice- Corentyne",772,"Fort Canje Public Rd.","EAST COAST BERBICE ROAD (From New Amsterdam)","-57.5167","6.2667",,,7/29/2007 0:00:00,12/30/1899 2:30:00,"B- Serious Injury","F- Driver",29.00,"Male","M- Hire Cars;W-Pedal Cycle","U- Cyclist's Negligence",2.00
6618,27048.00,"6- East Berbice- Corentyne",775,"Sheet Anchor Public Rd.","EAST COAST BERBICE ROAD (From New Amsterdam)","-57.5000","6.2667",,,7/31/2007 0:00:00,12/30/1899 13:15:00,"C- Minor Injury","F- Driver",52.00,"Male","K- Private Cars;W-Pedal Cycle","S- Driver's Negligence",2.00
6619,27049.00,"6- East Berbice- Corentyne",734,"Alexander St.","RIGHT BANK CANJE RIVER (From New Amsterdam)","-57.4833","6.2333",,,7/27/2007 0:00:00,12/30/1899 17:00:00,"B- Serious Injury","G- Rider",33.00,"Male","V-Motor Cycle","U- Cyclist's Negligence",2.00
6620,27050.00,"6- East Berbice- Corentyne",799,"#2 Public Rd.","CORENTYNE COAST ROAD (Form New Amsterdam)","-57.4000","6.2833",,,7/28/2007 0:00:00,12/30/1899 11:00:00,"D- Property Damage","F- Driver",30.00,"Male","M- Hire Cars;N- Pickup","S- Driver's Negligence",2.00
6621,27051.00,"6- East Berbice- Corentyne",731,"Canefield Public Rd.","RIGHT BANK CANJE RIVER (From New Amsterdam)","-57.4833","6.2500",,,8/4/2007 0:00:00,12/30/1899 1:45:00,"B- Serious Injury","F- Driver",24.00,"Male","M- Hire Cars;V-Motor Cycle","S- Driver's Negligence",2.00
6622,27052.00,"6- East Berbice- Corentyne",799,"#2 Public Rd.","CORENTYNE COAST ROAD (Form New Amsterdam)","-57.4000","6.2833",,,8/1/2007 0:00:00,12/30/1899 22:35:00,"B- Serious Injury","G- Rider",52.00,"Male","K- Private Cars;V-Motor Cycle","U- Cyclist's Negligence",2.00
6623,27053.00,"6- East Berbice- Corentyne",772,"East Canje Public Rd.","EAST COAST BERBICE ROAD (From New Amsterdam)","-57.5167","6.2667",,,8/5/2007 0:00:00,12/30/1899 15:45:00,"B- Serious Injury","E- Pedestrian",32.00,"Female","M- Hire Cars","T-Pedestrian's Negligence",2.00
6624,27054.00,"6- East Berbice- Corentyne",1173,"Strand Public Rd.","New Amsterdam-East Berbice- Corentyne","-57.5210","6.2463",,,8/7/2007 0:00:00,12/30/1899 16:30:00,"C- Minor Injury","F- Driver",41.00,"Male","K- Private Cars;M- Hire Cars","S- Driver's Negligence",2.00
6625,27055.00,"6- East Berbice- Corentyne",775,"Sheet Anchor Public Rd.","EAST COAST BERBICE ROAD (From New Amsterdam)","-57.5000","6.2667",,,8/11/2007 0:00:00,12/30/1899 12:00:00,"D- Property Damage","F- Driver",42.00,"Male","K- Private Cars;X-Tractor","P- Speeding",2.00
6626,27056.00,"6- East Berbice- Corentyne",1162,"Main Rd.","New Amsterdam-East Berbice- Corentyne","-57.5185","6.2474",,,8/15/2007 0:00:00,12/30/1899 16:30:00,"B- Serious Injury","G- Rider",30.00,"Male","M- Hire Cars;W-Pedal Cycle","U- Cyclist's Negligence",2.00
6627,27057.00,"6- East Berbice- Corentyne",776,"Cumberland Public Rd.","EAST COAST BERBICE ROAD (From New Amsterdam)","-57.5000","6.2667",,,8/18/2007 0:00:00,12/30/1899 19:45:00,"C- Minor Injury","G- Rider",27.00,"Male","V-Motor Cycle","U- Cyclist's Negligence",3.00
6628,27058.00,"6- East Berbice- Corentyne",1163,"Matthew Allen Public Rd.","New Amsterdam-East Berbice- Corentyne","-57.5216","6.2498",,,8/22/2007 0:00:00,12/30/1899 17:45:00,"D- Property Damage","F- Driver",27.00,"Male","K- Private Cars","P- Speeding",2.00
6629,27059.00,"6- East Berbice- Corentyne",783,"Susannah Public Rd.","EAST COAST BERBICE ROAD (From New Amsterdam)","-57.4667","6.2833",,,8/24/2007 0:00:00,12/30/1899 9:35:00,"D- Property Damage","F- Driver",33.00,"Male","L- Lorries Van","S- Driver's Negligence",1.00
6630,27060.00,"6- East Berbice- Corentyne",1162,"Main Rd.","New Amsterdam-East Berbice- Corentyne","-57.5185","6.2474",,,8/25/2007 0:00:00,12/30/1899 7:30:00,"C- Minor Injury","F- Driver",20.00,"Female","K- Private Cars","S- Driver's Negligence",2.00
6631,27061.00,"6- East Berbice- Corentyne",791,"Cheswich Public Rd.","EAST COAST BERBICE ROAD (From New Amsterdam)","-57.4167","6.3000",,,8/20/2007 0:00:00,12/30/1899 19:30:00,"B- Serious Injury","E- Pedestrian",32.00,"Male","M- Hire Cars","T-Pedestrian's Negligence",2.00
6632,27062.00,"6- East Berbice- Corentyne",1162,"Main Rd.","New Amsterdam-East Berbice- Corentyne","-57.5185","6.2474",,,8/28/2007 0:00:00,12/30/1899 8:30:00,"B- Serious Injury","G- Rider",27.00,"Male","M- Hire Cars;W-Pedal Cycle","U- Cyclist's Negligence",2.00
6633,27063.00,"6- East Berbice- Corentyne",799,"#2 Public Rd.","CORENTYNE COAST ROAD (Form New Amsterdam)","-57.4000","6.2833",,,8/29/2007 0:00:00,12/30/1899 16:00:00,"D- Property Damage","F- Driver",29.00,"Male","M- Hire Cars","P- Speeding",1.00
6634,27064.00,"6- East Berbice- Corentyne",772,"Fort Canje Bridge","EAST COAST BERBICE ROAD (From New Amsterdam)","-57.5167","6.2667",,,8/30/2007 0:00:00,12/30/1899 15:30:00,"C- Minor Injury","G- Rider",35.00,"Male","V-Motor Cycle;W-Pedal Cycle","U- Cyclist's Negligence",2.00
6635,27065.00,"6- East Berbice- Corentyne",1162,"Glorgon Public Rd.","New Amsterdam-East Berbice- Corentyne","-57.5185","6.2474",,,8/31/2007 0:00:00,12/30/1899 19:30:00,"D- Property Damage","F- Driver",49.00,"Male","N- Pickup","S- Driver's Negligence",1.00
6636,27066.00,"6- East Berbice- Corentyne",1162,"Main Rd.","New Amsterdam-East Berbice- Corentyne","-57.5185","6.2474",,,8/31/2007 0:00:00,12/30/1899 12:30:00,"C- Minor Injury","F- Driver",,"Female","K- Private Cars","S- Driver's Negligence",2.00
6637,27067.00,"6- East Berbice- Corentyne",1173,"Strand Public Rd.","New Amsterdam-East Berbice- Corentyne","-57.5210","6.2463",,,9/15/2007 0:00:00,12/30/1899 14:20:00,"D- Property Damage","F- Driver",,"Male","K- Private Cars;L- Lorries Van","S- Driver's Negligence",2.00
6638,27068.00,"6- East Berbice- Corentyne",734,"Adelphi Public Rd.","RIGHT BANK CANJE RIVER (From New Amsterdam)","-57.4833","6.2333",,,9/9/2007 0:00:00,12/30/1899 16:20:00,"B- Serious Injury","G- Rider",49.00,"Male","K- Private Cars;W-Pedal Cycle","U- Cyclist's Negligence",2.00
6639,27069.00,"6- East Berbice- Corentyne",679,"Stanleytown Public Rd.","RIGHT BANK BERBICE RIVER (From New Amsterdam)","-57.5167","6.2333",,,9/9/2007 0:00:00,12/30/1899 22:20:00,"C- Minor Injury","G- Rider",27.00,"Female","V-Motor Cycle","U- Cyclist's Negligence",2.00
6640,27070.00,"6- East Berbice- Corentyne",1162,"Main Rd.","New Amsterdam-East Berbice- Corentyne","-57.5185","6.2474",,,9/28/2007 0:00:00,12/30/1899 20:40:00,"C- Minor Injury","F- Driver",33.00,"Male","L- Lorries Van;W-Pedal Cycle","S- Driver's Negligence",2.00
6641,27071.00,"6- East Berbice- Corentyne",1162,"Front St.","New Amsterdam-East Berbice- Corentyne","-57.5185","6.2474",,,9/29/2007 0:00:00,12/30/1899 19:00:00,"A- Fatal","F- Driver",38.00,"Male","K- Private Cars","P- Speeding",2.00
6642,27072.00,"6- East Berbice- Corentyne",682,"Providence Public Rd.","RIGHT BANK BERBICE RIVER (From New Amsterdam)","-57.5167","6.2167",,,9/11/2007 0:00:00,12/30/1899 13:30:00,"D- Property Damage","F- Driver",,"Male","J- Minibus;M- Hire Cars","P- Speeding",2.00
6643,27073.00,"6- East Berbice- Corentyne",1162,"Main Rd.","New Amsterdam-East Berbice- Corentyne","-57.5185","6.2474",,,10/2/2007 0:00:00,12/30/1899 14:30:00,"D- Property Damage","F- Driver",35.00,"Male","L- Lorries Van;M- Hire Cars","S- Driver's Negligence",2.00
6644,27074.00,"6- East Berbice- Corentyne",799,"#2 Public Rd.","CORENTYNE COAST ROAD (Form New Amsterdam)","-57.4000","6.2833",,,10/7/2007 0:00:00,12/30/1899 18:00:00,"A- Fatal","F- Driver",54.00,"Female","L- Lorries Van;W-Pedal Cycle","S- Driver's Negligence",2.00
6645,27075.00,"6- East Berbice- Corentyne",1162,"Main Rd.","New Amsterdam-East Berbice- Corentyne","-57.5185","6.2474",,,10/8/2007 0:00:00,12/30/1899 13:50:00,"D- Property Damage","G- Rider",28.00,"Female","V-Motor Cycle","U- Cyclist's Negligence",2.00
6646,27076.00,"6- East Berbice- Corentyne",751,"Vryheid Public Rd.","LEFT BANK CANJE RIVER (From New Amsterdam)","-57.5167","6.2500",,,10/5/2007 0:00:00,12/30/1899 8:50:00,"D- Property Damage","F- Driver",45.00,"Male","L- Lorries Van","S- Driver's Negligence",1.00
6647,27077.00,"6- East Berbice- Corentyne",772,"East Canje Public Rd.","EAST COAST BERBICE ROAD (From New Amsterdam)","-57.5167","6.2667",,,10/10/2007 0:00:00,12/30/1899 9:15:00,"C- Minor Injury","G- Rider",21.00,"Male","J- Minibus;V-Motor Cycle","U- Cyclist's Negligence",2.00
6648,27078.00,"6- East Berbice- Corentyne",682,"Providence Public Rd.","RIGHT BANK BERBICE RIVER (From New Amsterdam)","-57.5167","6.2167",,,10/10/2007 0:00:00,12/30/1899 15:00:00,"B- Serious Injury","F- Driver",30.00,"Male","K- Private Cars;M- Hire Cars","S- Driver's Negligence",2.00
6649,27079.00,"6- East Berbice- Corentyne",775,"Sheet Anchor Public Rd.","EAST COAST BERBICE ROAD (From New Amsterdam)","-57.5000","6.2667",,,10/19/2007 0:00:00,12/30/1899 2:30:00,"C- Minor Injury","F- Driver",31.00,"Female","M- Hire Cars","S- Driver's Negligence",2.00
6650,27080.00,"6- East Berbice- Corentyne",1141,"New St.","New Amsterdam-East Berbice- Corentyne","-57.5133","6.2488",,,10/20/2007 0:00:00,12/30/1899 13:20:00,"B- Serious Injury","F- Driver",38.00,"Male","J- Minibus","S- Driver's Negligence",2.00
6651,27081.00,"6- East Berbice- Corentyne",752,"Mount Sinai Public Rd.","LEFT BANK CANJE RIVER (From New Amsterdam)","-57.5167","6.2333",,,10/28/2007 0:00:00,12/30/1899 15:15:00,"B- Serious Injury","G- Rider",13.00,"Male","J- Minibus;W-Pedal Cycle","U- Cyclist's Negligence",2.00
6652,27082.00,"6- East Berbice- Corentyne",1162,"Main Rd.","New Amsterdam-East Berbice- Corentyne","-57.5185","6.2474",,,10/21/2007 0:00:00,12/30/1899 21:30:00,"B- Serious Injury","G- Rider",24.00,"Male","V-Motor Cycle;W-Pedal Cycle","U- Cyclist's Negligence",2.00
6653,27083.00,"6- East Berbice- Corentyne",776,"Cumberland Public Rd.","EAST COAST BERBICE ROAD (From New Amsterdam)","-57.5000","6.2667",,,11/18/2007 0:00:00,12/30/1899 7:50:00,"C- Minor Injury","F- Driver",,"Male","M- Hire Cars;V-Motor Cycle","S- Driver's Negligence",2.00
6654,27084.00,"6- East Berbice- Corentyne",1162,"North New Amsterdam","New Amsterdam-East Berbice- Corentyne","-57.5185","6.2474",,,11/7/2007 0:00:00,12/30/1899 16:03:00,"D- Property Damage","G- Rider",32.00,"Female","V-Motor Cycle;X-Tractor","U- Cyclist's Negligence",2.00
6655,27085.00,"6- East Berbice- Corentyne",1162,"Alexander Public Rd.","New Amsterdam-East Berbice- Corentyne","-57.5185","6.2474",,,11/13/2007 0:00:00,12/30/1899 20:20:00,"B- Serious Injury","F- Driver",,"Male","K- Private Cars;V-Motor Cycle","P- Speeding",2.00
6656,27086.00,"6- East Berbice- Corentyne",776,"Cumberland Public Rd.","EAST COAST BERBICE ROAD (From New Amsterdam)","-57.5000","6.2667",,,11/6/2007 0:00:00,12/30/1899 14:53:00,"B- Serious Injury","G- Rider",72.00,"Female","W-Pedal Cycle","U- Cyclist's Negligence",2.00
6657,27087.00,"6- East Berbice- Corentyne",799,"#2 Public Rd.","CORENTYNE COAST ROAD (Form New Amsterdam)","-57.4000","6.2833",,,11/20/2007 0:00:00,12/30/1899 17:30:00,"D- Property Damage","F- Driver",51.00,"Male","J- Minibus;L- Lorries Van","S- Driver's Negligence",2.00
6658,27088.00,"6- East Berbice- Corentyne",799,"#2 Public Rd.","CORENTYNE COAST ROAD (Form New Amsterdam)","-57.4000","6.2833",,,12/2/2007 0:00:00,12/30/1899 11:20:00,"B- Serious Injury","F- Driver",49.00,"Male","N- Pickup;V-Motor Cycle","P- Speeding",2.00
6659,27089.00,"6- East Berbice- Corentyne",785,"#19 Public Rd.","EAST COAST BERBICE ROAD (From New Amsterdam)","-57.4500","6.2833",,,11/20/2007 0:00:00,12/30/1899 22:30:00,"D- Property Damage","F- Driver",,"Male","L- Lorries Van","S- Driver's Negligence",1.00
6660,27090.00,"6- East Berbice- Corentyne",731,"Canefield Public Rd.","RIGHT BANK CANJE RIVER (From New Amsterdam)","-57.4833","6.2500",,,11/20/2007 0:00:00,12/30/1899 15:30:00,"C- Minor Injury","F- Driver",26.00,"Male","M- Hire Cars","P- Speeding",2.00
6661,27091.00,"6- East Berbice- Corentyne",775,"Sheet Anchor Public Rd.","EAST COAST BERBICE ROAD (From New Amsterdam)","-57.5000","6.2667",,,11/25/2007 0:00:00,12/30/1899 21:40:00,"D- Property Damage","F- Driver",49.00,"Female","L- Lorries Van;M- Hire Cars","S- Driver's Negligence",2.00
6662,27092.00,"6- East Berbice- Corentyne",775,"Sheet Anchor Public Rd.","EAST COAST BERBICE ROAD (From New Amsterdam)","-57.5000","6.2667",,,11/28/2007 0:00:00,12/30/1899 14:45:00,"D- Property Damage","F- Driver",54.00,"Male","L- Lorries Van;M- Hire Cars","P- Speeding",2.00
6663,27093.00,"6- East Berbice- Corentyne",785,"#19 Public Rd.","EAST COAST BERBICE ROAD (From New Amsterdam)","-57.4500","6.2833",,,12/1/2007 0:00:00,12/30/1899 17:15:00,"B- Serious Injury","F- Driver",41.00,"Male","K- Private Cars","S- Driver's Negligence",2.00
6664,27094.00,"6- East Berbice- Corentyne",731,"Canefield Public Rd.","RIGHT BANK CANJE RIVER (From New Amsterdam)","-57.4833","6.2500",,,12/10/2007 0:00:00,12/30/1899 7:35:00,"D- Property Damage","F- Driver",20.00,"Male","K- Private Cars;L- Lorries Van","S- Driver's Negligence",2.00