"ID","Accident ID","Region Number","Corridor ID","Location (Intersection/Road/Street)","Corridor","Location- longitude/ X","Location- latitude/  Y","Mile Marker","Village","Date of Accident","Time of Accident","Type of Accident","Class of Road User","Age/DOB","Gender","Class of Vehicles Involved","Contributing Factor","Number of Persons Involved"
6665,27095.00,"6- East Berbice- Corentyne",1162,"Main Rd.","New Amsterdam-East Berbice- Corentyne","-57.5185","6.2474",,,12/14/2007 0:00:00,12/30/1899 9:30:00,"C- Minor Injury","F- Driver",27.00,"Male","K- Private Cars","S- Driver's Negligence",2.00
6666,27096.00,"6- East Berbice- Corentyne",776,"Cumberland Public Rd.","EAST COAST BERBICE ROAD (From New Amsterdam)","-57.5000","6.2667",,,12/15/2007 0:00:00,12/30/1899 11:00:00,"C- Minor Injury","G- Rider",32.00,"Female","V-Motor Cycle;W-Pedal Cycle","U- Cyclist's Negligence",2.00
6667,27097.00,"6- East Berbice- Corentyne",772,"East Canje Public Rd.","EAST COAST BERBICE ROAD (From New Amsterdam)","-57.5167","6.2667",,,12/16/2007 0:00:00,12/30/1899 8:25:00,"C- Minor Injury","G- Rider",20.00,"Male","K- Private Cars;V-Motor Cycle","P- Speeding",2.00
6668,27098.00,"6- East Berbice- Corentyne",684,"Glasgow Public Rd.","RIGHT BANK BERBICE RIVER (From New Amsterdam)","-57.5167","6.2167",,,12/18/2007 0:00:00,12/30/1899 12:20:00,"C- Minor Injury","F- Driver",31.00,"Male","M- Hire Cars","S- Driver's Negligence",2.00
6669,27099.00,"6- East Berbice- Corentyne",1162,"Main Rd.","New Amsterdam-East Berbice- Corentyne","-57.5185","6.2474",,,12/21/2007 0:00:00,12/30/1899 14:30:00,"D- Property Damage","F- Driver",23.00,"Female","K- Private Cars;M- Hire Cars","S- Driver's Negligence",2.00
6670,27100.00,"6- East Berbice- Corentyne",783,"Susannah Public Rd.","EAST COAST BERBICE ROAD (From New Amsterdam)","-57.4667","6.2833",,,12/21/2007 0:00:00,12/30/1899 16:30:00,"C- Minor Injury","F- Driver",28.00,"Male","J- Minibus;M- Hire Cars","P- Speeding",2.00
6671,27101.00,"6- East Berbice- Corentyne",732,"Rosehall Public Rd.","RIGHT BANK CANJE RIVER (From New Amsterdam)","-57.4833","6.2333",,,12/23/2007 0:00:00,12/30/1899 22:10:00,"D- Property Damage","F- Driver",,"Male","L- Lorries Van","S- Driver's Negligence",1.00
6672,27102.00,"6- East Berbice- Corentyne",787,"Dun Robin Public Rd.","EAST COAST BERBICE ROAD (From New Amsterdam)","-57.4500","6.2667",,,12/23/2007 0:00:00,12/30/1899 21:30:00,"D- Property Damage","F- Driver",53.00,"Male","K- Private Cars","S- Driver's Negligence",1.00
6673,27103.00,"6- East Berbice- Corentyne",1162,"Main Rd.","New Amsterdam-East Berbice- Corentyne","-57.5185","6.2474",,,12/26/2007 0:00:00,12/30/1899 22:40:00,"C- Minor Injury","E- Pedestrian",28.00,"Male","M- Hire Cars","T-Pedestrian's Negligence",2.00
6674,27104.00,"6- East Berbice- Corentyne",775,"Sheet Anchor Public Rd.","EAST COAST BERBICE ROAD (From New Amsterdam)","-57.5000","6.2667",,,12/21/2007 0:00:00,12/30/1899 0:40:00,"B- Serious Injury","F- Driver",45.00,"Male","L- Lorries Van","S- Driver's Negligence",3.00
6675,27105.00,"6- East Berbice- Corentyne",732,"Rosehall Canje Rd.","RIGHT BANK CANJE RIVER (From New Amsterdam)","-57.4833","6.2333",,,12/29/2007 0:00:00,12/30/1899 19:00:00,"B- Serious Injury","F- Driver",40.00,"Male","N- Pickup","P- Speeding",5.00
6676,27106.00,"6- East Berbice- Corentyne",777,"Palmyra Public Rd.","EAST COAST BERBICE ROAD (From New Amsterdam)","-57.5000","6.2833",,,12/29/2007 0:00:00,12/30/1899 16:14:00,"C- Minor Injury","F- Driver",23.00,"Male","J- Minibus;L- Lorries Van","S- Driver's Negligence",4.00
6677,27107.00,"6- East Berbice- Corentyne",1152,"Princess Elizabeth Rd.","New Amsterdam-East Berbice- Corentyne","-57.5219","6.2381",,,12/7/2007 0:00:00,12/30/1899 14:00:00,"B- Serious Injury","F- Driver",56.00,"Female","M- Hire Cars;V-Motor Cycle","S- Driver's Negligence",2.00
6678,27108.00,"6- East Berbice- Corentyne",1162,"Main Rd.","New Amsterdam-East Berbice- Corentyne","-57.5185","6.2474",,,12/9/2007 0:00:00,12/30/1899 20:15:00,"C- Minor Injury","G- Rider",26.00,"Male","V-Motor Cycle;W-Pedal Cycle","U- Cyclist's Negligence",3.00
6679,27109.00,"6- East Berbice- Corentyne",1162,"Lil' Scheme","New Amsterdam-East Berbice- Corentyne","-57.5185","6.2474",,,1/18/2007 0:00:00,12/30/1899 9:30:00,"D- Property Damage","F- Driver",31.00,"Male","K- Private Cars","S- Driver's Negligence",2.00
6680,27110.00,"6- East Berbice- Corentyne",776,"Cumberland Public Rd.","EAST COAST BERBICE ROAD (From New Amsterdam)","-57.5000","6.2667",,,1/20/2007 0:00:00,12/30/1899 11:25:00,"B- Serious Injury","G- Rider",76.00,"Male","M- Hire Cars;V-Motor Cycle","U- Cyclist's Negligence",2.00
6681,27111.00,"6- East Berbice- Corentyne",1145,"Bohemia Public Rd.","New Amsterdam-East Berbice- Corentyne","-57.5204","6.2476",,,1/20/2007 0:00:00,12/30/1899 18:30:00,"B- Serious Injury","F- Driver",49.00,"Male","K- Private Cars;L- Lorries Van","S- Driver's Negligence",2.00
6682,27112.00,"6- East Berbice- Corentyne",685,"Edinburg Bridge","RIGHT BANK BERBICE RIVER (From New Amsterdam)","-57.5167","6.1833",,,1/10/2007 0:00:00,12/30/1899 14:30:00,"D- Property Damage","G- Rider",28.00,"Male","V-Motor Cycle","U- Cyclist's Negligence",1.00
6683,27113.00,"6- East Berbice- Corentyne",682,"Providence Public Rd.","RIGHT BANK BERBICE RIVER (From New Amsterdam)","-57.5167","6.2167",,,1/20/2007 0:00:00,12/30/1899 11:40:00,"D- Property Damage","G- Rider",44.00,"Male","V-Motor Cycle","Y- Animal",1.00
6684,27114.00,"6- East Berbice- Corentyne",731,"Canefield Public Rd.","RIGHT BANK CANJE RIVER (From New Amsterdam)","-57.4833","6.2500",,,1/21/2007 0:00:00,12/30/1899 21:45:00,"D- Property Damage","F- Driver",34.00,"Female","K- Private Cars","Y- Animal",1.00
6685,27115.00,"6- East Berbice- Corentyne",1162,"Seekara St. Edinburg","New Amsterdam-East Berbice- Corentyne","-57.5185","6.2474",,,1/21/2007 0:00:00,12/30/1899 18:00:00,"C- Minor Injury","G- Rider",43.00,"Male","M- Hire Cars;W-Pedal Cycle","U- Cyclist's Negligence",2.00
6686,27116.00,"6- East Berbice- Corentyne",733,"Reliance Public Rd.","RIGHT BANK CANJE RIVER (From New Amsterdam)","-57.4833","6.2333",,,1/31/2007 0:00:00,12/30/1899 16:45:00,"C- Minor Injury","G- Rider",17.00,"Female","W-Pedal Cycle","U- Cyclist's Negligence",3.00
6687,27117.00,"6- East Berbice- Corentyne",1173,"Strand Public Rd.","New Amsterdam-East Berbice- Corentyne","-57.5210","6.2463",,,1/27/2007 0:00:00,12/30/1899 11:30:00,"D- Property Damage","F- Driver",36.00,"Male","J- Minibus;M- Hire Cars","S- Driver's Negligence",2.00
6688,27118.00,"6- East Berbice- Corentyne",799,"#2 Public Rd.","CORENTYNE COAST ROAD (Form New Amsterdam)","-57.4000","6.2833",,,1/28/2007 0:00:00,12/30/1899 1:15:00,"B- Serious Injury","G- Rider",29.00,"Male","V-Motor Cycle","Y- Animal",1.00
6689,27119.00,"6- East Berbice- Corentyne",1162,"M&TC H/S Access Rd.","New Amsterdam-East Berbice- Corentyne","-57.5185","6.2474",,,2/2/2007 0:00:00,12/30/1899 14:30:00,"B- Serious Injury","F- Driver",,"Male","M- Hire Cars;W-Pedal Cycle","S- Driver's Negligence",2.00
6690,27120.00,"6- East Berbice- Corentyne",1162,"Platonker Public Rd.","New Amsterdam-East Berbice- Corentyne","-57.5185","6.2474",,,2/7/2007 0:00:00,12/30/1899 16:00:00,"D- Property Damage","G- Rider",53.00,"Male","V-Motor Cycle","U- Cyclist's Negligence",2.00
6691,27121.00,"6- East Berbice- Corentyne",1163,"Matthew Allen Public Rd.","New Amsterdam-East Berbice- Corentyne","-57.5216","6.2498",,,2/7/2007 0:00:00,12/30/1899 14:10:00,"C- Minor Injury","E- Pedestrian",72.00,"Male","V-Motor Cycle","T-Pedestrian's Negligence",2.00
6692,27122.00,"6- East Berbice- Corentyne",1162,"Main Rd.","New Amsterdam-East Berbice- Corentyne","-57.5185","6.2474",,,2/15/2007 0:00:00,12/30/1899 18:30:00,"D- Property Damage","F- Driver",45.00,"Male","M- Hire Cars;V-Motor Cycle","S- Driver's Negligence",2.00
6693,27123.00,"6- East Berbice- Corentyne",786,"Warren Public Rd.","EAST COAST BERBICE ROAD (From New Amsterdam)","-57.4500","6.2833",,,2/21/2007 0:00:00,12/30/1899 16:00:00,"D- Property Damage","F- Driver",31.00,"Male","M- Hire Cars","Y- Animal",1.00
6694,27124.00,"6- East Berbice- Corentyne",1162,"Main & Pitt St.","New Amsterdam-East Berbice- Corentyne","-57.5185","6.2474",,,2/24/2007 0:00:00,12/30/1899 17:15:00,"C- Minor Injury","F- Driver",76.00,"Male","K- Private Cars;V-Motor Cycle","S- Driver's Negligence",2.00
6695,27125.00,"6- East Berbice- Corentyne",1162,"Main Rd.","New Amsterdam-East Berbice- Corentyne","-57.5185","6.2474",,,2/25/2007 0:00:00,12/30/1899 10:30:00,"D- Property Damage","F- Driver",41.00,"Male","M- Hire Cars","S- Driver's Negligence",2.00
6696,27126.00,"6- East Berbice- Corentyne",1162,"Main Rd.","New Amsterdam-East Berbice- Corentyne","-57.5185","6.2474",,,2/20/2007 0:00:00,12/30/1899 8:30:00,"C- Minor Injury","F- Driver",37.00,"Male","K- Private Cars","S- Driver's Negligence",2.00
6697,27127.00,"6- East Berbice- Corentyne",1163,"Matthew Allen Public Rd.","New Amsterdam-East Berbice- Corentyne","-57.5216","6.2498",,,2/27/2007 0:00:00,12/30/1899 8:00:00,"D- Property Damage","F- Driver",44.00,"Male","L- Lorries Van;M- Hire Cars","S- Driver's Negligence",2.00
6698,27128.00,"6- East Berbice- Corentyne",783,"Susannah Public Rd.","EAST COAST BERBICE ROAD (From New Amsterdam)","-57.4667","6.2833",,,2/27/2007 0:00:00,12/30/1899 13:00:00,"D- Property Damage","F- Driver",28.00,"Male","J- Minibus","Y- Animal",1.00
6699,27129.00,"6- East Berbice- Corentyne",685,"Edinburg Access Rd.","RIGHT BANK BERBICE RIVER (From New Amsterdam)","-57.5167","6.1833",,,2/27/2007 0:00:00,12/30/1899 7:00:00,"C- Minor Injury","F- Driver",28.00,"Male","K- Private Cars;V-Motor Cycle","S- Driver's Negligence",2.00
6700,27130.00,"6- East Berbice- Corentyne",1173,"Strand Public Rd.","New Amsterdam-East Berbice- Corentyne","-57.5210","6.2463",,,2/26/2007 0:00:00,12/30/1899 15:20:00,"C- Minor Injury","F- Driver",,"Male","M- Hire Cars","S- Driver's Negligence",2.00
6701,27131.00,"6- East Berbice- Corentyne",682,"Providence Public Rd.","RIGHT BANK BERBICE RIVER (From New Amsterdam)","-57.5167","6.2167",,,3/1/2007 0:00:00,12/30/1899 18:30:00,"D- Property Damage","G- Rider",26.00,"Male","M- Hire Cars;V-Motor Cycle","U- Cyclist's Negligence",2.00
6702,27132.00,"6- East Berbice- Corentyne",1162,"Main Rd.","New Amsterdam-East Berbice- Corentyne","-57.5185","6.2474",,,3/4/2007 0:00:00,12/30/1899 23:00:00,"D- Property Damage","F- Driver",38.00,"Male","K- Private Cars;L- Lorries Van","S- Driver's Negligence",2.00
6703,27133.00,"6- East Berbice- Corentyne",733,"Reliance Public Rd.","RIGHT BANK CANJE RIVER (From New Amsterdam)","-57.4833","6.2333",,,3/5/2007 0:00:00,12/30/1899 18:30:00,"C- Minor Injury","F- Driver",27.00,"Male","M- Hire Cars;W-Pedal Cycle","S- Driver's Negligence",3.00
6704,27134.00,"6- East Berbice- Corentyne",787,"Dun Robin Public Rd.","EAST COAST BERBICE ROAD (From New Amsterdam)","-57.4500","6.2667",,,3/6/2007 0:00:00,12/30/1899 23:10:00,"B- Serious Injury","F- Driver",49.00,"Male","K- Private Cars;L- Lorries Van","P- Speeding",3.00
6705,27135.00,"6- East Berbice- Corentyne",1163,"Matthew Allen Public Rd.","New Amsterdam-East Berbice- Corentyne","-57.5216","6.2498",,,3/7/2007 0:00:00,12/30/1899 4:30:00,"D- Property Damage","F- Driver",28.00,"Female","K- Private Cars;M- Hire Cars","S- Driver's Negligence",2.00
6706,27136.00,"6- East Berbice- Corentyne",731,"Canefield Public Rd.","RIGHT BANK CANJE RIVER (From New Amsterdam)","-57.4833","6.2500",,,3/9/2007 0:00:00,12/30/1899 7:30:00,"C- Minor Injury","F- Driver",23.00,"Male","M- Hire Cars;V-Motor Cycle","S- Driver's Negligence",2.00
6707,27137.00,"6- East Berbice- Corentyne",1173,"Strand Public Rd.","New Amsterdam-East Berbice- Corentyne","-57.5210","6.2463",,,3/9/2007 0:00:00,12/30/1899 20:25:00,"D- Property Damage","F- Driver",38.00,"Male","K- Private Cars","S- Driver's Negligence",2.00
6708,27138.00,"6- East Berbice- Corentyne",1162,"Garrison Access Rd.","New Amsterdam-East Berbice- Corentyne","-57.5185","6.2474",,,3/15/2007 0:00:00,12/30/1899 8:55:00,"D- Property Damage","G- Rider",34.00,"Male","J- Minibus;V-Motor Cycle","U- Cyclist's Negligence",3.00
6709,27139.00,"6- East Berbice- Corentyne",775,"Sheet Anchor Public Rd.","EAST COAST BERBICE ROAD (From New Amsterdam)","-57.5000","6.2667",,,3/16/2007 0:00:00,12/30/1899 8:30:00,"D- Property Damage","F- Driver",26.00,"Male","L- Lorries Van;M- Hire Cars","S- Driver's Negligence",2.00
6710,27140.00,"6- East Berbice- Corentyne",1162,"Main Rd.","New Amsterdam-East Berbice- Corentyne","-57.5185","6.2474",,,3/16/2007 0:00:00,12/30/1899 5:45:00,"B- Serious Injury","G- Rider",,"Male","M- Hire Cars;V-Motor Cycle","U- Cyclist's Negligence",3.00
6711,27141.00,"6- East Berbice- Corentyne",772,"Fort Canje Public Rd.","EAST COAST BERBICE ROAD (From New Amsterdam)","-57.5167","6.2667",,,3/16/2007 0:00:00,12/30/1899 14:50:00,"C- Minor Injury","E- Pedestrian",13.00,"Male","K- Private Cars","T-Pedestrian's Negligence",2.00
6712,27142.00,"6- East Berbice- Corentyne",1162,"Babamen St.","New Amsterdam-East Berbice- Corentyne","-57.5185","6.2474",,,3/18/2007 0:00:00,12/30/1899 1:45:00,"D- Property Damage","F- Driver",32.00,"Male","K- Private Cars;N- Pickup","S- Driver's Negligence",2.00
6713,27143.00,"6- East Berbice- Corentyne",1162,"Babamen St.","New Amsterdam-East Berbice- Corentyne","-57.5185","6.2474",,,3/18/2007 0:00:00,12/30/1899 2:45:00,"D- Property Damage","F- Driver",47.00,"Male","K- Private Cars;N- Pickup","S- Driver's Negligence",2.00
6714,27144.00,"6- East Berbice- Corentyne",1162,"Main Rd.","New Amsterdam-East Berbice- Corentyne","-57.5185","6.2474",,,3/27/2007 0:00:00,12/30/1899 14:30:00,"C- Minor Injury","G- Rider",17.00,"Male","M- Hire Cars;W-Pedal Cycle","U- Cyclist's Negligence",2.00
6715,27145.00,"6- East Berbice- Corentyne",1169,"Republic Rd.","New Amsterdam-East Berbice- Corentyne","-57.5137","6.2528",,,3/30/2007 0:00:00,12/30/1899 18:20:00,"C- Minor Injury","F- Driver",42.00,"Male","K- Private Cars;V-Motor Cycle","S- Driver's Negligence",2.00
6716,27146.00,"6- East Berbice- Corentyne",777,"Palmyra Public Rd.","EAST COAST BERBICE ROAD (From New Amsterdam)","-57.5000","6.2833",,,3/30/2007 0:00:00,12/30/1899 12:20:00,"C- Minor Injury","F- Driver",64.00,"Male","L- Lorries Van;V-Motor Cycle","S- Driver's Negligence",2.00
6717,27147.00,"6- East Berbice- Corentyne",1162,"Heat Burn Public Rd.","New Amsterdam-East Berbice- Corentyne","-57.5185","6.2474",,,3/27/2007 0:00:00,12/30/1899 8:30:00,"C- Minor Injury","F- Driver",27.00,"Male","K- Private Cars;V-Motor Cycle","S- Driver's Negligence",2.00
6718,27148.00,"6- East Berbice- Corentyne",777,"Palmyra Public Rd.","EAST COAST BERBICE ROAD (From New Amsterdam)","-57.5000","6.2833",,,3/30/2007 0:00:00,12/30/1899 21:45:00,"A- Fatal","F- Driver",41.00,"Male","L- Lorries Van;N- Pickup","S- Driver's Negligence",2.00
6719,27149.00,"6- East Berbice- Corentyne",682,"Providence Public Rd.","RIGHT BANK BERBICE RIVER (From New Amsterdam)","-57.5167","6.2167",,,4/2/2007 0:00:00,12/30/1899 19:00:00,"D- Property Damage","F- Driver",47.00,"Male","K- Private Cars;V-Motor Cycle","S- Driver's Negligence",2.00
6720,27150.00,"6- East Berbice- Corentyne",1162,"Main Rd.","New Amsterdam-East Berbice- Corentyne","-57.5185","6.2474",,,4/14/2007 0:00:00,12/30/1899 17:30:00,"D- Property Damage","G- Rider",23.00,"Male","K- Private Cars;V-Motor Cycle","U- Cyclist's Negligence",2.00
6721,27151.00,"6- East Berbice- Corentyne",1162,"Charlotte St.","New Amsterdam-East Berbice- Corentyne","-57.5185","6.2474",,,3/19/2007 0:00:00,12/30/1899 2:00:00,"D- Property Damage","F- Driver",29.00,"Male","M- Hire Cars","P- Speeding",1.00
6722,27152.00,"6- East Berbice- Corentyne",786,"Warren Public Rd.","EAST COAST BERBICE ROAD (From New Amsterdam)","-57.4500","6.2833",,,4/6/2007 0:00:00,12/30/1899 11:00:00,"B- Serious Injury","F- Driver",57.00,"Male","J- Minibus;K- Private Cars","S- Driver's Negligence",4.00
6723,27153.00,"6- East Berbice- Corentyne",1145,"Bohemia Public Rd.","New Amsterdam-East Berbice- Corentyne","-57.5204","6.2476",,,4/5/2007 0:00:00,12/30/1899 17:50:00,"B- Serious Injury","F- Driver",28.00,"Male","L- Lorries Van;X-Tractor","S- Driver's Negligence",2.00
6724,27154.00,"6- East Berbice- Corentyne",1169,"Republic Rd.","New Amsterdam-East Berbice- Corentyne","-57.5137","6.2528",,,4/8/2007 0:00:00,12/30/1899 16:45:00,"B- Serious Injury","F- Driver",49.00,"Male","M- Hire Cars","P- Speeding",2.00
6725,27155.00,"6- East Berbice- Corentyne",1163,"Matthew Allen Public Rd.","New Amsterdam-East Berbice- Corentyne","-57.5216","6.2498",,,4/8/2007 0:00:00,12/30/1899 20:30:00,"C- Minor Injury","F- Driver",25.00,"Male","M- Hire Cars","S- Driver's Negligence",2.00
6726,27156.00,"6- East Berbice- Corentyne",1162,"Trinity St.","New Amsterdam-East Berbice- Corentyne","-57.5185","6.2474",,,4/12/2007 0:00:00,12/30/1899 14:45:00,"C- Minor Injury","E- Pedestrian",11.00,"Male","M- Hire Cars","T-Pedestrian's Negligence",2.00
6727,27157.00,"6- East Berbice- Corentyne",776,"Cumberland Public Rd.","EAST COAST BERBICE ROAD (From New Amsterdam)","-57.5000","6.2667",,,4/23/2007 0:00:00,12/30/1899 9:30:00,"D- Property Damage","F- Driver",26.00,"Male","K- Private Cars","S- Driver's Negligence",2.00
6728,27158.00,"6- East Berbice- Corentyne",684,"Glasgow Public Rd.","RIGHT BANK BERBICE RIVER (From New Amsterdam)","-57.5167","6.2167",,,4/22/2007 0:00:00,12/30/1899 13:15:00,"C- Minor Injury","F- Driver",,"Male","L- Lorries Van","S- Driver's Negligence",2.00
6729,27159.00,"6- East Berbice- Corentyne",1173,"Strand Public Rd.","New Amsterdam-East Berbice- Corentyne","-57.5210","6.2463",,,4/23/2007 0:00:00,12/30/1899 14:00:00,"D- Property Damage","F- Driver",45.00,"Male","K- Private Cars;M- Hire Cars","S- Driver's Negligence",2.00
6730,27160.00,"6- East Berbice- Corentyne",1173,"Strand Public Rd.","New Amsterdam-East Berbice- Corentyne","-57.5210","6.2463",,,4/24/2007 0:00:00,12/30/1899 10:45:00,"C- Minor Injury","F- Driver",35.00,"Male","M- Hire Cars","S- Driver's Negligence",2.00
6731,27161.00,"6- East Berbice- Corentyne",1169,"Republic Rd.","New Amsterdam-East Berbice- Corentyne","-57.5137","6.2528",,,4/24/2007 0:00:00,12/30/1899 17:10:00,"B- Serious Injury","G- Rider",32.00,"Male","V-Motor Cycle","U- Cyclist's Negligence",2.00
6732,27162.00,"6- East Berbice- Corentyne",779,"#7 Public Rd.","EAST COAST BERBICE ROAD (From New Amsterdam)","-57.4833","6.2833",,,4/29/2007 0:00:00,12/30/1899 20:45:00,"B- Serious Injury","F- Driver",26.00,"Male","K- Private Cars;L- Lorries Van","S- Driver's Negligence",3.00
6733,27163.00,"6- East Berbice- Corentyne",1163,"Matthew Allen Public Rd.","New Amsterdam-East Berbice- Corentyne","-57.5216","6.2498",,,4/29/2007 0:00:00,12/30/1899 17:30:00,"B- Serious Injury","F- Driver",31.00,"Male","J- Minibus","S- Driver's Negligence",2.00
6734,27164.00,"6- East Berbice- Corentyne",1165,"School St.","New Amsterdam-East Berbice- Corentyne","-57.5160","6.2541",,,4/27/2007 0:00:00,12/30/1899 15:00:00,"C- Minor Injury","F- Driver",32.00,"Male","V-Motor Cycle","S- Driver's Negligence",2.00
6735,27165.00,"6- East Berbice- Corentyne",1162,"Main Rd.","New Amsterdam-East Berbice- Corentyne","-57.5185","6.2474",,,4/29/2007 0:00:00,12/30/1899 19:00:00,"C- Minor Injury","F- Driver",46.00,"Male","M- Hire Cars","S- Driver's Negligence",4.00
6736,27166.00,"6- East Berbice- Corentyne",1162,"Goburg & Main St.","New Amsterdam-East Berbice- Corentyne","-57.5185","6.2474",,,5/4/2007 0:00:00,12/30/1899 17:55:00,"C- Minor Injury","F- Driver",,"Male","K- Private Cars","S- Driver's Negligence",2.00
6737,27167.00,"6- East Berbice- Corentyne",731,"Canefield Public Rd.","RIGHT BANK CANJE RIVER (From New Amsterdam)","-57.4833","6.2500",,,5/3/2007 0:00:00,12/30/1899 15:30:00,"B- Serious Injury","G- Rider",28.00,"Male","V-Motor Cycle","U- Cyclist's Negligence",2.00
6738,27168.00,"6- East Berbice- Corentyne",1173,"Strand Public Rd.","New Amsterdam-East Berbice- Corentyne","-57.5210","6.2463",,,5/8/2007 0:00:00,12/30/1899 15:30:00,"B- Serious Injury","F- Driver",30.00,"Male","L- Lorries Van","S- Driver's Negligence",2.00
6739,27169.00,"6- East Berbice- Corentyne",779,"#7 Public Rd.","EAST COAST BERBICE ROAD (From New Amsterdam)","-57.4833","6.2833",,,5/15/2007 0:00:00,12/30/1899 13:30:00,"D- Property Damage","F- Driver",25.00,"Male","L- Lorries Van","Y- Animal",1.00
6740,27170.00,"6- East Berbice- Corentyne",783,"Susannah Public Rd.","EAST COAST BERBICE ROAD (From New Amsterdam)","-57.4667","6.2833",,,5/17/2007 0:00:00,12/30/1899 14:30:00,"B- Serious Injury","F- Driver",25.00,"Male","K- Private Cars;L- Lorries Van","S- Driver's Negligence",2.00
6741,27171.00,"6- East Berbice- Corentyne",1173,"Strand Public Rd.","New Amsterdam-East Berbice- Corentyne","-57.5210","6.2463",,,5/12/2007 0:00:00,12/30/1899 16:00:00,"C- Minor Injury","G- Rider",,"Male","V-Motor Cycle","U- Cyclist's Negligence",2.00
6742,27172.00,"6- East Berbice- Corentyne",799,"#2 Public Rd.","CORENTYNE COAST ROAD (Form New Amsterdam)","-57.4000","6.2833",,,5/28/2007 0:00:00,12/30/1899 5:30:00,"D- Property Damage","F- Driver",41.00,"Male","M- Hire Cars","Y- Animal",1.00
6743,27173.00,"6- East Berbice- Corentyne",1169,"Republic Rd.","New Amsterdam-East Berbice- Corentyne","-57.5137","6.2528",,,5/23/2007 0:00:00,,"B- Serious Injury","F- Driver",,"Male","K- Private Cars;W-Pedal Cycle","S- Driver's Negligence",2.00
6744,27174.00,"6- East Berbice- Corentyne",776,"Cumberland Public Rd.","EAST COAST BERBICE ROAD (From New Amsterdam)","-57.5000","6.2667",,,5/26/2007 0:00:00,12/30/1899 16:40:00,"C- Minor Injury","G- Rider",21.00,"Female","V-Motor Cycle;W-Pedal Cycle","U- Cyclist's Negligence",2.00
6745,27175.00,"6- East Berbice- Corentyne",1163,"Matthew Allen Public Rd.","New Amsterdam-East Berbice- Corentyne","-57.5216","6.2498",,,5/24/2007 0:00:00,12/30/1899 9:00:00,"C- Minor Injury","F- Driver",35.00,"Male","M- Hire Cars","S- Driver's Negligence",2.00
6746,27176.00,"6- East Berbice- Corentyne",731,"Canefield Public Rd.","RIGHT BANK CANJE RIVER (From New Amsterdam)","-57.4833","6.2500",,,6/8/2007 0:00:00,12/30/1899 21:40:00,"B- Serious Injury","F- Driver",37.00,"Male","K- Private Cars;W-Pedal Cycle","S- Driver's Negligence",2.00
6747,27177.00,"6- East Berbice- Corentyne",752,"Mount Sinai Public Rd.","LEFT BANK CANJE RIVER (From New Amsterdam)","-57.5167","6.2333",,,6/10/2007 0:00:00,12/30/1899 2:00:00,"D- Property Damage","F- Driver",44.00,"Male","L- Lorries Van;M- Hire Cars","S- Driver's Negligence",2.00
6748,27178.00,"6- East Berbice- Corentyne",1162,"Main Rd.","New Amsterdam-East Berbice- Corentyne","-57.5185","6.2474",,,6/18/2007 0:00:00,12/30/1899 19:40:00,"B- Serious Injury","F- Driver",39.00,"Male","M- Hire Cars;V-Motor Cycle","P- Speeding",2.00
6749,27179.00,"6- East Berbice- Corentyne",783,"Susannah Public Rd.","EAST COAST BERBICE ROAD (From New Amsterdam)","-57.4667","6.2833",,,6/14/2007 0:00:00,12/30/1899 19:20:00,"B- Serious Injury","E- Pedestrian",47.00,"Male","K- Private Cars","T-Pedestrian's Negligence",2.00
6750,27180.00,"6- East Berbice- Corentyne",1167,"Pitt St.","New Amsterdam-East Berbice- Corentyne","-57.5203","6.2456",,,6/22/2007 0:00:00,,"D- Property Damage","G- Rider",22.00,"Male","K- Private Cars;W-Pedal Cycle","U- Cyclist's Negligence",2.00
6751,27181.00,"6- East Berbice- Corentyne",1162,"Main Rd.","New Amsterdam-East Berbice- Corentyne","-57.5185","6.2474",,,6/23/2007 0:00:00,12/30/1899 23:45:00,"D- Property Damage","F- Driver",27.00,"Male","J- Minibus;K- Private Cars","S- Driver's Negligence",2.00
6752,27182.00,"6- East Berbice- Corentyne",682,"Providence Public Rd.","RIGHT BANK BERBICE RIVER (From New Amsterdam)","-57.5167","6.2167",,,6/15/2007 0:00:00,12/30/1899 22:40:00,"C- Minor Injury","F- Driver",,"Male","K- Private Cars;W-Pedal Cycle","S- Driver's Negligence",2.00
6753,27183.00,"6- East Berbice- Corentyne",1163,"Matthew Allen Public Rd.","New Amsterdam-East Berbice- Corentyne","-57.5216","6.2498",,,1/3/2003 0:00:00,12/30/1899 16:30:00,"D- Property Damage","F- Driver",37.00,"Male","M- Hire Cars","S- Driver's Negligence",2.00
6754,27184.00,"6- East Berbice- Corentyne",777,"Palmyra Public Rd.","EAST COAST BERBICE ROAD (From New Amsterdam)","-57.5000","6.2833",,,1/6/2003 0:00:00,12/30/1899 15:30:00,"D- Property Damage","F- Driver",46.00,"Male","L- Lorries Van","S- Driver's Negligence",2.00
6755,27185.00,"6- East Berbice- Corentyne",775,"Sheet Anchor Public Rd.","EAST COAST BERBICE ROAD (From New Amsterdam)","-57.5000","6.2667",,,1/7/2003 0:00:00,12/30/1899 0:20:00,"D- Property Damage","F- Driver",21.00,"Male","N- Pickup","Y- Animal",1.00
6756,27186.00,"6- East Berbice- Corentyne",785,"#19 Public Rd.","EAST COAST BERBICE ROAD (From New Amsterdam)","-57.4500","6.2833",,,1/9/2003 0:00:00,12/30/1899 2:45:00,"B- Serious Injury","F- Driver",,"Male","K- Private Cars","Y- Animal",1.00