"ID","Accident ID","Region Number","Corridor ID","Location (Intersection/Road/Street)","Corridor","Location- longitude/ X","Location- latitude/  Y","Mile Marker","Village","Date of Accident","Time of Accident","Type of Accident","Class of Road User","Age/DOB","Gender","Class of Vehicles Involved","Contributing Factor","Number of Persons Involved"
6757,27187.00,"6- East Berbice- Corentyne",772,"Fort Canje Public Rd.","EAST COAST BERBICE ROAD (From New Amsterdam)","-57.5167","6.2667",,,1/10/2003 0:00:00,12/30/1899 19:05:00,"D- Property Damage","G- Rider",82.00,"Male","K- Private Cars;W-Pedal Cycle","U- Cyclist's Negligence",2.00
6758,27188.00,"6- East Berbice- Corentyne",775,"Sheet Anchor Public Rd.","EAST COAST BERBICE ROAD (From New Amsterdam)","-57.5000","6.2667",,,1/16/2003 0:00:00,12/30/1899 10:00:00,"D- Property Damage","F- Driver",29.00,"Male","M- Hire Cars","S- Driver's Negligence",2.00
6759,27189.00,"6- East Berbice- Corentyne",1169,"Republic Rd.","New Amsterdam-East Berbice- Corentyne","-57.5137","6.2528",,,1/14/2003 0:00:00,12/30/1899 12:10:00,"C- Minor Injury","E- Pedestrian",6.00,"Male","V-Motor Cycle","T-Pedestrian's Negligence",2.00
6760,27190.00,"6- East Berbice- Corentyne",1162,"Heat Burn Bridge","New Amsterdam-East Berbice- Corentyne","-57.5185","6.2474",,,1/18/2003 0:00:00,12/30/1899 10:00:00,"C- Minor Injury","G- Rider",26.00,"Male","M- Hire Cars;W-Pedal Cycle","U- Cyclist's Negligence",2.00
6761,27191.00,"6- East Berbice- Corentyne",734,"Adelphi Public Rd.","RIGHT BANK CANJE RIVER (From New Amsterdam)","-57.4833","6.2333",,,1/18/2003 0:00:00,12/30/1899 18:20:00,"B- Serious Injury","E- Pedestrian",16.00,"Male","J- Minibus","T-Pedestrian's Negligence",2.00
6762,27192.00,"6- East Berbice- Corentyne",1162,"Farm Public Rd.","New Amsterdam-East Berbice- Corentyne","-57.5185","6.2474",,,1/26/2003 0:00:00,12/30/1899 18:45:00,"C- Minor Injury","F- Driver",32.00,"Male","J- Minibus;K- Private Cars","Q- Alcohol",2.00
6763,27193.00,"6- East Berbice- Corentyne",772,"Fort Canje Public Rd.","EAST COAST BERBICE ROAD (From New Amsterdam)","-57.5167","6.2667",,,1/27/2003 0:00:00,12/30/1899 19:45:00,"C- Minor Injury","G- Rider",19.00,"Male","V-Motor Cycle","U- Cyclist's Negligence",2.00
6764,27194.00,"6- East Berbice- Corentyne",777,"Palmyra Public Rd.","EAST COAST BERBICE ROAD (From New Amsterdam)","-57.5000","6.2833",,,1/28/2003 0:00:00,12/30/1899 7:00:00,"B- Serious Injury","F- Driver",43.00,"Male","J- Minibus","S- Driver's Negligence",2.00
6765,27195.00,"6- East Berbice- Corentyne",688,"Rotterdam Public Rd.","RIGHT BANK BERBICE RIVER (From New Amsterdam)","-57.5333","6.1833",,,1/30/2003 0:00:00,12/30/1899 11:00:00,"C- Minor Injury","F- Driver",3.00,"Male","K- Private Cars","S- Driver's Negligence",2.00
6766,27196.00,"6- East Berbice- Corentyne",1169,"Republic Rd.","New Amsterdam-East Berbice- Corentyne","-57.5137","6.2528",,,1/25/2003 0:00:00,12/30/1899 18:30:00,"C- Minor Injury","F- Driver",43.00,"Male","K- Private Cars;W-Pedal Cycle","U- Cyclist's Negligence",2.00
6767,27197.00,"6- East Berbice- Corentyne",775,"Sheet Anchor Public Rd.","EAST COAST BERBICE ROAD (From New Amsterdam)","-57.5000","6.2667",,,1/31/2003 0:00:00,12/30/1899 14:00:00,"B- Serious Injury","F- Driver",43.00,"Male","M- Hire Cars;W-Pedal Cycle","S- Driver's Negligence",2.00
6768,27198.00,"6- East Berbice- Corentyne",772,"Fort Canje Public Rd.","EAST COAST BERBICE ROAD (From New Amsterdam)","-57.5167","6.2667",,,2/3/2003 0:00:00,12/30/1899 21:15:00,"C- Minor Injury","F- Driver",36.00,"Male","J- Minibus;M- Hire Cars","S- Driver's Negligence",2.00
6769,27199.00,"6- East Berbice- Corentyne",1162,"Main & Goburg St.","New Amsterdam-East Berbice- Corentyne","-57.5185","6.2474",,,2/11/2003 0:00:00,12/30/1899 0:20:00,"B- Serious Injury","G- Rider",,"Male","V-Motor Cycle;W-Pedal Cycle","U- Cyclist's Negligence",2.00
6770,27200.00,"6- East Berbice- Corentyne",772,"Fort Canje Public Rd.","EAST COAST BERBICE ROAD (From New Amsterdam)","-57.5167","6.2667",,,2/14/2003 0:00:00,12/30/1899 19:00:00,"D- Property Damage","F- Driver",40.00,"Male","M- Hire Cars","S- Driver's Negligence",2.00
6771,27201.00,"6- East Berbice- Corentyne",785,"#19 Public Rd.","EAST COAST BERBICE ROAD (From New Amsterdam)","-57.4500","6.2833",,,2/18/2003 0:00:00,12/30/1899 16:05:00,"D- Property Damage","F- Driver",25.00,"Male","N- Pickup","Y- Animal",1.00
6772,27202.00,"6- East Berbice- Corentyne",735,"Goed Bananen Public Rd.","RIGHT BANK CANJE RIVER (From New Amsterdam)","-57.4833","6.2333",,,2/18/2003 0:00:00,12/30/1899 10:20:00,"D- Property Damage","F- Driver",35.00,"Male","M- Hire Cars","Y- Animal",1.00
6773,27203.00,"6- East Berbice- Corentyne",775,"Sheet Anchor Public Rd.","EAST COAST BERBICE ROAD (From New Amsterdam)","-57.5000","6.2667",,,2/22/2003 0:00:00,12/30/1899 10:35:00,"C- Minor Injury","G- Rider",32.00,"Female","M- Hire Cars;W-Pedal Cycle","U- Cyclist's Negligence",2.00
6774,27204.00,"6- East Berbice- Corentyne",1162,"Main Rd.","New Amsterdam-East Berbice- Corentyne","-57.5185","6.2474",,,2/23/2003 0:00:00,12/30/1899 17:50:00,"B- Serious Injury","F- Driver",20.00,"Male","K- Private Cars;V-Motor Cycle","S- Driver's Negligence",2.00
6775,27205.00,"6- East Berbice- Corentyne",785,"#19 Public Rd.","EAST COAST BERBICE ROAD (From New Amsterdam)","-57.4500","6.2833",,,2/23/2003 0:00:00,12/30/1899 21:15:00,"D- Property Damage","F- Driver",26.00,"Male","K- Private Cars","Y- Animal",1.00
6776,27206.00,"6- East Berbice- Corentyne",1162,"Main Rd.","New Amsterdam-East Berbice- Corentyne","-57.5185","6.2474",,,2/25/2003 0:00:00,12/30/1899 23:45:00,"B- Serious Injury","F- Driver",59.00,"Male","L- Lorries Van;W-Pedal Cycle","S- Driver's Negligence",2.00
6777,27207.00,"6- East Berbice- Corentyne",1162,"Main Rd.","New Amsterdam-East Berbice- Corentyne","-57.5185","6.2474",,,2/27/2003 0:00:00,12/30/1899 3:30:00,"D- Property Damage","F- Driver",,"Male","M- Hire Cars","Y- Animal",1.00
6778,27208.00,"6- East Berbice- Corentyne",1162,"Heat Burn Public Rd.","New Amsterdam-East Berbice- Corentyne","-57.5185","6.2474",,,3/1/2003 0:00:00,12/30/1899 17:00:00,"D- Property Damage","F- Driver",,"Male","L- Lorries Van;M- Hire Cars","S- Driver's Negligence",2.00
6779,27209.00,"6- East Berbice- Corentyne",1163,"Matthew Allen Public Rd.","New Amsterdam-East Berbice- Corentyne","-57.5216","6.2498",,,3/1/2003 0:00:00,12/30/1899 18:00:00,"D- Property Damage","F- Driver",42.00,"Male","J- Minibus;M- Hire Cars","S- Driver's Negligence",3.00
6780,27210.00,"6- East Berbice- Corentyne",682,"Providence Public Rd.","RIGHT BANK BERBICE RIVER (From New Amsterdam)","-57.5167","6.2167",,,3/1/2003 0:00:00,12/30/1899 21:00:00,"C- Minor Injury","E- Pedestrian",20.00,"Female","M- Hire Cars","T-Pedestrian's Negligence",2.00
6781,27211.00,"6- East Berbice- Corentyne",1172,"Stanleytown Public Rd.","New Amsterdam-East Berbice- Corentyne","-57.5207","6.2346",,,3/4/2003 0:00:00,12/30/1899 19:40:00,"D- Property Damage","F- Driver",42.00,"Male","M- Hire Cars","Y- Animal",1.00
6782,27212.00,"6- East Berbice- Corentyne",776,"Cumberland Public Rd.","EAST COAST BERBICE ROAD (From New Amsterdam)","-57.5000","6.2667",,,3/4/2003 0:00:00,12/30/1899 15:55:00,"C- Minor Injury","G- Rider",,"Male","V-Motor Cycle;W-Pedal Cycle","U- Cyclist's Negligence",2.00
6783,27213.00,"6- East Berbice- Corentyne",799,"#2 Public Rd.","CORENTYNE COAST ROAD (Form New Amsterdam)","-57.4000","6.2833",,,3/6/2003 0:00:00,12/30/1899 11:45:00,"B- Serious Injury","E- Pedestrian",10.00,"Female","J- Minibus","T-Pedestrian's Negligence",2.00
6784,27214.00,"6- East Berbice- Corentyne",1177,"Winkle Rd.","New Amsterdam-East Berbice- Corentyne","-57.5115","6.2527",,,3/7/2003 0:00:00,12/30/1899 16:30:00,"C- Minor Injury","G- Rider",27.00,"Female","V-Motor Cycle;W-Pedal Cycle","U- Cyclist's Negligence",2.00
6785,27215.00,"6- East Berbice- Corentyne",785,"#19 Public Rd.","EAST COAST BERBICE ROAD (From New Amsterdam)","-57.4500","6.2833",,,3/9/2003 0:00:00,,"D- Property Damage","F- Driver",42.00,"Male","J- Minibus;L- Lorries Van","S- Driver's Negligence",2.00
6786,27216.00,"6- East Berbice- Corentyne",1163,"Matthew Allen Public Rd.","New Amsterdam-East Berbice- Corentyne","-57.5216","6.2498",,,3/9/2003 0:00:00,12/30/1899 11:35:00,"D- Property Damage","F- Driver",35.00,"Male","L- Lorries Van","S- Driver's Negligence",2.00
6787,27217.00,"6- East Berbice- Corentyne",691,"Sisters School Rd.","RIGHT BANK BERBICE RIVER (From New Amsterdam)","-57.5500","6.1833",,,3/12/2003 0:00:00,12/30/1899 13:00:00,"C- Minor Injury","F- Driver",59.00,"Male","K- Private Cars","S- Driver's Negligence",2.00
6788,27218.00,"6- East Berbice- Corentyne",732,"Rosehall Public Rd.","RIGHT BANK CANJE RIVER (From New Amsterdam)","-57.4833","6.2333",,,3/18/2003 0:00:00,12/30/1899 18:45:00,"C- Minor Injury","G- Rider",30.00,"Male","M- Hire Cars;W-Pedal Cycle","U- Cyclist's Negligence",2.00
6789,27219.00,"6- East Berbice- Corentyne",1162,"Main Rd.","New Amsterdam-East Berbice- Corentyne","-57.5185","6.2474",,,3/14/2003 0:00:00,12/30/1899 9:00:00,"C- Minor Injury","F- Driver",34.00,"Male","J- Minibus","S- Driver's Negligence",2.00
6790,27220.00,"6- East Berbice- Corentyne",776,"Cumberland Public Rd.","EAST COAST BERBICE ROAD (From New Amsterdam)","-57.5000","6.2667",,,3/20/2003 0:00:00,12/30/1899 21:00:00,"D- Property Damage","F- Driver",42.00,"Male","M- Hire Cars","P- Speeding",2.00
6791,27221.00,"6- East Berbice- Corentyne",1169,"Republic Rd.","New Amsterdam-East Berbice- Corentyne","-57.5137","6.2528",,,3/20/2003 0:00:00,12/30/1899 16:30:00,"D- Property Damage","F- Driver",28.00,"Male","L- Lorries Van;M- Hire Cars","S- Driver's Negligence",2.00
6792,27222.00,"6- East Berbice- Corentyne",732,"Rosehall Public Rd.","RIGHT BANK CANJE RIVER (From New Amsterdam)","-57.4833","6.2333",,,3/21/2003 0:00:00,12/30/1899 19:00:00,"B- Serious Injury","E- Pedestrian",,"Male","L- Lorries Van","T-Pedestrian's Negligence",2.00
6793,27223.00,"6- East Berbice- Corentyne",679,"Stanleytown Public Rd.","RIGHT BANK BERBICE RIVER (From New Amsterdam)","-57.5167","6.2333",,,3/21/2003 0:00:00,12/30/1899 21:00:00,"C- Minor Injury","G- Rider",21.00,"Male","V-Motor Cycle","U- Cyclist's Negligence",2.00
6794,27224.00,"6- East Berbice- Corentyne",785,"#19 Public Rd.","EAST COAST BERBICE ROAD (From New Amsterdam)","-57.4500","6.2833",,,3/19/2003 0:00:00,12/30/1899 15:15:00,"D- Property Damage","G- Rider",48.00,"Male","V-Motor Cycle","Y- Animal",1.00
6795,27225.00,"6- East Berbice- Corentyne",1163,"Matthew Allen Public Rd.","New Amsterdam-East Berbice- Corentyne","-57.5216","6.2498",,,3/24/2003 0:00:00,12/30/1899 5:50:00,"D- Property Damage","F- Driver",55.00,"Male","K- Private Cars;M- Hire Cars","S- Driver's Negligence",2.00
6796,27226.00,"6- East Berbice- Corentyne",785,"#19 Public Rd.","EAST COAST BERBICE ROAD (From New Amsterdam)","-57.4500","6.2833",,,3/24/2003 0:00:00,12/30/1899 13:40:00,"C- Minor Injury","F- Driver",31.00,"Male","K- Private Cars;M- Hire Cars","P- Speeding",2.00
6797,27227.00,"6- East Berbice- Corentyne",1163,"Matthew Allen Public Rd.","New Amsterdam-East Berbice- Corentyne","-57.5216","6.2498",,,3/25/2003 0:00:00,12/30/1899 19:25:00,"D- Property Damage","F- Driver",40.00,"Male","M- Hire Cars","S- Driver's Negligence",2.00
6798,27228.00,"6- East Berbice- Corentyne",1169,"Republic Rd.","New Amsterdam-East Berbice- Corentyne","-57.5137","6.2528",,,3/26/2003 0:00:00,12/30/1899 11:45:00,"D- Property Damage","F- Driver",,"Male","K- Private Cars;M- Hire Cars","S- Driver's Negligence",2.00
6799,27229.00,"6- East Berbice- Corentyne",776,"Cumberland Public Rd.","EAST COAST BERBICE ROAD (From New Amsterdam)","-57.5000","6.2667",,,3/26/2003 0:00:00,12/30/1899 17:30:00,"B- Serious Injury","G- Rider",13.00,"Female","M- Hire Cars;W-Pedal Cycle","U- Cyclist's Negligence",2.00
6800,27230.00,"6- East Berbice- Corentyne",1173,"Strand Public Rd.","New Amsterdam-East Berbice- Corentyne","-57.5210","6.2463",,,3/26/2003 0:00:00,12/30/1899 17:30:00,"D- Property Damage","F- Driver",,"Male","M- Hire Cars;W-Pedal Cycle","U- Cyclist's Negligence",2.00
6801,27231.00,"6- East Berbice- Corentyne",737,"Gangaram Public Rd.","RIGHT BANK CANJE RIVER (From New Amsterdam)","-57.4667","6.2167",,,3/27/2003 0:00:00,12/30/1899 16:10:00,"D- Property Damage","F- Driver",45.00,"Male","L- Lorries Van;M- Hire Cars","S- Driver's Negligence",2.00
6802,27232.00,"6- East Berbice- Corentyne",682,"Providence Public Rd.","RIGHT BANK BERBICE RIVER (From New Amsterdam)","-57.5167","6.2167",,,3/29/2003 0:00:00,12/30/1899 13:00:00,"C- Minor Injury","E- Pedestrian",14.00,"Female","M- Hire Cars","T-Pedestrian's Negligence",2.00
6803,27233.00,"6- East Berbice- Corentyne",1162,"Main Rd.","New Amsterdam-East Berbice- Corentyne","-57.5185","6.2474",,,3/30/2003 0:00:00,12/30/1899 22:20:00,"B- Serious Injury","F- Driver",,"Male","M- Hire Cars","P- Speeding",2.00
6804,27234.00,"6- East Berbice- Corentyne",682,"Providence Public Rd.","RIGHT BANK BERBICE RIVER (From New Amsterdam)","-57.5167","6.2167",,,4/1/2003 0:00:00,12/30/1899 12:15:00,"D- Property Damage","F- Driver",41.00,"Male","L- Lorries Van;V-Motor Cycle","S- Driver's Negligence",2.00
6805,27235.00,"6- East Berbice- Corentyne",1162,"Charles Pl. Access Rd.","New Amsterdam-East Berbice- Corentyne","-57.5185","6.2474",,,4/3/2003 0:00:00,12/30/1899 16:15:00,"D- Property Damage","F- Driver",35.00,"Male","J- Minibus;K- Private Cars","S- Driver's Negligence",2.00
6806,27236.00,"6- East Berbice- Corentyne",1162,"Main Rd.","New Amsterdam-East Berbice- Corentyne","-57.5185","6.2474",,,4/3/2003 0:00:00,12/30/1899 7:30:00,"D- Property Damage","F- Driver",28.00,"Male","M- Hire Cars","Y- Animal",1.00
6807,27237.00,"6- East Berbice- Corentyne",785,"#19 Public Rd.","EAST COAST BERBICE ROAD (From New Amsterdam)","-57.4500","6.2833",,,4/4/2003 0:00:00,12/30/1899 11:15:00,"C- Minor Injury","F- Driver",47.00,"Male","M- Hire Cars","Y- Animal",2.00
6808,27238.00,"6- East Berbice- Corentyne",1162,"Main Rd.","New Amsterdam-East Berbice- Corentyne","-57.5185","6.2474",,,4/7/2003 0:00:00,12/30/1899 12:45:00,"D- Property Damage","F- Driver",31.00,"Male","M- Hire Cars","S- Driver's Negligence",2.00
6809,27239.00,"6- East Berbice- Corentyne",734,"Adelphi Public Rd.","RIGHT BANK CANJE RIVER (From New Amsterdam)","-57.4833","6.2333",,,4/13/2003 0:00:00,12/30/1899 18:30:00,"C- Minor Injury","F- Driver",30.00,"Male","K- Private Cars;N- Pickup","P- Speeding",2.00
6810,27240.00,"6- East Berbice- Corentyne",776,"Cumberland Public Rd.","EAST COAST BERBICE ROAD (From New Amsterdam)","-57.5000","6.2667",,,4/18/2003 0:00:00,12/30/1899 10:00:00,"D- Property Damage","F- Driver",24.00,"Male","K- Private Cars","Y- Animal",1.00
6811,27241.00,"6- East Berbice- Corentyne",781,"#11 Farm Public Rd.","EAST COAST BERBICE ROAD (From New Amsterdam)","-57.4833","6.2833",,,4/20/2003 0:00:00,12/30/1899 1:00:00,"B- Serious Injury","F- Driver",19.00,"Male","J- Minibus","Y- Animal",1.00
6812,27242.00,"6- East Berbice- Corentyne",682,"Providence Public Rd.","RIGHT BANK BERBICE RIVER (From New Amsterdam)","-57.5167","6.2167",,,4/25/2003 0:00:00,12/30/1899 19:35:00,"D- Property Damage","F- Driver",,"Male","K- Private Cars;W-Pedal Cycle","P- Speeding",2.00
6813,27243.00,"6- East Berbice- Corentyne",799,"#2 Public Rd.","CORENTYNE COAST ROAD (Form New Amsterdam)","-57.4000","6.2833",,,4/26/2003 0:00:00,12/30/1899 15:20:00,"D- Property Damage","F- Driver",35.00,"Female","K- Private Cars","Y- Animal",1.00
6814,27244.00,"6- East Berbice- Corentyne",785,"#19 Public Rd.","EAST COAST BERBICE ROAD (From New Amsterdam)","-57.4500","6.2833",,,4/26/2003 0:00:00,12/30/1899 21:55:00,"B- Serious Injury","F- Driver",33.00,"Male","K- Private Cars","Y- Animal",1.00
6815,27245.00,"6- East Berbice- Corentyne",1173,"Strand Public Rd.","New Amsterdam-East Berbice- Corentyne","-57.5210","6.2463",,,4/30/2003 0:00:00,12/30/1899 11:10:00,"D- Property Damage","F- Driver",,"Male","J- Minibus","Y- Animal",1.00
6816,27246.00,"6- East Berbice- Corentyne",751,"Vryman's Erven Public Rd.","LEFT BANK CANJE RIVER (From New Amsterdam)","-57.5167","6.2500",,,5/1/2003 0:00:00,12/30/1899 18:30:00,"D- Property Damage","F- Driver",42.00,"Female","J- Minibus;K- Private Cars","S- Driver's Negligence",2.00
6817,27247.00,"6- East Berbice- Corentyne",1162,"Seawall Public Rd.","New Amsterdam-East Berbice- Corentyne","-57.5185","6.2474",,,5/4/2003 0:00:00,12/30/1899 16:20:00,"C- Minor Injury","F- Driver",29.00,"Male","M- Hire Cars","P- Speeding",1.00
6818,27248.00,"6- East Berbice- Corentyne",684,"Glasgow Village","RIGHT BANK BERBICE RIVER (From New Amsterdam)","-57.5167","6.2167",,,5/5/2003 0:00:00,12/30/1899 20:20:00,"D- Property Damage","F- Driver",25.00,"Male","M- Hire Cars","S- Driver's Negligence",2.00
6819,27249.00,"6- East Berbice- Corentyne",733,"Reliance Public Rd.","RIGHT BANK CANJE RIVER (From New Amsterdam)","-57.4833","6.2333",,,5/9/2003 0:00:00,12/30/1899 14:45:00,"D- Property Damage","F- Driver",25.00,"Male","M- Hire Cars","S- Driver's Negligence",2.00
6820,27250.00,"6- East Berbice- Corentyne",776,"Cumberland Public Rd.","EAST COAST BERBICE ROAD (From New Amsterdam)","-57.5000","6.2667",,,5/11/2003 0:00:00,12/30/1899 1:05:00,"D- Property Damage","F- Driver",,"Male","K- Private Cars","P- Speeding",2.00
6821,27251.00,"6- East Berbice- Corentyne",1162,"Main Rd.","New Amsterdam-East Berbice- Corentyne","-57.5185","6.2474",,,5/12/2003 0:00:00,12/30/1899 19:50:00,"B- Serious Injury","G- Rider",24.00,"Male","L- Lorries Van;V-Motor Cycle","U- Cyclist's Negligence",2.00
6822,27252.00,"6- East Berbice- Corentyne",687,"Belle Vue Public Rd.","RIGHT BANK BERBICE RIVER (From New Amsterdam)","-57.5333","6.1833",,,5/4/2003 0:00:00,12/30/1899 17:00:00,"B- Serious Injury","F- Driver",60.00,"Male","L- Lorries Van","S- Driver's Negligence",2.00
6823,27253.00,"6- East Berbice- Corentyne",682,"Providence Public Rd.","RIGHT BANK BERBICE RIVER (From New Amsterdam)","-57.5167","6.2167",,,5/15/2003 0:00:00,12/30/1899 8:45:00,"C- Minor Injury","F- Driver",30.00,"Male","K- Private Cars;V-Motor Cycle","S- Driver's Negligence",2.00
6824,27254.00,"6- East Berbice- Corentyne",1169,"Republic Rd.","New Amsterdam-East Berbice- Corentyne","-57.5137","6.2528",,,5/12/2003 0:00:00,12/30/1899 7:45:00,"D- Property Damage","F- Driver",52.00,"Male","M- Hire Cars;W-Pedal Cycle","S- Driver's Negligence",2.00
6825,27255.00,"6- East Berbice- Corentyne",1162,"Main Rd.","New Amsterdam-East Berbice- Corentyne","-57.5185","6.2474",,,5/17/2003 0:00:00,,"D- Property Damage","F- Driver",,"Male","M- Hire Cars","Y- Animal",1.00
6826,27256.00,"6- East Berbice- Corentyne",776,"Cumberland Public Rd.","EAST COAST BERBICE ROAD (From New Amsterdam)","-57.5000","6.2667",,,5/21/2003 0:00:00,12/30/1899 8:45:00,"C- Minor Injury","G- Rider",22.00,"Male","K- Private Cars;V-Motor Cycle","U- Cyclist's Negligence",2.00
6827,27257.00,"6- East Berbice- Corentyne",776,"Cumberland Public Rd.","EAST COAST BERBICE ROAD (From New Amsterdam)","-57.5000","6.2667",,,5/22/2003 0:00:00,12/30/1899 17:30:00,"D- Property Damage","F- Driver",34.00,"Male","L- Lorries Van;M- Hire Cars","S- Driver's Negligence",2.00
6828,27258.00,"6- East Berbice- Corentyne",1163,"Matthew Allen Public Rd.","New Amsterdam-East Berbice- Corentyne","-57.5216","6.2498",,,5/24/2003 0:00:00,12/30/1899 17:00:00,"D- Property Damage","F- Driver",39.00,"Male","K- Private Cars;M- Hire Cars","S- Driver's Negligence",2.00
6829,27259.00,"6- East Berbice- Corentyne",777,"Palmyra Public Rd.","EAST COAST BERBICE ROAD (From New Amsterdam)","-57.5000","6.2833",,,5/26/2003 0:00:00,12/30/1899 14:30:00,"D- Property Damage","F- Driver",27.00,"Male","K- Private Cars;L- Lorries Van","S- Driver's Negligence",2.00
6830,27260.00,"6- East Berbice- Corentyne",731,"Canefield Public Rd.","RIGHT BANK CANJE RIVER (From New Amsterdam)","-57.4833","6.2500",,,5/29/2003 0:00:00,12/30/1899 7:05:00,"B- Serious Injury","F- Driver",61.00,"Male","M- Hire Cars;V-Motor Cycle","P- Speeding",4.00
6831,27261.00,"6- East Berbice- Corentyne",1162,"Main Rd.","New Amsterdam-East Berbice- Corentyne","-57.5185","6.2474",,,5/26/2003 0:00:00,12/30/1899 12:00:00,"D- Property Damage","F- Driver",,"Male","N- Pickup;W-Pedal Cycle","S- Driver's Negligence",2.00
6832,27262.00,"6- East Berbice- Corentyne",1162,"Main Rd.","New Amsterdam-East Berbice- Corentyne","-57.5185","6.2474",,,6/1/2003 0:00:00,12/30/1899 17:30:00,"C- Minor Injury","F- Driver",42.00,"Male","M- Hire Cars;V-Motor Cycle;W-Pedal Cycle","S- Driver's Negligence",3.00
6833,27263.00,"6- East Berbice- Corentyne",780,"Lewis Manor Public Rd.","EAST COAST BERBICE ROAD (From New Amsterdam)","-57.4833","6.2833",,,6/1/2003 0:00:00,12/30/1899 18:30:00,"A- Fatal","F- Driver",54.00,"Male","K- Private Cars","P- Speeding",1.00
6834,27264.00,"6- East Berbice- Corentyne",1173,"Strand Public Rd.","New Amsterdam-East Berbice- Corentyne","-57.5210","6.2463",,,6/3/2003 0:00:00,12/30/1899 9:30:00,"C- Minor Injury","F- Driver",54.00,"Male","K- Private Cars;L- Lorries Van","S- Driver's Negligence",2.00
6835,27265.00,"6- East Berbice- Corentyne",777,"Palmyra Public Rd.","EAST COAST BERBICE ROAD (From New Amsterdam)","-57.5000","6.2833",,,6/4/2003 0:00:00,12/30/1899 18:45:00,"C- Minor Injury","F- Driver",,"Male","K- Private Cars;W-Pedal Cycle","S- Driver's Negligence",2.00
6836,27266.00,"6- East Berbice- Corentyne",1162,"Second St. Cummingsville","New Amsterdam-East Berbice- Corentyne","-57.5185","6.2474",,,6/16/2003 0:00:00,12/30/1899 2:00:00,"D- Property Damage","F- Driver",29.00,"Male","J- Minibus;N- Pickup","S- Driver's Negligence",2.00
6837,27267.00,"6- East Berbice- Corentyne",1162,"North Rd.","New Amsterdam-East Berbice- Corentyne","-57.5185","6.2474",,,6/17/2003 0:00:00,12/30/1899 12:00:00,"D- Property Damage","F- Driver",28.00,"Male","J- Minibus;L- Lorries Van","S- Driver's Negligence",2.00
6838,27268.00,"6- East Berbice- Corentyne",773,"Canje Bridge","EAST COAST BERBICE ROAD (From New Amsterdam)","-57.5167","6.2667",,,6/17/2003 0:00:00,12/30/1899 19:45:00,"B- Serious Injury","F- Driver",22.00,"Male","M- Hire Cars","S- Driver's Negligence",4.00
6839,27269.00,"6- East Berbice- Corentyne",1163,"Matthew Allen Public Rd.","New Amsterdam-East Berbice- Corentyne","-57.5216","6.2498",,,6/9/2003 0:00:00,12/30/1899 20:20:00,"D- Property Damage","F- Driver",,"Male","J- Minibus","S- Driver's Negligence",2.00
6840,27270.00,"6- East Berbice- Corentyne",1173,"Strand Public Rd.","New Amsterdam-East Berbice- Corentyne","-57.5210","6.2463",,,6/20/2003 0:00:00,12/30/1899 15:15:00,"D- Property Damage","G- Rider",14.00,"Male","J- Minibus;W-Pedal Cycle","U- Cyclist's Negligence",2.00
6841,27271.00,"6- East Berbice- Corentyne",1175,"Vryheid Rd.","New Amsterdam-East Berbice- Corentyne","-57.5162","6.2357",,,6/20/2003 0:00:00,12/30/1899 16:30:00,"D- Property Damage","F- Driver",53.00,"Male","M- Hire Cars","Y- Animal",1.00
6842,27272.00,"6- East Berbice- Corentyne",799,"#2 Public Rd.","CORENTYNE COAST ROAD (Form New Amsterdam)","-57.4000","6.2833",,,6/22/2003 0:00:00,12/30/1899 11:45:00,"D- Property Damage","F- Driver",33.00,"Male","K- Private Cars;Z-Animal- Drawn","S- Driver's Negligence",2.00
6843,27273.00,"6- East Berbice- Corentyne",1162,"Bayle St.","New Amsterdam-East Berbice- Corentyne","-57.5185","6.2474",,,6/21/2003 0:00:00,12/30/1899 11:30:00,"D- Property Damage","F- Driver",,"Male","L- Lorries Van;W-Pedal Cycle","S- Driver's Negligence",2.00
6844,27274.00,"6- East Berbice- Corentyne",732,"Rosehall Public Rd.","RIGHT BANK CANJE RIVER (From New Amsterdam)","-57.4833","6.2333",,,6/27/2003 0:00:00,12/30/1899 14:30:00,"D- Property Damage","F- Driver",37.00,"Male","M- Hire Cars;N- Pickup","S- Driver's Negligence",2.00
6845,27275.00,"6- East Berbice- Corentyne",1162,"Main Rd.","New Amsterdam-East Berbice- Corentyne","-57.5185","6.2474",,,6/28/2003 0:00:00,12/30/1899 12:50:00,"C- Minor Injury","F- Driver",30.00,"Female","K- Private Cars;W-Pedal Cycle","S- Driver's Negligence",5.00
6846,27276.00,"6- East Berbice- Corentyne",1162,"Babamen St.","New Amsterdam-East Berbice- Corentyne","-57.5185","6.2474",,,6/26/2003 0:00:00,12/30/1899 15:30:00,"C- Minor Injury","G- Rider",43.00,"Male","V-Motor Cycle;W-Pedal Cycle","P- Speeding",2.00
6847,27277.00,"6- East Berbice- Corentyne",737,"Gangaram Public Rd.","RIGHT BANK CANJE RIVER (From New Amsterdam)","-57.4667","6.2167",,,7/1/2003 0:00:00,12/30/1899 16:00:00,"B- Serious Injury","E- Pedestrian",5.00,"Female","V-Motor Cycle","T-Pedestrian's Negligence",2.00
6848,27278.00,"6- East Berbice- Corentyne",777,"Palmyra Public Rd.","EAST COAST BERBICE ROAD (From New Amsterdam)","-57.5000","6.2833",,,7/3/2003 0:00:00,12/30/1899 19:40:00,"D- Property Damage","F- Driver",33.00,"Male","M- Hire Cars","Y- Animal",1.00