"ID","Accident ID","Region Number","Corridor ID","Location (Intersection/Road/Street)","Corridor","Location- longitude/ X","Location- latitude/  Y","Mile Marker","Village","Date of Accident","Time of Accident","Type of Accident","Class of Road User","Age/DOB","Gender","Class of Vehicles Involved","Contributing Factor","Number of Persons Involved"
6849,27279.00,"6- East Berbice- Corentyne",1162,"Theater Alley","New Amsterdam-East Berbice- Corentyne","-57.5185","6.2474",,,7/5/2003 0:00:00,12/30/1899 0:45:00,"D- Property Damage","F- Driver",,"Male","M- Hire Cars","S- Driver's Negligence",2.00
6850,27280.00,"6- East Berbice- Corentyne",733,"Reliance Public Rd.","RIGHT BANK CANJE RIVER (From New Amsterdam)","-57.4833","6.2333",,,7/6/2003 0:00:00,12/30/1899 4:10:00,"B- Serious Injury","F- Driver",37.00,"Male","M- Hire Cars","S- Driver's Negligence",2.00
6851,27281.00,"6- East Berbice- Corentyne",785,"#19 Public Rd.","EAST COAST BERBICE ROAD (From New Amsterdam)","-57.4500","6.2833",,,7/6/2003 0:00:00,12/30/1899 20:10:00,"D- Property Damage","F- Driver",40.00,"Male","J- Minibus;M- Hire Cars","S- Driver's Negligence",2.00
6852,27282.00,"6- East Berbice- Corentyne",1162,"Main Rd.","New Amsterdam-East Berbice- Corentyne","-57.5185","6.2474",,,7/8/2003 0:00:00,12/30/1899 18:50:00,"C- Minor Injury","F- Driver",47.00,"Male","M- Hire Cars;W-Pedal Cycle","S- Driver's Negligence",2.00
6853,27283.00,"6- East Berbice- Corentyne",1167,"Pitt St.","New Amsterdam-East Berbice- Corentyne","-57.5203","6.2456",,,7/10/2003 0:00:00,12/30/1899 16:45:00,"C- Minor Injury","E- Pedestrian",7.00,"Male","M- Hire Cars","T-Pedestrian's Negligence",2.00
6854,27284.00,"6- East Berbice- Corentyne",1162,"Main Rd.","New Amsterdam-East Berbice- Corentyne","-57.5185","6.2474",,,7/10/2003 0:00:00,12/30/1899 20:45:00,"D- Property Damage","F- Driver",37.00,"Male","K- Private Cars;M- Hire Cars","S- Driver's Negligence",2.00
6855,27285.00,"6- East Berbice- Corentyne",773,"Canje Bridge","EAST COAST BERBICE ROAD (From New Amsterdam)","-57.5167","6.2667",,,7/12/2003 0:00:00,12/30/1899 0:30:00,"C- Minor Injury","F- Driver",34.00,"Male","M- Hire Cars;V-Motor Cycle","S- Driver's Negligence",2.00
6856,27286.00,"6- East Berbice- Corentyne",1162,"Main Rd.","New Amsterdam-East Berbice- Corentyne","-57.5185","6.2474",,,7/12/2003 0:00:00,12/30/1899 16:30:00,"D- Property Damage","F- Driver",26.00,"Male","M- Hire Cars","P- Speeding",2.00
6857,27287.00,"6- East Berbice- Corentyne",682,"Providence Public Rd.","RIGHT BANK BERBICE RIVER (From New Amsterdam)","-57.5167","6.2167",,,7/18/2003 0:00:00,12/30/1899 6:10:00,"C- Minor Injury","F- Driver",34.00,"Male","M- Hire Cars","S- Driver's Negligence",2.00
6858,27288.00,"6- East Berbice- Corentyne",679,"Stanleytown Public Rd.","RIGHT BANK BERBICE RIVER (From New Amsterdam)","-57.5167","6.2333",,,7/19/2003 0:00:00,12/30/1899 14:30:00,"D- Property Damage","F- Driver",42.00,"Male","M- Hire Cars","S- Driver's Negligence",2.00
6859,27289.00,"6- East Berbice- Corentyne",679,"Stanleytown Public Rd.","RIGHT BANK BERBICE RIVER (From New Amsterdam)","-57.5167","6.2333",,,7/20/2003 0:00:00,12/30/1899 21:40:00,"A- Fatal","E- Pedestrian",67.00,"Male","K- Private Cars","T-Pedestrian's Negligence",2.00
6860,27290.00,"6- East Berbice- Corentyne",679,"Stanleytown Public Rd.","RIGHT BANK BERBICE RIVER (From New Amsterdam)","-57.5167","6.2333",,,7/20/2003 0:00:00,12/30/1899 21:45:00,"D- Property Damage","F- Driver",35.00,"Male","M- Hire Cars","Y- Animal",1.00
6861,27291.00,"6- East Berbice- Corentyne",1162,"Main Rd.","New Amsterdam-East Berbice- Corentyne","-57.5185","6.2474",,,7/22/2003 0:00:00,12/30/1899 6:40:00,"C- Minor Injury","G- Rider",42.00,"Male","M- Hire Cars;W-Pedal Cycle","U- Cyclist's Negligence",3.00
6862,27292.00,"6- East Berbice- Corentyne",799,"#2 Public Rd.","CORENTYNE COAST ROAD (Form New Amsterdam)","-57.4000","6.2833",,,7/23/2003 0:00:00,12/30/1899 9:00:00,"C- Minor Injury","F- Driver",42.00,"Male","J- Minibus;K- Private Cars","S- Driver's Negligence",2.00
6863,27293.00,"6- East Berbice- Corentyne",779,"#7 Public Rd.","EAST COAST BERBICE ROAD (From New Amsterdam)","-57.4833","6.2833",,,7/25/2003 0:00:00,12/30/1899 18:10:00,"C- Minor Injury","G- Rider",42.00,"Male","M- Hire Cars;V-Motor Cycle","U- Cyclist's Negligence",2.00
6864,27294.00,"6- East Berbice- Corentyne",682,"Providence Public Rd.","RIGHT BANK BERBICE RIVER (From New Amsterdam)","-57.5167","6.2167",,,7/26/2003 0:00:00,12/30/1899 20:45:00,"A- Fatal","E- Pedestrian",39.00,"Male","V-Motor Cycle","T-Pedestrian's Negligence",2.00
6865,27295.00,"6- East Berbice- Corentyne",752,"Mount Sinai Public Rd.","LEFT BANK CANJE RIVER (From New Amsterdam)","-57.5167","6.2333",,,1/10/2008 0:00:00,12/30/1899 19:30:00,"C- Minor Injury","F- Driver",45.00,"Male","K- Private Cars;W-Pedal Cycle","S- Driver's Negligence",2.00
6866,27296.00,"6- East Berbice- Corentyne",733,"Reliance Public Rd.","RIGHT BANK CANJE RIVER (From New Amsterdam)","-57.4833","6.2333",,,1/12/2008 0:00:00,12/30/1899 22:00:00,"B- Serious Injury","F- Driver",34.00,"Male","N- Pickup;W-Pedal Cycle","S- Driver's Negligence",2.00
6867,27297.00,"6- East Berbice- Corentyne",1173,"Strand Public Rd.","New Amsterdam-East Berbice- Corentyne","-57.5210","6.2463",,,1/15/2008 0:00:00,12/30/1899 21:00:00,"C- Minor Injury","G- Rider",20.00,"Male","M- Hire Cars;V-Motor Cycle","U- Cyclist's Negligence",2.00
6868,27298.00,"6- East Berbice- Corentyne",775,"Sheet Anchor Public Rd.","EAST COAST BERBICE ROAD (From New Amsterdam)","-57.5000","6.2667",,,1/19/2008 0:00:00,12/30/1899 18:30:00,"D- Property Damage","G- Rider",33.00,"Male","V-Motor Cycle","Y- Animal",1.00
6869,27299.00,"6- East Berbice- Corentyne",1162,"M&TC Access Rd.","New Amsterdam-East Berbice- Corentyne","-57.5185","6.2474",,,1/22/2008 0:00:00,12/30/1899 2:30:00,"D- Property Damage","F- Driver",54.00,"Male","M- Hire Cars","S- Driver's Negligence",2.00
6870,27300.00,"6- East Berbice- Corentyne",799,"#2 Public Rd.","CORENTYNE COAST ROAD (Form New Amsterdam)","-57.4000","6.2833",,,1/24/2008 0:00:00,12/30/1899 19:30:00,"B- Serious Injury","F- Driver",24.00,"Male","J- Minibus;K- Private Cars","S- Driver's Negligence",2.00
6871,27301.00,"6- East Berbice- Corentyne",1162,"King St.","New Amsterdam-East Berbice- Corentyne","-57.5185","6.2474",,,1/26/2008 0:00:00,12/30/1899 19:05:00,"B- Serious Injury","E- Pedestrian",51.00,"Male","M- Hire Cars","T-Pedestrian's Negligence",2.00
6872,27302.00,"6- East Berbice- Corentyne",783,"Susannah Public Rd.","EAST COAST BERBICE ROAD (From New Amsterdam)","-57.4667","6.2833",,,1/30/2008 0:00:00,12/30/1899 13:30:00,"B- Serious Injury","F- Driver",48.00,"Male","M- Hire Cars","P- Speeding",2.00
6873,27303.00,"6- East Berbice- Corentyne",777,"Palmyra Public Rd.","EAST COAST BERBICE ROAD (From New Amsterdam)","-57.5000","6.2833",,,2/7/2008 0:00:00,12/30/1899 9:00:00,"C- Minor Injury","F- Driver",30.00,"Male","N- Pickup","P- Speeding",1.00
6874,27304.00,"6- East Berbice- Corentyne",682,"Providence Public Rd.","RIGHT BANK BERBICE RIVER (From New Amsterdam)","-57.5167","6.2167",,,2/7/2008 0:00:00,12/30/1899 18:55:00,"D- Property Damage","F- Driver",,"Male","M- Hire Cars","Y- Animal",1.00
6875,27305.00,"6- East Berbice- Corentyne",1162,"Main Rd.","New Amsterdam-East Berbice- Corentyne","-57.5185","6.2474",,,2/13/2008 0:00:00,12/30/1899 19:45:00,"B- Serious Injury","G- Rider",31.00,"Male","V-Motor Cycle","U- Cyclist's Negligence",2.00
6876,27306.00,"6- East Berbice- Corentyne",799,"#2 Public Rd.","CORENTYNE COAST ROAD (Form New Amsterdam)","-57.4000","6.2833",,,2/22/2008 0:00:00,12/30/1899 19:00:00,"B- Serious Injury","F- Driver",28.00,"Male","K- Private Cars;M- Hire Cars;N- Pickup","S- Driver's Negligence",7.00
6877,27307.00,"6- East Berbice- Corentyne",785,"#19 Public Rd.","EAST COAST BERBICE ROAD (From New Amsterdam)","-57.4500","6.2833",,,2/24/2008 0:00:00,12/30/1899 21:20:00,"A- Fatal","F- Driver",34.00,"Male","K- Private Cars;V-Motor Cycle","P- Speeding",3.00
6878,27308.00,"6- East Berbice- Corentyne",772,"Fort Canje Public Rd.","EAST COAST BERBICE ROAD (From New Amsterdam)","-57.5167","6.2667",,,2/22/2008 0:00:00,12/30/1899 11:20:00,"D- Property Damage","F- Driver",32.00,"Male","K- Private Cars","P- Speeding",2.00
6879,27309.00,"6- East Berbice- Corentyne",779,"#7 Public Rd.","EAST COAST BERBICE ROAD (From New Amsterdam)","-57.4833","6.2833",,,2/25/2008 0:00:00,12/30/1899 19:35:00,"C- Minor Injury","F- Driver",28.00,"Male","M- Hire Cars;N- Pickup","P- Speeding",2.00
6880,27310.00,"6- East Berbice- Corentyne",772,"Fort Canje Public Rd.","EAST COAST BERBICE ROAD (From New Amsterdam)","-57.5167","6.2667",,,2/24/2008 0:00:00,12/30/1899 17:30:00,"B- Serious Injury","F- Driver",33.00,"Male","K- Private Cars","P- Speeding",1.00
6881,27311.00,"6- East Berbice- Corentyne",799,"#2 Public Rd.","CORENTYNE COAST ROAD (Form New Amsterdam)","-57.4000","6.2833",,,3/3/2008 0:00:00,12/30/1899 8:30:00,"D- Property Damage","F- Driver",48.00,"Female","K- Private Cars;M- Hire Cars","S- Driver's Negligence",2.00
6882,27312.00,"6- East Berbice- Corentyne",1162,"Main Rd.","New Amsterdam-East Berbice- Corentyne","-57.5185","6.2474",,,3/12/2008 0:00:00,12/30/1899 15:00:00,"D- Property Damage","F- Driver",30.00,"Male","M- Hire Cars;V-Motor Cycle","S- Driver's Negligence",2.00
6883,27313.00,"6- East Berbice- Corentyne",799,"#2 Public Rd.","CORENTYNE COAST ROAD (Form New Amsterdam)","-57.4000","6.2833",,,3/13/2008 0:00:00,,"B- Serious Injury","F- Driver",36.00,"Male","N- Pickup;V-Motor Cycle","S- Driver's Negligence",2.00
6884,27314.00,"6- East Berbice- Corentyne",775,"Sheet Anchor Public Rd.","EAST COAST BERBICE ROAD (From New Amsterdam)","-57.5000","6.2667",,,3/14/2008 0:00:00,,"D- Property Damage","F- Driver",27.00,"Male","L- Lorries Van","Y- Animal",1.00
6885,27315.00,"6- East Berbice- Corentyne",785,"#19 Public Rd.","EAST COAST BERBICE ROAD (From New Amsterdam)","-57.4500","6.2833",,,3/17/2008 0:00:00,,"D- Property Damage","F- Driver",50.00,"Male","M- Hire Cars","Y- Animal",1.00
6886,27316.00,"6- East Berbice- Corentyne",777,"Palmyra Public Rd.","EAST COAST BERBICE ROAD (From New Amsterdam)","-57.5000","6.2833",,,3/31/2008 0:00:00,12/30/1899 19:45:00,"B- Serious Injury","G- Rider",27.00,"Male","V-Motor Cycle;W-Pedal Cycle","U- Cyclist's Negligence",4.00
6887,27317.00,"6- East Berbice- Corentyne",776,"Cumberland Public Rd.","EAST COAST BERBICE ROAD (From New Amsterdam)","-57.5000","6.2667",,,4/12/2008 0:00:00,12/30/1899 7:30:00,"B- Serious Injury","F- Driver",33.00,"Male","K- Private Cars","P- Speeding",2.00
6888,27318.00,"6- East Berbice- Corentyne",732,"Rosehall Public Rd.","RIGHT BANK CANJE RIVER (From New Amsterdam)","-57.4833","6.2333",,,4/14/2008 0:00:00,12/30/1899 16:30:00,"C- Minor Injury","G- Rider",25.00,"Male","M- Hire Cars;V-Motor Cycle","U- Cyclist's Negligence",2.00
6889,27319.00,"6- East Berbice- Corentyne",785,"#19 Public Rd.","EAST COAST BERBICE ROAD (From New Amsterdam)","-57.4500","6.2833",,,4/19/2008 0:00:00,12/30/1899 20:30:00,"D- Property Damage","F- Driver",27.00,"Male","K- Private Cars","Y- Animal",1.00
6890,27320.00,"6- East Berbice- Corentyne",1173,"Strand Public Rd.","New Amsterdam-East Berbice- Corentyne","-57.5210","6.2463",,,4/23/2008 0:00:00,12/30/1899 7:00:00,"D- Property Damage","F- Driver",52.00,"Male","J- Minibus;M- Hire Cars","S- Driver's Negligence",2.00
6891,27321.00,"6- East Berbice- Corentyne",799,"#2 Public Rd.","CORENTYNE COAST ROAD (Form New Amsterdam)","-57.4000","6.2833",,,4/26/2008 0:00:00,12/30/1899 21:40:00,"C- Minor Injury","F- Driver",41.00,"Male","K- Private Cars;M- Hire Cars","Q- Alcohol",2.00
6892,27322.00,"6- East Berbice- Corentyne",775,"Sheet Anchor Public Rd.","EAST COAST BERBICE ROAD (From New Amsterdam)","-57.5000","6.2667",,,4/29/2008 0:00:00,12/30/1899 8:00:00,"C- Minor Injury","F- Driver",32.00,"Male","K- Private Cars;W-Pedal Cycle","S- Driver's Negligence",2.00
6893,27323.00,"6- East Berbice- Corentyne",775,"Sheet Anchor Public Rd.","EAST COAST BERBICE ROAD (From New Amsterdam)","-57.5000","6.2667",,,5/3/2008 0:00:00,12/30/1899 20:00:00,"C- Minor Injury","E- Pedestrian",49.00,"Male","K- Private Cars","T-Pedestrian's Negligence",2.00
6894,27324.00,"6- East Berbice- Corentyne",682,"Providence Public Rd.","RIGHT BANK BERBICE RIVER (From New Amsterdam)","-57.5167","6.2167",,,5/5/2008 0:00:00,12/30/1899 21:00:00,"D- Property Damage","F- Driver",38.00,"Male","M- Hire Cars","S- Driver's Negligence",2.00
6895,27325.00,"6- East Berbice- Corentyne",1157,"Harkman's Lane","New Amsterdam-East Berbice- Corentyne","-57.5197","6.2442",,,5/8/2008 0:00:00,12/30/1899 16:30:00,"C- Minor Injury","F- Driver",71.00,"Male","K- Private Cars;V-Motor Cycle","S- Driver's Negligence",2.00
6896,27326.00,"6- East Berbice- Corentyne",772,"Fort Canje Public Rd.","EAST COAST BERBICE ROAD (From New Amsterdam)","-57.5167","6.2667",,,5/9/2008 0:00:00,12/30/1899 22:30:00,"D- Property Damage","F- Driver",33.00,"Male","K- Private Cars","Y- Animal",1.00
6897,27327.00,"6- East Berbice- Corentyne",734,"Adelphi Public Rd.","RIGHT BANK CANJE RIVER (From New Amsterdam)","-57.4833","6.2333",,,5/10/2008 0:00:00,12/30/1899 15:00:00,"C- Minor Injury","F- Driver",35.00,"Male","L- Lorries Van","S- Driver's Negligence",2.00
6898,27328.00,"6- East Berbice- Corentyne",775,"Sheet Anchor Public Rd.","EAST COAST BERBICE ROAD (From New Amsterdam)","-57.5000","6.2667",,,5/12/2008 0:00:00,12/30/1899 9:30:00,"B- Serious Injury","F- Driver",29.00,"Male","M- Hire Cars","S- Driver's Negligence",2.00
6899,27329.00,"6- East Berbice- Corentyne",1162,"Main Rd.","New Amsterdam-East Berbice- Corentyne","-57.5185","6.2474",,,5/16/2008 0:00:00,12/30/1899 13:00:00,"D- Property Damage","F- Driver",41.00,"Male","K- Private Cars;M- Hire Cars","S- Driver's Negligence",2.00
6900,27330.00,"6- East Berbice- Corentyne",1152,"Princess Elizabeth Rd.","New Amsterdam-East Berbice- Corentyne","-57.5219","6.2381",,,5/18/2008 0:00:00,12/30/1899 20:50:00,"B- Serious Injury","F- Driver",35.00,"Male","K- Private Cars","P- Speeding",2.00
6901,27331.00,"6- East Berbice- Corentyne",791,"Cheswick Public Rd.","EAST COAST BERBICE ROAD (From New Amsterdam)","-57.4167","6.3000",,,5/19/2008 0:00:00,12/30/1899 14:30:00,"B- Serious Injury","F- Driver",57.00,"Male","L- Lorries Van","S- Driver's Negligence",3.00
6902,27332.00,"6- East Berbice- Corentyne",772,"Fort Canje Public Rd.","EAST COAST BERBICE ROAD (From New Amsterdam)","-57.5167","6.2667",,,5/25/2008 0:00:00,12/30/1899 17:50:00,"B- Serious Injury","G- Rider",26.00,"Male","J- Minibus;W-Pedal Cycle","U- Cyclist's Negligence",2.00
6903,27333.00,"6- East Berbice- Corentyne",1175,"Vryheid St.","New Amsterdam-East Berbice- Corentyne","-57.5162","6.2357",,,5/1/2008 0:00:00,12/30/1899 23:30:00,"D- Property Damage","F- Driver",32.00,"Male","M- Hire Cars","P- Speeding",1.00
6904,27334.00,"6- East Berbice- Corentyne",772,"Fort Canje Public Rd.","EAST COAST BERBICE ROAD (From New Amsterdam)","-57.5167","6.2667",,,5/30/2008 0:00:00,12/30/1899 9:15:00,"B- Serious Injury","F- Driver",53.00,"Male","K- Private Cars;V-Motor Cycle","S- Driver's Negligence",2.00
6905,27335.00,"6- East Berbice- Corentyne",799,"#2 Public Rd.","CORENTYNE COAST ROAD (Form New Amsterdam)","-57.4000","6.2833",,,6/3/2008 0:00:00,12/30/1899 19:48:00,"D- Property Damage","F- Driver",33.00,"Male","L- Lorries Van","Y- Animal",1.00
6906,27336.00,"6- East Berbice- Corentyne",772,"Fort Canje Public Rd.","EAST COAST BERBICE ROAD (From New Amsterdam)","-57.5167","6.2667",,,5/18/2008 0:00:00,12/30/1899 17:45:00,"C- Minor Injury","G- Rider",25.00,"Male","V-Motor Cycle","U- Cyclist's Negligence",3.00
6907,27337.00,"6- East Berbice- Corentyne",1177,"Winkle Rd.","New Amsterdam-East Berbice- Corentyne","-57.5115","6.2527",,,6/10/2008 0:00:00,12/30/1899 21:00:00,"C- Minor Injury","F- Driver",51.00,"Male","J- Minibus;M- Hire Cars","S- Driver's Negligence",2.00
6908,27338.00,"6- East Berbice- Corentyne",772,"Fort Canje Public Rd.","EAST COAST BERBICE ROAD (From New Amsterdam)","-57.5167","6.2667",,,6/10/2008 0:00:00,12/30/1899 19:15:00,"D- Property Damage","F- Driver",43.00,"Male","M- Hire Cars;V-Motor Cycle","S- Driver's Negligence",2.00
6909,27339.00,"6- East Berbice- Corentyne",772,"Fort Canje Public Rd.","EAST COAST BERBICE ROAD (From New Amsterdam)","-57.5167","6.2667",,,6/15/2008 0:00:00,12/30/1899 22:00:00,"A- Fatal","G- Rider",52.00,"Male","V-Motor Cycle","Y- Animal",1.00
6910,27340.00,"6- East Berbice- Corentyne",1152,"Princess Elizabeth Rd.","New Amsterdam-East Berbice- Corentyne","-57.5219","6.2381",,,7/21/2008 0:00:00,12/30/1899 9:15:00,"B- Serious Injury","E- Pedestrian",7.00,"Male","K- Private Cars","T-Pedestrian's Negligence",2.00
6911,27341.00,"6- East Berbice- Corentyne",780,"Lewis Manor Public Rd.","EAST COAST BERBICE ROAD (From New Amsterdam)","-57.4833","6.2833",,,7/24/2008 0:00:00,12/30/1899 20:45:00,"B- Serious Injury","E- Pedestrian",79.00,"Male","K- Private Cars","T-Pedestrian's Negligence",2.00
6912,27342.00,"6- East Berbice- Corentyne",787,"Dun Robin Farm Public Rd.","EAST COAST BERBICE ROAD (From New Amsterdam)","-57.4500","6.2667",,,7/25/2008 0:00:00,12/30/1899 22:30:00,"C- Minor Injury","G- Rider",,"Male","V-Motor Cycle","Y- Animal",1.00
6913,27343.00,"6- East Berbice- Corentyne",799,"#40 Public Rd.","CORENTYNE COAST ROAD (Form New Amsterdam)","-57.4000","6.2833",,,7/27/2008 0:00:00,12/30/1899 21:30:00,"C- Minor Injury","F- Driver",27.00,"Female","K- Private Cars","P- Speeding",4.00
6914,27344.00,"6- East Berbice- Corentyne",777,"Palmyra Public Rd.","EAST COAST BERBICE ROAD (From New Amsterdam)","-57.5000","6.2833",,,8/30/2008 0:00:00,12/30/1899 16:00:00,"D- Property Damage","F- Driver",24.00,"Female","K- Private Cars;L- Lorries Van","S- Driver's Negligence",2.00
6915,27345.00,"6- East Berbice- Corentyne",775,"Sheet Anchor Public Rd.","EAST COAST BERBICE ROAD (From New Amsterdam)","-57.5000","6.2667",,,8/31/2008 0:00:00,12/30/1899 21:00:00,"A- Fatal","F- Driver",56.00,"Male","M- Hire Cars","S- Driver's Negligence",2.00
6916,27346.00,"6- East Berbice- Corentyne",679,"Stanleytown Public Rd.","RIGHT BANK BERBICE RIVER (From New Amsterdam)","-57.5167","6.2333",,,8/3/2008 0:00:00,12/30/1899 11:50:00,"C- Minor Injury","F- Driver",,"Male","N- Pickup","S- Driver's Negligence",3.00
6917,27347.00,"6- East Berbice- Corentyne",679,"Stanleytown Public Rd.","RIGHT BANK BERBICE RIVER (From New Amsterdam)","-57.5167","6.2333",,,8/3/2008 0:00:00,12/30/1899 7:05:00,"C- Minor Injury","F- Driver",,"Male","L- Lorries Van;M- Hire Cars","S- Driver's Negligence",2.00
6918,27348.00,"6- East Berbice- Corentyne",785,"#19 Public Rd.","EAST COAST BERBICE ROAD (From New Amsterdam)","-57.4500","6.2833",,,8/4/2008 0:00:00,12/30/1899 19:30:00,"D- Property Damage","F- Driver",53.00,"Male","K- Private Cars","Y- Animal",1.00
6919,27349.00,"6- East Berbice- Corentyne",685,"Edinburg Public Rd.","RIGHT BANK BERBICE RIVER (From New Amsterdam)","-57.5167","6.1833",,,8/11/2008 0:00:00,12/30/1899 8:30:00,"D- Property Damage","F- Driver",56.00,"Male","K- Private Cars","Y- Animal",1.00
6920,27350.00,"6- East Berbice- Corentyne",799,"#2 Public Rd.","CORENTYNE COAST ROAD (Form New Amsterdam)","-57.4000","6.2833",,,8/17/2008 0:00:00,12/30/1899 20:00:00,"D- Property Damage","F- Driver",,"Male","K- Private Cars","S- Driver's Negligence",2.00
6921,27351.00,"6- East Berbice- Corentyne",1162,"Main Rd.","New Amsterdam-East Berbice- Corentyne","-57.5185","6.2474",,,8/17/2008 0:00:00,12/30/1899 20:10:00,"C- Minor Injury","G- Rider",,"Female","V-Motor Cycle;W-Pedal Cycle","U- Cyclist's Negligence",2.00
6922,27352.00,"6- East Berbice- Corentyne",776,"Cumberland Public Rd.","EAST COAST BERBICE ROAD (From New Amsterdam)","-57.5000","6.2667",,,8/17/2008 0:00:00,12/30/1899 23:35:00,"B- Serious Injury","F- Driver",34.00,"Male","L- Lorries Van","Y- Animal",2.00
6923,27353.00,"6- East Berbice- Corentyne",679,"Stanleytown Public Rd.","RIGHT BANK BERBICE RIVER (From New Amsterdam)","-57.5167","6.2333",,,8/17/2008 0:00:00,12/30/1899 16:00:00,"C- Minor Injury","F- Driver",31.00,"Male","M- Hire Cars;W-Pedal Cycle","P- Speeding",3.00
6924,27354.00,"6- East Berbice- Corentyne",1162,"Backdam Rd.","New Amsterdam-East Berbice- Corentyne","-57.5185","6.2474",,,8/10/2008 0:00:00,12/30/1899 17:31:00,"C- Minor Injury","F- Driver",,"Male","K- Private Cars","S- Driver's Negligence",2.00
6925,27355.00,"6- East Berbice- Corentyne",731,"Canefield Public Rd.","RIGHT BANK CANJE RIVER (From New Amsterdam)","-57.4833","6.2500",,,8/28/2008 0:00:00,12/30/1899 19:00:00,"D- Property Damage","F- Driver",53.00,"Male","K- Private Cars","Y- Animal",1.00
6926,27356.00,"6- East Berbice- Corentyne",775,"Sheet Anchor Public Rd.","EAST COAST BERBICE ROAD (From New Amsterdam)","-57.5000","6.2667",,,8/31/2008 0:00:00,12/30/1899 14:30:00,"B- Serious Injury","G- Rider",40.00,"Male","K- Private Cars;V-Motor Cycle","U- Cyclist's Negligence",2.00
6927,27357.00,"6- East Berbice- Corentyne",1162,"Main Rd.","New Amsterdam-East Berbice- Corentyne","-57.5185","6.2474",,,8/30/2008 0:00:00,12/30/1899 14:30:00,"C- Minor Injury","G- Rider",,"Male","N- Pickup;W-Pedal Cycle","U- Cyclist's Negligence",2.00
6928,27358.00,"6- East Berbice- Corentyne",687,"Bell View Public Rd.","RIGHT BANK BERBICE RIVER (From New Amsterdam)","-57.5333","6.1833",,,9/8/2008 0:00:00,12/30/1899 16:30:00,"A- Fatal","F- Driver",39.00,"Male","N- Pickup","P- Speeding",2.00
6929,27359.00,"6- East Berbice- Corentyne",752,"Mount Sinai Public Rd.","LEFT BANK CANJE RIVER (From New Amsterdam)","-57.5167","6.2333",,,9/12/2008 0:00:00,12/30/1899 7:45:00,"C- Minor Injury","F- Driver",30.00,"Female","K- Private Cars;W-Pedal Cycle","S- Driver's Negligence",2.00
6930,27360.00,"6- East Berbice- Corentyne",772,"Fort Canje Public Rd.","EAST COAST BERBICE ROAD (From New Amsterdam)","-57.5167","6.2667",,,9/23/2008 0:00:00,12/30/1899 18:10:00,"B- Serious Injury","G- Rider",65.00,"Male","M- Hire Cars;W-Pedal Cycle","U- Cyclist's Negligence",4.00
6931,27361.00,"6- East Berbice- Corentyne",1162,"Main & Essex St.","New Amsterdam-East Berbice- Corentyne","-57.5185","6.2474",,,9/24/2008 0:00:00,,"D- Property Damage","G- Rider",,"Male","K- Private Cars;W-Pedal Cycle","U- Cyclist's Negligence",2.00
6932,27362.00,"6- East Berbice- Corentyne",1163,"Matthew Allen Public Rd.","New Amsterdam-East Berbice- Corentyne","-57.5216","6.2498",,,9/25/2008 0:00:00,12/30/1899 14:55:00,"C- Minor Injury","F- Driver",81.00,"Male","J- Minibus","S- Driver's Negligence",2.00
6933,27363.00,"6- East Berbice- Corentyne",775,"Sheet Anchor Public Rd.","EAST COAST BERBICE ROAD (From New Amsterdam)","-57.5000","6.2667",,,9/24/2008 0:00:00,12/30/1899 23:30:00,"D- Property Damage","F- Driver",28.00,"Male","K- Private Cars","Y- Animal",1.00
6934,27364.00,"6- East Berbice- Corentyne",783,"Susannah Public Rd.","EAST COAST BERBICE ROAD (From New Amsterdam)","-57.4667","6.2833",,,9/24/2008 0:00:00,12/30/1899 20:30:00,"D- Property Damage","F- Driver",,"Male","K- Private Cars","Y- Animal",1.00
6935,27365.00,"6- East Berbice- Corentyne",777,"Palmyra Public Rd.","EAST COAST BERBICE ROAD (From New Amsterdam)","-57.5000","6.2833",,,9/25/2008 0:00:00,12/30/1899 16:00:00,"C- Minor Injury","F- Driver",52.00,"Male","N- Pickup;W-Pedal Cycle","S- Driver's Negligence",2.00
6936,27366.00,"6- East Berbice- Corentyne",1162,"Church St.","New Amsterdam-East Berbice- Corentyne","-57.5185","6.2474",,,9/26/2008 0:00:00,12/30/1899 8:30:00,"C- Minor Injury","E- Pedestrian",46.00,"Female","K- Private Cars","T-Pedestrian's Negligence",2.00
6937,27367.00,"6- East Berbice- Corentyne",776,"Cumberland Public Rd.","EAST COAST BERBICE ROAD (From New Amsterdam)","-57.5000","6.2667",,,10/1/2008 0:00:00,12/30/1899 7:00:00,"C- Minor Injury","G- Rider",28.00,"Male","M- Hire Cars;W-Pedal Cycle","U- Cyclist's Negligence",2.00
6938,27368.00,"6- East Berbice- Corentyne",777,"Palmyra Public Rd.","EAST COAST BERBICE ROAD (From New Amsterdam)","-57.5000","6.2833",,,10/8/2008 0:00:00,12/30/1899 19:30:00,"C- Minor Injury","G- Rider",50.00,"Male","K- Private Cars;W-Pedal Cycle","U- Cyclist's Negligence",2.00
6939,27369.00,"6- East Berbice- Corentyne",772,"Fort Canje Public Rd.","EAST COAST BERBICE ROAD (From New Amsterdam)","-57.5167","6.2667",,,10/9/2008 0:00:00,12/30/1899 0:30:00,"B- Serious Injury","F- Driver",28.00,"Male","K- Private Cars","S- Driver's Negligence",2.00
6940,27370.00,"6- East Berbice- Corentyne",682,"Providence Public Rd.","RIGHT BANK BERBICE RIVER (From New Amsterdam)","-57.5167","6.2167",,,10/24/2008 0:00:00,12/30/1899 14:35:00,"A- Fatal","F- Driver",,"Male","L- Lorries Van","S- Driver's Negligence",3.00