"ID","Accident ID","Region Number","Corridor ID","Location (Intersection/Road/Street)","Corridor","Location- longitude/ X","Location- latitude/  Y","Mile Marker","Village","Date of Accident","Time of Accident","Type of Accident","Class of Road User","Age/DOB","Gender","Class of Vehicles Involved","Contributing Factor","Number of Persons Involved"
6941,27371.00,"6- East Berbice- Corentyne",775,"Sheet Anchor Public Rd.","EAST COAST BERBICE ROAD (From New Amsterdam)","-57.5000","6.2667",,,11/4/2008 0:00:00,12/30/1899 16:45:00,"B- Serious Injury","F- Driver",33.00,"Male","K- Private Cars","S- Driver's Negligence",2.00
6942,27372.00,"6- East Berbice- Corentyne",780,"Lewis Manor Public Rd.","EAST COAST BERBICE ROAD (From New Amsterdam)","-57.4833","6.2833",,,11/4/2008 0:00:00,12/30/1899 18:00:00,"B- Serious Injury","F- Driver",38.00,"Male","N- Pickup","S- Driver's Negligence",2.00
6943,27373.00,"6- East Berbice- Corentyne",1162,"Main Rd.","New Amsterdam-East Berbice- Corentyne","-57.5185","6.2474",,,11/9/2008 0:00:00,12/30/1899 22:55:00,"B- Serious Injury","F- Driver",55.00,"Male","K- Private Cars","S- Driver's Negligence",2.00
6944,27374.00,"6- East Berbice- Corentyne",777,"Palmyra Public Rd.","EAST COAST BERBICE ROAD (From New Amsterdam)","-57.5000","6.2833",,,11/5/2008 0:00:00,12/30/1899 22:50:00,"C- Minor Injury","G- Rider",29.00,"Male","K- Private Cars;W-Pedal Cycle","U- Cyclist's Negligence",2.00
6945,27375.00,"6- East Berbice- Corentyne",781,"#11 Public Rd.","EAST COAST BERBICE ROAD (From New Amsterdam)","-57.4833","6.2833",,,11/6/2008 0:00:00,,"D- Property Damage","F- Driver",,"Male","J- Minibus","Y- Animal",1.00
6946,27376.00,"6- East Berbice- Corentyne",679,"Stanleytown Public Rd.","RIGHT BANK BERBICE RIVER (From New Amsterdam)","-57.5167","6.2333",,,11/10/2008 0:00:00,12/30/1899 7:45:00,"C- Minor Injury","F- Driver",39.00,"Male","M- Hire Cars","S- Driver's Negligence",3.00
6947,27377.00,"6- East Berbice- Corentyne",731,"Canefield Public Rd.","RIGHT BANK CANJE RIVER (From New Amsterdam)","-57.4833","6.2500",,,11/23/2008 0:00:00,12/30/1899 10:30:00,"C- Minor Injury","F- Driver",26.00,"Male","K- Private Cars","S- Driver's Negligence",2.00
6948,27378.00,"6- East Berbice- Corentyne",776,"Cumberland Public Rd.","EAST COAST BERBICE ROAD (From New Amsterdam)","-57.5000","6.2667",,,11/24/2008 0:00:00,12/30/1899 13:10:00,"D- Property Damage","F- Driver",38.00,"Male","K- Private Cars","Y- Animal",1.00
6949,27379.00,"6- East Berbice- Corentyne",775,"Sheet Anchor Public Rd.","EAST COAST BERBICE ROAD (From New Amsterdam)","-57.5000","6.2667",,,11/28/2008 0:00:00,12/30/1899 16:30:00,"A- Fatal","F- Driver",57.00,"Male","W-Pedal Cycle;X-Tractor","S- Driver's Negligence",2.00
6950,27380.00,"6- East Berbice- Corentyne",1162,"Poke & Republic Rd.","New Amsterdam-East Berbice- Corentyne","-57.5185","6.2474",,,12/2/2008 0:00:00,,"C- Minor Injury","F- Driver",27.00,"Male","N- Pickup;W-Pedal Cycle","S- Driver's Negligence",2.00
6951,27381.00,"6- East Berbice- Corentyne",777,"Palmyra Public Rd.","EAST COAST BERBICE ROAD (From New Amsterdam)","-57.5000","6.2833",,,12/11/2008 0:00:00,12/30/1899 7:30:00,"C- Minor Injury","E- Pedestrian",15.00,"Male","J- Minibus","T-Pedestrian's Negligence",2.00
6952,27382.00,"6- East Berbice- Corentyne",679,"Stanleytown Public Rd.","RIGHT BANK BERBICE RIVER (From New Amsterdam)","-57.5167","6.2333",,,12/14/2008 0:00:00,12/30/1899 14:45:00,"B- Serious Injury","G- Rider",,"Male","V-Motor Cycle","U- Cyclist's Negligence",2.00
6953,27383.00,"6- East Berbice- Corentyne",772,"Fort Canje Public Rd.","EAST COAST BERBICE ROAD (From New Amsterdam)","-57.5167","6.2667",,,12/21/2008 0:00:00,12/30/1899 6:00:00,"B- Serious Injury","F- Driver",24.00,"Male","K- Private Cars","P- Speeding",2.00
6954,27384.00,"6- East Berbice- Corentyne",772,"Fort Canje Public Rd.","EAST COAST BERBICE ROAD (From New Amsterdam)","-57.5167","6.2667",,,12/31/2008 0:00:00,12/30/1899 10:45:00,"B- Serious Injury","F- Driver",47.00,"Male","J- Minibus;W-Pedal Cycle","P- Speeding",2.00
6955,27385.00,"6- East Berbice- Corentyne",775,"Sheet Anchor Public Rd.","EAST COAST BERBICE ROAD (From New Amsterdam)","-57.5000","6.2667",,,1/5/2009 0:00:00,12/30/1899 16:10:00,"C- Minor Injury","F- Driver",44.00,"Male","L- Lorries Van","S- Driver's Negligence",2.00
6956,27386.00,"6- East Berbice- Corentyne",1173,"Strand Public Rd.","New Amsterdam-East Berbice- Corentyne","-57.5210","6.2463",,,1/16/2009 0:00:00,12/30/1899 13:30:00,"D- Property Damage","F- Driver",25.00,"Male","K- Private Cars;M- Hire Cars","S- Driver's Negligence",2.00
6957,27387.00,"6- East Berbice- Corentyne",781,"#11 Public Rd.","EAST COAST BERBICE ROAD (From New Amsterdam)","-57.4833","6.2833",,,1/17/2009 0:00:00,12/30/1899 19:30:00,"A- Fatal","F- Driver",20.00,"Female","K- Private Cars;L- Lorries Van","S- Driver's Negligence",2.00
6958,27388.00,"6- East Berbice- Corentyne",1162,"Main Rd.","New Amsterdam-East Berbice- Corentyne","-57.5185","6.2474",,,1/16/2009 0:00:00,12/30/1899 16:30:00,"C- Minor Injury","E- Pedestrian",40.00,"Male","V-Motor Cycle","T-Pedestrian's Negligence",2.00
6959,30949.00,"6- East Berbice- Corentyne",734,"Adelphi Public Rd.","RIGHT BANK CANJE RIVER (From New Amsterdam)","-57.4833","6.2333",,,1/24/2009 0:00:00,12/30/1899 7:36:00,"B- Serious Injury","G- Rider",40.00,"Male","M- Hire Cars;V-Motor Cycle","U- Cyclist's Negligence",2.00
6960,30950.00,"6- East Berbice- Corentyne",775,"Sheet Anchor Public Rd.","EAST COAST BERBICE ROAD (From New Amsterdam)","-57.5000","6.2667",,,1/30/2009 0:00:00,12/30/1899 20:45:00,"A- Fatal","F- Driver",20.00,"Male","K- Private Cars","P- Speeding",2.00
6961,30951.00,"6- East Berbice- Corentyne",1168,"Princess Eliz & Vryheid Public Rd.","New Amsterdam-East Berbice- Corentyne","-57.5178","6.2514",,,2/6/2009 0:00:00,12/30/1899 8:30:00,"C- Minor Injury","F- Driver",29.00,"Male","K- Private Cars;W-Pedal Cycle","S- Driver's Negligence",2.00
6962,30952.00,"6- East Berbice- Corentyne",1143,"Berbice River Bridge","New Amsterdam-East Berbice- Corentyne","-57.5289","6.2810",,,2/22/2009 0:00:00,12/30/1899 15:45:00,"C- Minor Injury","F- Driver",60.00,"Male","J- Minibus;L- Lorries Van","S- Driver's Negligence",2.00
6963,30953.00,"6- East Berbice- Corentyne",777,"Palmyra Public Rd.","EAST COAST BERBICE ROAD (From New Amsterdam)","-57.5000","6.2833",,,2/26/2009 0:00:00,12/30/1899 0:25:00,"D- Property Damage","F- Driver",29.00,"Male","K- Private Cars","O- Lost Control & Runoff",1.00
6964,30954.00,"6- East Berbice- Corentyne",776,"Cumberland Public Rd.","EAST COAST BERBICE ROAD (From New Amsterdam)","-57.5000","6.2667",,,3/5/2009 0:00:00,12/30/1899 16:30:00,"C- Minor Injury","G- Rider",23.00,"Male","V-Motor Cycle;W-Pedal Cycle","O- Lost Control & Runoff",2.00
6965,30955.00,"6- East Berbice- Corentyne",1162,"Fattle Public Rd.","New Amsterdam-East Berbice- Corentyne","-57.5185","6.2474",,,3/7/2009 0:00:00,12/30/1899 23:05:00,"C- Minor Injury","G- Rider",23.00,"Male","N- Pickup;W-Pedal Cycle","U- Cyclist's Negligence",2.00
6966,30956.00,"6- East Berbice- Corentyne",752,"Mount Sinai Public Rd.","LEFT BANK CANJE RIVER (From New Amsterdam)","-57.5167","6.2333",,,3/15/2009 0:00:00,12/30/1899 8:45:00,"C- Minor Injury","F- Driver",39.00,"Male","K- Private Cars","O- Lost Control & Runoff",1.00
6967,30957.00,"6- East Berbice- Corentyne",780,"Lewis Manor Public Rd.","EAST COAST BERBICE ROAD (From New Amsterdam)","-57.4833","6.2833",,,3/19/2009 0:00:00,12/30/1899 18:55:00,"B- Serious Injury","F- Driver",27.00,"Male","K- Private Cars;W-Pedal Cycle","S- Driver's Negligence",2.00
6968,30958.00,"6- East Berbice- Corentyne",1162,"Main St. New Amsterdam","New Amsterdam-East Berbice- Corentyne","-57.5185","6.2474",,,3/27/2009 0:00:00,12/30/1899 21:00:00,"D- Property Damage","F- Driver",46.00,"Male","K- Private Cars","Y- Animal",1.00
6969,30959.00,"6- East Berbice- Corentyne",776,"# 2 Public Rd.","EAST COAST BERBICE ROAD (From New Amsterdam)","-57.5000","6.2667",,,3/29/2009 0:00:00,12/30/1899 12:15:00,"D- Property Damage","F- Driver",36.00,"Male","K- Private Cars;N- Pickup","S- Driver's Negligence",2.00
6970,30960.00,"6- East Berbice- Corentyne",680,"Stanleytown Public Rd.","RIGHT BANK BERBICE RIVER (From New Amsterdam)","-57.5167","6.2333",,,3/30/2009 0:00:00,12/30/1899 8:35:00,"D- Property Damage","F- Driver",53.00,"Male","M- Hire Cars","O- Lost Control & Runoff",2.00
6971,30961.00,"6- East Berbice- Corentyne",775,"Sheet Anchor Public Rd.","EAST COAST BERBICE ROAD (From New Amsterdam)","-57.5000","6.2667",,,3/30/2009 0:00:00,12/30/1899 14:30:00,"D- Property Damage","F- Driver",,"Male","J- Minibus;N- Pickup","S- Driver's Negligence",2.00
6972,30962.00,"6- East Berbice- Corentyne",776,"# 2 Public Rd.","EAST COAST BERBICE ROAD (From New Amsterdam)","-57.5000","6.2667",,,4/1/2009 0:00:00,12/30/1899 13:00:00,"D- Property Damage","F- Driver",32.00,"Female","K- Private Cars;M- Hire Cars","P- Speeding",2.00
6973,30963.00,"6- East Berbice- Corentyne",785,"# 19 Public Rd.","EAST COAST BERBICE ROAD (From New Amsterdam)","-57.4500","6.2833",,,4/2/2009 0:00:00,12/30/1899 8:30:00,"D- Property Damage","F- Driver",37.00,"Male","L- Lorries Van","Y- Animal",1.00
6974,30964.00,"6- East Berbice- Corentyne",777,"Palmyra Public Rd.","EAST COAST BERBICE ROAD (From New Amsterdam)","-57.5000","6.2833",,,4/6/2009 0:00:00,12/30/1899 9:20:00,"D- Property Damage","F- Driver",30.00,"Male","L- Lorries Van;M- Hire Cars","S- Driver's Negligence",2.00
6975,30965.00,"6- East Berbice- Corentyne",775,"Sheet Anchor Public Rd.","EAST COAST BERBICE ROAD (From New Amsterdam)","-57.5000","6.2667",,,4/8/2009 0:00:00,12/30/1899 2:39:00,"D- Property Damage","F- Driver",52.00,"Male","K- Private Cars","Y- Animal",1.00
6976,30966.00,"6- East Berbice- Corentyne",777,"Palmyra Access Rd.","EAST COAST BERBICE ROAD (From New Amsterdam)","-57.5000","6.2833",,,4/8/2009 0:00:00,12/30/1899 19:55:00,"D- Property Damage","F- Driver",31.00,"Male","M- Hire Cars","Y- Animal",1.00
6977,30967.00,"6- East Berbice- Corentyne",777,"Palmyra Public Rd.","EAST COAST BERBICE ROAD (From New Amsterdam)","-57.5000","6.2833",,,4/13/2009 0:00:00,12/30/1899 20:10:00,"B- Serious Injury","F- Driver",59.00,"Female","M- Hire Cars","P- Speeding",2.00
6978,30968.00,"6- East Berbice- Corentyne",731,"Elizibeth Public Rd.","RIGHT BANK CANJE RIVER (From New Amsterdam)","-57.4833","6.2500",,,4/15/2009 0:00:00,12/30/1899 17:30:00,"D- Property Damage","F- Driver",26.00,"Male","M- Hire Cars","S- Driver's Negligence",2.00
6979,30969.00,"6- East Berbice- Corentyne",1144,"Berbice Bridge Access Rd.","New Amsterdam-East Berbice- Corentyne","-57.4881","6.2487",,,4/21/2009 0:00:00,12/30/1899 11:35:00,"D- Property Damage","F- Driver",37.00,"Male","K- Private Cars;L- Lorries Van","P- Speeding",2.00
6980,30970.00,"6- East Berbice- Corentyne",783,"Susannah Public Rd.","EAST COAST BERBICE ROAD (From New Amsterdam)","-57.4667","6.2833",,,4/28/2009 0:00:00,12/30/1899 15:20:00,"C- Minor Injury","G- Rider",36.00,"Male","K- Private Cars;W-Pedal Cycle","U- Cyclist's Negligence",2.00
6981,30971.00,"6- East Berbice- Corentyne",783,"Susannah Public Rd.","EAST COAST BERBICE ROAD (From New Amsterdam)","-57.4667","6.2833",,,4/30/2009 0:00:00,12/30/1899 13:30:00,"C- Minor Injury","G- Rider",15.00,"Male","K- Private Cars;W-Pedal Cycle","U- Cyclist's Negligence",2.00
6982,30972.00,"6- East Berbice- Corentyne",1162,"Main Rd. New Amsterdam","New Amsterdam-East Berbice- Corentyne","-57.5185","6.2474",,,5/2/2009 0:00:00,12/30/1899 19:20:00,"B- Serious Injury","F- Driver",19.00,"Male","K- Private Cars","P- Speeding",2.00
6983,30973.00,"6- East Berbice- Corentyne",783,"Susannah Public Rd.","EAST COAST BERBICE ROAD (From New Amsterdam)","-57.4667","6.2833",,,5/10/2003 0:00:00,12/30/1899 22:43:00,"C- Minor Injury","E- Pedestrian",42.00,"Male","M- Hire Cars","T-Pedestrian's Negligence",2.00
6984,30974.00,"6- East Berbice- Corentyne",779,"# 7 Public Rd.","EAST COAST BERBICE ROAD (From New Amsterdam)","-57.4833","6.2833",,,5/21/2009 0:00:00,12/30/1899 17:50:00,"A- Fatal","F- Driver",21.00,"Male","K- Private Cars","P- Speeding",2.00
6985,30975.00,"6- East Berbice- Corentyne",775,"Sheet Anchor Public Rd.","EAST COAST BERBICE ROAD (From New Amsterdam)","-57.5000","6.2667",,,5/23/2009 0:00:00,12/30/1899 23:45:00,"B- Serious Injury","F- Driver",44.00,"Male","K- Private Cars","Y- Animal",1.00
6986,30976.00,"6- East Berbice- Corentyne",1162,"Main Rd. New Amsterdam","New Amsterdam-East Berbice- Corentyne","-57.5185","6.2474",,,6/10/2009 0:00:00,12/30/1899 17:00:00,"C- Minor Injury","G- Rider",65.00,"Male","V-Motor Cycle","U- Cyclist's Negligence",2.00
6987,30977.00,"6- East Berbice- Corentyne",1173,"Strand Rd. New Amsterdam","New Amsterdam-East Berbice- Corentyne","-57.5210","6.2463",,,6/15/2009 0:00:00,12/30/1899 2:15:00,"B- Serious Injury","F- Driver",33.00,"Male","K- Private Cars;W-Pedal Cycle","S- Driver's Negligence",2.00
6988,30978.00,"6- East Berbice- Corentyne",775,"Sheet Anchor Public Rd.","EAST COAST BERBICE ROAD (From New Amsterdam)","-57.5000","6.2667",,,6/17/2009 0:00:00,12/30/1899 20:00:00,"D- Property Damage","F- Driver",57.00,"Male","K- Private Cars;N- Pickup","S- Driver's Negligence",2.00
6989,30979.00,"6- East Berbice- Corentyne",785,"# 19 Public Rd.","EAST COAST BERBICE ROAD (From New Amsterdam)","-57.4500","6.2833",,,6/17/2009 0:00:00,12/30/1899 18:15:00,"B- Serious Injury","F- Driver",27.00,"Male","K- Private Cars","O- Lost Control & Runoff",2.00
6990,30980.00,"6- East Berbice- Corentyne",776,"Cumberland Public Rd.","EAST COAST BERBICE ROAD (From New Amsterdam)","-57.5000","6.2667",,,6/20/2009 0:00:00,12/30/1899 16:00:00,"C- Minor Injury","E- Pedestrian",1.00,"Male",,,
6991,30981.00,"6- East Berbice- Corentyne",776,"Cumberland Public Rd.","EAST COAST BERBICE ROAD (From New Amsterdam)","-57.5000","6.2667",,,6/24/2009 0:00:00,12/30/1899 22:30:00,"D- Property Damage","F- Driver",,"Male","M- Hire Cars","Y- Animal",1.00
6992,30982.00,"6- East Berbice- Corentyne",773,"Canje Bridge","EAST COAST BERBICE ROAD (From New Amsterdam)","-57.5167","6.2667",,,6/27/2009 0:00:00,12/30/1899 19:00:00,"D- Property Damage","F- Driver",26.00,"Male","J- Minibus;K- Private Cars","S- Driver's Negligence",2.00
6993,30983.00,"6- East Berbice- Corentyne",785,"# 19 Public Rd.","EAST COAST BERBICE ROAD (From New Amsterdam)","-57.4500","6.2833",,,7/18/2009 0:00:00,12/30/1899 0:15:00,"C- Minor Injury","F- Driver",29.00,"Male","K- Private Cars","S- Driver's Negligence",2.00
6994,30984.00,"6- East Berbice- Corentyne",776,"Cumberland Public Rd.","EAST COAST BERBICE ROAD (From New Amsterdam)","-57.5000","6.2667",,,7/19/2009 0:00:00,12/30/1899 22:20:00,"C- Minor Injury","G- Rider",22.00,"Male","V-Motor Cycle","U- Cyclist's Negligence",1.00
6995,30985.00,"6- East Berbice- Corentyne",784,"Bohemia Public Rd.","EAST COAST BERBICE ROAD (From New Amsterdam)","-57.4667","6.2833",,,7/19/2009 0:00:00,12/30/1899 22:35:00,"C- Minor Injury","F- Driver",44.00,"Male","K- Private Cars","O- Lost Control & Runoff",2.00
6996,30986.00,"6- East Berbice- Corentyne",1144,"Berbice Bridge Access Rd.","New Amsterdam-East Berbice- Corentyne","-57.4881","6.2487",,,7/19/2009 0:00:00,12/30/1899 5:30:00,"D- Property Damage","F- Driver",47.00,"Male","K- Private Cars","Y- Animal",1.00
6997,30987.00,"6- East Berbice- Corentyne",734,"Adelphi Public Rd.","RIGHT BANK CANJE RIVER (From New Amsterdam)","-57.4833","6.2333",,,7/22/2009 0:00:00,12/30/1899 18:00:00,"C- Minor Injury","F- Driver",24.00,"Male","M- Hire Cars;W-Pedal Cycle","S- Driver's Negligence;U- Cyclist's Negligence",2.00
6998,30988.00,"6- East Berbice- Corentyne",777,"Palmyra Public Rd.","EAST COAST BERBICE ROAD (From New Amsterdam)","-57.5000","6.2833",,,7/23/2009 0:00:00,12/30/1899 19:00:00,"D- Property Damage","F- Driver",32.00,"Male","J- Minibus","Y- Animal",1.00
6999,30989.00,"6- East Berbice- Corentyne",1162,"Main Rd. New Amsterdam","New Amsterdam-East Berbice- Corentyne","-57.5185","6.2474",,,7/24/2009 0:00:00,12/30/1899 21:00:00,"C- Minor Injury","F- Driver",51.00,"Male","M- Hire Cars","S- Driver's Negligence",1.00
7000,30990.00,"6- East Berbice- Corentyne",777,"Palmyra Rd.","EAST COAST BERBICE ROAD (From New Amsterdam)","-57.5000","6.2833",,,7/26/2009 0:00:00,12/30/1899 22:00:00,"D- Property Damage","F- Driver",54.00,"Male","K- Private Cars","Y- Animal",1.00
7001,30991.00,"6- East Berbice- Corentyne",775,"Sheet Anchor Public Rd.","EAST COAST BERBICE ROAD (From New Amsterdam)","-57.5000","6.2667",,,7/31/2009 0:00:00,12/30/1899 8:15:00,"B- Serious Injury","F- Driver",38.00,"Male","K- Private Cars;L- Lorries Van","S- Driver's Negligence",3.00
7002,30992.00,"6- East Berbice- Corentyne",775,"Sheet Anchor Public Rd.","EAST COAST BERBICE ROAD (From New Amsterdam)","-57.5000","6.2667",,,7/31/2009 0:00:00,12/30/1899 9:00:00,"D- Property Damage","F- Driver",32.00,"Male","L- Lorries Van","O- Lost Control & Runoff",1.00
7003,30993.00,"6- East Berbice- Corentyne",731,"Canefield Public Rd.","RIGHT BANK CANJE RIVER (From New Amsterdam)","-57.4833","6.2500",,,8/9/2009 0:00:00,12/30/1899 15:30:00,"B- Serious Injury","F- Driver",39.00,"Female",,,2.00
7004,30994.00,"6- East Berbice- Corentyne",777,"Palmyra Public Rd.","EAST COAST BERBICE ROAD (From New Amsterdam)","-57.5000","6.2833",,,8/13/2009 0:00:00,12/30/1899 4:25:00,"D- Property Damage","F- Driver",43.00,"Male","M- Hire Cars","Y- Animal",1.00
7005,30995.00,"6- East Berbice- Corentyne",785,"# 19 Public Rd.","EAST COAST BERBICE ROAD (From New Amsterdam)","-57.4500","6.2833",,,8/17/2009 0:00:00,12/30/1899 12:10:00,"C- Minor Injury","F- Driver",25.00,"Male","K- Private Cars","S- Driver's Negligence",3.00
7006,30996.00,"6- East Berbice- Corentyne",1143,"Berbice Bridge","New Amsterdam-East Berbice- Corentyne","-57.5289","6.2810",,,8/18/2009 0:00:00,12/30/1899 14:20:00,"D- Property Damage","F- Driver",25.00,"Male","M- Hire Cars;N- Pickup","S- Driver's Negligence",2.00
7007,30997.00,"6- East Berbice- Corentyne",1144,"Berbice Bridge Access Rd.","New Amsterdam-East Berbice- Corentyne","-57.4881","6.2487",,,8/24/2009 0:00:00,12/30/1899 0:20:00,"D- Property Damage","F- Driver",55.00,"Male","K- Private Cars","Y- Animal",1.00
7008,30998.00,"6- East Berbice- Corentyne",790,"Mervil Public Rd.","EAST COAST BERBICE ROAD (From New Amsterdam)","-57.4333","6.3000",,,8/26/2009 0:00:00,12/30/1899 15:15:00,"C- Minor Injury","F- Driver",34.00,"Male","J- Minibus;K- Private Cars;M- Hire Cars","S- Driver's Negligence",4.00
7009,30999.00,"6- East Berbice- Corentyne",785,"# 19 Public Rd.","EAST COAST BERBICE ROAD (From New Amsterdam)","-57.4500","6.2833",,,8/30/2009 0:00:00,12/30/1899 16:30:00,"C- Minor Injury","F- Driver",39.00,"Male","K- Private Cars","O- Lost Control & Runoff",2.00
7010,31000.00,"6- East Berbice- Corentyne",805,"Belvidere Public Rd.","CORENTYNE COAST ROAD (Form New Amsterdam)","-57.3667","6.2667",,,9/3/2009 0:00:00,12/30/1899 16:45:00,"B- Serious Injury","F- Driver",39.00,"Female","M- Hire Cars;W-Pedal Cycle","S- Driver's Negligence",3.00
7011,31001.00,"6- East Berbice- Corentyne",777,"Palmyra Public Rd.","EAST COAST BERBICE ROAD (From New Amsterdam)","-57.5000","6.2833",,,9/14/2009 0:00:00,12/30/1899 12:25:00,"A- Fatal","G- Rider",40.00,"Male","L- Lorries Van;W-Pedal Cycle","U- Cyclist's Negligence",2.00
7012,31002.00,"6- East Berbice- Corentyne",773,"Canje Bridge","EAST COAST BERBICE ROAD (From New Amsterdam)","-57.5167","6.2667",,,9/9/2009 0:00:00,12/30/1899 16:05:00,"C- Minor Injury","G- Rider",55.00,"Female","V-Motor Cycle;W-Pedal Cycle","U- Cyclist's Negligence",2.00
7013,31003.00,"6- East Berbice- Corentyne",783,"Susannah Public Rd.","EAST COAST BERBICE ROAD (From New Amsterdam)","-57.4667","6.2833",,,9/15/2009 0:00:00,12/30/1899 17:00:00,"D- Property Damage","F- Driver",38.00,"Male","J- Minibus;M- Hire Cars","S- Driver's Negligence",2.00
7014,31004.00,"6- East Berbice- Corentyne",680,"Stanleytown Public Rd.","RIGHT BANK BERBICE RIVER (From New Amsterdam)","-57.5167","6.2333",,,9/25/2009 0:00:00,12/30/1899 7:20:00,"C- Minor Injury","F- Driver",39.00,"Male","K- Private Cars;M- Hire Cars","R- Improper Overtaking",4.00
7015,31005.00,"6- East Berbice- Corentyne",790,"Mervil Public Rd.","EAST COAST BERBICE ROAD (From New Amsterdam)","-57.4333","6.3000",,,9/26/2009 0:00:00,12/30/1899 19:00:00,"C- Minor Injury","F- Driver",20.00,"Male","L- Lorries Van","Y- Animal",2.00
7016,31006.00,"6- East Berbice- Corentyne",808,"Rose Hall Public Rd.","CORENTYNE COAST ROAD (Form New Amsterdam)","-57.3500","6.2500",,,10/14/2009 0:00:00,12/30/1899 0:10:00,"C- Minor Injury","G- Rider",,"Male","M- Hire Cars;V-Motor Cycle","U- Cyclist's Negligence",2.00
7017,31007.00,"6- East Berbice- Corentyne",1169,"Republic Rd. New Amsterdam","New Amsterdam-East Berbice- Corentyne","-57.5137","6.2528",,,10/10/2009 0:00:00,12/30/1899 13:45:00,"C- Minor Injury","F- Driver",32.00,"Male","M- Hire Cars;V-Motor Cycle","S- Driver's Negligence",2.00
7018,31008.00,"6- East Berbice- Corentyne",688,"Rotterdam Public Rd.","RIGHT BANK BERBICE RIVER (From New Amsterdam)","-57.5333","6.1833",,,10/16/2009 0:00:00,12/30/1899 17:00:00,"B- Serious Injury","G- Rider",49.00,"Male","M- Hire Cars;V-Motor Cycle","U- Cyclist's Negligence",2.00
7019,31009.00,"6- East Berbice- Corentyne",776,"Cumberland Public Rd.","EAST COAST BERBICE ROAD (From New Amsterdam)","-57.5000","6.2667",,,10/17/2009 0:00:00,12/30/1899 18:30:00,"D- Property Damage","F- Driver",21.00,"Male","K- Private Cars","O- Lost Control & Runoff",2.00
7020,31010.00,"6- East Berbice- Corentyne",755,"Lochaber Public Rd.","LEFT BANK CANJE RIVER (From New Amsterdam)","-57.4833","6.2333",,,10/16/2009 0:00:00,,"D- Property Damage","F- Driver",,"Male","K- Private Cars","S- Driver's Negligence",1.00
7021,31011.00,"6- East Berbice- Corentyne",782,"Hermitage Public Rd.","EAST COAST BERBICE ROAD (From New Amsterdam)","-57.4667","6.2833",,,10/20/2009 0:00:00,12/30/1899 19:30:00,"B- Serious Injury","F- Driver",42.00,"Male","K- Private Cars;X-Tractor","S- Driver's Negligence",2.00
7022,31012.00,"6- East Berbice- Corentyne",1177,"Winkle Rd. New Amsterdam","New Amsterdam-East Berbice- Corentyne","-57.5115","6.2527",,,10/16/2009 0:00:00,12/30/1899 21:55:00,"C- Minor Injury","F- Driver",56.00,"Male","M- Hire Cars","S- Driver's Negligence",2.00
7023,31013.00,"6- East Berbice- Corentyne",731,"Canefield Public Rd.","RIGHT BANK CANJE RIVER (From New Amsterdam)","-57.4833","6.2500",,,10/26/2009 0:00:00,12/30/1899 12:30:00,"B- Serious Injury","G- Rider",16.00,"Female","K- Private Cars;W-Pedal Cycle","U- Cyclist's Negligence",2.00
7024,31014.00,"6- East Berbice- Corentyne",680,"Stanleytown Public Rd.","RIGHT BANK BERBICE RIVER (From New Amsterdam)","-57.5167","6.2333",,,10/27/2009 0:00:00,12/30/1899 15:45:00,"C- Minor Injury","F- Driver",45.00,"Male","M- Hire Cars","S- Driver's Negligence",6.00
7025,31015.00,"6- East Berbice- Corentyne",751,"Vryheid Public Rd.","LEFT BANK CANJE RIVER (From New Amsterdam)","-57.5167","6.2500",,,11/5/2009 0:00:00,12/30/1899 19:05:00,"B- Serious Injury","F- Driver",25.00,"Male","K- Private Cars;W-Pedal Cycle","Q- Alcohol;S- Driver's Negligence",3.00
7026,31016.00,"6- East Berbice- Corentyne",777,"Palmyra Public Rd.","EAST COAST BERBICE ROAD (From New Amsterdam)","-57.5000","6.2833",,,11/6/2009 0:00:00,12/30/1899 18:45:00,"D- Property Damage","F- Driver",26.00,"Male","K- Private Cars","Y- Animal",1.00
7027,31017.00,"6- East Berbice- Corentyne",781,"# 11 Public Rd.","EAST COAST BERBICE ROAD (From New Amsterdam)","-57.4833","6.2833",,,11/9/2009 0:00:00,12/30/1899 17:00:00,"D- Property Damage","F- Driver",52.00,"Male","K- Private Cars;L- Lorries Van","S- Driver's Negligence",2.00
7028,31018.00,"6- East Berbice- Corentyne",737,"Gangaram Public Rd.","RIGHT BANK CANJE RIVER (From New Amsterdam)","-57.4667","6.2167",,,,12/30/1899 22:30:00,"A- Fatal","H- Passenger",24.00,"Male","M- Hire Cars",,2.00
7029,31019.00,"6- East Berbice- Corentyne",731,"West Canefield Public Rd.","RIGHT BANK CANJE RIVER (From New Amsterdam)","-57.4833","6.2500",,,11/26/2009 0:00:00,12/30/1899 18:00:00,"D- Property Damage","F- Driver",35.00,"Male","M- Hire Cars","S- Driver's Negligence",2.00
7030,31020.00,"6- East Berbice- Corentyne",777,"Palmyra Public Rd.","EAST COAST BERBICE ROAD (From New Amsterdam)","-57.5000","6.2833",,,12/23/2009 0:00:00,12/30/1899 18:30:00,"D- Property Damage","F- Driver",42.00,"Male","J- Minibus","Y- Animal",1.00
7031,31021.00,"6- East Berbice- Corentyne",1162,"Main Rd. New Amsterdam","New Amsterdam-East Berbice- Corentyne","-57.5185","6.2474",,,12/30/2009 0:00:00,12/30/1899 0:15:00,"B- Serious Injury","G- Rider",30.00,"Male","V-Motor Cycle","Q- Alcohol",2.00