"ID","Accident ID","Region Number","Corridor ID","Location (Intersection/Road/Street)","Corridor","Location- longitude/ X","Location- latitude/  Y","Mile Marker","Village","Date of Accident","Time of Accident","Type of Accident","Class of Road User","Age/DOB","Gender","Class of Vehicles Involved","Contributing Factor","Number of Persons Involved"
7032,31022.00,"6- East Berbice- Corentyne",776,"Cumberland Public Rd.","EAST COAST BERBICE ROAD (From New Amsterdam)","-57.5000","6.2667",,,12/12/2009 0:00:00,12/30/1899 14:15:00,"B- Serious Injury","F- Driver",56.00,"Male","M- Hire Cars;V-Motor Cycle","S- Driver's Negligence",2.00
7033,31023.00,"6- East Berbice- Corentyne",1162,"Main St. New Amsterdam","New Amsterdam-East Berbice- Corentyne","-57.5185","6.2474",,,12/12/2009 0:00:00,12/30/1899 15:00:00,"C- Minor Injury","F- Driver",32.00,"Female","K- Private Cars;V-Motor Cycle","S- Driver's Negligence",3.00
7034,31024.00,"6- East Berbice- Corentyne",775,"Sheet Anchor Public Rd.","EAST COAST BERBICE ROAD (From New Amsterdam)","-57.5000","6.2667",,,12/11/2009 0:00:00,12/30/1899 14:50:00,"C- Minor Injury","F- Driver",34.00,"Male","J- Minibus;V-Motor Cycle","S- Driver's Negligence",2.00
7035,31025.00,"6- East Berbice- Corentyne",1162,"Main Rd. New Amsterdam","New Amsterdam-East Berbice- Corentyne","-57.5185","6.2474",,,1/1/2010 0:00:00,12/30/1899 19:45:00,"B- Serious Injury","G- Rider",,"Male","V-Motor Cycle;W-Pedal Cycle","U- Cyclist's Negligence",2.00
7036,31026.00,"6- East Berbice- Corentyne",781,"# 11 Public Rd.","EAST COAST BERBICE ROAD (From New Amsterdam)","-57.4833","6.2833",,,1/16/2010 0:00:00,12/30/1899 23:15:00,"C- Minor Injury","F- Driver",38.00,"Male","M- Hire Cars","Y- Animal",1.00
7037,31027.00,"6- East Berbice- Corentyne",787,"Dunrobin Public Rd.","EAST COAST BERBICE ROAD (From New Amsterdam)","-57.4500","6.2667",,,1/9/2010 0:00:00,12/30/1899 21:45:00,"D- Property Damage","F- Driver",,"Male","N- Pickup","O- Lost Control & Runoff",1.00
7038,31028.00,"6- East Berbice- Corentyne",1162,"New Amsterdam Public Rd.","New Amsterdam-East Berbice- Corentyne","-57.5185","6.2474",,,1/21/2010 0:00:00,12/30/1899 21:15:00,"B- Serious Injury","G- Rider",24.00,"Male","V-Motor Cycle","U- Cyclist's Negligence",1.00
7039,31029.00,"6- East Berbice- Corentyne",775,"Sheet Anchor","EAST COAST BERBICE ROAD (From New Amsterdam)","-57.5000","6.2667",,,1/23/2010 0:00:00,12/30/1899 20:45:00,"B- Serious Injury","F- Driver",50.00,"Male","K- Private Cars","S- Driver's Negligence",2.00
7040,31030.00,"6- East Berbice- Corentyne",1162,"Main St. New Amsterdam","New Amsterdam-East Berbice- Corentyne","-57.5185","6.2474",,,1/31/2010 0:00:00,12/30/1899 20:00:00,"D- Property Damage","F- Driver",44.00,"Male","K- Private Cars;M- Hire Cars","S- Driver's Negligence",2.00
7041,31031.00,"6- East Berbice- Corentyne",773,"Fort Canje Bridge","EAST COAST BERBICE ROAD (From New Amsterdam)","-57.5167","6.2667",,,1/23/2010 0:00:00,12/30/1899 9:00:00,"C- Minor Injury","F- Driver",33.00,"Male","M- Hire Cars;V-Motor Cycle","S- Driver's Negligence",2.00
7042,31032.00,"6- East Berbice- Corentyne",772,"Betsy Ground Public Rd.","EAST COAST BERBICE ROAD (From New Amsterdam)","-57.5167","6.2667",,,1/27/2010 0:00:00,12/30/1899 15:00:00,"D- Property Damage","F- Driver",25.00,"Male","K- Private Cars;M- Hire Cars","S- Driver's Negligence",2.00
7043,31033.00,"6- East Berbice- Corentyne",787,"Dunrobin Public Rd.","EAST COAST BERBICE ROAD (From New Amsterdam)","-57.4500","6.2667",,,2/2/2010 0:00:00,12/30/1899 4:12:00,"D- Property Damage","F- Driver",41.00,"Male","L- Lorries Van","O- Lost Control & Runoff",2.00
7044,31034.00,"6- East Berbice- Corentyne",1162,"Main Rd. New Amsterdam","New Amsterdam-East Berbice- Corentyne","-57.5185","6.2474",,,2/2/2010 0:00:00,12/30/1899 22:05:00,"D- Property Damage","F- Driver",28.00,"Male","K- Private Cars;M- Hire Cars","S- Driver's Negligence",2.00
7045,31035.00,"6- East Berbice- Corentyne",775,"Sheet Anchor Public Rd.","EAST COAST BERBICE ROAD (From New Amsterdam)","-57.5000","6.2667",,,2/5/2010 0:00:00,12/30/1899 13:30:00,"D- Property Damage","F- Driver",31.00,"Male","L- Lorries Van","S- Driver's Negligence",2.00
7046,31036.00,"6- East Berbice- Corentyne",731,"Canefield Public Rd.","RIGHT BANK CANJE RIVER (From New Amsterdam)","-57.4833","6.2500",,,2/10/2010 0:00:00,12/30/1899 9:00:00,"B- Serious Injury","G- Rider",58.00,"Male","M- Hire Cars;V-Motor Cycle","U- Cyclist's Negligence",2.00
7047,31037.00,"6- East Berbice- Corentyne",1162,"Main St. New Amsterdam","New Amsterdam-East Berbice- Corentyne","-57.5185","6.2474",,,2/14/2010 0:00:00,12/30/1899 10:20:00,"B- Serious Injury","G- Rider",15.00,"Male","M- Hire Cars;W-Pedal Cycle","U- Cyclist's Negligence",2.00
7048,31038.00,"6- East Berbice- Corentyne",1168,"Princess Elizabeth Public Rd.","New Amsterdam-East Berbice- Corentyne","-57.5178","6.2514",,,3/1/2010 0:00:00,12/30/1899 22:20:00,"C- Minor Injury","F- Driver",44.00,"Male","M- Hire Cars;X-Tractor","S- Driver's Negligence",2.00
7049,31039.00,"6- East Berbice- Corentyne",1173,"Strand Rd. New Amsterdam","New Amsterdam-East Berbice- Corentyne","-57.5210","6.2463",,,3/9/2010 0:00:00,12/30/1899 13:05:00,"D- Property Damage","F- Driver",41.00,"Male","K- Private Cars;X-Tractor","S- Driver's Negligence",2.00
7050,31040.00,"6- East Berbice- Corentyne",788,"Industry Public Rd.","EAST COAST BERBICE ROAD (From New Amsterdam)","-57.4333","6.3000",,,3/10/2010 0:00:00,12/30/1899 19:30:00,"D- Property Damage","F- Driver",32.00,"Male","J- Minibus","Y- Animal",1.00
7051,31041.00,"6- East Berbice- Corentyne",1162,"Main St. New Amsterdam","New Amsterdam-East Berbice- Corentyne","-57.5185","6.2474",,,3/16/2010 0:00:00,12/30/1899 15:30:00,"D- Property Damage","F- Driver",42.00,"Male","L- Lorries Van;M- Hire Cars","S- Driver's Negligence",2.00
7052,31042.00,"6- East Berbice- Corentyne",1157,"Pope St. & Main St. New Amsterdam","New Amsterdam-East Berbice- Corentyne","-57.5197","6.2442",,,3/18/2010 0:00:00,12/30/1899 11:45:00,"C- Minor Injury","F- Driver",35.00,"Male","L- Lorries Van","S- Driver's Negligence",2.00
7053,31043.00,"6- East Berbice- Corentyne",1173,"Strand Rd. New Amsterdam","New Amsterdam-East Berbice- Corentyne","-57.5210","6.2463",,,3/25/2010 0:00:00,12/30/1899 2:40:00,"B- Serious Injury","F- Driver",25.00,"Male","M- Hire Cars","O- Lost Control & Runoff",1.00
7054,31044.00,"6- East Berbice- Corentyne",680,"Stanleytown Public Rd.","RIGHT BANK BERBICE RIVER (From New Amsterdam)","-57.5167","6.2333",,,3/25/2010 0:00:00,12/30/1899 9:55:00,"C- Minor Injury","F- Driver",44.00,"Male","N- Pickup;W-Pedal Cycle","S- Driver's Negligence",2.00
7055,31045.00,"6- East Berbice- Corentyne",1162,"New Amsterdam Public Rd.","New Amsterdam-East Berbice- Corentyne","-57.5185","6.2474",,,4/5/2010 0:00:00,12/30/1899 20:10:00,"B- Serious Injury","E- Pedestrian",39.00,"Male","K- Private Cars","T-Pedestrian's Negligence",2.00
7056,31046.00,"6- East Berbice- Corentyne",773,"Fort Canje Bridge","EAST COAST BERBICE ROAD (From New Amsterdam)","-57.5167","6.2667",,,3/26/2010 0:00:00,12/30/1899 18:49:00,"D- Property Damage","F- Driver",57.00,"Male","M- Hire Cars;N- Pickup","S- Driver's Negligence",2.00
7057,31047.00,"6- East Berbice- Corentyne",773,"Fort Canje Bridge","EAST COAST BERBICE ROAD (From New Amsterdam)","-57.5167","6.2667",,,4/5/2010 0:00:00,12/30/1899 22:00:00,"D- Property Damage","F- Driver",34.00,"Male","J- Minibus;K- Private Cars","S- Driver's Negligence",2.00
7058,31048.00,"6- East Berbice- Corentyne",775,"Sheet Anchor Public Rd.","EAST COAST BERBICE ROAD (From New Amsterdam)","-57.5000","6.2667",,,4/10/2010 0:00:00,12/30/1899 18:30:00,"D- Property Damage","F- Driver",,"Male","K- Private Cars;L- Lorries Van","S- Driver's Negligence",2.00
7059,31049.00,"6- East Berbice- Corentyne",784,"Bohemia Public Rd.","EAST COAST BERBICE ROAD (From New Amsterdam)","-57.4667","6.2833",,,4/12/2010 0:00:00,12/30/1899 5:30:00,"B- Serious Injury","F- Driver",32.00,"Male","L- Lorries Van","O- Lost Control & Runoff",1.00
7060,31050.00,"6- East Berbice- Corentyne",772,"East Canje","EAST COAST BERBICE ROAD (From New Amsterdam)","-57.5167","6.2667",,,4/4/2010 0:00:00,12/30/1899 17:30:00,"D- Property Damage","F- Driver",30.00,"Male","K- Private Cars","S- Driver's Negligence",2.00
7061,31051.00,"6- East Berbice- Corentyne",1162,"Main St. New Amsterdam","New Amsterdam-East Berbice- Corentyne","-57.5185","6.2474",,,4/15/2010 0:00:00,12/30/1899 19:30:00,"D- Property Damage","F- Driver",28.00,"Male","K- Private Cars","Y- Animal",1.00
7062,31052.00,"6- East Berbice- Corentyne",731,"Canefield Public Rd.","RIGHT BANK CANJE RIVER (From New Amsterdam)","-57.4833","6.2500",,,4/18/2010 0:00:00,12/30/1899 19:42:00,"D- Property Damage","F- Driver",32.00,"Male","K- Private Cars","Y- Animal",1.00
7063,31053.00,"6- East Berbice- Corentyne",751,"Vryheid Public Rd.","LEFT BANK CANJE RIVER (From New Amsterdam)","-57.5167","6.2500",,,4/8/2010 0:00:00,12/30/1899 18:15:00,"B- Serious Injury","G- Rider",21.00,"Male","L- Lorries Van;V-Motor Cycle","U- Cyclist's Negligence",2.00
7064,31054.00,"6- East Berbice- Corentyne",808,"Rose Hall Canje Public Rd.","CORENTYNE COAST ROAD (Form New Amsterdam)","-57.3500","6.2500",,,4/18/2010 0:00:00,12/30/1899 22:30:00,"A- Fatal","F- Driver",25.00,"Male","N- Pickup;V-Motor Cycle","S- Driver's Negligence",3.00
7065,31055.00,"6- East Berbice- Corentyne",1173,"Strand Rd. New Amsterdam","New Amsterdam-East Berbice- Corentyne","-57.5210","6.2463",,,4/27/2010 0:00:00,12/30/1899 16:18:00,"C- Minor Injury","G- Rider",48.00,"Male","M- Hire Cars;W-Pedal Cycle","U- Cyclist's Negligence",2.00
7066,31056.00,"6- East Berbice- Corentyne",1164,"Post Office Rd. New Amsterdam","New Amsterdam-East Berbice- Corentyne","-57.5183","6.2400",,,5/2/2010 0:00:00,12/30/1899 1:50:00,"B- Serious Injury","F- Driver",20.00,"Male","M- Hire Cars","S- Driver's Negligence",2.00
7067,31057.00,"6- East Berbice- Corentyne",1162,"Main St. New Amsterdam","New Amsterdam-East Berbice- Corentyne","-57.5185","6.2474",,,5/6/2010 0:00:00,12/30/1899 11:00:00,"D- Property Damage","F- Driver",37.00,"Male","K- Private Cars;L- Lorries Van","S- Driver's Negligence",2.00
7068,31058.00,"6- East Berbice- Corentyne",1173,"Strand Rd. New Amsterdam","New Amsterdam-East Berbice- Corentyne","-57.5210","6.2463",,,5/12/2010 0:00:00,12/30/1899 11:00:00,"C- Minor Injury","F- Driver",,"Male","K- Private Cars","S- Driver's Negligence",2.00
7069,31059.00,"6- East Berbice- Corentyne",777,"Palmyra Public Rd.","EAST COAST BERBICE ROAD (From New Amsterdam)","-57.5000","6.2833",,,5/13/2010 0:00:00,12/30/1899 10:50:00,"B- Serious Injury","G- Rider",51.00,"Male","N- Pickup;W-Pedal Cycle","U- Cyclist's Negligence",2.00
7070,31060.00,"6- East Berbice- Corentyne",1164,"New Amsterdam Post Office","New Amsterdam-East Berbice- Corentyne","-57.5183","6.2400",,,5/14/2010 0:00:00,12/30/1899 10:30:00,"C- Minor Injury","F- Driver",30.00,"Male","M- Hire Cars;W-Pedal Cycle","S- Driver's Negligence",2.00
7071,31061.00,"6- East Berbice- Corentyne",1162,"New Amsterdam Public Rd.","New Amsterdam-East Berbice- Corentyne","-57.5185","6.2474",,,5/16/2010 0:00:00,12/30/1899 14:50:00,"D- Property Damage","F- Driver",28.00,"Male","M- Hire Cars","S- Driver's Negligence",2.00
7072,31062.00,"6- East Berbice- Corentyne",1171,"Smithfield Public Rd","New Amsterdam-East Berbice- Corentyne","-57.5126","6.2473",,,5/17/2010 0:00:00,12/30/1899 11:45:00,"B- Serious Injury","F- Driver",31.00,"Female","J- Minibus;W-Pedal Cycle","S- Driver's Negligence",2.00
7073,31063.00,"6- East Berbice- Corentyne",776,"# 2 Public Rd.","EAST COAST BERBICE ROAD (From New Amsterdam)","-57.5000","6.2667",,,5/17/2010 0:00:00,12/30/1899 8:30:00,"D- Property Damage","F- Driver",28.00,"Male","L- Lorries Van;M- Hire Cars","S- Driver's Negligence",2.00
7074,31064.00,"6- East Berbice- Corentyne",776,"Cumberland Public Rd.","EAST COAST BERBICE ROAD (From New Amsterdam)","-57.5000","6.2667",,,5/20/2010 0:00:00,12/30/1899 20:20:00,"B- Serious Injury","F- Driver",19.00,"Male","K- Private Cars","P- Speeding",1.00
7075,31065.00,"6- East Berbice- Corentyne",772,"Fort Ordinance East Canje Rd.","EAST COAST BERBICE ROAD (From New Amsterdam)","-57.5167","6.2667",,,5/28/2010 0:00:00,12/30/1899 11:15:00,"D- Property Damage","F- Driver",35.00,"Male","K- Private Cars;X-Tractor","R- Improper Overtaking",2.00
7076,31066.00,"6- East Berbice- Corentyne",1168,"Princess Elizabeth Rd.","New Amsterdam-East Berbice- Corentyne","-57.5178","6.2514",,,5/18/2010 0:00:00,12/30/1899 16:30:00,"D- Property Damage","F- Driver",30.00,"Male","K- Private Cars;M- Hire Cars","P- Speeding",2.00
7077,31067.00,"6- East Berbice- Corentyne",787,"Dunrobin Public Rd.","EAST COAST BERBICE ROAD (From New Amsterdam)","-57.4500","6.2667",,,5/30/2010 0:00:00,12/30/1899 18:40:00,"D- Property Damage","F- Driver",19.00,"Male","K- Private Cars;N- Pickup","S- Driver's Negligence",2.00
7078,31068.00,"6- East Berbice- Corentyne",1171,"Smithfield Public Rd.","New Amsterdam-East Berbice- Corentyne","-57.5126","6.2473",,,5/30/2010 0:00:00,12/30/1899 19:10:00,"B- Serious Injury","F- Driver",30.00,"Male","K- Private Cars;W-Pedal Cycle","S- Driver's Negligence",2.00
7079,31069.00,"6- East Berbice- Corentyne",776,"# 2 Public Rd.","EAST COAST BERBICE ROAD (From New Amsterdam)","-57.5000","6.2667",,,5/31/2010 0:00:00,12/30/1899 18:50:00,"C- Minor Injury","G- Rider",60.00,"Male","V-Motor Cycle","Y- Animal",1.00
7080,31070.00,"6- East Berbice- Corentyne",1162,"Main St. New Amsterdam","New Amsterdam-East Berbice- Corentyne","-57.5185","6.2474",,,6/3/2010 0:00:00,12/30/1899 15:00:00,"D- Property Damage","F- Driver",43.00,"Male","M- Hire Cars","Y- Animal",1.00
7081,31071.00,"6- East Berbice- Corentyne",777,"Palmyra Public Rd.","EAST COAST BERBICE ROAD (From New Amsterdam)","-57.5000","6.2833",,,6/3/2010 0:00:00,12/30/1899 20:50:00,"B- Serious Injury","G- Rider",26.00,"Male","V-Motor Cycle","U- Cyclist's Negligence",1.00
7082,31072.00,"6- East Berbice- Corentyne",1174,"Towrfisher Public Rd.","New Amsterdam-East Berbice- Corentyne","-57.5126","6.2514",,,6/4/2010 0:00:00,12/30/1899 16:30:00,"D- Property Damage","F- Driver",,"Male","M- Hire Cars","S- Driver's Negligence",1.00
7083,31073.00,"6- East Berbice- Corentyne",776,"Cumberland Public Rd.","EAST COAST BERBICE ROAD (From New Amsterdam)","-57.5000","6.2667",,,6/5/2010 0:00:00,12/30/1899 7:10:00,"C- Minor Injury","F- Driver",50.00,"Male","M- Hire Cars;W-Pedal Cycle","S- Driver's Negligence",2.00
7084,31074.00,"6- East Berbice- Corentyne",731,"Bulcoma St. Canefield","RIGHT BANK CANJE RIVER (From New Amsterdam)","-57.4833","6.2500",,,6/5/2010 0:00:00,12/30/1899 19:00:00,"C- Minor Injury","E- Pedestrian",43.00,"Female","K- Private Cars","T-Pedestrian's Negligence",2.00
7085,31075.00,"6- East Berbice- Corentyne",779,"# 7 Public Rd.","EAST COAST BERBICE ROAD (From New Amsterdam)","-57.4833","6.2833",,,5/5/2010 0:00:00,12/30/1899 19:00:00,"B- Serious Injury","F- Driver",27.00,"Male","K- Private Cars;W-Pedal Cycle","S- Driver's Negligence",2.00
7086,31076.00,"6- East Berbice- Corentyne",731,"Canefield Settlement","RIGHT BANK CANJE RIVER (From New Amsterdam)","-57.4833","6.2500",,,5/16/2010 0:00:00,12/30/1899 13:20:00,"D- Property Damage","F- Driver",,"Male","L- Lorries Van;M- Hire Cars","P- Speeding",2.00
7087,31077.00,"6- East Berbice- Corentyne",776,"# 2 Public Rd.","EAST COAST BERBICE ROAD (From New Amsterdam)","-57.5000","6.2667",,,6/19/2010 0:00:00,12/30/1899 19:30:00,"A- Fatal","F- Driver",28.00,"Male","M- Hire Cars","O- Lost Control & Runoff",3.00
7088,31078.00,"6- East Berbice- Corentyne",737,"Gangaram Public Rd.","RIGHT BANK CANJE RIVER (From New Amsterdam)","-57.4667","6.2167",,,6/27/2010 0:00:00,12/30/1899 17:00:00,"D- Property Damage","F- Driver",30.00,"Male","J- Minibus;K- Private Cars","P- Speeding",2.00
7089,31079.00,"6- East Berbice- Corentyne",772,"Betsy Ground Public Rd.","EAST COAST BERBICE ROAD (From New Amsterdam)","-57.5167","6.2667",,,6/30/2010 0:00:00,12/30/1899 13:50:00,"D- Property Damage","F- Driver",60.00,"Male","K- Private Cars;M- Hire Cars","S- Driver's Negligence",2.00
7090,31080.00,"6- East Berbice- Corentyne",698,"Hyberry Public Rd.","RIGHT BANK BERBICE RIVER (From New Amsterdam)","-57.6000","6.1833",,,7/3/2010 0:00:00,12/30/1899 7:00:00,"B- Serious Injury","F- Driver",62.00,"Male","N- Pickup;W-Pedal Cycle","S- Driver's Negligence",2.00
7091,31081.00,"6- East Berbice- Corentyne",769,"Asylum St. New Amsterdam","EAST COAST BERBICE ROAD (From New Amsterdam)","-57.5167","6.2500",,,7/6/2010 0:00:00,12/30/1899 16:30:00,"D- Property Damage","E- Pedestrian",47.00,"Female","M- Hire Cars","T-Pedestrian's Negligence",2.00
7092,31082.00,"6- East Berbice- Corentyne",772,"East Canje Public Rd.","EAST COAST BERBICE ROAD (From New Amsterdam)","-57.5167","6.2667",,,7/9/2010 0:00:00,12/30/1899 13:55:00,"B- Serious Injury","F- Driver",56.00,"Male","J- Minibus","O- Lost Control & Runoff",6.00
7093,31083.00,"6- East Berbice- Corentyne",775,"Sheet Anchor Public Rd.","EAST COAST BERBICE ROAD (From New Amsterdam)","-57.5000","6.2667",,,7/15/2010 0:00:00,12/30/1899 9:30:00,"B- Serious Injury","G- Rider",,"Male","K- Private Cars;V-Motor Cycle","U- Cyclist's Negligence",2.00
7094,31084.00,"6- East Berbice- Corentyne",777,"Palmyra Public Rd.","EAST COAST BERBICE ROAD (From New Amsterdam)","-57.5000","6.2833",,,7/15/2010 0:00:00,12/30/1899 15:30:00,"D- Property Damage","F- Driver",39.00,"Male","K- Private Cars;L- Lorries Van","Y- Animal",2.00
7095,31085.00,"6- East Berbice- Corentyne",1162,"Main Rd. New Amsterdam","New Amsterdam-East Berbice- Corentyne","-57.5185","6.2474",,,7/17/2010 0:00:00,12/30/1899 23:35:00,"B- Serious Injury","F- Driver",56.00,"Male","K- Private Cars;W-Pedal Cycle","P- Speeding",2.00
7096,31086.00,"6- East Berbice- Corentyne",775,"Sheet Anchor Public Rd.","EAST COAST BERBICE ROAD (From New Amsterdam)","-57.5000","6.2667",,,7/24/2010 0:00:00,12/30/1899 8:50:00,"C- Minor Injury","E- Pedestrian",,"Male","M- Hire Cars","T-Pedestrian's Negligence",2.00
7097,31087.00,"6- East Berbice- Corentyne",680,"Stanleytown Public Rd.","RIGHT BANK BERBICE RIVER (From New Amsterdam)","-57.5167","6.2333",,,7/24/2010 0:00:00,12/30/1899 0:45:00,"B- Serious Injury","G- Rider",24.00,"Male","M- Hire Cars;V-Motor Cycle","U- Cyclist's Negligence",2.00
7098,31088.00,"6- East Berbice- Corentyne",1162,"Main St. New Amsterdam","New Amsterdam-East Berbice- Corentyne","-57.5185","6.2474",,,7/24/2010 0:00:00,12/30/1899 19:00:00,"C- Minor Injury","F- Driver",53.00,"Male","K- Private Cars;M- Hire Cars","P- Speeding",2.00
7099,31089.00,"6- East Berbice- Corentyne",1156,"Guyoil Gas Station New Amsterdam","New Amsterdam-East Berbice- Corentyne","-57.5181","6.2486",,,7/26/2010 0:00:00,12/30/1899 0:05:00,"D- Property Damage","F- Driver",26.00,"Male","K- Private Cars","S- Driver's Negligence",2.00
7100,31090.00,"6- East Berbice- Corentyne",776,"Cumberland Public Rd.","EAST COAST BERBICE ROAD (From New Amsterdam)","-57.5000","6.2667",,,7/27/2010 0:00:00,12/30/1899 19:45:00,"D- Property Damage","F- Driver",,"Male","M- Hire Cars","Y- Animal",1.00
7101,31091.00,"6- East Berbice- Corentyne",785,"# 19 Public Rd.","EAST COAST BERBICE ROAD (From New Amsterdam)","-57.4500","6.2833",,,7/26/2010 0:00:00,12/30/1899 22:45:00,"C- Minor Injury","G- Rider",26.00,"Male","V-Motor Cycle","U- Cyclist's Negligence",1.00
7102,31092.00,"6- East Berbice- Corentyne",777,"Palmyra Public Rd.","EAST COAST BERBICE ROAD (From New Amsterdam)","-57.5000","6.2833",,,7/25/2010 0:00:00,12/30/1899 2:00:00,"D- Property Damage","F- Driver",39.00,"Male","K- Private Cars","S- Driver's Negligence",1.00
7103,31093.00,"6- East Berbice- Corentyne",680,"Stanleytown Public Rd.","RIGHT BANK BERBICE RIVER (From New Amsterdam)","-57.5167","6.2333",,,7/28/2010 0:00:00,12/30/1899 19:10:00,"D- Property Damage","F- Driver",37.00,"Male","K- Private Cars","P- Speeding",1.00
7104,31094.00,"6- East Berbice- Corentyne",776,"# 2 Public Rd.","EAST COAST BERBICE ROAD (From New Amsterdam)","-57.5000","6.2667",,,8/3/2010 0:00:00,12/30/1899 17:00:00,"D- Property Damage","F- Driver",,"Male","J- Minibus","S- Driver's Negligence",1.00
7105,31095.00,"6- East Berbice- Corentyne",777,"Palmyra Public Rd.","EAST COAST BERBICE ROAD (From New Amsterdam)","-57.5000","6.2833",,,8/7/2010 0:00:00,12/30/1899 13:30:00,"D- Property Damage","F- Driver",24.00,"Male","M- Hire Cars","P- Speeding",2.00
7106,31096.00,"6- East Berbice- Corentyne",1162,"New Amsterdam Public Rd.","New Amsterdam-East Berbice- Corentyne","-57.5185","6.2474",,,8/8/2010 0:00:00,12/30/1899 13:30:00,"C- Minor Injury","F- Driver",,"Male","K- Private Cars;V-Motor Cycle","S- Driver's Negligence",2.00
7107,31097.00,"6- East Berbice- Corentyne",772,"Fort Canje Public Rd.","EAST COAST BERBICE ROAD (From New Amsterdam)","-57.5167","6.2667",,,8/9/2010 0:00:00,12/30/1899 10:40:00,"D- Property Damage","F- Driver",38.00,"Male","K- Private Cars","S- Driver's Negligence",2.00
7108,31098.00,"6- East Berbice- Corentyne",772,"Fort Canje Public Rd.","EAST COAST BERBICE ROAD (From New Amsterdam)","-57.5167","6.2667",,,8/13/2010 0:00:00,12/30/1899 18:30:00,"D- Property Damage","F- Driver",26.00,"Male","J- Minibus;M- Hire Cars","S- Driver's Negligence",2.00
7109,31099.00,"6- East Berbice- Corentyne",777,"Palmyra Public Rd.","EAST COAST BERBICE ROAD (From New Amsterdam)","-57.5000","6.2833",,,8/10/2010 0:00:00,12/30/1899 1:15:00,"D- Property Damage","F- Driver",38.00,"Male","K- Private Cars","S- Driver's Negligence",1.00
7110,31100.00,"6- East Berbice- Corentyne",1162,"Main St. New Amsterdam","New Amsterdam-East Berbice- Corentyne","-57.5185","6.2474",,,8/27/2010 0:00:00,12/30/1899 22:15:00,"C- Minor Injury","G- Rider",36.00,"Male","K- Private Cars;V-Motor Cycle","U- Cyclist's Negligence",2.00
7111,31101.00,"6- East Berbice- Corentyne",733,"Reliance Public Rd.","RIGHT BANK CANJE RIVER (From New Amsterdam)","-57.4833","6.2333",,,9/8/2010 0:00:00,12/30/1899 4:45:00,"B- Serious Injury","F- Driver",23.00,"Male","L- Lorries Van","S- Driver's Negligence",1.00
7112,31102.00,"6- East Berbice- Corentyne",1168,"Princess Elizabeth Public Rd.","New Amsterdam-East Berbice- Corentyne","-57.5178","6.2514",,,9/7/2010 0:00:00,12/30/1899 8:30:00,"D- Property Damage","F- Driver",46.00,"Male","K- Private Cars;M- Hire Cars","S- Driver's Negligence",2.00
7113,31103.00,"6- East Berbice- Corentyne",1173,"Strand Rd. New Amsterdam","New Amsterdam-East Berbice- Corentyne","-57.5210","6.2463",,,9/7/2010 0:00:00,12/30/1899 9:00:00,"D- Property Damage","F- Driver",53.00,"Male","J- Minibus;K- Private Cars","P- Speeding",2.00
7114,31104.00,"6- East Berbice- Corentyne",776,"Cumberland Public Rd.","EAST COAST BERBICE ROAD (From New Amsterdam)","-57.5000","6.2667",,,8/29/2010 0:00:00,12/30/1899 18:45:00,"D- Property Damage","F- Driver",25.00,"Male","K- Private Cars;M- Hire Cars","S- Driver's Negligence",2.00
7115,31105.00,"6- East Berbice- Corentyne",1162,"Main St. New Amsterdam","New Amsterdam-East Berbice- Corentyne","-57.5185","6.2474",,,9/11/2010 0:00:00,12/30/1899 14:00:00,"C- Minor Injury","F- Driver",29.00,"Male","M- Hire Cars;W-Pedal Cycle","S- Driver's Negligence",2.00
7116,31106.00,"6- East Berbice- Corentyne",772,"Fort Canje Public Rd.","EAST COAST BERBICE ROAD (From New Amsterdam)","-57.5167","6.2667",,,9/20/2010 0:00:00,12/30/1899 18:40:00,"B- Serious Injury","G- Rider",,"Male","M- Hire Cars;V-Motor Cycle","U- Cyclist's Negligence",2.00
7117,31107.00,"6- East Berbice- Corentyne",1162,"Main Rd. New Amsterdam","New Amsterdam-East Berbice- Corentyne","-57.5185","6.2474",,,9/21/2010 0:00:00,12/30/1899 13:00:00,"B- Serious Injury","F- Driver",30.00,"Male","M- Hire Cars;W-Pedal Cycle","P- Speeding",2.00
7118,31108.00,"6- East Berbice- Corentyne",1159,"Joinershop St. New Amsterdam","New Amsterdam-East Berbice- Corentyne","-57.5185","6.2474",,,9/15/2010 0:00:00,12/30/1899 10:50:00,"D- Property Damage","F- Driver",46.00,"Male","K- Private Cars;L- Lorries Van","S- Driver's Negligence",2.00
7119,31109.00,"6- East Berbice- Corentyne",776,"# 2 Public Rd.","EAST COAST BERBICE ROAD (From New Amsterdam)","-57.5000","6.2667",,,9/28/2010 0:00:00,12/30/1899 4:30:00,"C- Minor Injury","F- Driver",49.00,"Male","K- Private Cars;M- Hire Cars","P- Speeding",2.00
7120,31110.00,"6- East Berbice- Corentyne",1165,"Nurseville Public Rd.","New Amsterdam-East Berbice- Corentyne","-57.5160","6.2541",,,8/14/2010 0:00:00,12/30/1899 8:30:00,"C- Minor Injury","F- Driver",43.00,"Male","K- Private Cars;W-Pedal Cycle","S- Driver's Negligence",2.00
7121,31111.00,"6- East Berbice- Corentyne",684,"Glasgow Public Rd.","RIGHT BANK BERBICE RIVER (From New Amsterdam)","-57.5167","6.2167",,,9/22/2010 0:00:00,12/30/1899 7:30:00,"C- Minor Injury","F- Driver",29.00,"Male","M- Hire Cars;W-Pedal Cycle","S- Driver's Negligence",3.00