"ID","Accident ID","Region Number","Corridor ID","Location (Intersection/Road/Street)","Corridor","Location- longitude/ X","Location- latitude/  Y","Mile Marker","Village","Date of Accident","Time of Accident","Type of Accident","Class of Road User","Age/DOB","Gender","Class of Vehicles Involved","Contributing Factor","Number of Persons Involved"
7122,31112.00,"6- East Berbice- Corentyne",1163,"Mattew Allen Rd. New Amsterdam","New Amsterdam-East Berbice- Corentyne","-57.5216","6.2498",,,9/28/2010 0:00:00,12/30/1899 13:25:00,"D- Property Damage","F- Driver",25.00,"Male","J- Minibus;L- Lorries Van","S- Driver's Negligence",2.00
7123,31113.00,"6- East Berbice- Corentyne",683,"Gay Park Public Rd.","RIGHT BANK BERBICE RIVER (From New Amsterdam)","-57.5167","6.2167",,,9/24/2010 0:00:00,12/30/1899 8:40:00,"B- Serious Injury","F- Driver",35.00,"Male","M- Hire Cars;W-Pedal Cycle","S- Driver's Negligence",2.00
7124,31114.00,"6- East Berbice- Corentyne",772,"Fort Canje Public Rd.","EAST COAST BERBICE ROAD (From New Amsterdam)","-57.5167","6.2667",,,9/29/2010 0:00:00,12/30/1899 16:00:00,"D- Property Damage","F- Driver",24.00,"Male","K- Private Cars","S- Driver's Negligence",2.00
7125,31115.00,"6- East Berbice- Corentyne",776,"Cumberland Public Rd.","EAST COAST BERBICE ROAD (From New Amsterdam)","-57.5000","6.2667",,,10/1/2010 0:00:00,12/30/1899 16:40:00,"D- Property Damage","F- Driver",31.00,"Male","K- Private Cars;M- Hire Cars","S- Driver's Negligence",2.00
7126,31116.00,"6- East Berbice- Corentyne",1162,"Main St. New Amsterdam","New Amsterdam-East Berbice- Corentyne","-57.5185","6.2474",,,10/9/2010 0:00:00,12/30/1899 15:30:00,"C- Minor Injury","F- Driver",27.00,"Male","K- Private Cars","S- Driver's Negligence",2.00
7127,31117.00,"6- East Berbice- Corentyne",780,"Lewis Manor Public Rd.","EAST COAST BERBICE ROAD (From New Amsterdam)","-57.4833","6.2833",,,10/4/2010 0:00:00,12/30/1899 16:00:00,"D- Property Damage","F- Driver",24.00,"Male","K- Private Cars;M- Hire Cars","S- Driver's Negligence",2.00
7128,31118.00,"6- East Berbice- Corentyne",1167,"Pitt St. New Amsterdam","New Amsterdam-East Berbice- Corentyne","-57.5203","6.2456",,,9/25/2010 0:00:00,12/30/1899 14:30:00,"B- Serious Injury","F- Driver",27.00,"Male","M- Hire Cars;W-Pedal Cycle","S- Driver's Negligence",2.00
7129,31119.00,"6- East Berbice- Corentyne",1162,"Main St. New Amsterdam","New Amsterdam-East Berbice- Corentyne","-57.5185","6.2474",,,10/17/2010 0:00:00,12/30/1899 10:30:00,"C- Minor Injury","F- Driver",44.00,"Male","M- Hire Cars;W-Pedal Cycle","S- Driver's Negligence",2.00
7130,31120.00,"6- East Berbice- Corentyne",775,"Sheet Anchor Public Rd. Junction","EAST COAST BERBICE ROAD (From New Amsterdam)","-57.5000","6.2667",,,10/19/2010 0:00:00,12/30/1899 18:16:00,"B- Serious Injury","F- Driver",,,"L- Lorries Van;W-Pedal Cycle","P- Speeding",2.00
7131,31121.00,"6- East Berbice- Corentyne",680,"Stanleytown Public Rd.","RIGHT BANK BERBICE RIVER (From New Amsterdam)","-57.5167","6.2333",,,10/22/2010 0:00:00,12/30/1899 8:15:00,"C- Minor Injury","F- Driver",29.00,"Male","M- Hire Cars;W-Pedal Cycle","S- Driver's Negligence",2.00
7132,31122.00,"6- East Berbice- Corentyne",1153,"Esplanade Public Rd.","New Amsterdam-East Berbice- Corentyne","-57.5183","6.2527",,,10/23/2010 0:00:00,,"D- Property Damage","F- Driver",24.00,"Male","K- Private Cars","Y- Animal",1.00
7133,31123.00,"6- East Berbice- Corentyne",780,"Lewis manor Public Rd.","EAST COAST BERBICE ROAD (From New Amsterdam)","-57.4833","6.2833",,,10/22/2010 0:00:00,12/30/1899 9:30:00,"D- Property Damage","F- Driver",,"Male","J- Minibus;L- Lorries Van","S- Driver's Negligence",2.00
7134,31124.00,"6- East Berbice- Corentyne",680,"Stanleytown Public Rd.","RIGHT BANK BERBICE RIVER (From New Amsterdam)","-57.5167","6.2333",,,10/22/2010 0:00:00,12/30/1899 12:15:00,"B- Serious Injury","E- Pedestrian",4.00,"Male","K- Private Cars","T-Pedestrian's Negligence",2.00
7135,31125.00,"6- East Berbice- Corentyne",750,"# 3 Stanleytown Public Rd.","LEFT BANK CANJE RIVER (From New Amsterdam)","-57.5167","6.2333",,,10/17/2010 0:00:00,12/30/1899 18:05:00,"B- Serious Injury","E- Pedestrian",29.00,"Male","K- Private Cars","T-Pedestrian's Negligence",2.00
7136,31126.00,"6- East Berbice- Corentyne",731,"canefield Public Rd.","RIGHT BANK CANJE RIVER (From New Amsterdam)","-57.4833","6.2500",,,10/23/2010 0:00:00,12/30/1899 14:45:00,"D- Property Damage","F- Driver",28.00,"Female","K- Private Cars","S- Driver's Negligence",2.00
7137,31127.00,"6- East Berbice- Corentyne",787,"Dunrobin Public Rd.","EAST COAST BERBICE ROAD (From New Amsterdam)","-57.4500","6.2667",,,10/28/2010 0:00:00,12/30/1899 14:30:00,"B- Serious Injury","F- Driver",53.00,"Male","L- Lorries Van","S- Driver's Negligence",2.00
7138,31128.00,"6- East Berbice- Corentyne",783,"Susannah Public Rd.","EAST COAST BERBICE ROAD (From New Amsterdam)","-57.4667","6.2833",,,10/29/2010 0:00:00,12/30/1899 15:40:00,"A- Fatal","F- Driver",35.00,"Male","J- Minibus;L- Lorries Van","R- Improper Overtaking",13.00
7139,31129.00,"6- East Berbice- Corentyne",772,"Fort Canje Public Rd.","EAST COAST BERBICE ROAD (From New Amsterdam)","-57.5167","6.2667",,,11/2/2010 0:00:00,12/30/1899 14:45:00,"B- Serious Injury","F- Driver",60.00,"Male","K- Private Cars;L- Lorries Van","R- Improper Overtaking",2.00
7140,31130.00,"6- East Berbice- Corentyne",1162,"Main St. New Amsterdam","New Amsterdam-East Berbice- Corentyne","-57.5185","6.2474",,,11/7/2010 0:00:00,12/30/1899 20:00:00,"C- Minor Injury","F- Driver",31.00,"Male","K- Private Cars;W-Pedal Cycle","Q- Alcohol",2.00
7141,31131.00,"6- East Berbice- Corentyne",785,"# 19 Public Rd.","EAST COAST BERBICE ROAD (From New Amsterdam)","-57.4500","6.2833",,,11/21/2010 0:00:00,12/30/1899 12:40:00,"B- Serious Injury","F- Driver",40.00,"Male","M- Hire Cars;W-Pedal Cycle","S- Driver's Negligence;U- Cyclist's Negligence",2.00
7142,31132.00,"6- East Berbice- Corentyne",1162,"Main St. New Amsterdam","New Amsterdam-East Berbice- Corentyne","-57.5185","6.2474",,,11/7/2010 0:00:00,12/30/1899 18:20:00,"C- Minor Injury","G- Rider",18.00,"Male","M- Hire Cars;W-Pedal Cycle","T-Pedestrian's Negligence;U- Cyclist's Negligence",3.00
7143,31133.00,"6- East Berbice- Corentyne",780,"Lewis Manor Public Rd.","EAST COAST BERBICE ROAD (From New Amsterdam)","-57.4833","6.2833",,,11/20/2010 0:00:00,12/30/1899 19:00:00,"C- Minor Injury","E- Pedestrian",56.00,"Male","M- Hire Cars","T-Pedestrian's Negligence",2.00
7144,31134.00,"6- East Berbice- Corentyne",772,"Fort Canje Public Rd.","EAST COAST BERBICE ROAD (From New Amsterdam)","-57.5167","6.2667",,,11/23/2010 0:00:00,12/30/1899 20:30:00,"A- Fatal","F- Driver",40.00,"Male","K- Private Cars","P- Speeding;Q- Alcohol",2.00
7145,31135.00,"6- East Berbice- Corentyne",775,"Sheet Anchor Public Rd.","EAST COAST BERBICE ROAD (From New Amsterdam)","-57.5000","6.2667",,,11/9/2010 0:00:00,12/30/1899 15:10:00,"D- Property Damage","F- Driver",,"Male","K- Private Cars;M- Hire Cars","S- Driver's Negligence",3.00
7146,31136.00,"6- East Berbice- Corentyne",1162,"Main St. New Amsterdam","New Amsterdam-East Berbice- Corentyne","-57.5185","6.2474",,,12/13/2010 0:00:00,12/30/1899 12:30:00,"D- Property Damage","F- Driver",43.00,"Male","J- Minibus","S- Driver's Negligence",2.00
7147,31137.00,"6- East Berbice- Corentyne",751,"Vryheid Junction","LEFT BANK CANJE RIVER (From New Amsterdam)","-57.5167","6.2500",,,11/22/2010 0:00:00,12/30/1899 15:15:00,"C- Minor Injury","F- Driver",36.00,"Male","M- Hire Cars;W-Pedal Cycle","S- Driver's Negligence",2.00
7148,31138.00,"6- East Berbice- Corentyne",1162,"Main St. New Amsterdam","New Amsterdam-East Berbice- Corentyne","-57.5185","6.2474",,,11/25/2010 0:00:00,12/30/1899 15:00:00,"B- Serious Injury","G- Rider",10.00,"Male","K- Private Cars;W-Pedal Cycle","U- Cyclist's Negligence",2.00
7149,31139.00,"6- East Berbice- Corentyne",778,"Bramfield Public Rd.","EAST COAST BERBICE ROAD (From New Amsterdam)","-57.4833","6.2833",,,11/27/2010 0:00:00,12/30/1899 12:40:00,"C- Minor Injury","F- Driver",,"Male","M- Hire Cars;X-Tractor","S- Driver's Negligence",2.00
7150,31140.00,"6- East Berbice- Corentyne",1165,"Nurseville Public Rd.","New Amsterdam-East Berbice- Corentyne","-57.5160","6.2541",,,11/29/2010 0:00:00,12/30/1899 20:15:00,"C- Minor Injury","G- Rider",22.00,"Male","V-Motor Cycle","Y- Animal",1.00
7151,31141.00,"6- East Berbice- Corentyne",776,"Cumberland Public Rd.","EAST COAST BERBICE ROAD (From New Amsterdam)","-57.5000","6.2667",,,12/3/2010 0:00:00,12/30/1899 15:10:00,"D- Property Damage","F- Driver",,"Male","K- Private Cars;L- Lorries Van","S- Driver's Negligence",2.00
7152,31142.00,"6- East Berbice- Corentyne",769,"Caburg St. New Amsterdam","EAST COAST BERBICE ROAD (From New Amsterdam)","-57.5167","6.2500",,,12/11/2010 0:00:00,12/30/1899 19:40:00,"D- Property Damage","F- Driver",,"Male","K- Private Cars;M- Hire Cars","Q- Alcohol",2.00
7153,31143.00,"6- East Berbice- Corentyne",680,"Stanleytown Public Rd.","RIGHT BANK BERBICE RIVER (From New Amsterdam)","-57.5167","6.2333",,,12/12/2010 0:00:00,12/30/1899 2:50:00,"B- Serious Injury","F- Driver",34.00,"Male","M- Hire Cars","Y- Animal",2.00
7154,31144.00,"6- East Berbice- Corentyne",680,"Stanleytown Public Rd.","RIGHT BANK BERBICE RIVER (From New Amsterdam)","-57.5167","6.2333",,,12/12/2010 0:00:00,12/30/1899 5:00:00,"D- Property Damage","F- Driver",,"Male","K- Private Cars;L- Lorries Van","Q- Alcohol",2.00
7155,31145.00,"6- East Berbice- Corentyne",680,"Stanleytown Public Rd.","RIGHT BANK BERBICE RIVER (From New Amsterdam)","-57.5167","6.2333",,,12/18/2010 0:00:00,,"C- Minor Injury","G- Rider",,"Male","V-Motor Cycle;W-Pedal Cycle","U- Cyclist's Negligence",2.00
7156,31146.00,"6- East Berbice- Corentyne",776,"Cumberland Public Rd.","EAST COAST BERBICE ROAD (From New Amsterdam)","-57.5000","6.2667",,,12/25/2010 0:00:00,,"B- Serious Injury","F- Driver",,"Female","K- Private Cars;L- Lorries Van","S- Driver's Negligence",2.00
7157,31147.00,"6- East Berbice- Corentyne",776,"Cumberland Public Rd.","EAST COAST BERBICE ROAD (From New Amsterdam)","-57.5000","6.2667",,,1/2/2011 0:00:00,12/30/1899 19:30:00,"B- Serious Injury","F- Driver",27.00,"Male","K- Private Cars;V-Motor Cycle","S- Driver's Negligence",2.00
7158,31148.00,"6- East Berbice- Corentyne",1162,"Main St. New Amsterdam","New Amsterdam-East Berbice- Corentyne","-57.5185","6.2474",,,1/1/2011 0:00:00,12/30/1899 15:15:00,"B- Serious Injury","G- Rider",24.00,"Male","K- Private Cars;V-Motor Cycle","U- Cyclist's Negligence",2.00
7159,31149.00,"6- East Berbice- Corentyne",773,"Fort Canje Bridge","EAST COAST BERBICE ROAD (From New Amsterdam)","-57.5167","6.2667",,,1/4/2011 0:00:00,12/30/1899 21:15:00,"A- Fatal","F- Driver",50.00,"Male","K- Private Cars;M- Hire Cars","S- Driver's Negligence",5.00
7160,31150.00,"6- East Berbice- Corentyne",1162,"Main St. New Amsterdam","New Amsterdam-East Berbice- Corentyne","-57.5185","6.2474",,,1/11/2011 0:00:00,12/30/1899 9:45:00,"D- Property Damage","F- Driver",39.00,"Male","K- Private Cars","S- Driver's Negligence",2.00
7161,31151.00,"6- East Berbice- Corentyne",731,"canefield Public Rd.","RIGHT BANK CANJE RIVER (From New Amsterdam)","-57.4833","6.2500",,,1/22/2011 0:00:00,12/30/1899 12:30:00,"C- Minor Injury","F- Driver",51.00,"Male","M- Hire Cars;W-Pedal Cycle","S- Driver's Negligence",3.00
7162,31152.00,"6- East Berbice- Corentyne",752,"Mount Sanai Public Rd.","LEFT BANK CANJE RIVER (From New Amsterdam)","-57.5167","6.2333",,,1/13/2011 0:00:00,12/30/1899 8:30:00,"C- Minor Injury","E- Pedestrian",5.00,"Male","V-Motor Cycle","T-Pedestrian's Negligence",2.00
7163,31153.00,"6- East Berbice- Corentyne",731,"Canefield Canje","RIGHT BANK CANJE RIVER (From New Amsterdam)","-57.4833","6.2500",,,1/20/2011 0:00:00,12/30/1899 16:10:00,"D- Property Damage","E- Pedestrian",,,"K- Private Cars","T-Pedestrian's Negligence",2.00
7164,31154.00,"6- East Berbice- Corentyne",1144,"Berbice River Bridge Access Rd.","New Amsterdam-East Berbice- Corentyne","-57.4881","6.2487",,,2/9/2011 0:00:00,12/30/1899 19:30:00,"C- Minor Injury","F- Driver",36.00,"Male","J- Minibus","Y- Animal",1.00
7165,31155.00,"6- East Berbice- Corentyne",776,"Cumberland Access Rd.","EAST COAST BERBICE ROAD (From New Amsterdam)","-57.5000","6.2667",,,2/8/2011 0:00:00,12/30/1899 0:30:00,"C- Minor Injury","G- Rider",43.00,"Male","V-Motor Cycle;W-Pedal Cycle","U- Cyclist's Negligence",2.00
7166,31156.00,"6- East Berbice- Corentyne",777,"Palmyra Public Rd.","EAST COAST BERBICE ROAD (From New Amsterdam)","-57.5000","6.2833",,,2/14/2011 0:00:00,12/30/1899 19:20:00,"D- Property Damage","F- Driver",31.00,"Male","M- Hire Cars;V-Motor Cycle","S- Driver's Negligence",2.00
7167,31157.00,"6- East Berbice- Corentyne",751,"Vryheid Public Rd.","LEFT BANK CANJE RIVER (From New Amsterdam)","-57.5167","6.2500",,,2/21/2011 0:00:00,12/30/1899 7:00:00,"D- Property Damage","F- Driver",71.00,"Male","K- Private Cars","S- Driver's Negligence",2.00
7168,31158.00,"6- East Berbice- Corentyne",776,"Cumberland Public Rd.","EAST COAST BERBICE ROAD (From New Amsterdam)","-57.5000","6.2667",,,2/23/2011 0:00:00,12/30/1899 19:30:00,"D- Property Damage","F- Driver",53.00,"Male","M- Hire Cars","Y- Animal",1.00
7169,31159.00,"6- East Berbice- Corentyne",1173,"Strand Rd. New Amsterdam","New Amsterdam-East Berbice- Corentyne","-57.5210","6.2463",,,2/22/2011 0:00:00,12/30/1899 11:15:00,"C- Minor Injury","F- Driver",33.00,"Male","J- Minibus","S- Driver's Negligence",2.00
7170,31160.00,"6- East Berbice- Corentyne",1162,"Main St. New Amsterdam","New Amsterdam-East Berbice- Corentyne","-57.5185","6.2474",,,3/2/2011 0:00:00,12/30/1899 14:45:00,"B- Serious Injury","G- Rider",11.00,"Male","M- Hire Cars;W-Pedal Cycle","U- Cyclist's Negligence",2.00
7171,31161.00,"6- East Berbice- Corentyne",680,"Stanleytown Public Rd.","RIGHT BANK BERBICE RIVER (From New Amsterdam)","-57.5167","6.2333",,,3/4/2011 0:00:00,12/30/1899 16:30:00,"C- Minor Injury","G- Rider",13.00,"Male","M- Hire Cars;W-Pedal Cycle","U- Cyclist's Negligence",3.00
7172,31162.00,"6- East Berbice- Corentyne",1173,"Strand Rd. New Amsterdam","New Amsterdam-East Berbice- Corentyne","-57.5210","6.2463",,,3/15/2011 0:00:00,12/30/1899 15:20:00,"D- Property Damage","F- Driver",25.00,"Male","K- Private Cars;V-Motor Cycle","S- Driver's Negligence",2.00
7173,31163.00,"6- East Berbice- Corentyne",776,"# 2 Public Rd.","EAST COAST BERBICE ROAD (From New Amsterdam)","-57.5000","6.2667",,,3/18/2011 0:00:00,12/30/1899 10:00:00,"C- Minor Injury","F- Driver",31.00,"Male","J- Minibus;L- Lorries Van","S- Driver's Negligence",3.00
7174,31164.00,"6- East Berbice- Corentyne",776,"Cumberland Public Rd.","EAST COAST BERBICE ROAD (From New Amsterdam)","-57.5000","6.2667",,,3/19/2011 0:00:00,12/30/1899 11:00:00,"D- Property Damage","F- Driver",34.00,"Male","K- Private Cars;M- Hire Cars","S- Driver's Negligence",2.00
7175,31165.00,"6- East Berbice- Corentyne",808,"Rose Hall Estate Public Rd.","CORENTYNE COAST ROAD (Form New Amsterdam)","-57.3500","6.2500",,,4/9/2011 0:00:00,12/30/1899 17:40:00,"D- Property Damage","G- Rider",47.00,"Male","M- Hire Cars;V-Motor Cycle","U- Cyclist's Negligence",2.00
7176,31166.00,"6- East Berbice- Corentyne",772,"Fort Canje Public Rd.","EAST COAST BERBICE ROAD (From New Amsterdam)","-57.5167","6.2667",,,4/21/2011 0:00:00,12/30/1899 17:00:00,"C- Minor Injury","F- Driver",34.00,"Male","J- Minibus;W-Pedal Cycle","S- Driver's Negligence",3.00
7177,31167.00,"6- East Berbice- Corentyne",1162,"Main St. New Amsterdam","New Amsterdam-East Berbice- Corentyne","-57.5185","6.2474",,,4/15/2011 0:00:00,,"D- Property Damage","F- Driver",44.00,"Male","K- Private Cars;Z-Animal- Drawn","S- Driver's Negligence",2.00
7178,31168.00,"6- East Berbice- Corentyne",776,"# 2 Public Rd.","EAST COAST BERBICE ROAD (From New Amsterdam)","-57.5000","6.2667",,,4/26/2011 0:00:00,12/30/1899 16:30:00,"D- Property Damage","F- Driver",25.00,"Male","K- Private Cars","O- Lost Control & Runoff",1.00
7179,31169.00,"6- East Berbice- Corentyne",776,"Cumberland Public Rd.","EAST COAST BERBICE ROAD (From New Amsterdam)","-57.5000","6.2667",,,4/13/2011 0:00:00,,"D- Property Damage","F- Driver",26.00,"Male","K- Private Cars","S- Driver's Negligence",2.00
7180,31170.00,"6- East Berbice- Corentyne",785,"# 19 Public Rd.","EAST COAST BERBICE ROAD (From New Amsterdam)","-57.4500","6.2833",,,4/25/2011 0:00:00,12/30/1899 17:30:00,"B- Serious Injury","G- Rider",29.00,"Male","K- Private Cars;W-Pedal Cycle","U- Cyclist's Negligence",2.00
7181,31171.00,"6- East Berbice- Corentyne",811,"Haswell Public Rd.","CORENTYNE COAST ROAD (Form New Amsterdam)","-57.3500","6.2500",,,4/23/2011 0:00:00,12/30/1899 20:00:00,"B- Serious Injury","G- Rider",,"Male","V-Motor Cycle","Y- Animal",1.00
7182,31172.00,"6- East Berbice- Corentyne",680,"Stanleytown Public Rd.","RIGHT BANK BERBICE RIVER (From New Amsterdam)","-57.5167","6.2333",,,4/23/2011 0:00:00,12/30/1899 12:15:00,"D- Property Damage","F- Driver",,"Female","L- Lorries Van;M- Hire Cars","S- Driver's Negligence",2.00
7183,31173.00,"6- East Berbice- Corentyne",777,"Palmyra Public Rd.","EAST COAST BERBICE ROAD (From New Amsterdam)","-57.5000","6.2833",,,4/23/2011 0:00:00,12/30/1899 14:45:00,"D- Property Damage","F- Driver",28.00,"Male","J- Minibus;K- Private Cars","S- Driver's Negligence",2.00
7184,31174.00,"6- East Berbice- Corentyne",750,"39 Stanleytown Public Rd.","LEFT BANK CANJE RIVER (From New Amsterdam)","-57.5167","6.2333",,,5/4/2011 0:00:00,12/30/1899 15:45:00,"C- Minor Injury","F- Driver",43.00,"Male","M- Hire Cars;V-Motor Cycle","S- Driver's Negligence;U- Cyclist's Negligence",2.00
7185,31175.00,"6- East Berbice- Corentyne",1157,"Hackman's Lane & Main St. New Amsterdam","New Amsterdam-East Berbice- Corentyne","-57.5197","6.2442",,,5/5/2011 0:00:00,12/30/1899 19:15:00,"B- Serious Injury","F- Driver",37.00,"Male","K- Private Cars;V-Motor Cycle","S- Driver's Negligence",2.00
7186,31176.00,"6- East Berbice- Corentyne",776,"Cumberland Public Rd.","EAST COAST BERBICE ROAD (From New Amsterdam)","-57.5000","6.2667",,,5/12/2011 0:00:00,12/30/1899 16:40:00,"B- Serious Injury","F- Driver",35.00,"Male","M- Hire Cars;N- Pickup;W-Pedal Cycle","S- Driver's Negligence",3.00
7187,31177.00,"6- East Berbice- Corentyne",776,"Cumberland Public Rd.","EAST COAST BERBICE ROAD (From New Amsterdam)","-57.5000","6.2667",,,5/14/2011 0:00:00,12/30/1899 4:45:00,"B- Serious Injury","F- Driver",24.00,"Male","K- Private Cars;L- Lorries Van","S- Driver's Negligence",2.00
7188,31178.00,"6- East Berbice- Corentyne",775,"Sheet Anchor Public Rd.","EAST COAST BERBICE ROAD (From New Amsterdam)","-57.5000","6.2667",,,5/27/2011 0:00:00,12/30/1899 19:00:00,"C- Minor Injury","G- Rider",17.00,"Male","K- Private Cars;W-Pedal Cycle","U- Cyclist's Negligence",2.00
7189,31179.00,"6- East Berbice- Corentyne",750,"58 Stanleytown Public Rd.","LEFT BANK CANJE RIVER (From New Amsterdam)","-57.5167","6.2333",,,5/28/2011 0:00:00,12/30/1899 19:00:00,"C- Minor Injury","F- Driver",35.00,"Male","K- Private Cars;V-Motor Cycle","S- Driver's Negligence",2.00
7190,31180.00,"6- East Berbice- Corentyne",737,"Gangaram Public Rd.","RIGHT BANK CANJE RIVER (From New Amsterdam)","-57.4667","6.2167",,,6/6/2011 0:00:00,12/30/1899 20:15:00,"B- Serious Injury","F- Driver",,,"K- Private Cars","O- Lost Control & Runoff",2.00
7191,31181.00,"6- East Berbice- Corentyne",776,"# 2 Public Rd.","EAST COAST BERBICE ROAD (From New Amsterdam)","-57.5000","6.2667",,,6/11/2011 0:00:00,12/30/1899 19:00:00,"A- Fatal","G- Rider",53.00,"Male","L- Lorries Van;W-Pedal Cycle","U- Cyclist's Negligence",2.00
7192,31182.00,"6- East Berbice- Corentyne",776,"Cumberland Public Rd.","EAST COAST BERBICE ROAD (From New Amsterdam)","-57.5000","6.2667",,,5/6/2011 0:00:00,12/30/1899 11:45:00,"D- Property Damage","F- Driver",32.00,"Male","K- Private Cars","Y- Animal",1.00
7193,31183.00,"6- East Berbice- Corentyne",772,"Fort Canje Public Rd.","EAST COAST BERBICE ROAD (From New Amsterdam)","-57.5167","6.2667",,,5/12/2011 0:00:00,12/30/1899 10:00:00,"C- Minor Injury","E- Pedestrian",61.00,"Female","J- Minibus","T-Pedestrian's Negligence",2.00
7194,31184.00,"6- East Berbice- Corentyne",1162,"Main St. New Amsterdam","New Amsterdam-East Berbice- Corentyne","-57.5185","6.2474",,,5/24/2011 0:00:00,12/30/1899 17:30:00,"C- Minor Injury","F- Driver",34.00,"Male","M- Hire Cars;W-Pedal Cycle","S- Driver's Negligence",2.00
7195,31185.00,"6- East Berbice- Corentyne",1162,"Main St. New Amsterdam","New Amsterdam-East Berbice- Corentyne","-57.5185","6.2474",,,6/3/2011 0:00:00,12/30/1899 18:05:00,"C- Minor Injury","F- Driver",19.00,"Male","K- Private Cars;V-Motor Cycle","S- Driver's Negligence;U- Cyclist's Negligence",2.00
7196,31186.00,"6- East Berbice- Corentyne",1162,"Main St. New Amsterdam","New Amsterdam-East Berbice- Corentyne","-57.5185","6.2474",,,6/10/2011 0:00:00,12/30/1899 13:45:00,"C- Minor Injury","F- Driver",50.00,"Male","M- Hire Cars;W-Pedal Cycle","S- Driver's Negligence;U- Cyclist's Negligence",2.00
7197,31187.00,"6- East Berbice- Corentyne",752,"Mount Sanai Public Rd.","LEFT BANK CANJE RIVER (From New Amsterdam)","-57.5167","6.2333",,,6/12/2011 0:00:00,12/30/1899 16:15:00,"B- Serious Injury","F- Driver",27.00,"Male","K- Private Cars","P- Speeding",2.00
7198,31188.00,"6- East Berbice- Corentyne",783,"Susannah Public Rd.","EAST COAST BERBICE ROAD (From New Amsterdam)","-57.4667","6.2833",,,6/13/2011 0:00:00,12/30/1899 9:40:00,"D- Property Damage","F- Driver",20.00,"Male","J- Minibus;K- Private Cars","P- Speeding",2.00
7199,31189.00,"6- East Berbice- Corentyne",680,"Stanleytown Public Rd.","RIGHT BANK BERBICE RIVER (From New Amsterdam)","-57.5167","6.2333",,,6/21/2011 0:00:00,12/30/1899 10:00:00,"D- Property Damage","F- Driver",19.00,"Male","K- Private Cars;N- Pickup","P- Speeding",2.00
7200,31190.00,"6- East Berbice- Corentyne",772,"Fort Canje Public Rd.","EAST COAST BERBICE ROAD (From New Amsterdam)","-57.5167","6.2667",,,6/29/2011 0:00:00,12/30/1899 18:55:00,"C- Minor Injury","F- Driver",27.00,"Male","J- Minibus;K- Private Cars","R- Improper Overtaking",2.00
7201,31191.00,"6- East Berbice- Corentyne",777,"Palmyra Public Rd.","EAST COAST BERBICE ROAD (From New Amsterdam)","-57.5000","6.2833",,,6/22/2011 0:00:00,12/30/1899 21:50:00,"D- Property Damage","F- Driver",23.00,"Male","K- Private Cars","Q- Alcohol",1.00
7202,31192.00,"6- East Berbice- Corentyne",772,"Fort Canje Public Rd.","EAST COAST BERBICE ROAD (From New Amsterdam)","-57.5167","6.2667",,,8/10/2012 0:00:00,12/30/1899 15:35:00,"C- Minor Injury","F- Driver",32.00,"Male","K- Private Cars;M- Hire Cars","S- Driver's Negligence",4.00
7203,31193.00,"6- East Berbice- Corentyne",1162,"Main St. New Amsterdam","New Amsterdam-East Berbice- Corentyne","-57.5185","6.2474",,,8/12/2012 0:00:00,12/30/1899 3:45:00,"B- Serious Injury","F- Driver",26.00,"Male","M- Hire Cars","O- Lost Control & Runoff;P- Speeding",1.00
7204,31194.00,"6- East Berbice- Corentyne",779,"# 7 Public Rd.","EAST COAST BERBICE ROAD (From New Amsterdam)","-57.4833","6.2833",,,8/13/2012 0:00:00,12/30/1899 4:35:00,"D- Property Damage","F- Driver",42.00,"Male","K- Private Cars","Y- Animal",1.00
7205,31195.00,"6- East Berbice- Corentyne",779,"# 7 Public Rd.","EAST COAST BERBICE ROAD (From New Amsterdam)","-57.4833","6.2833",,,8/19/2012 0:00:00,12/30/1899 1:30:00,"B- Serious Injury","F- Driver",35.00,"Male","M- Hire Cars","O- Lost Control & Runoff;P- Speeding",2.00
7206,31196.00,"6- East Berbice- Corentyne",777,"Palmyra Public Rd.","EAST COAST BERBICE ROAD (From New Amsterdam)","-57.5000","6.2833",,,8/19/2012 0:00:00,12/30/1899 7:15:00,"B- Serious Injury","F- Driver",27.00,"Male","K- Private Cars;N- Pickup","S- Driver's Negligence",7.00
7207,31197.00,"6- East Berbice- Corentyne",773,"Fort Canje Bridge","EAST COAST BERBICE ROAD (From New Amsterdam)","-57.5167","6.2667",,,8/14/2012 0:00:00,12/30/1899 20:00:00,"D- Property Damage","F- Driver",,"Male","K- Private Cars;Z-Animal- Drawn","S- Driver's Negligence",2.00
7208,31198.00,"6- East Berbice- Corentyne",680,"Stanleytown Public Rd.","RIGHT BANK BERBICE RIVER (From New Amsterdam)","-57.5167","6.2333",,,8/18/2012 0:00:00,12/30/1899 19:45:00,"B- Serious Injury","G- Rider",24.00,"Male","V-Motor Cycle","P- Speeding;U- Cyclist's Negligence",3.00
7209,31199.00,"6- East Berbice- Corentyne",731,"Canefield Public Rd.","RIGHT BANK CANJE RIVER (From New Amsterdam)","-57.4833","6.2500",,,8/17/2012 0:00:00,12/30/1899 18:15:00,"D- Property Damage","F- Driver",18.00,"Male","N- Pickup;V-Motor Cycle","S- Driver's Negligence",2.00
7210,31200.00,"6- East Berbice- Corentyne",734,"Adelphi Public Rd.","RIGHT BANK CANJE RIVER (From New Amsterdam)","-57.4833","6.2333",,,8/12/2012 0:00:00,12/30/1899 19:30:00,"C- Minor Injury","F- Driver",,"Male","K- Private Cars","S- Driver's Negligence",2.00