"ID","Accident ID","Region Number","Corridor ID","Location (Intersection/Road/Street)","Corridor","Location- longitude/ X","Location- latitude/  Y","Mile Marker","Village","Date of Accident","Time of Accident","Type of Accident","Class of Road User","Age/DOB","Gender","Class of Vehicles Involved","Contributing Factor","Number of Persons Involved"
7211,31201.00,"6- East Berbice- Corentyne",689,"Lonsdale Public Rd.","RIGHT BANK BERBICE RIVER (From New Amsterdam)","-57.5333","6.1833",,,8/28/2012 0:00:00,12/30/1899 18:00:00,"D- Property Damage","F- Driver",,"Male","K- Private Cars","Y- Animal",1.00
7212,31202.00,"6- East Berbice- Corentyne",1173,"Strand Rd. New Amsterdam","New Amsterdam-East Berbice- Corentyne","-57.5210","6.2463",,,8/30/2012 0:00:00,12/30/1899 19:15:00,"D- Property Damage","F- Driver",,"Male","K- Private Cars;V-Motor Cycle","S- Driver's Negligence",2.00
7213,31203.00,"6- East Berbice- Corentyne",770,"Angoy's Ave. New Amsterdam","EAST COAST BERBICE ROAD (From New Amsterdam)","-57.5167","6.2500",,,8/31/2012 0:00:00,12/30/1899 17:30:00,"B- Serious Injury","G- Rider",21.00,"Male","V-Motor Cycle;W-Pedal Cycle","U- Cyclist's Negligence",2.00
7214,31204.00,"6- East Berbice- Corentyne",734,"Adelphi Public Rd.","RIGHT BANK CANJE RIVER (From New Amsterdam)","-57.4833","6.2333",,,8/31/2012 0:00:00,12/30/1899 18:15:00,"A- Fatal","G- Rider",23.00,"Male","V-Motor Cycle","U- Cyclist's Negligence",2.00
7215,31205.00,"6- East Berbice- Corentyne",775,"Sheet Anchor Public Rd.","EAST COAST BERBICE ROAD (From New Amsterdam)","-57.5000","6.2667",,,9/4/2012 0:00:00,12/30/1899 7:30:00,"C- Minor Injury","E- Pedestrian",41.00,"Male","V-Motor Cycle","T-Pedestrian's Negligence",2.00
7216,31206.00,"6- East Berbice- Corentyne",777,"Palmyra Public Rd.","EAST COAST BERBICE ROAD (From New Amsterdam)","-57.5000","6.2833",,,9/10/2012 0:00:00,12/30/1899 20:00:00,"D- Property Damage","F- Driver",21.00,"Male","M- Hire Cars","Y- Animal",1.00
7217,31207.00,"6- East Berbice- Corentyne",772,"Fort Canje Public Rd.","EAST COAST BERBICE ROAD (From New Amsterdam)","-57.5167","6.2667",,,9/11/2012 0:00:00,12/30/1899 13:30:00,"B- Serious Injury","F- Driver",36.00,"Male","M- Hire Cars;V-Motor Cycle","S- Driver's Negligence",2.00
7218,31208.00,"6- East Berbice- Corentyne",777,"Palmyra Public Rd.","EAST COAST BERBICE ROAD (From New Amsterdam)","-57.5000","6.2833",,,9/12/2012 0:00:00,12/30/1899 14:30:00,"C- Minor Injury","F- Driver",27.00,"Male","K- Private Cars;L- Lorries Van","S- Driver's Negligence",2.00
7219,31209.00,"6- East Berbice- Corentyne",775,"Sheet Anchor Public Rd.","EAST COAST BERBICE ROAD (From New Amsterdam)","-57.5000","6.2667",,,9/13/2012 0:00:00,12/30/1899 1:00:00,"A- Fatal","G- Rider",28.00,"Male","V-Motor Cycle","O- Lost Control & Runoff;P- Speeding",1.00
7220,31210.00,"6- East Berbice- Corentyne",752,"Mount Sanai Public Rd.","LEFT BANK CANJE RIVER (From New Amsterdam)","-57.5167","6.2333",,,9/14/2012 0:00:00,12/30/1899 14:38:00,"D- Property Damage","F- Driver",27.00,"Male","K- Private Cars;W-Pedal Cycle","S- Driver's Negligence",2.00
7221,31211.00,"6- East Berbice- Corentyne",684,"Glasgow Public Rd.","RIGHT BANK BERBICE RIVER (From New Amsterdam)","-57.5167","6.2167",,,9/20/2012 0:00:00,12/30/1899 10:45:00,"C- Minor Injury","F- Driver",38.00,"Male","K- Private Cars;V-Motor Cycle","S- Driver's Negligence",2.00
7222,31212.00,"6- East Berbice- Corentyne",731,"Canefield Public Rd.","RIGHT BANK CANJE RIVER (From New Amsterdam)","-57.4833","6.2500",,,9/26/2012 0:00:00,12/30/1899 8:10:00,"B- Serious Injury","F- Driver",24.00,"Male","M- Hire Cars;V-Motor Cycle","S- Driver's Negligence",2.00
7223,31213.00,"6- East Berbice- Corentyne",788,"Industry Public Rd.","EAST COAST BERBICE ROAD (From New Amsterdam)","-57.4333","6.3000",,,10/7/2012 0:00:00,12/30/1899 10:30:00,"B- Serious Injury","F- Driver",21.00,"Male","K- Private Cars","O- Lost Control & Runoff;P- Speeding",2.00
7224,31214.00,"6- East Berbice- Corentyne",1144,"Berbice Bridge Access Rd.","New Amsterdam-East Berbice- Corentyne","-57.4881","6.2487",,,10/5/2012 0:00:00,12/30/1899 2:20:00,"B- Serious Injury","G- Rider",27.00,"Male","V-Motor Cycle","Y- Animal",1.00
7225,31215.00,"6- East Berbice- Corentyne",772,"Fort Canje Public Rd.","EAST COAST BERBICE ROAD (From New Amsterdam)","-57.5167","6.2667",,,10/8/2012 0:00:00,12/30/1899 21:30:00,"B- Serious Injury","F- Driver",19.00,"Male","K- Private Cars","S- Driver's Negligence",3.00
7226,31216.00,"6- East Berbice- Corentyne",1153,"Esplanade Public Rd.","New Amsterdam-East Berbice- Corentyne","-57.5183","6.2527",,,10/16/2012 0:00:00,12/30/1899 17:20:00,"C- Minor Injury","G- Rider",54.00,"Male","K- Private Cars;W-Pedal Cycle","U- Cyclist's Negligence",2.00
7227,31217.00,"6- East Berbice- Corentyne",772,"Fort Canje Public Rd.","EAST COAST BERBICE ROAD (From New Amsterdam)","-57.5167","6.2667",,,10/25/2012 0:00:00,12/30/1899 10:30:00,"B- Serious Injury","G- Rider",45.00,"Male","N- Pickup;V-Motor Cycle","U- Cyclist's Negligence",2.00
7228,31218.00,"6- East Berbice- Corentyne",1173,"Strand Rd. New Amsterdam","New Amsterdam-East Berbice- Corentyne","-57.5210","6.2463",,,10/28/2012 0:00:00,12/30/1899 8:00:00,"D- Property Damage","F- Driver",63.00,"Male","J- Minibus;K- Private Cars","S- Driver's Negligence",2.00
7229,31219.00,"6- East Berbice- Corentyne",1166,"Penitentary Walk Rd. New Amsterdam","New Amsterdam-East Berbice- Corentyne","-57.5144","6.2545",,,11/2/2012 0:00:00,12/30/1899 16:30:00,"D- Property Damage","F- Driver",51.00,"Female","K- Private Cars","S- Driver's Negligence",2.00
7230,31220.00,"6- East Berbice- Corentyne",808,"Rose Hall Canje Public Rd.","CORENTYNE COAST ROAD (Form New Amsterdam)","-57.3500","6.2500",,,11/3/2012 0:00:00,12/30/1899 8:30:00,"D- Property Damage","F- Driver",53.00,"Male","K- Private Cars;V-Motor Cycle","S- Driver's Negligence",2.00
7231,31221.00,"6- East Berbice- Corentyne",780,"Lewis Manor Public Rd.","EAST COAST BERBICE ROAD (From New Amsterdam)","-57.4833","6.2833",,,11/24/2012 0:00:00,12/30/1899 18:30:00,"B- Serious Injury","F- Driver",41.00,"Male","M- Hire Cars","S- Driver's Negligence",2.00
7232,31222.00,"6- East Berbice- Corentyne",776,"Cumberland Public Rd.","EAST COAST BERBICE ROAD (From New Amsterdam)","-57.5000","6.2667",,,11/11/2012 0:00:00,12/30/1899 20:45:00,"C- Minor Injury","F- Driver",27.00,"Male","K- Private Cars;M- Hire Cars","P- Speeding;S- Driver's Negligence",5.00
7233,31223.00,"6- East Berbice- Corentyne",775,"Sheet Anchor Public Rd.","EAST COAST BERBICE ROAD (From New Amsterdam)","-57.5000","6.2667",,,11/18/2012 0:00:00,12/30/1899 8:15:00,"C- Minor Injury","F- Driver",46.00,"Male","K- Private Cars","R- Improper Overtaking",7.00
7234,31224.00,"6- East Berbice- Corentyne",772,"Fort Canje Public Rd.","EAST COAST BERBICE ROAD (From New Amsterdam)","-57.5167","6.2667",,,11/24/2012 0:00:00,12/30/1899 13:00:00,"C- Minor Injury","F- Driver",57.00,"Male","K- Private Cars;V-Motor Cycle","S- Driver's Negligence",3.00
7235,31225.00,"6- East Berbice- Corentyne",1162,"Main St. New Amsterdam","New Amsterdam-East Berbice- Corentyne","-57.5185","6.2474",,,11/24/2012 0:00:00,12/30/1899 20:15:00,"A- Fatal","F- Driver",27.00,"Female","K- Private Cars","P- Speeding;S- Driver's Negligence",2.00
7236,31226.00,"6- East Berbice- Corentyne",731,"Canefield Public Rd.","RIGHT BANK CANJE RIVER (From New Amsterdam)","-57.4833","6.2500",,,11/26/2012 0:00:00,12/30/1899 12:30:00,"D- Property Damage","F- Driver",30.00,"Male","K- Private Cars;L- Lorries Van","S- Driver's Negligence",2.00
7237,31227.00,"6- East Berbice- Corentyne",680,"Stanleytown Public Rd.","RIGHT BANK BERBICE RIVER (From New Amsterdam)","-57.5167","6.2333",,,11/26/2012 0:00:00,12/30/1899 10:00:00,"C- Minor Injury","F- Driver",,"Male","M- Hire Cars","S- Driver's Negligence",2.00
7238,31228.00,"6- East Berbice- Corentyne",680,"Stanleytown Public Rd.","RIGHT BANK BERBICE RIVER (From New Amsterdam)","-57.5167","6.2333",,,12/7/2012 0:00:00,12/30/1899 14:05:00,"C- Minor Injury","F- Driver",19.00,"Male","K- Private Cars;W-Pedal Cycle","S- Driver's Negligence",2.00
7239,31229.00,"6- East Berbice- Corentyne",1162,"Main St. New Amsterdam","New Amsterdam-East Berbice- Corentyne","-57.5185","6.2474",,,12/8/2012 0:00:00,12/30/1899 20:30:00,"C- Minor Injury","E- Pedestrian",53.00,"Male","K- Private Cars","T-Pedestrian's Negligence",2.00
7240,31230.00,"6- East Berbice- Corentyne",787,"Dunrobin Public Rd.","EAST COAST BERBICE ROAD (From New Amsterdam)","-57.4500","6.2667",,,12/10/2012 0:00:00,12/30/1899 4:45:00,"D- Property Damage","F- Driver",,"Male","K- Private Cars","Y- Animal",1.00
7241,31231.00,"6- East Berbice- Corentyne",1162,"Main St. New Amsterdam","New Amsterdam-East Berbice- Corentyne","-57.5185","6.2474",,,12/22/2012 0:00:00,12/30/1899 23:05:00,"A- Fatal","G- Rider",22.00,"Male","J- Minibus;V-Motor Cycle;W-Pedal Cycle","O- Lost Control & Runoff;P- Speeding;U- Cyclist's Negligence",3.00
7242,31232.00,"6- East Berbice- Corentyne",680,"Stanleytown Public Rd.","RIGHT BANK BERBICE RIVER (From New Amsterdam)","-57.5167","6.2333",,,12/30/2012 0:00:00,12/30/1899 18:00:00,"D- Property Damage","F- Driver",40.00,"Male","M- Hire Cars","Y- Animal",1.00
7243,31233.00,"6- East Berbice- Corentyne",776,"Cumberland Public Rd.","EAST COAST BERBICE ROAD (From New Amsterdam)","-57.5000","6.2667",,,12/26/2012 0:00:00,12/30/1899 21:30:00,"D- Property Damage","F- Driver",,"Male","K- Private Cars;M- Hire Cars","S- Driver's Negligence",2.00
7244,31234.00,"6- East Berbice- Corentyne",1162,"Main St. New Amsterdam","New Amsterdam-East Berbice- Corentyne","-57.5185","6.2474",,,12/23/2012 0:00:00,12/30/1899 7:00:00,"C- Minor Injury","G- Rider",,"Male","K- Private Cars;V-Motor Cycle","P- Speeding;U- Cyclist's Negligence",2.00
7245,31235.00,"6- East Berbice- Corentyne",776,"Cumberland Public Rd.","EAST COAST BERBICE ROAD (From New Amsterdam)","-57.5000","6.2667",,,12/25/2012 0:00:00,12/30/1899 16:30:00,"D- Property Damage","F- Driver",25.00,"Male","K- Private Cars","S- Driver's Negligence",2.00
7246,31236.00,"10- Upper Demerara- Berbice",404,"Burnham Drive","Soesdyke-Linden Highway (Right Bank Demerara River-from Georgetown)","-58.3000","6.0000",,,4/17/2008 0:00:00,12/30/1899 18:30:00,"B- Serious Injury","G- Rider",,"Male","V-Motor Cycle","U- Cyclist's Negligence",1.00
7247,31237.00,"10- Upper Demerara- Berbice",404,"One mile Public Road","Soesdyke-Linden Highway (Right Bank Demerara River-from Georgetown)","-58.3000","6.0000",,,5/1/2008 0:00:00,12/30/1899 20:30:00,"B- Serious Injury","F- Driver",21.00,"Female","J- Minibus","T-Pedestrian's Negligence",2.00
7248,31238.00,"10- Upper Demerara- Berbice",404,"River Side Public Road","Soesdyke-Linden Highway (Right Bank Demerara River-from Georgetown)","-58.3000","6.0000",,,5/14/2008 0:00:00,12/30/1899 5:00:00,"A- Fatal","F- Driver",25.00,"Male","L- Lorries Van;W-Pedal Cycle","U- Cyclist's Negligence",2.00
7249,31239.00,"10- Upper Demerara- Berbice",997,"Madhia Feers","MAHDIA-ANNAI ROAD","-59.1500","5.2833",,,5/4/2008 0:00:00,12/30/1899 11:00:00,"A- Fatal","F- Driver",36.00,"Female","K- Private Cars;L- Lorries Van","S- Driver's Negligence",3.00
7250,31240.00,"10- Upper Demerara- Berbice",397,"Dora Public Road Highway","Soesdyke-Linden Highway (Right Bank Demerara River-from Georgetown)","-58.2667","6.2833",,,5/20/2008 0:00:00,12/30/1899 23:15:00,"D- Property Damage","F- Driver",29.00,"Male","L- Lorries Van;W-Pedal Cycle","S- Driver's Negligence",2.00
7251,31241.00,"10- Upper Demerara- Berbice",1180,"Washer Pond Public Road","Linden","-58.2833","6.0000",,,6/1/2008 0:00:00,12/30/1899 14:35:00,"C- Minor Injury","F- Driver",27.00,"Male","L- Lorries Van;W-Pedal Cycle","U- Cyclist's Negligence",2.00
7252,31242.00,"10- Upper Demerara- Berbice",400,"Moblissa Public Road","Soesdyke-Linden Highway (Right Bank Demerara River-from Georgetown)","-58.2833","6.1000",,,6/13/2008 0:00:00,12/30/1899 5:15:00,"A- Fatal","F- Driver",36.00,"Male","K- Private Cars","T-Pedestrian's Negligence",2.00
7253,31243.00,"10- Upper Demerara- Berbice",385,"Sewyo Public Road","Soesdyke-Linden Highway (Right Bank Demerara River-from Georgetown)","-58.2333","6.5500",,,7/4/2008 0:00:00,12/30/1899 16:00:00,"A- Fatal","F- Driver",36.00,"Female","K- Private Cars","P- Speeding",5.00
7254,31244.00,"10- Upper Demerara- Berbice",404,"Sir David Rose Avenue","Soesdyke-Linden Highway (Right Bank Demerara River-from Georgetown)","-58.3000","6.0000",,,7/12/2008 0:00:00,12/30/1899 20:30:00,"D- Property Damage","F- Driver",22.00,"Male","K- Private Cars;L- Lorries Van","S- Driver's Negligence",2.00
7255,31245.00,"10- Upper Demerara- Berbice",404,"One Mile, Half Mile Road","Soesdyke-Linden Highway (Right Bank Demerara River-from Georgetown)","-58.3000","6.0000",,,8/24/2008 0:00:00,12/30/1899 1:00:00,"D- Property Damage","F- Driver",40.00,"Male","K- Private Cars","S- Driver's Negligence",1.00
7256,31246.00,"10- Upper Demerara- Berbice",404,"One Mile Public Road","Soesdyke-Linden Highway (Right Bank Demerara River-from Georgetown)","-58.3000","6.0000",,,9/28/2008 0:00:00,12/30/1899 11:20:00,"D- Property Damage","F- Driver",60.00,"Male","L- Lorries Van;N- Pickup","S- Driver's Negligence",2.00
7257,31247.00,"10- Upper Demerara- Berbice",1178,"Mabura","Linden","-58.6333","5.2833",,,9/27/2008 0:00:00,12/30/1899 4:00:00,"A- Fatal","F- Driver",31.00,"Female","L- Lorries Van","P- Speeding",2.00
7258,31248.00,"10- Upper Demerara- Berbice",1180,"Winifred Gaskin Road","Linden","-58.2833","6.0000",,,10/12/2008 0:00:00,12/30/1899 2:00:00,"C- Minor Injury","F- Driver",21.00,"Male","J- Minibus;K- Private Cars","P- Speeding",5.00
7259,31249.00,"10- Upper Demerara- Berbice",1179,"Amelias Ward","Linden","-58.2833","6.0333",,,10/18/2008 0:00:00,12/30/1899 17:45:00,"A- Fatal","F- Driver",52.00,"Male","J- Minibus;L- Lorries Van","P- Speeding",2.00
7260,31250.00,"10- Upper Demerara- Berbice",1180,"Winifred Gaskin Road","Linden","-58.2833","6.0000",,,10/30/2008 0:00:00,12/30/1899 8:30:00,"C- Minor Injury","F- Driver",61.00,"Male","K- Private Cars","S- Driver's Negligence",1.00
7261,31251.00,"10- Upper Demerara- Berbice",1179,"Amelias Ward Public Road","Linden","-58.2833","6.0333",,,11/8/2008 0:00:00,12/30/1899 10:30:00,"B- Serious Injury","F- Driver",57.00,"Male","K- Private Cars;W-Pedal Cycle","U- Cyclist's Negligence",2.00
7262,31252.00,"10- Upper Demerara- Berbice",404,"Burnham Drive","Soesdyke-Linden Highway (Right Bank Demerara River-from Georgetown)","-58.3000","6.0000",,,11/14/2008 0:00:00,12/30/1899 20:30:00,"C- Minor Injury","F- Driver",40.00,"Male","M- Hire Cars;W-Pedal Cycle","S- Driver's Negligence",2.00
7263,31253.00,"10- Upper Demerara- Berbice",1180,"Washer Pond Road","Linden","-58.2833","6.0000",,,12/17/2008 0:00:00,12/30/1899 10:30:00,"D- Property Damage","F- Driver",27.00,"Male","K- Private Cars;N- Pickup","S- Driver's Negligence",2.00
7264,31254.00,"10- Upper Demerara- Berbice",1180,"Washer Pond Road","Linden","-58.2833","6.0000",,,12/22/2008 0:00:00,12/30/1899 0:15:00,"C- Minor Injury","F- Driver",25.00,"Male","N- Pickup;W-Pedal Cycle","S- Driver's Negligence",2.00
7265,31255.00,"10- Upper Demerara- Berbice",404,"Sir David Rose Avenue","Soesdyke-Linden Highway (Right Bank Demerara River-from Georgetown)","-58.3000","6.0000",,,1/7/2009 0:00:00,12/30/1899 15:45:00,"A- Fatal","F- Driver",52.00,"Male","J- Minibus;W-Pedal Cycle","S- Driver's Negligence",2.00
7266,31256.00,"10- Upper Demerara- Berbice",385,"Sweyo Public Road","Soesdyke-Linden Highway (Right Bank Demerara River-from Georgetown)","-58.2333","6.5500",,,1/15/2009 0:00:00,12/30/1899 12:30:00,"B- Serious Injury","F- Driver",47.00,"Female","N- Pickup","P- Speeding",3.00
7267,31257.00,"10- Upper Demerara- Berbice",1178,"Lethem Trail Hymaralc","Linden","-58.6333","5.2833",,,1/14/2009 0:00:00,12/30/1899 2:30:00,"B- Serious Injury","F- Driver",33.00,"Male","J- Minibus","S- Driver's Negligence",1.00
7268,31258.00,"10- Upper Demerara- Berbice",1180,"Block 22 Wismar Shore","Linden","-58.2833","6.0000",,,1/14/2009 0:00:00,12/30/1899 15:45:00,"A- Fatal","G- Rider",39.00,"Male","V-Motor Cycle","U- Cyclist's Negligence",1.00
7269,31259.00,"10- Upper Demerara- Berbice",1030,"Inteera Kupa Kari","RUPUNUNI CATTLE TRAIL","-58.6667","4.6667",,,1/29/2009 0:00:00,12/30/1899 17:00:00,"B- Serious Injury","F- Driver",58.00,"Male","L- Lorries Van","S- Driver's Negligence",1.00
7270,31260.00,"10- Upper Demerara- Berbice",1179,"Amelias Ward","Linden","-58.2833","6.0333",,,2/3/2009 0:00:00,12/30/1899 8:30:00,"B- Serious Injury","F- Driver",25.00,"Male","N- Pickup;V-Motor Cycle","S- Driver's Negligence",2.00
7271,31261.00,"10- Upper Demerara- Berbice",1180,"Fair Rust","Linden","-58.2833","6.0000",,,2/3/2009 0:00:00,12/30/1899 18:00:00,"B- Serious Injury","F- Driver",17.00,"Male","K- Private Cars;V-Motor Cycle","S- Driver's Negligence",2.00
7272,31262.00,"10- Upper Demerara- Berbice",1179,"Amelias Ward","Linden","-58.2833","6.0333",,,3/13/2009 0:00:00,12/30/1899 16:30:00,"D- Property Damage","F- Driver",47.00,"Male","M- Hire Cars;N- Pickup","S- Driver's Negligence",2.00
7273,31263.00,"10- Upper Demerara- Berbice",403,"Kara Kara Public Road","Soesdyke-Linden Highway (Right Bank Demerara River-from Georgetown)","-59.6167","4.2000",,,3/21/2009 0:00:00,12/30/1899 14:30:00,"D- Property Damage","F- Driver",25.00,"Male","J- Minibus;K- Private Cars","S- Driver's Negligence",2.00
7274,31264.00,"10- Upper Demerara- Berbice",1178,"Mabura Public Road","Linden","-58.6333","5.2833",,,3/13/2009 0:00:00,12/30/1899 19:20:00,"D- Property Damage","F- Driver",26.00,"Male","N- Pickup","S- Driver's Negligence",2.00
7275,31265.00,"10- Upper Demerara- Berbice",1179,"Amelias Ward","Linden","-58.2833","6.0333",,,2/24/2009 0:00:00,12/30/1899 15:30:00,"B- Serious Injury","F- Driver",49.00,"Male","J- Minibus;W-Pedal Cycle","P- Speeding",2.00
7276,31266.00,"10- Upper Demerara- Berbice",404,"Republic Avenue McKenzie","Soesdyke-Linden Highway (Right Bank Demerara River-from Georgetown)","-58.3000","6.0000",,,3/27/2009 0:00:00,12/30/1899 11:15:00,"B- Serious Injury","E- Pedestrian",38.00,"Male","M- Hire Cars","T-Pedestrian's Negligence",2.00
7277,31267.00,"10- Upper Demerara- Berbice",404,"Sir David Rose Avenue","Soesdyke-Linden Highway (Right Bank Demerara River-from Georgetown)","-58.3000","6.0000",,,3/28/2009 0:00:00,12/30/1899 17:15:00,"C- Minor Injury","F- Driver",19.00,"Male","J- Minibus;N- Pickup","S- Driver's Negligence",2.00
7278,31268.00,"10- Upper Demerara- Berbice",400,"Moblissa Public Road","Soesdyke-Linden Highway (Right Bank Demerara River-from Georgetown)","-58.2833","6.1000",,,3/30/2009 0:00:00,12/30/1899 21:00:00,"A- Fatal","F- Driver",61.00,"Male","L- Lorries Van","S- Driver's Negligence",2.00
7279,31269.00,"10- Upper Demerara- Berbice",404,"Independence Avenue","Soesdyke-Linden Highway (Right Bank Demerara River-from Georgetown)","-58.3000","6.0000",,,4/13/2009 0:00:00,12/30/1899 12:05:00,"D- Property Damage","F- Driver",24.00,"Male","K- Private Cars","S- Driver's Negligence",1.00
7280,31270.00,"10- Upper Demerara- Berbice",385,"Linden Soesdyke Highway","Soesdyke-Linden Highway (Right Bank Demerara River-from Georgetown)","-58.2333","6.5500",,,4/30/2009 0:00:00,12/30/1899 15:15:00,"C- Minor Injury","G- Rider",18.00,"Male","K- Private Cars;V-Motor Cycle","U- Cyclist's Negligence",2.00
7281,31271.00,"10- Upper Demerara- Berbice",1178,"Mabura MIle Road","Linden","-58.6333","5.2833",,,5/2/2009 0:00:00,12/30/1899 13:50:00,"D- Property Damage","F- Driver",47.00,"Male","J- Minibus;N- Pickup","S- Driver's Negligence",2.00
7282,31272.00,"10- Upper Demerara- Berbice",385,"Sweyo Public Road","Soesdyke-Linden Highway (Right Bank Demerara River-from Georgetown)","-58.2333","6.5500",,,5/3/2009 0:00:00,12/30/1899 3:40:00,"A- Fatal","F- Driver",58.00,"Male","L- Lorries Van;M- Hire Cars","P- Speeding",5.00
7283,31273.00,"10- Upper Demerara- Berbice",1179,"Amelia's Ward Public Road","Linden","-58.2833","6.0333",,,5/22/2009 0:00:00,12/30/1899 7:45:00,"A- Fatal","F- Driver",24.00,"Male","N- Pickup;V-Motor Cycle","P- Speeding",2.00
7284,31274.00,"10- Upper Demerara- Berbice",404,"One Mile Public Road","Soesdyke-Linden Highway (Right Bank Demerara River-from Georgetown)","-58.3000","6.0000",,,5/4/2009 0:00:00,12/30/1899 8:20:00,"B- Serious Injury","F- Driver",,"Male","K- Private Cars;V-Motor Cycle","S- Driver's Negligence",2.00
7285,31275.00,"10- Upper Demerara- Berbice",1178,"42 Miles Mabura Road","Linden","-58.6333","5.2833",,,5/29/2009 0:00:00,12/30/1899 16:00:00,"A- Fatal","F- Driver",57.00,"Male","N- Pickup","P- Speeding",3.00
7286,31276.00,"10- Upper Demerara- Berbice",1180,"Half Mile Public Road","Linden","-58.2833","6.0000",,,6/18/2009 0:00:00,12/30/1899 14:45:00,"C- Minor Injury","F- Driver",48.00,"Female","J- Minibus","P- Speeding",2.00
7287,31277.00,"10- Upper Demerara- Berbice",404,"One Mile Public Road","Soesdyke-Linden Highway (Right Bank Demerara River-from Georgetown)","-58.3000","6.0000",,,6/19/2009 0:00:00,12/30/1899 14:30:00,"C- Minor Injury","G- Rider",27.00,"Male","M- Hire Cars;W-Pedal Cycle","U- Cyclist's Negligence",2.00
7288,31278.00,"10- Upper Demerara- Berbice",829,"Adventure Public Road","CORENTYNE COAST ROAD (Form New Amsterdam)","-57.2833","6.2167",,,6/20/2009 0:00:00,12/30/1899 14:45:00,"B- Serious Injury","F- Driver",47.00,"Male","J- Minibus;L- Lorries Van","P- Speeding",2.00
7289,31279.00,"10- Upper Demerara- Berbice",1180,"Washer Pond Road","Linden","-58.2833","6.0000",,,7/12/2009 0:00:00,12/30/1899 23:40:00,"D- Property Damage","F- Driver",21.00,"Female","K- Private Cars","S- Driver's Negligence",2.00
7290,31280.00,"10- Upper Demerara- Berbice",1180,"Winifred Gaskin Road","Linden","-58.2833","6.0000",,,7/26/2009 0:00:00,12/30/1899 5:30:00,"A- Fatal","F- Driver",51.00,"Male","J- Minibus;W-Pedal Cycle","S- Driver's Negligence",2.00
7291,31281.00,"10- Upper Demerara- Berbice",404,"One Mile Public Road","Soesdyke-Linden Highway (Right Bank Demerara River-from Georgetown)","-58.3000","6.0000",,,7/27/2009 0:00:00,12/30/1899 13:30:00,"D- Property Damage","F- Driver",53.00,"Female","K- Private Cars;L- Lorries Van","S- Driver's Negligence",2.00
7292,31282.00,"10- Upper Demerara- Berbice",829,"Adventure Public Road","CORENTYNE COAST ROAD (Form New Amsterdam)","-57.2833","6.2167",,,8/15/2009 0:00:00,12/30/1899 15:00:00,"D- Property Damage","F- Driver",31.00,"Male","K- Private Cars","P- Speeding",2.00
7293,31283.00,"10- Upper Demerara- Berbice",1178,"Mabura Public Road","Linden","-58.6333","5.2833",,,8/24/2009 0:00:00,12/30/1899 15:00:00,"C- Minor Injury","F- Driver",50.00,"Female","J- Minibus;N- Pickup","S- Driver's Negligence",2.00
7294,31284.00,"10- Upper Demerara- Berbice",1180,"Washer Pond Road","Linden","-58.2833","6.0000",,,8/6/2009 0:00:00,12/30/1899 16:40:00,"D- Property Damage","F- Driver",34.00,"Male","K- Private Cars;L- Lorries Van","S- Driver's Negligence",2.00
7295,31285.00,"10- Upper Demerara- Berbice",1180,"Casserena Drive","Linden","-58.2833","6.0000",,,8/8/2009 0:00:00,12/30/1899 7:30:00,"C- Minor Injury","F- Driver",,"Male","N- Pickup;V-Motor Cycle","S- Driver's Negligence",2.00
7296,31286.00,"10- Upper Demerara- Berbice",404,"One Mile Public Road","Soesdyke-Linden Highway (Right Bank Demerara River-from Georgetown)","-58.3000","6.0000",,,9/7/2009 0:00:00,12/30/1899 14:30:00,"D- Property Damage","F- Driver",29.00,"Male","J- Minibus;L- Lorries Van","P- Speeding",2.00
7297,31287.00,"10- Upper Demerara- Berbice",1178,"Mabura Public Road","Linden","-58.6333","5.2833",,,9/17/2009 0:00:00,12/30/1899 12:45:00,"D- Property Damage","F- Driver",36.00,"Male","N- Pickup","S- Driver's Negligence",1.00
7298,31288.00,"10- Upper Demerara- Berbice",400,"Moblissa Public Road","Soesdyke-Linden Highway (Right Bank Demerara River-from Georgetown)","-58.2833","6.1000",,,10/16/2009 0:00:00,12/30/1899 19:00:00,"A- Fatal","F- Driver",53.00,"Male","K- Private Cars","P- Speeding",3.00
7299,31289.00,"10- Upper Demerara- Berbice",404,"One Mile Public Road","Soesdyke-Linden Highway (Right Bank Demerara River-from Georgetown)","-58.3000","6.0000",,,10/16/2009 0:00:00,12/30/1899 18:00:00,"B- Serious Injury","E- Pedestrian",7.00,"Female","J- Minibus","T-Pedestrian's Negligence",2.00
7300,31290.00,"10- Upper Demerara- Berbice",397,"Dora Public Road","Soesdyke-Linden Highway (Right Bank Demerara River-from Georgetown)","-58.2667","6.2833",,,10/25/2009 0:00:00,12/30/1899 15:00:00,"B- Serious Injury","G- Rider",,"Male","V-Motor Cycle","U- Cyclist's Negligence",1.00
7301,31291.00,"10- Upper Demerara- Berbice",1178,"48 Miles Mabura Road","Linden","-58.6333","5.2833",,,11/26/2009 0:00:00,12/30/1899 4:30:00,"C- Minor Injury","F- Driver",52.00,"Male","N- Pickup","S- Driver's Negligence",1.00