"ID","Accident ID","Region Number","Corridor ID","Location (Intersection/Road/Street)","Corridor","Location- longitude/ X","Location- latitude/  Y","Mile Marker","Village","Date of Accident","Time of Accident","Type of Accident","Class of Road User","Age/DOB","Gender","Class of Vehicles Involved","Contributing Factor","Number of Persons Involved"
7302,31292.00,"10- Upper Demerara- Berbice",398,"Loo Creek","Soesdyke-Linden Highway (Right Bank Demerara River-from Georgetown)","-58.2833","6.2500",,,12/2/2009 0:00:00,12/30/1899 12:35:00,"C- Minor Injury","F- Driver",,"Male","K- Private Cars","S- Driver's Negligence",1.00
7303,31293.00,"10- Upper Demerara- Berbice",1180,"Roaruni Public Road","Linden","-58.2833","6.0000",,,12/3/2009 0:00:00,12/30/1899 3:00:00,"A- Fatal","F- Driver",35.00,"Male","L- Lorries Van","P- Speeding",2.00
7304,31294.00,"10- Upper Demerara- Berbice",404,"Burnham Drive","Soesdyke-Linden Highway (Right Bank Demerara River-from Georgetown)","-58.3000","6.0000",,,1/1/2010 0:00:00,12/30/1899 5:15:00,"C- Minor Injury","F- Driver",63.00,"Male","J- Minibus;K- Private Cars","S- Driver's Negligence",2.00
7305,31295.00,"10- Upper Demerara- Berbice",1179,"Amelia's Ward Public Road","Linden","-58.2833","6.0333",,,11/30/2009 0:00:00,12/30/1899 19:30:00,"C- Minor Injury","F- Driver",38.00,"Male","K- Private Cars;L- Lorries Van","S- Driver's Negligence",2.00
7306,31296.00,"10- Upper Demerara- Berbice",1180,"Winifred Gaskin Road","Linden","-58.2833","6.0000",,,12/9/2009 0:00:00,12/30/1899 8:30:00,"D- Property Damage","F- Driver",51.00,"Male","J- Minibus;M- Hire Cars","P- Speeding",2.00
7307,31297.00,"10- Upper Demerara- Berbice",404,"Co-op Crescent","Soesdyke-Linden Highway (Right Bank Demerara River-from Georgetown)","-58.3000","6.0000",,,12/19/2009 0:00:00,12/30/1899 13:45:00,"C- Minor Injury","F- Driver",42.00,"Male","K- Private Cars","P- Speeding",2.00
7308,31298.00,"10- Upper Demerara- Berbice",404,"Burnham Drive","Soesdyke-Linden Highway (Right Bank Demerara River-from Georgetown)","-58.3000","6.0000",,,1/1/2010 0:00:00,12/30/1899 5:15:00,"C- Minor Injury","F- Driver",63.00,"Male","J- Minibus;K- Private Cars","S- Driver's Negligence",2.00
7309,31299.00,"10- Upper Demerara- Berbice",1178,"48 Miles Mabura Road","Linden","-58.6333","5.2833",,,1/3/2010 0:00:00,12/30/1899 9:05:00,"A- Fatal","F- Driver",18.00,"Male","N- Pickup","P- Speeding",2.00
7310,31300.00,"10- Upper Demerara- Berbice",404,"Sir David Rose Avenue","Soesdyke-Linden Highway (Right Bank Demerara River-from Georgetown)","-58.3000","6.0000",,,1/8/2010 0:00:00,12/30/1899 8:30:00,"C- Minor Injury","F- Driver",37.00,"Male","N- Pickup",,1.00
7311,31301.00,"10- Upper Demerara- Berbice",404,"Powis Crescent","Soesdyke-Linden Highway (Right Bank Demerara River-from Georgetown)","-58.3000","6.0000",,,1/15/2010 0:00:00,12/30/1899 17:30:00,"B- Serious Injury","F- Driver",16.00,"Female","K- Private Cars;W-Pedal Cycle","S- Driver's Negligence",2.00
7312,31302.00,"10- Upper Demerara- Berbice",404,"Greenheart St.","Soesdyke-Linden Highway (Right Bank Demerara River-from Georgetown)","-58.3000","6.0000",,,1/25/2010 0:00:00,12/30/1899 10:00:00,"C- Minor Injury","F- Driver",35.00,"Male","J- Minibus","S- Driver's Negligence",2.00
7313,31303.00,"10- Upper Demerara- Berbice",1180,"Half Mile Public Road","Linden","-58.2833","6.0000",,,1/24/2010 0:00:00,12/30/1899 11:30:00,"C- Minor Injury","G- Rider",56.00,"Male","J- Minibus;V-Motor Cycle","U- Cyclist's Negligence",2.00
7314,31304.00,"10- Upper Demerara- Berbice",404,"Greenheart St. & Independence Ave.","Soesdyke-Linden Highway (Right Bank Demerara River-from Georgetown)","-58.3000","6.0000",,,1/22/2010 0:00:00,12/30/1899 10:00:00,"C- Minor Injury","F- Driver",28.00,"Male","K- Private Cars","S- Driver's Negligence",2.00
7315,31305.00,"10- Upper Demerara- Berbice",1178,"58 Miles Mabura Road","Linden","-58.6333","5.2833",,,1/29/2010 0:00:00,12/30/1899 23:00:00,"A- Fatal","F- Driver",56.00,"Male","L- Lorries Van","O- Lost Control & Runoff",5.00
7316,31306.00,"10- Upper Demerara- Berbice",1178,"Kwakwani Park Road","Linden","-58.6333","5.2833",,,2/3/2010 0:00:00,12/30/1899 16:30:00,"B- Serious Injury","G- Rider",28.00,"Male","V-Motor Cycle","P- Speeding",2.00
7317,31307.00,"10- Upper Demerara- Berbice",1180,"Half Mile Public Road","Linden","-58.2833","6.0000",,,4/4/2010 0:00:00,,"C- Minor Injury","F- Driver",38.00,"Male","J- Minibus","S- Driver's Negligence",2.00
7318,31308.00,"10- Upper Demerara- Berbice",385,"Millies Hideout Linden Highway","Soesdyke-Linden Highway (Right Bank Demerara River-from Georgetown)","-58.2333","6.5500",,,4/11/2010 0:00:00,12/30/1899 15:45:00,"B- Serious Injury","F- Driver",23.00,"Female","K- Private Cars","O- Lost Control & Runoff",4.00
7319,31309.00,"10- Upper Demerara- Berbice",404,"Sir David Rose & Independance Avenue","Soesdyke-Linden Highway (Right Bank Demerara River-from Georgetown)","-58.3000","6.0000",,,4/30/2010 0:00:00,12/30/1899 6:30:00,"C- Minor Injury","F- Driver",45.00,"Male","K- Private Cars;V-Motor Cycle","S- Driver's Negligence",2.00
7320,31310.00,"10- Upper Demerara- Berbice",1025,"Nine Miles Ituni Road","RUPUNUNI CATTLE TRAIL","-59.4167","5.8167",,,5/8/2010 0:00:00,12/30/1899 9:45:00,"B- Serious Injury","F- Driver",30.00,"Male","L- Lorries Van","O- Lost Control & Runoff",3.00
7321,31311.00,"10- Upper Demerara- Berbice",404,"Sir David Rose Avenue","Soesdyke-Linden Highway (Right Bank Demerara River-from Georgetown)","-58.3000","6.0000",,,5/10/2010 0:00:00,12/30/1899 18:45:00,"A- Fatal","F- Driver",32.00,"Male","L- Lorries Van;V-Motor Cycle",,2.00
7322,31312.00,"10- Upper Demerara- Berbice",403,"Kara Kara Public Road","Soesdyke-Linden Highway (Right Bank Demerara River-from Georgetown)","-59.6167","4.2000",,,5/12/2010 0:00:00,12/30/1899 8:05:00,"D- Property Damage","F- Driver",34.00,"Male","K- Private Cars;M- Hire Cars;N- Pickup","S- Driver's Negligence",4.00
7323,31313.00,"10- Upper Demerara- Berbice",1180,"Silver Hill Public Road","Linden","-58.2833","6.0000",,,5/26/2010 0:00:00,12/30/1899 22:30:00,"A- Fatal","F- Driver",25.00,"Male","M- Hire Cars","P- Speeding",2.00
7324,31314.00,"10- Upper Demerara- Berbice",404,"Sir David Rose Avenue","Soesdyke-Linden Highway (Right Bank Demerara River-from Georgetown)","-58.3000","6.0000",,,6/7/2010 0:00:00,12/30/1899 16:00:00,"C- Minor Injury","F- Driver",30.00,"Male","K- Private Cars","O- Lost Control & Runoff",4.00
7325,31315.00,"10- Upper Demerara- Berbice",404,"Republic Avenue","Soesdyke-Linden Highway (Right Bank Demerara River-from Georgetown)","-58.3000","6.0000",,,6/8/2010 0:00:00,12/30/1899 10:15:00,"C- Minor Injury","F- Driver",29.00,"Male","M- Hire Cars;V-Motor Cycle","S- Driver's Negligence",2.00
7326,31316.00,"10- Upper Demerara- Berbice",400,"Moblissa Public Road","Soesdyke-Linden Highway (Right Bank Demerara River-from Georgetown)","-58.2833","6.1000",,,6/22/2010 0:00:00,12/30/1899 18:30:00,"D- Property Damage","F- Driver",32.00,"Male","N- Pickup","O- Lost Control & Runoff",1.00
7327,31317.00,"10- Upper Demerara- Berbice",1178,"Kwakwani Trail","Linden","-58.6333","5.2833",,,7/7/2010 0:00:00,12/30/1899 17:30:00,"B- Serious Injury","F- Driver",24.00,"Male","N- Pickup","S- Driver's Negligence",5.00
7328,31318.00,"10- Upper Demerara- Berbice",1179,"Amelia's Ward Public Road","Linden","-58.2833","6.0333",,,7/27/2010 0:00:00,12/30/1899 4:00:00,"A- Fatal","E- Pedestrian",26.00,"Male",,,
7329,31319.00,"10- Upper Demerara- Berbice",829,"Adventure Public Road","CORENTYNE COAST ROAD (Form New Amsterdam)","-57.2833","6.2167",,,7/30/2010 0:00:00,12/30/1899 10:05:00,"B- Serious Injury","F- Driver",35.00,"Male","J- Minibus","O- Lost Control & Runoff",1.00
7330,31320.00,"10- Upper Demerara- Berbice",404,"One Mile Public Road","Soesdyke-Linden Highway (Right Bank Demerara River-from Georgetown)","-58.3000","6.0000",,,8/11/2010 0:00:00,12/30/1899 18:20:00,"C- Minor Injury","F- Driver",34.00,"Male","M- Hire Cars","S- Driver's Negligence",2.00
7331,31321.00,"10- Upper Demerara- Berbice",404,"Sir David Rose Avenue","Soesdyke-Linden Highway (Right Bank Demerara River-from Georgetown)","-58.3000","6.0000",,,8/16/2010 0:00:00,12/30/1899 10:15:00,"D- Property Damage","F- Driver",27.00,"Male","K- Private Cars;M- Hire Cars;N- Pickup","S- Driver's Negligence",3.00
7332,31322.00,"10- Upper Demerara- Berbice",1180,"Silver Hill Public Road","Linden","-58.2833","6.0000",,,6/20/2010 0:00:00,12/30/1899 11:45:00,"D- Property Damage","F- Driver",,"Male","K- Private Cars","O- Lost Control & Runoff",1.00
7333,31323.00,"10- Upper Demerara- Berbice",404,"One Mile Public Road","Soesdyke-Linden Highway (Right Bank Demerara River-from Georgetown)","-58.3000","6.0000",,,8/17/2010 0:00:00,12/30/1899 19:45:00,"B- Serious Injury","F- Driver",,"Male","M- Hire Cars","S- Driver's Negligence",3.00
7334,31324.00,"10- Upper Demerara- Berbice",385,"Linden Highway","Soesdyke-Linden Highway (Right Bank Demerara River-from Georgetown)","-58.2333","6.5500",,,8/21/2010 0:00:00,12/30/1899 16:30:00,"A- Fatal","F- Driver",37.00,"Male","K- Private Cars","O- Lost Control & Runoff",2.00
7335,31325.00,"10- Upper Demerara- Berbice",1180,"Washer Pond Road","Linden","-58.2833","6.0000",,,9/19/2010 0:00:00,12/30/1899 17:30:00,"B- Serious Injury","F- Driver",18.00,"Male","K- Private Cars;M- Hire Cars","O- Lost Control & Runoff",2.00
7336,31326.00,"10- Upper Demerara- Berbice",1020,"Ituni Public Road","RUPUNUNI CATTLE TRAIL","-57.9167","5.5167",,,9/14/2010 0:00:00,12/30/1899 18:00:00,"A- Fatal","F- Driver",21.00,"Male","L- Lorries Van","S- Driver's Negligence",1.00
7337,31327.00,"10- Upper Demerara- Berbice",400,"Moblissa Public Road","Soesdyke-Linden Highway (Right Bank Demerara River-from Georgetown)","-58.2833","6.1000",,,9/23/2010 0:00:00,12/30/1899 14:40:00,"B- Serious Injury","F- Driver",42.00,"Male","N- Pickup","O- Lost Control & Runoff",4.00
7338,31328.00,"10- Upper Demerara- Berbice",404,"One Mile Public Road","Soesdyke-Linden Highway (Right Bank Demerara River-from Georgetown)","-58.3000","6.0000",,,9/24/2010 0:00:00,12/30/1899 17:00:00,"B- Serious Injury","F- Driver",,"Male","M- Hire Cars;V-Motor Cycle","S- Driver's Negligence",2.00
7339,31329.00,"10- Upper Demerara- Berbice",1178,"58 Miles Mabura Road","Linden","-58.6333","5.2833",,,10/16/2010 0:00:00,12/30/1899 7:00:00,"B- Serious Injury","F- Driver",31.00,"Male","N- Pickup","O- Lost Control & Runoff",1.00
7340,31330.00,"10- Upper Demerara- Berbice",1178,"35 Miles Mabura Road","Linden","-58.6333","5.2833",,,11/27/2010 0:00:00,12/30/1899 11:30:00,"B- Serious Injury","F- Driver",28.00,"Male","N- Pickup","P- Speeding",1.00
7341,31331.00,"10- Upper Demerara- Berbice",1180,"Casserena Drive","Linden","-58.2833","6.0000",,,12/2/2010 0:00:00,12/30/1899 8:45:00,"D- Property Damage","F- Driver",28.00,"Male","J- Minibus;K- Private Cars;M- Hire Cars","S- Driver's Negligence",3.00
7342,31332.00,"10- Upper Demerara- Berbice",403,"Kara Kara Public Road","Soesdyke-Linden Highway (Right Bank Demerara River-from Georgetown)","-59.6167","4.2000",,,12/3/2010 0:00:00,12/30/1899 8:30:00,"B- Serious Injury","G- Rider",28.00,"Male","M- Hire Cars;V-Motor Cycle","U- Cyclist's Negligence",2.00
7343,31333.00,"10- Upper Demerara- Berbice",1180,"Wismar Public Road","Linden","-58.2833","6.0000",,,1/7/2011 0:00:00,12/30/1899 10:30:00,"D- Property Damage","F- Driver",35.00,"Male","L- Lorries Van;N- Pickup","S- Driver's Negligence",2.00
7344,31334.00,"10- Upper Demerara- Berbice",1178,"20 Miles Mabura Road","Linden","-58.6333","5.2833",,,1/17/2011 0:00:00,12/30/1899 12:00:00,"D- Property Damage","F- Driver",51.00,"Male","J- Minibus","S- Driver's Negligence",2.00
7345,31335.00,"10- Upper Demerara- Berbice",1178,"58 Miles Mabura Road","Linden","-58.6333","5.2833",,,1/18/2011 0:00:00,12/30/1899 12:25:00,"B- Serious Injury","F- Driver",46.00,"Male","K- Private Cars;N- Pickup","S- Driver's Negligence",2.00
7346,31336.00,"10- Upper Demerara- Berbice",1180,"Huru Ressurection Road","Linden","-58.2833","6.0000",,,2/4/2011 0:00:00,12/30/1899 8:30:00,"B- Serious Injury","F- Driver",42.00,"Male","N- Pickup;W-Pedal Cycle","S- Driver's Negligence",2.00
7347,31337.00,"10- Upper Demerara- Berbice",404,"Sir David Rose Avenue","Soesdyke-Linden Highway (Right Bank Demerara River-from Georgetown)","-58.3000","6.0000",,,2/4/2011 0:00:00,12/30/1899 21:45:00,"B- Serious Injury","F- Driver",33.00,"Male","M- Hire Cars;V-Motor Cycle","S- Driver's Negligence",2.00
7348,31338.00,"10- Upper Demerara- Berbice",398,"Low Creek Linden Highway","Soesdyke-Linden Highway (Right Bank Demerara River-from Georgetown)","-58.2833","6.2500",,,2/5/2011 0:00:00,12/30/1899 14:45:00,"C- Minor Injury","F- Driver",31.00,"Male","M- Hire Cars","O- Lost Control & Runoff",3.00
7349,31339.00,"10- Upper Demerara- Berbice",404,"Sir David Rose Avenue","Soesdyke-Linden Highway (Right Bank Demerara River-from Georgetown)","-58.3000","6.0000",,,2/9/2011 0:00:00,12/30/1899 7:45:00,"C- Minor Injury","F- Driver",,"Male","K- Private Cars;M- Hire Cars","S- Driver's Negligence",2.00
7350,31340.00,"10- Upper Demerara- Berbice",404,"Independence Avenue","Soesdyke-Linden Highway (Right Bank Demerara River-from Georgetown)","-58.3000","6.0000",,,2/12/2011 0:00:00,12/30/1899 10:30:00,"D- Property Damage","F- Driver",,"Male","J- Minibus;M- Hire Cars","S- Driver's Negligence",2.00
7351,31341.00,"10- Upper Demerara- Berbice",1178,"9 Miles Mabura Road","Linden","-58.6333","5.2833",,,3/2/2011 0:00:00,12/30/1899 17:30:00,"B- Serious Injury","F- Driver",58.00,"Male","J- Minibus","O- Lost Control & Runoff",1.00
7352,31342.00,"10- Upper Demerara- Berbice",404,"Sir David Rose Avenue","Soesdyke-Linden Highway (Right Bank Demerara River-from Georgetown)","-58.3000","6.0000",,,4/2/2011 0:00:00,12/30/1899 21:00:00,"C- Minor Injury","F- Driver",34.00,"Male","K- Private Cars","S- Driver's Negligence",2.00
7353,31343.00,"10- Upper Demerara- Berbice",1179,"Amelia's Ward Public Road","Linden","-58.2833","6.0333",,,4/29/2011 0:00:00,,"D- Property Damage","F- Driver",44.00,"Male","K- Private Cars;L- Lorries Van","S- Driver's Negligence",2.00
7354,31344.00,"10- Upper Demerara- Berbice",403,"Kara Kara Public Road","Soesdyke-Linden Highway (Right Bank Demerara River-from Georgetown)","-59.6167","4.2000",,,5/20/2011 0:00:00,12/30/1899 20:00:00,"C- Minor Injury","F- Driver",26.00,"Male","K- Private Cars;V-Motor Cycle","S- Driver's Negligence",2.00
7355,31345.00,"10- Upper Demerara- Berbice",385,"Sweyo Public Road","Soesdyke-Linden Highway (Right Bank Demerara River-from Georgetown)","-58.2333","6.5500",,,5/23/2011 0:00:00,12/30/1899 15:10:00,"D- Property Damage","F- Driver",28.00,"Male","K- Private Cars;N- Pickup","S- Driver's Negligence",2.00
7356,31346.00,"10- Upper Demerara- Berbice",385,"Sweyo Public Road","Soesdyke-Linden Highway (Right Bank Demerara River-from Georgetown)","-58.2333","6.5500",,,5/1/2011 0:00:00,12/30/1899 14:30:00,"B- Serious Injury","F- Driver",59.00,"Male","J- Minibus","P- Speeding",9.00
7357,31347.00,"10- Upper Demerara- Berbice",404,"Republic Avenue","Soesdyke-Linden Highway (Right Bank Demerara River-from Georgetown)","-58.3000","6.0000",,,6/16/2011 0:00:00,12/30/1899 14:50:00,"D- Property Damage","F- Driver",31.00,"Male","K- Private Cars;N- Pickup","S- Driver's Negligence",2.00
7358,31348.00,"10- Upper Demerara- Berbice",404,"Co-op Crescent","Soesdyke-Linden Highway (Right Bank Demerara River-from Georgetown)","-58.3000","6.0000",,,6/22/2011 0:00:00,12/30/1899 17:00:00,"C- Minor Injury","G- Rider",16.00,"Male","N- Pickup;W-Pedal Cycle","U- Cyclist's Negligence",2.00
7359,31349.00,"10- Upper Demerara- Berbice",404,"Sir David Rose Avenue","Soesdyke-Linden Highway (Right Bank Demerara River-from Georgetown)","-58.3000","6.0000",,,6/22/2011 0:00:00,,"B- Serious Injury","E- Pedestrian",59.00,"Male","K- Private Cars","T-Pedestrian's Negligence",2.00
7360,31350.00,"10- Upper Demerara- Berbice",403,"Kara Kara Public Road","Soesdyke-Linden Highway (Right Bank Demerara River-from Georgetown)","-59.6167","4.2000",,,7/1/2011 0:00:00,12/30/1899 7:45:00,"A- Fatal","F- Driver",29.00,"Male","K- Private Cars;W-Pedal Cycle","P- Speeding",2.00
7361,31351.00,"10- Upper Demerara- Berbice",1180,"Nothinghampshire Public Road","Linden","-58.2833","6.0000",,,7/25/2011 0:00:00,12/30/1899 7:30:00,"A- Fatal","F- Driver",40.00,"Male","J- Minibus;L- Lorries Van","S- Driver's Negligence",2.00
7362,31352.00,"10- Upper Demerara- Berbice",404,"Sir David Rose Avenue","Soesdyke-Linden Highway (Right Bank Demerara River-from Georgetown)","-58.3000","6.0000",,,8/20/2011 0:00:00,12/30/1899 17:30:00,"C- Minor Injury","G- Rider",16.00,"Male","K- Private Cars;W-Pedal Cycle","U- Cyclist's Negligence",2.00
7363,31353.00,"10- Upper Demerara- Berbice",404,"Co-op Crescent Public Road & Republic Avenue","Soesdyke-Linden Highway (Right Bank Demerara River-from Georgetown)","-58.3000","6.0000",,,8/26/2011 0:00:00,12/30/1899 18:20:00,"B- Serious Injury","F- Driver",31.00,"Male","J- Minibus;W-Pedal Cycle","S- Driver's Negligence",2.00
7364,31354.00,"10- Upper Demerara- Berbice",400,"Moblissa Public Road","Soesdyke-Linden Highway (Right Bank Demerara River-from Georgetown)","-58.2833","6.1000",,,9/29/2011 0:00:00,12/30/1899 10:00:00,"C- Minor Injury","F- Driver",27.00,"Male","J- Minibus","O- Lost Control & Runoff",3.00
7365,31355.00,"10- Upper Demerara- Berbice",1178,"35 Miles Mabura Road","Linden","-58.6333","5.2833",,,9/23/2011 0:00:00,12/30/1899 11:30:00,"A- Fatal","F- Driver",61.00,"Male","J- Minibus;L- Lorries Van","S- Driver's Negligence",2.00
7366,31356.00,"10- Upper Demerara- Berbice",403,"Kara Kara Public Road","Soesdyke-Linden Highway (Right Bank Demerara River-from Georgetown)","-59.6167","4.2000",,,10/2/2011 0:00:00,12/30/1899 19:00:00,"C- Minor Injury","F- Driver",21.00,"Male","X-Tractor","S- Driver's Negligence",2.00
7367,31357.00,"10- Upper Demerara- Berbice",404,"Greenheart St. & Republic Ave.","Soesdyke-Linden Highway (Right Bank Demerara River-from Georgetown)","-58.3000","6.0000",,,10/1/2011 0:00:00,12/30/1899 17:45:00,"D- Property Damage","F- Driver",35.00,"Male","K- Private Cars","S- Driver's Negligence",2.00
7368,31358.00,"10- Upper Demerara- Berbice",1180,"Washer Pond Road","Linden","-58.2833","6.0000",,,12/8/2011 0:00:00,,"D- Property Damage","F- Driver",,"Male","K- Private Cars;L- Lorries Van","S- Driver's Negligence",2.00
7369,31359.00,"10- Upper Demerara- Berbice",1180,"Old England Public Road","Linden","-58.2833","6.0000",,,12/14/2011 0:00:00,,"B- Serious Injury","F- Driver",28.00,"Male","L- Lorries Van","O- Lost Control & Runoff",1.00
7370,31360.00,"10- Upper Demerara- Berbice",404,"Sir David Rose Avenue","Soesdyke-Linden Highway (Right Bank Demerara River-from Georgetown)","-58.3000","6.0000",,,12/21/2011 0:00:00,,"D- Property Damage","F- Driver",41.00,"Male","J- Minibus;M- Hire Cars","S- Driver's Negligence",2.00
7371,31361.00,"10- Upper Demerara- Berbice",1179,"Amelia's Ward Public Road","Linden","-58.2833","6.0333",,,1/8/2012 0:00:00,,"D- Property Damage","F- Driver",26.00,"Male","K- Private Cars;M- Hire Cars","S- Driver's Negligence",2.00
7372,31362.00,"10- Upper Demerara- Berbice",403,"Kara Kara Public Road","Soesdyke-Linden Highway (Right Bank Demerara River-from Georgetown)","-59.6167","4.2000",,,1/12/2012 0:00:00,12/30/1899 9:50:00,"A- Fatal","F- Driver",46.00,"Male","N- Pickup","S- Driver's Negligence",2.00
7373,31363.00,"10- Upper Demerara- Berbice",404,"Purpleheart St.","Soesdyke-Linden Highway (Right Bank Demerara River-from Georgetown)","-58.3000","6.0000",,,1/20/2012 0:00:00,,"B- Serious Injury","F- Driver",19.00,"Male","K- Private Cars","S- Driver's Negligence",2.00
7374,31364.00,"10- Upper Demerara- Berbice",1180,"Kairuni Public Road","Linden","-58.2833","6.0000",,,2/8/2012 0:00:00,12/30/1899 14:00:00,"C- Minor Injury","F- Driver",58.00,"Male","J- Minibus;L- Lorries Van","P- Speeding",2.00
7375,31365.00,"10- Upper Demerara- Berbice",404,"Sir David Rose Avenue","Soesdyke-Linden Highway (Right Bank Demerara River-from Georgetown)","-58.3000","6.0000",,,2/29/2012 0:00:00,12/30/1899 18:30:00,"B- Serious Injury","F- Driver",35.00,"Male","J- Minibus","P- Speeding",1.00
7376,31366.00,"10- Upper Demerara- Berbice",404,"Wismar/Mackenzie Bridge","Soesdyke-Linden Highway (Right Bank Demerara River-from Georgetown)","-58.3000","6.0000",,,3/9/2012 0:00:00,12/30/1899 12:45:00,"B- Serious Injury","G- Rider",34.00,"Male","L- Lorries Van;V-Motor Cycle","P- Speeding",2.00
7377,31367.00,"10- Upper Demerara- Berbice",1180,"Washer Pond Public Road","Linden","-58.2833","6.0000",,,4/12/2012 0:00:00,12/30/1899 9:40:00,"C- Minor Injury","F- Driver",33.00,"Male","L- Lorries Van;M- Hire Cars",,2.00
7378,31368.00,"10- Upper Demerara- Berbice",404,"Republic Avenue","Soesdyke-Linden Highway (Right Bank Demerara River-from Georgetown)","-58.3000","6.0000",,,4/10/2012 0:00:00,,"D- Property Damage","F- Driver",50.00,"Male","K- Private Cars","S- Driver's Negligence",2.00
7379,31369.00,"10- Upper Demerara- Berbice",404,"One Mile Public Road","Soesdyke-Linden Highway (Right Bank Demerara River-from Georgetown)","-58.3000","6.0000",,,4/15/2012 0:00:00,12/30/1899 18:15:00,"B- Serious Injury","G- Rider",22.00,"Male","K- Private Cars;V-Motor Cycle","U- Cyclist's Negligence",2.00
7380,31370.00,"10- Upper Demerara- Berbice",1179,"Amelia's Ward Public Road","Linden","-58.2833","6.0333",,,4/16/2012 0:00:00,12/30/1899 18:43:00,"D- Property Damage","F- Driver",59.00,"Male","L- Lorries Van;N- Pickup","S- Driver's Negligence",2.00
7381,31371.00,"10- Upper Demerara- Berbice",1180,"Winifred Gaskin Road","Linden","-58.2833","6.0000",,,4/27/2012 0:00:00,12/30/1899 9:30:00,"D- Property Damage","F- Driver",,"Male","L- Lorries Van;N- Pickup","S- Driver's Negligence",2.00
7382,31372.00,"10- Upper Demerara- Berbice",1180,"Washer Pond Public Road","Linden","-58.2833","6.0000",,,4/30/2012 0:00:00,12/30/1899 2:30:00,"C- Minor Injury","F- Driver",30.00,"Male","K- Private Cars;M- Hire Cars","S- Driver's Negligence",2.00
7383,31373.00,"10- Upper Demerara- Berbice",1179,"Amelia's Ward Public Road","Linden","-58.2833","6.0333",,,4/23/2012 0:00:00,12/30/1899 7:30:00,"C- Minor Injury","F- Driver",,"Male","K- Private Cars;V-Motor Cycle","S- Driver's Negligence",2.00
7384,31374.00,"10- Upper Demerara- Berbice",397,"Dora Public Road","Soesdyke-Linden Highway (Right Bank Demerara River-from Georgetown)","-58.2667","6.2833",,,4/29/2012 0:00:00,12/30/1899 4:30:00,"B- Serious Injury","F- Driver",26.00,"Male","K- Private Cars;L- Lorries Van","S- Driver's Negligence",2.00
7385,31375.00,"10- Upper Demerara- Berbice",1179,"Amelia's Ward Public Road","Linden","-58.2833","6.0333",,,5/2/2012 0:00:00,12/30/1899 16:00:00,"B- Serious Injury","E- Pedestrian",6.00,"Male","K- Private Cars","T-Pedestrian's Negligence",2.00
7386,31376.00,"10- Upper Demerara- Berbice",685,"Millies Public Road","RIGHT BANK BERBICE RIVER (From New Amsterdam)","-57.5167","6.1833",,,5/4/2012 0:00:00,12/30/1899 23:30:00,"C- Minor Injury","F- Driver",,"Male","M- Hire Cars;X-Tractor","S- Driver's Negligence",2.00
7387,31377.00,"10- Upper Demerara- Berbice",404,"Independence Avenue","Soesdyke-Linden Highway (Right Bank Demerara River-from Georgetown)","-58.3000","6.0000",,,5/10/2012 0:00:00,12/30/1899 8:15:00,"C- Minor Injury","F- Driver",,"Female","K- Private Cars","S- Driver's Negligence",2.00
7388,31378.00,"10- Upper Demerara- Berbice",1178,"Mabura Road","Linden","-58.6333","5.2833",,,12/30/2010 0:00:00,12/30/1899 11:30:00,"D- Property Damage","F- Driver",,"Male","J- Minibus;N- Pickup",,2.00
7389,31379.00,"10- Upper Demerara- Berbice",1178,"58 Miles Mabura Road","Linden","-58.6333","5.2833",,,6/23/2012 0:00:00,12/30/1899 6:30:00,"A- Fatal","F- Driver",18.00,"Male","J- Minibus;N- Pickup","S- Driver's Negligence",2.00
7390,31380.00,"10- Upper Demerara- Berbice",1180,"Kairuni Public Road","Linden","-58.2833","6.0000",,,6/15/2012 0:00:00,12/30/1899 21:15:00,"B- Serious Injury","F- Driver",25.00,"Male","K- Private Cars","O- Lost Control & Runoff",1.00
7391,31381.00,"10- Upper Demerara- Berbice",404,"One Mile Public Road","Soesdyke-Linden Highway (Right Bank Demerara River-from Georgetown)","-58.3000","6.0000",,,6/25/2012 0:00:00,,"D- Property Damage","F- Driver",,"Male","J- Minibus;K- Private Cars","S- Driver's Negligence",2.00
7392,31382.00,"10- Upper Demerara- Berbice",1179,"Amelia's Ward Public Road","Linden","-58.2833","6.0333",,,7/13/2012 0:00:00,12/30/1899 17:10:00,"A- Fatal","G- Rider",33.00,"Male","V-Motor Cycle","P- Speeding",1.00
7393,31383.00,"10- Upper Demerara- Berbice",1178,"47 Miles Mabura Road","Linden","-58.6333","5.2833",,,7/2/2012 0:00:00,12/30/1899 8:30:00,"B- Serious Injury","F- Driver",50.00,"Male","N- Pickup","O- Lost Control & Runoff",1.00