"ID","Accident ID","Region Number","Corridor ID","Location (Intersection/Road/Street)","Corridor","Location- longitude/ X","Location- latitude/  Y","Mile Marker","Village","Date of Accident","Time of Accident","Type of Accident","Class of Road User","Age/DOB","Gender","Class of Vehicles Involved","Contributing Factor","Number of Persons Involved"
7394,31384.00,"10- Upper Demerara- Berbice",1179,"Amelia's Ward Public Road","Linden","-58.2833","6.0333",,,8/24/2012 0:00:00,12/30/1899 19:20:00,"D- Property Damage","F- Driver",,"Male","K- Private Cars;L- Lorries Van","S- Driver's Negligence",2.00
7395,31385.00,"10- Upper Demerara- Berbice",404,"Sir David Rose Avenue","Soesdyke-Linden Highway (Right Bank Demerara River-from Georgetown)","-58.3000","6.0000",,,9/3/2012 0:00:00,12/30/1899 17:15:00,"C- Minor Injury","G- Rider",72.00,"Male","K- Private Cars;V-Motor Cycle",,2.00
7396,31386.00,"10- Upper Demerara- Berbice",1180,"Kairuni Public Road","Linden","-58.2833","6.0000",,,9/6/2012 0:00:00,12/30/1899 2:30:00,"A- Fatal","F- Driver",32.00,"Male","L- Lorries Van","S- Driver's Negligence",2.00
7397,31387.00,"10- Upper Demerara- Berbice",403,"Kara Kara Public Road","Soesdyke-Linden Highway (Right Bank Demerara River-from Georgetown)","-59.6167","4.2000",,,9/25/2012 0:00:00,12/30/1899 8:00:00,"D- Property Damage","F- Driver",24.00,"Male","K- Private Cars;M- Hire Cars","R- Improper Overtaking",2.00
7398,31388.00,"10- Upper Demerara- Berbice",404,"One Mile Public Road","Soesdyke-Linden Highway (Right Bank Demerara River-from Georgetown)","-58.3000","6.0000",,,10/22/2012 0:00:00,12/30/1899 7:30:00,"C- Minor Injury","F- Driver",30.00,"Male","K- Private Cars;W-Pedal Cycle","P- Speeding",2.00
7399,31389.00,"10- Upper Demerara- Berbice",1180,"Half Mile Public Road","Linden","-58.2833","6.0000",,,11/14/2012 0:00:00,12/30/1899 18:30:00,"B- Serious Injury","F- Driver",28.00,"Male","K- Private Cars","S- Driver's Negligence",2.00
7400,31390.00,"10- Upper Demerara- Berbice",404,"One Mile Public Road","Soesdyke-Linden Highway (Right Bank Demerara River-from Georgetown)","-58.3000","6.0000",,,12/3/2012 0:00:00,12/30/1899 16:05:00,"C- Minor Injury","F- Driver",32.00,"Male","J- Minibus;K- Private Cars","S- Driver's Negligence",2.00
7401,31391.00,"10- Upper Demerara- Berbice",403,"Kara Kara Public Road","Soesdyke-Linden Highway (Right Bank Demerara River-from Georgetown)","-59.6167","4.2000",,,12/3/2012 0:00:00,12/30/1899 19:40:00,"B- Serious Injury","E- Pedestrian",37.00,"Male","K- Private Cars","T-Pedestrian's Negligence",2.00
7402,31392.00,"10- Upper Demerara- Berbice",404,"Greenheart St.","Soesdyke-Linden Highway (Right Bank Demerara River-from Georgetown)","-58.3000","6.0000",,,12/12/2012 0:00:00,,"D- Property Damage","F- Driver",23.00,"Male","K- Private Cars;N- Pickup","S- Driver's Negligence",2.00
7403,31393.00,"10- Upper Demerara- Berbice",1180,"Watooka Public Road","Linden","-58.2833","6.0000",,,5/27/2004 0:00:00,12/30/1899 6:30:00,"D- Property Damage","F- Driver",30.00,"Male","K- Private Cars","S- Driver's Negligence",1.00
7404,31394.00,"10- Upper Demerara- Berbice",1025,"Isomie Public Road","RUPUNUNI CATTLE TRAIL","-59.4167","5.8167",,,6/6/2004 0:00:00,12/30/1899 18:10:00,"A- Fatal","F- Driver",28.00,"Male","J- Minibus","S- Driver's Negligence",2.00
7405,31395.00,"10- Upper Demerara- Berbice",385,"Linden Soesdyke Highway","Soesdyke-Linden Highway (Right Bank Demerara River-from Georgetown)","-58.2333","6.5500",,,7/5/2004 0:00:00,12/30/1899 19:30:00,"D- Property Damage","F- Driver",,"Male","K- Private Cars","S- Driver's Negligence",1.00
7406,31396.00,"10- Upper Demerara- Berbice",404,"One Mile Public Road","Soesdyke-Linden Highway (Right Bank Demerara River-from Georgetown)","-58.3000","6.0000",,,,,"D- Property Damage","F- Driver",40.00,"Male","M- Hire Cars;N- Pickup","S- Driver's Negligence",2.00
7407,31397.00,"10- Upper Demerara- Berbice",385,"Linden Soesdyke Highway","Soesdyke-Linden Highway (Right Bank Demerara River-from Georgetown)","-58.2333","6.5500",,,7/19/2004 0:00:00,12/30/1899 18:30:00,"C- Minor Injury","G- Rider",54.00,"Male","K- Private Cars;W-Pedal Cycle","U- Cyclist's Negligence",2.00
7408,31398.00,"10- Upper Demerara- Berbice",1179,"Amelia's Ward Public Road","Linden","-58.2833","6.0333",,,7/23/2004 0:00:00,12/30/1899 21:30:00,"C- Minor Injury","F- Driver",21.00,"Male","J- Minibus","O- Lost Control & Runoff",1.00
7409,31399.00,"10- Upper Demerara- Berbice",1178,"2Km Mabura Road","Linden","-58.6333","5.2833",,,7/23/2004 0:00:00,12/30/1899 17:40:00,"A- Fatal","F- Driver",64.00,"Male","L- Lorries Van","S- Driver's Negligence",2.00
7410,31400.00,"10- Upper Demerara- Berbice",404,"Burnham Drive","Soesdyke-Linden Highway (Right Bank Demerara River-from Georgetown)","-58.3000","6.0000",,,8/1/2004 0:00:00,12/30/1899 8:15:00,"B- Serious Injury","F- Driver",,"Male","N- Pickup","O- Lost Control & Runoff",1.00
7411,31401.00,"10- Upper Demerara- Berbice",385,"Sweyo Public Road","Soesdyke-Linden Highway (Right Bank Demerara River-from Georgetown)","-58.2333","6.5500",,,8/7/2004 0:00:00,12/30/1899 23:00:00,"A- Fatal","F- Driver",26.00,"Male","K- Private Cars","S- Driver's Negligence",2.00
7412,31402.00,"10- Upper Demerara- Berbice",401,"Bamia Public Road","Soesdyke-Linden Highway (Right Bank Demerara River-from Georgetown)","-58.3000","6.0833",,,8/8/2004 0:00:00,,"A- Fatal","F- Driver",33.00,"Male","K- Private Cars","O- Lost Control & Runoff",1.00
7413,31403.00,"10- Upper Demerara- Berbice",1180,"Washer Pond Public Road","Linden","-58.2833","6.0000",,,8/20/2004 0:00:00,,"D- Property Damage","F- Driver",,"Male","K- Private Cars;M- Hire Cars","S- Driver's Negligence",2.00
7414,31404.00,"10- Upper Demerara- Berbice",1179,"Amelia's Ward Public Road","Linden","-58.2833","6.0333",,,8/13/2004 0:00:00,12/30/1899 12:30:00,"B- Serious Injury","F- Driver",34.00,"Male","L- Lorries Van;M- Hire Cars","S- Driver's Negligence",2.00
7415,31405.00,"10- Upper Demerara- Berbice",1180,"Dovbecy Mine Road","Linden","-58.2833","6.0000",,,,12/30/1899 4:45:00,"C- Minor Injury","F- Driver",38.00,"Male",,,
7416,31406.00,"10- Upper Demerara- Berbice",1180,"Washer Pond Public Road","Linden","-58.2833","6.0000",,,,,"C- Minor Injury","G- Rider",48.00,"Male","K- Private Cars;W-Pedal Cycle","U- Cyclist's Negligence",2.00
7417,31407.00,"10- Upper Demerara- Berbice",404,"Co-op Crescent","Soesdyke-Linden Highway (Right Bank Demerara River-from Georgetown)","-58.3000","6.0000",,,,,"C- Minor Injury","F- Driver",,"Male","J- Minibus","S- Driver's Negligence",1.00
7418,31408.00,"10- Upper Demerara- Berbice",1180,"Dagevand Avenue","Linden","-58.2833","6.0000",,,,,"D- Property Damage","F- Driver",28.00,"Male","K- Private Cars","S- Driver's Negligence",2.00
7419,31409.00,"10- Upper Demerara- Berbice",1178,"Mabura Road","Linden","-58.6333","5.2833",,,9/24/2004 0:00:00,12/30/1899 14:00:00,"B- Serious Injury","F- Driver",,"Male","N- Pickup","S- Driver's Negligence",1.00
7420,31410.00,"10- Upper Demerara- Berbice",404,"Independence Avenue","Soesdyke-Linden Highway (Right Bank Demerara River-from Georgetown)","-58.3000","6.0000",,,9/29/2004 0:00:00,12/30/1899 14:00:00,"C- Minor Injury","F- Driver",,"Male","K- Private Cars;W-Pedal Cycle","S- Driver's Negligence",2.00
7421,31411.00,"10- Upper Demerara- Berbice",385,"Linden Soesdyke Highway","Soesdyke-Linden Highway (Right Bank Demerara River-from Georgetown)","-58.2333","6.5500",,,,,"D- Property Damage","F- Driver",34.00,"Male","K- Private Cars","O- Lost Control & Runoff",1.00
7422,31412.00,"10- Upper Demerara- Berbice",1178,"Mabura Road","Linden","-58.6333","5.2833",,,10/24/2004 0:00:00,,"D- Property Damage","F- Driver",,"Male","J- Minibus","P- Speeding",1.00
7423,31413.00,"10- Upper Demerara- Berbice",1180,"Kangha Mines","Linden","-58.2833","6.0000",,,10/27/2004 0:00:00,12/30/1899 12:00:00,"B- Serious Injury","F- Driver",37.00,"Male","J- Minibus","S- Driver's Negligence",5.00
7424,31414.00,"10- Upper Demerara- Berbice",1178,"Mabura Road","Linden","-58.6333","5.2833",,,11/22/2004 0:00:00,12/30/1899 9:00:00,"A- Fatal","F- Driver",36.00,"Male","N- Pickup","O- Lost Control & Runoff",1.00
7425,31415.00,"10- Upper Demerara- Berbice",385,"Linden Soesdyke Highway","Soesdyke-Linden Highway (Right Bank Demerara River-from Georgetown)","-58.2333","6.5500",,,11/25/2004 0:00:00,12/30/1899 11:30:00,"B- Serious Injury","F- Driver",29.00,"Male","K- Private Cars;M- Hire Cars","S- Driver's Negligence",2.00
7426,31416.00,"10- Upper Demerara- Berbice",385,"Linden Soesdyke Highway","Soesdyke-Linden Highway (Right Bank Demerara River-from Georgetown)","-58.2333","6.5500",,,12/10/2004 0:00:00,12/30/1899 14:40:00,"B- Serious Injury","F- Driver",52.00,"Male","K- Private Cars","P- Speeding",1.00
7427,31417.00,"10- Upper Demerara- Berbice",1180,"Kakwini","Linden","-58.2833","6.0000",,,12/17/2004 0:00:00,12/30/1899 1:40:00,"B- Serious Injury","F- Driver",39.00,"Male","N- Pickup","O- Lost Control & Runoff",3.00
7428,31418.00,"10- Upper Demerara- Berbice",1180,"Washer Pond Public Road","Linden","-58.2833","6.0000",,,12/24/2004 0:00:00,12/30/1899 13:00:00,"A- Fatal","F- Driver",74.00,"Male","K- Private Cars","S- Driver's Negligence",2.00
7429,31419.00,"10- Upper Demerara- Berbice",404,"Co-op Crescent","Soesdyke-Linden Highway (Right Bank Demerara River-from Georgetown)","-58.3000","6.0000",,,12/25/2004 0:00:00,,"D- Property Damage","F- Driver",31.00,"Male","K- Private Cars","S- Driver's Negligence",1.00
7430,31420.00,"10- Upper Demerara- Berbice",1178,"Kwakwani","Linden","-58.6333","5.2833",,,12/31/2004 0:00:00,12/30/1899 11:15:00,"B- Serious Injury","F- Driver",22.00,"Male","J- Minibus;V-Motor Cycle","U- Cyclist's Negligence",2.00
7431,31421.00,"10- Upper Demerara- Berbice",1179,"Amelia's Ward Public Road","Linden","-58.2833","6.0333",,,1/1/2005 0:00:00,12/30/1899 12:45:00,"A- Fatal","F- Driver",45.00,"Female","J- Minibus;V-Motor Cycle","S- Driver's Negligence",2.00
7432,31422.00,"10- Upper Demerara- Berbice",385,"Linden Soesdyke Highway","Soesdyke-Linden Highway (Right Bank Demerara River-from Georgetown)","-58.2333","6.5500",,,1/9/2005 0:00:00,12/30/1899 18:00:00,"B- Serious Injury","F- Driver",50.00,"Male","V-Motor Cycle;X-Tractor","S- Driver's Negligence",2.00
7433,31423.00,"10- Upper Demerara- Berbice",1180,"Washer Pond Public Road","Linden","-58.2833","6.0000",,,1/7/2005 0:00:00,12/30/1899 21:00:00,"C- Minor Injury","F- Driver",,"Male","K- Private Cars","S- Driver's Negligence",2.00
7434,31424.00,"10- Upper Demerara- Berbice",1180,"Five Caners","Linden","-58.2833","6.0000",,,1/20/2005 0:00:00,12/30/1899 15:40:00,"C- Minor Injury","F- Driver",,"Male","J- Minibus;N- Pickup","S- Driver's Negligence",2.00
7435,31425.00,"10- Upper Demerara- Berbice",385,"Linden Soesdyke Highway","Soesdyke-Linden Highway (Right Bank Demerara River-from Georgetown)","-58.2333","6.5500",,,1/30/2005 0:00:00,12/30/1899 5:30:00,"C- Minor Injury","F- Driver",,"Male","J- Minibus;K- Private Cars","S- Driver's Negligence",2.00
7436,31426.00,"10- Upper Demerara- Berbice",385,"Linden Soesdyke Highway","Soesdyke-Linden Highway (Right Bank Demerara River-from Georgetown)","-58.2333","6.5500",,,2/7/2005 0:00:00,12/30/1899 20:15:00,"C- Minor Injury","F- Driver",,"Male","K- Private Cars;L- Lorries Van","S- Driver's Negligence",2.00
7437,31427.00,"10- Upper Demerara- Berbice",385,"Linden Soesdyke Highway","Soesdyke-Linden Highway (Right Bank Demerara River-from Georgetown)","-58.2333","6.5500",,,7/10/2003 0:00:00,,"B- Serious Injury","F- Driver",34.00,"Male","J- Minibus;V-Motor Cycle","P- Speeding",2.00
7438,31428.00,"10- Upper Demerara- Berbice",1180,"Washer Pond Public Road","Linden","-58.2833","6.0000",,,7/30/2003 0:00:00,12/30/1899 2:15:00,"C- Minor Injury","F- Driver",,"Male","J- Minibus","S- Driver's Negligence",2.00
7439,31429.00,"10- Upper Demerara- Berbice",1180,"Half Mile Public Road","Linden","-58.2833","6.0000",,,8/1/2003 0:00:00,12/30/1899 7:30:00,"D- Property Damage","F- Driver",42.00,"Male","K- Private Cars;N- Pickup;V-Motor Cycle","S- Driver's Negligence",3.00
7440,31430.00,"10- Upper Demerara- Berbice",1180,"Casserena Drive","Linden","-58.2833","6.0000",,,8/5/2003 0:00:00,12/30/1899 11:59:00,"B- Serious Injury","F- Driver",,"Male","J- Minibus;V-Motor Cycle","S- Driver's Negligence",3.00
7441,31431.00,"10- Upper Demerara- Berbice",404,"One Mile Public Road","Soesdyke-Linden Highway (Right Bank Demerara River-from Georgetown)","-58.3000","6.0000",,,8/5/2003 0:00:00,12/30/1899 10:55:00,"B- Serious Injury","F- Driver",42.00,"Male","L- Lorries Van;N- Pickup","S- Driver's Negligence",2.00
7442,31432.00,"10- Upper Demerara- Berbice",404,"Co-op Crescent","Soesdyke-Linden Highway (Right Bank Demerara River-from Georgetown)","-58.3000","6.0000",,,8/8/2003 0:00:00,12/30/1899 11:00:00,"C- Minor Injury","E- Pedestrian",25.00,"Male","M- Hire Cars","T-Pedestrian's Negligence",2.00
7443,31433.00,"10- Upper Demerara- Berbice",385,"Linden Soesdyke Highway","Soesdyke-Linden Highway (Right Bank Demerara River-from Georgetown)","-58.2333","6.5500",,,9/5/2003 0:00:00,12/30/1899 15:00:00,"D- Property Damage","F- Driver",,"Male","J- Minibus;K- Private Cars","S- Driver's Negligence",2.00
7444,31434.00,"10- Upper Demerara- Berbice",385,"Sweyo Public Road","Soesdyke-Linden Highway (Right Bank Demerara River-from Georgetown)","-58.2333","6.5500",,,10/8/2003 0:00:00,12/30/1899 19:00:00,"A- Fatal","F- Driver",44.00,"Male","J- Minibus;L- Lorries Van","P- Speeding",5.00
7445,31435.00,"10- Upper Demerara- Berbice",404,"Purpleheart St.","Soesdyke-Linden Highway (Right Bank Demerara River-from Georgetown)","-58.3000","6.0000",,,10/11/2003 0:00:00,12/30/1899 18:40:00,"B- Serious Injury","G- Rider",,"Male","V-Motor Cycle;W-Pedal Cycle","U- Cyclist's Negligence",3.00
7446,31436.00,"10- Upper Demerara- Berbice",1179,"Amelia's Ward Public Road","Linden","-58.2833","6.0333",,,1/2/2004 0:00:00,12/30/1899 5:30:00,"A- Fatal","F- Driver",35.00,"Male","K- Private Cars;L- Lorries Van","P- Speeding",4.00
7447,31437.00,"10- Upper Demerara- Berbice",385,"Linden Soesdyke Highway","Soesdyke-Linden Highway (Right Bank Demerara River-from Georgetown)","-58.2333","6.5500",,,1/2/2004 0:00:00,12/30/1899 5:30:00,"B- Serious Injury","F- Driver",46.00,"Male","J- Minibus;L- Lorries Van","P- Speeding",2.00
7448,31438.00,"10- Upper Demerara- Berbice",404,"Sir David Rose Avenue","Soesdyke-Linden Highway (Right Bank Demerara River-from Georgetown)","-58.3000","6.0000",,,1/27/2004 0:00:00,12/30/1899 20:20:00,"D- Property Damage","G- Rider",37.00,"Male","M- Hire Cars;V-Motor Cycle","U- Cyclist's Negligence",2.00
7449,31439.00,"10- Upper Demerara- Berbice",398,"Loo Creek","Soesdyke-Linden Highway (Right Bank Demerara River-from Georgetown)","-58.2833","6.2500",,,2/17/2004 0:00:00,12/30/1899 8:30:00,"B- Serious Injury","F- Driver",29.00,"Male","M- Hire Cars","O- Lost Control & Runoff",3.00
7450,31440.00,"10- Upper Demerara- Berbice",404,"Sir David Rose Avenue","Soesdyke-Linden Highway (Right Bank Demerara River-from Georgetown)","-58.3000","6.0000",,,3/9/2004 0:00:00,12/30/1899 7:30:00,"D- Property Damage","F- Driver",44.00,"Male","J- Minibus;N- Pickup","S- Driver's Negligence",2.00
7451,31441.00,"10- Upper Demerara- Berbice",404,"Mines Road","Soesdyke-Linden Highway (Right Bank Demerara River-from Georgetown)","-58.3000","6.0000",,,3/9/2004 0:00:00,12/30/1899 12:15:00,"D- Property Damage","F- Driver",25.00,"Male","M- Hire Cars","O- Lost Control & Runoff",1.00
7452,31442.00,"10- Upper Demerara- Berbice",404,"Sir David Rose Avenue","Soesdyke-Linden Highway (Right Bank Demerara River-from Georgetown)","-58.3000","6.0000",,,3/22/2004 0:00:00,12/30/1899 18:30:00,"B- Serious Injury","E- Pedestrian",51.00,"Male","K- Private Cars","T-Pedestrian's Negligence",2.00
7453,31443.00,"10- Upper Demerara- Berbice",385,"Linden Soesdyke Highway","Soesdyke-Linden Highway (Right Bank Demerara River-from Georgetown)","-58.2333","6.5500",,,3/29/2004 0:00:00,12/30/1899 10:30:00,"C- Minor Injury","F- Driver",28.00,"Male","K- Private Cars;N- Pickup","S- Driver's Negligence",2.00
7454,31444.00,"10- Upper Demerara- Berbice",404,"Sir David Rose Avenue","Soesdyke-Linden Highway (Right Bank Demerara River-from Georgetown)","-58.3000","6.0000",,,4/3/2004 0:00:00,12/30/1899 10:17:00,"B- Serious Injury","G- Rider",17.00,"Female","V-Motor Cycle","O- Lost Control & Runoff",1.00
7455,31445.00,"10- Upper Demerara- Berbice",385,"Linden Soesdyke Highway","Soesdyke-Linden Highway (Right Bank Demerara River-from Georgetown)","-58.2333","6.5500",,,4/6/2004 0:00:00,12/30/1899 8:00:00,"B- Serious Injury","F- Driver",32.00,"Male","J- Minibus;K- Private Cars","S- Driver's Negligence",2.00
7456,31446.00,"10- Upper Demerara- Berbice",1180,"Washer Pond Public Road","Linden","-58.2833","6.0000",,,4/18/2004 0:00:00,12/30/1899 5:30:00,"A- Fatal","G- Rider",48.00,"Male","K- Private Cars;W-Pedal Cycle","U- Cyclist's Negligence",2.00
7457,31447.00,"10- Upper Demerara- Berbice",1180,"Washer Pond Public Road","Linden","-58.2833","6.0000",,,4/22/2004 0:00:00,12/30/1899 19:45:00,"B- Serious Injury","G- Rider",,"Male","K- Private Cars;W-Pedal Cycle","U- Cyclist's Negligence",2.00
7458,31448.00,"10- Upper Demerara- Berbice",1180,"Determa St.","Linden","-58.2833","6.0000",,,4/24/2004 0:00:00,12/30/1899 21:30:00,"D- Property Damage","F- Driver",35.00,"Male","K- Private Cars;L- Lorries Van","S- Driver's Negligence",2.00
7459,31449.00,"10- Upper Demerara- Berbice",404,"Republic Avenue","Soesdyke-Linden Highway (Right Bank Demerara River-from Georgetown)","-58.3000","6.0000",,,4/30/2004 0:00:00,12/30/1899 14:45:00,"C- Minor Injury","F- Driver",,"Male","J- Minibus;V-Motor Cycle","S- Driver's Negligence",2.00
7460,31450.00,"10- Upper Demerara- Berbice",1178,"31Km Hill Road Mabura","Linden","-58.6333","5.2833",,,5/5/2004 0:00:00,12/30/1899 2:00:00,"A- Fatal","F- Driver",49.00,"Male","L- Lorries Van","O- Lost Control & Runoff",5.00
7461,31451.00,"10- Upper Demerara- Berbice",385,"Linden Soesdyke Highway","Soesdyke-Linden Highway (Right Bank Demerara River-from Georgetown)","-58.2333","6.5500",,,5/11/2004 0:00:00,12/30/1899 13:35:00,"D- Property Damage","F- Driver",26.00,"Male","K- Private Cars;L- Lorries Van","S- Driver's Negligence",2.00
7462,31452.00,"10- Upper Demerara- Berbice",404,"Shopping Plaza Road","Soesdyke-Linden Highway (Right Bank Demerara River-from Georgetown)","-58.3000","6.0000",,,5/19/2004 0:00:00,12/30/1899 18:10:00,"D- Property Damage","F- Driver",,"Male","K- Private Cars","S- Driver's Negligence",2.00
7463,31453.00,"10- Upper Demerara- Berbice",385,"Sweyo Public Road","Soesdyke-Linden Highway (Right Bank Demerara River-from Georgetown)","-58.2333","6.5500",,,3/11/2005 0:00:00,12/30/1899 19:15:00,"B- Serious Injury","F- Driver",55.00,"Male","K- Private Cars;L- Lorries Van","R- Improper Overtaking",2.00
7464,31454.00,"10- Upper Demerara- Berbice",385,"Linden Soesdyke Highway","Soesdyke-Linden Highway (Right Bank Demerara River-from Georgetown)","-58.2333","6.5500",,,3/23/2005 0:00:00,12/30/1899 7:55:00,"A- Fatal","F- Driver",39.00,"Male","K- Private Cars","S- Driver's Negligence",1.00
7465,31455.00,"10- Upper Demerara- Berbice",404,"Sir David Rose Avenue","Soesdyke-Linden Highway (Right Bank Demerara River-from Georgetown)","-58.3000","6.0000",,,3/27/2005 0:00:00,12/30/1899 1:15:00,"C- Minor Injury","F- Driver",,"Male","K- Private Cars;L- Lorries Van","S- Driver's Negligence",2.00
7466,31456.00,"10- Upper Demerara- Berbice",385,"Linden Soesdyke Highway","Soesdyke-Linden Highway (Right Bank Demerara River-from Georgetown)","-58.2333","6.5500",,,4/4/2005 0:00:00,12/30/1899 21:20:00,"D- Property Damage","F- Driver",,"Male","J- Minibus;M- Hire Cars","S- Driver's Negligence",2.00
7467,31457.00,"10- Upper Demerara- Berbice",1180,"Washer Pond Public Road","Linden","-58.2833","6.0000",,,4/7/2005 0:00:00,12/30/1899 14:45:00,"D- Property Damage","F- Driver",,"Male","J- Minibus;L- Lorries Van","S- Driver's Negligence",2.00
7468,31458.00,"10- Upper Demerara- Berbice",1180,"Half Walk Public Road","Linden","-58.2833","6.0000",,,4/12/2005 0:00:00,12/30/1899 22:30:00,"A- Fatal","F- Driver",33.00,"Male","K- Private Cars;L- Lorries Van;N- Pickup","P- Speeding",7.00
7469,31459.00,"10- Upper Demerara- Berbice",385,"Linden Soesdyke Highway","Soesdyke-Linden Highway (Right Bank Demerara River-from Georgetown)","-58.2333","6.5500",,,5/2/2005 0:00:00,12/30/1899 1:30:00,"C- Minor Injury","F- Driver",,"Male","L- Lorries Van;M- Hire Cars","S- Driver's Negligence",2.00
7470,31460.00,"10- Upper Demerara- Berbice",1179,"Amelia's Ward Public Road","Linden","-58.2833","6.0333",,,5/2/2005 0:00:00,12/30/1899 7:45:00,"B- Serious Injury","F- Driver",33.00,"Male","M- Hire Cars;N- Pickup","S- Driver's Negligence",2.00
7471,31461.00,"10- Upper Demerara- Berbice",398,"Loo Creek","Soesdyke-Linden Highway (Right Bank Demerara River-from Georgetown)","-58.2833","6.2500",,,5/13/2005 0:00:00,12/30/1899 10:30:00,"D- Property Damage","F- Driver",29.00,"Male","N- Pickup","O- Lost Control & Runoff",1.00
7472,31462.00,"10- Upper Demerara- Berbice",1179,"Amelia's Ward Public Road","Linden","-58.2833","6.0333",,,5/11/2005 0:00:00,12/30/1899 18:42:00,"B- Serious Injury","F- Driver",40.00,"Male","L- Lorries Van;W-Pedal Cycle","U- Cyclist's Negligence",2.00
7473,31463.00,"10- Upper Demerara- Berbice",385,"Linden Soesdyke Highway","Soesdyke-Linden Highway (Right Bank Demerara River-from Georgetown)","-58.2333","6.5500",,,6/10/2005 0:00:00,12/30/1899 3:00:00,"D- Property Damage","F- Driver",,"Male","K- Private Cars;N- Pickup","S- Driver's Negligence",2.00
7474,31464.00,"10- Upper Demerara- Berbice",385,"Linden Soesdyke Highway","Soesdyke-Linden Highway (Right Bank Demerara River-from Georgetown)","-58.2333","6.5500",,,6/29/2005 0:00:00,12/30/1899 18:45:00,"D- Property Damage","F- Driver",,"Male","K- Private Cars;N- Pickup","S- Driver's Negligence",2.00
7475,31465.00,"10- Upper Demerara- Berbice",1179,"Amelia's Ward Public Road","Linden","-58.2833","6.0333",,,7/7/2005 0:00:00,12/30/1899 7:40:00,"B- Serious Injury","F- Driver",,"Male","J- Minibus;K- Private Cars","S- Driver's Negligence",2.00
7476,31466.00,"10- Upper Demerara- Berbice",385,"Linden Soesdyke Highway","Soesdyke-Linden Highway (Right Bank Demerara River-from Georgetown)","-58.2333","6.5500",,,7/18/2005 0:00:00,12/30/1899 9:30:00,"D- Property Damage","F- Driver",,"Male","M- Hire Cars;N- Pickup","S- Driver's Negligence",2.00
7477,31467.00,"10- Upper Demerara- Berbice",1180,"Washer Pond Public Road","Linden","-58.2833","6.0000",,,7/20/2005 0:00:00,12/30/1899 13:50:00,"D- Property Damage","F- Driver",39.00,"Male","J- Minibus","O- Lost Control & Runoff",1.00
7478,31468.00,"10- Upper Demerara- Berbice",1180,"Half Mile Public Road","Linden","-58.2833","6.0000",,,7/6/2005 0:00:00,12/30/1899 1:30:00,"B- Serious Injury","F- Driver",56.00,"Male","J- Minibus","S- Driver's Negligence",1.00
7479,31469.00,"10- Upper Demerara- Berbice",385,"Linden Soesdyke Highway","Soesdyke-Linden Highway (Right Bank Demerara River-from Georgetown)","-58.2333","6.5500",,,8/7/2005 0:00:00,12/30/1899 19:55:00,"B- Serious Injury","F- Driver",40.00,"Male","J- Minibus;W-Pedal Cycle","S- Driver's Negligence",2.00
7480,31470.00,"10- Upper Demerara- Berbice",404,"Greenheart St.","Soesdyke-Linden Highway (Right Bank Demerara River-from Georgetown)","-58.3000","6.0000",,,8/6/2005 0:00:00,12/30/1899 22:30:00,"D- Property Damage","F- Driver",,"Male","M- Hire Cars","S- Driver's Negligence",1.00
7481,31471.00,"10- Upper Demerara- Berbice",404,"Burnham Drive","Soesdyke-Linden Highway (Right Bank Demerara River-from Georgetown)","-58.3000","6.0000",,,8/14/2005 0:00:00,12/30/1899 13:15:00,"C- Minor Injury","F- Driver",24.00,"Male","M- Hire Cars","S- Driver's Negligence",2.00
7482,31472.00,"10- Upper Demerara- Berbice",403,"Kara Kara Hill Linden Highway","Soesdyke-Linden Highway (Right Bank Demerara River-from Georgetown)","-59.6167","4.2000",,,8/14/2005 0:00:00,12/30/1899 19:15:00,"B- Serious Injury","F- Driver",17.00,"Male","K- Private Cars","S- Driver's Negligence",1.00
7483,31473.00,"10- Upper Demerara- Berbice",404,"Burnham Drive","Soesdyke-Linden Highway (Right Bank Demerara River-from Georgetown)","-58.3000","6.0000",,,8/12/2005 0:00:00,12/30/1899 19:30:00,"A- Fatal","F- Driver",32.00,"Female","M- Hire Cars","O- Lost Control & Runoff",2.00
7484,31474.00,"10- Upper Demerara- Berbice",404,"Sir David Rose Avenue","Soesdyke-Linden Highway (Right Bank Demerara River-from Georgetown)","-58.3000","6.0000",,,9/2/2005 0:00:00,,"C- Minor Injury","F- Driver",24.00,"Male","L- Lorries Van","S- Driver's Negligence",1.00