"ID","Accident ID","Region Number","Corridor ID","Location (Intersection/Road/Street)","Corridor","Location- longitude/ X","Location- latitude/  Y","Mile Marker","Village","Date of Accident","Time of Accident","Type of Accident","Class of Road User","Age/DOB","Gender","Class of Vehicles Involved","Contributing Factor","Number of Persons Involved"
7485,31475.00,"10- Upper Demerara- Berbice",1179,"Amelia's Ward Public Road","Linden","-58.2833","6.0333",,,9/11/2005 0:00:00,12/30/1899 18:45:00,"B- Serious Injury","F- Driver",23.00,"Male","M- Hire Cars;N- Pickup","S- Driver's Negligence",2.00
7486,31476.00,"10- Upper Demerara- Berbice",404,"Burnham Drive","Soesdyke-Linden Highway (Right Bank Demerara River-from Georgetown)","-58.3000","6.0000",,,9/6/2005 0:00:00,12/30/1899 9:00:00,"D- Property Damage","F- Driver",23.00,"Male","J- Minibus;K- Private Cars","P- Speeding",2.00
7487,31477.00,"10- Upper Demerara- Berbice",1179,"Amelia's Ward Public Road","Linden","-58.2833","6.0333",,,9/20/2005 0:00:00,12/30/1899 12:15:00,"C- Minor Injury","F- Driver",51.00,"Male","K- Private Cars","S- Driver's Negligence",1.00
7488,31478.00,"10- Upper Demerara- Berbice",404,"Sir David Rose Avenue","Soesdyke-Linden Highway (Right Bank Demerara River-from Georgetown)","-58.3000","6.0000",,,9/27/2005 0:00:00,12/30/1899 19:45:00,"C- Minor Injury","F- Driver",19.00,"Male","K- Private Cars;W-Pedal Cycle","S- Driver's Negligence",2.00
7489,31479.00,"10- Upper Demerara- Berbice",385,"Linden Soesdyke Highway","Soesdyke-Linden Highway (Right Bank Demerara River-from Georgetown)","-58.2333","6.5500",,,,,"C- Minor Injury","F- Driver",,"Male","N- Pickup","O- Lost Control & Runoff",1.00
7490,31480.00,"10- Upper Demerara- Berbice",404,"Republic Avenue","Soesdyke-Linden Highway (Right Bank Demerara River-from Georgetown)","-58.3000","6.0000",,,10/13/2005 0:00:00,12/30/1899 14:05:00,"D- Property Damage","F- Driver",46.00,"Male","K- Private Cars","Y-Animal",1.00
7491,31481.00,"10- Upper Demerara- Berbice",404,"One Mile Public Road","Soesdyke-Linden Highway (Right Bank Demerara River-from Georgetown)","-58.3000","6.0000",,,,,"C- Minor Injury","F- Driver",28.00,"Male","K- Private Cars",,
7492,31482.00,"10- Upper Demerara- Berbice",404,"Republic Avenue","Soesdyke-Linden Highway (Right Bank Demerara River-from Georgetown)","-58.3000","6.0000",,,10/13/2005 0:00:00,12/30/1899 18:45:00,"C- Minor Injury","E- Pedestrian",22.00,"Male","V-Motor Cycle","T-Pedestrian's Negligence",2.00
7493,31483.00,"10- Upper Demerara- Berbice",404,"Sir David Rose Avenue","Soesdyke-Linden Highway (Right Bank Demerara River-from Georgetown)","-58.3000","6.0000",,,10/20/2005 0:00:00,12/30/1899 8:00:00,"B- Serious Injury","E- Pedestrian",10.00,"Male","J- Minibus","T-Pedestrian's Negligence",2.00
7494,31484.00,"10- Upper Demerara- Berbice",404,"One Mile Public Road","Soesdyke-Linden Highway (Right Bank Demerara River-from Georgetown)","-58.3000","6.0000",,,10/24/2005 0:00:00,12/30/1899 10:30:00,"C- Minor Injury","F- Driver",,"Male","K- Private Cars;V-Motor Cycle","S- Driver's Negligence",2.00
7495,31485.00,"10- Upper Demerara- Berbice",385,"Linden Soesdyke Highway","Soesdyke-Linden Highway (Right Bank Demerara River-from Georgetown)","-58.2333","6.5500",,,10/2/2005 0:00:00,12/30/1899 19:30:00,"C- Minor Injury","E- Pedestrian",,"Female","V-Motor Cycle","T-Pedestrian's Negligence",2.00
7496,31486.00,"10- Upper Demerara- Berbice",404,"Richmond Hill","Soesdyke-Linden Highway (Right Bank Demerara River-from Georgetown)","-58.3000","6.0000",,,10/19/2005 0:00:00,12/30/1899 16:30:00,"D- Property Damage","F- Driver",,"Male","K- Private Cars","P- Speeding",1.00
7497,31487.00,"10- Upper Demerara- Berbice",404,"Burnham Drive","Soesdyke-Linden Highway (Right Bank Demerara River-from Georgetown)","-58.3000","6.0000",,,10/28/2005 0:00:00,12/30/1899 15:05:00,"B- Serious Injury","F- Driver",33.00,"Male","M- Hire Cars;W-Pedal Cycle","S- Driver's Negligence",2.00
7498,31488.00,"10- Upper Demerara- Berbice",1179,"Amelia's Ward Public Road","Linden","-58.2833","6.0333",,,10/29/2005 0:00:00,12/30/1899 18:55:00,"C- Minor Injury","G- Rider",12.00,"Male","J- Minibus;W-Pedal Cycle","U- Cyclist's Negligence",2.00
7499,31489.00,"10- Upper Demerara- Berbice",1180,"Dukura Mine","Linden","-58.2833","6.0000",,,11/2/2005 0:00:00,12/30/1899 17:30:00,"A- Fatal","F- Driver",55.00,"Male","X-Tractor",,1.00
7500,31490.00,"10- Upper Demerara- Berbice",1180,"Arvaima Bauxite Mining Company","Linden","-58.2833","6.0000",,,11/3/2005 0:00:00,12/30/1899 23:43:00,"B- Serious Injury","F- Driver",22.00,"Male","N- Pickup","P- Speeding",1.00
7501,31491.00,"10- Upper Demerara- Berbice",404,"Sir David Rose Avenue","Soesdyke-Linden Highway (Right Bank Demerara River-from Georgetown)","-58.3000","6.0000",,,11/12/2005 0:00:00,12/30/1899 15:55:00,"D- Property Damage","F- Driver",,"Male","K- Private Cars;N- Pickup","S- Driver's Negligence",2.00
7502,31492.00,"10- Upper Demerara- Berbice",1179,"Amelia's Ward Public Road","Linden","-58.2833","6.0333",,,11/13/2005 0:00:00,12/30/1899 14:18:00,"D- Property Damage","F- Driver",,"Male","K- Private Cars","S- Driver's Negligence",2.00
7503,31493.00,"10- Upper Demerara- Berbice",404,"Greenheart St.","Soesdyke-Linden Highway (Right Bank Demerara River-from Georgetown)","-58.3000","6.0000",,,10/27/2005 0:00:00,12/30/1899 18:30:00,"D- Property Damage","F- Driver",44.00,"Male","M- Hire Cars","Y-Animal",1.00
7504,31494.00,"10- Upper Demerara- Berbice",1180,"Kairuni Public Road","Linden","-58.2833","6.0000",,,11/16/2005 0:00:00,12/30/1899 20:00:00,"A- Fatal","F- Driver",52.00,"Female","K- Private Cars","P- Speeding",2.00
7505,31495.00,"10- Upper Demerara- Berbice",385,"Linden Soesdyke Highway","Soesdyke-Linden Highway (Right Bank Demerara River-from Georgetown)","-58.2333","6.5500",,,11/20/2005 0:00:00,12/30/1899 8:00:00,"B- Serious Injury","F- Driver",51.00,"Male","J- Minibus;K- Private Cars","S- Driver's Negligence",2.00
7506,31496.00,"10- Upper Demerara- Berbice",385,"Linden Soesdyke Highway","Soesdyke-Linden Highway (Right Bank Demerara River-from Georgetown)","-58.2333","6.5500",,,11/30/2005 0:00:00,12/30/1899 12:00:00,"C- Minor Injury","F- Driver",28.00,"Male","K- Private Cars","O- Lost Control & Runoff",1.00
7507,31497.00,"10- Upper Demerara- Berbice",404,"Sir David Rose Avenue","Soesdyke-Linden Highway (Right Bank Demerara River-from Georgetown)","-58.3000","6.0000",,,12/10/2005 0:00:00,12/30/1899 21:15:00,"D- Property Damage","F- Driver",,"Male","N- Pickup;V-Motor Cycle","S- Driver's Negligence",2.00
7508,31498.00,"10- Upper Demerara- Berbice",1180,"Blue Berry Hill","Linden","-58.2833","6.0000",,,12/12/2005 0:00:00,12/30/1899 18:50:00,"B- Serious Injury","F- Driver",74.00,"Female","K- Private Cars","S- Driver's Negligence",2.00
7509,31499.00,"10- Upper Demerara- Berbice",404,"Christianburg Public Road","Soesdyke-Linden Highway (Right Bank Demerara River-from Georgetown)","-58.3000","6.0000",,,12/12/2005 0:00:00,12/30/1899 18:30:00,"D- Property Damage","F- Driver",,"Male","J- Minibus;V-Motor Cycle","S- Driver's Negligence",2.00
7510,31500.00,"10- Upper Demerara- Berbice",404,"Banks DIH","Soesdyke-Linden Highway (Right Bank Demerara River-from Georgetown)","-58.3000","6.0000",,,12/23/2005 0:00:00,12/30/1899 9:30:00,"C- Minor Injury","F- Driver",39.00,"Female","N- Pickup","O- Lost Control & Runoff",2.00
7511,31501.00,"10- Upper Demerara- Berbice",404,"Republic Avenue","Soesdyke-Linden Highway (Right Bank Demerara River-from Georgetown)","-58.3000","6.0000",,,12/24/2005 0:00:00,12/30/1899 12:24:00,"C- Minor Injury","G- Rider",45.00,"Male","V-Motor Cycle;W-Pedal Cycle","U- Cyclist's Negligence",2.00
7512,31502.00,"10- Upper Demerara- Berbice",385,"Linden Soesdyke Highway","Soesdyke-Linden Highway (Right Bank Demerara River-from Georgetown)","-58.2333","6.5500",,,1/5/2006 0:00:00,12/30/1899 1:30:00,"D- Property Damage","F- Driver",,"Male","K- Private Cars","S- Driver's Negligence",2.00
7513,31503.00,"10- Upper Demerara- Berbice",385,"Linden Soesdyke Highway","Soesdyke-Linden Highway (Right Bank Demerara River-from Georgetown)","-58.2333","6.5500",,,1/11/2006 0:00:00,12/30/1899 22:18:00,"D- Property Damage","F- Driver",,"Male","J- Minibus;M- Hire Cars","S- Driver's Negligence",2.00
7514,31504.00,"10- Upper Demerara- Berbice",1180,"Casserena Drive","Linden","-58.2833","6.0000",,,1/9/2006 0:00:00,12/30/1899 10:15:00,"B- Serious Injury","G- Rider",,"Male","V-Motor Cycle","U- Cyclist's Negligence",1.00
7515,31505.00,"10- Upper Demerara- Berbice",404,"Mora St. Mackenzie","Soesdyke-Linden Highway (Right Bank Demerara River-from Georgetown)","-58.3000","6.0000",,,1/21/2006 0:00:00,12/30/1899 22:10:00,"D- Property Damage","F- Driver",,"Male","K- Private Cars;L- Lorries Van","S- Driver's Negligence",2.00
7516,31506.00,"10- Upper Demerara- Berbice",404,"One Mile Public Road","Soesdyke-Linden Highway (Right Bank Demerara River-from Georgetown)","-58.3000","6.0000",,,1/22/2006 0:00:00,12/30/1899 5:00:00,"D- Property Damage","F- Driver",53.00,"Male","K- Private Cars","S- Driver's Negligence",2.00
7517,31507.00,"10- Upper Demerara- Berbice",385,"Linden Soesdyke Highway","Soesdyke-Linden Highway (Right Bank Demerara River-from Georgetown)","-58.2333","6.5500",,,1/2/2006 0:00:00,12/30/1899 2:01:00,"D- Property Damage","F- Driver",,"Male","K- Private Cars","O- Lost Control & Runoff",1.00
7518,31508.00,"10- Upper Demerara- Berbice",1180,"Washer Pond Public Road","Linden","-58.2833","6.0000",,,1/3/2006 0:00:00,12/30/1899 14:30:00,"C- Minor Injury","F- Driver",46.00,"Male","J- Minibus;K- Private Cars","S- Driver's Negligence",2.00
7519,31509.00,"10- Upper Demerara- Berbice",1178,"Kawani Linden","Linden","-58.6333","5.2833",,,2/4/2006 0:00:00,12/30/1899 0:00:00,"A- Fatal","F- Driver",51.00,"Male","K- Private Cars;L- Lorries Van","O- Lost Control & Runoff",3.00
7520,31510.00,"10- Upper Demerara- Berbice",1179,"Amelia's Ward Public Road","Linden","-58.2833","6.0333",,,2/8/2006 0:00:00,12/30/1899 20:15:00,"A- Fatal","F- Driver",40.00,"Male","N- Pickup","P- Speeding",2.00
7521,31511.00,"10- Upper Demerara- Berbice",1178,"47 Miles Mabura Trail","Linden","-58.6333","5.2833",,,2/20/2006 0:00:00,12/30/1899 20:00:00,"B- Serious Injury","F- Driver",,"Male","X-Tractor","S- Driver's Negligence",1.00
7522,31512.00,"10- Upper Demerara- Berbice",404,"Republic Avenue","Soesdyke-Linden Highway (Right Bank Demerara River-from Georgetown)","-58.3000","6.0000",,,2/28/2006 0:00:00,12/30/1899 13:45:00,"C- Minor Injury","F- Driver",,"Male","J- Minibus;V-Motor Cycle","S- Driver's Negligence",2.00
7523,31513.00,"10- Upper Demerara- Berbice",1180,"Canvas City","Linden","-58.2833","6.0000",,,3/4/2006 0:00:00,12/30/1899 23:30:00,"B- Serious Injury","G- Rider",32.00,"Male","V-Motor Cycle","U- Cyclist's Negligence",2.00
7524,31514.00,"10- Upper Demerara- Berbice",403,"Kara Kara Public Road","Soesdyke-Linden Highway (Right Bank Demerara River-from Georgetown)","-59.6167","4.2000",,,3/17/2006 0:00:00,12/30/1899 22:30:00,"A- Fatal","F- Driver",57.00,"Male","L- Lorries Van;V-Motor Cycle","S- Driver's Negligence",2.00
7525,31515.00,"10- Upper Demerara- Berbice",1179,"Amelia's Ward","Linden","-58.2833","6.0333",,,3/25/2006 0:00:00,12/30/1899 17:30:00,"C- Minor Injury","G- Rider",,"Male","V-Motor Cycle;W-Pedal Cycle","U- Cyclist's Negligence",2.00
7526,31516.00,"10- Upper Demerara- Berbice",1180,"Supanna Farm Public Road","Linden","-58.2833","6.0000",,,4/7/2006 0:00:00,12/30/1899 16:30:00,"B- Serious Injury","F- Driver",38.00,"Male","K- Private Cars;V-Motor Cycle","S- Driver's Negligence",2.00
7527,31517.00,"10- Upper Demerara- Berbice",1179,"Amelia's Ward","Linden","-58.2833","6.0333",,,4/7/2006 0:00:00,12/30/1899 16:20:00,"B- Serious Injury","F- Driver",38.00,"Male","M- Hire Cars;N- Pickup","S- Driver's Negligence",2.00
7528,31518.00,"10- Upper Demerara- Berbice",404,"Burnham Drive","Soesdyke-Linden Highway (Right Bank Demerara River-from Georgetown)","-58.3000","6.0000",,,3/29/2006 0:00:00,12/30/1899 9:30:00,"C- Minor Injury","G- Rider",29.00,"Male","L- Lorries Van;V-Motor Cycle","U- Cyclist's Negligence",2.00
7529,31519.00,"10- Upper Demerara- Berbice",385,"Linden Soesdyke Highway","Soesdyke-Linden Highway (Right Bank Demerara River-from Georgetown)","-58.2333","6.5500",,,3/15/2006 0:00:00,12/30/1899 0:15:00,"D- Property Damage","F- Driver",,"Male","K- Private Cars","S- Driver's Negligence",2.00
7530,31520.00,"10- Upper Demerara- Berbice",404,"Burnham Drive","Soesdyke-Linden Highway (Right Bank Demerara River-from Georgetown)","-58.3000","6.0000",,,4/17/2006 0:00:00,12/30/1899 3:15:00,"B- Serious Injury","F- Driver",22.00,"Female","K- Private Cars;L- Lorries Van","S- Driver's Negligence",3.00
7531,31521.00,"10- Upper Demerara- Berbice",403,"Back Road Kara Kara","Soesdyke-Linden Highway (Right Bank Demerara River-from Georgetown)","-59.6167","4.2000",,,4/23/2006 0:00:00,12/30/1899 16:10:00,"A- Fatal","F- Driver",21.00,"Male","K- Private Cars","P- Speeding",2.00
7532,31522.00,"10- Upper Demerara- Berbice",385,"Linden Soesdyke Highway","Soesdyke-Linden Highway (Right Bank Demerara River-from Georgetown)","-58.2333","6.5500",,,5/1/2006 0:00:00,12/30/1899 7:45:00,"C- Minor Injury","F- Driver",30.00,"Male","N- Pickup;V-Motor Cycle","S- Driver's Negligence",2.00
7533,31523.00,"10- Upper Demerara- Berbice",403,"Highway Kara Kara","Soesdyke-Linden Highway (Right Bank Demerara River-from Georgetown)","-59.6167","4.2000",,,4/18/2006 0:00:00,12/30/1899 20:00:00,"D- Property Damage","F- Driver",,"Male","J- Minibus;W-Pedal Cycle","S- Driver's Negligence",2.00
7534,31524.00,"10- Upper Demerara- Berbice",398,"Loomike Mine","Soesdyke-Linden Highway (Right Bank Demerara River-from Georgetown)","-58.2833","6.2500",,,5/15/2006 0:00:00,12/30/1899 4:15:00,"C- Minor Injury","F- Driver",36.00,"Male","K- Private Cars","S- Driver's Negligence",2.00
7535,31525.00,"10- Upper Demerara- Berbice",404,"Republic Avenue","Soesdyke-Linden Highway (Right Bank Demerara River-from Georgetown)","-58.3000","6.0000",,,6/5/2006 0:00:00,12/30/1899 19:30:00,"C- Minor Injury","G- Rider",35.00,"Male","K- Private Cars;V-Motor Cycle","U- Cyclist's Negligence",3.00
7536,31526.00,"10- Upper Demerara- Berbice",404,"Republic Avenue","Soesdyke-Linden Highway (Right Bank Demerara River-from Georgetown)","-58.3000","6.0000",,,6/2/2006 0:00:00,12/30/1899 21:30:00,"C- Minor Injury","E- Pedestrian",46.00,"Male","K- Private Cars","T-Pedestrian's Negligence",2.00
7537,31527.00,"10- Upper Demerara- Berbice",1020,"5 Miles Ituni Public Road","RUPUNUNI CATTLE TRAIL","-57.9167","5.5167",,,6/8/2006 0:00:00,12/30/1899 16:45:00,"D- Property Damage","F- Driver",,"Male","L- Lorries Van;N- Pickup","S- Driver's Negligence",2.00
7538,31528.00,"10- Upper Demerara- Berbice",1080,"Old Mines Road","YUPUKARI TO MASSARA ROAD","-59.3500","3.6667",,,6/25/2006 0:00:00,12/30/1899 15:45:00,"A- Fatal","F- Driver",25.00,"Male","X-Tractor","S- Driver's Negligence",1.00
7539,31529.00,"10- Upper Demerara- Berbice",385,"Linden Soesdyke Highway","Soesdyke-Linden Highway (Right Bank Demerara River-from Georgetown)","-58.2333","6.5500",,,5/24/2006 0:00:00,12/30/1899 14:15:00,"D- Property Damage","F- Driver",,"Male","K- Private Cars","S- Driver's Negligence",2.00
7540,31530.00,"10- Upper Demerara- Berbice",385,"Linden Soesdyke Highway","Soesdyke-Linden Highway (Right Bank Demerara River-from Georgetown)","-58.2333","6.5500",,,6/9/2006 0:00:00,,"A- Fatal","F- Driver",30.00,"Female","M- Hire Cars","O- Lost Control & Runoff",4.00
7541,31531.00,"10- Upper Demerara- Berbice",1178,"20 Miles Mabura Road","Linden","-58.6333","5.2833",,,7/14/2006 0:00:00,12/30/1899 15:30:00,"A- Fatal","F- Driver",30.00,"Male","L- Lorries Van","O- Lost Control & Runoff",2.00
7542,31532.00,"10- Upper Demerara- Berbice",385,"Linden Soesdyke Highway","Soesdyke-Linden Highway (Right Bank Demerara River-from Georgetown)","-58.2333","6.5500",,,7/20/2006 0:00:00,12/30/1899 18:50:00,"C- Minor Injury","F- Driver",,"Male","J- Minibus;M- Hire Cars","S- Driver's Negligence",2.00
7543,31533.00,"10- Upper Demerara- Berbice",1180,"Old England","Linden","-58.2833","6.0000",,,8/7/2006 0:00:00,12/30/1899 13:45:00,"B- Serious Injury","F- Driver",31.00,"Male","N- Pickup","S- Driver's Negligence",2.00
7544,31534.00,"10- Upper Demerara- Berbice",1179,"Amelia's Ward","Linden","-58.2833","6.0333",,,9/7/2006 0:00:00,12/30/1899 19:10:00,"B- Serious Injury","F- Driver",40.00,"Male","J- Minibus;W-Pedal Cycle","P- Speeding",2.00
7545,31535.00,"10- Upper Demerara- Berbice",1179,"Amelia's Ward","Linden","-58.2833","6.0333",,,9/13/2006 0:00:00,12/30/1899 9:45:00,"B- Serious Injury","F- Driver",29.00,"Male","J- Minibus","S- Driver's Negligence",2.00
7546,31536.00,"10- Upper Demerara- Berbice",404,"Greenheart St.","Soesdyke-Linden Highway (Right Bank Demerara River-from Georgetown)","-58.3000","6.0000",,,8/24/2006 0:00:00,12/30/1899 1:45:00,"C- Minor Injury","F- Driver",,"Male","M- Hire Cars","P- Speeding",2.00
7547,31537.00,"10- Upper Demerara- Berbice",1178,"63 Miles Mabura Road","Linden","-58.6333","5.2833",,,8/19/2006 0:00:00,12/30/1899 15:00:00,"B- Serious Injury","F- Driver",,"Male","N- Pickup","O- Lost Control & Runoff",2.00
7548,31538.00,"10- Upper Demerara- Berbice",1178,"81Km Unamco Road","Linden","-58.6333","5.2833",,,9/6/2006 0:00:00,12/30/1899 7:00:00,"A- Fatal","F- Driver",,"Male","N- Pickup","O- Lost Control & Runoff",2.00
7549,31539.00,"10- Upper Demerara- Berbice",1180,"Rodwood Green","Linden","-58.2833","6.0000",,,9/27/2006 0:00:00,12/30/1899 1:10:00,"C- Minor Injury","G- Rider",,"Male","K- Private Cars;V-Motor Cycle","U- Cyclist's Negligence",2.00
7550,31540.00,"10- Upper Demerara- Berbice",404,"Burnham Drive","Soesdyke-Linden Highway (Right Bank Demerara River-from Georgetown)","-58.3000","6.0000",,,9/23/2006 0:00:00,12/30/1899 23:00:00,"B- Serious Injury","F- Driver",65.00,"Male","M- Hire Cars","S- Driver's Negligence",2.00
7551,31541.00,"10- Upper Demerara- Berbice",1180,"Devil Hill Mabura","Linden","-58.2833","6.0000",,,10/2/2006 0:00:00,12/30/1899 19:15:00,"B- Serious Injury","F- Driver",,"Male","N- Pickup","O- Lost Control & Runoff",1.00
7552,31542.00,"10- Upper Demerara- Berbice",1178,"Mabura Public Road","Linden","-58.6333","5.2833",,,10/20/2006 0:00:00,12/30/1899 0:30:00,"A- Fatal","F- Driver",24.00,"Male","L- Lorries Van","P- Speeding",1.00
7553,31543.00,"10- Upper Demerara- Berbice",404,"Burnham Drive","Soesdyke-Linden Highway (Right Bank Demerara River-from Georgetown)","-58.3000","6.0000",,,10/18/2006 0:00:00,12/30/1899 19:30:00,"C- Minor Injury","G- Rider",34.00,"Male","W-Pedal Cycle","U- Cyclist's Negligence",2.00
7554,31544.00,"10- Upper Demerara- Berbice",1180,"Rock Stone Public Road","Linden","-58.2833","6.0000",,,10/24/2006 0:00:00,12/30/1899 11:45:00,"A- Fatal","F- Driver",,"Male","N- Pickup","S- Driver's Negligence",1.00
7555,31545.00,"10- Upper Demerara- Berbice",1178,"Kwakwani Water Front","Linden","-58.6333","5.2833",,,10/23/2006 0:00:00,12/30/1899 12:30:00,"B- Serious Injury","F- Driver",27.00,"Male","J- Minibus","S- Driver's Negligence",2.00
7556,31546.00,"10- Upper Demerara- Berbice",1180,"Washer Pond Public Road","Linden","-58.2833","6.0000",,,10/22/2006 0:00:00,12/30/1899 4:00:00,"B- Serious Injury","F- Driver",,"Male","K- Private Cars;V-Motor Cycle","S- Driver's Negligence",2.00
7557,31547.00,"10- Upper Demerara- Berbice",404,"Republic Avenue","Soesdyke-Linden Highway (Right Bank Demerara River-from Georgetown)","-58.3000","6.0000",,,10/28/2006 0:00:00,12/30/1899 19:00:00,"C- Minor Injury","F- Driver",30.00,"Female","K- Private Cars","S- Driver's Negligence",2.00
7558,31548.00,"10- Upper Demerara- Berbice",404,"Burnham Drive","Soesdyke-Linden Highway (Right Bank Demerara River-from Georgetown)","-58.3000","6.0000",,,11/1/2006 0:00:00,12/30/1899 19:40:00,"D- Property Damage","F- Driver",31.00,"Male","K- Private Cars","O- Lost Control & Runoff",1.00
7559,31549.00,"10- Upper Demerara- Berbice",404,"Republic Avenue","Soesdyke-Linden Highway (Right Bank Demerara River-from Georgetown)","-58.3000","6.0000",,,11/3/2006 0:00:00,12/30/1899 5:15:00,"D- Property Damage","F- Driver",28.00,"Male","K- Private Cars","O- Lost Control & Runoff",1.00
7560,31550.00,"10- Upper Demerara- Berbice",404,"Burnham Drive","Soesdyke-Linden Highway (Right Bank Demerara River-from Georgetown)","-58.3000","6.0000",,,11/15/2006 0:00:00,12/30/1899 11:10:00,"B- Serious Injury","F- Driver",39.00,"Female","M- Hire Cars","O- Lost Control & Runoff",3.00
7561,31551.00,"10- Upper Demerara- Berbice",1180,"Winifred Gaskin Road","Linden","-58.2833","6.0000",,,11/23/2006 0:00:00,12/30/1899 15:20:00,"A- Fatal","F- Driver",,"Female","K- Private Cars","P- Speeding",2.00
7562,31552.00,"10- Upper Demerara- Berbice",404,"Burnham Drive","Soesdyke-Linden Highway (Right Bank Demerara River-from Georgetown)","-58.3000","6.0000",,,11/29/2006 0:00:00,12/30/1899 17:50:00,"B- Serious Injury","F- Driver",,"Male","J- Minibus;K- Private Cars","S- Driver's Negligence",2.00
7563,31553.00,"10- Upper Demerara- Berbice",403,"Kara Kara","Soesdyke-Linden Highway (Right Bank Demerara River-from Georgetown)","-59.6167","4.2000",,,12/2/2006 0:00:00,12/30/1899 8:30:00,"D- Property Damage","F- Driver",,"Female","K- Private Cars","P- Speeding",2.00
7564,31554.00,"10- Upper Demerara- Berbice",385,"Linden Soesdyke Highway","Soesdyke-Linden Highway (Right Bank Demerara River-from Georgetown)","-58.2333","6.5500",,,12/6/2006 0:00:00,12/30/1899 6:52:00,"D- Property Damage","F- Driver",,"Male","J- Minibus","O- Lost Control & Runoff",1.00
7565,31555.00,"10- Upper Demerara- Berbice",404,"One Mile Public Road","Soesdyke-Linden Highway (Right Bank Demerara River-from Georgetown)","-58.3000","6.0000",,,12/10/2006 0:00:00,12/30/1899 11:45:00,"A- Fatal","G- Rider",69.00,"Male","V-Motor Cycle","O- Lost Control & Runoff",1.00
7566,31556.00,"10- Upper Demerara- Berbice",404,"Republic Avenue","Soesdyke-Linden Highway (Right Bank Demerara River-from Georgetown)","-58.3000","6.0000",,,1/8/2007 0:00:00,12/30/1899 15:25:00,"C- Minor Injury","F- Driver",38.00,"Male","L- Lorries Van","S- Driver's Negligence",2.00
7567,31557.00,"10- Upper Demerara- Berbice",1180,"Half Mile Public Road","Linden","-58.2833","6.0000",,,1/5/2007 0:00:00,12/30/1899 5:10:00,"D- Property Damage","F- Driver",38.00,"Male","K- Private Cars;W-Pedal Cycle","S- Driver's Negligence",2.00
7568,31558.00,"10- Upper Demerara- Berbice",1180,"Daujou Hill","Linden","-58.2833","6.0000",,,1/24/2007 0:00:00,12/30/1899 11:40:00,"A- Fatal","F- Driver",46.00,"Male","W-Pedal Cycle;X-Tractor","O- Lost Control & Runoff",2.00
7569,31559.00,"10- Upper Demerara- Berbice",385,"Linden Soesdyke Highway","Soesdyke-Linden Highway (Right Bank Demerara River-from Georgetown)","-58.2333","6.5500",,,1/29/2007 0:00:00,12/30/1899 17:45:00,"D- Property Damage","F- Driver",,"Male","N- Pickup","S- Driver's Negligence",1.00
7570,31560.00,"10- Upper Demerara- Berbice",404,"Co-op Crescent","Soesdyke-Linden Highway (Right Bank Demerara River-from Georgetown)","-58.3000","6.0000",,,2/4/2007 0:00:00,12/30/1899 9:00:00,"D- Property Damage","G- Rider",23.00,"Male","K- Private Cars;V-Motor Cycle","U- Cyclist's Negligence",2.00
7571,31561.00,"10- Upper Demerara- Berbice",1180,"Siparuni Mauv","Linden","-58.2833","6.0000",,,2/13/2007 0:00:00,12/30/1899 16:30:00,"A- Fatal","F- Driver",42.00,"Male","L- Lorries Van","O- Lost Control & Runoff",1.00
7572,31562.00,"10- Upper Demerara- Berbice",404,"Burnham Drive","Soesdyke-Linden Highway (Right Bank Demerara River-from Georgetown)","-58.3000","6.0000",,,2/18/2007 0:00:00,12/30/1899 3:30:00,"A- Fatal","F- Driver",23.00,"Male","L- Lorries Van","P- Speeding",2.00
7573,31563.00,"10- Upper Demerara- Berbice",1178,"62 Miles Mabura Road","Linden","-58.6333","5.2833",,,2/26/2007 0:00:00,12/30/1899 14:00:00,"A- Fatal","F- Driver",40.00,"Male","N- Pickup","P- Speeding",1.00
7574,31564.00,"10- Upper Demerara- Berbice",401,"Bamia Linden","Soesdyke-Linden Highway (Right Bank Demerara River-from Georgetown)","-58.3000","6.0833",,,2/27/2007 0:00:00,12/30/1899 18:50:00,"D- Property Damage","F- Driver",46.00,"Male","K- Private Cars;L- Lorries Van","S- Driver's Negligence",2.00
7575,31565.00,"10- Upper Demerara- Berbice",404,"Greenheart St.","Soesdyke-Linden Highway (Right Bank Demerara River-from Georgetown)","-58.3000","6.0000",,,2/22/2007 0:00:00,12/30/1899 14:20:00,"D- Property Damage","F- Driver",30.00,"Male","K- Private Cars","S- Driver's Negligence",2.00
7576,31566.00,"10- Upper Demerara- Berbice",1180,"Camudie Hill","Linden","-58.2833","6.0000",,,3/2/2007 0:00:00,12/30/1899 20:00:00,"A- Fatal","F- Driver",27.00,"Male","L- Lorries Van","P- Speeding",4.00