"ID","Accident ID","Region Number","Corridor ID","Location (Intersection/Road/Street)","Corridor","Location- longitude/ X","Location- latitude/  Y","Mile Marker","Village","Date of Accident","Time of Accident","Type of Accident","Class of Road User","Age/DOB","Gender","Class of Vehicles Involved","Contributing Factor","Number of Persons Involved"
7577,31567.00,"10- Upper Demerara- Berbice",403,"Old Kara Kara","Soesdyke-Linden Highway (Right Bank Demerara River-from Georgetown)","-59.6167","4.2000",,,3/6/2007 0:00:00,12/30/1899 10:30:00,"D- Property Damage","F- Driver",,"Male","N- Pickup","P- Speeding",1.00
7578,31568.00,"10- Upper Demerara- Berbice",404,"Sir David Rose Avenue","Soesdyke-Linden Highway (Right Bank Demerara River-from Georgetown)","-58.3000","6.0000",,,3/2/2007 0:00:00,12/30/1899 18:15:00,"D- Property Damage","F- Driver",67.00,"Male","N- Pickup","S- Driver's Negligence",2.00
7579,31569.00,"10- Upper Demerara- Berbice",404,"Sir David Rose Avenue","Soesdyke-Linden Highway (Right Bank Demerara River-from Georgetown)","-58.3000","6.0000",,,3/19/2007 0:00:00,12/30/1899 13:23:00,"B- Serious Injury","F- Driver",43.00,"Male","L- Lorries Van","S- Driver's Negligence",2.00
7580,31570.00,"10- Upper Demerara- Berbice",1180,"Silver Hill","Linden","-58.2833","6.0000",,,4/20/2007 0:00:00,12/30/1899 19:30:00,"D- Property Damage","F- Driver",,"Male","K- Private Cars","S- Driver's Negligence",1.00
7581,31571.00,"10- Upper Demerara- Berbice",404,"Burnham Drive","Soesdyke-Linden Highway (Right Bank Demerara River-from Georgetown)","-58.3000","6.0000",,,5/2/2007 0:00:00,12/30/1899 8:00:00,"C- Minor Injury","F- Driver",22.00,"Female","K- Private Cars","S- Driver's Negligence",2.00
7582,31572.00,"10- Upper Demerara- Berbice",404,"Sir David Rose Avenue","Soesdyke-Linden Highway (Right Bank Demerara River-from Georgetown)","-58.3000","6.0000",,,5/21/2007 0:00:00,12/30/1899 19:00:00,"D- Property Damage","F- Driver",,"Male","J- Minibus;K- Private Cars","S- Driver's Negligence",2.00
7583,31573.00,"10- Upper Demerara- Berbice",404,"Burnham Drive","Soesdyke-Linden Highway (Right Bank Demerara River-from Georgetown)","-58.3000","6.0000",,,5/9/2007 0:00:00,12/30/1899 14:30:00,"C- Minor Injury","G- Rider",,"Male","V-Motor Cycle","U- Cyclist's Negligence",2.00
7584,31574.00,"10- Upper Demerara- Berbice",385,"Sweyo Public Road","Soesdyke-Linden Highway (Right Bank Demerara River-from Georgetown)","-58.2333","6.5500",,,5/10/2007 0:00:00,12/30/1899 2:52:00,"A- Fatal","F- Driver",,"Male","N- Pickup","O- Lost Control & Runoff",1.00
7585,31575.00,"10- Upper Demerara- Berbice",400,"Moblissa Public Road","Soesdyke-Linden Highway (Right Bank Demerara River-from Georgetown)","-58.2833","6.1000",,,5/11/2007 0:00:00,12/30/1899 18:10:00,"D- Property Damage","F- Driver",26.00,"Male","L- Lorries Van","S- Driver's Negligence",2.00
7586,31576.00,"10- Upper Demerara- Berbice",1180,"Kairuni Public Road","Linden","-58.2833","6.0000",,,5/19/2007 0:00:00,12/30/1899 7:00:00,"B- Serious Injury","F- Driver",45.00,"Male","N- Pickup","S- Driver's Negligence",2.00
7587,31577.00,"10- Upper Demerara- Berbice",385,"Linden Soesdyke Highway","Soesdyke-Linden Highway (Right Bank Demerara River-from Georgetown)","-58.2333","6.5500",,,6/4/2007 0:00:00,12/30/1899 16:40:00,"D- Property Damage","F- Driver",,"Male","J- Minibus","S- Driver's Negligence",2.00
7588,31578.00,"10- Upper Demerara- Berbice",404,"Sir David Rose Avenue","Soesdyke-Linden Highway (Right Bank Demerara River-from Georgetown)","-58.3000","6.0000",,,6/7/2007 0:00:00,12/30/1899 16:45:00,"D- Property Damage","F- Driver",55.00,"Male","J- Minibus;N- Pickup","S- Driver's Negligence",2.00
7589,31579.00,"10- Upper Demerara- Berbice",1180,"Silver Hill","Linden","-58.2833","6.0000",,,6/10/2007 0:00:00,12/30/1899 15:10:00,"D- Property Damage","F- Driver",36.00,"Male","K- Private Cars","S- Driver's Negligence",2.00
7590,31580.00,"10- Upper Demerara- Berbice",385,"Linden Soesdyke Highway","Soesdyke-Linden Highway (Right Bank Demerara River-from Georgetown)","-58.2333","6.5500",,,6/16/2007 0:00:00,12/30/1899 1:15:00,"A- Fatal","F- Driver",25.00,"Female","K- Private Cars","P- Speeding",2.00
7591,31581.00,"10- Upper Demerara- Berbice",385,"Linden Soesdyke Highway","Soesdyke-Linden Highway (Right Bank Demerara River-from Georgetown)","-58.2333","6.5500",,,6/28/2007 0:00:00,12/30/1899 0:30:00,"D- Property Damage","F- Driver",28.00,"Male","K- Private Cars","O- Lost Control & Runoff",1.00
7592,31582.00,"10- Upper Demerara- Berbice",1180,"Winifred Gaskin Road","Linden","-58.2833","6.0000",,,6/30/2007 0:00:00,12/30/1899 21:30:00,"C- Minor Injury","F- Driver",28.00,"Male","K- Private Cars;V-Motor Cycle","S- Driver's Negligence",3.00
7593,31583.00,"10- Upper Demerara- Berbice",1180,"West Watook","Linden","-58.2833","6.0000",,,7/20/2007 0:00:00,12/30/1899 17:10:00,"D- Property Damage","F- Driver",,"Male","N- Pickup","S- Driver's Negligence",1.00
7594,31584.00,"10- Upper Demerara- Berbice",404,"Co-op Crescent","Soesdyke-Linden Highway (Right Bank Demerara River-from Georgetown)","-58.3000","6.0000",,,7/30/2007 0:00:00,12/30/1899 23:00:00,"B- Serious Injury","F- Driver",56.00,"Male","L- Lorries Van","O- Lost Control & Runoff",3.00
7595,31585.00,"10- Upper Demerara- Berbice",1180,"Washer Pond Public Road","Linden","-58.2833","6.0000",,,6/13/2007 0:00:00,12/30/1899 12:50:00,"D- Property Damage","F- Driver",,"Male","K- Private Cars;L- Lorries Van","S- Driver's Negligence",2.00
7596,31586.00,"10- Upper Demerara- Berbice",997,"Mahdia","MAHDIA-ANNAI ROAD","-59.1500","5.2833",,,8/5/2007 0:00:00,12/30/1899 13:30:00,"A- Fatal","F- Driver",54.00,"Male","N- Pickup","O- Lost Control & Runoff",2.00
7597,31587.00,"10- Upper Demerara- Berbice",385,"Linden Soesdyke Highway","Soesdyke-Linden Highway (Right Bank Demerara River-from Georgetown)","-58.2333","6.5500",,,8/23/2007 0:00:00,12/30/1899 11:30:00,"A- Fatal","F- Driver",20.00,"Female","K- Private Cars","P- Speeding",2.00
7598,31588.00,"10- Upper Demerara- Berbice",404,"Burnham Drive","Soesdyke-Linden Highway (Right Bank Demerara River-from Georgetown)","-58.3000","6.0000",,,8/25/2007 0:00:00,12/30/1899 7:30:00,"D- Property Damage","F- Driver",,"Male","K- Private Cars","S- Driver's Negligence",1.00
7599,31589.00,"10- Upper Demerara- Berbice",1180,"Siparuni Main Road","Linden","-58.2833","6.0000",,,9/3/2007 0:00:00,12/30/1899 9:30:00,"A- Fatal","F- Driver",47.00,"Female","K- Private Cars","P- Speeding",2.00
7600,31590.00,"10- Upper Demerara- Berbice",404,"One Mile Public Road","Soesdyke-Linden Highway (Right Bank Demerara River-from Georgetown)","-58.3000","6.0000",,,9/6/2007 0:00:00,12/30/1899 7:30:00,"C- Minor Injury","F- Driver",,"Male","J- Minibus;W-Pedal Cycle","O- Lost Control & Runoff",3.00
7601,31591.00,"10- Upper Demerara- Berbice",404,"Sir David Rose Avenue","Soesdyke-Linden Highway (Right Bank Demerara River-from Georgetown)","-58.3000","6.0000",,,9/17/2007 0:00:00,12/30/1899 18:45:00,"C- Minor Injury","F- Driver",60.00,"Male","L- Lorries Van;W-Pedal Cycle","S- Driver's Negligence",2.00
7602,31592.00,"10- Upper Demerara- Berbice",404,"Republic Avenue","Soesdyke-Linden Highway (Right Bank Demerara River-from Georgetown)","-58.3000","6.0000",,,9/23/2007 0:00:00,12/30/1899 19:50:00,"D- Property Damage","F- Driver",,"Male","K- Private Cars;L- Lorries Van","S- Driver's Negligence",2.00
7603,31593.00,"10- Upper Demerara- Berbice",404,"Mackenzie Wismar","Soesdyke-Linden Highway (Right Bank Demerara River-from Georgetown)","-58.3000","6.0000",,,8/23/2007 0:00:00,12/30/1899 9:40:00,"D- Property Damage","F- Driver",41.00,"Male","K- Private Cars;N- Pickup","S- Driver's Negligence",2.00
7604,31594.00,"10- Upper Demerara- Berbice",385,"Linden Soesdyke Highway","Soesdyke-Linden Highway (Right Bank Demerara River-from Georgetown)","-58.2333","6.5500",,,10/3/2007 0:00:00,12/30/1899 20:15:00,"D- Property Damage","F- Driver",46.00,"Male","J- Minibus;K- Private Cars;L- Lorries Van","S- Driver's Negligence",3.00
7605,31595.00,"10- Upper Demerara- Berbice",1178,,"Linden","-58.6333","5.2833",,,10/6/2007 0:00:00,12/30/1899 5:30:00,"A- Fatal","F- Driver",22.00,"Male","L- Lorries Van","O- Lost Control & Runoff",2.00
7606,31596.00,"10- Upper Demerara- Berbice",385,"Linden Soesdyke Highway","Soesdyke-Linden Highway (Right Bank Demerara River-from Georgetown)","-58.2333","6.5500",,,10/10/2007 0:00:00,12/30/1899 20:00:00,"A- Fatal","F- Driver",27.00,"Male","J- Minibus;L- Lorries Van;X-Tractor","P- Speeding",20.00
7607,31597.00,"10- Upper Demerara- Berbice",1180,"Siparuni","Linden","-58.2833","6.0000",,,10/31/2007 0:00:00,12/30/1899 3:00:00,"A- Fatal","F- Driver",30.00,"Male","L- Lorries Van","P- Speeding",6.00
7608,31598.00,"10- Upper Demerara- Berbice",1030,"Kurupukari Public Road","RUPUNUNI CATTLE TRAIL","-58.6667","4.6667",,,11/18/2007 0:00:00,,"B- Serious Injury","F- Driver",,"Male","N- Pickup","S- Driver's Negligence",2.00
7609,31599.00,"10- Upper Demerara- Berbice",403,"Kara Kara","Soesdyke-Linden Highway (Right Bank Demerara River-from Georgetown)","-59.6167","4.2000",,,11/4/2007 0:00:00,12/30/1899 16:00:00,"A- Fatal","F- Driver",,"Male","K- Private Cars","P- Speeding",1.00
7610,31600.00,"10- Upper Demerara- Berbice",404,"Burnham Drive","Soesdyke-Linden Highway (Right Bank Demerara River-from Georgetown)","-58.3000","6.0000",,,11/11/2007 0:00:00,12/30/1899 11:30:00,"C- Minor Injury","F- Driver",,"Male","K- Private Cars","S- Driver's Negligence",1.00
7611,31601.00,"10- Upper Demerara- Berbice",1178,"Mabura Road","Linden","-58.6333","5.2833",,,11/30/2007 0:00:00,,"B- Serious Injury","F- Driver",,"Male","N- Pickup","P- Speeding",1.00
7612,31602.00,"10- Upper Demerara- Berbice",404,"One Mile Public Road","Soesdyke-Linden Highway (Right Bank Demerara River-from Georgetown)","-58.3000","6.0000",,,12/3/2007 0:00:00,12/30/1899 11:40:00,"B- Serious Injury","F- Driver",36.00,"Female","N- Pickup","P- Speeding",2.00
7613,31603.00,"10- Upper Demerara- Berbice",385,"Linden Soesdyke Highway","Soesdyke-Linden Highway (Right Bank Demerara River-from Georgetown)","-58.2333","6.5500",,,12/8/2007 0:00:00,12/30/1899 19:25:00,"A- Fatal","F- Driver",30.00,"Female","J- Minibus","P- Speeding",2.00
7614,31604.00,"10- Upper Demerara- Berbice",397,"Dora Public Road","Soesdyke-Linden Highway (Right Bank Demerara River-from Georgetown)","-58.2667","6.2833",,,12/11/2007 0:00:00,12/30/1899 18:45:00,"A- Fatal","F- Driver",44.00,"Male","N- Pickup","O- Lost Control & Runoff",4.00
7615,31605.00,"10- Upper Demerara- Berbice",1180,"Kairuni Public Road","Linden","-58.2833","6.0000",,,12/17/2007 0:00:00,12/30/1899 23:00:00,"A- Fatal","F- Driver",40.00,"Male","K- Private Cars;L- Lorries Van","P- Speeding",2.00
7616,31606.00,"10- Upper Demerara- Berbice",1180,"Washer Pond Public Road","Linden","-58.2833","6.0000",,,12/22/2007 0:00:00,12/30/1899 13:45:00,"C- Minor Injury","F- Driver",59.00,"Male","M- Hire Cars;V-Motor Cycle","P- Speeding",2.00
7617,31607.00,"10- Upper Demerara- Berbice",385,"Linden Soesdyke Highway","Soesdyke-Linden Highway (Right Bank Demerara River-from Georgetown)","-58.2333","6.5500",,,12/30/2007 0:00:00,12/30/1899 7:30:00,"C- Minor Injury","F- Driver",28.00,"Male","K- Private Cars;M- Hire Cars","S- Driver's Negligence",2.00
7618,31608.00,"10- Upper Demerara- Berbice",404,"Republic Avenue","Soesdyke-Linden Highway (Right Bank Demerara River-from Georgetown)","-58.3000","6.0000",,,1/2/2008 0:00:00,12/30/1899 1:30:00,"C- Minor Injury","F- Driver",30.00,"Male","K- Private Cars","S- Driver's Negligence",2.00
7619,31609.00,"10- Upper Demerara- Berbice",385,"Linden Soesdyke Highway","Soesdyke-Linden Highway (Right Bank Demerara River-from Georgetown)","-58.2333","6.5500",,,1/8/2008 0:00:00,12/30/1899 16:00:00,"D- Property Damage","F- Driver",36.00,"Male","K- Private Cars","S- Driver's Negligence",2.00
7620,31610.00,"10- Upper Demerara- Berbice",1179,"Amelia's Ward","Linden","-58.2833","6.0333",,,1/16/2008 0:00:00,12/30/1899 22:30:00,"D- Property Damage","G- Rider",34.00,"Male","K- Private Cars;V-Motor Cycle","U- Cyclist's Negligence",2.00
7621,31611.00,"10- Upper Demerara- Berbice",1178,"Mabura","Linden","-58.6333","5.2833",,,1/23/2008 0:00:00,12/30/1899 9:30:00,"B- Serious Injury","F- Driver",34.00,"Male","J- Minibus","S- Driver's Negligence",2.00
7622,31612.00,"10- Upper Demerara- Berbice",1179,"Amelia's Ward","Linden","-58.2833","6.0333",,,1/23/2008 0:00:00,12/30/1899 18:30:00,"C- Minor Injury","F- Driver",31.00,"Male","K- Private Cars;W-Pedal Cycle","S- Driver's Negligence",2.00
7623,31613.00,"10- Upper Demerara- Berbice",385,"Linden Soesdyke Highway","Soesdyke-Linden Highway (Right Bank Demerara River-from Georgetown)","-58.2333","6.5500",,,1/30/2008 0:00:00,12/30/1899 12:05:00,"C- Minor Injury","F- Driver",60.00,"Male","L- Lorries Van","O- Lost Control & Runoff",1.00
7624,31614.00,"10- Upper Demerara- Berbice",1020,"Ituni Public Road","RUPUNUNI CATTLE TRAIL","-57.9167","5.5167",,,1/31/2008 0:00:00,12/30/1899 12:30:00,"B- Serious Injury","G- Rider",23.00,"Male","V-Motor Cycle","O- Lost Control & Runoff",1.00
7625,31615.00,"10- Upper Demerara- Berbice",1178,"63 Miles Mabura Road","Linden","-58.6333","5.2833",,,3/25/2008 0:00:00,12/30/1899 15:20:00,"B- Serious Injury","F- Driver",28.00,"Male","J- Minibus","S- Driver's Negligence",2.00
7626,31616.00,"10- Upper Demerara- Berbice",1180,"Washer Pond Public Road","Linden","-58.2833","6.0000",,,3/26/2008 0:00:00,12/30/1899 18:30:00,"C- Minor Injury","F- Driver",,"Male","N- Pickup","S- Driver's Negligence",1.00
7627,31617.00,"10- Upper Demerara- Berbice",400,"Moblissa Public Road","Soesdyke-Linden Highway (Right Bank Demerara River-from Georgetown)","-58.2833","6.1000",,,3/31/2008 0:00:00,12/30/1899 20:30:00,"B- Serious Injury","F- Driver",37.00,"Male","J- Minibus","S- Driver's Negligence",1.00
7628,31618.00,"10- Upper Demerara- Berbice",1179,"Amelia's Ward","Linden","-58.2833","6.0333",,,4/22/2008 0:00:00,12/30/1899 9:32:00,"D- Property Damage","F- Driver",33.00,"Male","N- Pickup","S- Driver's Negligence",1.00
7629,31619.00,"10- Upper Demerara- Berbice",1180,"Wismar H/S Public Road","Linden","-58.2833","6.0000",,,11/2/2010 0:00:00,12/30/1899 10:30:00,"D- Property Damage","F- Driver",42.00,"Male","K- Private Cars;L- Lorries Van","S- Driver's Negligence",2.00
7630,31620.00,"10- Upper Demerara- Berbice",1180,"Wismar Public Road","Linden","-58.2833","6.0000",,,2/20/2011 0:00:00,12/30/1899 16:30:00,"D- Property Damage","F- Driver",41.00,"Male","N- Pickup","O- Lost Control & Runoff",1.00
7631,31621.00,"10- Upper Demerara- Berbice",404,"One Mile Public Road","Soesdyke-Linden Highway (Right Bank Demerara River-from Georgetown)","-58.3000","6.0000",,,3/8/2011 0:00:00,12/30/1899 21:00:00,"C- Minor Injury","F- Driver",24.00,"Male","K- Private Cars","O- Lost Control & Runoff",3.00
7632,31622.00,"10- Upper Demerara- Berbice",404,"Burnham Drive & Winifred Gaskin Road","Soesdyke-Linden Highway (Right Bank Demerara River-from Georgetown)","-58.3000","6.0000",,,4/2/2011 0:00:00,12/30/1899 19:00:00,"B- Serious Injury","F- Driver",42.00,"Male","N- Pickup;V-Motor Cycle","S- Driver's Negligence",3.00
7633,31623.00,"10- Upper Demerara- Berbice",1180,"Blue Berry Hill Access Road","Linden","-58.2833","6.0000",,,6/17/2011 0:00:00,12/30/1899 16:45:00,"D- Property Damage","F- Driver",39.00,"Male","L- Lorries Van","S- Driver's Negligence",1.00
7634,31624.00,"10- Upper Demerara- Berbice",404,"One Mile Public Road","Soesdyke-Linden Highway (Right Bank Demerara River-from Georgetown)","-58.3000","6.0000",,,6/2/2011 0:00:00,12/30/1899 12:15:00,"A- Fatal","F- Driver",26.00,"Male","K- Private Cars;W-Pedal Cycle;X-Tractor","S- Driver's Negligence",4.00
7635,31625.00,"10- Upper Demerara- Berbice",1180,"Rock Stone Trail","Linden","-58.2833","6.0000",,,8/18/2011 0:00:00,12/30/1899 23:00:00,"A- Fatal","F- Driver",37.00,"Male","M- Hire Cars","O- Lost Control & Runoff",1.00
7636,31626.00,"10- Upper Demerara- Berbice",1180,"Winifred Gaskin Road","Linden","-58.2833","6.0000",,,10/8/2011 0:00:00,12/30/1899 16:16:00,"D- Property Damage","F- Driver",44.00,"Male","L- Lorries Van","S- Driver's Negligence",1.00
7637,31627.00,"10- Upper Demerara- Berbice",404,"One Mile Public Road","Soesdyke-Linden Highway (Right Bank Demerara River-from Georgetown)","-58.3000","6.0000",,,10/27/2011 0:00:00,12/30/1899 16:30:00,"C- Minor Injury","F- Driver",34.00,"Male","J- Minibus;W-Pedal Cycle","S- Driver's Negligence",2.00
7638,31628.00,"10- Upper Demerara- Berbice",1180,"Jordan Road","Linden","-58.2833","6.0000",,,11/5/2011 0:00:00,,"D- Property Damage","F- Driver",26.00,"Male","K- Private Cars","O- Lost Control & Runoff",1.00
7639,31629.00,"10- Upper Demerara- Berbice",404,"One Mile Public Road","Soesdyke-Linden Highway (Right Bank Demerara River-from Georgetown)","-58.3000","6.0000",,,11/30/2011 0:00:00,12/30/1899 3:30:00,"D- Property Damage","F- Driver",41.00,"Female","N- Pickup","O- Lost Control & Runoff",1.00
7640,31630.00,"10- Upper Demerara- Berbice",1178,"Linden/Mabura Road","Linden","-58.6333","5.2833",,,1/3/2012 0:00:00,12/30/1899 16:00:00,"B- Serious Injury","F- Driver",27.00,"Male","J- Minibus","P- Speeding",2.00
7641,31631.00,"10- Upper Demerara- Berbice",1180,"Blue Berry Hill Back St.","Linden","-58.2833","6.0000",,,1/27/2012 0:00:00,12/30/1899 20:00:00,"B- Serious Injury","G- Rider",33.00,"Male","V-Motor Cycle","U- Cyclist's Negligence",2.00
7642,31632.00,"10- Upper Demerara- Berbice",1178,"58 Miles Mabura Road","Linden","-58.6333","5.2833",,,2/19/2012 0:00:00,12/30/1899 10:00:00,"B- Serious Injury","G- Rider",34.00,"Male","J- Minibus;V-Motor Cycle","U- Cyclist's Negligence",2.00
7643,31633.00,"10- Upper Demerara- Berbice",404,"One Mile Public Road","Soesdyke-Linden Highway (Right Bank Demerara River-from Georgetown)","-58.3000","6.0000",,,6/15/2012 0:00:00,12/30/1899 19:00:00,"D- Property Damage","F- Driver",,"Female","K- Private Cars","S- Driver's Negligence",2.00
7644,31634.00,"10- Upper Demerara- Berbice",1180,"Wismar Public Road","Linden","-58.2833","6.0000",,,12/26/2012 0:00:00,12/30/1899 17:30:00,"D- Property Damage","F- Driver",,"Male","K- Private Cars","S- Driver's Negligence",2.00
7645,35482.00,"7- Cuyuni- Mazaruni",1135,"6th Ave. & 3rd St. Bartica","Bartica","-58.6243","6.4072",,,1/11/2002 0:00:00,12/30/1899 19:30:00,"D- Property Damage","F- Driver",,"Male","J- Minibus;L- Lorries Van","R- Improper Overtaking",2.00
7646,35483.00,"7- Cuyuni- Mazaruni",1127,"1st Ave. Bartica","Bartica","-58.6185","6.4039",,,3/26/2002 0:00:00,12/30/1899 13:00:00,"D- Property Damage","F- Driver",14.00,"Male","M- Hire Cars","O- Lost Control & Runoff",1.00
7647,35484.00,"7- Cuyuni- Mazaruni",1136,"Agatesh Rd. Bartica","Bartica","-58.6257","6.4083",,,4/19/2002 0:00:00,12/30/1899 12:00:00,"C- Minor Injury","G- Rider",41.00,"Male","W-Pedal Cycle","R- Improper Overtaking",1.00
7648,35485.00,"7- Cuyuni- Mazaruni",1130,"2nd Ave. & 5th St. Bartica","Bartica","-58.6198","6.4058",,,4/28/2002 0:00:00,12/30/1899 3:00:00,"B- Serious Injury","G- Rider",21.00,"Male","W-Pedal Cycle","U- Cyclist's Negligence",1.00
7649,35486.00,"7- Cuyuni- Mazaruni",1127,"1st Ave. & 4th St. Bartica","Bartica","-58.6185","6.4039",,,5/2/2002 0:00:00,12/30/1899 6:00:00,"C- Minor Injury","F- Driver",51.00,"Male","K- Private Cars","S- Driver's Negligence",1.00
7650,35487.00,"7- Cuyuni- Mazaruni",1130,"2nd Ave. Bartica","Bartica","-58.6198","6.4058",,,8/5/2002 0:00:00,12/30/1899 8:00:00,"A- Fatal","G- Rider",25.00,"Male","V-Motor Cycle","P- Speeding",1.00
7651,35488.00,"7- Cuyuni- Mazaruni",1133,"4th Ave. Bartica","Bartica","-58.6220","6.4063",,,12/13/2002 0:00:00,12/30/1899 12:30:00,"D- Property Damage","F- Driver",,"Male","K- Private Cars","P- Speeding",1.00
7652,35489.00,"7- Cuyuni- Mazaruni",1128,"1 Mile Potaro Rd. Bartica","Bartica","-58.6232","6.4056",,,1/26/2003 0:00:00,12/30/1899 14:30:00,"D- Property Damage","F- Driver",23.00,"Male","N- Pickup","P- Speeding",1.00
7653,35490.00,"7- Cuyuni- Mazaruni",1128,"1 Mile Potaro Rd. Bartica","Bartica","-58.6232","6.4056",,,3/11/2003 0:00:00,12/30/1899 14:30:00,"D- Property Damage","F- Driver",26.00,"Male","L- Lorries Van","P- Speeding",1.00
7654,35491.00,"7- Cuyuni- Mazaruni",1128,"Potaro Rd. Bartica","Bartica","-58.6232","6.4056",,,6/12/2003 0:00:00,12/30/1899 9:30:00,"B- Serious Injury","F- Driver",41.00,"Male","L- Lorries Van","P- Speeding",1.00
7655,35492.00,"7- Cuyuni- Mazaruni",1128,"5 Miles Bartica","Bartica","-58.6232","6.4056",,,9/21/2003 0:00:00,12/30/1899 17:15:00,"A- Fatal","F- Driver",39.00,"Male","L- Lorries Van","P- Speeding",1.00
7656,35493.00,"7- Cuyuni- Mazaruni",1127,"1st St. & 2nd Ave. Bartica","Bartica","-58.6185","6.4039",,,12/9/2003 0:00:00,12/30/1899 17:30:00,"B- Serious Injury","F- Driver",25.00,"Male","L- Lorries Van","S- Driver's Negligence",1.00
7657,35494.00,"7- Cuyuni- Mazaruni",1127,"1st Ave. Bartica","Bartica","-58.6185","6.4039",,,12/17/2003 0:00:00,12/30/1899 20:30:00,"B- Serious Injury","G- Rider",55.00,"Male","W-Pedal Cycle","U- Cyclist's Negligence",1.00
7658,35495.00,"7- Cuyuni- Mazaruni",1130,"2nd Ave. & 1st St. Bartica","Bartica","-58.6198","6.4058",,,12/18/2003 0:00:00,12/30/1899 13:30:00,"D- Property Damage","F- Driver",63.00,"Male","L- Lorries Van","S- Driver's Negligence",1.00
7659,35496.00,"7- Cuyuni- Mazaruni",1127,"1st Ave. Bartica","Bartica","-58.6185","6.4039",,,4/3/2004 0:00:00,12/30/1899 16:30:00,"B- Serious Injury","G- Rider",17.00,"Male","V-Motor Cycle","U- Cyclist's Negligence",1.00
7660,35497.00,"7- Cuyuni- Mazaruni",1137,"Winipuru Rd.","Bartica","-58.6431","6.2341",,,4/10/2004 0:00:00,12/30/1899 18:30:00,"A- Fatal","F- Driver",27.00,"Male","N- Pickup","P- Speeding",1.00
7661,35498.00,"7- Cuyuni- Mazaruni",1127,"1st Ave. Bartica","Bartica","-58.6185","6.4039",,,5/21/2004 0:00:00,12/30/1899 21:30:00,"D- Property Damage","F- Driver",,,"N- Pickup","P- Speeding",1.00
7662,35499.00,"7- Cuyuni- Mazaruni",1128,"10 Miles Bartica","Bartica","-58.6232","6.4056",,,5/2/2005 0:00:00,12/30/1899 16:35:00,"D- Property Damage","F- Driver",32.00,"Male","N- Pickup","P- Speeding",1.00
7663,35500.00,"7- Cuyuni- Mazaruni",1133,"4th Ave. Bartica","Bartica","-58.6220","6.4063",,,5/5/2005 0:00:00,12/30/1899 18:00:00,"D- Property Damage","F- Driver",16.00,"Male","N- Pickup","O- Lost Control & Runoff",1.00
7664,35501.00,"7- Cuyuni- Mazaruni",1132,"3rd St. Bartica","Bartica","-58.6207","6.4056",,,6/22/2005 0:00:00,12/30/1899 18:00:00,"B- Serious Injury","F- Driver",25.00,"Male","M- Hire Cars","S- Driver's Negligence",1.00
7665,35502.00,"7- Cuyuni- Mazaruni",1127,"1st Ave. Bartica","Bartica","-58.6185","6.4039",,,9/21/2005 0:00:00,12/30/1899 18:00:00,"B- Serious Injury","F- Driver",43.00,"Male","K- Private Cars","P- Speeding",1.00
7666,35503.00,"7- Cuyuni- Mazaruni",1135,"6th Ave. & 5th St. Bartica","Bartica","-58.6243","6.4072",,,12/23/2005 0:00:00,12/30/1899 8:25:00,"A- Fatal","F- Driver",39.00,"Male","J- Minibus","S- Driver's Negligence",1.00
7667,35504.00,"7- Cuyuni- Mazaruni",1127,"1st Ave. & 1st St. Bartica","Bartica","-58.6185","6.4039",,,1/26/2006 0:00:00,12/30/1899 23:45:00,"D- Property Damage","F- Driver",49.00,"Male","N- Pickup","S- Driver's Negligence",1.00
7668,35505.00,"7- Cuyuni- Mazaruni",1132,"3rd St. Bartica","Bartica","-58.6207","6.4056",,,2/28/2006 0:00:00,12/30/1899 19:20:00,"C- Minor Injury","G- Rider",12.00,"Male","W-Pedal Cycle","U- Cyclist's Negligence",1.00
7669,35506.00,"7- Cuyuni- Mazaruni",1130,"2nd Ave. & 7th St. Bartica","Bartica","-58.6198","6.4058",,,3/5/2006 0:00:00,12/30/1899 16:30:00,"C- Minor Injury","F- Driver",,"Male","K- Private Cars","R- Improper Overtaking",1.00
7670,35507.00,"7- Cuyuni- Mazaruni",1130,"2nd Ave. & 7th St. Bartica","Bartica","-58.6198","6.4058",,,4/25/2006 0:00:00,12/30/1899 16:30:00,"C- Minor Injury","F- Driver",,,"K- Private Cars","R- Improper Overtaking",1.00
7671,35508.00,"7- Cuyuni- Mazaruni",1130,"2nd Ave. Bartica","Bartica","-58.6198","6.4058",,,5/1/2006 0:00:00,12/30/1899 21:30:00,"C- Minor Injury","F- Driver",,"Male","M- Hire Cars","S- Driver's Negligence",1.00
7672,35509.00,"7- Cuyuni- Mazaruni",1128,"5th St. Bartica","Bartica","-58.6232","6.4056",,,5/4/2006 0:00:00,12/30/1899 16:00:00,"D- Property Damage","F- Driver",,,"K- Private Cars","S- Driver's Negligence",1.00
7673,35510.00,"7- Cuyuni- Mazaruni",1128,"5th Ave. bartica","Bartica","-58.6232","6.4056",,,6/8/2006 0:00:00,12/30/1899 19:30:00,"C- Minor Injury","G- Rider",30.00,"Male","V-Motor Cycle","U- Cyclist's Negligence",1.00
7674,35511.00,"7- Cuyuni- Mazaruni",1128,"5th Ave. & 3rd St, Bartica","Bartica","-58.6232","6.4056",,,7/15/2006 0:00:00,12/30/1899 12:10:00,"C- Minor Injury","F- Driver",,,"K- Private Cars","S- Driver's Negligence",1.00