"ID","Accident ID","Region Number","Corridor ID","Location (Intersection/Road/Street)","Corridor","Location- longitude/ X","Location- latitude/  Y","Mile Marker","Village","Date of Accident","Time of Accident","Type of Accident","Class of Road User","Age/DOB","Gender","Class of Vehicles Involved","Contributing Factor","Number of Persons Involved"
7675,35512.00,"7- Cuyuni- Mazaruni",1127,"1st Ave. Bartica","Bartica","-58.6185","6.4039",,,11/29/2006 0:00:00,12/30/1899 23:00:00,"C- Minor Injury","E- Pedestrian",46.00,"Male",,"T-Pedestrian's Negligence",1.00
7676,35513.00,"7- Cuyuni- Mazaruni",1128,"1.5 Miles Potaro Rd. Bartica","Bartica","-58.6232","6.4056",,,3/8/2007 0:00:00,12/30/1899 11:45:00,"C- Minor Injury","F- Driver",,,"N- Pickup","P- Speeding",1.00
7677,35514.00,"7- Cuyuni- Mazaruni",1133,"4th Ave. Bartica","Bartica","-58.6220","6.4063",,,6/28/2007 0:00:00,12/30/1899 11:00:00,"C- Minor Injury","E- Pedestrian",8.00,"Female","W-Pedal Cycle","T-Pedestrian's Negligence",2.00
7678,35515.00,"7- Cuyuni- Mazaruni",1130,"2nd Ave. Bartica","Bartica","-58.6198","6.4058",,,7/21/2007 0:00:00,12/30/1899 19:15:00,"B- Serious Injury","G- Rider",,,"V-Motor Cycle","U- Cyclist's Negligence",1.00
7679,35516.00,"7- Cuyuni- Mazaruni",1135,"6th Ave Bartica","Bartica","-58.6243","6.4072",,,9/1/2007 0:00:00,12/30/1899 19:30:00,"C- Minor Injury","G- Rider",21.00,"Male","V-Motor Cycle","P- Speeding",1.00
7680,35517.00,"7- Cuyuni- Mazaruni",1130,"2nd Ave. & 4th St. Bartica","Bartica","-58.6198","6.4058",,,2/10/2008 0:00:00,12/30/1899 11:00:00,"D- Property Damage","F- Driver",43.00,"Male","N- Pickup","S- Driver's Negligence",1.00
7681,35518.00,"7- Cuyuni- Mazaruni",1132,"3rd Ave. & 5th St. Bartica","Bartica","-58.6207","6.4056",,,2/12/2008 0:00:00,12/30/1899 15:30:00,"C- Minor Injury","F- Driver",21.00,"Female","V-Motor Cycle","P- Speeding",1.00
7682,35519.00,"7- Cuyuni- Mazaruni",1127,"1st Ave. Bartica","Bartica","-58.6185","6.4039",,,2/18/2008 0:00:00,12/30/1899 15:30:00,"C- Minor Injury","F- Driver",58.00,"Male","N- Pickup","P- Speeding",1.00
7683,35520.00,"7- Cuyuni- Mazaruni",1130,"2nd Ave. & 7th St. Bartica","Bartica","-58.6198","6.4058",,,3/25/2008 0:00:00,12/30/1899 18:00:00,"C- Minor Injury","F- Driver",32.00,"Male","L- Lorries Van","S- Driver's Negligence",1.00
7684,35521.00,"7- Cuyuni- Mazaruni",1130,"2nd Ave. & 5th St. Bartica","Bartica","-58.6198","6.4058",,,5/2/2008 0:00:00,12/30/1899 1:30:00,"C- Minor Injury","F- Driver",19.00,"Male","K- Private Cars","S- Driver's Negligence",1.00
7685,35522.00,"7- Cuyuni- Mazaruni",1132,"3rd Ave. & 5th St. Bartica","Bartica","-58.6207","6.4056",,,5/23/2008 0:00:00,12/30/1899 8:45:00,"C- Minor Injury","F- Driver",20.00,"Female","K- Private Cars","S- Driver's Negligence",1.00
7686,35523.00,"7- Cuyuni- Mazaruni",1135,"6 Miles Potaro Rd. Bartica","Bartica","-58.6243","6.4072",,,6/10/2008 0:00:00,12/30/1899 16:00:00,"D- Property Damage","F- Driver",44.00,"Male","N- Pickup","S- Driver's Negligence",1.00
7687,35524.00,"7- Cuyuni- Mazaruni",1128,"5th Ave. 2nd St. Bartica","Bartica","-58.6232","6.4056",,,8/6/2008 0:00:00,12/30/1899 20:00:00,"C- Minor Injury","F- Driver",35.00,"Male","N- Pickup","P- Speeding",1.00
7688,35525.00,"7- Cuyuni- Mazaruni",1130,"2nd Ave. Bartica","Bartica","-58.6198","6.4058",,,8/13/2008 0:00:00,12/30/1899 14:15:00,"C- Minor Injury","F- Driver",49.00,"Male","L- Lorries Van","R- Improper Overtaking",1.00
7689,35526.00,"7- Cuyuni- Mazaruni",1133,"4th Ave. Bartica","Bartica","-58.6220","6.4063",,,8/10/2008 0:00:00,12/30/1899 23:35:00,"C- Minor Injury","F- Driver",22.00,"Male","V-Motor Cycle","O- Lost Control & Runoff",1.00
7690,35527.00,"7- Cuyuni- Mazaruni",1131,"3.5 Miles Potaro Rd.","Bartica","-58.6269","6.4004",,,9/5/2008 0:00:00,12/30/1899 15:00:00,"D- Property Damage","F- Driver",25.00,"Male","K- Private Cars","S- Driver's Negligence",1.00
7691,35528.00,"7- Cuyuni- Mazaruni",1135,"6th Ave. & 3rd St. Bartica","Bartica","-58.6243","6.4072",,,9/8/2008 0:00:00,12/30/1899 12:40:00,"B- Serious Injury","G- Rider",10.00,"Male","W-Pedal Cycle","U- Cyclist's Negligence",1.00
7692,35529.00,"7- Cuyuni- Mazaruni",1132,"3rd Ave. & 4th St. Bartica","Bartica","-58.6207","6.4056",,,10/28/2008 0:00:00,12/30/1899 17:00:00,"D- Property Damage","F- Driver",38.00,"Male","L- Lorries Van","S- Driver's Negligence",1.00
7693,35530.00,"7- Cuyuni- Mazaruni",1130,"2nd Ave. & 9th St. Bartica","Bartica","-58.6198","6.4058",,,10/30/2008 0:00:00,12/30/1899 10:30:00,"C- Minor Injury","G- Rider",21.00,"Female","W-Pedal Cycle","U- Cyclist's Negligence",1.00
7694,35531.00,"7- Cuyuni- Mazaruni",1128,"5th Ave. & 4th St. Bartica","Bartica","-58.6232","6.4056",,,1/18/2009 0:00:00,12/30/1899 9:30:00,"C- Minor Injury","F- Driver",30.00,"Male","N- Pickup","S- Driver's Negligence",1.00
7695,35532.00,"7- Cuyuni- Mazaruni",1130,"2nd Ave. & 6th St. Bartica","Bartica","-58.6198","6.4058",,,1/27/2009 0:00:00,12/30/1899 16:00:00,"D- Property Damage","F- Driver",71.00,"Male","L- Lorries Van","S- Driver's Negligence",1.00
7696,35533.00,"7- Cuyuni- Mazaruni",1133,"4th Ave. & 5th St. Bartica","Bartica","-58.6220","6.4063",,,2/1/2009 0:00:00,12/30/1899 23:00:00,"D- Property Damage","F- Driver",28.00,"Male","N- Pickup","S- Driver's Negligence",1.00
7697,35534.00,"7- Cuyuni- Mazaruni",1128,"1.5 Miles Potaro Rd. Bartica","Bartica","-58.6232","6.4056",,,3/4/2009 0:00:00,12/30/1899 15:40:00,"B- Serious Injury","E- Pedestrian",11.00,"Male",,"T-Pedestrian's Negligence",1.00
7698,35535.00,"7- Cuyuni- Mazaruni",1127,"1st Ave & 7th St. Bartica","Bartica","-58.6185","6.4039",,,3/21/2009 0:00:00,12/30/1899 11:05:00,"A- Fatal","F- Driver",20.00,"Male","L- Lorries Van","S- Driver's Negligence",1.00
7699,35536.00,"7- Cuyuni- Mazaruni",1130,"2nd Ave. & 3rd St. Bartica","Bartica","-58.6198","6.4058",,,3/27/2009 0:00:00,12/30/1899 23:45:00,"B- Serious Injury","G- Rider",23.00,"Male","V-Motor Cycle","U- Cyclist's Negligence",1.00
7700,35537.00,"7- Cuyuni- Mazaruni",1131,"3 1/4 Mile Potaro Rd. Bartica","Bartica","-58.6269","6.4004",,,3/27/2009 0:00:00,12/30/1899 15:30:00,"B- Serious Injury","E- Pedestrian",6.00,"Female",,"T-Pedestrian's Negligence",1.00
7701,35538.00,"7- Cuyuni- Mazaruni",1127,"1st Ave. & 5th St. Bartica","Bartica","-58.6185","6.4039",,,4/5/2009 0:00:00,12/30/1899 3:30:00,"D- Property Damage","F- Driver",28.00,"Male","N- Pickup","S- Driver's Negligence",1.00
7702,35539.00,"7- Cuyuni- Mazaruni",1132,"3rd St. Bartica","Bartica","-58.6207","6.4056",,,5/21/2009 0:00:00,12/30/1899 9:30:00,"B- Serious Injury","F- Driver",49.00,"Male","N- Pickup","S- Driver's Negligence",1.00
7703,35540.00,"7- Cuyuni- Mazaruni",1128,"1 3/4 Miles Potaro Rd. Bartica","Bartica","-58.6232","6.4056",,,5/22/2009 0:00:00,12/30/1899 7:45:00,"B- Serious Injury","F- Driver",49.00,"Male","J- Minibus","R- Improper Overtaking",1.00
7704,35541.00,"7- Cuyuni- Mazaruni",1132,"3rd Ave. Bartica","Bartica","-58.6207","6.4056",,,5/25/2009 0:00:00,12/30/1899 23:30:00,"D- Property Damage","F- Driver",52.00,"Male","M- Hire Cars","S- Driver's Negligence",1.00
7705,35542.00,"7- Cuyuni- Mazaruni",1130,"2nd Ave. & 3rd St. Bartica","Bartica","-58.6198","6.4058",,,7/21/2009 0:00:00,12/30/1899 23:45:00,"B- Serious Injury","F- Driver",33.00,"Male","K- Private Cars","S- Driver's Negligence",1.00
7706,35543.00,"7- Cuyuni- Mazaruni",1128,"1 1/2 Miles Potaro Rd. Bartica","Bartica","-58.6232","6.4056",,,8/11/2009 0:00:00,12/30/1899 11:00:00,"B- Serious Injury","F- Driver",24.00,"Male","K- Private Cars","O- Lost Control & Runoff",1.00
7707,35544.00,"7- Cuyuni- Mazaruni",1132,"3rd Ave. Bartica","Bartica","-58.6207","6.4056",,,9/2/2009 0:00:00,12/30/1899 8:15:00,"A- Fatal","F- Driver",22.00,"Male","L- Lorries Van","S- Driver's Negligence",1.00
7708,35545.00,"7- Cuyuni- Mazaruni",1128,"Byolerabo Rd. Bartica","Bartica","-58.6232","6.4056",,,9/27/2009 0:00:00,12/30/1899 15:40:00,"B- Serious Injury","F- Driver",35.00,"Male","L- Lorries Van","O- Lost Control & Runoff",1.00
7709,35546.00,"7- Cuyuni- Mazaruni",1132,"3rd St. Bartica","Bartica","-58.6207","6.4056",,,10/14/2009 0:00:00,12/30/1899 15:40:00,"A- Fatal","F- Driver",50.00,"Male","M- Hire Cars","P- Speeding",1.00
7710,35547.00,"7- Cuyuni- Mazaruni",1127,"1st St. Bartica","Bartica","-58.6185","6.4039",,,2/9/2010 0:00:00,12/30/1899 3:15:00,"B- Serious Injury","F- Driver",24.00,"Male","N- Pickup","P- Speeding",1.00
7711,35548.00,"7- Cuyuni- Mazaruni",1131,"3 Miles Potaro Rd. Bartica","Bartica","-58.6269","6.4004",,,2/26/2010 0:00:00,12/30/1899 9:00:00,"D- Property Damage","F- Driver",41.00,"Male","N- Pickup","S- Driver's Negligence",1.00
7712,35549.00,"7- Cuyuni- Mazaruni",1132,"3rd Ave. & 3rd St. Bartica","Bartica","-58.6207","6.4056",,,3/12/2010 0:00:00,12/30/1899 14:35:00,"B- Serious Injury","G- Rider",18.00,"Male","W-Pedal Cycle","U- Cyclist's Negligence",1.00
7713,35550.00,"7- Cuyuni- Mazaruni",1128,"1 1/4 Miles Potaro Rd. Bartica","Bartica","-58.6232","6.4056",,,4/21/2010 0:00:00,12/30/1899 19:30:00,"B- Serious Injury","F- Driver",,"Male","K- Private Cars","R- Improper Overtaking",1.00
7714,35551.00,"7- Cuyuni- Mazaruni",1132,"3rd Ave. & 3rd St. Bartica","Bartica","-58.6207","6.4056",,,5/4/2010 0:00:00,12/30/1899 7:30:00,"D- Property Damage","G- Rider",23.00,"Male","V-Motor Cycle","U- Cyclist's Negligence",1.00
7715,35552.00,"7- Cuyuni- Mazaruni",1130,"2nd Ave. & 6th St. Bartica","Bartica","-58.6198","6.4058",,,7/26/2010 0:00:00,12/30/1899 8:30:00,"C- Minor Injury","G- Rider",25.00,"Female","W-Pedal Cycle","U- Cyclist's Negligence",1.00
7716,35553.00,"7- Cuyuni- Mazaruni",1133,"4th St. Bartica","Bartica","-58.6220","6.4063",,,8/20/2010 0:00:00,12/30/1899 11:55:00,"B- Serious Injury","F- Driver",67.00,"Male","L- Lorries Van","S- Driver's Negligence",1.00
7717,35554.00,"7- Cuyuni- Mazaruni",1130,"2nd Ave. & 4th St. Bartica","Bartica","-58.6198","6.4058",,,10/16/2010 0:00:00,12/30/1899 9:35:00,"D- Property Damage","F- Driver",63.00,"Male","L- Lorries Van","S- Driver's Negligence",1.00
7718,35555.00,"7- Cuyuni- Mazaruni",1128,"5th Ave. & 2nd St. Bartica","Bartica","-58.6232","6.4056",,,10/28/2010 0:00:00,12/30/1899 11:15:00,"C- Minor Injury","F- Driver",37.00,"Male","N- Pickup","S- Driver's Negligence",1.00
7719,35556.00,"7- Cuyuni- Mazaruni",1130,"2nd Ave. Bartica","Bartica","-58.6198","6.4058",,,11/27/2010 0:00:00,12/30/1899 21:10:00,"B- Serious Injury","G- Rider",23.00,"Male","V-Motor Cycle","O- Lost Control & Runoff",1.00
7720,35557.00,"7- Cuyuni- Mazaruni",1135,"6th Ave. & 2nd St. Bartica","Bartica","-58.6243","6.4072",,,11/29/2010 0:00:00,12/30/1899 7:45:00,"B- Serious Injury","F- Driver",34.00,"Male","K- Private Cars","S- Driver's Negligence",1.00
7721,35558.00,"7- Cuyuni- Mazaruni",1130,"2nd Ave. Bartica","Bartica","-58.6198","6.4058",,,12/7/2010 0:00:00,12/30/1899 13:15:00,"A- Fatal","G- Rider",24.00,"Male","V-Motor Cycle","P- Speeding",1.00
7722,35559.00,"7- Cuyuni- Mazaruni",1132,"3rd Ave. & 2nd St. Bartica","Bartica","-58.6207","6.4056",,,12/12/2010 0:00:00,12/30/1899 23:10:00,"C- Minor Injury","G- Rider",29.00,"Male","V-Motor Cycle","U- Cyclist's Negligence",1.00
7723,35560.00,"7- Cuyuni- Mazaruni",1133,"4th Ave. & Potaro Rd. Bartica","Bartica","-58.6220","6.4063",,,12/13/2010 0:00:00,12/30/1899 17:30:00,"B- Serious Injury","G- Rider",19.00,"Male","V-Motor Cycle","U- Cyclist's Negligence",1.00
7724,35561.00,"7- Cuyuni- Mazaruni",1127,"1st Ave. Bartica","Bartica","-58.6185","6.4039",,,12/16/2010 0:00:00,12/30/1899 19:35:00,"C- Minor Injury","G- Rider",33.00,"Male","W-Pedal Cycle","U- Cyclist's Negligence",1.00
7725,35562.00,"7- Cuyuni- Mazaruni",1127,"1st Ave. Bartica","Bartica","-58.6185","6.4039",,,12/17/2010 0:00:00,12/30/1899 8:10:00,"C- Minor Injury","F- Driver",32.00,"Male","N- Pickup","R- Improper Overtaking",1.00
7726,35563.00,"7- Cuyuni- Mazaruni",1130,"2nd Ave. Bartica","Bartica","-58.6198","6.4058",,,1/10/2011 0:00:00,12/30/1899 12:00:00,"D- Property Damage","F- Driver",26.00,"Male","K- Private Cars","P- Speeding",1.00
7727,35564.00,"7- Cuyuni- Mazaruni",1135,"6th Ave. 3rd St. Bartica","Bartica","-58.6243","6.4072",,,1/19/2011 0:00:00,12/30/1899 12:40:00,"D- Property Damage","F- Driver",18.00,"Male","L- Lorries Van","O- Lost Control & Runoff",1.00
7728,35565.00,"7- Cuyuni- Mazaruni",1132,"3rd St. Bartica","Bartica","-58.6207","6.4056",,,3/12/2011 0:00:00,12/30/1899 22:05:00,"D- Property Damage","F- Driver",51.00,"Male","M- Hire Cars","P- Speeding",1.00
7729,35566.00,"7- Cuyuni- Mazaruni",1127,"1st Ave. Bartica","Bartica","-58.6185","6.4039",,,3/13/2011 0:00:00,12/30/1899 20:10:00,"B- Serious Injury","F- Driver",38.00,"Male","M- Hire Cars","R- Improper Overtaking",1.00
7730,35567.00,"7- Cuyuni- Mazaruni",1130,"2nd Ave. Bartica","Bartica","-58.6198","6.4058",,,3/17/2011 0:00:00,12/30/1899 19:30:00,"B- Serious Injury","F- Driver",42.00,"Male","K- Private Cars","P- Speeding",1.00
7731,35568.00,"7- Cuyuni- Mazaruni",1130,"2nd Ave. Bartica","Bartica","-58.6198","6.4058",,,3/19/2011 0:00:00,12/30/1899 13:55:00,"B- Serious Injury","G- Rider",14.00,"Male","W-Pedal Cycle","U- Cyclist's Negligence",1.00
7732,35569.00,"7- Cuyuni- Mazaruni",1136,"7th Ave. Bartica","Bartica","-58.6257","6.4083",,,4/12/2011 0:00:00,12/30/1899 15:10:00,"C- Minor Injury","E- Pedestrian",9.00,"Female",,"T-Pedestrian's Negligence",1.00
7733,35570.00,"7- Cuyuni- Mazaruni",1127,"1st Ave. Bartica","Bartica","-58.6185","6.4039",,,4/14/2011 0:00:00,12/30/1899 17:30:00,"D- Property Damage","F- Driver",44.00,"Male","K- Private Cars","P- Speeding",1.00
7734,35571.00,"7- Cuyuni- Mazaruni",1130,"2nd Ave. Bartica","Bartica","-58.6198","6.4058",,,4/15/2011 0:00:00,12/30/1899 16:30:00,"B- Serious Injury","G- Rider",19.00,"Male","V-Motor Cycle","P- Speeding",1.00
7735,35572.00,"7- Cuyuni- Mazaruni",1130,"2nd Ave. & 9th St. Bartica","Bartica","-58.6198","6.4058",,,4/24/2011 0:00:00,12/30/1899 11:45:00,"A- Fatal","F- Driver",41.00,"Male","K- Private Cars","S- Driver's Negligence",1.00
7736,35573.00,"7- Cuyuni- Mazaruni",1138,"Carobaisi Hill Bartica","Bartica","-58.6294","6.3910",,,5/6/2011 0:00:00,12/30/1899 2:00:00,"D- Property Damage","F- Driver",17.00,"Male","N- Pickup","S- Driver's Negligence",1.00
7737,35574.00,"7- Cuyuni- Mazaruni",1128,"5th St. Bartica","Bartica","-58.6232","6.4056",,,5/15/2011 0:00:00,12/30/1899 19:30:00,"C- Minor Injury","F- Driver",28.00,"Male","K- Private Cars","R- Improper Overtaking",1.00
7738,35575.00,"7- Cuyuni- Mazaruni",1127,"1st Ave. Bartica","Bartica","-58.6185","6.4039",,,5/22/2011 0:00:00,12/30/1899 17:00:00,"C- Minor Injury","G- Rider",49.00,"Male","V-Motor Cycle","P- Speeding",1.00
7739,35576.00,"7- Cuyuni- Mazaruni",1132,"3rd Ave. & 6th St. Bartica","Bartica","-58.6207","6.4056",,,5/25/2011 0:00:00,12/30/1899 16:30:00,"C- Minor Injury","G- Rider",7.00,"Male","W-Pedal Cycle","P- Speeding",1.00
7740,35577.00,"7- Cuyuni- Mazaruni",1136,"7th Ave. Bartica","Bartica","-58.6257","6.4083",,,6/3/2011 0:00:00,12/30/1899 14:30:00,"D- Property Damage","F- Driver",25.00,"Male","L- Lorries Van","R- Improper Overtaking",1.00
7741,35578.00,"7- Cuyuni- Mazaruni",1132,"3rd Ave. & 7th St. Bartica","Bartica","-58.6207","6.4056",,,6/14/2011 0:00:00,12/30/1899 19:50:00,"C- Minor Injury","G- Rider",30.00,"Male","V-Motor Cycle","P- Speeding",1.00
7742,35579.00,"7- Cuyuni- Mazaruni",1130,"2nd Ave. & 6th St. Bartica","Bartica","-58.6198","6.4058",,,6/28/2011 0:00:00,12/30/1899 21:30:00,"B- Serious Injury","G- Rider",28.00,"Male","V-Motor Cycle","U- Cyclist's Negligence",1.00
7743,35580.00,"7- Cuyuni- Mazaruni",1132,"3rd St. Bartica","Bartica","-58.6207","6.4056",,,7/13/2011 0:00:00,12/30/1899 8:05:00,"D- Property Damage","F- Driver",37.00,"Male","L- Lorries Van","S- Driver's Negligence",1.00
7744,35581.00,"7- Cuyuni- Mazaruni",1132,"3rd Ave. & 7th St. bartica","Bartica","-58.6207","6.4056",,,7/17/2011 0:00:00,12/30/1899 2:30:00,"A- Fatal","F- Driver",43.00,"Male","L- Lorries Van","P- Speeding",1.00
7745,35582.00,"7- Cuyuni- Mazaruni",1132,"3rd St. Bartica","Bartica","-58.6207","6.4056",,,7/20/2011 0:00:00,12/30/1899 21:20:00,"D- Property Damage","F- Driver",31.00,"Male","M- Hire Cars","S- Driver's Negligence",1.00
7746,35583.00,"7- Cuyuni- Mazaruni",1133,"4th Ave. & 3rd St. Bartica","Bartica","-58.6220","6.4063",,,7/23/2011 0:00:00,12/30/1899 23:00:00,"D- Property Damage","F- Driver",35.00,"Male","K- Private Cars","S- Driver's Negligence",1.00
7747,35584.00,"7- Cuyuni- Mazaruni",1135,"6th Ave. Bartica","Bartica","-58.6243","6.4072",,,8/18/2011 0:00:00,12/30/1899 17:30:00,"C- Minor Injury","F- Driver",25.00,"Male","K- Private Cars","S- Driver's Negligence",1.00
7748,35585.00,"7- Cuyuni- Mazaruni",1127,"1st Ave. Bartica","Bartica","-58.6185","6.4039",,,8/21/2011 0:00:00,12/30/1899 9:30:00,"D- Property Damage","G- Rider",23.00,"Male","V-Motor Cycle","U- Cyclist's Negligence",1.00
7749,35586.00,"7- Cuyuni- Mazaruni",1133,"4th Ave. & 5th St. Bartica","Bartica","-58.6220","6.4063",,,8/25/2011 0:00:00,12/30/1899 9:05:00,"C- Minor Injury","F- Driver",42.00,"Male","K- Private Cars","S- Driver's Negligence",1.00
7750,35587.00,"7- Cuyuni- Mazaruni",1130,"2nd Ave. & 4th St. Bartica","Bartica","-58.6198","6.4058",,,8/30/2011 0:00:00,12/30/1899 0:15:00,"B- Serious Injury","F- Driver",35.00,"Male","M- Hire Cars","Q- Alcohol",1.00
7751,35588.00,"7- Cuyuni- Mazaruni",1130,"2nd Ave. Bartica","Bartica","-58.6198","6.4058",,,10/31/2011 0:00:00,12/30/1899 12:20:00,"C- Minor Injury","F- Driver",,,"K- Private Cars","P- Speeding",1.00
7752,35589.00,"7- Cuyuni- Mazaruni",1129,"2 Miles Potaro Rd. Bartica","Bartica","-58.6244","6.4039",,,11/24/2011 0:00:00,12/30/1899 13:00:00,"B- Serious Injury","E- Pedestrian",6.00,"Male",,"T-Pedestrian's Negligence",1.00
7753,35590.00,"7- Cuyuni- Mazaruni",1127,"1st Ave. Bartica","Bartica","-58.6185","6.4039",,,12/1/2011 0:00:00,12/30/1899 21:45:00,"B- Serious Injury","E- Pedestrian",31.00,"Male",,"T-Pedestrian's Negligence",1.00
7754,35591.00,"7- Cuyuni- Mazaruni",1130,"2nd Ave. & 5th St. Bartica","Bartica","-58.6198","6.4058",,,12/4/2011 0:00:00,12/30/1899 15:20:00,"B- Serious Injury","G- Rider",40.00,"Male","V-Motor Cycle","U- Cyclist's Negligence",1.00
7755,35592.00,"7- Cuyuni- Mazaruni",1127,"1st Ave. Bartica","Bartica","-58.6185","6.4039",,,12/10/2011 0:00:00,12/30/1899 11:55:00,"D- Property Damage","F- Driver",30.00,"Male","N- Pickup","S- Driver's Negligence",1.00
7756,35593.00,"7- Cuyuni- Mazaruni",1130,"2nd Ave. Bartica","Bartica","-58.6198","6.4058",,,12/14/2011 0:00:00,12/30/1899 2:10:00,"A- Fatal","F- Driver",24.00,"Male","K- Private Cars","Q- Alcohol",1.00
7757,35594.00,"7- Cuyuni- Mazaruni",1133,"4th Ave. & 3rd St. Bartica","Bartica","-58.6220","6.4063",,,12/29/2011 0:00:00,12/30/1899 12:30:00,"C- Minor Injury","F- Driver",18.00,"Male","K- Private Cars","S- Driver's Negligence",1.00
7758,35595.00,"7- Cuyuni- Mazaruni",1127,"1st Ave. Bartica","Bartica","-58.6185","6.4039",,,12/26/2011 0:00:00,12/30/1899 17:30:00,"C- Minor Injury","E- Pedestrian",49.00,"Male",,"T-Pedestrian's Negligence",1.00
7759,35596.00,"7- Cuyuni- Mazaruni",1130,"2nd Ave. Bartica","Bartica","-58.6198","6.4058",,,1/7/2012 0:00:00,12/30/1899 9:50:00,"C- Minor Injury","G- Rider",16.00,"Male","V-Motor Cycle","U- Cyclist's Negligence",1.00
7760,35597.00,"7- Cuyuni- Mazaruni",1130,"2nd Ave. & 5th St. Bartica","Bartica","-58.6198","6.4058",,,1/8/2012 0:00:00,12/30/1899 2:55:00,"D- Property Damage","F- Driver",37.00,"Male","K- Private Cars","S- Driver's Negligence",1.00
7761,35598.00,"7- Cuyuni- Mazaruni",1135,"6th Ave. Bartica","Bartica","-58.6243","6.4072",,,1/17/2012 0:00:00,12/30/1899 18:00:00,"C- Minor Injury","G- Rider",13.00,"Male","W-Pedal Cycle","U- Cyclist's Negligence",1.00
7762,35599.00,"7- Cuyuni- Mazaruni",1136,"7th Ave. Bartica","Bartica","-58.6257","6.4083",,,2/20/2012 0:00:00,12/30/1899 17:30:00,"B- Serious Injury","G- Rider",24.00,"Male","V-Motor Cycle","P- Speeding",1.00
7763,35600.00,"7- Cuyuni- Mazaruni",1127,"1st St. Bartica","Bartica","-58.6185","6.4039",,,4/8/2012 0:00:00,12/30/1899 16:40:00,"D- Property Damage","F- Driver",,"Male","J- Minibus","Q- Alcohol",1.00
7764,35601.00,"7- Cuyuni- Mazaruni",1128,"5th Ave. & 2nd St. Bartica","Bartica","-58.6232","6.4056",,,4/12/2012 0:00:00,12/30/1899 14:50:00,"C- Minor Injury","F- Driver",22.00,"Male","K- Private Cars","S- Driver's Negligence",1.00
7765,35602.00,"7- Cuyuni- Mazaruni",1128,"Byderabo Rd. Bartica","Bartica","-58.6232","6.4056",,,4/22/2012 0:00:00,12/30/1899 18:30:00,"B- Serious Injury","F- Driver",21.00,"Male","L- Lorries Van","S- Driver's Negligence",1.00
7766,35603.00,"7- Cuyuni- Mazaruni",1129,"2 Mile Bartica","Bartica","-58.6244","6.4039",,,5/2/2012 0:00:00,12/30/1899 21:20:00,"B- Serious Injury","F- Driver",32.00,"Male","N- Pickup","Q- Alcohol",1.00
7767,35604.00,"7- Cuyuni- Mazaruni",1133,"4th Ave. & 4th St. Bartica","Bartica","-58.6220","6.4063",,,5/6/2012 0:00:00,12/30/1899 19:30:00,"C- Minor Injury","F- Driver",25.00,"Male","L- Lorries Van","S- Driver's Negligence",1.00
7768,35605.00,"7- Cuyuni- Mazaruni",1133,"4th Ave. Bartica","Bartica","-58.6220","6.4063",,,5/9/2012 0:00:00,12/30/1899 17:10:00,"D- Property Damage","F- Driver",25.00,"Male","K- Private Cars","S- Driver's Negligence",1.00
7769,35606.00,"7- Cuyuni- Mazaruni",1130,"2nd Ave. Bartica","Bartica","-58.6198","6.4058",,,5/14/2012 0:00:00,12/30/1899 1:20:00,"B- Serious Injury","F- Driver",25.00,"Male","K- Private Cars","P- Speeding",1.00
7770,35607.00,"7- Cuyuni- Mazaruni",1133,"4th St. Bartica","Bartica","-58.6220","6.4063",,,5/16/2012 0:00:00,12/30/1899 12:10:00,"C- Minor Injury","F- Driver",49.00,"Male","M- Hire Cars","S- Driver's Negligence",1.00
7771,35608.00,"7- Cuyuni- Mazaruni",1132,"3rd Ave. & 6th St. Bartica","Bartica","-58.6207","6.4056",,,5/24/2012 0:00:00,12/30/1899 10:30:00,"D- Property Damage","F- Driver",54.00,"Male","M- Hire Cars","S- Driver's Negligence",1.00
7772,35609.00,"7- Cuyuni- Mazaruni",1130,"2nd Ave. & 4th St. Bartica","Bartica","-58.6198","6.4058",,,7/1/2012 0:00:00,12/30/1899 16:20:00,"D- Property Damage","F- Driver",40.00,"Male","K- Private Cars","S- Driver's Negligence",1.00
7773,35610.00,"7- Cuyuni- Mazaruni",1130,"2nd Ave. & 1st St. Bartica","Bartica","-58.6198","6.4058",,,7/9/2012 0:00:00,12/30/1899 14:00:00,"C- Minor Injury","F- Driver",59.00,"Male","M- Hire Cars","S- Driver's Negligence",1.00
7774,35611.00,"7- Cuyuni- Mazaruni",1128,"5th Avenue & 3rd St. Bartica","Bartica","-58.6232","6.4056",,,8/8/2012 0:00:00,12/30/1899 11:00:00,"C- Minor Injury","F- Driver",28.00,"Male","L- Lorries Van","S- Driver's Negligence",1.00
7775,35612.00,"7- Cuyuni- Mazaruni",1128,"5th St. Bartica","Bartica","-58.6232","6.4056",,,8/28/2012 0:00:00,12/30/1899 19:20:00,"B- Serious Injury","G- Rider",18.00,"Male","V-Motor Cycle","R- Improper Overtaking",1.00
7776,35613.00,"7- Cuyuni- Mazaruni",1127,"1st Ave. Bartica","Bartica","-58.6185","6.4039",,,9/12/2012 0:00:00,12/30/1899 12:35:00,"B- Serious Injury","E- Pedestrian",90.00,"Female",,"Q- Alcohol",1.00
7777,35614.00,"7- Cuyuni- Mazaruni",1127,"1st Ave. Bartica","Bartica","-58.6185","6.4039",,,11/20/2012 0:00:00,12/30/1899 16:00:00,"D- Property Damage","F- Driver",44.00,"Male","K- Private Cars","S- Driver's Negligence",1.00
7778,35615.00,"7- Cuyuni- Mazaruni",1127,"1st Ave. Bartica","Bartica","-58.6185","6.4039",,,12/16/2012 0:00:00,12/30/1899 19:00:00,"D- Property Damage","F- Driver",39.00,"Male","K- Private Cars","P- Speeding",1.00
7779,35616.00,"4- Demerara- Mahaica",,"Coverden Public Rd.","East bank Demerara (from Georgetown)","-58.2229","6.5699",,,1/12/2002 0:00:00,12/30/1899 22:57:00,"D- Property Damage","F- Driver",33.00,"Male","K- Private Cars","S- Driver's Negligence",2.00
7780,35617.00,"4- Demerara- Mahaica",,"Timehri Public Rd.","East bank Demerara (from Georgetown)","-58.2652","6.5145",,,1/12/2002 0:00:00,12/30/1899 21:30:00,"B- Serious Injury","F- Driver",35.00,"Male","L- Lorries Van","P- Speeding",2.00
7781,35618.00,"4- Demerara- Mahaica",,"Timehri Public Rd.","East bank Demerara (from Georgetown)","-58.2652","6.5145",,,1/14/2002 0:00:00,12/30/1899 19:30:00,"C- Minor Injury","F- Driver",34.00,"Male","J- Minibus;K- Private Cars","P- Speeding",2.00
7782,35619.00,"4- Demerara- Mahaica",,"Land Of Canaan Public Rd.","East bank Demerara (from Georgetown)","-58.2066","6.6010",,,1/15/2002 0:00:00,12/30/1899 15:20:00,"C- Minor Injury","F- Driver",,"Male","K- Private Cars","P- Speeding",2.00
7783,35620.00,"4- Demerara- Mahaica",,"Soesdyke Public Rd.","East bank Demerara (from Georgetown)","-58.2123","6.5003",,,1/15/2002 0:00:00,12/30/1899 15:20:00,"C- Minor Injury","F- Driver",,"Male","K- Private Cars;L- Lorries Van","P- Speeding",2.00
7784,35621.00,"4- Demerara- Mahaica",,"Soesdyke Public Rd.","East bank Demerara (from Georgetown)","-58.2123","6.5003",,,1/15/2002 0:00:00,12/30/1899 7:40:00,"C- Minor Injury","F- Driver",33.00,"Male","M- Hire Cars;W-Pedal Cycle","S- Driver's Negligence",2.00