"ID","Accident ID","Region Number","Corridor ID","Location (Intersection/Road/Street)","Corridor","Location- longitude/ X","Location- latitude/  Y","Mile Marker","Village","Date of Accident","Time of Accident","Type of Accident","Class of Road User","Age/DOB","Gender","Class of Vehicles Involved","Contributing Factor","Number of Persons Involved"
7785,35622.00,"4- Demerara- Mahaica",,"Land Of Canaan Public Rd.","East bank Demerara (from Georgetown)","-58.2066","6.6010",,,1/15/2002 0:00:00,12/30/1899 12:45:00,"B- Serious Injury","F- Driver",70.00,"Female","K- Private Cars","P- Speeding",1.00
7786,35623.00,"4- Demerara- Mahaica",,"Soesdyke Public Rd.","East bank Demerara (from Georgetown)","-58.2123","6.5003",,,1/18/2002 0:00:00,12/30/1899 11:45:00,"D- Property Damage","F- Driver",49.00,"Male","K- Private Cars;V-Motor Cycle","P- Speeding",2.00
7787,35624.00,"4- Demerara- Mahaica",,"Maruruni Soesdyke Linden Highway","East bank Demerara (from Georgetown)","-58.2394","6.3383",,,1/31/2002 0:00:00,12/30/1899 11:45:00,"B- Serious Injury","F- Driver",26.00,"Male","J- Minibus","P- Speeding",1.00
7788,35625.00,"4- Demerara- Mahaica",,"Soesdyke Public Rd.","East bank Demerara (from Georgetown)","-58.2123","6.5003",,,2/3/2002 0:00:00,12/30/1899 20:45:00,"B- Serious Injury","F- Driver",33.00,"Male","J- Minibus;K- Private Cars","S- Driver's Negligence",2.00
7789,35626.00,"4- Demerara- Mahaica",,"Fung-a-fat Exit Rd.","East bank Demerara (from Georgetown)","-58.2394","6.3383",,,2/4/2002 0:00:00,12/30/1899 12:00:00,"D- Property Damage","F- Driver",43.00,"Male","K- Private Cars;N- Pickup","S- Driver's Negligence",2.00
7790,35627.00,"4- Demerara- Mahaica",,"Yarrowkabra Public Rd.","East bank Demerara (from Georgetown)","-58.2529","6.0835",,,2/10/2002 0:00:00,,"D- Property Damage","F- Driver",43.00,"Male","J- Minibus;L- Lorries Van","S- Driver's Negligence",2.00
7791,35628.00,"4- Demerara- Mahaica",,"Coverden Public Rd.","East bank Demerara (from Georgetown)","-58.2229","6.5699",,,2/22/2002 0:00:00,12/30/1899 17:00:00,"D- Property Damage","F- Driver",34.00,"Male","J- Minibus","S- Driver's Negligence",3.00
7792,35629.00,"4- Demerara- Mahaica",,"Soesdyke Public Rd.","East bank Demerara (from Georgetown)","-58.2123","6.5003",,,2/24/2002 0:00:00,12/30/1899 14:30:00,"B- Serious Injury","E- Pedestrian",31.00,"Male","J- Minibus","P- Speeding",2.00
7793,35630.00,"4- Demerara- Mahaica",,"Land Of Canaan Public Rd.","East bank Demerara (from Georgetown)","-58.2066","6.6010",,,2/21/2002 0:00:00,12/30/1899 20:45:00,"C- Minor Injury","F- Driver",41.00,"Male","J- Minibus;K- Private Cars","P- Speeding",2.00
7794,35631.00,"4- Demerara- Mahaica",,"Land Of Canaan Public Rd.","East bank Demerara (from Georgetown)","-58.2066","6.6010",,,2/28/2002 0:00:00,12/30/1899 8:35:00,"D- Property Damage","F- Driver",,"Male","J- Minibus","S- Driver's Negligence",2.00
7795,35632.00,"4- Demerara- Mahaica",,"Timehri Base Rd.","East bank Demerara (from Georgetown)","-58.2123","6.5003",,,3/2/2002 0:00:00,12/30/1899 19:10:00,"B- Serious Injury","F- Driver",22.00,"Male","J- Minibus","S- Driver's Negligence",2.00
7796,35633.00,"4- Demerara- Mahaica",,"Kuru-kururu Public Road","East bank Demerara (from Georgetown)","-58.2040","6.5273",,,3/5/2002 0:00:00,12/30/1899 18:15:00,"A- Fatal","F- Driver",45.00,"Male","L- Lorries Van;M- Hire Cars","S- Driver's Negligence",2.00
7797,35634.00,"4- Demerara- Mahaica",,"Timehri Public Rd.","East bank Demerara (from Georgetown)","-58.2652","6.5145",,,3/12/2002 0:00:00,12/30/1899 8:00:00,"B- Serious Injury","F- Driver",38.00,"Male","L- Lorries Van","S- Driver's Negligence",2.00
7798,35635.00,"4- Demerara- Mahaica",,"Soesdyke Public Rd.","East bank Demerara (from Georgetown)","-58.2123","6.5003",,,3/18/2002 0:00:00,12/30/1899 22:15:00,"B- Serious Injury","F- Driver",,"Male","N- Pickup","S- Driver's Negligence",2.00
7799,35636.00,"4- Demerara- Mahaica",,"Supply Public Rd.","East bank Demerara (from Georgetown)","-58.2008","6.6313",,,3/24/2002 0:00:00,12/30/1899 0:20:00,"D- Property Damage","F- Driver",31.00,"Male","J- Minibus","S- Driver's Negligence",2.00
7800,35637.00,"4- Demerara- Mahaica",,"Timehri Public Rd.","East bank Demerara (from Georgetown)","-58.2652","6.5145",,,3/17/2002 0:00:00,12/30/1899 13:30:00,"D- Property Damage","F- Driver",35.00,"Female","L- Lorries Van","S- Driver's Negligence",2.00
7801,35638.00,"4- Demerara- Mahaica",,"Soesdyke Linden Highway","East bank Demerara (from Georgetown)","58.2353","6.5458",,,3/28/2002 0:00:00,12/30/1899 21:00:00,"C- Minor Injury","F- Driver",,"Male","K- Private Cars;N- Pickup","S- Driver's Negligence",2.00
7802,35639.00,"4- Demerara- Mahaica",,"Timehri Public Rd.","East bank Demerara (from Georgetown)","-58.2652","6.5145",,,4/2/2002 0:00:00,12/30/1899 17:00:00,"C- Minor Injury","F- Driver",42.00,"Male","J- Minibus","P- Speeding",2.00
7803,35640.00,"4- Demerara- Mahaica",,"Long Creek Linden Highway","East bank Demerara (from Georgetown)","-58.2337","6.1320",,,3/27/2002 0:00:00,12/30/1899 2:30:00,"C- Minor Injury","F- Driver",35.00,"Male","J- Minibus","S- Driver's Negligence",1.00
7804,35641.00,"4- Demerara- Mahaica",,"Coverden Public Rd.","East bank Demerara (from Georgetown)","-58.2229","6.5699",,,4/13/2002 0:00:00,12/30/1899 19:30:00,"C- Minor Injury","F- Driver",,"Male","K- Private Cars","S- Driver's Negligence",2.00
7805,35642.00,"4- Demerara- Mahaica",,"Soesdyke Public Rd.","East bank Demerara (from Georgetown)","-58.2123","6.5003",,,4/22/2002 0:00:00,12/30/1899 9:40:00,"D- Property Damage","F- Driver",36.00,"Male","M- Hire Cars","P- Speeding",2.00
7806,35643.00,"4- Demerara- Mahaica",,"Land Of Canaan Public Rd.","East bank Demerara (from Georgetown)","-58.2066","6.6010",,,4/18/2002 0:00:00,12/30/1899 15:45:00,"B- Serious Injury","F- Driver",,"Male","K- Private Cars;W-Pedal Cycle","S- Driver's Negligence",2.00
7807,35644.00,"4- Demerara- Mahaica",,"Land Of Canaan Public Rd.","East bank Demerara (from Georgetown)","-58.2066","6.6010",,,4/25/2002 0:00:00,12/30/1899 8:40:00,"B- Serious Injury","F- Driver",28.00,"Male","J- Minibus;K- Private Cars","S- Driver's Negligence",2.00
7808,35645.00,"4- Demerara- Mahaica",,"Timehri Public Rd.","East bank Demerara (from Georgetown)","-58.2652","6.5145",,,4/29/2002 0:00:00,12/30/1899 17:05:00,"D- Property Damage","F- Driver",,"Male","J- Minibus;K- Private Cars","S- Driver's Negligence",2.00
7809,35646.00,"4- Demerara- Mahaica",,"Soesdyke Public Rd.","East bank Demerara (from Georgetown)","-58.2123","6.5003",,,4/29/2002 0:00:00,12/30/1899 7:45:00,"C- Minor Injury","F- Driver",,"Male","J- Minibus","S- Driver's Negligence",2.00
7810,35647.00,"4- Demerara- Mahaica",,"Brickery Public Rd.","East bank Demerara (from Georgetown)","-58.2001","6.8183",,,4/30/2002 0:00:00,12/30/1899 4:20:00,"D- Property Damage","F- Driver",42.00,"Male","L- Lorries Van;N- Pickup","P- Speeding",2.00
7811,35648.00,"4- Demerara- Mahaica",,"Coverden Public Rd.","East bank Demerara (from Georgetown)","-58.2229","6.5699",,,5/8/2002 0:00:00,12/30/1899 11:00:00,"B- Serious Injury","F- Driver",,"Male","L- Lorries Van","S- Driver's Negligence",2.00
7812,35649.00,"4- Demerara- Mahaica",,"Soesdyke Public Rd.","East bank Demerara (from Georgetown)","-58.2123","6.5003",,,5/11/2002 0:00:00,12/30/1899 11:45:00,"B- Serious Injury","F- Driver",,"Male","L- Lorries Van","S- Driver's Negligence",1.00
7813,35650.00,"4- Demerara- Mahaica",,"Supply Public Rd.","East bank Demerara (from Georgetown)","-58.2008","6.6313",,,5/14/2002 0:00:00,12/30/1899 9:00:00,"D- Property Damage","F- Driver",,"Male","J- Minibus;L- Lorries Van","S- Driver's Negligence",2.00
7814,35651.00,"4- Demerara- Mahaica",,"Soesdyke Public Rd.","East bank Demerara (from Georgetown)","-58.2123","6.5003",,,5/11/2002 0:00:00,12/30/1899 20:40:00,"A- Fatal","F- Driver",49.00,"Male","J- Minibus","S- Driver's Negligence",2.00
7815,35652.00,"4- Demerara- Mahaica",,"Swan Public Rd.","East bank Demerara (from Georgetown)","-58.1878","6.7960",,,5/13/2002 0:00:00,12/30/1899 10:45:00,"C- Minor Injury","F- Driver",,"Male","N- Pickup;W-Pedal Cycle","S- Driver's Negligence",2.00
7816,35653.00,"4- Demerara- Mahaica",,"Brickery Public Rd.","East bank Demerara (from Georgetown)","-58.2001","6.8183",,,5/11/2002 0:00:00,12/30/1899 20:30:00,"C- Minor Injury","F- Driver",41.00,"Male","M- Hire Cars;V-Motor Cycle","S- Driver's Negligence",2.00
7817,35654.00,"4- Demerara- Mahaica",,"Coverden Public Rd.","East bank Demerara (from Georgetown)","-58.2229","6.5699",,,5/16/2002 0:00:00,12/30/1899 8:20:00,"B- Serious Injury","G- Rider",,"Male","V-Motor Cycle","P- Speeding",1.00
7818,35655.00,"4- Demerara- Mahaica",,"Brickery Public Rd.","East bank Demerara (from Georgetown)","-58.2001","6.8183",,,5/11/2002 0:00:00,12/30/1899 20:25:00,"C- Minor Injury","F- Driver",,"Male","M- Hire Cars;V-Motor Cycle","S- Driver's Negligence",2.00
7819,35656.00,"4- Demerara- Mahaica",,"Coverden Public Rd.","East bank Demerara (from Georgetown)","-58.2229","6.5699",,,6/4/2002 0:00:00,12/30/1899 19:30:00,"A- Fatal","F- Driver",33.00,"Male","J- Minibus;L- Lorries Van","S- Driver's Negligence",2.00
7820,35657.00,"4- Demerara- Mahaica",,"Supply Public Rd.","East bank Demerara (from Georgetown)","-58.2008","6.6313",,,6/7/2002 0:00:00,12/30/1899 13:20:00,"D- Property Damage","F- Driver",,"Male","L- Lorries Van","P- Speeding",2.00
7821,35658.00,"4- Demerara- Mahaica",,"Kuru-kururu Public Road","East bank Demerara (from Georgetown)","-58.2040","6.5273",,,6/10/2002 0:00:00,12/30/1899 12:00:00,"A- Fatal","F- Driver",42.00,"Male","J- Minibus","S- Driver's Negligence",2.00
7822,35659.00,"4- Demerara- Mahaica",,"Timehri Public Rd.","East bank Demerara (from Georgetown)","-58.2652","6.5145",,,6/10/2002 0:00:00,12/30/1899 21:30:00,"C- Minor Injury","F- Driver",24.00,"Male","W-Pedal Cycle","P- Speeding",1.00
7823,35660.00,"4- Demerara- Mahaica",,"Land Of Canaan Public Rd.","East bank Demerara (from Georgetown)","-58.2066","6.6010",,,6/30/2002 0:00:00,12/30/1899 21:30:00,"D- Property Damage","F- Driver",,"Male","K- Private Cars","P- Speeding",1.00
7824,35661.00,"4- Demerara- Mahaica",,"Soesdyke Public Rd.","East bank Demerara (from Georgetown)","-58.2123","6.5003",,,7/10/2002 0:00:00,12/30/1899 4:10:00,"D- Property Damage","F- Driver",41.00,"Male","K- Private Cars","P- Speeding",1.00
7825,35662.00,"4- Demerara- Mahaica",,"Soesdyke Public Rd.","East bank Demerara (from Georgetown)","-58.2123","6.5003",,,7/7/2002 0:00:00,12/30/1899 7:38:00,"D- Property Damage","F- Driver",47.00,"Male","K- Private Cars","Y- Animal",1.00
7826,35663.00,"4- Demerara- Mahaica",,"Kuru-kururu Public Road","East bank Demerara (from Georgetown)","-58.2040","6.5273",,,7/9/2002 0:00:00,12/30/1899 14:30:00,"D- Property Damage","F- Driver",,"Male","L- Lorries Van","S- Driver's Negligence",2.00
7827,35664.00,"4- Demerara- Mahaica",,"Supply Public Rd.","East bank Demerara (from Georgetown)","-58.2008","6.6313",,,7/8/2002 0:00:00,12/30/1899 12:30:00,"D- Property Damage","F- Driver",,"Male","L- Lorries Van;M- Hire Cars","P- Speeding",2.00
7828,35665.00,"4- Demerara- Mahaica",,"Soesdyke Public Rd.","East bank Demerara (from Georgetown)","-58.2123","6.5003",,,7/8/2002 0:00:00,12/30/1899 3:10:00,"D- Property Damage","F- Driver",,"Male","M- Hire Cars","Y- Animal",1.00
7829,35666.00,"4- Demerara- Mahaica",,"Timehri Public Rd.","East bank Demerara (from Georgetown)","-58.2652","6.5145",,,7/14/2002 0:00:00,12/30/1899 3:00:00,"D- Property Damage","F- Driver",,"Male","M- Hire Cars","S- Driver's Negligence",1.00
7830,35667.00,"4- Demerara- Mahaica",,"Land Of Canaan Public Rd.","East bank Demerara (from Georgetown)","-58.2066","6.6010",,,7/14/2002 0:00:00,12/30/1899 7:30:00,"D- Property Damage","F- Driver",,"Male","K- Private Cars;L- Lorries Van","S- Driver's Negligence",2.00
7831,35668.00,"4- Demerara- Mahaica",,"Soesdyke Public Rd.","East bank Demerara (from Georgetown)","-58.2123","6.5003",,,7/11/2002 0:00:00,12/30/1899 11:13:00,"D- Property Damage","F- Driver",,"Male","K- Private Cars;M- Hire Cars","P- Speeding",2.00
7832,35669.00,"4- Demerara- Mahaica",,"Coverden Public Rd.","East bank Demerara (from Georgetown)","-58.2229","6.5699",,,7/20/2002 0:00:00,12/30/1899 18:30:00,"D- Property Damage","F- Driver",,"Male","K- Private Cars","S- Driver's Negligence",2.00
7833,35670.00,"4- Demerara- Mahaica",,"Soesdyke Public Rd.","East bank Demerara (from Georgetown)","-58.2123","6.5003",,,7/24/2002 0:00:00,12/30/1899 6:10:00,"D- Property Damage","F- Driver",38.00,"Male","J- Minibus","S- Driver's Negligence",2.00
7834,35671.00,"4- Demerara- Mahaica",,"Supply Public Rd.","East bank Demerara (from Georgetown)","-58.2008","6.6313",,,7/22/2002 0:00:00,12/30/1899 15:00:00,"D- Property Damage","F- Driver",41.00,"Male","L- Lorries Van;N- Pickup","S- Driver's Negligence",2.00
7835,35672.00,"4- Demerara- Mahaica",,"Supply Public Rd.","East bank Demerara (from Georgetown)","-58.2008","6.6313",,,7/24/2002 0:00:00,12/30/1899 16:10:00,"B- Serious Injury","F- Driver",,"Male","J- Minibus;K- Private Cars","P- Speeding",2.00
7836,35673.00,"4- Demerara- Mahaica",,"Coverden Public Rd.","East bank Demerara (from Georgetown)","-58.2229","6.5699",,,8/1/2002 0:00:00,12/30/1899 16:50:00,"A- Fatal","F- Driver",21.00,"Male","M- Hire Cars;N- Pickup","S- Driver's Negligence",3.00
7837,35674.00,"4- Demerara- Mahaica",,"Coverden Public Rd.","East bank Demerara (from Georgetown)","-58.2229","6.5699",,,8/1/2002 0:00:00,12/30/1899 18:45:00,"D- Property Damage","F- Driver",,"Male","J- Minibus;N- Pickup","S- Driver's Negligence",3.00
7838,35675.00,"4- Demerara- Mahaica",,"Donu Public Rd.","East bank Demerara (from Georgetown)","-58.2123","6.5003",,,8/7/2002 0:00:00,12/30/1899 21:30:00,"B- Serious Injury","F- Driver",,"Male","J- Minibus;K- Private Cars","S- Driver's Negligence",2.00
7839,35676.00,"4- Demerara- Mahaica",,"Soesdyke Public Rd.","East bank Demerara (from Georgetown)","-58.2123","6.5003",,,8/4/2002 0:00:00,12/30/1899 9:45:00,"B- Serious Injury","F- Driver",45.00,"Male","K- Private Cars","P- Speeding",1.00
7840,35677.00,"4- Demerara- Mahaica",,"Yarrowkabra Public Rd.","East bank Demerara (from Georgetown)","-58.2529","6.0835",,,8/4/2002 0:00:00,,"A- Fatal","F- Driver",32.00,"Male","J- Minibus","S- Driver's Negligence",2.00
7841,35678.00,"4- Demerara- Mahaica",,"Pearl Public Rd.","East bank Demerara (from Georgetown)","-58.2114","6.5896",,,8/19/2002 0:00:00,12/30/1899 6:00:00,"D- Property Damage","F- Driver",,"Male","J- Minibus","S- Driver's Negligence",2.00
7842,35679.00,"4- Demerara- Mahaica",,"Land Of Canaan Public Rd.","East bank Demerara (from Georgetown)","-58.2066","6.6010",,,8/20/2002 0:00:00,12/30/1899 12:22:00,"C- Minor Injury","F- Driver",,"Male","L- Lorries Van;N- Pickup","S- Driver's Negligence",2.00
7843,35680.00,"4- Demerara- Mahaica",,"Pearl Public Rd.","East bank Demerara (from Georgetown)","-58.2114","6.5896",,,8/19/2002 0:00:00,12/30/1899 8:30:00,"C- Minor Injury","F- Driver",30.00,"Male","N- Pickup;W-Pedal Cycle","S- Driver's Negligence",2.00
7844,35681.00,"4- Demerara- Mahaica",,"Soesdyke Public Rd.","East bank Demerara (from Georgetown)","-58.2123","6.5003",,,8/24/2002 0:00:00,12/30/1899 20:30:00,"D- Property Damage","F- Driver",,"Male","K- Private Cars;W-Pedal Cycle","P- Speeding",2.00
7845,35682.00,"4- Demerara- Mahaica",,"Supply Public Rd.","East bank Demerara (from Georgetown)","-58.2008","6.6313",,,8/30/2002 0:00:00,12/30/1899 10:05:00,"D- Property Damage","F- Driver",37.00,"Male","N- Pickup","S- Driver's Negligence",2.00
7846,35683.00,"4- Demerara- Mahaica",,"Timehri Public Rd.","East bank Demerara (from Georgetown)","-58.2652","6.5145",,,9/3/2002 0:00:00,12/30/1899 6:00:00,"D- Property Damage","F- Driver",,"Male","N- Pickup","S- Driver's Negligence",2.00
7847,35684.00,"4- Demerara- Mahaica",,"Soesdyke Public Rd.","East bank Demerara (from Georgetown)","-58.2123","6.5003",,,9/8/2002 0:00:00,12/30/1899 15:30:00,"B- Serious Injury","F- Driver",25.00,"Male","J- Minibus;W-Pedal Cycle","S- Driver's Negligence",2.00
7848,35685.00,"4- Demerara- Mahaica",,"Soesdyke Junction","East bank Demerara (from Georgetown)","-58.2123","6.5003",,,9/9/2002 0:00:00,12/30/1899 12:00:00,"A- Fatal","F- Driver",43.00,"Male","N- Pickup;W-Pedal Cycle","P- Speeding",2.00
7849,35686.00,"4- Demerara- Mahaica",,"Land Of Canaan Public Rd.","East bank Demerara (from Georgetown)","-58.2066","6.6010",,,9/16/2002 0:00:00,12/30/1899 7:27:00,"D- Property Damage","F- Driver",,"Male","J- Minibus;K- Private Cars","S- Driver's Negligence",2.00
7850,35687.00,"4- Demerara- Mahaica",,"Soesdyke Public Rd.","East bank Demerara (from Georgetown)","-58.2123","6.5003",,,9/27/2002 0:00:00,12/30/1899 10:40:00,"B- Serious Injury","F- Driver",53.00,"Male","L- Lorries Van","S- Driver's Negligence",2.00
7851,35688.00,"4- Demerara- Mahaica",,"Land Of Canaan Public Rd.","East bank Demerara (from Georgetown)","-58.2066","6.6010",,,10/2/2002 0:00:00,12/30/1899 11:20:00,"D- Property Damage","F- Driver",,"Male","J- Minibus;K- Private Cars","S- Driver's Negligence",2.00
7852,35689.00,"4- Demerara- Mahaica",,"Coverden Public Rd.","East bank Demerara (from Georgetown)","-58.2229","6.5699",,,10/17/2002 0:00:00,12/30/1899 20:00:00,"D- Property Damage","F- Driver",23.00,"Male","L- Lorries Van;N- Pickup","S- Driver's Negligence",2.00
7853,35690.00,"4- Demerara- Mahaica",,"Coverden Public Rd.","East bank Demerara (from Georgetown)","-58.2229","6.5699",,,10/19/2002 0:00:00,12/30/1899 17:35:00,"B- Serious Injury","F- Driver",,"Male","J- Minibus","S- Driver's Negligence",2.00
7854,35691.00,"4- Demerara- Mahaica",,"Soesdyke Public Rd.","East bank Demerara (from Georgetown)","-58.2123","6.5003",,,10/16/2002 0:00:00,12/30/1899 19:10:00,"B- Serious Injury","F- Driver",,"Male","J- Minibus","S- Driver's Negligence",2.00
7855,35692.00,"4- Demerara- Mahaica",,"Soesdyke Public Rd.","East bank Demerara (from Georgetown)","-58.2123","6.5003",,,10/24/2002 0:00:00,12/30/1899 19:40:00,"B- Serious Injury","F- Driver",,"Male","L- Lorries Van","S- Driver's Negligence",2.00
7856,35693.00,"4- Demerara- Mahaica",,"Dora Soesdyke","East bank Demerara (from Georgetown)","-58.2176","6.2720",,,10/20/2002 0:00:00,12/30/1899 9:10:00,"C- Minor Injury","F- Driver",,"Male","M- Hire Cars","P- Speeding",1.00
7857,35694.00,"4- Demerara- Mahaica",,"South Dakota Circuit","East bank Demerara (from Georgetown)","-58.2123","6.5003",,,11/3/2002 0:00:00,12/30/1899 11:45:00,"A- Fatal","F- Driver",34.00,"Female","J- Minibus;L- Lorries Van","P- Speeding",2.00
7858,35695.00,"4- Demerara- Mahaica",,"Coverden Public Rd.","East bank Demerara (from Georgetown)","-58.2229","6.5699",,,11/18/2002 0:00:00,12/30/1899 6:10:00,"C- Minor Injury","F- Driver",29.00,"Male","J- Minibus;M- Hire Cars","S- Driver's Negligence",2.00
7859,35696.00,"4- Demerara- Mahaica",,"Supply Public Rd.","East bank Demerara (from Georgetown)","-58.2008","6.6313",,,11/20/2002 0:00:00,12/30/1899 13:10:00,"D- Property Damage","F- Driver",,"Female","J- Minibus;L- Lorries Van","S- Driver's Negligence",2.00
7860,35697.00,"4- Demerara- Mahaica",,"Land Of Canaan Public Rd.","East bank Demerara (from Georgetown)","-58.2066","6.6010",,,11/23/2002 0:00:00,12/30/1899 11:25:00,"D- Property Damage","F- Driver",,"Male","L- Lorries Van","S- Driver's Negligence",2.00
7861,35698.00,"4- Demerara- Mahaica",,"Timehri Base Rd.","East bank Demerara (from Georgetown)","-58.2123","6.5003",,,1/6/2004 0:00:00,,"C- Minor Injury","F- Driver",22.00,"Male","L- Lorries Van","S- Driver's Negligence",2.00
7862,35700.00,"4- Demerara- Mahaica",,"C.J.I.A.","East bank Demerara (from Georgetown)","-58.2530","6.5040",,,1/1/2004 0:00:00,12/30/1899 19:45:00,"C- Minor Injury","F- Driver",40.00,"Male","K- Private Cars","S- Driver's Negligence",2.00
7863,35701.00,"4- Demerara- Mahaica",,"Coverden Public Rd.","East bank Demerara (from Georgetown)","-58.2229","6.5699",,,1/3/2004 0:00:00,,"B- Serious Injury","F- Driver",19.00,"Male","K- Private Cars","S- Driver's Negligence",3.00
7864,35702.00,"4- Demerara- Mahaica",,"Soesdyke Public Rd.","East bank Demerara (from Georgetown)","-58.2123","6.5003",,,1/11/2004 0:00:00,12/30/1899 12:15:00,"D- Property Damage","F- Driver",45.00,"Male","M- Hire Cars","S- Driver's Negligence",2.00
7865,35703.00,"4- Demerara- Mahaica",,"Coverden Public Rd.","East bank Demerara (from Georgetown)","-58.2229","6.5699",,,1/12/2004 0:00:00,12/30/1899 15:50:00,"D- Property Damage","F- Driver",,"Male","M- Hire Cars","Y- Animal",1.00
7866,35704.00,"4- Demerara- Mahaica",,"Coverden Public Rd.","East bank Demerara (from Georgetown)","-58.2229","6.5699",,,1/14/2004 0:00:00,12/30/1899 18:45:00,"B- Serious Injury","F- Driver",,"Male","K- Private Cars","P- Speeding",2.00
7867,35705.00,"4- Demerara- Mahaica",,"Kuru-kururu Public Road","East bank Demerara (from Georgetown)","-58.2040","6.5273",,,1/9/2004 0:00:00,12/30/1899 16:15:00,"D- Property Damage","F- Driver",,"Male","L- Lorries Van","S- Driver's Negligence",2.00
7868,35706.00,"4- Demerara- Mahaica",,"Coverden Public Rd.","East bank Demerara (from Georgetown)","-58.2229","6.5699",,,2/2/2004 0:00:00,12/30/1899 14:00:00,"D- Property Damage","F- Driver",48.00,"Male","J- Minibus;K- Private Cars","S- Driver's Negligence",2.00
7869,35707.00,"4- Demerara- Mahaica",,"Land Of Canaan Public Rd.","East bank Demerara (from Georgetown)","-58.2066","6.6010",,,2/14/2004 0:00:00,12/30/1899 7:50:00,"C- Minor Injury","F- Driver",,"Male","K- Private Cars;W-Pedal Cycle","S- Driver's Negligence",2.00
7870,35708.00,"4- Demerara- Mahaica",,"Pearl Public Rd.","East bank Demerara (from Georgetown)","-58.2114","6.5896",,,2/20/2004 0:00:00,12/30/1899 14:40:00,"D- Property Damage","F- Driver",27.00,"Male","J- Minibus;L- Lorries Van","S- Driver's Negligence",2.00
7871,35709.00,"4- Demerara- Mahaica",,"Soesdyke Public Rd.","East bank Demerara (from Georgetown)","-58.2123","6.5003",,,2/25/2004 0:00:00,12/30/1899 7:15:00,"D- Property Damage","F- Driver",32.00,"Male","J- Minibus;L- Lorries Van","S- Driver's Negligence",2.00
7872,35710.00,"4- Demerara- Mahaica",,"Soesdyke Public Rd.","East bank Demerara (from Georgetown)","-58.2123","6.5003",,,2/26/2004 0:00:00,12/30/1899 5:30:00,"C- Minor Injury","F- Driver",35.00,"Male","J- Minibus","S- Driver's Negligence",2.00
7873,35711.00,"4- Demerara- Mahaica",,"Soesdyke Public Rd.","East bank Demerara (from Georgetown)","-58.2123","6.5003",,,2/27/2004 0:00:00,,"D- Property Damage","F- Driver",35.00,"Male","J- Minibus;M- Hire Cars","S- Driver's Negligence",2.00
7874,35712.00,"4- Demerara- Mahaica",,"Soesdyke Public Rd.","East bank Demerara (from Georgetown)","-58.2123","6.5003",,,2/28/2004 0:00:00,12/30/1899 8:45:00,"D- Property Damage","F- Driver",35.00,"Male","K- Private Cars;N- Pickup","S- Driver's Negligence",2.00
7875,35713.00,"4- Demerara- Mahaica",,"Land Of Canaan Public Rd.","East bank Demerara (from Georgetown)","-58.2066","6.6010",,,3/3/2004 0:00:00,12/30/1899 15:30:00,"B- Serious Injury","F- Driver",,"Male","N- Pickup","S- Driver's Negligence",2.00
7876,35714.00,"4- Demerara- Mahaica",,"Timehri Public Rd.","East bank Demerara (from Georgetown)","-58.2652","6.5145",,,3/9/2004 0:00:00,12/30/1899 8:00:00,"D- Property Damage","F- Driver",28.00,"Male","J- Minibus;K- Private Cars","S- Driver's Negligence",2.00
7877,35715.00,"4- Demerara- Mahaica",,"Soesdyke Public Rd.","East bank Demerara (from Georgetown)","-58.2123","6.5003",,,3/28/2004 0:00:00,12/30/1899 12:30:00,"B- Serious Injury","F- Driver",,"Female","K- Private Cars;N- Pickup","S- Driver's Negligence",2.00
7878,35716.00,"4- Demerara- Mahaica",,"Soesdyke Public Rd.","East bank Demerara (from Georgetown)","-58.2123","6.5003",,,3/28/2004 0:00:00,12/30/1899 12:30:00,"B- Serious Injury","F- Driver",36.00,"Female","K- Private Cars","S- Driver's Negligence",2.00
7879,35717.00,"4- Demerara- Mahaica",,"Soesdyke Public Rd.","East bank Demerara (from Georgetown)","-58.2123","6.5003",,,4/5/2004 0:00:00,12/30/1899 10:15:00,"B- Serious Injury","F- Driver",26.00,"Male","K- Private Cars","P- Speeding",1.00
7880,35718.00,"4- Demerara- Mahaica",,"Soesdyke Linden Highway","East bank Demerara (from Georgetown)","58.2353","6.5458",,,4/4/2004 0:00:00,12/30/1899 18:15:00,"D- Property Damage","F- Driver",37.00,"Male","K- Private Cars;M- Hire Cars","S- Driver's Negligence",2.00
7881,35719.00,"4- Demerara- Mahaica",,"Coverden Public Rd.","East bank Demerara (from Georgetown)","-58.2229","6.5699",,,4/13/2004 0:00:00,12/30/1899 10:26:00,"D- Property Damage","F- Driver",,"Male","K- Private Cars","S- Driver's Negligence",2.00