"ID","Accident ID","Region Number","Corridor ID","Location (Intersection/Road/Street)","Corridor","Location- longitude/ X","Location- latitude/  Y","Mile Marker","Village","Date of Accident","Time of Accident","Type of Accident","Class of Road User","Age/DOB","Gender","Class of Vehicles Involved","Contributing Factor","Number of Persons Involved"
7882,35720.00,"4- Demerara- Mahaica",,"Coverden Public Rd.","East bank Demerara (from Georgetown)","-58.2229","6.5699",,,4/12/2004 0:00:00,12/30/1899 19:40:00,"D- Property Damage","F- Driver",,"Male","K- Private Cars;N- Pickup","S- Driver's Negligence",2.00
7883,35721.00,"4- Demerara- Mahaica",,"Timehri Public Rd.","East bank Demerara (from Georgetown)","-58.2652","6.5145",,,4/20/2004 0:00:00,12/30/1899 14:30:00,"D- Property Damage","F- Driver",,"Male","L- Lorries Van","S- Driver's Negligence",2.00
7884,35722.00,"4- Demerara- Mahaica",,"Kuru-kururu Public Road","East bank Demerara (from Georgetown)","-58.2040","6.5273",,,4/7/2004 0:00:00,12/30/1899 13:00:00,"B- Serious Injury","F- Driver",24.00,"Male","K- Private Cars","S- Driver's Negligence",2.00
7885,35723.00,"4- Demerara- Mahaica",,"Soesdyke Public Rd.","East bank Demerara (from Georgetown)","-58.2123","6.5003",,,4/28/2004 0:00:00,12/30/1899 13:15:00,"C- Minor Injury","F- Driver",42.00,"Male","L- Lorries Van;M- Hire Cars","S- Driver's Negligence",2.00
7886,35724.00,"4- Demerara- Mahaica",,"Land Of Canaan Public Rd.","East bank Demerara (from Georgetown)","-58.2066","6.6010",,,4/24/2004 0:00:00,12/30/1899 21:55:00,"B- Serious Injury","F- Driver",34.00,"Male","M- Hire Cars","S- Driver's Negligence",2.00
7887,35725.00,"4- Demerara- Mahaica",,"Land Of Canaan Public Rd.","East bank Demerara (from Georgetown)","-58.2066","6.6010",,,4/29/2004 0:00:00,12/30/1899 17:10:00,"D- Property Damage","F- Driver",,"Male","J- Minibus;N- Pickup","S- Driver's Negligence",2.00
7888,35726.00,"4- Demerara- Mahaica",,"Timehri Public Rd.","East bank Demerara (from Georgetown)","-58.2652","6.5145",,,5/1/2004 0:00:00,12/30/1899 10:48:00,"D- Property Damage","F- Driver",23.00,"Male","K- Private Cars;L- Lorries Van","S- Driver's Negligence",2.00
7889,35727.00,"4- Demerara- Mahaica",,"Supply Public Rd.","East bank Demerara (from Georgetown)","-58.2008","6.6313",,,5/5/2004 0:00:00,12/30/1899 14:30:00,"C- Minor Injury","F- Driver",31.00,"Male","J- Minibus;L- Lorries Van","S- Driver's Negligence",2.00
7890,35728.00,"4- Demerara- Mahaica",,"Timehri Public Rd.","East bank Demerara (from Georgetown)","-58.2652","6.5145",,,5/8/2004 0:00:00,12/30/1899 15:30:00,"D- Property Damage","F- Driver",30.00,"Male","K- Private Cars","Y- Animal",1.00
7891,35729.00,"4- Demerara- Mahaica",,"Land Of Canaan Public Rd.","East bank Demerara (from Georgetown)","-58.2066","6.6010",,,5/8/2004 0:00:00,12/30/1899 20:15:00,"C- Minor Injury","F- Driver",49.00,"Male","J- Minibus","S- Driver's Negligence",2.00
7892,35730.00,"4- Demerara- Mahaica",,"Kuru-kururu Public Road","East bank Demerara (from Georgetown)","-58.2040","6.5273",,,5/11/2004 0:00:00,12/30/1899 8:00:00,"C- Minor Injury","F- Driver",53.00,"Male","J- Minibus;K- Private Cars","S- Driver's Negligence",2.00
7893,35731.00,"4- Demerara- Mahaica",,"Land Of Canaan Public Rd.","East bank Demerara (from Georgetown)","-58.2066","6.6010",,,5/15/2004 0:00:00,12/30/1899 19:00:00,"A- Fatal","F- Driver",29.00,"Male","K- Private Cars","S- Driver's Negligence",5.00
7894,35732.00,"4- Demerara- Mahaica",,"Timehri Circuit Rd.","East bank Demerara (from Georgetown)","-58.2532","6.5045",,,5/21/2004 0:00:00,12/30/1899 10:00:00,"B- Serious Injury","G- Rider",34.00,"Male","L- Lorries Van;W-Pedal Cycle","U- Cyclist's Negligence",2.00
7895,35733.00,"4- Demerara- Mahaica",,"Supply Public Rd.","East bank Demerara (from Georgetown)","-58.2008","6.6313",,,5/27/2004 0:00:00,12/30/1899 11:30:00,"B- Serious Injury","E- Pedestrian",10.00,"Male","K- Private Cars","T-Pedestrian's Negligence",2.00
7896,35734.00,"4- Demerara- Mahaica",,"Land Of Canaan Public Rd.","East bank Demerara (from Georgetown)","-58.2066","6.6010",,,6/1/2004 0:00:00,12/30/1899 19:45:00,"A- Fatal","F- Driver",,"Male","J- Minibus;M- Hire Cars","S- Driver's Negligence",2.00
7897,35735.00,"4- Demerara- Mahaica",,"Yarrowkabra Public Rd.","East bank Demerara (from Georgetown)","-58.2529","6.0835",,,6/5/2004 0:00:00,12/30/1899 14:45:00,"D- Property Damage","F- Driver",29.00,"Male","L- Lorries Van","S- Driver's Negligence",2.00
7898,35736.00,"4- Demerara- Mahaica",,"Timehri Public Rd.","East bank Demerara (from Georgetown)","-58.2652","6.5145",,,6/15/2004 0:00:00,12/30/1899 15:00:00,"B- Serious Injury","F- Driver",,"Male","J- Minibus;L- Lorries Van","S- Driver's Negligence",2.00
7899,35737.00,"4- Demerara- Mahaica",,"Soesdyke Public Rd.","East bank Demerara (from Georgetown)","-58.2123","6.5003",,,6/17/2004 0:00:00,12/30/1899 15:20:00,"C- Minor Injury","G- Rider",28.00,"Male","J- Minibus;W-Pedal Cycle","U- Cyclist's Negligence",2.00
7900,35738.00,"4- Demerara- Mahaica",,"Coverden Public Rd.","East bank Demerara (from Georgetown)","-58.2229","6.5699",,,6/28/2004 0:00:00,12/30/1899 9:00:00,"C- Minor Injury","F- Driver",50.00,"Male","K- Private Cars","S- Driver's Negligence",2.00
7901,35739.00,"4- Demerara- Mahaica",,"Timehri Airport Rd.","East bank Demerara (from Georgetown)","-58.2533","6.5040",,,6/26/2004 0:00:00,12/30/1899 2:00:00,"D- Property Damage","F- Driver",22.00,"Male","K- Private Cars;L- Lorries Van","S- Driver's Negligence",2.00
7902,35740.00,"4- Demerara- Mahaica",,"Land Of Canaan Public Rd.","East bank Demerara (from Georgetown)","-58.2066","6.6010",,,6/13/2004 0:00:00,12/30/1899 19:30:00,"D- Property Damage","F- Driver",,"Male","K- Private Cars","P- Speeding",1.00
7903,35741.00,"4- Demerara- Mahaica",,"Soesdyke Public Rd.","East bank Demerara (from Georgetown)","-58.2123","6.5003",,,7/4/2004 0:00:00,12/30/1899 16:15:00,"B- Serious Injury","F- Driver",37.00,"Male","K- Private Cars;W-Pedal Cycle","S- Driver's Negligence",2.00
7904,35742.00,"4- Demerara- Mahaica",,"Land Of Canaan Public Rd.","East bank Demerara (from Georgetown)","-58.2066","6.6010",,,7/11/2004 0:00:00,12/30/1899 1:20:00,"D- Property Damage","F- Driver",28.00,"Male","K- Private Cars","P- Speeding",1.00
7905,35743.00,"4- Demerara- Mahaica",,"Soesdyke Public Rd.","East bank Demerara (from Georgetown)","-58.2123","6.5003",,,7/17/2004 0:00:00,12/30/1899 20:40:00,"D- Property Damage","F- Driver",27.00,"Male","J- Minibus;K- Private Cars","S- Driver's Negligence",2.00
7906,35744.00,"4- Demerara- Mahaica",,"Pearl Public Rd.","East bank Demerara (from Georgetown)","-58.2114","6.5896",,,7/23/2004 0:00:00,12/30/1899 7:45:00,"B- Serious Injury","F- Driver",47.00,"Male","L- Lorries Van;N- Pickup","S- Driver's Negligence",2.00
7907,35745.00,"4- Demerara- Mahaica",,"Soesdyke Public Rd.","East bank Demerara (from Georgetown)","-58.2123","6.5003",,,7/24/2004 0:00:00,12/30/1899 9:00:00,"D- Property Damage","F- Driver",21.00,"Male","K- Private Cars;L- Lorries Van","S- Driver's Negligence",2.00
7908,35746.00,"4- Demerara- Mahaica",,"Hill Foot Linden Highway","East bank Demerara (from Georgetown)","-58.2123","6.5003",,,7/29/2004 0:00:00,12/30/1899 19:05:00,"D- Property Damage","F- Driver",50.00,"Male","K- Private Cars;L- Lorries Van","S- Driver's Negligence",2.00
7909,35747.00,"4- Demerara- Mahaica",,"Soesdyke Public Rd.","East bank Demerara (from Georgetown)","-58.2123","6.5003",,,7/31/2004 0:00:00,12/30/1899 10:15:00,"A- Fatal","E- Pedestrian",9.00,"Male","K- Private Cars","T-Pedestrian's Negligence",2.00
7910,35748.00,"4- Demerara- Mahaica",,"Coverden Public Rd.","East bank Demerara (from Georgetown)","-58.2229","6.5699",,,7/31/2004 0:00:00,12/30/1899 11:35:00,"D- Property Damage","F- Driver",25.00,"Male","K- Private Cars;L- Lorries Van","S- Driver's Negligence",2.00
7911,35749.00,"4- Demerara- Mahaica",,"Pearl Public Rd.","East bank Demerara (from Georgetown)","-58.2114","6.5896",,,7/31/2004 0:00:00,,"D- Property Damage","F- Driver",33.00,"Male","L- Lorries Van","S- Driver's Negligence",2.00
7912,35750.00,"4- Demerara- Mahaica",,"Coverden Public Rd.","East bank Demerara (from Georgetown)","-58.2229","6.5699",,,8/9/2004 0:00:00,12/30/1899 7:15:00,"B- Serious Injury","F- Driver",,"Male","L- Lorries Van","S- Driver's Negligence",2.00
7913,35751.00,"4- Demerara- Mahaica",,"Soesdyke Public Rd.","East bank Demerara (from Georgetown)","-58.2123","6.5003",,,8/20/2004 0:00:00,12/30/1899 11:30:00,"D- Property Damage","F- Driver",35.00,"Male","J- Minibus","S- Driver's Negligence",2.00
7914,35752.00,"4- Demerara- Mahaica",,"Soesdyke Public Rd.","East bank Demerara (from Georgetown)","-58.2123","6.5003",,,8/16/2004 0:00:00,12/30/1899 19:45:00,"D- Property Damage","F- Driver",27.00,"Male","J- Minibus;K- Private Cars","S- Driver's Negligence",2.00
7915,35753.00,"4- Demerara- Mahaica",,"Coverden Public Rd.","East bank Demerara (from Georgetown)","-58.2229","6.5699",,,9/17/2004 0:00:00,12/30/1899 20:00:00,"C- Minor Injury","E- Pedestrian",18.00,"Male","K- Private Cars","T-Pedestrian's Negligence",2.00
7916,35754.00,"4- Demerara- Mahaica",,"Coverden Public Rd.","East bank Demerara (from Georgetown)","-58.2229","6.5699",,,9/27/2004 0:00:00,12/30/1899 11:15:00,"D- Property Damage","F- Driver",55.00,"Male","L- Lorries Van","S- Driver's Negligence",2.00
7917,35755.00,"4- Demerara- Mahaica",,"Land Of Canaan Public Rd.","East bank Demerara (from Georgetown)","-58.2066","6.6010",,,10/13/2004 0:00:00,12/30/1899 19:30:00,"D- Property Damage","F- Driver",23.00,"Male","L- Lorries Van","Y- Animal",1.00
7918,35756.00,"4- Demerara- Mahaica",,"Supply Public Rd.","East bank Demerara (from Georgetown)","-58.2008","6.6313",,,10/24/2004 0:00:00,,"B- Serious Injury","F- Driver",34.00,"Male","J- Minibus","S- Driver's Negligence",2.00
7919,35757.00,"4- Demerara- Mahaica",,"Soesdyke Public Rd.","East bank Demerara (from Georgetown)","-58.2123","6.5003",,,10/25/2004 0:00:00,12/30/1899 13:30:00,"D- Property Damage","F- Driver",23.00,"Male","J- Minibus;K- Private Cars","S- Driver's Negligence",2.00
7920,35758.00,"4- Demerara- Mahaica",,"Coverden Public Rd.","East bank Demerara (from Georgetown)","-58.2229","6.5699",,,11/1/2004 0:00:00,12/30/1899 19:15:00,"A- Fatal","F- Driver",46.00,"Male","J- Minibus","S- Driver's Negligence",2.00
7921,35759.00,"4- Demerara- Mahaica",,"Timehri Public Rd.","East bank Demerara (from Georgetown)","-58.2652","6.5145",,,11/6/2004 0:00:00,12/30/1899 7:30:00,"C- Minor Injury","G- Rider",33.00,"Male","K- Private Cars;W-Pedal Cycle","U- Cyclist's Negligence",2.00
7922,35760.00,"4- Demerara- Mahaica",,"Timehri Circuit Rd.","East bank Demerara (from Georgetown)","-58.2532","6.5045",,,11/16/2004 0:00:00,,"C- Minor Injury","F- Driver",55.00,"Male","J- Minibus;K- Private Cars","S- Driver's Negligence",2.00
7923,35761.00,"4- Demerara- Mahaica",,"Soesdyke Public Rd.","East bank Demerara (from Georgetown)","-58.2123","6.5003",,,11/26/2004 0:00:00,12/30/1899 18:45:00,"D- Property Damage","F- Driver",38.00,"Male","J- Minibus;V-Motor Cycle","S- Driver's Negligence",2.00
7924,35762.00,"4- Demerara- Mahaica",,"Soesdyke Public Rd.","East bank Demerara (from Georgetown)","-58.2123","6.5003",,,12/10/2004 0:00:00,12/30/1899 3:30:00,"D- Property Damage","G- Rider",38.00,"Male","K- Private Cars;V-Motor Cycle","U- Cyclist's Negligence",2.00
7925,35763.00,"4- Demerara- Mahaica",,"Coverden Public Rd.","East bank Demerara (from Georgetown)","-58.2229","6.5699",,,12/24/2004 0:00:00,12/30/1899 8:15:00,"B- Serious Injury","F- Driver",44.00,"Male","J- Minibus;V-Motor Cycle","S- Driver's Negligence",2.00
7926,35764.00,"4- Demerara- Mahaica",,"Soesdyke Public Rd.","East bank Demerara (from Georgetown)","-58.2123","6.5003",,,12/4/2004 0:00:00,12/30/1899 17:00:00,"C- Minor Injury","F- Driver",21.00,"Male","K- Private Cars;N- Pickup","S- Driver's Negligence",2.00
7927,35765.00,"4- Demerara- Mahaica",,"Land Of Canaan Public Rd.","East bank Demerara (from Georgetown)","-58.2066","6.6010",,,12/28/2004 0:00:00,12/30/1899 2:00:00,"B- Serious Injury","F- Driver",45.00,"Male","J- Minibus","S- Driver's Negligence",2.00
7928,35766.00,"4- Demerara- Mahaica",,"Soesdyke Public Rd.","East bank Demerara (from Georgetown)","-58.2123","6.5003",,,12/31/2004 0:00:00,,"C- Minor Injury","F- Driver",48.00,"Male","L- Lorries Van;N- Pickup","S- Driver's Negligence",2.00
7929,35767.00,"4- Demerara- Mahaica",,"Soesdyke Public Rd.","East bank Demerara (from Georgetown)","-58.2123","6.5003",,,1/3/2005 0:00:00,12/30/1899 14:00:00,"C- Minor Injury","F- Driver",38.00,"Male","J- Minibus;K- Private Cars","S- Driver's Negligence",4.00
7930,35768.00,"4- Demerara- Mahaica",,"Pearl Public Rd.","East bank Demerara (from Georgetown)","-58.2114","6.5896",,,1/9/2005 0:00:00,12/30/1899 10:30:00,"C- Minor Injury","F- Driver",30.00,"Male","J- Minibus","P- Speeding",1.00
7931,35769.00,"4- Demerara- Mahaica",,"Timehri Public Rd.","East bank Demerara (from Georgetown)","-58.2652","6.5145",,,1/11/2005 0:00:00,12/30/1899 4:10:00,"B- Serious Injury","F- Driver",31.00,"Male","L- Lorries Van","P- Speeding",1.00
7932,35770.00,"4- Demerara- Mahaica",,"Coverden Public Rd.","East bank Demerara (from Georgetown)","-58.2229","6.5699",,,1/27/2005 0:00:00,12/30/1899 13:50:00,"D- Property Damage","F- Driver",36.00,"Male","K- Private Cars","O- Lost Control & Runoff",1.00
7933,35771.00,"4- Demerara- Mahaica",,"Coverden Public Rd.","East bank Demerara (from Georgetown)","-58.2229","6.5699",,,1/25/2005 0:00:00,,"D- Property Damage","F- Driver",28.00,"Male","K- Private Cars;L- Lorries Van","S- Driver's Negligence",2.00
7934,35772.00,"4- Demerara- Mahaica",,"Land Of Canaan Public Rd.","East bank Demerara (from Georgetown)","-58.2066","6.6010",,,1/27/2005 0:00:00,12/30/1899 18:41:00,"D- Property Damage","F- Driver",25.00,"Male","N- Pickup","Y- Animal",1.00
7935,35773.00,"4- Demerara- Mahaica",,"Timehri Public Rd.","East bank Demerara (from Georgetown)","-58.2652","6.5145",,,1/29/2005 0:00:00,12/30/1899 23:15:00,"D- Property Damage","F- Driver",39.00,"Male","J- Minibus;K- Private Cars","S- Driver's Negligence",2.00
7936,35774.00,"4- Demerara- Mahaica",,"Coverden Public Rd.","East bank Demerara (from Georgetown)","-58.2229","6.5699",,,1/29/2005 0:00:00,12/30/1899 18:30:00,"C- Minor Injury","F- Driver",,"Male","J- Minibus;L- Lorries Van","S- Driver's Negligence",2.00
7937,35775.00,"4- Demerara- Mahaica",,"Soesdyke Public Rd.","East bank Demerara (from Georgetown)","-58.2123","6.5003",,,2/10/2005 0:00:00,12/30/1899 8:00:00,"B- Serious Injury","F- Driver",42.00,"Male","M- Hire Cars","S- Driver's Negligence",2.00
7938,35776.00,"4- Demerara- Mahaica",,"Pearl Public Rd.","East bank Demerara (from Georgetown)","-58.2114","6.5896",,,2/9/2005 0:00:00,12/30/1899 17:15:00,"B- Serious Injury","F- Driver",47.00,"Male","K- Private Cars","S- Driver's Negligence",2.00
7939,35777.00,"4- Demerara- Mahaica",,"Coverden Public Rd.","East bank Demerara (from Georgetown)","-58.2229","6.5699",,,2/12/2005 0:00:00,12/30/1899 16:30:00,"C- Minor Injury","F- Driver",45.00,"Male","J- Minibus;K- Private Cars","S- Driver's Negligence",2.00
7940,35778.00,"4- Demerara- Mahaica",,"G.A.L. Old Rd.","East bank Demerara (from Georgetown)","-58.2123","6.5003",,,2/19/2005 0:00:00,12/30/1899 21:00:00,"D- Property Damage","F- Driver",21.00,"Male","K- Private Cars;X-Tractor","S- Driver's Negligence",2.00
7941,35779.00,"4- Demerara- Mahaica",,"Soesdyke Public Rd.","East bank Demerara (from Georgetown)","-58.2123","6.5003",,,2/20/2005 0:00:00,12/30/1899 14:15:00,"C- Minor Injury","F- Driver",,"Male","K- Private Cars","S- Driver's Negligence",2.00
7942,35780.00,"4- Demerara- Mahaica",,"Coverden Public Rd.","East bank Demerara (from Georgetown)","-58.2229","6.5699",,,2/25/2005 0:00:00,12/30/1899 19:40:00,"B- Serious Injury","F- Driver",29.00,"Male","J- Minibus","S- Driver's Negligence",2.00
7943,35781.00,"4- Demerara- Mahaica",,"Timehri Public Rd.","East bank Demerara (from Georgetown)","-58.2652","6.5145",,,2/27/2005 0:00:00,,"C- Minor Injury","F- Driver",37.00,"Male","J- Minibus","S- Driver's Negligence",2.00
7944,35782.00,"4- Demerara- Mahaica",,"Timehri Public Rd.","East bank Demerara (from Georgetown)","-58.2652","6.5145",,,3/11/2005 0:00:00,12/30/1899 16:00:00,"D- Property Damage","F- Driver",30.00,"Male","K- Private Cars;L- Lorries Van","S- Driver's Negligence",2.00
7945,35783.00,"4- Demerara- Mahaica",,"Supply Public Rd.","East bank Demerara (from Georgetown)","-58.2008","6.6313",,,3/11/2005 0:00:00,12/30/1899 16:15:00,"D- Property Damage","F- Driver",37.00,"Male","K- Private Cars;L- Lorries Van","S- Driver's Negligence",2.00
7946,35784.00,"4- Demerara- Mahaica",,"Land Of Canaan Public Rd.","East bank Demerara (from Georgetown)","-58.2066","6.6010",,,3/13/2005 0:00:00,12/30/1899 19:00:00,"B- Serious Injury","F- Driver",37.00,"Male","K- Private Cars;L- Lorries Van","S- Driver's Negligence",4.00
7947,35785.00,"4- Demerara- Mahaica",,"Soesdyke Public Rd.","East bank Demerara (from Georgetown)","-58.2123","6.5003",,,3/15/2005 0:00:00,12/30/1899 4:45:00,"A- Fatal","E- Pedestrian",42.00,"Male","L- Lorries Van","T-Pedestrian's Negligence",2.00
7948,35786.00,"4- Demerara- Mahaica",,"Supply Public Rd.","East bank Demerara (from Georgetown)","-58.2008","6.6313",,,3/28/2005 0:00:00,12/30/1899 11:00:00,"C- Minor Injury","F- Driver",52.00,"Male","J- Minibus","S- Driver's Negligence",2.00
7949,35787.00,"4- Demerara- Mahaica",,"Supply Public Rd.","East bank Demerara (from Georgetown)","-58.2008","6.6313",,,3/30/2005 0:00:00,12/30/1899 2:15:00,"A- Fatal","F- Driver",43.00,"Male","K- Private Cars","S- Driver's Negligence",2.00
7950,35788.00,"4- Demerara- Mahaica",,"Coverden Public Rd.","East bank Demerara (from Georgetown)","-58.2229","6.5699",,,4/9/2005 0:00:00,12/30/1899 20:20:00,"A- Fatal","E- Pedestrian",47.00,"Male","J- Minibus","T-Pedestrian's Negligence",2.00
7951,35789.00,"4- Demerara- Mahaica",,"Supply Public Rd.","East bank Demerara (from Georgetown)","-58.2008","6.6313",,,4/18/2005 0:00:00,12/30/1899 18:45:00,"D- Property Damage","F- Driver",30.00,"Male","K- Private Cars;L- Lorries Van","S- Driver's Negligence",2.00
7952,35790.00,"4- Demerara- Mahaica",,"Soesdyke Public Rd.","East bank Demerara (from Georgetown)","-58.2123","6.5003",,,4/22/2005 0:00:00,,"D- Property Damage","F- Driver",44.00,"Male","J- Minibus;M- Hire Cars","S- Driver's Negligence",2.00
7953,35791.00,"4- Demerara- Mahaica",,"Coverden Public Rd.","East bank Demerara (from Georgetown)","-58.2229","6.5699",,,4/27/2005 0:00:00,12/30/1899 8:25:00,"C- Minor Injury","F- Driver",31.00,"Male","L- Lorries Van","P- Speeding",2.00
7954,35792.00,"4- Demerara- Mahaica",,"Soesdyke Public Rd.","East bank Demerara (from Georgetown)","-58.2123","6.5003",,,4/30/2005 0:00:00,12/30/1899 6:30:00,"C- Minor Injury","F- Driver",25.00,"Male","L- Lorries Van;M- Hire Cars","S- Driver's Negligence",2.00
7955,35793.00,"4- Demerara- Mahaica",,"Soesdyke Public Rd.","East bank Demerara (from Georgetown)","-58.2123","6.5003",,,4/30/2005 0:00:00,12/30/1899 5:40:00,"D- Property Damage","F- Driver",42.00,"Male","J- Minibus","S- Driver's Negligence",1.00
7956,35794.00,"4- Demerara- Mahaica",,"Coverden Public Rd.","East bank Demerara (from Georgetown)","-58.2229","6.5699",,,5/13/2005 0:00:00,12/30/1899 7:30:00,"D- Property Damage","F- Driver",57.00,"Female","N- Pickup","S- Driver's Negligence",3.00
7957,35795.00,"4- Demerara- Mahaica",,"Land Of Canaan Public Rd.","East bank Demerara (from Georgetown)","-58.2066","6.6010",,,5/15/2005 0:00:00,12/30/1899 4:10:00,"D- Property Damage","F- Driver",52.00,"Male","M- Hire Cars","Q- Alcohol",1.00
7958,35796.00,"4- Demerara- Mahaica",,"Timehri Public Rd.","East bank Demerara (from Georgetown)","-58.2652","6.5145",,,5/16/2005 0:00:00,12/30/1899 22:30:00,"D- Property Damage","F- Driver",40.00,"Male","K- Private Cars","S- Driver's Negligence",1.00
7959,35797.00,"4- Demerara- Mahaica",,"Soesdyke Public Rd.","East bank Demerara (from Georgetown)","-58.2123","6.5003",,,5/19/2005 0:00:00,12/30/1899 18:00:00,"B- Serious Injury","E- Pedestrian",,"Male","L- Lorries Van","T-Pedestrian's Negligence",2.00
7960,35798.00,"4- Demerara- Mahaica",,"Soesdyke Public Rd.","East bank Demerara (from Georgetown)","-58.2123","6.5003",,,5/28/2005 0:00:00,12/30/1899 14:15:00,"C- Minor Injury","G- Rider",7.00,"Male","K- Private Cars;W-Pedal Cycle","U- Cyclist's Negligence",2.00
7961,35799.00,"4- Demerara- Mahaica",,"Coverden Public Rd.","East bank Demerara (from Georgetown)","-58.2229","6.5699",,,5/26/2005 0:00:00,12/30/1899 16:25:00,"D- Property Damage","F- Driver",66.00,"Male","K- Private Cars","S- Driver's Negligence",1.00
7962,35800.00,"4- Demerara- Mahaica",,"Supply Public Rd.","East bank Demerara (from Georgetown)","-58.2008","6.6313",,,5/28/2005 0:00:00,12/30/1899 17:00:00,"B- Serious Injury","F- Driver",40.00,"Male","J- Minibus","S- Driver's Negligence",1.00
7963,35801.00,"4- Demerara- Mahaica",,"Timehri Public Rd.","East bank Demerara (from Georgetown)","-58.2652","6.5145",,,5/29/2005 0:00:00,12/30/1899 1:30:00,"C- Minor Injury","F- Driver",36.00,"Male","K- Private Cars;M- Hire Cars","P- Speeding",3.00
7964,35802.00,"4- Demerara- Mahaica",,"Land Of Canaan Public Rd.","East bank Demerara (from Georgetown)","-58.2066","6.6010",,,5/29/2005 0:00:00,12/30/1899 7:30:00,"B- Serious Injury","F- Driver",26.00,"Male","K- Private Cars","S- Driver's Negligence",1.00
7965,35803.00,"4- Demerara- Mahaica",,"Soesdyke Public Rd.","East bank Demerara (from Georgetown)","-58.2123","6.5003",,,6/2/2005 0:00:00,12/30/1899 9:30:00,"C- Minor Injury","G- Rider",26.00,"Male","W-Pedal Cycle","P- Speeding",1.00
7966,35804.00,"4- Demerara- Mahaica",,"Soesdyke Public Rd.","East bank Demerara (from Georgetown)","-58.2123","6.5003",,,6/1/2005 0:00:00,12/30/1899 21:05:00,"D- Property Damage","F- Driver",28.00,"Male","K- Private Cars","S- Driver's Negligence",1.00
7967,35805.00,"4- Demerara- Mahaica",,"Land Of Canaan Public Rd.","East bank Demerara (from Georgetown)","-58.2066","6.6010",,,6/7/2005 0:00:00,12/30/1899 17:25:00,"D- Property Damage","F- Driver",45.00,"Male","K- Private Cars;N- Pickup","S- Driver's Negligence",2.00
7968,35806.00,"4- Demerara- Mahaica",,"Soesdyke Public Rd.","East bank Demerara (from Georgetown)","-58.2123","6.5003",,,6/8/2005 0:00:00,12/30/1899 1:40:00,"D- Property Damage","F- Driver",34.00,"Male","L- Lorries Van","P- Speeding",2.00
7969,35807.00,"4- Demerara- Mahaica",,"Timehri Public Rd.","East bank Demerara (from Georgetown)","-58.2652","6.5145",,,6/8/2005 0:00:00,,"B- Serious Injury","F- Driver",19.00,"Female","K- Private Cars","S- Driver's Negligence",4.00
7970,35808.00,"4- Demerara- Mahaica",,"Timehri Public Rd.","East bank Demerara (from Georgetown)","-58.2652","6.5145",,,6/8/2005 0:00:00,12/30/1899 18:45:00,"C- Minor Injury","G- Rider",59.00,"Male","K- Private Cars;W-Pedal Cycle","U- Cyclist's Negligence",2.00
7971,35809.00,"4- Demerara- Mahaica",,"Coverden Public Rd.","East bank Demerara (from Georgetown)","-58.2229","6.5699",,,6/10/2005 0:00:00,12/30/1899 23:50:00,"C- Minor Injury","F- Driver",42.00,"Male","K- Private Cars","S- Driver's Negligence",2.00
7972,35810.00,"4- Demerara- Mahaica",,"Soesdyke Public Rd.","East bank Demerara (from Georgetown)","-58.2123","6.5003",,,6/12/2005 0:00:00,12/30/1899 2:00:00,"C- Minor Injury","F- Driver",36.00,"Male","J- Minibus","S- Driver's Negligence",2.00
7973,35811.00,"4- Demerara- Mahaica",,"Coverden Public Rd.","East bank Demerara (from Georgetown)","-58.2229","6.5699",,,6/16/2005 0:00:00,12/30/1899 15:30:00,"C- Minor Injury","F- Driver",25.00,"Male","L- Lorries Van","S- Driver's Negligence",1.00
7974,35812.00,"4- Demerara- Mahaica",,"Timehri Public Rd.","East bank Demerara (from Georgetown)","-58.2652","6.5145",,,6/15/2005 0:00:00,12/30/1899 2:45:00,"D- Property Damage","F- Driver",67.00,"Male","K- Private Cars","S- Driver's Negligence",1.00
7975,35813.00,"4- Demerara- Mahaica",,"Soesdyke Public Rd.","East bank Demerara (from Georgetown)","-58.2123","6.5003",,,6/16/2005 0:00:00,12/30/1899 8:50:00,"B- Serious Injury","E- Pedestrian",54.00,"Male","J- Minibus","T-Pedestrian's Negligence",2.00
7976,35814.00,"4- Demerara- Mahaica",,"Supply Public Rd.","East bank Demerara (from Georgetown)","-58.2008","6.6313",,,6/20/2005 0:00:00,12/30/1899 7:05:00,"D- Property Damage","F- Driver",32.00,"Female","J- Minibus;K- Private Cars","S- Driver's Negligence",2.00
7977,35815.00,"4- Demerara- Mahaica",,"Supply Public Rd.","East bank Demerara (from Georgetown)","-58.2008","6.6313",,,6/21/2005 0:00:00,12/30/1899 14:15:00,"B- Serious Injury","F- Driver",39.00,"Male","K- Private Cars;M- Hire Cars","P- Speeding",2.00
7978,35816.00,"4- Demerara- Mahaica",,"Soesdyke Public Rd.","East bank Demerara (from Georgetown)","-58.2123","6.5003",,,7/3/2005 0:00:00,12/30/1899 1:40:00,"D- Property Damage","F- Driver",45.00,"Male","K- Private Cars","S- Driver's Negligence",2.00