"ID","Accident ID","Region Number","Corridor ID","Location (Intersection/Road/Street)","Corridor","Location- longitude/ X","Location- latitude/  Y","Mile Marker","Village","Date of Accident","Time of Accident","Type of Accident","Class of Road User","Age/DOB","Gender","Class of Vehicles Involved","Contributing Factor","Number of Persons Involved"
7979,35817.00,"4- Demerara- Mahaica",,"Soesdyke Public Rd.","East bank Demerara (from Georgetown)","-58.2123","6.5003",,,7/25/2005 0:00:00,12/30/1899 15:20:00,"C- Minor Injury","F- Driver",48.00,"Male","K- Private Cars;L- Lorries Van","P- Speeding",2.00
7980,35818.00,"4- Demerara- Mahaica",,"Timehri Public Rd.","East bank Demerara (from Georgetown)","-58.2652","6.5145",,,7/6/2005 0:00:00,12/30/1899 15:30:00,"C- Minor Injury","E- Pedestrian",65.00,"Male","J- Minibus","T-Pedestrian's Negligence",2.00
7981,35819.00,"4- Demerara- Mahaica",,"Land Of Canaan Public Rd.","East bank Demerara (from Georgetown)","-58.2066","6.6010",,,7/17/2005 0:00:00,12/30/1899 23:30:00,"A- Fatal","F- Driver",39.00,"Male","J- Minibus","S- Driver's Negligence",1.00
7982,35820.00,"4- Demerara- Mahaica",,"Soesdyke Public Rd.","East bank Demerara (from Georgetown)","-58.2123","6.5003",,,7/18/2005 0:00:00,12/30/1899 6:25:00,"D- Property Damage","F- Driver",53.00,"Male","J- Minibus;K- Private Cars","S- Driver's Negligence",2.00
7983,35821.00,"4- Demerara- Mahaica",,"Soesdyke Public Rd.","East bank Demerara (from Georgetown)","-58.2123","6.5003",,,7/22/2005 0:00:00,12/30/1899 16:10:00,"B- Serious Injury","F- Driver",44.00,"Male","L- Lorries Van;M- Hire Cars","R- Improper Overtaking",2.00
7984,35822.00,"4- Demerara- Mahaica",,"Soesdyke Public Rd.","East bank Demerara (from Georgetown)","-58.2123","6.5003",,,7/28/2005 0:00:00,12/30/1899 12:20:00,"D- Property Damage","F- Driver",54.00,"Male","J- Minibus","P- Speeding",2.00
7985,35823.00,"4- Demerara- Mahaica",,"Madewini Public Rd.","East bank Demerara (from Georgetown)","-58.2492","6.5289",,,7/30/2005 0:00:00,12/30/1899 23:15:00,"C- Minor Injury","F- Driver",28.00,"Male","J- Minibus;N- Pickup","S- Driver's Negligence",2.00
7986,35824.00,"4- Demerara- Mahaica",,"Soesdyke Public Rd.","East bank Demerara (from Georgetown)","-58.2123","6.5003",,,8/7/2005 0:00:00,12/30/1899 12:05:00,"D- Property Damage","F- Driver",32.00,"Male","K- Private Cars","S- Driver's Negligence",1.00
7987,35825.00,"4- Demerara- Mahaica",,"Timehri Public Rd.","East bank Demerara (from Georgetown)","-58.2652","6.5145",,,8/26/2005 0:00:00,12/30/1899 16:30:00,"D- Property Damage","F- Driver",48.00,"Male","L- Lorries Van","P- Speeding",1.00
7988,35826.00,"4- Demerara- Mahaica",,"Soesdyke Public Rd.","East bank Demerara (from Georgetown)","-58.2123","6.5003",,,8/19/2005 0:00:00,12/30/1899 12:15:00,"C- Minor Injury","F- Driver",51.00,"Male","K- Private Cars;L- Lorries Van","P- Speeding",3.00
7989,35827.00,"4- Demerara- Mahaica",,"Coverden Public Rd.","East bank Demerara (from Georgetown)","-58.2229","6.5699",,,8/28/2005 0:00:00,12/30/1899 2:00:00,"A- Fatal","F- Driver",27.00,"Male","K- Private Cars;L- Lorries Van","S- Driver's Negligence",2.00
7990,35828.00,"4- Demerara- Mahaica",,"Coverden Public Rd.","East bank Demerara (from Georgetown)","-58.2229","6.5699",,,8/29/2005 0:00:00,12/30/1899 13:20:00,"B- Serious Injury","G- Rider",11.00,"Male","K- Private Cars;W-Pedal Cycle","U- Cyclist's Negligence",2.00
7991,35829.00,"4- Demerara- Mahaica",,"Coverden Public Rd.","East bank Demerara (from Georgetown)","-58.2229","6.5699",,,8/30/2005 0:00:00,12/30/1899 14:00:00,"D- Property Damage","F- Driver",,"Male","K- Private Cars;L- Lorries Van","S- Driver's Negligence",2.00
7992,35830.00,"4- Demerara- Mahaica",,"C.J.I.A.","East bank Demerara (from Georgetown)","-58.2530","6.5040",,,8/29/2005 0:00:00,12/30/1899 12:30:00,"D- Property Damage","F- Driver",37.00,"Male","K- Private Cars;L- Lorries Van","S- Driver's Negligence",2.00
7993,35831.00,"4- Demerara- Mahaica",,"Supply Public Rd.","East bank Demerara (from Georgetown)","-58.2008","6.6313",,,9/6/2005 0:00:00,12/30/1899 20:00:00,"B- Serious Injury","F- Driver",32.00,"Male","J- Minibus","S- Driver's Negligence",2.00
7994,35832.00,"4- Demerara- Mahaica",,"C.J.I.A. Rd.","East bank Demerara (from Georgetown)","-58.2533","6.5040",,,9/3/2005 0:00:00,12/30/1899 11:30:00,"D- Property Damage","F- Driver",35.00,"Male","L- Lorries Van","S- Driver's Negligence",1.00
7995,35833.00,"4- Demerara- Mahaica",,"Soesdyke Public Rd.","East bank Demerara (from Georgetown)","-58.2123","6.5003",,,9/3/2005 0:00:00,12/30/1899 1:30:00,"A- Fatal","E- Pedestrian",45.00,"Male","K- Private Cars","T-Pedestrian's Negligence",2.00
7996,35834.00,"4- Demerara- Mahaica",,"Coverden Public Rd.","East bank Demerara (from Georgetown)","-58.2229","6.5699",,,9/19/2005 0:00:00,12/30/1899 18:30:00,"A- Fatal","G- Rider",51.00,"Male","L- Lorries Van;W-Pedal Cycle","U- Cyclist's Negligence",2.00
7997,35835.00,"4- Demerara- Mahaica",,"Soesdyke Public Rd.","East bank Demerara (from Georgetown)","-58.2123","6.5003",,,9/28/2005 0:00:00,12/30/1899 9:00:00,"D- Property Damage","F- Driver",57.00,"Male","J- Minibus;L- Lorries Van","P- Speeding",2.00
7998,35836.00,"4- Demerara- Mahaica",,"Timehri Public Rd.","East bank Demerara (from Georgetown)","-58.2652","6.5145",,,9/26/2005 0:00:00,12/30/1899 23:20:00,"D- Property Damage","F- Driver",25.00,"Male","J- Minibus;K- Private Cars","P- Speeding",2.00
7999,35837.00,"4- Demerara- Mahaica",,"Soesdyke Public Rd.","East bank Demerara (from Georgetown)","-58.2123","6.5003",,,9/29/2005 0:00:00,12/30/1899 5:15:00,"B- Serious Injury","F- Driver",29.00,"Male","L- Lorries Van;M- Hire Cars","S- Driver's Negligence",2.00
8000,35838.00,"4- Demerara- Mahaica",,"Coverden Public Rd.","East bank Demerara (from Georgetown)","-58.2229","6.5699",,,10/11/2005 0:00:00,12/30/1899 21:50:00,"D- Property Damage","F- Driver",25.00,"Male","K- Private Cars","S- Driver's Negligence",1.00
8001,35839.00,"4- Demerara- Mahaica",,"Supply Public Rd.","East bank Demerara (from Georgetown)","-58.2008","6.6313",,,10/13/2005 0:00:00,12/30/1899 21:15:00,"A- Fatal","G- Rider",23.00,"Female","V-Motor Cycle","U- Cyclist's Negligence",2.00
8002,35840.00,"4- Demerara- Mahaica",,"Soesdyke Public Rd.","East bank Demerara (from Georgetown)","-58.2123","6.5003",,,10/16/2005 0:00:00,12/30/1899 10:35:00,"D- Property Damage","F- Driver",26.00,"Male","L- Lorries Van;N- Pickup","P- Speeding",2.00
8003,35841.00,"4- Demerara- Mahaica",,"Timehri Public Rd.","East bank Demerara (from Georgetown)","-58.2652","6.5145",,,10/29/2005 0:00:00,12/30/1899 20:50:00,"A- Fatal","G- Rider",25.00,"Male","K- Private Cars;W-Pedal Cycle","P- Speeding",2.00
8004,35842.00,"4- Demerara- Mahaica",,"Soesdyke Public Rd.","East bank Demerara (from Georgetown)","-58.2123","6.5003",,,10/28/2005 0:00:00,12/30/1899 18:45:00,"D- Property Damage","F- Driver",,"Male","K- Private Cars","S- Driver's Negligence",1.00
8005,35843.00,"4- Demerara- Mahaica",,"Soesdyke Public Rd.","East bank Demerara (from Georgetown)","-58.2123","6.5003",,,11/4/2005 0:00:00,12/30/1899 10:45:00,"B- Serious Injury","F- Driver",47.00,"Male","L- Lorries Van","S- Driver's Negligence",2.00
8006,35844.00,"4- Demerara- Mahaica",,"Soesdyke Public Rd.","East bank Demerara (from Georgetown)","-58.2123","6.5003",,,10/28/2005 0:00:00,12/30/1899 18:30:00,"D- Property Damage","F- Driver",,"Male","L- Lorries Van","S- Driver's Negligence",1.00
8007,35845.00,"4- Demerara- Mahaica",,"Soesdyke Public Rd.","East bank Demerara (from Georgetown)","-58.2123","6.5003",,,11/5/2005 0:00:00,12/30/1899 20:00:00,"B- Serious Injury","F- Driver",27.00,"Male","K- Private Cars","S- Driver's Negligence",1.00
8008,35846.00,"4- Demerara- Mahaica",,"Supply Public Rd.","East bank Demerara (from Georgetown)","-58.2008","6.6313",,,12/12/2005 0:00:00,12/30/1899 15:00:00,"D- Property Damage","F- Driver",38.00,"Male","J- Minibus;X-Tractor","P- Speeding",2.00
8009,35847.00,"4- Demerara- Mahaica",,"Soesdyke Public Rd.","East bank Demerara (from Georgetown)","-58.2123","6.5003",,,12/15/2005 0:00:00,12/30/1899 7:55:00,"D- Property Damage","F- Driver",26.00,"Male","L- Lorries Van;N- Pickup","P- Speeding",2.00
8010,35848.00,"4- Demerara- Mahaica",,"Coverden Public Rd.","East bank Demerara (from Georgetown)","-58.2229","6.5699",,,12/19/2005 0:00:00,12/30/1899 11:00:00,"B- Serious Injury","F- Driver",24.00,"Male","L- Lorries Van;N- Pickup","P- Speeding",2.00
8011,35849.00,"4- Demerara- Mahaica",,"Timehri Public Rd.","East bank Demerara (from Georgetown)","-58.2652","6.5145",,,12/26/2005 0:00:00,12/30/1899 18:00:00,"B- Serious Injury","F- Driver",31.00,"Male","J- Minibus;M- Hire Cars","S- Driver's Negligence",2.00
8012,35850.00,"4- Demerara- Mahaica",,"Soesdyke Public Rd.","East bank Demerara (from Georgetown)","-58.2123","6.5003",,,1/3/2006 0:00:00,12/30/1899 15:10:00,"D- Property Damage","F- Driver",33.00,"Male","L- Lorries Van;N- Pickup","P- Speeding",2.00
8013,35851.00,"4- Demerara- Mahaica",,"Coverden Public Rd.","East bank Demerara (from Georgetown)","-58.2229","6.5699",,,1/19/2006 0:00:00,12/30/1899 10:40:00,"C- Minor Injury","F- Driver",29.00,"Female","J- Minibus;K- Private Cars","S- Driver's Negligence",2.00
8014,35852.00,"4- Demerara- Mahaica",,"Supply Public Rd.","East bank Demerara (from Georgetown)","-58.2008","6.6313",,,1/27/2006 0:00:00,12/30/1899 6:30:00,"B- Serious Injury","F- Driver",50.00,"Male","K- Private Cars","S- Driver's Negligence",2.00
8015,35853.00,"4- Demerara- Mahaica",,"Timehri Public Rd.","East bank Demerara (from Georgetown)","-58.2652","6.5145",,,2/7/2006 0:00:00,12/30/1899 8:45:00,"D- Property Damage","F- Driver",36.00,"Male","J- Minibus;M- Hire Cars","S- Driver's Negligence",2.00
8016,35854.00,"4- Demerara- Mahaica",,"Supply Public Rd.","East bank Demerara (from Georgetown)","-58.2008","6.6313",,,2/23/2006 0:00:00,12/30/1899 16:35:00,"B- Serious Injury","F- Driver",42.00,"Male","K- Private Cars;L- Lorries Van","S- Driver's Negligence",2.00
8017,35855.00,"4- Demerara- Mahaica",,"Sarah Johanna Public Rd.","East bank Demerara (from Georgetown)","-58.2065","6.5996",,,3/12/2006 0:00:00,12/30/1899 23:00:00,"A- Fatal","E- Pedestrian",34.00,"Male","M- Hire Cars","T-Pedestrian's Negligence",2.00
8018,35856.00,"4- Demerara- Mahaica",,"Supply Public Rd.","East bank Demerara (from Georgetown)","-58.2008","6.6313",,,3/15/2006 0:00:00,12/30/1899 22:00:00,"B- Serious Injury","F- Driver",25.00,"Female","K- Private Cars","S- Driver's Negligence",2.00
8019,35857.00,"4- Demerara- Mahaica",,"Coverden Public Rd.","East bank Demerara (from Georgetown)","-58.2229","6.5699",,,4/5/2006 0:00:00,12/30/1899 14:00:00,"D- Property Damage","F- Driver",28.00,"Male","K- Private Cars","S- Driver's Negligence",2.00
8020,35858.00,"4- Demerara- Mahaica",,"Brickery Public Rd.","East bank Demerara (from Georgetown)","-58.2001","6.8183",,,4/15/2006 0:00:00,12/30/1899 8:30:00,"B- Serious Injury","E- Pedestrian",45.00,"Female","L- Lorries Van","T-Pedestrian's Negligence",2.00
8021,35859.00,"4- Demerara- Mahaica",,"Sarah Johanna Public Rd.","East bank Demerara (from Georgetown)","-58.2065","6.5996",,,4/14/2006 0:00:00,12/30/1899 0:10:00,"B- Serious Injury","F- Driver",39.00,"Male","K- Private Cars","S- Driver's Negligence",3.00
8022,35860.00,"4- Demerara- Mahaica",,"Pearl Public Rd.","East bank Demerara (from Georgetown)","-58.2114","6.5896",,,4/29/2006 0:00:00,12/30/1899 13:15:00,"C- Minor Injury","F- Driver",33.00,"Male","J- Minibus;K- Private Cars","O- Lost Control & Runoff",5.00
8023,35861.00,"4- Demerara- Mahaica",,"Soesdyke Public Rd.","East bank Demerara (from Georgetown)","-58.2123","6.5003",,,4/15/2006 0:00:00,12/30/1899 7:30:00,"D- Property Damage","F- Driver",52.00,"Male","J- Minibus;V-Motor Cycle","S- Driver's Negligence",2.00
8024,35862.00,"4- Demerara- Mahaica",,"Pearl Public Rd.","East bank Demerara (from Georgetown)","-58.2114","6.5896",,,4/30/2006 0:00:00,12/30/1899 14:45:00,"C- Minor Injury","F- Driver",24.00,"Male","K- Private Cars;N- Pickup","P- Speeding",2.00
8025,35863.00,"4- Demerara- Mahaica",,"Caledonia Public Rd.","East bank Demerara (from Georgetown)","-58.2164","6.5807",,,5/3/2006 0:00:00,12/30/1899 13:30:00,"A- Fatal","F- Driver",31.00,"Male","J- Minibus;L- Lorries Van","S- Driver's Negligence",3.00
8026,35864.00,"4- Demerara- Mahaica",,"Timehri Public Rd.","East bank Demerara (from Georgetown)","-58.2652","6.5145",,,5/2/2006 0:00:00,12/30/1899 18:30:00,"C- Minor Injury","E- Pedestrian",18.00,"Male","M- Hire Cars","T-Pedestrian's Negligence",2.00
8027,35865.00,"4- Demerara- Mahaica",,"Coverden Public Rd.","East bank Demerara (from Georgetown)","-58.2229","6.5699",,,5/4/2006 0:00:00,12/30/1899 9:00:00,"D- Property Damage","F- Driver",55.00,"Male","J- Minibus;L- Lorries Van;M- Hire Cars","S- Driver's Negligence",3.00
8028,35866.00,"4- Demerara- Mahaica",,"Soesdyke Public Rd.","East bank Demerara (from Georgetown)","-58.2123","6.5003",,,5/19/2006 0:00:00,12/30/1899 13:45:00,"D- Property Damage","F- Driver",51.00,"Male","K- Private Cars;N- Pickup","P- Speeding",2.00
8029,35867.00,"4- Demerara- Mahaica",,"Coverden Public Rd.","East bank Demerara (from Georgetown)","-58.2229","6.5699",,,6/7/2006 0:00:00,12/30/1899 13:30:00,"C- Minor Injury","F- Driver",31.00,"Male","N- Pickup","S- Driver's Negligence",2.00
8030,35868.00,"4- Demerara- Mahaica",,"Timehri Public Rd.","East bank Demerara (from Georgetown)","-58.2652","6.5145",,,6/13/2006 0:00:00,12/30/1899 19:50:00,"D- Property Damage","F- Driver",23.00,"Male","N- Pickup","S- Driver's Negligence",1.00
8031,35869.00,"4- Demerara- Mahaica",,"Soesdyke Public Rd.","East bank Demerara (from Georgetown)","-58.2123","6.5003",,,6/24/2006 0:00:00,12/30/1899 9:20:00,"C- Minor Injury","F- Driver",32.00,"Male","J- Minibus;L- Lorries Van","P- Speeding",2.00
8032,35870.00,"4- Demerara- Mahaica",,"Land Of Canaan Public Rd.","East bank Demerara (from Georgetown)","-58.2066","6.6010",,,6/28/2006 0:00:00,12/30/1899 21:40:00,"C- Minor Injury","F- Driver",49.00,"Male","J- Minibus;K- Private Cars","P- Speeding",2.00
8033,35871.00,"4- Demerara- Mahaica",,"Coverden Public Rd.","East bank Demerara (from Georgetown)","-58.2229","6.5699",,,6/30/2006 0:00:00,12/30/1899 12:00:00,"B- Serious Injury","E- Pedestrian",7.00,"Male","M- Hire Cars","T-Pedestrian's Negligence",2.00
8034,35872.00,"4- Demerara- Mahaica",,"Soesdyke Public Rd.","East bank Demerara (from Georgetown)","-58.2123","6.5003",,,7/2/2006 0:00:00,12/30/1899 18:15:00,"B- Serious Injury","G- Rider",,"Male","K- Private Cars;V-Motor Cycle","U- Cyclist's Negligence",2.00
8035,35873.00,"4- Demerara- Mahaica",,"Soesdyke Public Rd.","East bank Demerara (from Georgetown)","-58.2123","6.5003",,,7/15/2006 0:00:00,12/30/1899 15:45:00,"C- Minor Injury","G- Rider",17.00,"Male","L- Lorries Van;W-Pedal Cycle","U- Cyclist's Negligence",2.00
8036,35874.00,"4- Demerara- Mahaica",,"Soesdyke Public Rd.","East bank Demerara (from Georgetown)","-58.2123","6.5003",,,7/15/2006 0:00:00,12/30/1899 19:40:00,"C- Minor Injury","F- Driver",25.00,"Male","K- Private Cars","S- Driver's Negligence",1.00
8037,35875.00,"4- Demerara- Mahaica",,"Timehri Public Rd.","East bank Demerara (from Georgetown)","-58.2652","6.5145",,,7/17/2006 0:00:00,12/30/1899 10:00:00,"C- Minor Injury","F- Driver",52.00,"Male","K- Private Cars;L- Lorries Van","P- Speeding",2.00
8038,35876.00,"4- Demerara- Mahaica",,"Timehri Public Rd.","East bank Demerara (from Georgetown)","-58.2652","6.5145",,,7/19/2006 0:00:00,12/30/1899 1:30:00,"B- Serious Injury","F- Driver",20.00,"Male","K- Private Cars","P- Speeding",1.00
8039,35877.00,"4- Demerara- Mahaica",,"Sarah Johanna Public Rd.","East bank Demerara (from Georgetown)","-58.2065","6.5996",,,7/23/2006 0:00:00,12/30/1899 8:00:00,"D- Property Damage","F- Driver",44.00,"Male","J- Minibus;L- Lorries Van","R- Improper Overtaking",2.00
8040,35878.00,"4- Demerara- Mahaica",,"Coverden Public Rd.","East bank Demerara (from Georgetown)","-58.2229","6.5699",,,7/24/2006 0:00:00,12/30/1899 5:30:00,"C- Minor Injury","F- Driver",27.00,"Male","K- Private Cars","S- Driver's Negligence",2.00
8041,35879.00,"4- Demerara- Mahaica",,"Land Of Canaan Public Rd.","East bank Demerara (from Georgetown)","-58.2066","6.6010",,,7/24/2006 0:00:00,12/30/1899 20:00:00,"B- Serious Injury","F- Driver",30.00,"Male","K- Private Cars;L- Lorries Van","P- Speeding",2.00
8042,35880.00,"4- Demerara- Mahaica",,"Soesdyke Public Rd.","East bank Demerara (from Georgetown)","-58.2123","6.5003",,,7/30/2006 0:00:00,12/30/1899 10:45:00,"C- Minor Injury","F- Driver",,"Male","K- Private Cars","P- Speeding",2.00
8043,35881.00,"4- Demerara- Mahaica",,"Coverden Public Rd.","East bank Demerara (from Georgetown)","-58.2229","6.5699",,,8/2/2006 0:00:00,12/30/1899 11:00:00,"C- Minor Injury","F- Driver",28.00,"Male","L- Lorries Van","S- Driver's Negligence",2.00
8044,35882.00,"4- Demerara- Mahaica",,"Madewini Public Rd.","East bank Demerara (from Georgetown)","-58.2492","6.5289",,,8/6/2006 0:00:00,12/30/1899 6:15:00,"B- Serious Injury","F- Driver",26.00,"Male","J- Minibus;K- Private Cars","S- Driver's Negligence",2.00
8045,35883.00,"4- Demerara- Mahaica",,"Coverden Public Rd.","East bank Demerara (from Georgetown)","-58.2229","6.5699",,,8/6/2006 0:00:00,12/30/1899 3:50:00,"D- Property Damage","F- Driver",,"Male","K- Private Cars","S- Driver's Negligence",1.00
8046,35884.00,"4- Demerara- Mahaica",,"Timehri Public Rd.","East bank Demerara (from Georgetown)","-58.2652","6.5145",,,8/12/2006 0:00:00,12/30/1899 21:30:00,"D- Property Damage","F- Driver",,"Male","K- Private Cars","S- Driver's Negligence",1.00
8047,35885.00,"4- Demerara- Mahaica",,"Timehri Airport Rd.","East bank Demerara (from Georgetown)","-58.2533","6.5040",,,8/10/2006 0:00:00,12/30/1899 13:30:00,"D- Property Damage","F- Driver",41.00,"Male","J- Minibus;K- Private Cars","P- Speeding",2.00
8048,35886.00,"4- Demerara- Mahaica",,"Supply Public Rd.","East bank Demerara (from Georgetown)","-58.2008","6.6313",,,8/26/2006 0:00:00,12/30/1899 11:15:00,"A- Fatal","F- Driver",33.00,"Male","N- Pickup;V-Motor Cycle","S- Driver's Negligence",2.00
8049,35887.00,"4- Demerara- Mahaica",,"Coli & High Park","East bank Demerara (from Georgetown)","-58.2123","6.5003",,,9/11/2006 0:00:00,12/30/1899 20:15:00,"C- Minor Injury","F- Driver",28.00,"Male","J- Minibus;L- Lorries Van","P- Speeding",2.00
8050,35888.00,"4- Demerara- Mahaica",,"Soesdyke Public Rd.","East bank Demerara (from Georgetown)","-58.2123","6.5003",,,9/15/2006 0:00:00,12/30/1899 12:30:00,"A- Fatal","F- Driver",35.00,"Male","M- Hire Cars;N- Pickup","S- Driver's Negligence",2.00
8051,35889.00,"4- Demerara- Mahaica",,"Soesdyke Public Rd.","East bank Demerara (from Georgetown)","-58.2123","6.5003",,,9/23/2006 0:00:00,12/30/1899 13:45:00,"C- Minor Injury","F- Driver",34.00,"Male","K- Private Cars;N- Pickup","S- Driver's Negligence",2.00
8052,35890.00,"4- Demerara- Mahaica",,"Soesdyke Public Rd.","East bank Demerara (from Georgetown)","-58.2123","6.5003",,,9/24/2006 0:00:00,12/30/1899 19:30:00,"D- Property Damage","F- Driver",40.00,"Male","M- Hire Cars;N- Pickup","P- Speeding",2.00
8053,35891.00,"4- Demerara- Mahaica",,"Soesdyke Public Rd.","East bank Demerara (from Georgetown)","-58.2123","6.5003",,,9/29/2006 0:00:00,12/30/1899 11:45:00,"D- Property Damage","F- Driver",55.00,"Male","J- Minibus;M- Hire Cars","P- Speeding",2.00
8054,35892.00,"4- Demerara- Mahaica",,"Sarah Johanna Public Rd.","East bank Demerara (from Georgetown)","-58.2065","6.5996",,,9/29/2006 0:00:00,12/30/1899 9:10:00,"D- Property Damage","F- Driver",54.00,"Male","L- Lorries Van","P- Speeding",2.00
8055,35893.00,"4- Demerara- Mahaica",,"Supply Public Rd.","East bank Demerara (from Georgetown)","-58.2008","6.6313",,,10/2/2006 0:00:00,12/30/1899 7:30:00,"A- Fatal","E- Pedestrian",9.00,"Male","K- Private Cars","T-Pedestrian's Negligence",2.00
8056,35894.00,"4- Demerara- Mahaica",,"Timehri Public Rd.","East bank Demerara (from Georgetown)","-58.2652","6.5145",,,10/12/2006 0:00:00,12/30/1899 15:10:00,"B- Serious Injury","E- Pedestrian",7.00,"Male","L- Lorries Van","T-Pedestrian's Negligence",2.00
8057,35895.00,"4- Demerara- Mahaica",,"Supply Public Rd.","East bank Demerara (from Georgetown)","-58.2008","6.6313",,,10/13/2006 0:00:00,12/30/1899 10:00:00,"D- Property Damage","F- Driver",26.00,"Female","J- Minibus;K- Private Cars","P- Speeding",2.00
8058,35896.00,"4- Demerara- Mahaica",,"Soesdyke Public Rd.","East bank Demerara (from Georgetown)","-58.2123","6.5003",,,10/20/2006 0:00:00,12/30/1899 20:45:00,"C- Minor Injury","F- Driver",39.00,"Male","N- Pickup","S- Driver's Negligence",2.00
8059,35897.00,"4- Demerara- Mahaica",,"Supply Public Rd.","East bank Demerara (from Georgetown)","-58.2008","6.6313",,,10/14/2006 0:00:00,12/30/1899 19:00:00,"D- Property Damage","F- Driver",31.00,"Male","L- Lorries Van","S- Driver's Negligence",1.00
8060,35898.00,"4- Demerara- Mahaica",,"Timehri Public Rd.","East bank Demerara (from Georgetown)","-58.2652","6.5145",,,10/31/2006 0:00:00,12/30/1899 10:30:00,"D- Property Damage","F- Driver",55.00,"Male","K- Private Cars;L- Lorries Van","P- Speeding",2.00
8061,35899.00,"4- Demerara- Mahaica",,"Brickery Public Rd.","East bank Demerara (from Georgetown)","-58.2001","6.8183",,,11/6/2006 0:00:00,12/30/1899 13:00:00,"D- Property Damage","F- Driver",39.00,"Male","K- Private Cars","S- Driver's Negligence",1.00
8062,35900.00,"4- Demerara- Mahaica",,"Soesdyke Public Rd.","East bank Demerara (from Georgetown)","-58.2123","6.5003",,,11/6/2006 0:00:00,12/30/1899 10:45:00,"D- Property Damage","F- Driver",27.00,"Male","K- Private Cars","S- Driver's Negligence",1.00
8063,35901.00,"4- Demerara- Mahaica",,"Coverden Public Rd.","East bank Demerara (from Georgetown)","-58.2229","6.5699",,,11/18/2006 0:00:00,12/30/1899 13:10:00,"B- Serious Injury","E- Pedestrian",10.00,"Male","K- Private Cars","T-Pedestrian's Negligence",2.00
8064,35902.00,"4- Demerara- Mahaica",,"Soesdyke Public Rd.","East bank Demerara (from Georgetown)","-58.2123","6.5003",,,11/19/2006 0:00:00,12/30/1899 17:30:00,"B- Serious Injury","F- Driver",36.00,"Male","K- Private Cars;M- Hire Cars","S- Driver's Negligence",2.00
8065,35903.00,"4- Demerara- Mahaica",,"Supply Public Rd.","East bank Demerara (from Georgetown)","-58.2008","6.6313",,,11/28/2006 0:00:00,12/30/1899 13:15:00,"D- Property Damage","F- Driver",42.00,"Male","J- Minibus;L- Lorries Van","S- Driver's Negligence",2.00
8066,35904.00,"4- Demerara- Mahaica",,"Land Of Canaan Public Rd.","East bank Demerara (from Georgetown)","-58.2066","6.6010",,,12/3/2006 0:00:00,12/30/1899 22:15:00,"D- Property Damage","F- Driver",48.00,"Male","L- Lorries Van","P- Speeding",2.00
8067,35905.00,"4- Demerara- Mahaica",,"Coverden Public Rd.","East bank Demerara (from Georgetown)","-58.2229","6.5699",,,12/6/2006 0:00:00,12/30/1899 10:15:00,"D- Property Damage","F- Driver",59.00,"Male","J- Minibus;L- Lorries Van","P- Speeding",3.00
8068,35906.00,"4- Demerara- Mahaica",,"Timehri Public Rd.","East bank Demerara (from Georgetown)","-58.2652","6.5145",,,12/12/2006 0:00:00,12/30/1899 5:00:00,"A- Fatal","G- Rider",59.00,"Male","K- Private Cars;W-Pedal Cycle","U- Cyclist's Negligence",2.00
8069,35907.00,"4- Demerara- Mahaica",,"Supply Public Rd.","East bank Demerara (from Georgetown)","-58.2008","6.6313",,,12/22/2006 0:00:00,12/30/1899 15:00:00,"C- Minor Injury","F- Driver",22.00,"Male","K- Private Cars","S- Driver's Negligence",2.00
8070,35908.00,"4- Demerara- Mahaica",,"Supply Public Rd.","East bank Demerara (from Georgetown)","-58.2008","6.6313",,,12/25/2006 0:00:00,12/30/1899 10:20:00,"C- Minor Injury","F- Driver",44.00,"Male","J- Minibus;M- Hire Cars","P- Speeding",2.00
8071,35909.00,"4- Demerara- Mahaica",,"Coverden Public Rd.","East bank Demerara (from Georgetown)","-58.2229","6.5699",,,1/5/2007 0:00:00,12/30/1899 19:00:00,"B- Serious Injury","E- Pedestrian",49.00,"Male","K- Private Cars","T-Pedestrian's Negligence",2.00
8072,35910.00,"4- Demerara- Mahaica",,"Timehri Public Rd.","East bank Demerara (from Georgetown)","-58.2652","6.5145",,,1/18/2007 0:00:00,12/30/1899 8:30:00,"D- Property Damage","F- Driver",,"Male","K- Private Cars","S- Driver's Negligence",2.00
8073,35911.00,"4- Demerara- Mahaica",,"Timehri Public Rd.","East bank Demerara (from Georgetown)","-58.2652","6.5145",,,1/21/2007 0:00:00,12/30/1899 10:00:00,"D- Property Damage","F- Driver",41.00,"Male","J- Minibus;K- Private Cars","P- Speeding",2.00
8074,35912.00,"4- Demerara- Mahaica",,"Timehri Public Rd.","East bank Demerara (from Georgetown)","-58.2652","6.5145",,,1/28/2007 0:00:00,12/30/1899 23:30:00,"B- Serious Injury","F- Driver",34.00,"Female","J- Minibus;K- Private Cars","S- Driver's Negligence",2.00