"ID","Accident ID","Region Number","Corridor ID","Location (Intersection/Road/Street)","Corridor","Location- longitude/ X","Location- latitude/  Y","Mile Marker","Village","Date of Accident","Time of Accident","Type of Accident","Class of Road User","Age/DOB","Gender","Class of Vehicles Involved","Contributing Factor","Number of Persons Involved"
8075,35913.00,"4- Demerara- Mahaica",,"Coverden Public Rd.","East bank Demerara (from Georgetown)","-58.2229","6.5699",,,2/4/2007 0:00:00,12/30/1899 19:00:00,"B- Serious Injury","F- Driver",21.00,"Male","K- Private Cars","S- Driver's Negligence",2.00
8076,35914.00,"4- Demerara- Mahaica",,"Sarah Johanna Public Rd.","East bank Demerara (from Georgetown)","-58.2065","6.5996",,,2/16/2007 0:00:00,12/30/1899 21:00:00,"B- Serious Injury","E- Pedestrian",8.00,"Male","L- Lorries Van","T-Pedestrian's Negligence",2.00
8077,35915.00,"4- Demerara- Mahaica",,"Coverden Public Rd.","East bank Demerara (from Georgetown)","-58.2229","6.5699",,,2/4/2007 0:00:00,12/30/1899 22:00:00,"B- Serious Injury","F- Driver",34.00,"Male","J- Minibus;K- Private Cars","S- Driver's Negligence",2.00
8078,35916.00,"4- Demerara- Mahaica",,"Timehri Public Rd.","East bank Demerara (from Georgetown)","-58.2652","6.5145",,,2/19/2007 0:00:00,12/30/1899 14:30:00,"C- Minor Injury","F- Driver",23.00,"Male","K- Private Cars;L- Lorries Van","S- Driver's Negligence",2.00
8079,35917.00,"4- Demerara- Mahaica",,"Brickery Public Rd.","East bank Demerara (from Georgetown)","-58.2001","6.8183",,,3/7/2007 0:00:00,12/30/1899 10:10:00,"D- Property Damage","F- Driver",22.00,"Male","K- Private Cars;L- Lorries Van","S- Driver's Negligence",2.00
8080,35918.00,"4- Demerara- Mahaica",,"Sarah Johanna Public Rd.","East bank Demerara (from Georgetown)","-58.2065","6.5996",,,3/16/2007 0:00:00,12/30/1899 17:40:00,"B- Serious Injury","E- Pedestrian",8.00,"Male","K- Private Cars","T-Pedestrian's Negligence",2.00
8081,35919.00,"4- Demerara- Mahaica",,"Brickery & Supply Public Rd.","East bank Demerara (from Georgetown)","-58.2001","6.8183",,,3/10/2007 0:00:00,12/30/1899 9:30:00,"A- Fatal","F- Driver",36.00,"Male","J- Minibus;L- Lorries Van","S- Driver's Negligence",2.00
8082,35920.00,"4- Demerara- Mahaica",,"Coverden Public Rd.","East bank Demerara (from Georgetown)","-58.2229","6.5699",,,3/11/2007 0:00:00,12/30/1899 18:30:00,"C- Minor Injury","F- Driver",39.00,"Male","J- Minibus;K- Private Cars","S- Driver's Negligence",2.00
8083,35921.00,"4- Demerara- Mahaica",,"Supply Public Rd.","East bank Demerara (from Georgetown)","-58.2008","6.6313",,,3/17/2007 0:00:00,12/30/1899 22:30:00,"B- Serious Injury","F- Driver",39.00,"Female","K- Private Cars","S- Driver's Negligence",2.00
8084,35922.00,"4- Demerara- Mahaica",,"Land Of Canaan Public Rd.","East bank Demerara (from Georgetown)","-58.2066","6.6010",,,3/28/2007 0:00:00,12/30/1899 21:45:00,"C- Minor Injury","F- Driver",36.00,"Male","J- Minibus;K- Private Cars","S- Driver's Negligence",2.00
8085,35923.00,"4- Demerara- Mahaica",,"Timehri Public Rd.","East bank Demerara (from Georgetown)","-58.2652","6.5145",,,4/2/2007 0:00:00,12/30/1899 18:45:00,"D- Property Damage","F- Driver",39.00,"Male","K- Private Cars;L- Lorries Van","S- Driver's Negligence",2.00
8086,35924.00,"4- Demerara- Mahaica",,"Brickery & Supply Public Rd.","East bank Demerara (from Georgetown)","-58.2001","6.8183",,,4/4/2007 0:00:00,12/30/1899 10:00:00,"C- Minor Injury","F- Driver",53.00,"Male","K- Private Cars;M- Hire Cars","S- Driver's Negligence",2.00
8087,35925.00,"4- Demerara- Mahaica",,"Brickery & Supply Public Rd.","East bank Demerara (from Georgetown)","-58.2001","6.8183",,,4/5/2007 0:00:00,12/30/1899 7:00:00,"C- Minor Injury","F- Driver",26.00,"Male","K- Private Cars;L- Lorries Van","S- Driver's Negligence",2.00
8088,35926.00,"4- Demerara- Mahaica",,"Soesdyke Public Rd.","East bank Demerara (from Georgetown)","-58.2123","6.5003",,,4/11/2007 0:00:00,12/30/1899 10:34:00,"C- Minor Injury","F- Driver",42.00,"Male","L- Lorries Van","P- Speeding",1.00
8089,35927.00,"4- Demerara- Mahaica",,"Soesdyke Public Rd.","East bank Demerara (from Georgetown)","-58.2123","6.5003",,,4/15/2007 0:00:00,12/30/1899 15:00:00,"B- Serious Injury","G- Rider",,"Male","K- Private Cars;W-Pedal Cycle","U- Cyclist's Negligence",2.00
8090,35928.00,"4- Demerara- Mahaica",,"Coverden Public Rd.","East bank Demerara (from Georgetown)","-58.2229","6.5699",,,4/23/2007 0:00:00,12/30/1899 20:00:00,"B- Serious Injury","E- Pedestrian",31.00,"Male","K- Private Cars","T-Pedestrian's Negligence",2.00
8091,35929.00,"4- Demerara- Mahaica",,"Supply Public Rd.","East bank Demerara (from Georgetown)","-58.2008","6.6313",,,4/30/2007 0:00:00,12/30/1899 9:45:00,"C- Minor Injury","F- Driver",33.00,"Male","K- Private Cars;L- Lorries Van","P- Speeding",2.00
8092,35930.00,"4- Demerara- Mahaica",,"Timehri Public Rd.","East bank Demerara (from Georgetown)","-58.2652","6.5145",,,5/12/2007 0:00:00,12/30/1899 19:30:00,"B- Serious Injury","F- Driver",22.00,"Male","K- Private Cars","S- Driver's Negligence",1.00
8093,35931.00,"4- Demerara- Mahaica",,"Coverden Public Rd.","East bank Demerara (from Georgetown)","-58.2229","6.5699",,,5/15/2007 0:00:00,12/30/1899 14:30:00,"C- Minor Injury","F- Driver",23.00,"Male","J- Minibus","P- Speeding",2.00
8094,35932.00,"4- Demerara- Mahaica",,"Timehri Public Rd.","East bank Demerara (from Georgetown)","-58.2652","6.5145",,,5/19/2007 0:00:00,12/30/1899 21:45:00,"C- Minor Injury","G- Rider",40.00,"Male","M- Hire Cars;V-Motor Cycle","U- Cyclist's Negligence",2.00
8095,35933.00,"4- Demerara- Mahaica",,"Supply Public Rd.","East bank Demerara (from Georgetown)","-58.2008","6.6313",,,5/18/2007 0:00:00,12/30/1899 19:00:00,"D- Property Damage","F- Driver",,"Male","K- Private Cars","S- Driver's Negligence",1.00
8096,35934.00,"4- Demerara- Mahaica",,"Coverden Public Rd.","East bank Demerara (from Georgetown)","-58.2229","6.5699",,,5/27/2007 0:00:00,12/30/1899 7:30:00,"D- Property Damage","F- Driver",25.00,"Female","K- Private Cars","S- Driver's Negligence",1.00
8097,35935.00,"4- Demerara- Mahaica",,"Supply Public Rd.","East bank Demerara (from Georgetown)","-58.2008","6.6313",,,6/2/2007 0:00:00,12/30/1899 6:45:00,"C- Minor Injury","F- Driver",37.00,"Male","K- Private Cars;L- Lorries Van","P- Speeding",2.00
8098,35936.00,"4- Demerara- Mahaica",,"Coverden Public Rd.","East bank Demerara (from Georgetown)","-58.2229","6.5699",,,6/12/2007 0:00:00,12/30/1899 14:45:00,"C- Minor Injury","F- Driver",36.00,"Male","K- Private Cars;M- Hire Cars","P- Speeding",2.00
8099,35937.00,"4- Demerara- Mahaica",,"Soesdyke Public Rd.","East bank Demerara (from Georgetown)","-58.2123","6.5003",,,5/31/2007 0:00:00,12/30/1899 4:50:00,"D- Property Damage","F- Driver",48.00,"Male","K- Private Cars;M- Hire Cars","S- Driver's Negligence",2.00
8100,35938.00,"4- Demerara- Mahaica",,"Timehri Public Rd.","East bank Demerara (from Georgetown)","-58.2652","6.5145",,,6/23/2007 0:00:00,12/30/1899 9:20:00,"D- Property Damage","F- Driver",48.00,"Male","J- Minibus;M- Hire Cars","P- Speeding",2.00
8101,35939.00,"4- Demerara- Mahaica",,"Timehri Public Rd.","East bank Demerara (from Georgetown)","-58.2652","6.5145",,,6/27/2007 0:00:00,12/30/1899 12:10:00,"C- Minor Injury","E- Pedestrian",10.00,"Female","K- Private Cars","T-Pedestrian's Negligence",2.00
8102,35940.00,"4- Demerara- Mahaica",,"Soesdyke Public Rd.","East bank Demerara (from Georgetown)","-58.2123","6.5003",,,7/2/2007 0:00:00,12/30/1899 15:00:00,"C- Minor Injury","F- Driver",42.00,"Female","K- Private Cars","S- Driver's Negligence",1.00
8103,35941.00,"4- Demerara- Mahaica",,"Soesdyke Public Rd.","East bank Demerara (from Georgetown)","-58.2123","6.5003",,,7/2/2007 0:00:00,12/30/1899 8:30:00,"C- Minor Injury","F- Driver",43.00,"Male","J- Minibus","S- Driver's Negligence",1.00
8104,35942.00,"4- Demerara- Mahaica",,"Timehri Public Rd.","East bank Demerara (from Georgetown)","-58.2652","6.5145",,,8/6/2007 0:00:00,12/30/1899 9:00:00,"D- Property Damage","F- Driver",53.00,"Male","K- Private Cars;N- Pickup","P- Speeding",2.00
8105,35943.00,"4- Demerara- Mahaica",,"Coverden Public Rd.","East bank Demerara (from Georgetown)","-58.2229","6.5699",,,8/14/2007 0:00:00,12/30/1899 13:45:00,"B- Serious Injury","E- Pedestrian",7.00,"Male","L- Lorries Van","T-Pedestrian's Negligence",2.00
8106,35944.00,"4- Demerara- Mahaica",,"Land Of Canaan Public Rd.","East bank Demerara (from Georgetown)","-58.2066","6.6010",,,8/15/2007 0:00:00,12/30/1899 12:00:00,"C- Minor Injury","F- Driver",23.00,"Male","K- Private Cars","S- Driver's Negligence",2.00
8107,35945.00,"4- Demerara- Mahaica",,"Pearl Public Rd.","East bank Demerara (from Georgetown)","-58.2114","6.5896",,,8/16/2007 0:00:00,12/30/1899 12:15:00,"C- Minor Injury","F- Driver",62.00,"Male","K- Private Cars;L- Lorries Van","P- Speeding",2.00
8108,35946.00,"4- Demerara- Mahaica",,"Timehri Public Rd.","East bank Demerara (from Georgetown)","-58.2652","6.5145",,,8/16/2007 0:00:00,12/30/1899 4:30:00,"B- Serious Injury","F- Driver",22.00,"Male","N- Pickup","P- Speeding",2.00
8109,35947.00,"4- Demerara- Mahaica",,"Coverden Public Rd.","East bank Demerara (from Georgetown)","-58.2229","6.5699",,,8/25/2007 0:00:00,12/30/1899 19:15:00,"B- Serious Injury","F- Driver",28.00,"Male","K- Private Cars","S- Driver's Negligence",2.00
8110,35948.00,"4- Demerara- Mahaica",,"Land Of Canaan Public Rd.","East bank Demerara (from Georgetown)","-58.2066","6.6010",,,8/26/2007 0:00:00,12/30/1899 4:40:00,"C- Minor Injury","F- Driver",65.00,"Male","M- Hire Cars","P- Speeding",2.00
8111,35949.00,"4- Demerara- Mahaica",,"Sarah Johanna Public Rd.","East bank Demerara (from Georgetown)","-58.2065","6.5996",,,9/8/2007 0:00:00,12/30/1899 8:00:00,"B- Serious Injury","F- Driver",37.00,"Male","K- Private Cars","P- Speeding",2.00
8112,35950.00,"4- Demerara- Mahaica",,"Land Of Canaan Public Rd.","East bank Demerara (from Georgetown)","-58.2066","6.6010",,,9/15/2007 0:00:00,12/30/1899 5:20:00,"A- Fatal","F- Driver",57.00,"Male","J- Minibus","S- Driver's Negligence",4.00
8113,35951.00,"4- Demerara- Mahaica",,"Coverden Public Rd.","East bank Demerara (from Georgetown)","-58.2229","6.5699",,,9/16/2007 0:00:00,12/30/1899 18:30:00,"B- Serious Injury","F- Driver",49.00,"Male","J- Minibus;K- Private Cars","S- Driver's Negligence",2.00
8114,35952.00,"4- Demerara- Mahaica",,"Land Of Canaan Public Rd.","East bank Demerara (from Georgetown)","-58.2066","6.6010",,,10/2/2007 0:00:00,12/30/1899 19:30:00,"A- Fatal","F- Driver",49.00,"Male","K- Private Cars","S- Driver's Negligence",2.00
8115,35953.00,"4- Demerara- Mahaica",,"Land Of Canaan Public Rd.","East bank Demerara (from Georgetown)","-58.2066","6.6010",,,10/8/2007 0:00:00,12/30/1899 19:00:00,"B- Serious Injury","F- Driver",39.00,"Male","J- Minibus;K- Private Cars","S- Driver's Negligence",2.00
8116,35954.00,"4- Demerara- Mahaica",,"Timehri Public Rd.","East bank Demerara (from Georgetown)","-58.2652","6.5145",,,10/17/2007 0:00:00,12/30/1899 12:00:00,"B- Serious Injury","F- Driver",43.00,"Female","K- Private Cars;L- Lorries Van","P- Speeding",2.00
8117,35955.00,"4- Demerara- Mahaica",,"Brickery Public Rd.","East bank Demerara (from Georgetown)","-58.2001","6.8183",,,10/21/2007 0:00:00,12/30/1899 18:45:00,"A- Fatal","F- Driver",24.00,"Male","J- Minibus","P- Speeding",4.00
8118,35956.00,"4- Demerara- Mahaica",,"Pearl Public Rd.","East bank Demerara (from Georgetown)","-58.2114","6.5896",,,10/22/2007 0:00:00,12/30/1899 8:30:00,"C- Minor Injury","F- Driver",42.00,"Male","J- Minibus;L- Lorries Van","S- Driver's Negligence",3.00
8119,35957.00,"4- Demerara- Mahaica",,"Soesdyke Public Rd.","East bank Demerara (from Georgetown)","-58.2123","6.5003",,,11/18/2007 0:00:00,12/30/1899 2:45:00,"A- Fatal","F- Driver",29.00,"Male","J- Minibus;W-Pedal Cycle","S- Driver's Negligence",2.00
8120,35958.00,"4- Demerara- Mahaica",,"Land Of Canaan Public Rd.","East bank Demerara (from Georgetown)","-58.2066","6.6010",,,11/24/2007 0:00:00,12/30/1899 20:10:00,"A- Fatal","F- Driver",27.00,"Male","M- Hire Cars","S- Driver's Negligence",2.00
8121,35959.00,"4- Demerara- Mahaica",,"Soesdyke Public Rd.","East bank Demerara (from Georgetown)","-58.2123","6.5003",,,11/25/2007 0:00:00,12/30/1899 17:00:00,"D- Property Damage","F- Driver",31.00,"Male","K- Private Cars","S- Driver's Negligence",2.00
8122,35960.00,"4- Demerara- Mahaica",,"Coverden Public Rd.","East bank Demerara (from Georgetown)","-58.2229","6.5699",,,12/1/2007 0:00:00,12/30/1899 4:50:00,"D- Property Damage","F- Driver",26.00,"Male","K- Private Cars","P- Speeding",1.00
8123,35961.00,"4- Demerara- Mahaica",,"Brickery Public Rd.","East bank Demerara (from Georgetown)","-58.2001","6.8183",,,12/3/2007 0:00:00,12/30/1899 8:20:00,"D- Property Damage","F- Driver",25.00,"Male","K- Private Cars;M- Hire Cars","S- Driver's Negligence",2.00
8124,35962.00,"4- Demerara- Mahaica",,"Timehri Public Rd.","East bank Demerara (from Georgetown)","-58.2652","6.5145",,,12/4/2007 0:00:00,12/30/1899 13:10:00,"D- Property Damage","F- Driver",30.00,"Male","J- Minibus;K- Private Cars","S- Driver's Negligence",2.00
8125,35963.00,"4- Demerara- Mahaica",,"Soesdyke Public Rd.","East bank Demerara (from Georgetown)","-58.2123","6.5003",,,12/17/2007 0:00:00,12/30/1899 17:45:00,"A- Fatal","F- Driver",34.00,"Male","K- Private Cars","S- Driver's Negligence",2.00
8126,35964.00,"4- Demerara- Mahaica",,"Supply Public Rd.","East bank Demerara (from Georgetown)","-58.2008","6.6313",,,12/20/2007 0:00:00,12/30/1899 20:00:00,"D- Property Damage","F- Driver",36.00,"Male","J- Minibus","S- Driver's Negligence",2.00
8127,35965.00,"4- Demerara- Mahaica",,"Supply Public Rd.","East bank Demerara (from Georgetown)","-58.2008","6.6313",,,12/23/2007 0:00:00,12/30/1899 10:45:00,"C- Minor Injury","F- Driver",37.00,"Male","J- Minibus;L- Lorries Van","S- Driver's Negligence",2.00
8128,35966.00,"4- Demerara- Mahaica",,"Coverden Public Rd.","East bank Demerara (from Georgetown)","-58.2229","6.5699",,,1/2/2008 0:00:00,12/30/1899 0:50:00,"D- Property Damage","F- Driver",59.00,"Male","J- Minibus;N- Pickup","S- Driver's Negligence",2.00
8129,35967.00,"4- Demerara- Mahaica",,"Coverden Public Rd.","East bank Demerara (from Georgetown)","-58.2229","6.5699",,,2/1/2008 0:00:00,12/30/1899 16:50:00,"D- Property Damage","F- Driver",44.00,"Male","J- Minibus;K- Private Cars","S- Driver's Negligence",2.00
8130,35968.00,"4- Demerara- Mahaica",,"Soesdyke Public Rd.","East bank Demerara (from Georgetown)","-58.2123","6.5003",,,2/2/2008 0:00:00,12/30/1899 21:30:00,"B- Serious Injury","F- Driver",27.00,"Male","K- Private Cars","S- Driver's Negligence",3.00
8131,35969.00,"4- Demerara- Mahaica",,"Soesdyke Public Rd.","East bank Demerara (from Georgetown)","-58.2123","6.5003",,,2/5/2008 0:00:00,12/30/1899 6:25:00,"C- Minor Injury","F- Driver",28.00,"Male","J- Minibus;K- Private Cars","S- Driver's Negligence",7.00
8132,35970.00,"4- Demerara- Mahaica",,"Coverden Public Rd.","East bank Demerara (from Georgetown)","-58.2229","6.5699",,,2/25/2008 0:00:00,12/30/1899 13:30:00,"D- Property Damage","F- Driver",29.00,"Male","L- Lorries Van","O- Lost Control & Runoff",1.00
8133,35971.00,"4- Demerara- Mahaica",,"Soesdyke Public Rd.","East bank Demerara (from Georgetown)","-58.2123","6.5003",,,2/17/2008 0:00:00,12/30/1899 16:45:00,"D- Property Damage","F- Driver",28.00,"Male","K- Private Cars","S- Driver's Negligence",3.00
8134,35972.00,"4- Demerara- Mahaica",,"Supply Public Rd.","East bank Demerara (from Georgetown)","-58.2008","6.6313",,,3/5/2008 0:00:00,12/30/1899 7:00:00,"B- Serious Injury","F- Driver",21.00,"Male","L- Lorries Van;N- Pickup","S- Driver's Negligence",2.00
8135,35973.00,"4- Demerara- Mahaica",,"Timehri Public Rd.","East bank Demerara (from Georgetown)","-58.2652","6.5145",,,3/6/2008 0:00:00,12/30/1899 6:40:00,"D- Property Damage","F- Driver",29.00,"Male","K- Private Cars;N- Pickup","S- Driver's Negligence",2.00
8136,35974.00,"4- Demerara- Mahaica",,"Soesdyke Public Rd.","East bank Demerara (from Georgetown)","-58.2123","6.5003",,,3/9/2008 0:00:00,12/30/1899 9:10:00,"B- Serious Injury","E- Pedestrian",44.00,"Male","V-Motor Cycle","T-Pedestrian's Negligence",2.00
8137,35975.00,"4- Demerara- Mahaica",,"Land Of Canaan Public Rd.","East bank Demerara (from Georgetown)","-58.2066","6.6010",,,3/10/2008 0:00:00,12/30/1899 22:00:00,"D- Property Damage","F- Driver",38.00,"Male","N- Pickup","P- Speeding",1.00
8138,35976.00,"4- Demerara- Mahaica",,"Soesdyke Public Rd.","East bank Demerara (from Georgetown)","-58.2123","6.5003",,,4/10/2008 0:00:00,12/30/1899 2:00:00,"D- Property Damage","F- Driver",38.00,"Male","K- Private Cars","S- Driver's Negligence",2.00
8139,35977.00,"4- Demerara- Mahaica",,"Timehri Public Rd.","East bank Demerara (from Georgetown)","-58.2652","6.5145",,,4/18/2008 0:00:00,12/30/1899 3:15:00,"C- Minor Injury","F- Driver",,"Male","K- Private Cars","S- Driver's Negligence",2.00
8140,35978.00,"4- Demerara- Mahaica",,"Soesdyke Public Rd.","East bank Demerara (from Georgetown)","-58.2123","6.5003",,,4/19/2008 0:00:00,12/30/1899 16:30:00,"D- Property Damage","F- Driver",34.00,"Male","J- Minibus;K- Private Cars;N- Pickup","S- Driver's Negligence",3.00
8141,35979.00,"4- Demerara- Mahaica",,"Supply Public Rd.","East bank Demerara (from Georgetown)","-58.2008","6.6313",,,5/2/2008 0:00:00,12/30/1899 19:50:00,"B- Serious Injury","F- Driver",27.00,"Male","N- Pickup","S- Driver's Negligence",2.00
8142,35980.00,"4- Demerara- Mahaica",,"Soesdyke Public Rd.","East bank Demerara (from Georgetown)","-58.2123","6.5003",,,5/5/2008 0:00:00,12/30/1899 21:00:00,"C- Minor Injury","F- Driver",23.00,"Male","K- Private Cars","P- Speeding",1.00
8143,35981.00,"4- Demerara- Mahaica",,"Soesdyke Public Rd.","East bank Demerara (from Georgetown)","-58.2123","6.5003",,,5/19/2008 0:00:00,12/30/1899 21:00:00,"C- Minor Injury","F- Driver",31.00,"Male","L- Lorries Van;W-Pedal Cycle","S- Driver's Negligence",3.00
8144,35982.00,"4- Demerara- Mahaica",,"Pearl Public Rd.","East bank Demerara (from Georgetown)","-58.2114","6.5896",,,5/28/2008 0:00:00,12/30/1899 16:25:00,"C- Minor Injury","F- Driver",28.00,"Male","K- Private Cars","S- Driver's Negligence",2.00
8145,35983.00,"4- Demerara- Mahaica",,"Madewini Public Rd.","East bank Demerara (from Georgetown)","-58.2492","6.5289",,,6/9/2008 0:00:00,12/30/1899 21:10:00,"A- Fatal","F- Driver",49.00,"Male","K- Private Cars","S- Driver's Negligence",2.00
8146,35984.00,"4- Demerara- Mahaica",,"Soesdyke Public Rd.","East bank Demerara (from Georgetown)","-58.2123","6.5003",,,6/20/2008 0:00:00,12/30/1899 15:15:00,"D- Property Damage","F- Driver",33.00,"Male","M- Hire Cars;N- Pickup","S- Driver's Negligence",2.00
8147,35985.00,"4- Demerara- Mahaica",,"Supply Public Rd.","East bank Demerara (from Georgetown)","-58.2008","6.6313",,,6/24/2008 0:00:00,12/30/1899 4:30:00,"A- Fatal","F- Driver",49.00,"Male","J- Minibus;K- Private Cars","S- Driver's Negligence",2.00
8148,35986.00,"4- Demerara- Mahaica",,"Supply Public Rd.","East bank Demerara (from Georgetown)","-58.2008","6.6313",,,7/2/2008 0:00:00,12/30/1899 7:20:00,"C- Minor Injury","F- Driver",28.00,"Male","J- Minibus","S- Driver's Negligence",2.00
8149,35987.00,"4- Demerara- Mahaica",,"Timehri Public Rd.","East bank Demerara (from Georgetown)","-58.2652","6.5145",,,6/26/2008 0:00:00,12/30/1899 21:30:00,"C- Minor Injury","G- Rider",45.00,"Male","V-Motor Cycle","U- Cyclist's Negligence",2.00
8150,35988.00,"4- Demerara- Mahaica",,"Caledonia Public Rd.","East bank Demerara (from Georgetown)","-58.2164","6.5807",,,7/6/2008 0:00:00,12/30/1899 17:45:00,"A- Fatal","F- Driver",33.00,"Male","K- Private Cars","S- Driver's Negligence",2.00
8151,35989.00,"4- Demerara- Mahaica",,"Coverden Public Rd.","East bank Demerara (from Georgetown)","-58.2229","6.5699",,,7/6/2008 0:00:00,12/30/1899 21:30:00,"D- Property Damage","F- Driver",31.00,"Male","J- Minibus;K- Private Cars;N- Pickup","S- Driver's Negligence",3.00
8152,35990.00,"4- Demerara- Mahaica",,"Land Of Canaan Public Rd.","East bank Demerara (from Georgetown)","-58.2066","6.6010",,,7/6/2008 0:00:00,12/30/1899 20:15:00,"A- Fatal","F- Driver",46.00,"Male","K- Private Cars;N- Pickup","S- Driver's Negligence",8.00
8153,35991.00,"4- Demerara- Mahaica",,"Coverden Public Rd.","East bank Demerara (from Georgetown)","-58.2229","6.5699",,,7/8/2008 0:00:00,12/30/1899 9:00:00,"A- Fatal","F- Driver",28.00,"Male","L- Lorries Van","S- Driver's Negligence",2.00
8154,35992.00,"4- Demerara- Mahaica",,"Soesdyke Public Rd.","East bank Demerara (from Georgetown)","-58.2123","6.5003",,,7/27/2008 0:00:00,12/30/1899 15:30:00,"A- Fatal","F- Driver",54.00,"Male","J- Minibus;W-Pedal Cycle","U- Cyclist's Negligence",2.00
8155,35993.00,"4- Demerara- Mahaica",,"Soesdyke Public Rd.","East bank Demerara (from Georgetown)","-58.2123","6.5003",,,7/27/2008 0:00:00,12/30/1899 16:45:00,"D- Property Damage","F- Driver",31.00,"Male","K- Private Cars","S- Driver's Negligence",2.00
8156,35994.00,"4- Demerara- Mahaica",,"Coverden Public Rd.","East bank Demerara (from Georgetown)","-58.2229","6.5699",,,7/31/2008 0:00:00,12/30/1899 9:30:00,"D- Property Damage","F- Driver",69.00,"Male","J- Minibus;K- Private Cars","S- Driver's Negligence",2.00
8157,35995.00,"4- Demerara- Mahaica",,"Soesdyke Public Rd.","East bank Demerara (from Georgetown)","-58.2123","6.5003",,,8/13/2008 0:00:00,12/30/1899 14:00:00,"D- Property Damage","F- Driver",28.00,"Male","L- Lorries Van;N- Pickup","S- Driver's Negligence",2.00
8158,35996.00,"4- Demerara- Mahaica",,"Land Of Canaan Public Rd.","East bank Demerara (from Georgetown)","-58.2066","6.6010",,,8/31/2008 0:00:00,12/30/1899 3:15:00,"C- Minor Injury","F- Driver",30.00,"Male","K- Private Cars","S- Driver's Negligence",2.00
8159,35997.00,"4- Demerara- Mahaica",,"Soesdyke Public Rd.","East bank Demerara (from Georgetown)","-58.2123","6.5003",,,9/7/2008 0:00:00,12/30/1899 9:00:00,"D- Property Damage","F- Driver",56.00,"Male","J- Minibus","Y- Animal",1.00
8160,35998.00,"4- Demerara- Mahaica",,"Soesdyke Public Rd.","East bank Demerara (from Georgetown)","-58.2123","6.5003",,,9/11/2008 0:00:00,12/30/1899 8:30:00,"D- Property Damage","F- Driver",78.00,"Male","N- Pickup","S- Driver's Negligence",2.00
8161,35999.00,"4- Demerara- Mahaica",,"Soesdyke Public Rd.","East bank Demerara (from Georgetown)","-58.2123","6.5003",,,9/14/2008 0:00:00,,"D- Property Damage","F- Driver",38.00,"Male","J- Minibus;K- Private Cars","S- Driver's Negligence",2.00
8162,36000.00,"4- Demerara- Mahaica",,"Coverden Public Rd.","East bank Demerara (from Georgetown)","-58.2229","6.5699",,,9/29/2008 0:00:00,12/30/1899 16:45:00,"D- Property Damage","F- Driver",40.00,"Male","K- Private Cars;N- Pickup","S- Driver's Negligence",3.00
8163,36001.00,"4- Demerara- Mahaica",,"Pearl Public Rd.","East bank Demerara (from Georgetown)","-58.2114","6.5896",,,9/28/2008 0:00:00,12/30/1899 16:30:00,"B- Serious Injury","F- Driver",21.00,"Male","M- Hire Cars","S- Driver's Negligence",5.00
8164,36002.00,"4- Demerara- Mahaica4- Demerara- Mahaica",,"Soesdyke Public Rd.","East bank Demerara (from Georgetown)","-58.2123","6.5003",,,10/9/2008 0:00:00,12/30/1899 13:00:00,"C- Minor Injury","F- Driver",23.00,"Male","K- Private Cars","S- Driver's Negligence",2.00
8165,36003.00,"4- Demerara- Mahaica",,"Supply Public Rd.","East bank Demerara (from Georgetown)","-58.2008","6.6313",,,10/18/2008 0:00:00,12/30/1899 4:15:00,"C- Minor Injury","F- Driver",,"Male","N- Pickup","S- Driver's Negligence",5.00
8166,36004.00,"4- Demerara- Mahaica",,"Supply Public Rd.","East bank Demerara (from Georgetown)","-58.2008","6.6313",,,10/22/2008 0:00:00,12/30/1899 19:30:00,"D- Property Damage","F- Driver",48.00,"Male","J- Minibus;N- Pickup","S- Driver's Negligence",2.00
8167,36005.00,"4- Demerara- Mahaica",,"Land Of Canaan Public Rd.","East bank Demerara (from Georgetown)","-58.2066","6.6010",,,10/25/2008 0:00:00,12/30/1899 12:00:00,"A- Fatal","F- Driver",,"Male","N- Pickup","P- Speeding",1.00
8168,36006.00,"4- Demerara- Mahaica",,"Soesdyke Public Rd.","East bank Demerara (from Georgetown)","-58.2123","6.5003",,,10/26/2008 0:00:00,12/30/1899 9:30:00,"B- Serious Injury","F- Driver",41.00,"Male","J- Minibus;V-Motor Cycle","S- Driver's Negligence",2.00
8169,36007.00,"4- Demerara- Mahaica",,"Land Of Canaan Public Rd.","East bank Demerara (from Georgetown)","-58.2066","6.6010",,,10/26/2008 0:00:00,12/30/1899 14:45:00,"A- Fatal","G- Rider",67.00,"Male","L- Lorries Van;V-Motor Cycle","U- Cyclist's Negligence",2.00
8170,36008.00,"4- Demerara- Mahaica",,"Coverden Public Rd.","East bank Demerara (from Georgetown)","-58.2229","6.5699",,,11/1/2008 0:00:00,12/30/1899 21:30:00,"B- Serious Injury","G- Rider",44.00,"Male","V-Motor Cycle;W-Pedal Cycle","U- Cyclist's Negligence",2.00