"ID","Accident ID","Region Number","Corridor ID","Location (Intersection/Road/Street)","Corridor","Location- longitude/ X","Location- latitude/  Y","Mile Marker","Village","Date of Accident","Time of Accident","Type of Accident","Class of Road User","Age/DOB","Gender","Class of Vehicles Involved","Contributing Factor","Number of Persons Involved"
8171,36009.00,"4- Demerara- Mahaica",,"Land Of Canaan Public Rd.","East bank Demerara (from Georgetown)","-58.2066","6.6010",,,11/2/2008 0:00:00,12/30/1899 19:15:00,"D- Property Damage","F- Driver",,"Male","K- Private Cars;N- Pickup","S- Driver's Negligence",2.00
8172,36010.00,"4- Demerara- Mahaica",,"Supply Public Rd.","East bank Demerara (from Georgetown)","-58.2008","6.6313",,,11/2/2008 0:00:00,12/30/1899 22:20:00,"D- Property Damage","F- Driver",28.00,"Male","M- Hire Cars;N- Pickup","S- Driver's Negligence",2.00
8173,36011.00,"4- Demerara- Mahaica",,"Supply Public Rd.","East bank Demerara (from Georgetown)","-58.2008","6.6313",,,11/2/2008 0:00:00,12/30/1899 6:30:00,"D- Property Damage","F- Driver",22.00,"Male","K- Private Cars;N- Pickup","S- Driver's Negligence",2.00
8174,36012.00,"4- Demerara- Mahaica",,"Soesdyke Public Rd.","East bank Demerara (from Georgetown)","-58.2123","6.5003",,,11/10/2008 0:00:00,12/30/1899 15:00:00,"C- Minor Injury","F- Driver",38.00,"Male","L- Lorries Van","S- Driver's Negligence",2.00
8175,36013.00,"4- Demerara- Mahaica",,"Supply Public Rd.","East bank Demerara (from Georgetown)","-58.2008","6.6313",,,10/31/2008 0:00:00,12/30/1899 14:30:00,"C- Minor Injury","F- Driver",38.00,"Male","K- Private Cars","P- Speeding",1.00
8176,36014.00,"4- Demerara- Mahaica",,"Soesdyke Public Rd.","East bank Demerara (from Georgetown)","-58.2123","6.5003",,,11/16/2008 0:00:00,12/30/1899 7:20:00,"C- Minor Injury","F- Driver",23.00,"Male","L- Lorries Van","S- Driver's Negligence",2.00
8177,36015.00,"4- Demerara- Mahaica",,"Soesdyke Public Rd.","East bank Demerara (from Georgetown)","-58.2123","6.5003",,,11/19/2008 0:00:00,12/30/1899 6:30:00,"B- Serious Injury","F- Driver",33.00,"Male","J- Minibus;W-Pedal Cycle","S- Driver's Negligence",2.00
8178,36016.00,"4- Demerara- Mahaica",,"Coverden Public Rd.","East bank Demerara (from Georgetown)","-58.2229","6.5699",,,11/22/2008 0:00:00,12/30/1899 10:30:00,"C- Minor Injury","F- Driver",19.00,"Male","K- Private Cars;L- Lorries Van","S- Driver's Negligence",3.00
8179,36017.00,"4- Demerara- Mahaica",,"Supply Public Rd.","East bank Demerara (from Georgetown)","-58.2008","6.6313",,,11/27/2008 0:00:00,12/30/1899 15:00:00,"C- Minor Injury","F- Driver",31.00,"Male","L- Lorries Van","S- Driver's Negligence",2.00
8180,36018.00,"4- Demerara- Mahaica",,"Soesdyke Public Rd.","East bank Demerara (from Georgetown)","-58.2123","6.5003",,,11/27/2008 0:00:00,12/30/1899 18:30:00,"B- Serious Injury","F- Driver",36.00,"Male","K- Private Cars;W-Pedal Cycle","S- Driver's Negligence",2.00
8181,36019.00,"4- Demerara- Mahaica",,"Sarah Johanna Public Rd.","East bank Demerara (from Georgetown)","-58.2065","6.5996",,,11/30/2008 0:00:00,12/30/1899 18:30:00,"C- Minor Injury","F- Driver",34.00,"Male","L- Lorries Van;M- Hire Cars","S- Driver's Negligence",3.00
8182,36020.00,"4- Demerara- Mahaica",,"Soesdyke Public Rd.","East bank Demerara (from Georgetown)","-58.2123","6.5003",,,12/4/2008 0:00:00,12/30/1899 14:00:00,"D- Property Damage","F- Driver",22.00,"Male","K- Private Cars;N- Pickup","S- Driver's Negligence",2.00
8183,36021.00,"4- Demerara- Mahaica",,"Sarah Johanna Public Rd.","East bank Demerara (from Georgetown)","-58.2065","6.5996",,,12/6/2008 0:00:00,12/30/1899 7:00:00,"D- Property Damage","F- Driver",21.00,"Male","K- Private Cars;M- Hire Cars","S- Driver's Negligence",2.00
8184,36022.00,"4- Demerara- Mahaica",,"Soesdyke Public Rd.","East bank Demerara (from Georgetown)","-58.2123","6.5003",,,12/16/2008 0:00:00,12/30/1899 17:00:00,"D- Property Damage","F- Driver",,"Male","M- Hire Cars;N- Pickup","S- Driver's Negligence",2.00
8185,36023.00,"4- Demerara- Mahaica",,"Sarah Johanna Public Rd.","East bank Demerara (from Georgetown)","-58.2065","6.5996",,,12/13/2008 0:00:00,12/30/1899 12:15:00,"C- Minor Injury","F- Driver",24.00,"Male","K- Private Cars;V-Motor Cycle","S- Driver's Negligence",2.00
8186,36024.00,"4- Demerara- Mahaica",,"Timehri Public Rd.","East bank Demerara (from Georgetown)","-58.2652","6.5145",,,12/13/2008 0:00:00,12/30/1899 12:45:00,"D- Property Damage","F- Driver",37.00,"Male","K- Private Cars;M- Hire Cars","S- Driver's Negligence",2.00
8187,36025.00,"4- Demerara- Mahaica",,"Coverden Public Rd.","East bank Demerara (from Georgetown)","-58.2229","6.5699",,,12/21/2008 0:00:00,12/30/1899 19:20:00,"C- Minor Injury","G- Rider",60.00,"Male","V-Motor Cycle","U- Cyclist's Negligence",2.00
8188,36026.00,"4- Demerara- Mahaica",,"Land Of Canaan Public Rd.","East bank Demerara (from Georgetown)","-58.2066","6.6010",,,1/8/2009 0:00:00,12/30/1899 13:45:00,"C- Minor Injury","F- Driver",38.00,"Male","J- Minibus;L- Lorries Van","S- Driver's Negligence",3.00
8189,36027.00,"4- Demerara- Mahaica",,"Brickery Public Rd.","East bank Demerara (from Georgetown)","-58.2001","6.8183",,,1/24/2009 0:00:00,12/30/1899 12:30:00,"D- Property Damage","F- Driver",54.00,"Male","J- Minibus;N- Pickup","S- Driver's Negligence",2.00
8190,36028.00,"4- Demerara- Mahaica",,"Soesdyke Public Rd.","East bank Demerara (from Georgetown)","-58.2123","6.5003",,,1/24/2009 0:00:00,12/30/1899 20:00:00,"D- Property Damage","F- Driver",50.00,"Male","N- Pickup","Q- Alcohol",1.00
8191,36029.00,"4- Demerara- Mahaica",,"Land Of Canaan Public Rd.","East bank Demerara (from Georgetown)","-58.2066","6.6010",,,1/30/2009 0:00:00,12/30/1899 7:30:00,"D- Property Damage","F- Driver",38.00,"Male","J- Minibus;K- Private Cars","S- Driver's Negligence",2.00
8192,36030.00,"4- Demerara- Mahaica",,"Pearl Public Rd.","East bank Demerara (from Georgetown)","-58.2114","6.5896",,,2/12/2009 0:00:00,12/30/1899 10:20:00,"C- Minor Injury","F- Driver",47.00,"Female","J- Minibus;N- Pickup","S- Driver's Negligence",3.00
8193,36031.00,"4- Demerara- Mahaica",,"Timehri Public Rd.","East bank Demerara (from Georgetown)","-58.2652","6.5145",,,2/24/2009 0:00:00,12/30/1899 14:10:00,"D- Property Damage","F- Driver",69.00,"Male","L- Lorries Van;N- Pickup","S- Driver's Negligence",2.00
8194,36032.00,"4- Demerara- Mahaica",,"Coverden Public Rd.","East bank Demerara (from Georgetown)","-58.2229","6.5699",,,3/10/2009 0:00:00,12/30/1899 3:30:00,"D- Property Damage","F- Driver",28.00,"Male","K- Private Cars","S- Driver's Negligence",2.00
8195,36033.00,"4- Demerara- Mahaica",,"Timehri Public Rd.","East bank Demerara (from Georgetown)","-58.2652","6.5145",,,3/20/2009 0:00:00,12/30/1899 14:00:00,"D- Property Damage","F- Driver",52.00,"Male","K- Private Cars;L- Lorries Van","S- Driver's Negligence",2.00
8196,36034.00,"4- Demerara- Mahaica",,"Timehri Public Rd.","East bank Demerara (from Georgetown)","-58.2652","6.5145",,,3/20/2009 0:00:00,12/30/1899 1:50:00,"D- Property Damage","F- Driver",49.00,"Male","M- Hire Cars","S- Driver's Negligence",2.00
8197,36035.00,"4- Demerara- Mahaica",,"Soesdyke Public Rd.","East bank Demerara (from Georgetown)","-58.2123","6.5003",,,3/20/2009 0:00:00,12/30/1899 7:30:00,"D- Property Damage","F- Driver",22.00,"Male","K- Private Cars","S- Driver's Negligence",2.00
8198,36036.00,"4- Demerara- Mahaica",,"Coverden Public Rd.","East bank Demerara (from Georgetown)","-58.2229","6.5699",,,3/29/2009 0:00:00,,"D- Property Damage","F- Driver",54.00,"Male","J- Minibus;K- Private Cars","S- Driver's Negligence",3.00
8199,36037.00,"4- Demerara- Mahaica",,"Coverden Public Rd.","East bank Demerara (from Georgetown)","-58.2229","6.5699",,,3/29/2009 0:00:00,12/30/1899 19:30:00,"D- Property Damage","F- Driver",43.00,"Male","K- Private Cars","P- Speeding",1.00
8200,36038.00,"4- Demerara- Mahaica",,"Coverden Public Rd.","East bank Demerara (from Georgetown)","-58.2229","6.5699",,,4/1/2009 0:00:00,12/30/1899 7:30:00,"B- Serious Injury","F- Driver",34.00,"Male","L- Lorries Van","S- Driver's Negligence",1.00
8201,36039.00,"4- Demerara- Mahaica",,"Coverden Public Rd.","East bank Demerara (from Georgetown)","-58.2229","6.5699",,,4/25/2009 0:00:00,12/30/1899 15:50:00,"C- Minor Injury","F- Driver",33.00,"Male","K- Private Cars;N- Pickup","S- Driver's Negligence",5.00
8202,36040.00,"4- Demerara- Mahaica",,"Soesdyke Public Rd.","East bank Demerara (from Georgetown)","-58.2123","6.5003",,,4/20/2009 0:00:00,12/30/1899 22:40:00,"A- Fatal","F- Driver",28.00,"Male","K- Private Cars","S- Driver's Negligence",2.00
8203,36041.00,"4- Demerara- Mahaica",,"Brickery Public Rd.","East bank Demerara (from Georgetown)","-58.2001","6.8183",,,5/10/2009 0:00:00,12/30/1899 22:30:00,"D- Property Damage","F- Driver",28.00,"Male","M- Hire Cars;V-Motor Cycle","S- Driver's Negligence",2.00
8204,36042.00,"4- Demerara- Mahaica",,"Soesdyke Public Rd.","East bank Demerara (from Georgetown)","-58.2123","6.5003",,,5/14/2009 0:00:00,12/30/1899 3:05:00,"D- Property Damage","F- Driver",58.00,"Male","J- Minibus;L- Lorries Van","S- Driver's Negligence",2.00
8205,36043.00,"4- Demerara- Mahaica",,"Caledonia Public Rd.","East bank Demerara (from Georgetown)","-58.2164","6.5807",,,5/24/2009 0:00:00,12/30/1899 19:50:00,"C- Minor Injury","F- Driver",32.00,"Male","M- Hire Cars","S- Driver's Negligence",2.00
8206,36044.00,"4- Demerara- Mahaica",,"Soesdyke Public Rd.","East bank Demerara (from Georgetown)","-58.2123","6.5003",,,5/30/2009 0:00:00,12/30/1899 21:00:00,"D- Property Damage","F- Driver",35.00,"Male","K- Private Cars","P- Speeding",1.00
8207,36045.00,"4- Demerara- Mahaica",,"Coverden Public Rd.","East bank Demerara (from Georgetown)","-58.2229","6.5699",,,5/26/2009 0:00:00,12/30/1899 18:30:00,"C- Minor Injury","F- Driver",41.00,"Male","K- Private Cars;L- Lorries Van","S- Driver's Negligence",2.00
8208,36046.00,"4- Demerara- Mahaica",,"Soesdyke Public Rd.","East bank Demerara (from Georgetown)","-58.2123","6.5003",,,6/8/2009 0:00:00,12/30/1899 22:50:00,"C- Minor Injury","F- Driver",38.00,"Male","J- Minibus;V-Motor Cycle","S- Driver's Negligence",2.00
8209,36047.00,"4- Demerara- Mahaica",,"Coverden Public Rd.","East bank Demerara (from Georgetown)","-58.2229","6.5699",,,6/8/2009 0:00:00,12/30/1899 8:30:00,"D- Property Damage","F- Driver",29.00,"Male","K- Private Cars","S- Driver's Negligence",2.00
8210,36048.00,"4- Demerara- Mahaica",,"Timehri Old Rd.","East bank Demerara (from Georgetown)","-58.2689","6.5099",,,6/12/2009 0:00:00,12/30/1899 22:15:00,"D- Property Damage","F- Driver",43.00,"Male","K- Private Cars;L- Lorries Van","S- Driver's Negligence",2.00
8211,36049.00,"4- Demerara- Mahaica",,"Soesdyke Public Rd.","East bank Demerara (from Georgetown)","-58.2123","6.5003",,,6/26/2009 0:00:00,12/30/1899 6:05:00,"B- Serious Injury","F- Driver",30.00,"Male","K- Private Cars","S- Driver's Negligence",15.00
8212,36050.00,"4- Demerara- Mahaica",,"Sarah Johanna Public Rd.","East bank Demerara (from Georgetown)","-58.2065","6.5996",,,7/22/2009 0:00:00,12/30/1899 11:30:00,"C- Minor Injury","F- Driver",67.00,"Male","M- Hire Cars;N- Pickup","S- Driver's Negligence",2.00
8213,36051.00,"4- Demerara- Mahaica",,"Brickery Public Rd.","East bank Demerara (from Georgetown)","-58.2001","6.8183",,,7/22/2009 0:00:00,12/30/1899 2:00:00,"B- Serious Injury","F- Driver",21.00,"Male","M- Hire Cars","P- Speeding",1.00
8214,36052.00,"4- Demerara- Mahaica",,"Soesdyke Public Rd.","East bank Demerara (from Georgetown)","-58.2123","6.5003",,,7/22/2009 0:00:00,,"C- Minor Injury","F- Driver",27.00,"Male","L- Lorries Van","S- Driver's Negligence",2.00
8215,36053.00,"4- Demerara- Mahaica",,"Coverden Public Rd.","East bank Demerara (from Georgetown)","-58.2229","6.5699",,,2/11/2009 0:00:00,12/30/1899 20:00:00,"D- Property Damage","F- Driver",36.00,"Male","J- Minibus;K- Private Cars","S- Driver's Negligence",2.00
8216,36054.00,"4- Demerara- Mahaica",,"Soesdyke Public Rd.","East bank Demerara (from Georgetown)","-58.2123","6.5003",,,8/19/2008 0:00:00,12/30/1899 20:20:00,"C- Minor Injury","F- Driver",34.00,"Male","K- Private Cars;N- Pickup","S- Driver's Negligence",2.00
8217,36055.00,"4- Demerara- Mahaica",,"Coverden Public Rd.","East bank Demerara (from Georgetown)","-58.2229","6.5699",,,8/19/2009 0:00:00,12/30/1899 15:00:00,"D- Property Damage","F- Driver",29.00,"Male","K- Private Cars;N- Pickup","S- Driver's Negligence",2.00
8218,36056.00,"4- Demerara- Mahaica",,"Coverden Public Rd.","East bank Demerara (from Georgetown)","-58.2229","6.5699",,,8/23/2009 0:00:00,12/30/1899 9:30:00,"D- Property Damage","F- Driver",42.00,"Male","J- Minibus;N- Pickup","S- Driver's Negligence",2.00
8219,36058.00,"4- Demerara- Mahaica",,"Land Of Canaan Public Rd.","East bank Demerara (from Georgetown)","-58.2066","6.6010",,,8/25/2009 0:00:00,12/30/1899 1:30:00,"D- Property Damage","F- Driver",28.00,"Male","K- Private Cars","P- Speeding",1.00
8220,36059.00,"4- Demerara- Mahaica",,"Coverden Public Rd.","East bank Demerara (from Georgetown)","-58.2229","6.5699",,,8/4/2009 0:00:00,12/30/1899 13:30:00,"D- Property Damage","F- Driver",,"Male","J- Minibus;K- Private Cars","S- Driver's Negligence",2.00
8221,36060.00,"4- Demerara- Mahaica",,"Land Of Canaan Public Rd.","East bank Demerara (from Georgetown)","-58.2066","6.6010",,,9/10/2009 0:00:00,12/30/1899 15:00:00,"D- Property Damage","F- Driver",58.00,"Male","J- Minibus;N- Pickup","S- Driver's Negligence",2.00
8222,36061.00,"4- Demerara- Mahaica",,"Land Of Canaan Public Rd.","East bank Demerara (from Georgetown)","-58.2066","6.6010",,,9/14/2009 0:00:00,12/30/1899 18:05:00,"B- Serious Injury","F- Driver",43.00,"Male","J- Minibus;V-Motor Cycle","P- Speeding",2.00
8223,36062.00,"4- Demerara- Mahaica",,"Timehri Base Rd.","East bank Demerara (from Georgetown)","-58.2123","6.5003",,,9/27/2009 0:00:00,12/30/1899 14:50:00,"B- Serious Injury","F- Driver",30.00,"Male","K- Private Cars","P- Speeding",3.00
8224,36063.00,"4- Demerara- Mahaica",,"Sarah Johanna Public Rd.","East bank Demerara (from Georgetown)","-58.2065","6.5996",,,10/18/2009 0:00:00,12/30/1899 14:00:00,"C- Minor Injury","F- Driver",24.00,"Male","K- Private Cars;M- Hire Cars","S- Driver's Negligence",2.00
8225,36064.00,"4- Demerara- Mahaica",,"Land Of Canaan Public Rd.","East bank Demerara (from Georgetown)","-58.2066","6.6010",,,10/11/2009 0:00:00,12/30/1899 22:30:00,"D- Property Damage","F- Driver",26.00,"Male","M- Hire Cars","P- Speeding",1.00
8226,36065.00,"4- Demerara- Mahaica",,"Soesdyke Public Rd.","East bank Demerara (from Georgetown)","-58.2123","6.5003",,,10/19/2009 0:00:00,12/30/1899 17:50:00,"D- Property Damage","F- Driver",38.00,"Male","K- Private Cars;L- Lorries Van","P- Speeding",2.00
8227,36066.00,"4- Demerara- Mahaica",,"Soesdyke Public Rd.","East bank Demerara (from Georgetown)","-58.2123","6.5003",,,10/11/2009 0:00:00,12/30/1899 16:30:00,"D- Property Damage","F- Driver",45.00,"Male","K- Private Cars","P- Speeding",1.00
8228,36067.00,"4- Demerara- Mahaica",,"Soesdyke Linden Highway","East bank Demerara (from Georgetown)","58.2353","6.5458",,,10/7/2009 0:00:00,12/30/1899 10:30:00,"D- Property Damage","F- Driver",30.00,"Male","K- Private Cars;L- Lorries Van","S- Driver's Negligence",2.00
8229,36068.00,"4- Demerara- Mahaica",,"Soesdyke Linden Highway","East bank Demerara (from Georgetown)","58.2353","6.5458",,,10/21/2009 0:00:00,12/30/1899 20:00:00,"D- Property Damage","F- Driver",45.00,"Male","K- Private Cars;L- Lorries Van","P- Speeding",2.00
8230,36069.00,"4- Demerara- Mahaica",,"Timehri Public Rd.","East bank Demerara (from Georgetown)","-58.2652","6.5145",,,10/28/2009 0:00:00,12/30/1899 12:50:00,"D- Property Damage","F- Driver",,"Male","J- Minibus;K- Private Cars","S- Driver's Negligence",2.00
8231,36070.00,"4- Demerara- Mahaica",,"Timehri Base Rd.","East bank Demerara (from Georgetown)","-58.2123","6.5003",,,10/29/2009 0:00:00,12/30/1899 2:00:00,"C- Minor Injury","F- Driver",25.00,"Male","K- Private Cars","P- Speeding",1.00
8232,36071.00,"4- Demerara- Mahaica",,"Support Public Rd.","East bank Demerara (from Georgetown)","-58.2034","6.6257",,,11/4/2009 0:00:00,12/30/1899 17:15:00,"C- Minor Injury","F- Driver",65.00,"Male","L- Lorries Van;N- Pickup","P- Speeding",2.00
8233,36072.00,"4- Demerara- Mahaica",,"Coverden Public Rd.","East bank Demerara (from Georgetown)","-58.2229","6.5699",,,11/20/2009 0:00:00,12/30/1899 9:30:00,"D- Property Damage","F- Driver",36.00,"Male","J- Minibus;L- Lorries Van","S- Driver's Negligence",2.00
8234,36073.00,"4- Demerara- Mahaica",,"Soesdyke Public Rd.","East bank Demerara (from Georgetown)","-58.2123","6.5003",,,11/15/2009 0:00:00,12/30/1899 22:30:00,"C- Minor Injury","F- Driver",30.00,"Male","M- Hire Cars;W-Pedal Cycle","S- Driver's Negligence",2.00
8235,36074.00,"4- Demerara- Mahaica",,"Soesdyke Public Rd.","East bank Demerara (from Georgetown)","-58.2123","6.5003",,,11/29/2009 0:00:00,12/30/1899 16:50:00,"C- Minor Injury","F- Driver",33.00,"Male","K- Private Cars","S- Driver's Negligence",2.00
8236,36075.00,"4- Demerara- Mahaica",,"Friendship Public Rd.","East bank Demerara (from Georgetown)","-58.4293","5.8712",,,11/27/2009 0:00:00,12/30/1899 11:30:00,"C- Minor Injury","F- Driver",35.00,"Female","K- Private Cars;V-Motor Cycle","P- Speeding",2.00
8237,36076.00,"4- Demerara- Mahaica",,"Soesdyke Public Rd.","East bank Demerara (from Georgetown)","-58.2123","6.5003",,,12/7/2009 0:00:00,12/30/1899 8:30:00,"D- Property Damage","F- Driver",38.00,"Male","K- Private Cars;L- Lorries Van","P- Speeding",2.00
8238,36077.00,"4- Demerara- Mahaica",,"Brickery Public Rd.","East bank Demerara (from Georgetown)","-58.2001","6.8183",,,12/7/2009 0:00:00,12/30/1899 8:30:00,"D- Property Damage","F- Driver",36.00,"Male","L- Lorries Van","S- Driver's Negligence",1.00
8239,36078.00,"4- Demerara- Mahaica",,"Soesdyke Public Rd.","East bank Demerara (from Georgetown)","-58.2123","6.5003",,,12/8/2009 0:00:00,12/30/1899 20:30:00,"B- Serious Injury","F- Driver",37.00,"Male","J- Minibus;W-Pedal Cycle","P- Speeding",2.00
8240,36079.00,"4- Demerara- Mahaica",,"Timehri Public Rd.","East bank Demerara (from Georgetown)","-58.2652","6.5145",,,12/20/2009 0:00:00,12/30/1899 3:05:00,"C- Minor Injury","E- Pedestrian",43.00,"Male","J- Minibus","T-Pedestrian's Negligence",2.00
8241,36080.00,"4- Demerara- Mahaica",,"Timehri Public Rd.","East bank Demerara (from Georgetown)","-58.2652","6.5145",,,12/19/2009 0:00:00,12/30/1899 23:00:00,"D- Property Damage","F- Driver",26.00,"Male","K- Private Cars","S- Driver's Negligence",2.00
8242,36081.00,"4- Demerara- Mahaica",,"Coverden Public Rd.","East bank Demerara (from Georgetown)","-58.2229","6.5699",,,12/2/2009 0:00:00,12/30/1899 14:30:00,"D- Property Damage","F- Driver",51.00,"Male","J- Minibus;K- Private Cars","S- Driver's Negligence",2.00
8243,36082.00,"4- Demerara- Mahaica",,"Soesdyke Public Rd.","East bank Demerara (from Georgetown)","-58.2123","6.5003",,,12/26/2009 0:00:00,,"D- Property Damage","F- Driver",36.00,"Male","J- Minibus;N- Pickup","P- Speeding",2.00
8244,36083.00,"4- Demerara- Mahaica",,"Sarah Scheme","East bank Demerara (from Georgetown)","-58.2123","6.5003",,,12/25/2009 0:00:00,12/30/1899 9:30:00,"D- Property Damage","F- Driver",31.00,"Male","K- Private Cars;L- Lorries Van","P- Speeding",2.00
8245,36084.00,"4- Demerara- Mahaica",,"Soesdyke Public Rd.","East bank Demerara (from Georgetown)","-58.2123","6.5003",,,12/29/2009 0:00:00,12/30/1899 6:30:00,"D- Property Damage","F- Driver",36.00,"Male","M- Hire Cars;N- Pickup","P- Speeding",2.00
8246,36085.00,"4- Demerara- Mahaica",,"Coverden Public Rd.","East bank Demerara (from Georgetown)","-58.2229","6.5699",,,1/6/2010 0:00:00,,"C- Minor Injury","F- Driver",40.00,"Male","K- Private Cars","S- Driver's Negligence",2.00
8247,36086.00,"4- Demerara- Mahaica",,"Supply Public Rd.","East bank Demerara (from Georgetown)","-58.2008","6.6313",,,1/18/2010 0:00:00,12/30/1899 13:30:00,"B- Serious Injury","F- Driver",,"Male","L- Lorries Van","P- Speeding",2.00
8248,36087.00,"4- Demerara- Mahaica",,"Coverden Public Rd.","East bank Demerara (from Georgetown)","-58.2229","6.5699",,,1/24/2010 0:00:00,12/30/1899 20:08:00,"D- Property Damage","F- Driver",36.00,"Female","N- Pickup","P- Speeding",2.00
8249,36088.00,"4- Demerara- Mahaica",,"Supply Public Rd.","East bank Demerara (from Georgetown)","-58.2008","6.6313",,,,,"C- Minor Injury","F- Driver",20.00,"Male","K- Private Cars;M- Hire Cars","S- Driver's Negligence",3.00
8250,36089.00,"4- Demerara- Mahaica",,"Timehri Public Rd.","East bank Demerara (from Georgetown)","-58.2652","6.5145",,,2/7/2010 0:00:00,12/30/1899 9:15:00,"D- Property Damage","F- Driver",55.00,"Male","J- Minibus;N- Pickup","S- Driver's Negligence",2.00
8251,36090.00,"4- Demerara- Mahaica",,"Land Of Canaan Public Rd.","East bank Demerara (from Georgetown)","-58.2066","6.6010",,,2/6/2010 0:00:00,12/30/1899 11:30:00,"B- Serious Injury","F- Driver",25.00,"Male","K- Private Cars;W-Pedal Cycle","S- Driver's Negligence",2.00
8252,36091.00,"4- Demerara- Mahaica",,"Soesdyke Public Rd.","East bank Demerara (from Georgetown)","-58.2123","6.5003",,,2/7/2010 0:00:00,12/30/1899 5:10:00,"D- Property Damage","F- Driver",31.00,"Male","N- Pickup","S- Driver's Negligence",1.00
8253,36092.00,"4- Demerara- Mahaica",,"Sarah Johanna Public Rd.","East bank Demerara (from Georgetown)","-58.2065","6.5996",,,2/9/2010 0:00:00,12/30/1899 3:05:00,"D- Property Damage","F- Driver",26.00,"Male","K- Private Cars;M- Hire Cars","S- Driver's Negligence",2.00
8254,36093.00,"4- Demerara- Mahaica",,"Land Of Canaan Public Rd.","East bank Demerara (from Georgetown)","-58.2066","6.6010",,,2/11/2010 0:00:00,12/30/1899 13:15:00,"D- Property Damage","F- Driver",36.00,"Male","K- Private Cars","P- Speeding",2.00
8255,36094.00,"4- Demerara- Mahaica",,"Pearl Public Rd.","East bank Demerara (from Georgetown)","-58.2114","6.5896",,,,,"D- Property Damage","F- Driver",32.00,"Male","L- Lorries Van;M- Hire Cars","S- Driver's Negligence",2.00
8256,36095.00,"4- Demerara- Mahaica",,"Coverden Public Rd.","East bank Demerara (from Georgetown)","-58.2229","6.5699",,,,,"C- Minor Injury","F- Driver",30.00,"Male","K- Private Cars","P- Speeding",2.00
8257,36096.00,"4- Demerara- Mahaica",,"Supply Public Rd.","East bank Demerara (from Georgetown)","-58.2008","6.6313",,,,,"D- Property Damage","F- Driver",37.00,"Female","K- Private Cars","P- Speeding",2.00
8258,36097.00,"4- Demerara- Mahaica",,"Caledonia Public Rd.","East bank Demerara (from Georgetown)","-58.2164","6.5807",,,3/12/2010 0:00:00,12/30/1899 7:30:00,"C- Minor Injury","G- Rider",10.00,"Male","V-Motor Cycle;W-Pedal Cycle","U- Cyclist's Negligence",2.00
8259,36098.00,"4- Demerara- Mahaica",,"Soesdyke Public Rd.","East bank Demerara (from Georgetown)","-58.2123","6.5003",,,3/30/2010 0:00:00,12/30/1899 15:00:00,"D- Property Damage","F- Driver",39.00,"Male","K- Private Cars","P- Speeding",2.00
8260,36099.00,"4- Demerara- Mahaica",,"B.C.S. Rd.","East bank Demerara (from Georgetown)","-58.2123","6.5003",,,4/1/2010 0:00:00,12/30/1899 12:20:00,"D- Property Damage","F- Driver",23.00,"Male","J- Minibus;N- Pickup","S- Driver's Negligence",2.00
8261,36100.00,"4- Demerara- Mahaica",,"Caledonia Public Rd.","East bank Demerara (from Georgetown)","-58.2164","6.5807",,,4/1/2010 0:00:00,12/30/1899 11:15:00,"D- Property Damage","F- Driver",33.00,"Male","L- Lorries Van","P- Speeding",2.00
8262,36101.00,"4- Demerara- Mahaica",,"Supply Public Rd.","East bank Demerara (from Georgetown)","-58.2008","6.6313",,,,,"C- Minor Injury","F- Driver",59.00,"Male","L- Lorries Van","O- Lost Control & Runoff",2.00
8263,36102.00,"4- Demerara- Mahaica",,"Timehri Public Rd.","East bank Demerara (from Georgetown)","-58.2652","6.5145",,,4/13/2010 0:00:00,12/30/1899 15:15:00,"C- Minor Injury","F- Driver",32.00,"Male","J- Minibus","S- Driver's Negligence",2.00
8264,36103.00,"4- Demerara- Mahaica",,"Coverden Public Rd.","East bank Demerara (from Georgetown)","-58.2229","6.5699",,,,,"D- Property Damage","F- Driver",35.00,"Male","L- Lorries Van","S- Driver's Negligence",2.00
8265,36104.00,"4- Demerara- Mahaica",,"Timehri Public Rd.","East bank Demerara (from Georgetown)","-58.2652","6.5145",,,,,"D- Property Damage","F- Driver",31.00,"Male","K- Private Cars;L- Lorries Van","P- Speeding",2.00
8266,36105.00,"4- Demerara- Mahaica",,"Soesdyke Public Rd.","East bank Demerara (from Georgetown)","-58.2123","6.5003",,,4/23/2010 0:00:00,12/30/1899 7:00:00,"D- Property Damage","F- Driver",23.00,"Male","K- Private Cars;L- Lorries Van","S- Driver's Negligence",2.00
8267,36106.00,"4- Demerara- Mahaica",,"Timehri Public Rd.","East bank Demerara (from Georgetown)","-58.2652","6.5145",,,4/29/2010 0:00:00,12/30/1899 13:30:00,"C- Minor Injury","F- Driver",64.00,"Male","K- Private Cars","S- Driver's Negligence",2.00