"ID","Accident ID","Region Number","Corridor ID","Location (Intersection/Road/Street)","Corridor","Location- longitude/ X","Location- latitude/  Y","Mile Marker","Village","Date of Accident","Time of Accident","Type of Accident","Class of Road User","Age/DOB","Gender","Class of Vehicles Involved","Contributing Factor","Number of Persons Involved"
8268,36107.00,"4- Demerara- Mahaica",,"Coverden Public Rd.","East bank Demerara (from Georgetown)","-58.2229","6.5699",,,5/3/2010 0:00:00,12/30/1899 23:00:00,"A- Fatal","F- Driver",47.00,"Male","J- Minibus","P- Speeding",2.00
8269,36108.00,"4- Demerara- Mahaica",,"Soesdyke Public Rd.","East bank Demerara (from Georgetown)","-58.2123","6.5003",,,,,"D- Property Damage","F- Driver",30.00,"Male","K- Private Cars;M- Hire Cars","S- Driver's Negligence",2.00
8270,36109.00,"4- Demerara- Mahaica",,"Soesdyke Public Rd.","East bank Demerara (from Georgetown)","-58.2123","6.5003",,,5/30/2010 0:00:00,12/30/1899 6:45:00,"D- Property Damage","F- Driver",32.00,"Male","K- Private Cars;L- Lorries Van","P- Speeding",2.00
8271,36110.00,"4- Demerara- Mahaica",,"Timehri Public Rd.","East bank Demerara (from Georgetown)","-58.2652","6.5145",,,,,"D- Property Damage","F- Driver",41.00,"Male","L- Lorries Van;M- Hire Cars","S- Driver's Negligence",2.00
8272,36111.00,"4- Demerara- Mahaica",,"Pearl Public Rd.","East bank Demerara (from Georgetown)","-58.2114","6.5896",,,,,"D- Property Damage","F- Driver",41.00,"Male","K- Private Cars","S- Driver's Negligence",1.00
8273,36112.00,"4- Demerara- Mahaica",,"Soesdyke Public Rd.","East bank Demerara (from Georgetown)","-58.2123","6.5003",,,6/8/2010 0:00:00,12/30/1899 20:30:00,"D- Property Damage","F- Driver",37.00,"Male","J- Minibus","R- Improper Overtaking",2.00
8274,36113.00,"4- Demerara- Mahaica",,"Soesdyke Public Rd.","East bank Demerara (from Georgetown)","-58.2123","6.5003",,,6/12/2010 0:00:00,12/30/1899 21:15:00,"A- Fatal","F- Driver",45.00,"Male","L- Lorries Van","S- Driver's Negligence",2.00
8275,36114.00,"4- Demerara- Mahaica",,"Timehri Public Rd.","East bank Demerara (from Georgetown)","-58.2652","6.5145",,,,,"C- Minor Injury","F- Driver",53.00,"Male","J- Minibus;W-Pedal Cycle","S- Driver's Negligence",2.00
8276,36115.00,"4- Demerara- Mahaica",,"Den Heuvel Public Rd.","East bank Demerara (from Georgetown)","-58.2324","6.3235",,,6/18/2010 0:00:00,12/30/1899 17:30:00,"D- Property Damage","F- Driver",30.00,"Male","J- Minibus;L- Lorries Van","S- Driver's Negligence",2.00
8277,36116.00,"4- Demerara- Mahaica",,"Soesdyke Public Rd.","East bank Demerara (from Georgetown)","-58.2123","6.5003",,,,,"D- Property Damage","F- Driver",56.00,"Male","K- Private Cars;N- Pickup","S- Driver's Negligence",2.00
8278,36117.00,"4- Demerara- Mahaica",,"Brickery Public Rd.","East bank Demerara (from Georgetown)","-58.2001","6.8183",,,,,"C- Minor Injury","F- Driver",29.00,"Male","L- Lorries Van","O- Lost Control & Runoff",3.00
8279,36118.00,"4- Demerara- Mahaica",,"Pearl Public Rd.","East bank Demerara (from Georgetown)","-58.2114","6.5896",,,,,"A- Fatal","F- Driver",45.00,"Male","K- Private Cars;N- Pickup","P- Speeding",3.00
8280,36119.00,"4- Demerara- Mahaica",,"Timehri Public Rd.","East bank Demerara (from Georgetown)","-58.2652","6.5145",,,,,"D- Property Damage","F- Driver",43.00,"Male","L- Lorries Van;V-Motor Cycle","S- Driver's Negligence",2.00
8281,36120.00,"4- Demerara- Mahaica",,"Soesdyke Public Rd.","East bank Demerara (from Georgetown)","-58.2123","6.5003",,,7/4/2010 0:00:00,12/30/1899 1:45:00,"B- Serious Injury","F- Driver",40.00,"Male","L- Lorries Van","S- Driver's Negligence",2.00
8282,36121.00,"4- Demerara- Mahaica",,"Land Of Canaan Public Rd.","East bank Demerara (from Georgetown)","-58.2066","6.6010",,,7/12/2010 0:00:00,12/30/1899 23:00:00,"A- Fatal","F- Driver",31.00,"Male","K- Private Cars","P- Speeding",1.00
8283,36122.00,"4- Demerara- Mahaica",,"Soesdyke Public Rd.","East bank Demerara (from Georgetown)","-58.2123","6.5003",,,7/14/2010 0:00:00,,"D- Property Damage","F- Driver",37.00,"Male","L- Lorries Van;M- Hire Cars","S- Driver's Negligence",2.00
8284,36123.00,"4- Demerara- Mahaica",,"Coverden Public Rd.","East bank Demerara (from Georgetown)","-58.2229","6.5699",,,,12/30/1899 2:15:00,"C- Minor Injury","F- Driver",68.00,"Male","J- Minibus;K- Private Cars","S- Driver's Negligence",3.00
8285,36124.00,"4- Demerara- Mahaica",,"Coverden Public Rd.","East bank Demerara (from Georgetown)","-58.2229","6.5699",,,7/17/2010 0:00:00,12/30/1899 16:30:00,"C- Minor Injury","F- Driver",23.00,"Male","L- Lorries Van","S- Driver's Negligence",2.00
8286,36125.00,"4- Demerara- Mahaica",,"Kuru-kururu Public Road","East bank Demerara (from Georgetown)","-58.2040","6.5273",,,7/18/2010 0:00:00,,"D- Property Damage","F- Driver",21.00,"Male","M- Hire Cars;N- Pickup","S- Driver's Negligence",2.00
8287,36126.00,"4- Demerara- Mahaica",,"Coverden Public Rd.","East bank Demerara (from Georgetown)","-58.2229","6.5699",,,,,"C- Minor Injury","F- Driver",57.00,"Male","M- Hire Cars","S- Driver's Negligence",1.00
8288,36127.00,"4- Demerara- Mahaica",,"Soesdyke Public Rd.","East bank Demerara (from Georgetown)","-58.2123","6.5003",,,7/30/2010 0:00:00,12/30/1899 11:45:00,"D- Property Damage","F- Driver",46.00,"Male","K- Private Cars;L- Lorries Van","S- Driver's Negligence",2.00
8289,36128.00,"4- Demerara- Mahaica",,"Pearl Public Rd.","East bank Demerara (from Georgetown)","-58.2114","6.5896",,,8/1/2010 0:00:00,,"D- Property Damage","F- Driver",41.00,"Male","K- Private Cars","S- Driver's Negligence",2.00
8290,36129.00,"4- Demerara- Mahaica",,"Land Of Canaan Public Rd.","East bank Demerara (from Georgetown)","-58.2066","6.6010",,,,,"B- Serious Injury","F- Driver",87.00,"Male","K- Private Cars","S- Driver's Negligence",5.00
8291,36130.00,"4- Demerara- Mahaica",,"Land Of Canaan Public Rd.","East bank Demerara (from Georgetown)","-58.2066","6.6010",,,,,"C- Minor Injury","F- Driver",23.00,"Male","J- Minibus;X-Tractor","S- Driver's Negligence",3.00
8292,36131.00,"4- Demerara- Mahaica",,"Soesdyke Linden Highway","East bank Demerara (from Georgetown)","58.2353","6.5458",,,,,"D- Property Damage","F- Driver",45.00,"Male","J- Minibus;L- Lorries Van","P- Speeding",2.00
8293,36132.00,"4- Demerara- Mahaica",,"Soesdyke Public Rd.","East bank Demerara (from Georgetown)","-58.2123","6.5003",,,,,"D- Property Damage","F- Driver",41.00,"Male","N- Pickup","P- Speeding",1.00
8294,36133.00,"4- Demerara- Mahaica",,"Land Of Canaan Public Rd.","East bank Demerara (from Georgetown)","-58.2066","6.6010",,,10/3/2010 0:00:00,,"D- Property Damage","F- Driver",37.00,"Male","J- Minibus;K- Private Cars","S- Driver's Negligence",2.00
8295,36134.00,"4- Demerara- Mahaica",,"Coverden Public Rd.","East bank Demerara (from Georgetown)","-58.2229","6.5699",,,,,"D- Property Damage","F- Driver",23.00,"Male","K- Private Cars;L- Lorries Van","S- Driver's Negligence",2.00
8296,36135.00,"4- Demerara- Mahaica",,"Den Heuvel Public Rd.","East bank Demerara (from Georgetown)","-58.2324","6.3235",,,,,"D- Property Damage","F- Driver",32.00,"Male","K- Private Cars;L- Lorries Van","S- Driver's Negligence",2.00
8297,36136.00,"4- Demerara- Mahaica",,"Caledonia Public Rd.","East bank Demerara (from Georgetown)","-58.2164","6.5807",,,,,"D- Property Damage","F- Driver",36.00,"Male","L- Lorries Van","P- Speeding",1.00
8298,36137.00,"4- Demerara- Mahaica",,"Coverden Public Rd.","East bank Demerara (from Georgetown)","-58.2229","6.5699",,,10/28/2010 0:00:00,,"D- Property Damage","F- Driver",33.00,"Male","K- Private Cars","P- Speeding",2.00
8299,36138.00,"4- Demerara- Mahaica",,"Caledonia Public Rd.","East bank Demerara (from Georgetown)","-58.2164","6.5807",,,,,"D- Property Damage","F- Driver",39.00,"Male","J- Minibus;L- Lorries Van","S- Driver's Negligence",8.00
8300,36139.00,"4- Demerara- Mahaica",,"Timehri Public Rd.","East bank Demerara (from Georgetown)","-58.2652","6.5145",,,11/9/2010 0:00:00,12/30/1899 21:35:00,"A- Fatal","F- Driver",24.00,"Male","K- Private Cars","P- Speeding",2.00
8301,36140.00,"4- Demerara- Mahaica",,"Timehri Public Rd.","East bank Demerara (from Georgetown)","-58.2652","6.5145",,,11/21/2010 0:00:00,,"D- Property Damage","F- Driver",20.00,"Male","J- Minibus;K- Private Cars","S- Driver's Negligence",2.00
8302,36141.00,"4- Demerara- Mahaica",,"Supply Public Rd.","East bank Demerara (from Georgetown)","-58.2008","6.6313",,,,,"B- Serious Injury","F- Driver",66.00,"Male","L- Lorries Van;W-Pedal Cycle","P- Speeding",2.00
8303,36142.00,"4- Demerara- Mahaica",,"Soesdyke Public Rd.","East bank Demerara (from Georgetown)","-58.2123","6.5003",,,,,"D- Property Damage","F- Driver",37.00,"Male","K- Private Cars","S- Driver's Negligence",2.00
8304,36143.00,"4- Demerara- Mahaica",,"Soesdyke Public Rd.","East bank Demerara (from Georgetown)","-58.2123","6.5003",,,11/27/2010 0:00:00,,"D- Property Damage","F- Driver",26.00,"Male","J- Minibus;K- Private Cars","P- Speeding",2.00
8305,36144.00,"4- Demerara- Mahaica",,"Land Of Canaan Public Rd.","East bank Demerara (from Georgetown)","-58.2066","6.6010",,,,,"D- Property Damage","F- Driver",38.00,"Male","J- Minibus;N- Pickup","S- Driver's Negligence",2.00
8306,36145.00,"4- Demerara- Mahaica",,"Land Of Canaan Public Rd.","East bank Demerara (from Georgetown)","-58.2066","6.6010",,,,,"D- Property Damage","F- Driver",37.00,"Female","K- Private Cars","P- Speeding",2.00
8307,36146.00,"4- Demerara- Mahaica",,"Soesdyke Public Rd.","East bank Demerara (from Georgetown)","-58.2123","6.5003",,,,,"D- Property Damage","F- Driver",36.00,"Male","K- Private Cars;L- Lorries Van","S- Driver's Negligence",2.00
8308,36147.00,"4- Demerara- Mahaica",,"Coverden Public Rd.","East bank Demerara (from Georgetown)","-58.2229","6.5699",,,,,"C- Minor Injury","F- Driver",30.00,"Male","L- Lorries Van","S- Driver's Negligence",1.00
8309,36148.00,"4- Demerara- Mahaica",,"Supply Public Rd.","East bank Demerara (from Georgetown)","-58.2008","6.6313",,,,,"C- Minor Injury","E- Pedestrian",34.00,"Male","N- Pickup","T-Pedestrian's Negligence",2.00
8310,36149.00,"4- Demerara- Mahaica",,"Land Of Canaan Public Rd.","East bank Demerara (from Georgetown)","-58.2066","6.6010",,,,,"C- Minor Injury","F- Driver",32.00,"Male","N- Pickup","S- Driver's Negligence",2.00
8311,36150.00,"4- Demerara- Mahaica",,"Land Of Canaan Public Rd.","East bank Demerara (from Georgetown)","-58.2066","6.6010",,,,,"B- Serious Injury","F- Driver",43.00,"Male","J- Minibus","O- Lost Control & Runoff",1.00
8312,36151.00,"4- Demerara- Mahaica",,"Kuru-kururu Public Road","East bank Demerara (from Georgetown)","-58.2040","6.5273",,,1/1/2011 0:00:00,,"D- Property Damage","F- Driver",61.00,"Male","M- Hire Cars;N- Pickup","S- Driver's Negligence",2.00
8313,36152.00,"4- Demerara- Mahaica",,"Land Of Canaan Public Rd.","East bank Demerara (from Georgetown)","-58.2066","6.6010",,,1/5/2011 0:00:00,,"C- Minor Injury","F- Driver",57.00,"Male","K- Private Cars","P- Speeding",2.00
8314,36153.00,"4- Demerara- Mahaica",,"Coverden Public Rd.","East bank Demerara (from Georgetown)","-58.2229","6.5699",,,1/9/2011 0:00:00,,"D- Property Damage","F- Driver",48.00,"Male","L- Lorries Van;N- Pickup","P- Speeding",2.00
8315,36154.00,"4- Demerara- Mahaica",,"Soesdyke Public Rd.","East bank Demerara (from Georgetown)","-58.2123","6.5003",,,1/10/2011 0:00:00,12/30/1899 0:10:00,"D- Property Damage","F- Driver",20.00,"Male","K- Private Cars;L- Lorries Van","S- Driver's Negligence",2.00
8316,36155.00,"4- Demerara- Mahaica",,"Land Of Canaan Public Rd.","East bank Demerara (from Georgetown)","-58.2066","6.6010",,,1/10/2011 0:00:00,12/30/1899 19:30:00,"D- Property Damage","F- Driver",43.00,"Male","J- Minibus;N- Pickup","S- Driver's Negligence",2.00
8317,36156.00,"4- Demerara- Mahaica",,"Land Of Canaan Public Rd.","East bank Demerara (from Georgetown)","-58.2066","6.6010",,,1/13/2011 0:00:00,,"D- Property Damage","F- Driver",31.00,"Male","K- Private Cars;M- Hire Cars","S- Driver's Negligence",2.00
8318,36157.00,"4- Demerara- Mahaica",,"Land Of Canaan Public Rd.","East bank Demerara (from Georgetown)","-58.2066","6.6010",,,1/16/2011 0:00:00,12/30/1899 21:20:00,"D- Property Damage","F- Driver",56.00,"Female","K- Private Cars","P- Speeding",2.00
8319,36158.00,"4- Demerara- Mahaica",,"Den Heuvel Public Rd.","East bank Demerara (from Georgetown)","-58.2324","6.3235",,,,,"D- Property Damage","F- Driver",43.00,"Male","K- Private Cars;M- Hire Cars","P- Speeding",2.00
8320,36159.00,"4- Demerara- Mahaica",,"Soesdyke Junction","East bank Demerara (from Georgetown)","-58.2123","6.5003",,,,,"C- Minor Injury","F- Driver",44.00,"Male","K- Private Cars","P- Speeding",2.00
8321,36160.00,"4- Demerara- Mahaica",,"Pearl Public Rd.","East bank Demerara (from Georgetown)","-58.2114","6.5896",,,,,"D- Property Damage","F- Driver",46.00,"Male","J- Minibus","O- Lost Control & Runoff",1.00
8322,36161.00,"4- Demerara- Mahaica",,"Pearl Public Rd.","East bank Demerara (from Georgetown)","-58.2114","6.5896",,,1/31/2011 0:00:00,12/30/1899 23:00:00,"A- Fatal","F- Driver",25.00,"Male","J- Minibus","S- Driver's Negligence",2.00
8323,36162.00,"4- Demerara- Mahaica",,"Soesdyke Public Rd.","East bank Demerara (from Georgetown)","-58.2123","6.5003",,,2/8/2011 0:00:00,12/30/1899 11:30:00,"D- Property Damage","F- Driver",35.00,"Male","M- Hire Cars;N- Pickup","S- Driver's Negligence",2.00
8324,36163.00,"4- Demerara- Mahaica",,"Land Of Canaan Public Rd.","East bank Demerara (from Georgetown)","-58.2066","6.6010",,,2/8/2011 0:00:00,12/30/1899 19:15:00,"B- Serious Injury","E- Pedestrian",12.00,"Male","L- Lorries Van","T-Pedestrian's Negligence",2.00
8325,36164.00,"4- Demerara- Mahaica",,"Soesdyke Junction","East bank Demerara (from Georgetown)","-58.2123","6.5003",,,2/10/2011 0:00:00,12/30/1899 1:15:00,"C- Minor Injury","F- Driver",27.00,"Male","K- Private Cars","S- Driver's Negligence",1.00
8326,36165.00,"4- Demerara- Mahaica",,"Coverden Public Rd.","East bank Demerara (from Georgetown)","-58.2229","6.5699",,,2/15/2011 0:00:00,12/30/1899 8:30:00,"B- Serious Injury","F- Driver",28.00,"Female","K- Private Cars","S- Driver's Negligence",2.00
8327,36166.00,"4- Demerara- Mahaica",,"Caledonia Public Rd.","East bank Demerara (from Georgetown)","-58.2164","6.5807",,,,,"C- Minor Injury","F- Driver",38.00,"Male","L- Lorries Van","S- Driver's Negligence",2.00
8328,36167.00,"4- Demerara- Mahaica",,"Brickery Public Rd.","East bank Demerara (from Georgetown)","-58.2001","6.8183",,,2/28/2011 0:00:00,12/30/1899 10:00:00,"D- Property Damage","F- Driver",41.00,"Male","L- Lorries Van","P- Speeding",2.00
8329,36168.00,"4- Demerara- Mahaica",,"Timehri Base Rd. & G.A.C. Old Rd.","East bank Demerara (from Georgetown)","-58.2536","6.5037",,,,,"A- Fatal","F- Driver",27.00,"Male","J- Minibus","S- Driver's Negligence",1.00
8330,36169.00,"4- Demerara- Mahaica",,"Supply Public Rd.","East bank Demerara (from Georgetown)","-58.2008","6.6313",,,,,"C- Minor Injury","F- Driver",52.00,"Female","L- Lorries Van","S- Driver's Negligence",2.00
8331,36170.00,"4- Demerara- Mahaica",,"Supply Public Rd.","East bank Demerara (from Georgetown)","-58.2008","6.6313",,,,,"D- Property Damage","F- Driver",37.00,"Male","K- Private Cars;M- Hire Cars","S- Driver's Negligence",2.00
8332,36171.00,"4- Demerara- Mahaica",,"Land Of Canaan Public Rd.","East bank Demerara (from Georgetown)","-58.2066","6.6010",,,3/1/2011 0:00:00,,"C- Minor Injury","F- Driver",34.00,"Male","K- Private Cars","S- Driver's Negligence",2.00
8333,36172.00,"4- Demerara- Mahaica",,"Soesdyke Junction","East bank Demerara (from Georgetown)","-58.2123","6.5003",,,,,"D- Property Damage","F- Driver",36.00,"Male","J- Minibus","S- Driver's Negligence",1.00
8334,36173.00,"4- Demerara- Mahaica",,"Supply Public Rd.","East bank Demerara (from Georgetown)","-58.2008","6.6313",,,,,"B- Serious Injury","F- Driver",30.00,"Male","J- Minibus","O- Lost Control & Runoff",4.00
8335,36174.00,"4- Demerara- Mahaica",,"Coverden Public Rd.","East bank Demerara (from Georgetown)","-58.2229","6.5699",,,,,"C- Minor Injury","F- Driver",60.00,"Male","J- Minibus","S- Driver's Negligence",2.00
8336,36175.00,"4- Demerara- Mahaica",,"Supply Public Rd.","East bank Demerara (from Georgetown)","-58.2008","6.6313",,,,,"D- Property Damage","F- Driver",25.00,"Male","M- Hire Cars","P- Speeding",1.00
8337,36176.00,"4- Demerara- Mahaica",,"Timehri Public Rd.","East bank Demerara (from Georgetown)","-58.2652","6.5145",,,,,"D- Property Damage","G- Rider",42.00,"Male","M- Hire Cars;V-Motor Cycle","U- Cyclist's Negligence",2.00
8338,36177.00,"4- Demerara- Mahaica",,"Timehri Public Rd.","East bank Demerara (from Georgetown)","-58.2652","6.5145",,,,,"D- Property Damage","F- Driver",41.00,"Male","K- Private Cars","S- Driver's Negligence",2.00
8339,36178.00,"4- Demerara- Mahaica",,"Coverden Public Rd.","East bank Demerara (from Georgetown)","-58.2229","6.5699",,,4/16/2011 0:00:00,,"D- Property Damage","F- Driver",33.00,"Male","L- Lorries Van","S- Driver's Negligence",1.00
8340,36179.00,"4- Demerara- Mahaica",,"Brickery Public Rd.","East bank Demerara (from Georgetown)","-58.2001","6.8183",,,,,"C- Minor Injury","F- Driver",53.00,"Male","L- Lorries Van","P- Speeding",4.00
8341,36180.00,"4- Demerara- Mahaica",,"Timehri Public Rd.","East bank Demerara (from Georgetown)","-58.2652","6.5145",,,4/15/2011 0:00:00,12/30/1899 3:00:00,"D- Property Damage","F- Driver",43.00,"Male","J- Minibus","P- Speeding",2.00
8342,36181.00,"4- Demerara- Mahaica",,"Land Of Canaan Public Rd.","East bank Demerara (from Georgetown)","-58.2066","6.6010",,,4/24/2011 0:00:00,,"D- Property Damage","F- Driver",54.00,"Male","K- Private Cars","Q- Alcohol",2.00
8343,36182.00,"4- Demerara- Mahaica",,"Supply Public Rd.","East bank Demerara (from Georgetown)","-58.2008","6.6313",,,,,"D- Property Damage","F- Driver",29.00,"Male","L- Lorries Van;N- Pickup","P- Speeding",3.00
8344,36183.00,"4- Demerara- Mahaica",,"Land Of Canaan Public Rd.","East bank Demerara (from Georgetown)","-58.2066","6.6010",,,,,"C- Minor Injury","F- Driver",44.00,"Male","L- Lorries Van;M- Hire Cars","R- Improper Overtaking",2.00
8345,36184.00,"4- Demerara- Mahaica",,"Land Of Canaan Public Rd.","East bank Demerara (from Georgetown)","-58.2066","6.6010",,,,,"C- Minor Injury","F- Driver",51.00,"Male","J- Minibus;L- Lorries Van","S- Driver's Negligence",2.00
8346,36185.00,"4- Demerara- Mahaica",,"Timehri Public Rd.","East bank Demerara (from Georgetown)","-58.2652","6.5145",,,,,"C- Minor Injury","F- Driver",38.00,"Male","K- Private Cars;M- Hire Cars","S- Driver's Negligence",2.00
8347,36186.00,"4- Demerara- Mahaica",,"Timehri Public Rd.","East bank Demerara (from Georgetown)","-58.2652","6.5145",,,,,"D- Property Damage","F- Driver",22.00,"Male","K- Private Cars;N- Pickup","P- Speeding",2.00
8348,36187.00,"4- Demerara- Mahaica",,"Soesdyke Public Rd.","East bank Demerara (from Georgetown)","-58.2123","6.5003",,,6/3/2011 0:00:00,,"B- Serious Injury","F- Driver",39.00,"Male","K- Private Cars","S- Driver's Negligence",2.00
8349,36188.00,"4- Demerara- Mahaica",,"Land Of Canaan Public Rd.","East bank Demerara (from Georgetown)","-58.2066","6.6010",,,,,"D- Property Damage","F- Driver",27.00,"Male","J- Minibus;K- Private Cars","S- Driver's Negligence",2.00
8350,36189.00,"4- Demerara- Mahaica",,"Pearl Public Rd.","East bank Demerara (from Georgetown)","-58.2114","6.5896",,,,,"B- Serious Injury","F- Driver",45.00,"Male","V-Motor Cycle;X-Tractor","P- Speeding",2.00
8351,36190.00,"4- Demerara- Mahaica",,"Coverden Public Rd.","East bank Demerara (from Georgetown)","-58.2229","6.5699",,,,,"D- Property Damage","F- Driver",24.00,"Male","K- Private Cars;N- Pickup","S- Driver's Negligence",2.00
8352,36191.00,"4- Demerara- Mahaica",,"Land Of Canaan Public Rd.","East bank Demerara (from Georgetown)","-58.2066","6.6010",,,,,"C- Minor Injury","F- Driver",30.00,"Male","J- Minibus","P- Speeding",2.00
8353,36192.00,"4- Demerara- Mahaica",,"Soesdyke Public Rd.","East bank Demerara (from Georgetown)","-58.2123","6.5003",,,,,"D- Property Damage","F- Driver",26.00,"Female","K- Private Cars;N- Pickup","S- Driver's Negligence",2.00
8354,36193.00,"4- Demerara- Mahaica",,"Timehri Public Rd.","East bank Demerara (from Georgetown)","-58.2652","6.5145",,,,,"D- Property Damage","F- Driver",28.00,"Male","J- Minibus;N- Pickup","S- Driver's Negligence",2.00
8355,36194.00,"4- Demerara- Mahaica",,"Soesdyke Public Rd.","East bank Demerara (from Georgetown)","-58.2123","6.5003",,,,,"D- Property Damage","F- Driver",34.00,"Male","J- Minibus;K- Private Cars","S- Driver's Negligence",2.00
8356,36195.00,"4- Demerara- Mahaica",,"Soesdyke Public Rd.","East bank Demerara (from Georgetown)","-58.2123","6.5003",,,,,"C- Minor Injury","F- Driver",37.00,"Male","N- Pickup","S- Driver's Negligence",1.00
8357,36196.00,"4- Demerara- Mahaica",,"Brickery Public Rd.","East bank Demerara (from Georgetown)","-58.2001","6.8183",,,,,"D- Property Damage","F- Driver",,"Male","J- Minibus;N- Pickup","P- Speeding",2.00
8358,36197.00,"4- Demerara- Mahaica",,"Second St. Prison Area","East bank Demerara (from Georgetown)","-58.2018","6.6306",,,,,"B- Serious Injury","F- Driver",24.00,"Male","L- Lorries Van;N- Pickup","S- Driver's Negligence",2.00
8359,36198.00,"4- Demerara- Mahaica",,"Soesdyke Public Rd.","East bank Demerara (from Georgetown)","-58.2123","6.5003",,,,,"D- Property Damage","F- Driver",36.00,"Male","K- Private Cars","S- Driver's Negligence",2.00
8360,36199.00,"4- Demerara- Mahaica",,"Soesdyke Public Rd.","East bank Demerara (from Georgetown)","-58.2123","6.5003",,,,,"C- Minor Injury","F- Driver",54.00,"Male","M- Hire Cars","S- Driver's Negligence",2.00
8361,36200.00,"4- Demerara- Mahaica",,"First Hill Soesdyke","East bank Demerara (from Georgetown)","-58.2072","6.5107",,,,,"D- Property Damage","F- Driver",30.00,"Male","M- Hire Cars","S- Driver's Negligence",1.00
8362,36201.00,"4- Demerara- Mahaica",,"Supply Public Rd.","East bank Demerara (from Georgetown)","-58.2008","6.6313",,,,,"D- Property Damage","F- Driver",43.00,"Male","L- Lorries Van;N- Pickup","S- Driver's Negligence",2.00
8363,36202.00,"4- Demerara- Mahaica",,"Supply Public Rd.","East bank Demerara (from Georgetown)","-58.2008","6.6313",,,9/1/2011 0:00:00,12/30/1899 11:00:00,"C- Minor Injury","F- Driver",58.00,"Male","L- Lorries Van","S- Driver's Negligence",2.00
8364,36203.00,"4- Demerara- Mahaica",,"Timehri Public Rd.","East bank Demerara (from Georgetown)","-58.2652","6.5145",,,9/6/2011 0:00:00,12/30/1899 12:30:00,"A- Fatal","F- Driver",36.00,"Male","K- Private Cars","S- Driver's Negligence",2.00
8365,36204.00,"4- Demerara- Mahaica",,"Coverden Public Rd.","East bank Demerara (from Georgetown)","-58.2229","6.5699",,,9/15/2011 0:00:00,12/30/1899 22:30:00,"D- Property Damage","F- Driver",27.00,"Male","M- Hire Cars","S- Driver's Negligence",2.00
8366,36205.00,"4- Demerara- Mahaica",,"Timehri Public Rd.","East bank Demerara (from Georgetown)","-58.2652","6.5145",,,9/16/2011 0:00:00,12/30/1899 11:50:00,"D- Property Damage","F- Driver",37.00,"Male","J- Minibus;L- Lorries Van","P- Speeding",2.00
8367,36206.00,"4- Demerara- Mahaica",,"Soesdyke Public Rd.","East bank Demerara (from Georgetown)","-58.2123","6.5003",,,10/11/2011 0:00:00,12/30/1899 13:30:00,"C- Minor Injury","F- Driver",39.00,"Male","K- Private Cars;W-Pedal Cycle","S- Driver's Negligence",2.00
8368,36207.00,"4- Demerara- Mahaica",,"Timehri Public Rd.","East bank Demerara (from Georgetown)","-58.2652","6.5145",,,10/23/2011 0:00:00,12/30/1899 4:00:00,"C- Minor Injury","F- Driver",33.00,"Male","M- Hire Cars;X-Tractor","S- Driver's Negligence",2.00
8369,36208.00,"4- Demerara- Mahaica",,"Coverden Public Rd.","East bank Demerara (from Georgetown)","-58.2229","6.5699",,,11/16/2011 0:00:00,,"D- Property Damage","F- Driver",,"Male","J- Minibus;L- Lorries Van","S- Driver's Negligence",2.00
8370,36209.00,"4- Demerara- Mahaica",,"Land Of Canaan Public Rd.","East bank Demerara (from Georgetown)","-58.2066","6.6010",,,11/21/2011 0:00:00,12/30/1899 13:25:00,"D- Property Damage","F- Driver",49.00,"Male","K- Private Cars;N- Pickup","S- Driver's Negligence",2.00
8371,36210.00,"4- Demerara- Mahaica",,"Supply Public Rd.","East bank Demerara (from Georgetown)","-58.2008","6.6313",,,11/25/2011 0:00:00,12/30/1899 14:15:00,"D- Property Damage","F- Driver",26.00,"Male","K- Private Cars","O- Lost Control & Runoff",1.00
8372,36211.00,"4- Demerara- Mahaica",,"Coverden Public Rd.","East bank Demerara (from Georgetown)","-58.2229","6.5699",,,12/3/2011 0:00:00,12/30/1899 4:00:00,"C- Minor Injury","F- Driver",28.00,"Male","J- Minibus","S- Driver's Negligence",1.00