"ID","Accident ID","Region Number","Corridor ID","Location (Intersection/Road/Street)","Corridor","Location- longitude/ X","Location- latitude/  Y","Mile Marker","Village","Date of Accident","Time of Accident","Type of Accident","Class of Road User","Age/DOB","Gender","Class of Vehicles Involved","Contributing Factor","Number of Persons Involved"
8373,36212.00,"4- Demerara- Mahaica",,"Coverden Public Rd.","East bank Demerara (from Georgetown)","-58.2229","6.5699",,,12/4/2011 0:00:00,12/30/1899 4:15:00,"C- Minor Injury","F- Driver",18.00,"Male","K- Private Cars","P- Speeding",2.00
8374,36213.00,"4- Demerara- Mahaica",,"Soesdyke Public Rd.","East bank Demerara (from Georgetown)","-58.2123","6.5003",,,12/16/2011 0:00:00,12/30/1899 21:00:00,"B- Serious Injury","F- Driver",21.00,"Male","K- Private Cars;N- Pickup","P- Speeding",2.00
8375,36214.00,"4- Demerara- Mahaica",,"Coverden Public Rd.","East bank Demerara (from Georgetown)","-58.2229","6.5699",,,1/1/2012 0:00:00,12/30/1899 6:15:00,"D- Property Damage","F- Driver",24.00,"Male","J- Minibus;K- Private Cars","P- Speeding",3.00
8376,36215.00,"4- Demerara- Mahaica",,"Timehri Public Rd.","East bank Demerara (from Georgetown)","-58.2652","6.5145",,,1/12/2012 0:00:00,12/30/1899 15:15:00,"C- Minor Injury","F- Driver",45.00,"Male","J- Minibus;K- Private Cars","S- Driver's Negligence",2.00
8377,36216.00,"4- Demerara- Mahaica",,"Timehri Public Rd.","East bank Demerara (from Georgetown)","-58.2652","6.5145",,,1/12/2012 0:00:00,12/30/1899 12:05:00,"B- Serious Injury","E- Pedestrian",15.00,"Male","N- Pickup","T-Pedestrian's Negligence",2.00
8378,36217.00,"4- Demerara- Mahaica",,"Brickery Public Rd.","East bank Demerara (from Georgetown)","-58.2001","6.8183",,,1/3/2012 0:00:00,12/30/1899 6:10:00,"B- Serious Injury","F- Driver",29.00,"Male","N- Pickup","P- Speeding",1.00
8379,36218.00,"4- Demerara- Mahaica",,"Supply Public Rd.","East bank Demerara (from Georgetown)","-58.2008","6.6313",,,,,"C- Minor Injury","F- Driver",27.00,"Male","L- Lorries Van","S- Driver's Negligence",1.00
8380,36219.00,"4- Demerara- Mahaica",,"Timehri Public Rd.","East bank Demerara (from Georgetown)","-58.2652","6.5145",,,1/28/2012 0:00:00,12/30/1899 20:30:00,"D- Property Damage","F- Driver",25.00,"Male","K- Private Cars","S- Driver's Negligence",2.00
8381,36220.00,"4- Demerara- Mahaica",,"Soesdyke Public Rd.","East bank Demerara (from Georgetown)","-58.2123","6.5003",,,1/28/2012 0:00:00,12/30/1899 22:00:00,"A- Fatal","F- Driver",34.00,"Male","L- Lorries Van;W-Pedal Cycle","S- Driver's Negligence",2.00
8382,36221.00,"4- Demerara- Mahaica",,"Soesdyke Public Rd.","East bank Demerara (from Georgetown)","-58.2123","6.5003",,,,,"C- Minor Injury","F- Driver",44.00,"Male","J- Minibus;L- Lorries Van;N- Pickup","P- Speeding",3.00
8383,36222.00,"4- Demerara- Mahaica",,"Coverden Public Rd.","East bank Demerara (from Georgetown)","-58.2229","6.5699",,,2/5/2012 0:00:00,12/30/1899 18:30:00,"D- Property Damage","F- Driver",26.00,"Male","M- Hire Cars","P- Speeding",1.00
8384,36223.00,"4- Demerara- Mahaica",,"Coverden Public Rd.","East bank Demerara (from Georgetown)","-58.2229","6.5699",,,2/8/2012 0:00:00,12/30/1899 9:30:00,"D- Property Damage","F- Driver",34.00,"Male","K- Private Cars;L- Lorries Van","S- Driver's Negligence",2.00
8385,36224.00,"4- Demerara- Mahaica",,"Soesdyke Public Rd.","East bank Demerara (from Georgetown)","-58.2123","6.5003",,,3/1/2012 0:00:00,12/30/1899 20:05:00,"D- Property Damage","F- Driver",21.00,"Male","K- Private Cars;L- Lorries Van","S- Driver's Negligence",2.00
8386,36225.00,"4- Demerara- Mahaica",,"Land Of Canaan Public Rd.","East bank Demerara (from Georgetown)","-58.2066","6.6010",,,3/3/2012 0:00:00,,"C- Minor Injury","E- Pedestrian",12.00,"Male","L- Lorries Van","T-Pedestrian's Negligence",2.00
8387,36226.00,"4- Demerara- Mahaica",,"Land Of Canaan Public Rd.","East bank Demerara (from Georgetown)","-58.2066","6.6010",,,3/4/2012 0:00:00,12/30/1899 19:20:00,"A- Fatal","F- Driver",23.00,"Male","K- Private Cars","S- Driver's Negligence",2.00
8388,36227.00,"4- Demerara- Mahaica",,"Supply Public Rd.","East bank Demerara (from Georgetown)","-58.2008","6.6313",,,4/5/2012 0:00:00,12/30/1899 17:50:00,"D- Property Damage","F- Driver",76.00,"Male","J- Minibus;K- Private Cars","S- Driver's Negligence",2.00
8389,36228.00,"4- Demerara- Mahaica",,"Supply Public Rd.","East bank Demerara (from Georgetown)","-58.2008","6.6313",,,,,"D- Property Damage","F- Driver",45.00,"Male","K- Private Cars;L- Lorries Van","S- Driver's Negligence",2.00
8390,36229.00,"4- Demerara- Mahaica",,"Land Of Canaan Public Rd.","East bank Demerara (from Georgetown)","-58.2066","6.6010",,,9/3/2012 0:00:00,12/30/1899 11:30:00,"C- Minor Injury","G- Rider",38.00,"Male","J- Minibus;W-Pedal Cycle","U- Cyclist's Negligence",2.00
8391,36230.00,"4- Demerara- Mahaica",,"Land Of Canaan Public Rd.","East bank Demerara (from Georgetown)","-58.2066","6.6010",,,3/23/2012 0:00:00,12/30/1899 14:30:00,"D- Property Damage","F- Driver",38.00,"Male","K- Private Cars;L- Lorries Van","P- Speeding",2.00
8392,36231.00,"4- Demerara- Mahaica",,"Den Heuvel Public Rd.","East bank Demerara (from Georgetown)","-58.2324","6.3235",,,3/24/2012 0:00:00,12/30/1899 6:05:00,"C- Minor Injury","F- Driver",26.00,"Male","J- Minibus;K- Private Cars","P- Speeding",2.00
8393,36232.00,"4- Demerara- Mahaica",,"Land Of Canaan Public Rd.","East bank Demerara (from Georgetown)","-58.2066","6.6010",,,3/31/2012 0:00:00,12/30/1899 9:15:00,"C- Minor Injury","F- Driver",28.00,"Male","L- Lorries Van;N- Pickup","S- Driver's Negligence",2.00
8394,36233.00,"4- Demerara- Mahaica",,"Coverden Public Rd.","East bank Demerara (from Georgetown)","-58.2229","6.5699",,,,,"D- Property Damage","F- Driver",32.00,"Male","L- Lorries Van","P- Speeding",1.00
8395,36234.00,"4- Demerara- Mahaica",,"Land Of Canaan Public Rd.","East bank Demerara (from Georgetown)","-58.2066","6.6010",,,,,"C- Minor Injury","F- Driver",28.00,"Male","K- Private Cars;W-Pedal Cycle","P- Speeding",2.00
8396,36235.00,"4- Demerara- Mahaica",,"Sarah Johanna Public Rd","East bank Demerara (from Georgetown)","-58.2065","6.5996",,,,,"D- Property Damage","F- Driver",34.00,"Male","M- Hire Cars","P- Speeding",2.00
8397,36236.00,"4- Demerara- Mahaica",,"Timehri Public Rd.","East bank Demerara (from Georgetown)","-58.2652","6.5145",,,4/10/2012 0:00:00,12/30/1899 13:24:00,"C- Minor Injury","F- Driver",58.00,"Female","J- Minibus;N- Pickup","S- Driver's Negligence",2.00
8398,36237.00,"4- Demerara- Mahaica",,"Timehri Public Rd.","East bank Demerara (from Georgetown)","-58.2652","6.5145",,,4/25/2012 0:00:00,12/30/1899 15:30:00,"D- Property Damage","F- Driver",29.00,"Male","K- Private Cars;L- Lorries Van","O- Lost Control & Runoff",2.00
8399,36238.00,"4- Demerara- Mahaica",,"Coverden Public Rd.","East bank Demerara (from Georgetown)","-58.2229","6.5699",,,4/27/2012 0:00:00,,"C- Minor Injury","F- Driver",,"Male","L- Lorries Van","P- Speeding",2.00
8400,36239.00,"4- Demerara- Mahaica",,"Sarah Johanna Public Rd","East bank Demerara (from Georgetown)","-58.2065","6.5996",,,4/5/2012 0:00:00,,"C- Minor Injury","F- Driver",52.00,"Male","J- Minibus;M- Hire Cars","P- Speeding",2.00
8401,36240.00,"4- Demerara- Mahaica",,"Soesdyke Public Rd.","East bank Demerara (from Georgetown)","-58.2123","6.5003",,,4/17/2012 0:00:00,,"D- Property Damage","F- Driver",35.00,"Male","K- Private Cars;L- Lorries Van","S- Driver's Negligence",2.00
8402,36241.00,"4- Demerara- Mahaica",,"Soesdyke Public Rd.","East bank Demerara (from Georgetown)","-58.2123","6.5003",,,4/13/2012 0:00:00,,"D- Property Damage","F- Driver",34.00,"Male","J- Minibus","S- Driver's Negligence",2.00
8403,36242.00,"4- Demerara- Mahaica",,"Coverden Public Rd.","East bank Demerara (from Georgetown)","-58.2229","6.5699",,,4/19/2012 0:00:00,12/30/1899 19:45:00,"D- Property Damage","F- Driver",30.00,"Male","J- Minibus;K- Private Cars","S- Driver's Negligence",2.00
8404,36243.00,"4- Demerara- Mahaica",,"Timehri Public Rd.","East bank Demerara (from Georgetown)","-58.2652","6.5145",,,5/26/2012 0:00:00,12/30/1899 3:30:00,"C- Minor Injury","F- Driver",25.00,"Male","M- Hire Cars;N- Pickup","P- Speeding",2.00
8405,36244.00,"4- Demerara- Mahaica",,"Supply Public Rd.","East bank Demerara (from Georgetown)","-58.2008","6.6313",,,5/25/2012 0:00:00,,"C- Minor Injury","F- Driver",41.00,"Female","K- Private Cars;N- Pickup","S- Driver's Negligence",2.00
8406,36245.00,"4- Demerara- Mahaica",,"Soesdyke Public Rd.","East bank Demerara (from Georgetown)","-58.2123","6.5003",,,,,"C- Minor Injury","F- Driver",49.00,"Female","N- Pickup","S- Driver's Negligence",2.00
8407,36246.00,"4- Demerara- Mahaica",,"Soesdyke Public Rd.","East bank Demerara (from Georgetown)","-58.2123","6.5003",,,5/26/2012 0:00:00,12/30/1899 23:00:00,"D- Property Damage","F- Driver",40.00,"Male","J- Minibus;N- Pickup","S- Driver's Negligence",2.00
8408,36247.00,"4- Demerara- Mahaica",,"Coverden Public Rd.","East bank Demerara (from Georgetown)","-58.2229","6.5699",,,5/26/2012 0:00:00,,"B- Serious Injury","F- Driver",34.00,"Male","J- Minibus","S- Driver's Negligence",2.00
8409,36248.00,"4- Demerara- Mahaica",,"Land Of Canaan Public Rd.","East bank Demerara (from Georgetown)","-58.2066","6.6010",,,1/19/2012 0:00:00,,"D- Property Damage","F- Driver",,"Male","K- Private Cars","S- Driver's Negligence",1.00
8410,36249.00,"4- Demerara- Mahaica",,"Brickery Public Rd.","East bank Demerara (from Georgetown)","-58.2001","6.8183",,,6/2/2012 0:00:00,,"B- Serious Injury","F- Driver",65.00,"Male","N- Pickup","S- Driver's Negligence",2.00
8411,36250.00,"4- Demerara- Mahaica",,"Timehri Public Rd.","East bank Demerara (from Georgetown)","-58.2652","6.5145",,,6/12/2012 0:00:00,,"B- Serious Injury","F- Driver",25.00,"Male","K- Private Cars","S- Driver's Negligence",2.00
8412,36563.00,"4- Demerara- Mahaica",,"Regent & Albert St.",,"-58.1538","6.8084",,"Georgetown",6/29/2002 0:00:00,12/30/1899 19:30:00,"C- Minor Injury","G- Rider",22.00,"Male","K- Private Cars;V-Motor Cycle","U- Cyclist's Negligence",2.00
8413,36564.00,"4- Demerara- Mahaica",,"Middle & Waterloo St.",,"-58.1611","6.8159",,"Georgetown",6/30/2002 0:00:00,12/30/1899 3:10:00,"D- Property Damage","F- Driver",43.00,"Male","K- Private Cars","S- Driver's Negligence",2.00
8414,36565.00,"4- Demerara- Mahaica",,"Cornhill St.",,"-58.1574","6.8046",,"Georgetown",6/30/2002 0:00:00,12/30/1899 2:30:00,"D- Property Damage","F- Driver",48.00,"Male","J- Minibus;K- Private Cars","S- Driver's Negligence",2.00
8415,36566.00,"4- Demerara- Mahaica",,"Middle St.",,"-58.1596","6.8155",,"Georgetown",6/28/2002 0:00:00,12/30/1899 13:45:00,"D- Property Damage","F- Driver",,"Female","K- Private Cars;L- Lorries Van","S- Driver's Negligence",2.00
8416,36567.00,"4- Demerara- Mahaica",,"Regent & Wellington St.",,"-58.1624","6.8107",,"Georgetown",7/1/2002 0:00:00,12/30/1899 9:10:00,"C- Minor Injury","G- Rider",47.00,"Male","V-Motor Cycle","U- Cyclist's Negligence",2.00
8417,36568.00,"4- Demerara- Mahaica",,"Ave. Of The Republic",,"-58.1651","6.8117",,"Georgetown",7/10/2002 0:00:00,12/30/1899 9:45:00,"D- Property Damage","F- Driver",67.00,"Male","J- Minibus;K- Private Cars","S- Driver's Negligence",2.00
8418,36569.00,"4- Demerara- Mahaica",,"Vlissengen & Regent St.",,"-58.1488","6.8070",,"Georgetown",7/2/2002 0:00:00,12/30/1899 11:45:00,"D- Property Damage","F- Driver",23.00,"Male","M- Hire Cars;W-Pedal Cycle","S- Driver's Negligence",2.00
8419,36570.00,"4- Demerara- Mahaica",,"Main & New Market St.",,"-58.1638","6.8183",,"Georgetown",7/2/2002 0:00:00,12/30/1899 15:30:00,"D- Property Damage","F- Driver",27.00,"Male","J- Minibus","S- Driver's Negligence",2.00
8420,36571.00,"4- Demerara- Mahaica",,"Carmichael St.",,"-58.1629","6.8159",,"Georgetown",7/2/2002 0:00:00,12/30/1899 15:45:00,"D- Property Damage","F- Driver",26.00,"Male","K- Private Cars;L- Lorries Van","S- Driver's Negligence",2.00
8421,36572.00,"4- Demerara- Mahaica",,"North Rd. & New Garden St.",,"-58.1505","6.8091",,"Georgetown",7/3/2002 0:00:00,12/30/1899 11:30:00,"C- Minor Injury","F- Driver",40.00,"Female","K- Private Cars","S- Driver's Negligence",2.00
8422,36573.00,"4- Demerara- Mahaica",,"Regent & Albert St.",,"-58.1538","6.8084",,"Georgetown",7/4/2002 0:00:00,12/30/1899 8:00:00,"D- Property Damage","F- Driver",,"Female","K- Private Cars;V-Motor Cycle","P- Speeding",2.00
8423,36574.00,"4- Demerara- Mahaica",,"Norton & Vlissengen Rd.",,"-58.1479","6.8084",,"Georgetown",7/4/2002 0:00:00,12/30/1899 11:00:00,"C- Minor Injury","F- Driver",,"Male","K- Private Cars;M- Hire Cars","S- Driver's Negligence",2.00
8424,36575.00,"4- Demerara- Mahaica",,"Durban St.",,"-58.1526","6.8028",,"Georgetown",7/2/2002 0:00:00,12/30/1899 13:30:00,"D- Property Damage","F- Driver",30.00,"Male","J- Minibus","S- Driver's Negligence",2.00
8425,36576.00,"4- Demerara- Mahaica",,"Vlissengen Rd.",,"-58.1474","6.8108",,"Georgetown",7/2/2002 0:00:00,12/30/1899 1:45:00,"C- Minor Injury","F- Driver",46.00,"Male","M- Hire Cars","S- Driver's Negligence",2.00
8426,36577.00,"4- Demerara- Mahaica",,"Church & Camp St.",,"-58.1601","6.8122",,"Georgetown",6/29/2002 0:00:00,12/30/1899 7:30:00,"D- Property Damage","F- Driver",48.00,"Male","M- Hire Cars;N- Pickup","S- Driver's Negligence",2.00
8427,36578.00,"4- Demerara- Mahaica",,"Main & Lamaha St.",,"-58.1633","6.8199",,"Georgetown",7/6/2002 0:00:00,12/30/1899 9:15:00,"C- Minor Injury","F- Driver",57.00,"Male","L- Lorries Van;V-Motor Cycle","S- Driver's Negligence",2.00
8428,36579.00,"4- Demerara- Mahaica",,"Ave. Of The Republic",,"-58.1651","6.8117",,"Georgetown",7/5/2002 0:00:00,12/30/1899 9:45:00,"C- Minor Injury","F- Driver",,"Male","J- Minibus","S- Driver's Negligence",2.00
8429,36580.00,"4- Demerara- Mahaica",,"Princess & Lombard St.",,"-58.1678","6.8049",,"Georgetown",7/6/2002 0:00:00,12/30/1899 11:25:00,"D- Property Damage","F- Driver",24.00,"Male","J- Minibus;K- Private Cars","P- Speeding",2.00
8430,36581.00,"4- Demerara- Mahaica",,"Hadfield St.",,"-58.1650","6.8079",,"Georgetown",7/6/2002 0:00:00,12/30/1899 15:00:00,"D- Property Damage","F- Driver",39.00,"Female","J- Minibus;K- Private Cars","S- Driver's Negligence",2.00
8431,36582.00,"4- Demerara- Mahaica",,"Lamaha & Camp St.",,"-58.1584","6.8186",,"Georgetown",7/7/2002 0:00:00,12/30/1899 17:30:00,"B- Serious Injury","F- Driver",43.00,"Male","J- Minibus;K- Private Cars","P- Speeding",2.00
8432,36583.00,"4- Demerara- Mahaica",,"Ave. Of The Republic",,"-58.1651","6.8117",,"Georgetown",7/8/2002 0:00:00,12/30/1899 10:15:00,"D- Property Damage","F- Driver",67.00,"Male","J- Minibus;K- Private Cars","P- Speeding",2.00
8433,36584.00,"4- Demerara- Mahaica",,"Bourda St.",,"-58.1585","6.8095",,"Georgetown",7/7/2002 0:00:00,12/30/1899 13:30:00,"C- Minor Injury","F- Driver",29.00,"Male","N- Pickup;V-Motor Cycle","S- Driver's Negligence",2.00
8434,36585.00,"4- Demerara- Mahaica",,"North Rd. & Wellington St.",,"-58.1621","6.8122",,"Georgetown",7/9/2002 0:00:00,12/30/1899 10:45:00,"D- Property Damage","F- Driver",29.00,"Male","K- Private Cars;N- Pickup","S- Driver's Negligence",3.00
8435,36586.00,"4- Demerara- Mahaica",,"Lombard St.",,"-58.1675","6.8071",,"Georgetown",7/9/2002 0:00:00,12/30/1899 10:50:00,"D- Property Damage","F- Driver",32.00,"Male","K- Private Cars;V-Motor Cycle","S- Driver's Negligence",2.00
8436,36587.00,"4- Demerara- Mahaica",,"Durban & Haley",,"-58.1522","6.8027",,"Georgetown",5/10/2002 0:00:00,12/30/1899 17:15:00,"C- Minor Injury","F- Driver",42.00,"Male","M- Hire Cars","S- Driver's Negligence",2.00
8437,36588.00,"4- Demerara- Mahaica",,"Camp & Church St.",,"-58.1601","6.8122",,"Georgetown",7/10/2002 0:00:00,12/30/1899 5:50:00,"C- Minor Injury","F- Driver",40.00,"Male","M- Hire Cars","S- Driver's Negligence",2.00
8438,36589.00,"4- Demerara- Mahaica",,"Robb & Albert St.",,"-58.1535","6.8092",,"Georgetown",7/11/2002 0:00:00,12/30/1899 7:30:00,"B- Serious Injury","G- Rider",46.00,"Male","K- Private Cars;V-Motor Cycle","U- Cyclist's Negligence",2.00
8439,36590.00,"4- Demerara- Mahaica",,"Croal St.",,"-58.1581","6.8076",,"Georgetown",7/11/2002 0:00:00,12/30/1899 12:40:00,"C- Minor Injury","F- Driver",30.00,"Male","M- Hire Cars;V-Motor Cycle","S- Driver's Negligence",2.00
8440,36591.00,"4- Demerara- Mahaica",,"Albert & Woolford Ave.",,"-58.1512","6.8178",,"Georgetown",7/11/2002 0:00:00,12/30/1899 15:45:00,"D- Property Damage","F- Driver",24.00,"Female","K- Private Cars;M- Hire Cars","S- Driver's Negligence",2.00
8441,36592.00,"4- Demerara- Mahaica",,"Camp St.",,"-58.1600","6.8137",,"Georgetown",7/11/2002 0:00:00,12/30/1899 18:30:00,"D- Property Damage","F- Driver",,"Male","K- Private Cars;W-Pedal Cycle","S- Driver's Negligence",2.00
8442,36593.00,"4- Demerara- Mahaica",,"Ave. Of The Republic & Brickdam",,"-58.1660","6.8089",,"Georgetown",7/13/2002 0:00:00,12/30/1899 3:10:00,"B- Serious Injury","F- Driver",23.00,"Male","K- Private Cars;W-Pedal Cycle","S- Driver's Negligence",2.00
8443,36594.00,"4- Demerara- Mahaica",,"Regent St.",,"-58.1604","6.8102",,"Georgetown",7/13/2002 0:00:00,12/30/1899 19:30:00,"B- Serious Injury","G- Rider",77.00,"Male","V-Motor Cycle","U- Cyclist's Negligence",2.00
8444,36595.00,"4- Demerara- Mahaica",,"Church St.",,"-58.1574","6.8114",,"Georgetown",7/14/2002 0:00:00,12/30/1899 0:05:00,"D- Property Damage","F- Driver",28.00,"Male","K- Private Cars;N- Pickup","P- Speeding",2.00
8445,36596.00,"4- Demerara- Mahaica",,"Durban St.",,"-58.1526","6.8028",,"Georgetown",7/15/2002 0:00:00,12/30/1899 0:30:00,"D- Property Damage","F- Driver",24.00,"Male","K- Private Cars;M- Hire Cars","S- Driver's Negligence",2.00
8446,36597.00,"4- Demerara- Mahaica",,"Middle & East St.",,"-58.1560","6.8145",,"Georgetown",7/15/2002 0:00:00,12/30/1899 0:40:00,"C- Minor Injury","F- Driver",35.00,"Female","K- Private Cars;M- Hire Cars","S- Driver's Negligence",2.00
8447,36598.00,"4- Demerara- Mahaica",,"Camp & Church St.",,"-58.1601","6.8122",,"Georgetown",7/16/2002 0:00:00,12/30/1899 15:00:00,"D- Property Damage","F- Driver",46.00,"Male","K- Private Cars","S- Driver's Negligence",2.00
8448,36599.00,"4- Demerara- Mahaica",,"Regent & Albert St.",,"-58.1538","6.8084",,"Georgetown",7/17/2002 0:00:00,12/30/1899 7:21:00,"D- Property Damage","F- Driver",38.00,"Male","K- Private Cars;N- Pickup","S- Driver's Negligence",2.00
8449,36600.00,"4- Demerara- Mahaica",,"Croal St.",,"-58.1581","6.8076",,"Georgetown",7/19/2002 0:00:00,12/30/1899 11:05:00,"D- Property Damage","F- Driver",45.00,"Male","K- Private Cars;M- Hire Cars","P- Speeding",2.00
8450,36601.00,"4- Demerara- Mahaica",,"Camp Rd. & Woolford Ave.",,"-58.1581","6.8198",,"Georgetown",7/18/2002 0:00:00,12/30/1899 22:00:00,"D- Property Damage","F- Driver",63.00,"Male","J- Minibus;K- Private Cars","P- Speeding",2.00
8451,36602.00,"4- Demerara- Mahaica",,"Camp & Robb St.",,"-58.1606","6.8111",,"Georgetown",7/19/2002 0:00:00,12/30/1899 17:30:00,"C- Minor Injury","F- Driver",34.00,"Female","K- Private Cars;N- Pickup","S- Driver's Negligence",2.00
8452,36603.00,"4- Demerara- Mahaica",,"Hadfield St.",,"-58.1650","6.8079",,"Georgetown",7/20/2002 0:00:00,12/30/1899 15:00:00,"D- Property Damage","F- Driver",27.00,"Male","K- Private Cars;L- Lorries Van","S- Driver's Negligence",2.00
8453,36604.00,"4- Demerara- Mahaica",,"Smyth & Brickdam",,"-58.1643","6.8048",,"Georgetown",7/22/2002 0:00:00,12/30/1899 16:00:00,"C- Minor Injury","F- Driver",22.00,"Male","K- Private Cars;V-Motor Cycle","S- Driver's Negligence",2.00
8454,36605.00,"4- Demerara- Mahaica",,"Camp St.",,"-58.1600","6.8137",,"Georgetown",7/19/2002 0:00:00,12/30/1899 18:03:00,"D- Property Damage","F- Driver",30.00,"Male","J- Minibus","P- Speeding",1.00
8455,36606.00,"4- Demerara- Mahaica",,"Camp St.",,"-58.1600","6.8137",,"Georgetown",7/23/2002 0:00:00,12/30/1899 21:30:00,"D- Property Damage","F- Driver",,"Male","J- Minibus;L- Lorries Van","S- Driver's Negligence",3.00
8456,36607.00,"4- Demerara- Mahaica",,"Durban St.",,"-58.1526","6.8028",,"Georgetown",7/19/2002 0:00:00,12/30/1899 0:40:00,"D- Property Damage","F- Driver",49.00,"Male","M- Hire Cars","P- Speeding",1.00
8457,36608.00,"4- Demerara- Mahaica",,"Lamaha & Albert St.",,"-58.1515","6.8167",,"Georgetown",7/24/2002 0:00:00,12/30/1899 9:40:00,"C- Minor Injury","F- Driver",60.00,"Female","K- Private Cars","S- Driver's Negligence",2.00
8458,36609.00,"4- Demerara- Mahaica",,"Main St.",,"-58.1276","6.8221",,"Georgetown",7/24/2002 0:00:00,12/30/1899 11:30:00,"C- Minor Injury","F- Driver",32.00,"Male","J- Minibus;K- Private Cars","S- Driver's Negligence",4.00
8459,36610.00,"4- Demerara- Mahaica",,"Durban St.",,"-58.1526","6.8028",,"Georgetown",7/22/2002 0:00:00,12/30/1899 14:45:00,"C- Minor Injury","F- Driver",,"Male","K- Private Cars;V-Motor Cycle","S- Driver's Negligence",2.00
8460,36611.00,"4- Demerara- Mahaica",,"Ave. Of The Republic",,"-58.1651","6.8117",,"Georgetown",7/25/2002 0:00:00,12/30/1899 15:55:00,"D- Property Damage","F- Driver",31.00,"Male","K- Private Cars;M- Hire Cars","S- Driver's Negligence",2.00
8461,36612.00,"4- Demerara- Mahaica",,"Hadfield St.",,"-58.1650","6.8079",,"Georgetown",7/25/2002 0:00:00,12/30/1899 17:30:00,"D- Property Damage","F- Driver",66.00,"Male","J- Minibus","S- Driver's Negligence",2.00
8462,36613.00,"4- Demerara- Mahaica",,"Main & Middle St.",,"-58.1642","6.8167",,"Georgetown",7/10/2002 0:00:00,12/30/1899 13:15:00,"C- Minor Injury","F- Driver",28.00,"Male","J- Minibus;V-Motor Cycle","S- Driver's Negligence",2.00
8463,36614.00,"4- Demerara- Mahaica",,"Durban & Bishop St.",,"-58.1592","6.8046",,"Georgetown",7/6/2002 0:00:00,12/30/1899 11:30:00,"B- Serious Injury","G- Rider",34.00,"Male","V-Motor Cycle","U- Cyclist's Negligence",2.00
8464,36615.00,"4- Demerara- Mahaica",,"Longden & Croal St.",,"-58.1668","6.8100",,"Georgetown",7/18/2002 0:00:00,12/30/1899 18:50:00,"D- Property Damage","F- Driver",44.00,"Male","J- Minibus","S- Driver's Negligence",1.00
8465,36616.00,"4- Demerara- Mahaica",,"Main & Lamaha St.",,"-58.1633","6.8199",,"Georgetown",7/24/2002 0:00:00,12/30/1899 13:00:00,"D- Property Damage","F- Driver",33.00,"Male","K- Private Cars;M- Hire Cars","S- Driver's Negligence",2.00
8466,36617.00,"4- Demerara- Mahaica",,"Ave. Of The Republic & Croal St.",,"-58.1658","6.8097",,"Georgetown",7/26/2002 0:00:00,12/30/1899 16:00:00,"D- Property Damage","F- Driver",44.00,"Male","J- Minibus;N- Pickup","S- Driver's Negligence",2.00
8467,36618.00,"4- Demerara- Mahaica",,"North Rd. & Camp St.",,"-58.1604","6.8118",,"Georgetown",7/26/2002 0:00:00,12/30/1899 16:00:00,"D- Property Damage","F- Driver",22.00,"Female","K- Private Cars;L- Lorries Van","S- Driver's Negligence",2.00
8468,36619.00,"4- Demerara- Mahaica",,"Ave. Of The Republic",,"-58.1651","6.8117",,"Georgetown",7/22/2002 0:00:00,12/30/1899 12:15:00,"D- Property Damage","F- Driver",52.00,"Male","J- Minibus;M- Hire Cars","S- Driver's Negligence",2.00
8469,36620.00,"4- Demerara- Mahaica",,"Brickdam & Austin Pl.",,"-58.1593","6.8072",,"Georgetown",7/25/2002 0:00:00,12/30/1899 16:00:00,"C- Minor Injury","F- Driver",,"Male","K- Private Cars;V-Motor Cycle","S- Driver's Negligence",2.00
8470,36621.00,"4- Demerara- Mahaica",,"Croal St.",,"-58.1581","6.8076",,"Georgetown",7/26/2002 0:00:00,12/30/1899 20:37:00,"D- Property Damage","F- Driver",38.00,"Male","K- Private Cars;M- Hire Cars","S- Driver's Negligence",2.00
8471,36622.00,"4- Demerara- Mahaica",,"Croal St.",,"-58.1581","6.8076",,"Georgetown",7/27/2002 0:00:00,12/30/1899 16:45:00,"D- Property Damage","F- Driver",20.00,"Male","J- Minibus;K- Private Cars","S- Driver's Negligence",2.00
8472,36623.00,"4- Demerara- Mahaica",,"Main & Middle St.",,"-58.1642","6.8167",,"Georgetown",7/27/2002 0:00:00,12/30/1899 17:30:00,"D- Property Damage","F- Driver",29.00,"Male","J- Minibus;K- Private Cars","S- Driver's Negligence",2.00
8473,36624.00,"4- Demerara- Mahaica",,"Albert & Church St.",,"-58.1532","6.8104",,"Georgetown",7/28/2002 0:00:00,12/30/1899 14:45:00,"C- Minor Injury","G- Rider",27.00,"Male","M- Hire Cars;V-Motor Cycle","U- Cyclist's Negligence",2.00
8474,36625.00,"4- Demerara- Mahaica",,"Camp St.",,"-58.1600","6.8137",,"Georgetown",7/20/2002 0:00:00,12/30/1899 20:00:00,"C- Minor Injury","F- Driver",,,"K- Private Cars","T-Pedestrian's Negligence",2.00
8475,36626.00,"4- Demerara- Mahaica",,"Fourth & Light St.",,"-58.1540","6.8132",,"Georgetown",7/30/2002 0:00:00,12/30/1899 12:00:00,"B- Serious Injury","F- Driver",26.00,"Male","K- Private Cars;V-Motor Cycle","S- Driver's Negligence",2.00
8476,36627.00,"4- Demerara- Mahaica",,"North Rd. & New Garden St.",,"-58.1505","6.8091",,"Georgetown",7/30/2002 0:00:00,12/30/1899 13:45:00,"C- Minor Injury","F- Driver",54.00,"Female","K- Private Cars","S- Driver's Negligence",2.00
8477,36628.00,"4- Demerara- Mahaica",,"Ave. Of The Republic",,"-58.1651","6.8117",,"Georgetown",7/30/2002 0:00:00,12/30/1899 9:45:00,"D- Property Damage","F- Driver",60.00,"Male","K- Private Cars;L- Lorries Van","S- Driver's Negligence",2.00