"ID","Accident ID","Region Number","Corridor ID","Location (Intersection/Road/Street)","Corridor","Location- longitude/ X","Location- latitude/  Y","Mile Marker","Village","Date of Accident","Time of Accident","Type of Accident","Class of Road User","Age/DOB","Gender","Class of Vehicles Involved","Contributing Factor","Number of Persons Involved"
8478,36629.00,"4- Demerara- Mahaica",,"Ave. Of The Republic",,"-58.1651","6.8117",,"Georgetown",7/30/2002 0:00:00,12/30/1899 14:00:00,"D- Property Damage","F- Driver",,"Male","J- Minibus;K- Private Cars","P- Speeding",2.00
8479,36630.00,"4- Demerara- Mahaica",,"Lombard St.",,"-58.1675","6.8071",,"Georgetown",7/31/2002 0:00:00,12/30/1899 12:45:00,"D- Property Damage","F- Driver",44.00,"Male","J- Minibus;K- Private Cars","S- Driver's Negligence",2.00
8480,36631.00,"4- Demerara- Mahaica",,"Smyth St.",,"-58.1643","6.8048",,"Georgetown",7/31/2002 0:00:00,12/30/1899 18:20:00,"D- Property Damage","F- Driver",43.00,"Male","J- Minibus;M- Hire Cars","S- Driver's Negligence",2.00
8481,36632.00,"4- Demerara- Mahaica",,"Lamaha St.",,"-58.1564","6.8181",,"Georgetown",8/1/2002 0:00:00,12/30/1899 18:30:00,"C- Minor Injury","F- Driver",,"Male","K- Private Cars;V-Motor Cycle","S- Driver's Negligence",2.00
8482,36633.00,"4- Demerara- Mahaica",,"Louisa Row",,"-58.1575","6.8045",,"Georgetown",8/2/2002 0:00:00,12/30/1899 1:15:00,"D- Property Damage","G- Rider",30.00,"Male","K- Private Cars;V-Motor Cycle","U- Cyclist's Negligence",2.00
8483,36634.00,"4- Demerara- Mahaica",,"Brickdam & Water St.",,"-58.1675","6.8093",,"Georgetown",8/3/2002 0:00:00,12/30/1899 17:50:00,"B- Serious Injury","F- Driver",61.00,"Female","J- Minibus","S- Driver's Negligence",2.00
8484,36635.00,"4- Demerara- Mahaica",,"Camp & Croal St.",,"-58.1613","6.8084",,"Georgetown",8/4/2002 0:00:00,12/30/1899 8:30:00,"C- Minor Injury","F- Driver",37.00,"Male","J- Minibus;K- Private Cars","S- Driver's Negligence",2.00
8485,36636.00,"4- Demerara- Mahaica",,"Camp & Croal St.",,"-58.1613","6.8084",,"Georgetown",8/4/2002 0:00:00,12/30/1899 10:20:00,"D- Property Damage","F- Driver",22.00,"Male","K- Private Cars","S- Driver's Negligence",1.00
8486,36637.00,"4- Demerara- Mahaica",,"Brickdam St.",,"-58.1552","6.8061",,"Georgetown",8/3/2002 0:00:00,12/30/1899 15:20:00,"C- Minor Injury","F- Driver",,"Male","K- Private Cars","P- Speeding",2.00
8487,36638.00,"4- Demerara- Mahaica",,"Brickdam Ferry Stelling",,"-58.1682","6.8091",,"Georgetown",8/4/2002 0:00:00,12/30/1899 14:20:00,"B- Serious Injury","F- Driver",23.00,"Male","J- Minibus","S- Driver's Negligence",2.00
8488,36639.00,"4- Demerara- Mahaica",,"Camp & Croal St.",,"-58.1613","6.8084",,"Georgetown",8/5/2002 0:00:00,12/30/1899 14:30:00,"D- Property Damage","F- Driver",38.00,"Male","K- Private Cars","S- Driver's Negligence",2.00
8489,36640.00,"4- Demerara- Mahaica",,"Vlissengen Rd.",,"-58.1474","6.8108",,"Georgetown",8/5/2002 0:00:00,12/30/1899 15:10:00,"D- Property Damage","F- Driver",34.00,"Male","K- Private Cars;M- Hire Cars","S- Driver's Negligence",2.00
8490,36641.00,"4- Demerara- Mahaica",,"Cornhill St.",,"-58.1574","6.8046",,"Georgetown",7/29/2002 0:00:00,12/30/1899 9:45:00,"D- Property Damage","F- Driver",31.00,"Male","M- Hire Cars","S- Driver's Negligence",1.00
8491,36642.00,"4- Demerara- Mahaica",,"Brickdam St.",,"-58.1552","6.8061",,"Georgetown",7/29/2002 0:00:00,12/30/1899 10:30:00,"C- Minor Injury","F- Driver",26.00,"Male","K- Private Cars","S- Driver's Negligence",2.00
8492,36643.00,"4- Demerara- Mahaica",,"Longden & Croal St.",,"-58.1668","6.8100",,"Georgetown",7/23/2002 0:00:00,12/30/1899 23:00:00,"C- Minor Injury","F- Driver",44.00,"Female","J- Minibus","S- Driver's Negligence",2.00
8493,36644.00,"4- Demerara- Mahaica",,"Lamaha St.",,"-58.1564","6.8181",,"Georgetown",8/7/2002 0:00:00,12/30/1899 8:45:00,"D- Property Damage","F- Driver",27.00,"Female","J- Minibus;K- Private Cars","S- Driver's Negligence",2.00
8494,36645.00,"4- Demerara- Mahaica",,"Croal St.",,"-58.1581","6.8076",,"Georgetown",8/6/2002 0:00:00,12/30/1899 15:10:00,"D- Property Damage","F- Driver",41.00,"Male","J- Minibus;K- Private Cars","S- Driver's Negligence",2.00
8495,36646.00,"4- Demerara- Mahaica",,"Louisa Row & Durban St.",,"-58.1575","6.8041",,"Georgetown",8/8/2002 0:00:00,12/30/1899 8:00:00,"D- Property Damage","F- Driver",57.00,"Male","K- Private Cars","S- Driver's Negligence",2.00
8496,36647.00,"4- Demerara- Mahaica",,"Lamaha & Parade St.",,"-58.1608","6.8192",,"Georgetown",8/3/2002 0:00:00,12/30/1899 9:30:00,"D- Property Damage","F- Driver",58.00,"Male","J- Minibus;K- Private Cars","P- Speeding",2.00
8497,36648.00,"4- Demerara- Mahaica",,"Regent & Albert St.",,"-58.1538","6.8084",,"Georgetown",8/9/2002 0:00:00,12/30/1899 1:30:00,"D- Property Damage","F- Driver",30.00,"Male","K- Private Cars;M- Hire Cars","S- Driver's Negligence",2.00
8498,36649.00,"4- Demerara- Mahaica",,"Middle & Carmichael St.",,"-58.1628","6.8163",,"Georgetown",8/9/2002 0:00:00,12/30/1899 11:30:00,"D- Property Damage","F- Driver",27.00,"Male","K- Private Cars","S- Driver's Negligence",2.00
8499,36650.00,"4- Demerara- Mahaica",,"Croal St.",,"-58.1581","6.8076",,"Georgetown",8/9/2002 0:00:00,12/30/1899 10:30:00,"B- Serious Injury","F- Driver",60.00,"Male","J- Minibus","S- Driver's Negligence",2.00
8500,36651.00,"4- Demerara- Mahaica",,"Brickdam & Louisa Row",,"-58.1504","6.8004",,"Georgetown",8/9/2002 0:00:00,12/30/1899 10:40:00,"D- Property Damage","F- Driver",31.00,"Male","J- Minibus;K- Private Cars","S- Driver's Negligence",2.00
8501,36652.00,"4- Demerara- Mahaica",,"North Rd. & New Garden St.",,"-58.1604","6.8091",,"Georgetown",8/9/2002 0:00:00,12/30/1899 11:10:00,"D- Property Damage","F- Driver",37.00,"Male","K- Private Cars","S- Driver's Negligence",2.00
8502,36653.00,"4- Demerara- Mahaica",,"Camp & New Market St.",,"-58.1591","6.8170",,"Georgetown",8/9/2002 0:00:00,12/30/1899 4:10:00,"B- Serious Injury","F- Driver",26.00,"Male","M- Hire Cars;V-Motor Cycle","S- Driver's Negligence",2.00
8503,36654.00,"4- Demerara- Mahaica",,"Ave. Of The Republic",,"-58.1651","6.8117",,"Georgetown",8/10/2002 0:00:00,12/30/1899 8:15:00,"B- Serious Injury","F- Driver",56.00,"Male","J- Minibus;K- Private Cars","S- Driver's Negligence",2.00
8504,36655.00,"4- Demerara- Mahaica",,"Durban & Camp St.",,"-58.1620","6.8053",,"Georgetown",8/10/2002 0:00:00,12/30/1899 20:10:00,"D- Property Damage","F- Driver",59.00,"Male","J- Minibus;M- Hire Cars","S- Driver's Negligence",2.00
8505,36656.00,"4- Demerara- Mahaica",,"Ave. Of The Republic",,"-58.1651","6.8117",,"Georgetown",8/7/2002 0:00:00,12/30/1899 14:50:00,"D- Property Damage","F- Driver",36.00,"Female","J- Minibus;K- Private Cars","P- Speeding",2.00
8506,36657.00,"4- Demerara- Mahaica",,"Regent & Alexander St.",,"-58.1593","6.8099",,"Georgetown",8/13/2002 0:00:00,12/30/1899 18:50:00,"D- Property Damage","F- Driver",35.00,"Female","K- Private Cars;W-Pedal Cycle","S- Driver's Negligence",2.00
8507,36658.00,"4- Demerara- Mahaica",,"Durban & George St.",,"-58.1628","6.8055",,"Georgetown",8/13/2002 0:00:00,12/30/1899 19:50:00,"C- Minor Injury","G- Rider",47.00,"Male","K- Private Cars;W-Pedal Cycle","U- Cyclist's Negligence",2.00
8508,36659.00,"4- Demerara- Mahaica",,"Camp St.",,"-58.1600","6.8137",,"Georgetown",8/9/2002 0:00:00,12/30/1899 18:40:00,"C- Minor Injury","F- Driver",24.00,"Male","K- Private Cars;V-Motor Cycle","S- Driver's Negligence",2.00
8509,36660.00,"4- Demerara- Mahaica",,"King & Charlotte St.",,"-58.1643","6.8103",,"Georgetown",8/15/2002 0:00:00,12/30/1899 19:30:00,"D- Property Damage","F- Driver",28.00,"Male","J- Minibus;K- Private Cars","S- Driver's Negligence",2.00
8510,36661.00,"4- Demerara- Mahaica",,"Camp & Robb St.",,"-58.1606","6.8111",,"Georgetown",8/16/2002 0:00:00,12/30/1899 19:15:00,"D- Property Damage","F- Driver",26.00,"Male","K- Private Cars;M- Hire Cars","S- Driver's Negligence",2.00
8511,36662.00,"4- Demerara- Mahaica",,"Cornhill & Hadfield St.",,"-58.1573","6.8057",,"Georgetown",8/16/2002 0:00:00,12/30/1899 16:00:00,"D- Property Damage","F- Driver",,"Male","J- Minibus;K- Private Cars","S- Driver's Negligence",2.00
8512,36663.00,"4- Demerara- Mahaica",,"Norton & Halley St.",,"-58.1525","6.8019",,"Georgetown",8/18/2002 0:00:00,12/30/1899 4:00:00,"D- Property Damage","F- Driver",43.00,"Male","K- Private Cars","S- Driver's Negligence",2.00
8513,36664.00,"4- Demerara- Mahaica",,"Lamaha St.",,"-58.1564","6.8181",,"Georgetown",8/18/2002 0:00:00,12/30/1899 22:00:00,"C- Minor Injury","F- Driver",20.00,"Male","K- Private Cars","U- Cyclist's Negligence",2.00
8514,36665.00,"4- Demerara- Mahaica",,"North Rd. & Water St.",,"-58.1666","6.8140",,"Georgetown",8/21/2002 0:00:00,12/30/1899 16:30:00,"D- Property Damage","F- Driver",27.00,"Male","J- Minibus","S- Driver's Negligence",2.00
8515,36666.00,"4- Demerara- Mahaica",,"Longden St.",,"-58.1666","6.8107",,"Georgetown",8/24/2002 0:00:00,12/30/1899 14:15:00,"D- Property Damage","F- Driver",37.00,"Male","J- Minibus","S- Driver's Negligence",2.00
8516,36667.00,"4- Demerara- Mahaica",,"Alexander St.",,"-58.1592","6.8102",,"Georgetown",8/22/2002 0:00:00,12/30/1899 7:20:00,"D- Property Damage","F- Driver",45.00,"Male","K- Private Cars;M- Hire Cars","S- Driver's Negligence",2.00
8517,36668.00,"4- Demerara- Mahaica",,"Regent & Oronoque St.",,"-58.1524","6.8080",,"Georgetown",8/22/2002 0:00:00,12/30/1899 17:30:00,"D- Property Damage","F- Driver",28.00,"Male","K- Private Cars;V-Motor Cycle","S- Driver's Negligence",2.00
8518,36669.00,"4- Demerara- Mahaica",,"Robb St.",,"-58.1599","6.8109",,"Georgetown",8/14/2002 0:00:00,12/30/1899 11:50:00,"D- Property Damage","F- Driver",35.00,"Male","K- Private Cars;L- Lorries Van","S- Driver's Negligence",2.00
8519,36670.00,"4- Demerara- Mahaica",,"Camp & Lamaha St.",,"-58.1584","6.8186",,"Georgetown",8/25/2002 0:00:00,12/30/1899 2:30:00,"C- Minor Injury","F- Driver",47.00,"Male","J- Minibus;K- Private Cars","P- Speeding",2.00
8520,36671.00,"4- Demerara- Mahaica",,"Cornhill & Brickdam St.",,"-58.1572","6.8066",,"Georgetown",8/22/2002 0:00:00,12/30/1899 23:00:00,"D- Property Damage","F- Driver",42.00,"Male","J- Minibus;M- Hire Cars","S- Driver's Negligence",2.00
8521,36672.00,"4- Demerara- Mahaica",,"Durban & Smyth St.",,"-58.1641","6.8059",,"Georgetown",8/24/2002 0:00:00,12/30/1899 20:30:00,"D- Property Damage","F- Driver",22.00,"Male","K- Private Cars","S- Driver's Negligence",2.00
8522,36673.00,"4- Demerara- Mahaica",,"Regent & Ave. Of The Republic",,"-58.1653","6.8115",,"Georgetown",8/25/2002 0:00:00,12/30/1899 10:45:00,"C- Minor Injury","F- Driver",31.00,"Male","J- Minibus","S- Driver's Negligence",2.00
8523,36674.00,"4- Demerara- Mahaica",,"Brickdam St.",,"-58.1552","6.8061",,"Georgetown",8/24/2002 0:00:00,12/30/1899 8:45:00,"C- Minor Injury","F- Driver",32.00,"Male","J- Minibus;N- Pickup","S- Driver's Negligence",2.00
8524,36675.00,"4- Demerara- Mahaica",,"North Rd. & Wellington St.",,"-58.1621","6.8122",,"Georgetown",8/24/2002 0:00:00,12/30/1899 12:30:00,"D- Property Damage","F- Driver",24.00,"Male","K- Private Cars;N- Pickup","S- Driver's Negligence",2.00
8525,36676.00,"4- Demerara- Mahaica",,"Cornhill St.",,"-58.1574","6.8046",,"Georgetown",8/22/2002 0:00:00,12/30/1899 15:30:00,"D- Property Damage","F- Driver",25.00,"Male","J- Minibus;N- Pickup","P- Speeding",2.00
8526,36677.00,"4- Demerara- Mahaica",,"Ave. Of The Republic",,"-58.1651","6.8117",,"Georgetown",8/26/2002 0:00:00,12/30/1899 17:00:00,"D- Property Damage","F- Driver",,"Male","J- Minibus","P- Speeding",2.00
8527,36678.00,"4- Demerara- Mahaica",,"Quamina St.",,"-58.1616","6.8142",,"Georgetown",8/26/2002 0:00:00,12/30/1899 18:00:00,"C- Minor Injury","F- Driver",37.00,"Female","K- Private Cars","S- Driver's Negligence",2.00
8528,36679.00,"4- Demerara- Mahaica",,"Regent & Ave. Of The Republic",,"-58.1653","6.8115",,"Georgetown",8/21/2002 0:00:00,12/30/1899 10:30:00,"D- Property Damage","F- Driver",,"Male","J- Minibus","P- Speeding",2.00
8529,36680.00,"4- Demerara- Mahaica",,"Regent & Light St.",,"-58.1552","6.8087",,"Georgetown",8/27/2002 0:00:00,12/30/1899 17:30:00,"D- Property Damage","F- Driver",27.00,"Male","J- Minibus;K- Private Cars","S- Driver's Negligence",2.00
8530,36681.00,"4- Demerara- Mahaica",,"Ave. Of The Republic & Croal St.",,"-58.1658","6.8097",,"Georgetown",8/23/2002 0:00:00,12/30/1899 17:00:00,"D- Property Damage","F- Driver",29.00,"Male","K- Private Cars;N- Pickup","S- Driver's Negligence",2.00
8531,36682.00,"4- Demerara- Mahaica",,"Ave. Of The Republic & Brickdam",,"-58.1660","6.8089",,"Georgetown",8/27/2002 0:00:00,12/30/1899 18:15:00,"D- Property Damage","F- Driver",22.00,"Male","K- Private Cars","P- Speeding",2.00
8532,36683.00,"4- Demerara- Mahaica",,"Lombard St.",,"-58.1675","6.8071",,"Georgetown",8/29/2002 0:00:00,12/30/1899 8:30:00,"D- Property Damage","F- Driver",52.00,"Male","L- Lorries Van;M- Hire Cars","P- Speeding",2.00
8533,36684.00,"4- Demerara- Mahaica",,"Camp & Charlotte St.",,"-58.1610","6.8094",,"Georgetown",8/29/2002 0:00:00,12/30/1899 16:40:00,"C- Minor Injury","F- Driver",25.00,"Male","K- Private Cars;V-Motor Cycle","S- Driver's Negligence",2.00
8534,36685.00,"4- Demerara- Mahaica",,"United Nations Pl. & Brickdam",,"-58.1604","6.8074",,"Georgetown",8/30/2002 0:00:00,12/30/1899 16:09:00,"D- Property Damage","F- Driver",42.00,"Male","K- Private Cars;N- Pickup","S- Driver's Negligence",2.00
8535,36686.00,"4- Demerara- Mahaica",,"Norton St.",,"-58.1519","6.8017",,"Georgetown",8/31/2002 0:00:00,12/30/1899 16:00:00,"D- Property Damage","F- Driver",37.00,"Male","K- Private Cars","P- Speeding",2.00
8536,36687.00,"4- Demerara- Mahaica",,"Middle St.",,"-58.1596","6.8155",,"Georgetown",8/31/2002 0:00:00,12/30/1899 18:30:00,"A- Fatal","F- Driver",38.00,"Female","M- Hire Cars","P- Speeding",2.00
8537,36688.00,"4- Demerara- Mahaica",,"Church & Camp St.",,"-58.1601","6.8122",,"Georgetown",8/31/2002 0:00:00,12/30/1899 19:40:00,"C- Minor Injury","F- Driver",37.00,"Female","J- Minibus;K- Private Cars","P- Speeding",3.00
8538,36689.00,"4- Demerara- Mahaica",,"Durban St.",,"-58.1526","6.8028",,"Georgetown",8/21/2002 0:00:00,12/30/1899 22:50:00,"D- Property Damage","F- Driver",28.00,"Male","J- Minibus;M- Hire Cars","S- Driver's Negligence",2.00
8539,36690.00,"4- Demerara- Mahaica",,"Regent & Wellington St.",,"-58.1624","6.8107",,"Georgetown",8/21/2002 0:00:00,12/30/1899 11:00:00,"D- Property Damage","F- Driver",22.00,"Female","K- Private Cars;L- Lorries Van","P- Speeding",2.00
8540,36691.00,"4- Demerara- Mahaica",,"Camp & Lamaha St.",,"-58.1584","6.8186",,"Georgetown",9/1/2002 0:00:00,12/30/1899 22:30:00,"D- Property Damage","F- Driver",23.00,"Male","K- Private Cars","S- Driver's Negligence",2.00
8541,36692.00,"4- Demerara- Mahaica",,"High St.",,"-58.1669","6.8063",,"Georgetown",8/24/2002 0:00:00,12/30/1899 10:30:00,"C- Minor Injury","F- Driver",26.00,"Male","K- Private Cars","S- Driver's Negligence",2.00
8542,36693.00,"4- Demerara- Mahaica",,"Irving St.",,"-58.1450","6.8195",,"Georgetown",8/29/2002 0:00:00,12/30/1899 1:00:00,"C- Minor Injury","F- Driver",29.00,"Female","K- Private Cars;V-Motor Cycle","P- Speeding",2.00
8543,36694.00,"4- Demerara- Mahaica",,"Bourda St.",,"-58.1585","6.8095",,"Georgetown",8/9/2002 0:00:00,12/30/1899 18:00:00,"D- Property Damage","F- Driver",45.00,"Female","K- Private Cars","S- Driver's Negligence",2.00
8544,36695.00,"4- Demerara- Mahaica",,"Water St.",,"-58.1659","6.8180",,"Georgetown",9/2/2002 0:00:00,12/30/1899 13:15:00,"D- Property Damage","F- Driver",46.00,"Male","K- Private Cars;L- Lorries Van","S- Driver's Negligence",2.00
8545,36696.00,"4- Demerara- Mahaica",,"Church St.",,"-58.1574","6.8114",,"Georgetown",9/3/2002 0:00:00,12/30/1899 10:45:00,"D- Property Damage","F- Driver",31.00,"Male","J- Minibus;L- Lorries Van","S- Driver's Negligence",2.00
8546,36697.00,"4- Demerara- Mahaica",,"Hadfield & High St.",,"-58.1662","6.8081",,"Georgetown",9/3/2002 0:00:00,12/30/1899 15:15:00,"D- Property Damage","F- Driver",65.00,"Male","J- Minibus","S- Driver's Negligence",2.00
8547,36698.00,"4- Demerara- Mahaica",,"Brickdam St.",,"-58.1552","6.8061",,"Georgetown",9/3/2002 0:00:00,12/30/1899 15:30:00,"C- Minor Injury","E- Pedestrian",15.00,"Male","V-Motor Cycle","T-Pedestrian's Negligence",2.00
8548,36699.00,"4- Demerara- Mahaica",,"Camp & Charlotte St.",,"-58.1610","6.8094",,"Georgetown",9/4/2002 0:00:00,12/30/1899 17:10:00,"D- Property Damage","F- Driver",45.00,"Male","L- Lorries Van","S- Driver's Negligence",2.00
8549,36700.00,"4- Demerara- Mahaica",,"Charlotte & King St.",,"-58.1643","6.8103",,"Georgetown",9/5/2002 0:00:00,12/30/1899 7:45:00,"D- Property Damage","F- Driver",42.00,"Male","J- Minibus","S- Driver's Negligence",2.00
8550,36701.00,"4- Demerara- Mahaica",,"Norton & Louisa Row",,"-58.1577","6.8033",,"Georgetown",9/5/2002 0:00:00,12/30/1899 12:00:00,"D- Property Damage","F- Driver",26.00,"Male","K- Private Cars","S- Driver's Negligence",2.00
8551,36702.00,"4- Demerara- Mahaica",,"Ave. Of The Republic",,"-58.1651","6.8117",,"Georgetown",9/6/2002 0:00:00,12/30/1899 14:37:00,"D- Property Damage","F- Driver",30.00,"Male","J- Minibus;K- Private Cars","P- Speeding",2.00
8552,36703.00,"4- Demerara- Mahaica",,"Albert & North Rd.",,"-58.1534","6.8099",,"Georgetown",9/4/2002 0:00:00,12/30/1899 15:35:00,"D- Property Damage","F- Driver",42.00,"Female","K- Private Cars","S- Driver's Negligence",2.00
8553,36704.00,"4- Demerara- Mahaica",,"Lombard St.",,"-58.1675","6.8071",,"Georgetown",9/5/2002 0:00:00,12/30/1899 8:10:00,"D- Property Damage","F- Driver",29.00,"Male","J- Minibus;L- Lorries Van","S- Driver's Negligence",2.00
8554,36705.00,"4- Demerara- Mahaica",,"Robb & Camp St.",,"-58.1606","6.8111",,"Georgetown",9/7/2002 0:00:00,12/30/1899 11:30:00,"D- Property Damage","F- Driver",78.00,"Male","J- Minibus;K- Private Cars;M- Hire Cars","S- Driver's Negligence",3.00
8555,36706.00,"4- Demerara- Mahaica",,"Ave. Of The Republic & Regent St.",,"-58.1653","6.8115",,"Georgetown",9/8/2002 0:00:00,12/30/1899 18:00:00,"D- Property Damage","F- Driver",24.00,"Male","K- Private Cars","S- Driver's Negligence",1.00
8556,36707.00,"4- Demerara- Mahaica",,"Brickdam St.",,"-58.1552","6.8061",,"Georgetown",9/9/2002 0:00:00,12/30/1899 15:00:00,"D- Property Damage","F- Driver",47.00,"Male","M- Hire Cars;N- Pickup","S- Driver's Negligence",2.00
8557,36708.00,"4- Demerara- Mahaica",,"Main St.",,"-58.1276","6.8221",,"Georgetown",9/9/2002 0:00:00,12/30/1899 15:15:00,"D- Property Damage","F- Driver",47.00,"Female","K- Private Cars","S- Driver's Negligence",2.00
8558,36709.00,"4- Demerara- Mahaica",,"Brickdam St.",,"-58.1552","6.8061",,"Georgetown",9/8/2002 0:00:00,12/30/1899 21:20:00,"D- Property Damage","F- Driver",25.00,"Male","K- Private Cars;M- Hire Cars","S- Driver's Negligence",2.00
8559,36710.00,"4- Demerara- Mahaica",,"Middle & Carmichael St.",,"-58.1626","6.8163",,"Georgetown",9/5/2002 0:00:00,12/30/1899 11:00:00,"D- Property Damage","F- Driver",25.00,"Male","K- Private Cars;V-Motor Cycle","S- Driver's Negligence",2.00
8560,36711.00,"4- Demerara- Mahaica",,"Durban St.",,"-58.1526","6.8028",,"Georgetown",9/10/2002 0:00:00,12/30/1899 8:15:00,"D- Property Damage","F- Driver",21.00,"Male","K- Private Cars","P- Speeding",2.00
8561,36712.00,"4- Demerara- Mahaica",,"South Rd. & Light St.",,"-58.1556","6.8072",,"Georgetown",9/11/2002 0:00:00,12/30/1899 22:55:00,"D- Property Damage","F- Driver",42.00,"Male","J- Minibus;K- Private Cars","S- Driver's Negligence",2.00
8562,36713.00,"4- Demerara- Mahaica",,"Carmichael & Church St.",,"-58.1637","6.8131",,"Georgetown",9/11/2002 0:00:00,12/30/1899 12:55:00,"D- Property Damage","F- Driver",28.00,"Male","K- Private Cars","S- Driver's Negligence",2.00
8563,36714.00,"4- Demerara- Mahaica",,"South Rd. & Camp St.",,"-58.1570","6.8076",,"Georgetown",9/13/2002 0:00:00,12/30/1899 8:15:00,"D- Property Damage","F- Driver",21.00,"Male","K- Private Cars;V-Motor Cycle","S- Driver's Negligence",2.00
8564,36715.00,"4- Demerara- Mahaica",,"Camp & Church St.",,"-58.1601","6.8122",,"Georgetown",9/13/2002 0:00:00,12/30/1899 16:30:00,"C- Minor Injury","G- Rider",27.00,"Male","N- Pickup;V-Motor Cycle","U- Cyclist's Negligence",2.00
8565,36716.00,"4- Demerara- Mahaica",,"Robb St.",,"-58.1599","6.8109",,"Georgetown",9/13/2002 0:00:00,12/30/1899 20:45:00,"C- Minor Injury","F- Driver",39.00,"Male","J- Minibus;K- Private Cars","S- Driver's Negligence",2.00
8566,36717.00,"4- Demerara- Mahaica",,"Camp St.",,"-58.1600","6.8137",,"Georgetown",9/14/2002 0:00:00,12/30/1899 1:45:00,"C- Minor Injury","G- Rider",20.00,"Male","V-Motor Cycle","U- Cyclist's Negligence",2.00
8567,36718.00,"4- Demerara- Mahaica",,"Main St.",,"-58.1276","6.8221",,"Georgetown",9/11/2002 0:00:00,12/30/1899 18:00:00,"D- Property Damage","F- Driver",,"Male","J- Minibus;L- Lorries Van","S- Driver's Negligence",2.00
8568,36719.00,"4- Demerara- Mahaica",,"Ave. Of The Republic",,"-58.1651","6.8117",,"Georgetown",9/16/2002 0:00:00,12/30/1899 11:00:00,"D- Property Damage","F- Driver",30.00,"Male","J- Minibus","S- Driver's Negligence",2.00
8569,36720.00,"4- Demerara- Mahaica",,"Regent & King St.",,"-58.1641","6.8112",,"Georgetown",9/16/2002 0:00:00,12/30/1899 15:45:00,"D- Property Damage","F- Driver",57.00,"Male","N- Pickup","S- Driver's Negligence",2.00
8570,36721.00,"4- Demerara- Mahaica",,"Durban & Hardina St.",,"-58.1554","6.8036",,"Georgetown",9/16/2002 0:00:00,12/30/1899 20:34:00,"D- Property Damage","F- Driver",37.00,"Male","J- Minibus;K- Private Cars","S- Driver's Negligence",2.00
8571,36722.00,"4- Demerara- Mahaica",,"Brickdam",,"-58.1552","6.8061",,"Georgetown",9/17/2002 0:00:00,12/30/1899 9:15:00,"D- Property Damage","F- Driver",69.00,"Male","K- Private Cars;M- Hire Cars","S- Driver's Negligence",2.00
8572,36723.00,"4- Demerara- Mahaica",,"Robb St.",,"-58.1599","6.8109",,,11/21/2003 0:00:00,12/30/1899 15:05:00,"C- Minor Injury","G- Rider",,"Female","V-Motor Cycle","U- Cyclist's Negligence",2.00
8573,36724.00,"4- Demerara- Mahaica",,"Regent & Cummings St.",,"-58.1566","6.8092",,,11/22/2003 0:00:00,12/30/1899 11:00:00,"D- Property Damage","F- Driver",18.00,"Male","K- Private Cars;M- Hire Cars","S- Driver's Negligence",2.00
8574,36725.00,"4- Demerara- Mahaica",,"Church St.",,"-58.1574","6.8114",,,11/23/2003 0:00:00,12/30/1899 13:00:00,"D- Property Damage","F- Driver",,"Male","L- Lorries Van","O- Lost Control & Runoff",1.00
8575,36726.00,"4- Demerara- Mahaica",,"Ave. Of The Republic & America St.",,"-58.1658","6.8103",,,11/22/2003 0:00:00,12/30/1899 11:45:00,"C- Minor Injury","F- Driver",,"Male","K- Private Cars","S- Driver's Negligence",2.00
8576,36727.00,"4- Demerara- Mahaica",,"Ave. Of The Republic & Brickdam",,"-58.1660","6.8089",,,11/25/2003 0:00:00,12/30/1899 22:45:00,"B- Serious Injury","F- Driver",,"Male","J- Minibus","S- Driver's Negligence",2.00
8577,36728.00,"4- Demerara- Mahaica",,"Church St.",,"-58.1574","6.8114",,,11/28/2003 0:00:00,12/30/1899 8:40:00,"D- Property Damage","F- Driver",27.00,"Male","J- Minibus;K- Private Cars","S- Driver's Negligence",2.00
8578,36729.00,"4- Demerara- Mahaica",,"Durban & Smyth St.",,"-58.1641","6.8059",,,11/26/2003 0:00:00,12/30/1899 10:05:00,"C- Minor Injury","F- Driver",67.00,"Male","J- Minibus;K- Private Cars","S- Driver's Negligence",2.00
8579,36730.00,"4- Demerara- Mahaica",,"High St.",,"-58.1669","6.8063",,,11/27/2003 0:00:00,12/30/1899 14:40:00,"D- Property Damage","F- Driver",39.00,"Male","J- Minibus;K- Private Cars","S- Driver's Negligence",2.00
8580,36731.00,"4- Demerara- Mahaica",,"Regent & Albert St.",,"-58.1538","6.8084",,,11/28/2003 0:00:00,12/30/1899 7:00:00,"C- Minor Injury","F- Driver",26.00,"Male","K- Private Cars;V-Motor Cycle","S- Driver's Negligence",3.00
8581,36732.00,"4- Demerara- Mahaica",,"Durban St.",,"-58.1526","6.8028",,,11/22/2003 0:00:00,12/30/1899 11:05:00,"C- Minor Injury","G- Rider",52.00,"Male","K- Private Cars;V-Motor Cycle","U- Cyclist's Negligence",2.00
8582,36733.00,"4- Demerara- Mahaica",,"Norton St. & Louisa Row",,"-58.1577","6.8033",,,11/28/2003 0:00:00,12/30/1899 11:20:00,"C- Minor Injury","F- Driver",67.00,"Male","J- Minibus;K- Private Cars","S- Driver's Negligence",2.00
8583,36734.00,"4- Demerara- Mahaica",,"Croal St.",,"-58.1581","6.8076",,,11/28/2003 0:00:00,12/30/1899 12:30:00,"D- Property Damage","F- Driver",53.00,"Male","J- Minibus","S- Driver's Negligence",2.00
8584,36735.00,"4- Demerara- Mahaica",,"South Rd.",,"-58.1583","6.8079",,,11/29/2003 0:00:00,12/30/1899 15:30:00,"A- Fatal","E- Pedestrian",53.00,"Male","J- Minibus","T-Pedestrian's Negligence",2.00
8585,36736.00,"4- Demerara- Mahaica",,,,,,,,11/24/2003 0:00:00,12/30/1899 14:30:00,"D- Property Damage","F- Driver",,"Male","J- Minibus","S- Driver's Negligence",2.00