"ID","Accident ID","Region Number","Corridor ID","Location (Intersection/Road/Street)","Corridor","Location- longitude/ X","Location- latitude/  Y","Mile Marker","Village","Date of Accident","Time of Accident","Type of Accident","Class of Road User","Age/DOB","Gender","Class of Vehicles Involved","Contributing Factor","Number of Persons Involved"
8586,36737.00,"4- Demerara- Mahaica",,"Water St.",,"-58.1659","6.8180",,,11/30/2003 0:00:00,12/30/1899 13:20:00,"D- Property Damage","F- Driver",30.00,"Male","K- Private Cars;L- Lorries Van","S- Driver's Negligence",2.00
8587,36738.00,"4- Demerara- Mahaica",,"Cummings St.",,"-58.1553","6.8140",,,11/30/2003 0:00:00,12/30/1899 17:45:00,"B- Serious Injury","F- Driver",,"Male","M- Hire Cars;V-Motor Cycle","S- Driver's Negligence",2.00
8588,36739.00,"4- Demerara- Mahaica",,"Norton St. & Camp St.",,"-58.1604","6.8118",,,11/30/2003 0:00:00,12/30/1899 21:40:00,"C- Minor Injury","F- Driver",27.00,"Male","K- Private Cars","S- Driver's Negligence",2.00
8589,36740.00,"4- Demerara- Mahaica",,"Middle & Carmichael St.",,"-58.1626","6.8163",,,12/1/2003 0:00:00,12/30/1899 13:00:00,"D- Property Damage","F- Driver",,"Male","J- Minibus;K- Private Cars","S- Driver's Negligence",2.00
8590,36741.00,"4- Demerara- Mahaica",,"Water St.",,"-58.1659","6.8180",,,12/1/2003 0:00:00,12/30/1899 16:40:00,"D- Property Damage","F- Driver",45.00,"Male","J- Minibus","S- Driver's Negligence",2.00
8591,36742.00,"4- Demerara- Mahaica",,"Regent St.",,"-58.1604","6.8102",,,12/1/2003 0:00:00,,"D- Property Damage","F- Driver",27.00,"Male","K- Private Cars","S- Driver's Negligence",3.00
8592,36743.00,"4- Demerara- Mahaica",,"Croal St.",,"-58.1581","6.8076",,,12/2/2003 0:00:00,12/30/1899 9:15:00,"A- Fatal","F- Driver",33.00,"Female","L- Lorries Van","S- Driver's Negligence",2.00
8593,36744.00,"4- Demerara- Mahaica",,"Ave. Of The Republic & North Rd.",,"-58.1648","6.8130",,,12/2/2003 0:00:00,12/30/1899 7:45:00,"D- Property Damage","F- Driver",,"Male","J- Minibus;K- Private Cars","S- Driver's Negligence",2.00
8594,36745.00,"4- Demerara- Mahaica",,"Middle St.",,"-58.1596","6.8155",,,12/3/2003 0:00:00,12/30/1899 9:45:00,"D- Property Damage","F- Driver",,"Female","K- Private Cars","S- Driver's Negligence",2.00
8595,36746.00,"4- Demerara- Mahaica",,"South Rd.",,"-58.1583","6.8079",,,12/3/2003 0:00:00,12/30/1899 20:00:00,"C- Minor Injury","G- Rider",21.00,"Male","J- Minibus;W-Pedal Cycle","U- Cyclist's Negligence",2.00
8596,36747.00,"4- Demerara- Mahaica",,"Lamaha St.",,"-58.1564","6.8181",,,11/28/2003 0:00:00,12/30/1899 22:00:00,"D- Property Damage","F- Driver",,"Male","N- Pickup;V-Motor Cycle","S- Driver's Negligence",2.00
8597,36748.00,"4- Demerara- Mahaica",,"Camp & Lamaha St.",,"-58.1584","6.8186",,,11/4/2003 0:00:00,12/30/1899 12:30:00,"D- Property Damage","F- Driver",27.00,"Male","K- Private Cars;M- Hire Cars","S- Driver's Negligence",4.00
8598,36749.00,"4- Demerara- Mahaica",,"Robb & Wellington St.",,"-58.1622","6.8115",,,11/5/2003 0:00:00,12/30/1899 8:20:00,"D- Property Damage","F- Driver",34.00,"Male","K- Private Cars;V-Motor Cycle","S- Driver's Negligence",2.00
8599,36750.00,"4- Demerara- Mahaica",,"Peter Rose & Almond St.",,"-58.1485","6.8118",,,12/5/2003 0:00:00,12/30/1899 12:00:00,"D- Property Damage","F- Driver",39.00,"Female","K- Private Cars;N- Pickup","S- Driver's Negligence",3.00
8600,36751.00,"4- Demerara- Mahaica",,"Lamaha & Cummings St.",,"-58.1543","6.8174",,,12/5/2003 0:00:00,12/30/1899 16:30:00,"C- Minor Injury","F- Driver",36.00,"Female","N- Pickup","S- Driver's Negligence",3.00
8601,36752.00,"4- Demerara- Mahaica",,"Croal St.",,"-58.1581","6.8076",,,12/6/2003 0:00:00,12/30/1899 14:30:00,"D- Property Damage","F- Driver",64.00,"Male","J- Minibus","S- Driver's Negligence",2.00
8602,36753.00,"4- Demerara- Mahaica",,"Cummings St.",,"-58.1553","6.8140",,,12/6/2003 0:00:00,12/30/1899 3:00:00,"C- Minor Injury","F- Driver",39.00,"Male","K- Private Cars","S- Driver's Negligence",2.00
8603,36754.00,"4- Demerara- Mahaica",,"Brickdam & Louisa Row",,"-58.1504","6.8004",,,12/7/2003 0:00:00,12/30/1899 8:00:00,"C- Minor Injury","F- Driver",47.00,"Male","L- Lorries Van;M- Hire Cars","S- Driver's Negligence",3.00
8604,36755.00,"4- Demerara- Mahaica",,"Norton St. & Louisa Row",,"-58.1577","6.8033",,,12/8/2003 0:00:00,12/30/1899 7:10:00,"C- Minor Injury","F- Driver",52.00,"Male","K- Private Cars","S- Driver's Negligence",2.00
8605,36756.00,"4- Demerara- Mahaica",,"Alexander St.",,"-58.1592","6.8102",,,11/1/2003 0:00:00,12/30/1899 9:30:00,"D- Property Damage","F- Driver",,"Male","K- Private Cars;L- Lorries Van","S- Driver's Negligence",2.00
8606,36757.00,"4- Demerara- Mahaica",,"Smyth St.",,"-58.1643","6.8048",,,12/9/2003 0:00:00,12/30/1899 10:40:00,"C- Minor Injury","F- Driver",,"Male","M- Hire Cars;V-Motor Cycle","R- Improper Overtaking",2.00
8607,36758.00,"4- Demerara- Mahaica",,"Croal St.",,"-58.1581","6.8076",,,11/26/2003 0:00:00,12/30/1899 15:30:00,"C- Minor Injury","F- Driver",,"Male","J- Minibus","S- Driver's Negligence",2.00
8608,36759.00,"4- Demerara- Mahaica",,"Croal St.",,"-58.1581","6.8076",,,11/29/2003 0:00:00,12/30/1899 17:00:00,"D- Property Damage","F- Driver",,"Male","J- Minibus","S- Driver's Negligence",2.00
8609,36760.00,"4- Demerara- Mahaica",,"High St.",,"-58.1669","6.8063",,,12/11/2003 0:00:00,12/30/1899 7:45:00,"C- Minor Injury","F- Driver",29.00,"Male","J- Minibus","S- Driver's Negligence",4.00
8610,36761.00,"4- Demerara- Mahaica",,"Irving St.",,"-58.1455","6.8177",,,12/11/2003 0:00:00,12/30/1899 14:30:00,"D- Property Damage","F- Driver",,"Male","K- Private Cars","S- Driver's Negligence",2.00
8611,36762.00,"4- Demerara- Mahaica",,"North Rd. & Wellington St.",,"-58.1621","6.8122",,,12/12/2003 0:00:00,12/30/1899 13:15:00,"D- Property Damage","F- Driver",,"Male","K- Private Cars","S- Driver's Negligence",2.00
8612,36763.00,"4- Demerara- Mahaica",,"Irving St.",,"-58.1455","6.8177",,,12/12/2003 0:00:00,12/30/1899 13:45:00,"B- Serious Injury","E- Pedestrian",42.00,"Male","K- Private Cars","T-Pedestrian's Negligence",2.00
8613,36764.00,"4- Demerara- Mahaica",,"Ave. Of The Republic & Brickdam",,"-58.1660","6.8089",,,12/12/2003 0:00:00,12/30/1899 18:00:00,"C- Minor Injury","F- Driver",,"Male","J- Minibus;V-Motor Cycle","S- Driver's Negligence",2.00
8614,36765.00,"4- Demerara- Mahaica",,"Durban St.",,"-58.1526","6.8028",,,12/14/2003 0:00:00,12/30/1899 18:40:00,"B- Serious Injury","F- Driver",,"Male","J- Minibus;K- Private Cars;W-Pedal Cycle","S- Driver's Negligence",3.00
8615,36766.00,"4- Demerara- Mahaica",,"Clive Lloyd Drive",,"-58.1433","6.8255",,,12/13/2003 0:00:00,12/30/1899 18:30:00,"D- Property Damage","F- Driver",44.00,"Male","K- Private Cars","S- Driver's Negligence",2.00
8616,36767.00,"4- Demerara- Mahaica",,"America & Longden St.",,"-58.1666","6.8105",,,12/15/2003 0:00:00,12/30/1899 23:00:00,"D- Property Damage","F- Driver",,"Male","M- Hire Cars","S- Driver's Negligence",2.00
8617,36768.00,"4- Demerara- Mahaica",,"Robb St.",,"-58.1599","6.8109",,,12/9/2003 0:00:00,12/30/1899 11:30:00,"C- Minor Injury","F- Driver",37.00,"Male","M- Hire Cars","S- Driver's Negligence",2.00
8618,36769.00,"4- Demerara- Mahaica",,"Croal St.",,"-58.1581","6.8076",,,12/16/2003 0:00:00,12/30/1899 10:00:00,"D- Property Damage","F- Driver",37.00,"Male","J- Minibus;K- Private Cars","S- Driver's Negligence",2.00
8619,36770.00,"4- Demerara- Mahaica",,"Water St.",,"-58.1659","6.8180",,,12/15/2003 0:00:00,12/30/1899 13:10:00,"D- Property Damage","F- Driver",45.00,"Male","K- Private Cars","S- Driver's Negligence",2.00
8620,36771.00,"4- Demerara- Mahaica",,"Robb St.",,"-58.1599","6.8109",,,12/16/2003 0:00:00,12/30/1899 15:10:00,"D- Property Damage","F- Driver",54.00,"Male","K- Private Cars","S- Driver's Negligence",2.00
8621,36772.00,"4- Demerara- Mahaica",,"Robb & Alexander St.",,"-58.1591","6.8107",,,12/16/2003 0:00:00,12/30/1899 9:45:00,"D- Property Damage","F- Driver",32.00,"Female","K- Private Cars","S- Driver's Negligence",2.00
8622,36773.00,"4- Demerara- Mahaica",,"Ave. Of The Republic",,"-58.1651","6.8117",,,12/17/2003 0:00:00,12/30/1899 22:00:00,"D- Property Damage","F- Driver",32.00,"Male","J- Minibus;M- Hire Cars","S- Driver's Negligence",2.00
8623,36774.00,"4- Demerara- Mahaica",,"Camp Rd. & Thomas Rd.",,"-58.1576","6.8217",,,12/17/2003 0:00:00,12/30/1899 15:15:00,"D- Property Damage","F- Driver",,"Male","J- Minibus;K- Private Cars","S- Driver's Negligence",2.00
8624,36775.00,"4- Demerara- Mahaica",,"Camp St. & South Rd.",,"-58.1612","6.8087",,,12/18/2003 0:00:00,12/30/1899 10:05:00,"D- Property Damage","F- Driver",42.00,"Male","M- Hire Cars;N- Pickup","S- Driver's Negligence",2.00
8625,36776.00,"4- Demerara- Mahaica",,"Camp St.",,"-58.1600","6.8137",,,12/18/2003 0:00:00,12/30/1899 18:00:00,"D- Property Damage","F- Driver",34.00,"Male","M- Hire Cars","S- Driver's Negligence",2.00
8626,36777.00,"4- Demerara- Mahaica",,"Main St.",,"-58.1276","6.8221",,,12/19/2003 0:00:00,12/30/1899 12:10:00,"C- Minor Injury","F- Driver",,"Female","K- Private Cars;V-Motor Cycle","S- Driver's Negligence",2.00
8627,36778.00,"4- Demerara- Mahaica",,"Camp Rd.",,"-58.1600","6.8137",,,12/19/2003 0:00:00,12/30/1899 13:00:00,"D- Property Damage","F- Driver",,"Male","J- Minibus;K- Private Cars","S- Driver's Negligence",2.00
8628,36779.00,"4- Demerara- Mahaica",,"Main St.",,"-58.1276","6.8221",,,12/19/2003 0:00:00,12/30/1899 13:00:00,"D- Property Damage","F- Driver",,"Male","J- Minibus;K- Private Cars","S- Driver's Negligence",2.00
8629,36780.00,"4- Demerara- Mahaica",,"Regent St.",,"-58.1604","6.8102",,,12/20/2003 0:00:00,12/30/1899 9:00:00,"D- Property Damage","F- Driver",69.00,"Female","J- Minibus","S- Driver's Negligence",2.00
8630,36781.00,"4- Demerara- Mahaica",,"Croal & Albert St.",,"-58.1542","6.8067",,,12/21/2003 0:00:00,12/30/1899 5:50:00,"B- Serious Injury","F- Driver",,"Female","J- Minibus;K- Private Cars","S- Driver's Negligence",2.00
8631,36782.00,"4- Demerara- Mahaica",,"Croal & Sendall Pl.",,"-58.1633","6.8090",,,12/22/2003 0:00:00,12/30/1899 17:15:00,"D- Property Damage","F- Driver",44.00,"Male","K- Private Cars","S- Driver's Negligence",2.00
8632,36783.00,"4- Demerara- Mahaica",,"High St.",,"-58.1669","6.8063",,,12/22/2003 0:00:00,12/30/1899 1:30:00,"D- Property Damage","F- Driver",,"Male","J- Minibus","S- Driver's Negligence",2.00
8633,36784.00,"4- Demerara- Mahaica",,"Camp St.",,"-58.1600","6.8137",,,12/22/2003 0:00:00,12/30/1899 19:30:00,"D- Property Damage","F- Driver",31.00,"Male","K- Private Cars;M- Hire Cars;V-Motor Cycle","S- Driver's Negligence",3.00
8634,36785.00,"4- Demerara- Mahaica",,"Croal St.",,"-58.1581","6.8076",,,12/22/2003 0:00:00,12/30/1899 14:00:00,"D- Property Damage","F- Driver",23.00,"Male","J- Minibus;K- Private Cars","S- Driver's Negligence",2.00
8635,36786.00,"4- Demerara- Mahaica",,"Brickdam Public Rd.",,"-58.1552","6.8061",,,12/24/2003 0:00:00,12/30/1899 9:45:00,"B- Serious Injury","F- Driver",23.00,"Male","K- Private Cars;V-Motor Cycle","S- Driver's Negligence",2.00
8636,36787.00,"4- Demerara- Mahaica",,"Middle & Carmichael St.",,"-58.1626","6.8163",,,12/24/2003 0:00:00,12/30/1899 16:00:00,"D- Property Damage","F- Driver",43.00,"Male","K- Private Cars;L- Lorries Van","S- Driver's Negligence",2.00
8637,36788.00,"4- Demerara- Mahaica",,"Norton St. & Louisa Row",,"-58.1577","6.8033",,,12/25/2003 0:00:00,12/30/1899 22:00:00,"C- Minor Injury","F- Driver",30.00,"Male","K- Private Cars;M- Hire Cars","S- Driver's Negligence",2.00
8638,36789.00,"4- Demerara- Mahaica",,"Ave. Of The Republic",,"-58.1651","6.8117",,,12/25/2003 0:00:00,12/30/1899 23:05:00,"B- Serious Injury","F- Driver",,"Male","K- Private Cars","S- Driver's Negligence",2.00
8639,36790.00,"4- Demerara- Mahaica",,"Lamaha St.",,"-58.1564","6.8181",,,12/26/2003 0:00:00,12/30/1899 2:45:00,"A- Fatal","F- Driver",21.00,"Male","N- Pickup","S- Driver's Negligence",1.00
8640,36791.00,"4- Demerara- Mahaica",,"Brickdam & Camp St.",,"-58.1615","6.8077",,,12/26/2003 0:00:00,12/30/1899 15:20:00,"B- Serious Injury","F- Driver",57.00,"Male","J- Minibus;V-Motor Cycle","S- Driver's Negligence",2.00
8641,36792.00,"4- Demerara- Mahaica",,"Regent & Oronoque St.",,"-58.1524","6.8080",,,12/26/2003 0:00:00,12/30/1899 19:45:00,"D- Property Damage","F- Driver",38.00,"Male","J- Minibus;K- Private Cars","S- Driver's Negligence",2.00
8642,36793.00,"4- Demerara- Mahaica",,"Durban & Smyth St.",,"-58.1641","6.8059",,,12/27/2003 0:00:00,12/30/1899 16:10:00,"B- Serious Injury","F- Driver",,"Male","J- Minibus;K- Private Cars","S- Driver's Negligence",2.00
8643,36794.00,"4- Demerara- Mahaica",,"Norton & Halley St.",,"-58.1525","6.8019",,,12/16/2003 0:00:00,12/30/1899 10:40:00,"C- Minor Injury","F- Driver",,"Male","J- Minibus;M- Hire Cars","S- Driver's Negligence",2.00
8644,36795.00,"4- Demerara- Mahaica",,"Regent & Camp St.",,"-58.1608","6.8103",,,12/27/2003 0:00:00,12/30/1899 8:30:00,"D- Property Damage","F- Driver",24.00,"Female","J- Minibus;K- Private Cars","S- Driver's Negligence",2.00
8645,36796.00,"4- Demerara- Mahaica",,"Regent & Hinck St.",,"-58.1661","6.8117",,,12/31/2003 0:00:00,12/30/1899 8:00:00,"D- Property Damage","F- Driver",,"Male","K- Private Cars;M- Hire Cars","S- Driver's Negligence",2.00
8646,36797.00,"4- Demerara- Mahaica",,"High St.",,"-58.1669","6.8063",,,12/31/2003 0:00:00,12/30/1899 11:25:00,"D- Property Damage","F- Driver",,"Male","L- Lorries Van","S- Driver's Negligence",2.00
8647,36798.00,"4- Demerara- Mahaica",,"Camp St.",,"-58.1600","6.8137",,,12/31/2003 0:00:00,12/30/1899 20:03:00,"C- Minor Injury","F- Driver",,"Male","K- Private Cars;V-Motor Cycle","S- Driver's Negligence",3.00
8648,36799.00,"4- Demerara- Mahaica",,"Lamaha & Camp St.",,"-58.1584","6.8186",,,1/1/2004 0:00:00,12/30/1899 17:45:00,"C- Minor Injury","F- Driver",,"Male","J- Minibus;K- Private Cars","S- Driver's Negligence",2.00
8649,36800.00,"4- Demerara- Mahaica",,"Cummings & Church St.",,"-58.1561","6.8111",,,1/2/2004 0:00:00,12/30/1899 1:05:00,"D- Property Damage","F- Driver",38.00,"Male","K- Private Cars;N- Pickup","S- Driver's Negligence",2.00
8650,36801.00,"4- Demerara- Mahaica",,"Ave. Of The Republic & Regent St.",,"-58.1653","6.8115",,,1/2/2004 0:00:00,12/30/1899 11:45:00,"D- Property Damage","F- Driver",40.00,"Male","M- Hire Cars;N- Pickup","S- Driver's Negligence",2.00
8651,36802.00,"4- Demerara- Mahaica",,"Camp St. & North Rd.",,"-58.1604","6.8118",,,1/4/2004 0:00:00,12/30/1899 18:45:00,"C- Minor Injury","F- Driver",29.00,"Male","K- Private Cars;M- Hire Cars","S- Driver's Negligence",5.00
8652,36803.00,"4- Demerara- Mahaica",,"Regent & Camp St.",,"-58.1608","6.8103",,,1/8/2004 0:00:00,12/30/1899 9:10:00,"D- Property Damage","G- Rider",28.00,"Male","J- Minibus;W-Pedal Cycle","U- Cyclist's Negligence",2.00
8653,36804.00,"4- Demerara- Mahaica",,"Church St.",,"-58.1574","6.8114",,,1/8/2004 0:00:00,12/30/1899 12:35:00,"D- Property Damage","F- Driver",,"Male","K- Private Cars","S- Driver's Negligence",3.00
8654,36805.00,"4- Demerara- Mahaica",,"New Garden & Crown St.",,"-58.1494","6.8131",,,1/9/2004 0:00:00,12/30/1899 5:10:00,"B- Serious Injury","F- Driver",22.00,"Male","J- Minibus;L- Lorries Van","S- Driver's Negligence",2.00
8655,36806.00,"4- Demerara- Mahaica",,"Lamaha & Albert St.",,"-58.1515","6.8167",,,1/9/2004 0:00:00,12/30/1899 15:10:00,"C- Minor Injury","F- Driver",,"Male","K- Private Cars","S- Driver's Negligence",2.00
8656,36807.00,"4- Demerara- Mahaica",,"Vlissengen Rd.",,"-58.1474","6.8108",,,1/10/2004 0:00:00,12/30/1899 15:40:00,"D- Property Damage","F- Driver",40.00,"Male","J- Minibus;M- Hire Cars","S- Driver's Negligence",2.00
8657,36808.00,"4- Demerara- Mahaica",,"Lamaha & Albert St.",,"-58.1515","6.8167",,,1/12/2004 0:00:00,12/30/1899 13:00:00,"D- Property Damage","F- Driver",,"Male","J- Minibus;M- Hire Cars","S- Driver's Negligence",2.00
8658,36809.00,"4- Demerara- Mahaica",,"Brickdam",,"-58.1552","6.8061",,,1/10/2004 0:00:00,12/30/1899 10:30:00,"D- Property Damage","F- Driver",41.00,"Male","J- Minibus","S- Driver's Negligence",2.00
8659,36810.00,"4- Demerara- Mahaica",,"Camp St.",,"-58.1600","6.8137",,,1/9/2004 0:00:00,12/30/1899 15:45:00,"D- Property Damage","F- Driver",44.00,"Male","K- Private Cars;M- Hire Cars","S- Driver's Negligence",2.00
8660,36811.00,"4- Demerara- Mahaica",,"Barrack St.",,"-58.1593","6.8211",,,1/13/2004 0:00:00,12/30/1899 15:50:00,"D- Property Damage","F- Driver",,"Male","J- Minibus;L- Lorries Van","S- Driver's Negligence",3.00
8661,36812.00,"4- Demerara- Mahaica",,"Robb St.",,"-58.1599","6.8109",,,1/12/2004 0:00:00,12/30/1899 17:15:00,"D- Property Damage","F- Driver",,"Male","K- Private Cars;M- Hire Cars","S- Driver's Negligence",2.00
8662,36813.00,"4- Demerara- Mahaica",,"Camp St.",,"-58.1600","6.8137",,,1/12/2004 0:00:00,12/30/1899 14:00:00,"D- Property Damage","F- Driver",,"Male","M- Hire Cars;V-Motor Cycle","S- Driver's Negligence",2.00
8663,36814.00,"4- Demerara- Mahaica",,"South Rd.",,"-58.1583","6.8079",,,1/11/2004 0:00:00,12/30/1899 16:00:00,"D- Property Damage","F- Driver",45.00,"Male","K- Private Cars;M- Hire Cars","S- Driver's Negligence",2.00
8664,36815.00,"4- Demerara- Mahaica",,"Brickdam",,"-58.1552","6.8061",,,1/5/2004 0:00:00,12/30/1899 13:30:00,"D- Property Damage","F- Driver",55.00,"Male","K- Private Cars;M- Hire Cars","S- Driver's Negligence",2.00
8665,36816.00,"4- Demerara- Mahaica",,"Quamina & Cummings St.",,"-58.1557","6.8127",,,1/5/2004 0:00:00,12/30/1899 14:15:00,"D- Property Damage","F- Driver",,"Male","K- Private Cars","S- Driver's Negligence",2.00
8666,36817.00,"4- Demerara- Mahaica",,"Hadfield St.",,"-58.1650","6.8079",,,1/14/2004 0:00:00,12/30/1899 13:30:00,"D- Property Damage","F- Driver",49.00,"Male","M- Hire Cars;N- Pickup","S- Driver's Negligence",2.00
8667,36818.00,"4- Demerara- Mahaica",,"Lamaha St.",,"-58.1564","6.8181",,,1/15/2004 0:00:00,12/30/1899 18:25:00,"D- Property Damage","F- Driver",42.00,"Male","M- Hire Cars;V-Motor Cycle","S- Driver's Negligence",2.00
8668,36819.00,"4- Demerara- Mahaica",,"Croal St.",,"-58.1581","6.8076",,,1/15/2004 0:00:00,,"D- Property Damage","F- Driver",43.00,"Male","J- Minibus;M- Hire Cars","S- Driver's Negligence",2.00
8669,36820.00,"4- Demerara- Mahaica",,"New Garden & Regent St.",,"-58.1512","6.8068",,,1/16/2004 0:00:00,12/30/1899 14:45:00,"D- Property Damage","F- Driver",38.00,"Male","K- Private Cars","S- Driver's Negligence",2.00
8670,36821.00,"4- Demerara- Mahaica",,"Smyth & Princess St.",,"-58.1645","6.8040",,,1/19/2004 0:00:00,12/30/1899 18:30:00,"B- Serious Injury","F- Driver",,"Male","K- Private Cars","S- Driver's Negligence",2.00
8671,36822.00,"4- Demerara- Mahaica",,"Lamaha & Cummings St.",,"-58.1543","6.8174",,,1/20/2004 0:00:00,12/30/1899 14:50:00,"D- Property Damage","F- Driver",,"Male","K- Private Cars;M- Hire Cars","S- Driver's Negligence",2.00
8672,36823.00,"4- Demerara- Mahaica",,"Ave. Of The Republic",,"-58.1651","6.8117",,,1/21/2004 0:00:00,12/30/1899 15:15:00,"D- Property Damage","F- Driver",42.00,"Male","M- Hire Cars;N- Pickup","S- Driver's Negligence",2.00
8673,36824.00,"4- Demerara- Mahaica",,"Barrack St.",,"-58.1593","6.8211",,,1/22/2004 0:00:00,12/30/1899 8:25:00,"D- Property Damage","F- Driver",33.00,"Female","K- Private Cars;N- Pickup","S- Driver's Negligence",2.00
8674,36825.00,"4- Demerara- Mahaica",,"Commerce St.",,"-58.1661","6.8110",,,1/13/2004 0:00:00,12/30/1899 9:30:00,"C- Minor Injury","F- Driver",,"Female","M- Hire Cars","S- Driver's Negligence",2.00
8675,36826.00,"4- Demerara- Mahaica",,"Brickdam",,"-58.1552","6.8061",,,1/23/2004 0:00:00,12/30/1899 14:45:00,"C- Minor Injury","F- Driver",58.00,"Male","L- Lorries Van;V-Motor Cycle","S- Driver's Negligence",2.00
8676,36827.00,"4- Demerara- Mahaica",,"Camp St.",,"-58.1600","6.8137",,,1/23/2004 0:00:00,12/30/1899 19:40:00,"D- Property Damage","F- Driver",49.00,"Female","K- Private Cars;N- Pickup","S- Driver's Negligence",2.00
8677,36828.00,"4- Demerara- Mahaica",,"Middle St.",,"-58.1596","6.8155",,,1/26/2004 0:00:00,12/30/1899 18:05:00,"D- Property Damage","F- Driver",56.00,"Male","L- Lorries Van;M- Hire Cars","S- Driver's Negligence",2.00
8678,36829.00,"4- Demerara- Mahaica",,"Middle & Camp St.",,"-58.1599","6.8138",,,1/27/2004 0:00:00,12/30/1899 23:45:00,"B- Serious Injury","F- Driver",23.00,"Male","K- Private Cars;V-Motor Cycle","S- Driver's Negligence",2.00
8679,36830.00,"4- Demerara- Mahaica",,"Brickdam & United Nations Pl.",,"-58.1604","6.8074",,,1/30/2004 0:00:00,12/30/1899 18:30:00,"D- Property Damage","F- Driver",,"Male","K- Private Cars","S- Driver's Negligence",3.00
8680,36831.00,"4- Demerara- Mahaica",,"Peter Rose & Crown St.",,"-58.1482","6.8128",,,1/31/2004 0:00:00,12/30/1899 0:20:00,"D- Property Damage","F- Driver",62.00,"Male","L- Lorries Van;M- Hire Cars","S- Driver's Negligence",2.00
8681,36832.00,"4- Demerara- Mahaica",,"Croal St.",,"-58.1581","6.8076",,,1/31/2004 0:00:00,12/30/1899 12:15:00,"D- Property Damage","F- Driver",27.00,"Male","J- Minibus","S- Driver's Negligence",3.00
8682,36833.00,"4- Demerara- Mahaica",,"North Rd. & Wellington St.",,"-58.1621","6.8123",,,2/3/2004 0:00:00,12/30/1899 8:15:00,"A- Fatal","E- Pedestrian",12.00,"Male","J- Minibus","T-Pedestrian's Negligence",2.00
8683,36834.00,"4- Demerara- Mahaica",,"Croal St.",,"-58.1581","6.8076",,,1/30/2004 0:00:00,12/30/1899 9:30:00,"D- Property Damage","F- Driver",,"Male","J- Minibus;N- Pickup","S- Driver's Negligence",2.00
8684,36835.00,"4- Demerara- Mahaica",,"Vlissengen Rd.",,"-58.1474","6.8108",,,2/4/2004 0:00:00,12/30/1899 10:15:00,"D- Property Damage","F- Driver",45.00,"Male","K- Private Cars","S- Driver's Negligence",2.00
8685,36836.00,"4- Demerara- Mahaica",,"Hinck St.",,"-58.1660","6.8119",,,2/5/2004 0:00:00,12/30/1899 16:30:00,"D- Property Damage","F- Driver",,"Male","K- Private Cars;L- Lorries Van;M- Hire Cars","S- Driver's Negligence",3.00
8686,36837.00,"4- Demerara- Mahaica",,"Waterloo & Quamina St.",,"-58.1614","6.8142",,,2/5/2004 0:00:00,12/30/1899 15:10:00,"B- Serious Injury","F- Driver",46.00,"Male","M- Hire Cars;V-Motor Cycle","S- Driver's Negligence",2.00
8687,36838.00,"4- Demerara- Mahaica",,"Camp & Lamaha St.",,"-58.1584","6.8186",,,2/3/2004 0:00:00,12/30/1899 14:40:00,"D- Property Damage","F- Driver",,"Male","J- Minibus;K- Private Cars","S- Driver's Negligence",2.00
8688,36839.00,"4- Demerara- Mahaica",,"Camp & Croal St.",,"-58.1613","6.8084",,,2/7/2004 0:00:00,12/30/1899 2:00:00,"D- Property Damage","F- Driver",24.00,"Male","K- Private Cars;M- Hire Cars","S- Driver's Negligence",2.00
8689,36840.00,"4- Demerara- Mahaica",,"Middle & Thomas St.",,"-58.1576","6.8150",,,2/7/2004 0:00:00,12/30/1899 10:15:00,"D- Property Damage","F- Driver",49.00,"Female","K- Private Cars","S- Driver's Negligence",2.00
8690,36841.00,"4- Demerara- Mahaica",,"North Rd. & New Garden St.",,"-58.1505","6.8091",,,2/7/2004 0:00:00,12/30/1899 15:00:00,"C- Minor Injury","F- Driver",,"Male","L- Lorries Van;V-Motor Cycle","S- Driver's Negligence",2.00
8691,36842.00,"4- Demerara- Mahaica",,"Regent & Albert St.",,"-58.1538","6.8084",,,2/9/2004 0:00:00,12/30/1899 8:30:00,"D- Property Damage","F- Driver",38.00,"Male","K- Private Cars;M- Hire Cars","S- Driver's Negligence",3.00
8692,36843.00,"4- Demerara- Mahaica",,"Brickdam & Smyth St.",,"-58.1635","6.8083",,,2/10/2004 0:00:00,12/30/1899 22:40:00,"D- Property Damage","F- Driver",43.00,"Male","K- Private Cars;L- Lorries Van","S- Driver's Negligence",2.00
8693,36844.00,"4- Demerara- Mahaica",,"Ave. Of The Republic",,"-58.1651","6.8117",,,2/10/2004 0:00:00,12/30/1899 15:30:00,"D- Property Damage","F- Driver",,"Male","J- Minibus","S- Driver's Negligence",2.00
8694,36845.00,"4- Demerara- Mahaica",,"East St.",,"-58.1559","6.8148",,,2/11/2004 0:00:00,12/30/1899 7:30:00,"D- Property Damage","F- Driver",,"Male","K- Private Cars;L- Lorries Van","S- Driver's Negligence",2.00
8695,36846.00,"4- Demerara- Mahaica",,"North Rd. & Bourda St.",,"-58.1581","6.8111",,,2/7/2004 0:00:00,12/30/1899 21:50:00,"D- Property Damage","F- Driver",,"Male","L- Lorries Van","S- Driver's Negligence",2.00
8696,36847.00,"4- Demerara- Mahaica",,"Almond & New Garden St.",,"-58.1497","6.8121",,,2/9/2004 0:00:00,12/30/1899 8:25:00,"C- Minor Injury","F- Driver",,"Male","L- Lorries Van;M- Hire Cars","S- Driver's Negligence",2.00
8697,36848.00,"4- Demerara- Mahaica",,"Robb & Camp St.",,"-58.1606","6.8111",,,2/11/2004 0:00:00,12/30/1899 15:35:00,"D- Property Damage","F- Driver",,"Male","K- Private Cars;L- Lorries Van","S- Driver's Negligence",2.00
8698,36849.00,"4- Demerara- Mahaica",,"Cornhill & Brickdam St.",,"-58.1572","6.8066",,,2/12/2004 0:00:00,12/30/1899 10:00:00,"D- Property Damage","F- Driver",,"Male","J- Minibus;K- Private Cars","S- Driver's Negligence",2.00