"ID","Accident ID","Region Number","Corridor ID","Location (Intersection/Road/Street)","Corridor","Location- longitude/ X","Location- latitude/  Y","Mile Marker","Village","Date of Accident","Time of Accident","Type of Accident","Class of Road User","Age/DOB","Gender","Class of Vehicles Involved","Contributing Factor","Number of Persons Involved"
8699,36850.00,"4- Demerara- Mahaica",,"East St.",,"-58.1559","6.8148",,,2/5/2004 0:00:00,12/30/1899 18:30:00,"D- Property Damage","F- Driver",50.00,"Male","J- Minibus","S- Driver's Negligence",2.00
8700,36851.00,"4- Demerara- Mahaica",,"South Rd. & Wellington St.",,"-58.1629","6.8091",,,2/13/2004 0:00:00,12/30/1899 18:15:00,"D- Property Damage","F- Driver",48.00,"Male","J- Minibus","S- Driver's Negligence",2.00
8701,36852.00,"4- Demerara- Mahaica",,"Thomas St.",,"-58.1577","6.8148",,,2/12/2004 0:00:00,12/30/1899 13:15:00,"D- Property Damage","F- Driver",27.00,"Male","K- Private Cars","S- Driver's Negligence",2.00
8702,36853.00,"4- Demerara- Mahaica",,"Almond & New Garden St.",,"-58.1497","6.8121",,,2/15/2004 0:00:00,12/30/1899 0:45:00,"A- Fatal","F- Driver",22.00,"Male","K- Private Cars;V-Motor Cycle","S- Driver's Negligence",2.00
8703,36854.00,"4- Demerara- Mahaica",,"Croal St.",,"-58.1581","6.8076",,,2/16/2004 0:00:00,12/30/1899 16:45:00,"D- Property Damage","F- Driver",25.00,"Male","J- Minibus;M- Hire Cars","S- Driver's Negligence",2.00
8704,36855.00,"4- Demerara- Mahaica",,"Ave. Of The Republic & Regent St.",,"-58.1653","6.8115",,,2/16/2004 0:00:00,12/30/1899 19:30:00,"D- Property Damage","F- Driver",28.00,"Male","J- Minibus","S- Driver's Negligence",2.00
8705,36856.00,"4- Demerara- Mahaica",,"North Rd. & Cummings St.",,"-58.1562","6.8107",,,2/17/2004 0:00:00,12/30/1899 7:10:00,"D- Property Damage","F- Driver",42.00,"Male","K- Private Cars;M- Hire Cars","S- Driver's Negligence",2.00
8706,36857.00,"4- Demerara- Mahaica",,"New Garden St. & Anira St.",,"-58.1489","6.8150",,,2/17/2004 0:00:00,12/30/1899 15:20:00,"B- Serious Injury","E- Pedestrian",7.00,"Male","K- Private Cars","T-Pedestrian's Negligence",2.00
8707,36858.00,"4- Demerara- Mahaica",,"Camp St.",,"-58.1600","6.8137",,,2/17/2004 0:00:00,12/30/1899 13:30:00,"D- Property Damage","F- Driver",33.00,"Male","J- Minibus;K- Private Cars","S- Driver's Negligence",2.00
8708,36859.00,"4- Demerara- Mahaica",,"Ave. Of The Republic",,"-58.1651","6.8117",,,2/19/2004 0:00:00,12/30/1899 16:40:00,"D- Property Damage","F- Driver",,"Male","L- Lorries Van;V-Motor Cycle","S- Driver's Negligence",2.00
8709,36860.00,"4- Demerara- Mahaica",,"Ave. Of The Republic",,"-58.1651","6.8117",,,2/20/2004 0:00:00,12/30/1899 16:40:00,"D- Property Damage","F- Driver",58.00,"Male","J- Minibus;N- Pickup","S- Driver's Negligence",2.00
8710,36861.00,"4- Demerara- Mahaica",,"North Rd. & Orange Walk",,"-58.1572","6.8109",,,2/20/2004 0:00:00,12/30/1899 19:15:00,"C- Minor Injury","F- Driver",40.00,"Male","K- Private Cars;V-Motor Cycle","S- Driver's Negligence",2.00
8711,36862.00,"4- Demerara- Mahaica",,"Lime St.",,"-58.1586","6.8050",,,2/18/2004 0:00:00,12/30/1899 16:25:00,"D- Property Damage","F- Driver",32.00,"Male","J- Minibus;K- Private Cars","S- Driver's Negligence",2.00
8712,36863.00,"4- Demerara- Mahaica",,"Regent & Wellington St.",,"-58.1624","6.8107",,,2/23/2004 0:00:00,12/30/1899 19:00:00,"D- Property Damage","F- Driver",,"Male","L- Lorries Van;M- Hire Cars","S- Driver's Negligence",2.00
8713,36864.00,"4- Demerara- Mahaica",,"Regent St.",,"-58.1604","6.8102",,,2/23/2004 0:00:00,12/30/1899 14:00:00,"D- Property Damage","F- Driver",,"Male","J- Minibus;K- Private Cars","S- Driver's Negligence",2.00
8714,36865.00,"4- Demerara- Mahaica",,"Regent & Albert St.",,"-58.1538","6.8084",,,2/24/2004 0:00:00,12/30/1899 12:10:00,"D- Property Damage","F- Driver",,"Male","K- Private Cars","S- Driver's Negligence",2.00
8715,36866.00,"4- Demerara- Mahaica",,"Vlissengen Rd. & Croal St.",,"-58.1508","6.8058",,,2/18/2004 0:00:00,12/30/1899 7:40:00,"D- Property Damage","F- Driver",45.00,"Male","K- Private Cars","S- Driver's Negligence",2.00
8716,36867.00,"4- Demerara- Mahaica",,"Regent & Cummings St.",,"-58.1566","6.8092",,,2/21/2004 0:00:00,12/30/1899 9:55:00,"D- Property Damage","F- Driver",,"Male","M- Hire Cars;V-Motor Cycle","S- Driver's Negligence",2.00
8717,36868.00,"4- Demerara- Mahaica",,"Camp & Quamina St.",,"-58.1599","6.8138",,,2/26/2004 0:00:00,12/30/1899 11:00:00,"D- Property Damage","F- Driver",47.00,"Male","K- Private Cars","S- Driver's Negligence",2.00
8718,36869.00,"4- Demerara- Mahaica",,"Vlissengen Rd. & Homestretch Ave.",,"-58.1508","6.8058",,,2/27/2004 0:00:00,12/30/1899 11:20:00,"D- Property Damage","F- Driver",,"Male","K- Private Cars;M- Hire Cars","S- Driver's Negligence",2.00
8719,36870.00,"4- Demerara- Mahaica",,"Camp St.",,"-58.1600","6.8137",,,2/25/2004 0:00:00,12/30/1899 12:00:00,"D- Property Damage","F- Driver",21.00,"Male","K- Private Cars;N- Pickup","S- Driver's Negligence",3.00
8720,36871.00,"4- Demerara- Mahaica",,"Irving St.",,"-58.1455","6.8177",,,2/28/2004 0:00:00,12/30/1899 14:40:00,"B- Serious Injury","F- Driver",,"Male","K- Private Cars","S- Driver's Negligence",2.00
8721,36872.00,"4- Demerara- Mahaica",,"Croal & Camp St.",,"-58.1613","6.8085",,,2/29/2004 0:00:00,12/30/1899 0:15:00,"D- Property Damage","F- Driver",,"Male","J- Minibus;K- Private Cars","S- Driver's Negligence",2.00
8722,36873.00,"4- Demerara- Mahaica",,"Croal St.",,"-58.1581","6.8076",,,3/1/2004 0:00:00,12/30/1899 10:45:00,"C- Minor Injury","F- Driver",,"Male","K- Private Cars","S- Driver's Negligence",2.00
8723,36874.00,"4- Demerara- Mahaica",,"Camp & Middle St.",,"-58.1599","6.8138",,,3/1/2004 0:00:00,12/30/1899 12:50:00,"D- Property Damage","F- Driver",,"Male","K- Private Cars","S- Driver's Negligence",2.00
8724,36875.00,"4- Demerara- Mahaica",,"Lamaha & Albert St.",,"-58.1515","6.8167",,,3/1/2004 0:00:00,12/30/1899 9:05:00,"D- Property Damage","F- Driver",,"Male","K- Private Cars","S- Driver's Negligence",2.00
8725,36876.00,"4- Demerara- Mahaica",,"Croal St.",,"-58.1581","6.8076",,,2/11/2004 0:00:00,12/30/1899 19:28:00,"C- Minor Injury","E- Pedestrian",33.00,"Male","J- Minibus","T-Pedestrian's Negligence",2.00
8726,36877.00,"4- Demerara- Mahaica",,"Vlissengen Rd. & South Rd.",,"-58.1508","6.8059",,,2/24/2004 0:00:00,12/30/1899 17:30:00,"D- Property Damage","F- Driver",,"Male","J- Minibus;L- Lorries Van","S- Driver's Negligence",2.00
8727,36878.00,"4- Demerara- Mahaica",,"Ave. Of The Republic",,"-58.1651","6.8117",,,3/1/2004 0:00:00,12/30/1899 13:40:00,"D- Property Damage","F- Driver",42.00,"Male","L- Lorries Van;M- Hire Cars","S- Driver's Negligence",2.00
8728,36879.00,"4- Demerara- Mahaica",,"Regent & Camp St.",,"-58.1608","6.8103",,,3/26/2004 0:00:00,12/30/1899 10:50:00,"C- Minor Injury","F- Driver",,"Male","K- Private Cars","S- Driver's Negligence",2.00
8729,36880.00,"4- Demerara- Mahaica",,"North Rd. & Cummings St.",,"-58.1562","6.8107",,,3/26/2004 0:00:00,12/30/1899 8:45:00,"B- Serious Injury","F- Driver",45.00,"Male","L- Lorries Van;V-Motor Cycle","S- Driver's Negligence",2.00
8730,36881.00,"4- Demerara- Mahaica",,"Lamaha & Camp St.",,"-58.1584","6.8186",,"Georgetown",7/30/2003 0:00:00,12/30/1899 3:20:00,"D- Property Damage","F- Driver;I- Pillion Rider",48.00,"Male","J- Minibus","S- Driver's Negligence",2.00
8731,36882.00,"4- Demerara- Mahaica",,"Regent & Alexander St.",,"-58.1593","6.8099",,"Georgetown",7/25/2003 0:00:00,12/30/1899 11:30:00,"D- Property Damage","G- Rider",,"Male","V-Motor Cycle","U- Cyclist's Negligence",2.00
8732,36883.00,"4- Demerara- Mahaica",,"Vlissengen & North Rd.",,"-58.1479","6.8085",,"Georgetown",7/30/2003 0:00:00,12/30/1899 12:00:00,"D- Property Damage","F- Driver",28.00,"Male","K- Private Cars","S- Driver's Negligence",2.00
8733,36884.00,"4- Demerara- Mahaica",,"Vlissengen & Regent St.",,"-58.1489","6.8070",,"Georgetown",7/31/2003 0:00:00,12/30/1899 11:00:00,"D- Property Damage","F- Driver;G- Rider",36.00,"Male","K- Private Cars;V-Motor Cycle","U- Cyclist's Negligence",2.00
8734,36885.00,"4- Demerara- Mahaica",,"Robb St. & Orange Walk",,"-58.1573","6.8102",,"Georgetown",7/31/2003 0:00:00,12/30/1899 20:00:00,"D- Property Damage","F- Driver",,"Male","K- Private Cars","S- Driver's Negligence",2.00
8735,36886.00,"4- Demerara- Mahaica",,"J. B. Singh Rd.",,"-58.1449","6.8203",,"Georgetown",8/1/2003 0:00:00,12/30/1899 20:10:00,"D- Property Damage","F- Driver",36.00,"Male","J- Minibus;M- Hire Cars","S- Driver's Negligence",2.00
8736,36887.00,"4- Demerara- Mahaica",,"Carmichael St.",,"-58.1629","6.8159",,"Georgetown",8/2/2003 0:00:00,12/30/1899 14:30:00,"C- Minor Injury","E- Pedestrian;F- Driver",,"Male","N- Pickup","S- Driver's Negligence",2.00
8737,36888.00,"4- Demerara- Mahaica",,"Camp & Lahama",,"-58.1584","6.8186",,"Georgetown",8/3/2003 0:00:00,12/30/1899 15:40:00,"C- Minor Injury","F- Driver",,"Male","L- Lorries Van","S- Driver's Negligence",2.00
8738,36889.00,"4- Demerara- Mahaica",,"Albert & Third St.",,"-58.1523","6.8139",,"Georgetown",8/3/2003 0:00:00,12/30/1899 23:55:00,"B- Serious Injury","F- Driver",35.00,"Male","J- Minibus;V-Motor Cycle","S- Driver's Negligence",3.00
8739,36890.00,"4- Demerara- Mahaica",,"Camp &  New Market St.",,"-58.1591","6.8170",,"Georgetown",8/4/2003 0:00:00,12/30/1899 17:00:00,"C- Minor Injury","F- Driver;G- Rider",26.00,"Male","K- Private Cars;V-Motor Cycle","S- Driver's Negligence",2.00
8740,36891.00,"4- Demerara- Mahaica",,"Bent St.",,"-58.1576","6.8050",,"Georgetown",8/4/2003 0:00:00,12/30/1899 8:55:00,"D- Property Damage","F- Driver",36.00,"Male","K- Private Cars;Z- Animal Drawn","S- Driver's Negligence;Y-Animal",2.00
8741,36892.00,"4- Demerara- Mahaica",,"Robb & Albert St.",,"-58.1535","6.8092",,"Georgetown",8/4/2003 0:00:00,12/30/1899 12:50:00,"D- Property Damage","F- Driver;G- Rider",,"Male","K- Private Cars;V-Motor Cycle","S- Driver's Negligence;U- Cyclist's Negligence",2.00
8742,36893.00,"4- Demerara- Mahaica",,"Regent & Vlissengen",,"-58.1489","6.8070",,"Georgetown",8/4/2003 0:00:00,12/30/1899 13:20:00,"D- Property Damage","F- Driver",,"Male","L- Lorries Van","S- Driver's Negligence",2.00
8743,36894.00,"4- Demerara- Mahaica",,"Brummel Place & Brickdam",,"-58.1543","6.8059",,"Georgetown",8/5/2003 0:00:00,12/30/1899 7:45:00,"C- Minor Injury","F- Driver;G- Rider;I- Pillion Rider",21.00,"Female","M- Hire Cars;V-Motor Cycle","U- Cyclist's Negligence",3.00
8744,36895.00,"4- Demerara- Mahaica",,"Regent & Cummings",,"-58.1566","6.8092",,"Georgetown",8/22/2003 0:00:00,12/30/1899 14:30:00,"C- Minor Injury","G- Rider",57.00,"Male","V-Motor Cycle;W-Pedal Cycle","U- Cyclist's Negligence",2.00
8745,36896.00,"4- Demerara- Mahaica",,"North Rd. & Avenue Republic",,"-58.1534","6.8099",,"Georgetown",8/2/2003 0:00:00,12/30/1899 13:45:00,"C- Minor Injury","F- Driver;G- Rider;I- Pillion Rider",25.00,"Male","J- Minibus;W-Pedal Cycle","S- Driver's Negligence",3.00
8746,36897.00,"4- Demerara- Mahaica",,"North Street",,"-58.1569","6.8108",,"Georgetown",8/7/2003 0:00:00,12/30/1899 13:00:00,"D- Property Damage","F- Driver",25.00,"Male","L- Lorries Van;M- Hire Cars","S- Driver's Negligence",2.00
8747,36898.00,"4- Demerara- Mahaica",,"Croal & longden",,"-58.1668","6.8100",,"Georgetown",6/6/2003 0:00:00,12/30/1899 0:00:00,"C- Minor Injury","E- Pedestrian;F- Driver",,"Male","J- Minibus","S- Driver's Negligence",2.00
8748,36899.00,"4- Demerara- Mahaica",,"Regent & King St",,"-58.1641","6.8112",,"Georgetown",6/7/2003 0:00:00,12/30/1899 0:00:00,"B- Serious Injury","F- Driver",31.00,"Male","M- Hire Cars;V-Motor Cycle","S- Driver's Negligence",3.00
8749,36900.00,"4- Demerara- Mahaica",,"Avenue of Republic",,"-58.1651","6.8117",,"Georgetown",6/8/2003 0:00:00,12/30/1899 16:00:00,"D- Property Damage","F- Driver",,,,"S- Driver's Negligence",2.00
8750,36901.00,"4- Demerara- Mahaica",,"Crown & Irving St.",,"-58.1469","6.8125",,"Georgetown",6/9/2003 0:00:00,12/30/1899 18:20:00,"D- Property Damage","F- Driver",19.00,"Male","J- Minibus;K- Private Cars","S- Driver's Negligence",2.00
8751,36902.00,"4- Demerara- Mahaica",,"Hadfield St.",,"-58.1650","6.8079",,"Georgetown",6/6/2003 0:00:00,12/30/1899 18:00:00,"D- Property Damage","F- Driver",27.00,"Male","L- Lorries Van;M- Hire Cars","S- Driver's Negligence",2.00
8752,36903.00,"4- Demerara- Mahaica",,"Main St.",,"-58.1276","6.8221",,"Georgetown",6/10/2003 0:00:00,12/30/1899 11:00:00,"D- Property Damage","F- Driver",43.00,"Male","J- Minibus;M- Hire Cars","S- Driver's Negligence",2.00
8753,36904.00,"4- Demerara- Mahaica",,"Avenue of Republic",,"-58.1651","6.8117",,"Georgetown",6/9/2003 0:00:00,12/30/1899 12:15:00,"C- Minor Injury","F- Driver",41.00,"Male","J- Minibus","S- Driver's Negligence",2.00
8754,36905.00,"4- Demerara- Mahaica",,"Avenue of Republic",,"-58.1651","6.8117",,"Georgetown",6/12/2003 0:00:00,12/30/1899 6:20:00,"C- Minor Injury","F- Driver",41.00,"Male","J- Minibus","S- Driver's Negligence",2.00
8755,36906.00,"4- Demerara- Mahaica",,"Regent & Camp St.",,"-58.1608","6.8103",,"Georgetown",6/7/2003 0:00:00,12/30/1899 0:00:00,"D- Property Damage","F- Driver",57.00,"Male","M- Hire Cars;V-Motor Cycle","S- Driver's Negligence",2.00
8756,36907.00,"4- Demerara- Mahaica",,"Cummings & Regent",,"-58.1566","6.8092",,"Georgetown",6/13/2003 0:00:00,12/30/1899 0:00:00,"B- Serious Injury","F- Driver",43.00,"Female","K- Private Cars","S- Driver's Negligence",2.00
8757,36908.00,"4- Demerara- Mahaica",,"Regent & Cummings",,"-58.1566","6.8092",,"Georgetown",5/2/2003 0:00:00,12/30/1899 16:20:00,"C- Minor Injury","G- Rider",27.00,"Male","M- Hire Cars;V-Motor Cycle","S- Driver's Negligence",2.00
8758,36909.00,"4- Demerara- Mahaica",,"Brickdam",,"-58.1552","6.8061",,"Georgetown",6/14/2003 0:00:00,12/30/1899 16:30:00,"D- Property Damage","F- Driver",40.00,"Male","J- Minibus","S- Driver's Negligence",2.00
8759,36910.00,"4- Demerara- Mahaica",,"Main St.",,"-58.1276","6.8221",,"Georgetown",6/15/2003 0:00:00,12/30/1899 22:30:00,"B- Serious Injury","F- Driver",26.00,"Male","L- Lorries Van;M- Hire Cars","S- Driver's Negligence",2.00
8760,36911.00,"4- Demerara- Mahaica",,"Regent & Alexander",,"-58.1593","6.8099",,"Georgetown",6/16/2003 0:00:00,12/30/1899 11:15:00,"D- Property Damage","F- Driver",,,"K- Private Cars","S- Driver's Negligence",4.00
8761,36912.00,"4- Demerara- Mahaica",,"Camp St",,"-58.1600","6.8137",,"Georgetown",6/16/2003 0:00:00,12/30/1899 10:00:00,"D- Property Damage","G- Rider",27.00,"Male","V-Motor Cycle","S- Driver's Negligence",2.00
8762,36913.00,"4- Demerara- Mahaica",,"North Rd.",,"-58.1575","6.8110",,"Georgetown",6/17/2003 0:00:00,12/30/1899 16:00:00,"B- Serious Injury","F- Driver",32.00,"Male","M- Hire Cars","S- Driver's Negligence",2.00
8763,36914.00,"4- Demerara- Mahaica",,"Crown & Irving",,"-58.1469","6.8125",,"Georgetown",6/17/2003 0:00:00,12/30/1899 10:30:00,"B- Serious Injury","F- Driver",58.00,"Male","N- Pickup;V-Motor Cycle","S- Driver's Negligence;U- Cyclist's Negligence",2.00
8764,36915.00,"4- Demerara- Mahaica",,"Cornhill Street",,"-58.1574","6.8046",,"Georgetown",6/17/2003 0:00:00,12/30/1899 13:00:00,"D- Property Damage","F- Driver",53.00,"Male","J- Minibus;K- Private Cars","S- Driver's Negligence",2.00
8765,36916.00,"4- Demerara- Mahaica",,"Croal & Cummings",,"-58.1571","6.8073",,"Georgetown",6/18/2003 0:00:00,12/30/1899 8:15:00,"C- Minor Injury","F- Driver",51.00,"Male","M- Hire Cars","S- Driver's Negligence",2.00
8766,36917.00,"4- Demerara- Mahaica",,"Brickdam",,"-58.1552","6.8061",,"Georgetown",6/18/2003 0:00:00,12/30/1899 14:30:00,"D- Property Damage","F- Driver",40.00,"Male","K- Private Cars;N- Pickup","S- Driver's Negligence",2.00
8767,36918.00,"4- Demerara- Mahaica",,"North Road",,"-58.1575","6.8110",,"Georgetown",6/17/2003 0:00:00,12/30/1899 17:30:00,"D- Property Damage","F- Driver",,"Male","K- Private Cars","S- Driver's Negligence",2.00
8768,36919.00,"4- Demerara- Mahaica",,"Cummings & Regent",,"-58.1566","6.8092",,"Georgetown",6/17/2003 0:00:00,12/30/1899 14:00:00,"D- Property Damage","F- Driver",38.00,"Male","M- Hire Cars","S- Driver's Negligence",2.00
8769,36920.00,"4- Demerara- Mahaica",,"Regent & Bourda",,"-58.1584","6.8096",,"Georgetown",6/20/2003 0:00:00,12/30/1899 11:30:00,"D- Property Damage","F- Driver",33.00,"Male","J- Minibus","S- Driver's Negligence",2.00
8770,36921.00,"4- Demerara- Mahaica",,"Durban & Hardina",,"-58.1554","6.8036",,"Georgetown",6/21/2003 0:00:00,12/30/1899 17:30:00,"B- Serious Injury","F- Driver;G- Rider",,"Male","K- Private Cars;V-Motor Cycle","S- Driver's Negligence",2.00
8771,36922.00,"4- Demerara- Mahaica",,"Croal St.",,"-58.1581","6.8076",,"Georgetown",6/21/2003 0:00:00,12/30/1899 10:00:00,"D- Property Damage","F- Driver",47.00,"Male","J- Minibus;N- Pickup","S- Driver's Negligence",2.00
8772,36923.00,"4- Demerara- Mahaica",,"Robb & Camp St",,"-58.1606","6.8111",,"Georgetown",6/22/2003 0:00:00,12/30/1899 8:45:00,"D- Property Damage","F- Driver",49.00,"Male","J- Minibus;M- Hire Cars","S- Driver's Negligence",2.00
8773,36924.00,"4- Demerara- Mahaica",,"Vlissengen & Church St.",,"-58.1479","6.8089",,"Georgetown",6/23/2003 0:00:00,12/30/1899 11:45:00,"D- Property Damage","F- Driver",52.00,"Male","K- Private Cars;L- Lorries Van","S- Driver's Negligence",2.00
8774,36925.00,"4- Demerara- Mahaica",,"King & Charlotte",,"-58.1643","6.8103",,"Georgetown",6/22/2003 0:00:00,12/30/1899 20:20:00,"C- Minor Injury","F- Driver",22.00,"Male","J- Minibus;K- Private Cars","S- Driver's Negligence",2.00
8775,36926.00,"4- Demerara- Mahaica",,"Lahama St.",,"-58.1564","6.8181",,"Georgetown",6/20/2003 0:00:00,12/30/1899 20:20:00,"B- Serious Injury","F- Driver",26.00,"Male","K- Private Cars","T-Pedestrian's Negligence",2.00
8776,36927.00,"4- Demerara- Mahaica",,"North & Camp",,"-58.1604","6.8118",,"Georgetown",6/23/2003 0:00:00,12/30/1899 14:30:00,"D- Property Damage","F- Driver",71.00,"Male","K- Private Cars","S- Driver's Negligence",2.00
8777,36928.00,"4- Demerara- Mahaica",,"Church & Thomas",,"-58.1585","6.8117",,"Georgetown",6/23/2003 0:00:00,12/30/1899 15:43:00,"D- Property Damage","F- Driver",27.00,"Male","M- Hire Cars","S- Driver's Negligence",2.00
8778,36929.00,"4- Demerara- Mahaica",,"Camp St.",,"-58.1600","6.8137",,"Georgetown",6/23/2003 0:00:00,12/30/1899 7:45:00,"D- Property Damage","F- Driver",32.00,"Female","J- Minibus;K- Private Cars","S- Driver's Negligence",2.00
8779,36930.00,"4- Demerara- Mahaica",,"King St.",,"-58.1641","6.8109",,"Georgetown",6/24/2003 0:00:00,12/30/1899 13:30:00,"D- Property Damage","F- Driver",25.00,"Male","K- Private Cars;N- Pickup","S- Driver's Negligence",2.00
8780,36931.00,"4- Demerara- Mahaica",,"Vlissengen & Hadfield St.",,"-58.1513","6.8042",,"Georgetown",6/22/2003 0:00:00,,"C- Minor Injury","F- Driver",42.00,"Male","M- Hire Cars;V-Motor Cycle","S- Driver's Negligence",2.00
8781,36932.00,"4- Demerara- Mahaica",,"Regent St",,"-58.1604","6.8102",,"Georgetown",6/22/2003 0:00:00,12/30/1899 16:30:00,"D- Property Damage","F- Driver",,"Male","J- Minibus;K- Private Cars","S- Driver's Negligence",2.00
8782,36933.00,"4- Demerara- Mahaica",,"Crown & Irving",,"-58.1469","6.8125",,"Georgetown",6/22/2003 0:00:00,12/30/1899 18:30:00,"D- Property Damage","F- Driver",,"Male","K- Private Cars","S- Driver's Negligence",2.00
8783,36934.00,"4- Demerara- Mahaica",,"North Rd",,"-58.1575","6.8110",,"Georgetown",6/22/2003 0:00:00,12/30/1899 21:30:00,"B- Serious Injury","G- Rider",,"Male","V-Motor Cycle","O- Lost Control & Runoff",2.00
8784,36935.00,"4- Demerara- Mahaica",,"Camp & North",,"-58.1604","6.8118",,"Georgetown",6/22/2003 0:00:00,12/30/1899 15:20:00,"D- Property Damage","F- Driver",24.00,"Male","L- Lorries Van","S- Driver's Negligence",2.00
8785,36936.00,"4- Demerara- Mahaica",,"Charlotte & Wellington",,"-58.1627","6.8099",,"Georgetown",6/22/2003 0:00:00,12/30/1899 1:30:00,"C- Minor Injury","F- Driver",28.00,"Male","K- Private Cars;V-Motor Cycle","U- Cyclist's Negligence",2.00
8786,36937.00,"4- Demerara- Mahaica",,"Thomas Lands & Albert St",,"-58.1506","6.8198",,"Georgetown",6/22/2003 0:00:00,12/30/1899 8:30:00,"D- Property Damage","F- Driver",37.00,"Male","M- Hire Cars;V-Motor Cycle","S- Driver's Negligence",2.00
8787,36938.00,"4- Demerara- Mahaica",,"North Rd. & Water St.",,"-58.1666","6.8134",,"Georgetown",6/22/2003 0:00:00,12/30/1899 13:30:00,"D- Property Damage","F- Driver",48.00,"Male","J- Minibus;K- Private Cars","S- Driver's Negligence",2.00
8788,36939.00,"4- Demerara- Mahaica",,"Robb & King St.",,"-58.1639","6.8120",,"Georgetown",6/22/2003 0:00:00,12/30/1899 16:15:00,"D- Property Damage","F- Driver",,,"K- Private Cars;M- Hire Cars","S- Driver's Negligence",2.00
8789,36940.00,"4- Demerara- Mahaica",,"Cummings & Third St.",,"-58.1551","6.8147",,"Georgetown",6/22/2003 0:00:00,12/30/1899 17:15:00,"C- Minor Injury","G- Rider",,"Male","K- Private Cars;V-Motor Cycle","S- Driver's Negligence",2.00
8790,36941.00,"4- Demerara- Mahaica",,"Church & Cummings",,"-58.1561","6.8111",,"Georgetown",6/22/2003 0:00:00,12/30/1899 22:15:00,"A- Fatal","F- Driver",49.00,"Male","K- Private Cars;L- Lorries Van","S- Driver's Negligence",5.00
8791,36942.00,"4- Demerara- Mahaica",,"Avenue of Republic",,"-58.1651","6.8117",,"Georgetown",6/22/2003 0:00:00,12/30/1899 4:00:00,"D- Property Damage","F- Driver",51.00,"Male","J- Minibus;K- Private Cars","S- Driver's Negligence",2.00
8792,36943.00,"4- Demerara- Mahaica",,"New Garden & North Rd.",,"-58.1505","6.8091",,"Georgetown",6/22/2003 0:00:00,12/30/1899 11:30:00,"C- Minor Injury","F- Driver;G- Rider",32.00,"Male","K- Private Cars;V-Motor Cycle","S- Driver's Negligence",2.00
8793,36944.00,"4- Demerara- Mahaica",,"South Rd. & camp St.",,"-58.1612","6.8087",,"Georgetown",6/22/2003 0:00:00,12/30/1899 8:00:00,"D- Property Damage","F- Driver",,"Male","J- Minibus;K- Private Cars","S- Driver's Negligence",2.00
8794,36945.00,"4- Demerara- Mahaica",,"Lamaha & Cummings",,"-58.1543","6.8174",,"Georgetown",6/22/2003 0:00:00,12/30/1899 13:45:00,"B- Serious Injury","F- Driver;G- Rider",68.00,"Male","K- Private Cars;V-Motor Cycle","U- Cyclist's Negligence",2.00
8795,36946.00,"4- Demerara- Mahaica",,"Durban St.",,"-58.1526","6.8028",,"Georgetown",6/22/2003 0:00:00,12/30/1899 13:30:00,"C- Minor Injury","F- Driver",20.00,"Male","K- Private Cars","T-Pedestrian's Negligence",2.00
8796,36947.00,"4- Demerara- Mahaica",,"Bourda St",,"-58.1585","6.8095",,"Georgetown",6/22/2003 0:00:00,12/30/1899 16:00:00,"D- Property Damage","F- Driver",26.00,"Male","K- Private Cars;L- Lorries Van","S- Driver's Negligence",2.00
8797,36948.00,"4- Demerara- Mahaica",,"Main & New Market",,"-58.1638","6.8183",,"Georgetown",6/22/2003 0:00:00,12/30/1899 8:30:00,"D- Property Damage","F- Driver",,"Male","J- Minibus;K- Private Cars","S- Driver's Negligence",2.00
8798,36949.00,"4- Demerara- Mahaica",,"Lahama & Albert",,"-58.1515","6.8167",,"Georgetown",7/4/2003 0:00:00,12/30/1899 8:50:00,"D- Property Damage","F- Driver",,"Male","J- Minibus;L- Lorries Van","S- Driver's Negligence",2.00
8799,36950.00,"4- Demerara- Mahaica",,"Croal St.",,"-58.1581","6.8076",,"Georgetown",7/4/2003 0:00:00,12/30/1899 11:30:00,"D- Property Damage","F- Driver",,"Male","J- Minibus;L- Lorries Van","S- Driver's Negligence",2.00
8800,36951.00,"4- Demerara- Mahaica",,"Durban & Camp St.",,"-58.1620","6.8053",,"Georgetown",7/4/2003 0:00:00,12/30/1899 17:00:00,"C- Minor Injury","F- Driver",,"Male","J- Minibus;K- Private Cars","S- Driver's Negligence",2.00
8801,36952.00,"4- Demerara- Mahaica",,"Regent & Albert",,"-58.1538","6.8084",,"Georgetown",7/3/2003 0:00:00,12/30/1899 23:30:00,"D- Property Damage","F- Driver",,"Male","K- Private Cars","S- Driver's Negligence",2.00
8802,36953.00,"4- Demerara- Mahaica",,"Camp & New Market",,"-58.1591","6.8170",,"Georgetown",7/3/2003 0:00:00,12/30/1899 20:00:00,"C- Minor Injury","F- Driver",32.00,"Male","K- Private Cars;V-Motor Cycle","U- Cyclist's Negligence",3.00
8803,36954.00,"4- Demerara- Mahaica",,"North Rd. & New Garden",,"-58.1505","6.8091",,"Georgetown",7/7/2003 0:00:00,12/30/1899 10:45:00,"D- Property Damage","F- Driver",,"Female","K- Private Cars","S- Driver's Negligence",2.00
8804,36955.00,"4- Demerara- Mahaica",,"Camp St.",,"-58.1600","6.8137",,"Georgetown",7/2/2003 0:00:00,12/30/1899 12:00:00,"D- Property Damage","F- Driver",24.00,"Male","L- Lorries Van;M- Hire Cars","S- Driver's Negligence",2.00
8805,36956.00,"4- Demerara- Mahaica",,"South Rd.",,"-58.1586","6.8079",,"Georgetown",7/8/2003 0:00:00,12/30/1899 13:30:00,,,38.00,"Male","L- Lorries Van","S- Driver's Negligence",3.00
8806,36957.00,"4- Demerara- Mahaica",,"North Rd. & Camp St.",,"-58.1604","6.8118",,"Georgetown",7/8/2003 0:00:00,12/30/1899 12:13:00,"D- Property Damage","F- Driver",42.00,"Male","L- Lorries Van;M- Hire Cars","S- Driver's Negligence",2.00