"ID","Accident ID","Region Number","Corridor ID","Location (Intersection/Road/Street)","Corridor","Location- longitude/ X","Location- latitude/  Y","Mile Marker","Village","Date of Accident","Time of Accident","Type of Accident","Class of Road User","Age/DOB","Gender","Class of Vehicles Involved","Contributing Factor","Number of Persons Involved"
8807,36958.00,"4- Demerara- Mahaica",,"Robb & Albert St",,"-58.1535","6.8092",,"Georgetown",7/8/2003 0:00:00,12/30/1899 0:53:00,"D- Property Damage","F- Driver",,"Male","J- Minibus;K- Private Cars","S- Driver's Negligence",2.00
8808,36959.00,"4- Demerara- Mahaica",,"Camp & Quamina St.",,"-58.1599","6.8138",,"Georgetown",7/8/2003 0:00:00,12/30/1899 11:00:00,"D- Property Damage","F- Driver",29.00,"Male","K- Private Cars;N- Pickup","S- Driver's Negligence",2.00
8809,36960.00,"4- Demerara- Mahaica",,"Church & Albert St",,"-58.1532","6.8104",,"Georgetown",7/8/2003 0:00:00,12/30/1899 14:40:00,"C- Minor Injury","F- Driver;G- Rider",64.00,"Male","K- Private Cars;V-Motor Cycle","S- Driver's Negligence",2.00
8810,36961.00,"4- Demerara- Mahaica",,"Durban & Haley",,"-58.1522","6.8027",,"Georgetown",7/8/2003 0:00:00,12/30/1899 15:20:00,"C- Minor Injury","F- Driver",41.00,"Male","J- Minibus;M- Hire Cars","S- Driver's Negligence",2.00
8811,36962.00,"4- Demerara- Mahaica",,"Middle & Thomas",,"-58.1576","6.8150",,"Georgetown",7/12/2003 0:00:00,12/30/1899 10:20:00,"C- Minor Injury","G- Rider",34.00,"Male","J- Minibus;V-Motor Cycle","S- Driver's Negligence",2.00
8812,36963.00,"4- Demerara- Mahaica",,"Robb & Bourda",,"-58.1583","6.8105",,"Georgetown",7/13/2003 0:00:00,12/30/1899 16:13:00,"D- Property Damage","F- Driver",,"Male","J- Minibus","S- Driver's Negligence",2.00
8813,36964.00,"4- Demerara- Mahaica",,"Main St.",,"-58.1276","6.8221",,"Georgetown",7/6/2003 0:00:00,12/30/1899 13:30:00,"C- Minor Injury","F- Driver",,"Male","M- Hire Cars","S- Driver's Negligence",2.00
8814,36965.00,"4- Demerara- Mahaica",,"Durban & Haley",,"-58.1522","6.8027",,"Georgetown",7/16/2003 0:00:00,12/30/1899 17:10:00,"C- Minor Injury","F- Driver",,"Male","K- Private Cars;V-Motor Cycle","S- Driver's Negligence",3.00
8815,36966.00,"4- Demerara- Mahaica",,"Waterloo St.",,"-58.1612","6.8154",,"Georgetown",7/2/2003 0:00:00,12/30/1899 18:45:00,"D- Property Damage","F- Driver",33.00,"Male","K- Private Cars","S- Driver's Negligence",2.00
8816,36967.00,"4- Demerara- Mahaica",,"Avenue of Republic & America St.",,"-58.1658","6.8103",,"Georgetown",7/8/2003 0:00:00,12/30/1899 9:30:00,"B- Serious Injury","F- Driver",38.00,"Male","L- Lorries Van","T-Pedestrian's Negligence",2.00
8817,36968.00,"4- Demerara- Mahaica",,"Robb & Light St.",,"-58.1549","6.8095",,"Georgetown",7/20/2003 0:00:00,12/30/1899 12:30:00,"D- Property Damage","F- Driver",,,"K- Private Cars","U- Cyclist's Negligence",2.00
8818,36969.00,"4- Demerara- Mahaica",,"Brickdam",,"-58.1552","6.8061",,"Georgetown",7/21/2003 0:00:00,12/30/1899 20:35:00,"D- Property Damage","F- Driver",,,"L- Lorries Van","O- Lost Control & Runoff",3.00
8819,36970.00,"4- Demerara- Mahaica",,"Camp St.",,"-58.1600","6.8137",,"Georgetown",7/18/2003 0:00:00,12/30/1899 20:25:00,"D- Property Damage","F- Driver",43.00,"Male","K- Private Cars","S- Driver's Negligence",2.00
8820,36971.00,"4- Demerara- Mahaica",,"Croal St.",,"-58.1581","6.8076",,"Georgetown",7/11/2003 0:00:00,12/30/1899 16:30:00,"D- Property Damage","F- Driver",67.00,"Male","J- Minibus","S- Driver's Negligence",2.00
8821,36972.00,"4- Demerara- Mahaica",,"Norton St.",,"-58.1519","6.8017",,"Georgetown",7/23/2003 0:00:00,,"C- Minor Injury","G- Rider",,"Male","V-Motor Cycle","U- Cyclist's Negligence",2.00
8822,36973.00,"4- Demerara- Mahaica",,"Magnet Place & Brickdam",,"-58.1646","6.8085",,"Georgetown",7/23/2003 0:00:00,,"D- Property Damage","F- Driver",27.00,"Male","J- Minibus","S- Driver's Negligence",2.00
8823,36974.00,"4- Demerara- Mahaica",,"Norton St.",,"-58.1519","6.8017",,"Georgetown",7/24/2003 0:00:00,12/30/1899 13:05:00,"D- Property Damage","F- Driver",,"Male","N- Pickup","S- Driver's Negligence",2.00
8824,36975.00,"4- Demerara- Mahaica",,"Brickdam & Brummel Place",,"-58.1618","6.8079",,"Georgetown",7/23/2003 0:00:00,12/30/1899 18:30:00,"C- Minor Injury","F- Driver",38.00,"Female","N- Pickup","U- Cyclist's Negligence",2.00
8825,36976.00,"4- Demerara- Mahaica",,"Brickdam & Camp St.",,"-58.1615","6.8077",,"Georgetown",7/23/2003 0:00:00,12/30/1899 18:17:00,"D- Property Damage","F- Driver",,"Male","N- Pickup","S- Driver's Negligence",2.00
8826,36977.00,"4- Demerara- Mahaica",,"New Market & Waterloo St.",,"-58.1607","6.8175",,"Georgetown",7/23/2003 0:00:00,12/30/1899 8:00:00,"D- Property Damage","F- Driver",26.00,"Male","K- Private Cars","S- Driver's Negligence",2.00
8827,36978.00,"4- Demerara- Mahaica",,"Regent &  New Garden",,"-58.1512","6.8068",,"Georgetown",7/27/2003 0:00:00,12/30/1899 13:03:00,"A- Fatal","F- Driver",,,"J- Minibus;M- Hire Cars","P- Speeding",2.00
8828,36979.00,"4- Demerara- Mahaica",,"Durban & Louisa Row",,"-58.1575","6.8041",,"Georgetown",7/23/2003 0:00:00,12/30/1899 13:30:00,"D- Property Damage","F- Driver",26.00,"Male","M- Hire Cars","S- Driver's Negligence",2.00
8829,36980.00,"4- Demerara- Mahaica",,"Avenue of Republic",,"-58.1651","6.8117",,"Georgetown",7/28/2003 0:00:00,12/30/1899 17:10:00,"D- Property Damage","F- Driver",28.00,"Male","J- Minibus","S- Driver's Negligence",2.00
8830,36981.00,"4- Demerara- Mahaica",,"Cummings & North  Rd.",,"-58.1562","6.8107",,"Georgetown",7/28/2003 0:00:00,12/30/1899 11:30:00,"C- Minor Injury","F- Driver",33.00,"Male","M- Hire Cars","S- Driver's Negligence",2.00
8831,36982.00,"4- Demerara- Mahaica",,"South Rd. & Albert St.",,"-58.1542","6.8069",,"Georgetown",7/28/2003 0:00:00,12/30/1899 23:55:00,"D- Property Damage","F- Driver",30.00,"Male","K- Private Cars","S- Driver's Negligence",2.00
8832,36983.00,"4- Demerara- Mahaica",,"North Rd. & Albert St",,"-58.1534","6.8099",,"Georgetown",8/8/2003 0:00:00,12/30/1899 8:55:00,"B- Serious Injury","F- Driver",25.00,"Male","M- Hire Cars","U- Cyclist's Negligence",2.00
8833,36984.00,"4- Demerara- Mahaica",,"Regent & Hinck St.",,"-58.1661","6.8117",,"Georgetown",8/6/2003 0:00:00,12/30/1899 17:30:00,"D- Property Damage","F- Driver",23.00,"Female","K- Private Cars","S- Driver's Negligence",2.00
8834,36985.00,"4- Demerara- Mahaica",,"Regent St",,"-58.1604","6.8102",,"Georgetown",8/9/2003 0:00:00,12/30/1899 17:00:00,"D- Property Damage","F- Driver;H- Passenger",40.00,"Male","K- Private Cars","S- Driver's Negligence",2.00
8835,36986.00,"4- Demerara- Mahaica",,"Brickdam & Camp St",,"-58.1615","6.8077",,"Georgetown",8/10/2003 0:00:00,12/30/1899 13:20:00,"C- Minor Injury","F- Driver",28.00,"Male","K- Private Cars","S- Driver's Negligence",2.00
8836,36987.00,"4- Demerara- Mahaica",,"Durban St",,"-58.1526","6.8028",,"Georgetown",8/9/2003 0:00:00,12/30/1899 18:55:00,"D- Property Damage","F- Driver;G- Rider",52.00,"Female","K- Private Cars","U- Cyclist's Negligence",2.00
8837,36988.00,"4- Demerara- Mahaica",,"Durban St",,"-58.1526","6.8028",,"Georgetown",8/13/2003 0:00:00,12/30/1899 18:35:00,"C- Minor Injury","F- Driver;G- Rider",21.00,"Male","V-Motor Cycle","S- Driver's Negligence",2.00
8838,36989.00,"4- Demerara- Mahaica",,"Crown & Irving St",,"-58.1469","6.8125",,"Georgetown",8/14/2003 0:00:00,12/30/1899 23:40:00,"D- Property Damage","F- Driver",32.00,"Male","K- Private Cars","S- Driver's Negligence",2.00
8839,36990.00,"4- Demerara- Mahaica",,"Regent & Light",,"-58.1552","6.8087",,"Georgetown",8/16/2003 0:00:00,12/30/1899 2:30:00,"C- Minor Injury","G- Rider",26.00,"Male","V-Motor Cycle","S- Driver's Negligence",2.00
8840,36991.00,"4- Demerara- Mahaica",,"Regent St",,"-58.1604","6.8102",,"Georgetown",8/16/2003 0:00:00,12/30/1899 14:10:00,"D- Property Damage","F- Driver",45.00,"Male","M- Hire Cars","S- Driver's Negligence",2.00
8841,36992.00,"4- Demerara- Mahaica",,"Brickdam & Vlissengen",,"-58.1511","6.8050",,"Georgetown",8/18/2003 0:00:00,12/30/1899 8:00:00,"D- Property Damage","F- Driver",29.00,"Male","M- Hire Cars","S- Driver's Negligence",2.00
8842,36993.00,"4- Demerara- Mahaica",,"Avenue of Republic",,"-58.1651","6.8117",,"Georgetown",8/18/2003 0:00:00,12/30/1899 11:50:00,"D- Property Damage","F- Driver",33.00,"Male","J- Minibus","S- Driver's Negligence",2.00
8843,36994.00,"4- Demerara- Mahaica",,"High & Barrack St.",,"-58.1629","6.8220",,"Georgetown",8/19/2003 0:00:00,12/30/1899 14:45:00,"D- Property Damage","F- Driver",,"Female","K- Private Cars","S- Driver's Negligence",2.00
8844,36995.00,"4- Demerara- Mahaica",,"Brickdam Rd.",,"-58.1589","6.8070",,"Georgetown",8/19/2003 0:00:00,12/30/1899 10:00:00,"C- Minor Injury","F- Driver",48.00,"Male","N- Pickup","T-Pedestrian's Negligence",2.00
8845,36996.00,"4- Demerara- Mahaica",,"North Rd & Ave. of Republic",,"-58.1534","6.8099",,"Georgetown",8/20/2003 0:00:00,12/30/1899 8:00:00,"D- Property Damage","F- Driver",52.00,"Male","K- Private Cars","S- Driver's Negligence",2.00
8846,36997.00,"4- Demerara- Mahaica",,"Camp & Durban St.",,"-58.1620","6.8053",,"Georgetown",8/20/2003 0:00:00,12/30/1899 15:40:00,"D- Property Damage","F- Driver",42.00,"Male","K- Private Cars","S- Driver's Negligence",2.00
8847,36998.00,"4- Demerara- Mahaica",,"High & Cowan St.",,"-58.1633","6.8206",,"Georgetown",8/21/2003 0:00:00,12/30/1899 23:15:00,"D- Property Damage","F- Driver",,"Male","L- Lorries Van","S- Driver's Negligence",2.00
8848,36999.00,"4- Demerara- Mahaica",,"Church & Camp St.",,"-58.1601","6.8122",,"Georgetown",8/22/2003 0:00:00,12/30/1899 23:15:00,"D- Property Damage","F- Driver",,"Male","L- Lorries Van","S- Driver's Negligence",2.00
8849,37000.00,"4- Demerara- Mahaica",,"Durban & Hardina",,"-58.1554","6.8036",,,8/23/2003 0:00:00,12/30/1899 17:30:00,"B- Serious Injury","F- Driver;G- Rider",32.00,"Male","L- Lorries Van;V-Motor Cycle","S- Driver's Negligence",2.00
8850,37001.00,"4- Demerara- Mahaica",,"Lamaha & Irving",,"-58.1516","6.8166",,,8/23/2003 0:00:00,12/30/1899 15:05:00,"C- Minor Injury","F- Driver;G- Rider",17.00,"Male","K- Private Cars;V-Motor Cycle","S- Driver's Negligence",2.00
8851,37002.00,"4- Demerara- Mahaica",,"Hinks Street",,"-58.1660","6.8119",,,8/26/2003 0:00:00,12/30/1899 9:20:00,"D- Property Damage","F- Driver",51.00,"Male","J- Minibus;Z- Animal Drawn","S- Driver's Negligence",2.00
8852,37003.00,"4- Demerara- Mahaica",,"North Road",,"-58.1575","6.8110",,,8/25/2003 0:00:00,12/30/1899 23:00:00,"C- Minor Injury","E- Pedestrian;F- Driver",25.00,"Female","K- Private Cars","S- Driver's Negligence",3.00
8853,37004.00,"4- Demerara- Mahaica",,"South Road and Albert Street",,"-58.1542","6.8069",,,8/27/2003 0:00:00,12/30/1899 7:20:00,"D- Property Damage","F- Driver",29.00,"Male","J- Minibus;M- Hire Cars","S- Driver's Negligence",2.00
8854,37005.00,"4- Demerara- Mahaica",,"North Road & Camp Street",,"-58.1604","6.8118",,,8/27/2003 0:00:00,12/30/1899 8:20:00,"D- Property Damage","F- Driver",32.00,"Male","M- Hire Cars","S- Driver's Negligence",2.00
8855,37006.00,"4- Demerara- Mahaica",,"Vlissengen & Regent Street",,"-58.1489","6.8070",,,8/27/2003 0:00:00,12/30/1899 16:00:00,"D- Property Damage","F- Driver",21.00,"Male","K- Private Cars","S- Driver's Negligence",2.00
8856,37007.00,"4- Demerara- Mahaica",,"High & Hadfield Street",,"-58.1662","6.8081",,,8/29/2003 0:00:00,12/30/1899 5:30:00,"D- Property Damage","F- Driver",31.00,"Male","M- Hire Cars;N- Pickup","S- Driver's Negligence",2.00
8857,37008.00,"4- Demerara- Mahaica",,"Norton Street",,"-58.1519","6.8017",,,8/29/2003 0:00:00,12/30/1899 22:00:00,"C- Minor Injury","F- Driver",27.00,"Male","K- Private Cars;W-Pedal Cycle","O- Lost Control & Runoff",2.00
8858,37009.00,"4- Demerara- Mahaica",,"North Road",,"-58.1575","6.8110",,,8/29/2003 0:00:00,12/30/1899 10:30:00,"D- Property Damage","F- Driver",,"Female","K- Private Cars;L- Lorries Van","S- Driver's Negligence",2.00
8859,37010.00,"4- Demerara- Mahaica",,"Avenue of Republic",,"-58.1651","6.8117",,,8/29/2003 0:00:00,12/30/1899 16:50:00,"D- Property Damage","F- Driver",30.00,"Male","J- Minibus;K- Private Cars","S- Driver's Negligence",2.00
8860,37011.00,"4- Demerara- Mahaica",,"Cornhill Street",,"-58.1574","6.8046",,,8/30/2003 0:00:00,12/30/1899 4:00:00,"C- Minor Injury","F- Driver",43.00,"Male","J- Minibus","S- Driver's Negligence",2.00
8861,37012.00,"4- Demerara- Mahaica",,"Camp & Lamaha Street",,"-58.1584","6.8186",,,9/1/2003 0:00:00,12/30/1899 8:15:00,"D- Property Damage","F- Driver",30.00,"Male","K- Private Cars","S- Driver's Negligence",2.00
8862,37013.00,"4- Demerara- Mahaica",,"Croal Street",,"-58.1581","6.8076",,,9/1/2003 0:00:00,12/30/1899 10:25:00,"D- Property Damage","F- Driver",32.00,"Female","J- Minibus;K- Private Cars","S- Driver's Negligence",2.00
8863,37014.00,"4- Demerara- Mahaica",,"Camp & Quamina",,"-58.1599","6.8138",,,9/1/2003 0:00:00,12/30/1899 13:30:00,"D- Property Damage","F- Driver",27.00,"Male","J- Minibus;K- Private Cars","S- Driver's Negligence",2.00
8864,37015.00,"4- Demerara- Mahaica",,"Camp & Quamina",,"-58.1599","6.8138",,,9/1/2003 0:00:00,12/30/1899 14:09:00,"D- Property Damage","F- Driver",41.00,"Male","K- Private Cars;M- Hire Cars","S- Driver's Negligence",2.00
8865,37016.00,"4- Demerara- Mahaica",,"Princess & High Street",,"-58.1671","6.8047",,,9/1/2003 0:00:00,12/30/1899 16:30:00,"D- Property Damage","F- Driver",35.00,"Male","J- Minibus;M- Hire Cars","S- Driver's Negligence",2.00
8866,37017.00,"4- Demerara- Mahaica",,"Longden Street",,"-58.1666","6.8107",,,8/30/2003 0:00:00,12/30/1899 15:00:00,"C- Minor Injury","E- Pedestrian;F- Driver",29.00,"Male","K- Private Cars","T-Pedestrian's Negligence",2.00
8867,37018.00,"4- Demerara- Mahaica",,"Regent Street",,"-58.1604","6.8102",,,9/1/2003 0:00:00,12/30/1899 16:30:00,"D- Property Damage","F- Driver",30.00,"Male","J- Minibus;K- Private Cars","S- Driver's Negligence",2.00
8868,37019.00,"4- Demerara- Mahaica",,"Lamaha & New Garden",,"-58.1487","6.8159",,,9/2/2003 0:00:00,12/30/1899 15:20:00,"D- Property Damage","F- Driver",27.00,"Male","M- Hire Cars;N- Pickup","S- Driver's Negligence",2.00
8869,37020.00,"4- Demerara- Mahaica",,"Avenue of the Republic",,"-58.1651","6.8117",,,9/2/2003 0:00:00,12/30/1899 12:00:00,"D- Property Damage","F- Driver",56.00,"Male","L- Lorries Van;M- Hire Cars","S- Driver's Negligence",2.00
8870,37021.00,"4- Demerara- Mahaica",,"Main Street",,"-58.1276","6.8221",,,8/29/2008 0:00:00,12/30/1899 7:45:00,"D- Property Damage","F- Driver",37.00,"Male","J- Minibus;K- Private Cars","S- Driver's Negligence",2.00
8871,37022.00,"4- Demerara- Mahaica",,"Main Street",,"-58.1276","6.8221",,,8/20/2003 0:00:00,12/30/1899 9:30:00,"D- Property Damage","F- Driver;G- Rider",32.00,"Male","K- Private Cars;V-Motor Cycle","S- Driver's Negligence",2.00
8872,37023.00,"4- Demerara- Mahaica",,"Durban Street",,"-58.1526","6.8028",,,8/21/2003 0:00:00,12/30/1899 20:00:00,"C- Minor Injury","F- Driver;G- Rider",29.00,"Female","J- Minibus;V-Motor Cycle","S- Driver's Negligence",2.00
8873,37024.00,"4- Demerara- Mahaica",,"East & Middle",,"-58.1560","6.8145",,,9/2/2003 0:00:00,12/30/1899 13:09:00,"C- Minor Injury","F- Driver;G- Rider",,"Male","K- Private Cars;V-Motor Cycle","S- Driver's Negligence",2.00
8874,37025.00,"4- Demerara- Mahaica",,"New Market & Carmicheal",,"-58.1623","6.8179",,,9/3/2003 0:00:00,12/30/1899 16:04:00,"C- Minor Injury","F- Driver",36.00,"Male","J- Minibus;L- Lorries Van","S- Driver's Negligence",2.00
8875,37026.00,"4- Demerara- Mahaica",,"Camp & Church",,"-58.1601","6.8122",,,9/4/2003 0:00:00,12/30/1899 8:00:00,"D- Property Damage","F- Driver",32.00,"Male","J- Minibus;L- Lorries Van","S- Driver's Negligence",2.00
8876,37027.00,"4- Demerara- Mahaica",,"Croal Street",,"-58.1581","6.8076",,,8/20/2003 0:00:00,12/30/1899 11:20:00,"D- Property Damage","F- Driver",43.00,"Male","J- Minibus;M- Hire Cars","S- Driver's Negligence",2.00
8877,37028.00,"4- Demerara- Mahaica",,"Brickdam & High Street",,"-58.1660","6.8089",,,9/4/2003 0:00:00,12/30/1899 8:30:00,"C- Minor Injury","E- Pedestrian;F- Driver",,"Male","M- Hire Cars","S- Driver's Negligence",2.00
8878,37029.00,"4- Demerara- Mahaica",,"Regent Street",,"-58.1604","6.8102",,,9/3/2003 0:00:00,12/30/1899 18:30:00,"D- Property Damage","F- Driver",25.00,"Male","K- Private Cars","S- Driver's Negligence",2.00
8879,37030.00,"4- Demerara- Mahaica",,"Regent & Camp",,"-58.1608","6.8103",,,9/4/2003 0:00:00,12/30/1899 15:55:00,"C- Minor Injury","E- Pedestrian;G- Rider",,"Male","V-Motor Cycle","U- Cyclist's Negligence",2.00
8880,37031.00,"4- Demerara- Mahaica",,"Regent Street",,"-58.1604","6.8102",,,9/6/2003 0:00:00,12/30/1899 9:15:00,"D- Property Damage","F- Driver",,"Female","J- Minibus;K- Private Cars","S- Driver's Negligence",2.00
8881,37032.00,"4- Demerara- Mahaica",,"Regent Street",,"-58.1604","6.8102",,,9/6/2003 0:00:00,12/30/1899 11:00:00,"D- Property Damage","F- Driver",,"Male","K- Private Cars","S- Driver's Negligence",3.00
8882,37033.00,"4- Demerara- Mahaica",,"Cornhill Street",,"-58.1574","6.8046",,,9/5/2003 0:00:00,,"D- Property Damage","F- Driver",,"Male","J- Minibus;N- Pickup","S- Driver's Negligence",2.00
8883,37034.00,"4- Demerara- Mahaica",,"Vlissengen Road",,"-58.1474","6.8108",,,9/7/2003 0:00:00,12/30/1899 7:50:00,"D- Property Damage","F- Driver",,"Male","L- Lorries Van;M- Hire Cars","S- Driver's Negligence",2.00
8884,37035.00,"4- Demerara- Mahaica",,"Water & Bentick",,"-58.1660","6.8175",,,9/1/2003 0:00:00,12/30/1899 10:30:00,"D- Property Damage","F- Driver",34.00,"Male","L- Lorries Van","S- Driver's Negligence",2.00
8885,37036.00,"4- Demerara- Mahaica",,"Main Street",,"-58.1276","6.8221",,,9/2/2003 0:00:00,12/30/1899 8:30:00,"D- Property Damage","F- Driver;G- Rider",30.00,"Female","K- Private Cars;V-Motor Cycle","U- Cyclist's Negligence",2.00
8886,37037.00,"4- Demerara- Mahaica",,"Regent Street",,"-58.1604","6.8102",,,9/8/2003 0:00:00,12/30/1899 11:20:00,"D- Property Damage","F- Driver",38.00,"Male","M- Hire Cars","S- Driver's Negligence",2.00
8887,37038.00,"4- Demerara- Mahaica",,"Brickdam & Vlissengen",,"-58.1511","6.8050",,,9/8/2003 0:00:00,12/30/1899 15:30:00,"C- Minor Injury","F- Driver;G- Rider",40.00,"Male","K- Private Cars;V-Motor Cycle","S- Driver's Negligence",2.00
8888,37039.00,"4- Demerara- Mahaica",,"Croal & King",,"-58.1646","6.8094",,,9/8/2003 0:00:00,12/30/1899 8:45:00,"C- Minor Injury","F- Driver;G- Rider",31.00,"Male","J- Minibus;W-Pedal Cycle","S- Driver's Negligence",2.00
8889,37040.00,"4- Demerara- Mahaica",,"Robb & Camp",,"-58.1606","6.8111",,,9/4/2003 0:00:00,12/30/1899 16:10:00,"D- Property Damage","F- Driver",,"Male","K- Private Cars;L- Lorries Van","S- Driver's Negligence",2.00
8890,37041.00,"4- Demerara- Mahaica",,"Norton & Lousia Row",,"-58.1577","6.8033",,,9/10/2003 0:00:00,12/30/1899 19:30:00,"B- Serious Injury","F- Driver;G- Rider",43.00,"Male","L- Lorries Van;V-Motor Cycle","S- Driver's Negligence",3.00
8891,37042.00,"4- Demerara- Mahaica",,"Forshaw Street",,"-58.1508","6.8112",,,9/21/2003 0:00:00,12/30/1899 10:00:00,"D- Property Damage","F- Driver;G- Rider",,"Male","L- Lorries Van;V-Motor Cycle","S- Driver's Negligence",2.00
8892,37043.00,"4- Demerara- Mahaica",,"Regent & Albert Street",,"-58.1538","6.8084",,,9/12/2003 0:00:00,12/30/1899 8:35:00,"D- Property Damage","F- Driver",47.00,"Male","K- Private Cars;M- Hire Cars","S- Driver's Negligence",2.00
8893,37044.00,"4- Demerara- Mahaica",,"Avenue Republic",,"-58.1651","6.8117",,,9/12/2003 0:00:00,12/30/1899 11:30:00,"D- Property Damage","F- Driver",21.00,"Male","K- Private Cars;L- Lorries Van","S- Driver's Negligence",2.00
8894,37045.00,"4- Demerara- Mahaica",,"Middle Street",,"-58.1596","6.8155",,,9/12/2003 0:00:00,12/30/1899 22:00:00,"D- Property Damage","F- Driver",,"Male","K- Private Cars;M- Hire Cars;V-Motor Cycle","U- Cyclist's Negligence",3.00
8895,37046.00,"4- Demerara- Mahaica",,"Durban Street",,"-58.1526","6.8028",,,8/30/2003 0:00:00,12/30/1899 10:00:00,"D- Property Damage","F- Driver;G- Rider",33.00,"Male","J- Minibus;V-Motor Cycle","S- Driver's Negligence",2.00
8896,37047.00,"4- Demerara- Mahaica",,"Camp & Princess Street",,"-58.1624","6.8035",,,9/12/2003 0:00:00,12/30/1899 9:00:00,"A- Fatal","G- Rider",,"Male","V-Motor Cycle","P- Speeding",2.00
8897,37048.00,"4- Demerara- Mahaica",,"Main Street",,"-58.1276","6.8221",,,9/1/2003 0:00:00,12/30/1899 16:10:00,"D- Property Damage","F- Driver;G- Rider",,"Male","K- Private Cars;V-Motor Cycle","U- Cyclist's Negligence",3.00
8898,37049.00,"4- Demerara- Mahaica",,"Robb & Albert",,"-58.1535","6.8092",,,9/14/2003 0:00:00,12/30/1899 2:30:00,"D- Property Damage","F- Driver",,"Male","K- Private Cars;L- Lorries Van","S- Driver's Negligence",2.00
8899,37050.00,"4- Demerara- Mahaica",,"Brickdam Road",,"-58.1589","6.8070",,,9/13/2003 0:00:00,12/30/1899 11:15:00,"D- Property Damage","F- Driver",24.00,"Male","K- Private Cars","S- Driver's Negligence",2.00
8900,37051.00,"4- Demerara- Mahaica",,"North Road & Wellington Street",,"-58.1621","6.8122",,,9/16/2003 0:00:00,12/30/1899 8:35:00,"C- Minor Injury","F- Driver;G- Rider",34.00,"Female","J- Minibus;V-Motor Cycle","S- Driver's Negligence",3.00
8901,37052.00,"4- Demerara- Mahaica",,"Regent & Alexander Street",,"-58.1593","6.8099",,,9/20/2003 0:00:00,12/30/1899 8:30:00,"C- Minor Injury","F- Driver;G- Rider",27.00,"Male","M- Hire Cars;V-Motor Cycle","S- Driver's Negligence",2.00
8902,37053.00,"4- Demerara- Mahaica",,"Cummings Street",,"-58.1553","6.8140",,,9/19/2003 0:00:00,12/30/1899 18:20:00,"D- Property Damage","F- Driver",,"Male","K- Private Cars;Z- Animal Drawn","S- Driver's Negligence",2.00
8903,37054.00,"4- Demerara- Mahaica",,"Foreshaw & Ornoque",,"-58.1514","6.8114",,,9/19/2003 0:00:00,12/30/1899 16:00:00,"B- Serious Injury","F- Driver",,"Male","K- Private Cars;L- Lorries Van","S- Driver's Negligence",2.00
8904,37055.00,"4- Demerara- Mahaica",,"South Road & Alexander Street",,"-58.1597","6.8083",,,9/22/2003 0:00:00,12/30/1899 15:40:00,"D- Property Damage","F- Driver",,"Male","J- Minibus;L- Lorries Van","S- Driver's Negligence",2.00
8905,37056.00,"4- Demerara- Mahaica",,"Durban & Camp Street",,"-58.1620","6.8053",,,9/21/2003 0:00:00,12/30/1899 7:30:00,"D- Property Damage","F- Driver",35.00,"Male","K- Private Cars;N- Pickup","S- Driver's Negligence",2.00
8906,37057.00,"4- Demerara- Mahaica",,"Avenue Republic & Commerce",,"-58.1656","6.8109",,,9/24/2003 0:00:00,12/30/1899 13:40:00,"D- Property Damage","F- Driver",33.00,"Male","J- Minibus;K- Private Cars","S- Driver's Negligence",2.00
8907,37058.00,"4- Demerara- Mahaica",,"Durban & Camp Street",,"-58.1620","6.8053",,,9/24/2003 0:00:00,12/30/1899 17:40:00,"C- Minor Injury","F- Driver",54.00,"Male","J- Minibus;L- Lorries Van","S- Driver's Negligence",2.00
8908,37059.00,"4- Demerara- Mahaica",,"Avenue Republic",,"-58.1651","6.8117",,,9/25/2003 0:00:00,12/30/1899 9:00:00,"D- Property Damage","F- Driver;G- Rider",43.00,"Male","J- Minibus;V-Motor Cycle","S- Driver's Negligence",2.00
8909,37060.00,"4- Demerara- Mahaica",,"Winter Place & Croal Street",,"-58.1559","6.8071",,,9/25/2003 0:00:00,12/30/1899 10:15:00,"D- Property Damage","F- Driver",,"Female","K- Private Cars;L- Lorries Van","S- Driver's Negligence",2.00
8910,37061.00,"4- Demerara- Mahaica",,"South Road & Camp Street",,"-58.1612","6.8087",,,9/20/2003 0:00:00,12/30/1899 23:00:00,"C- Minor Injury","F- Driver;G- Rider",,"Male","M- Hire Cars;V-Motor Cycle","S- Driver's Negligence;U- Cyclist's Negligence",2.00
8911,37062.00,"4- Demerara- Mahaica",,"Hadfield Street",,"-58.1650","6.8079",,,9/26/2003 0:00:00,12/30/1899 15:30:00,"D- Property Damage","F- Driver",38.00,"Male","N- Pickup","S- Driver's Negligence",2.00
8912,37063.00,"4- Demerara- Mahaica",,"Croal Street",,"-58.1581","6.8076",,,9/27/2003 0:00:00,12/30/1899 10:00:00,"D- Property Damage","F- Driver",27.00,"Male","J- Minibus","S- Driver's Negligence",2.00
8913,37064.00,"4- Demerara- Mahaica",,"Camp Road",,"-58.1600","6.8137",,,9/28/2003 0:00:00,12/30/1899 23:30:00,"D- Property Damage","F- Driver",27.00,"Male","J- Minibus;Z- Animal Drawn","S- Driver's Negligence",2.00
8914,37065.00,"4- Demerara- Mahaica",,"Regent Street & Wellington",,"-58.1624","6.8107",,,9/13/2003 0:00:00,12/30/1899 11:05:00,"D- Property Damage","F- Driver;G- Rider",,"Male","K- Private Cars;V-Motor Cycle","S- Driver's Negligence",2.00
8915,37066.00,"4- Demerara- Mahaica",,"Avenue Republic",,"-58.1651","6.8117",,,9/29/2003 0:00:00,12/30/1899 13:15:00,"D- Property Damage","F- Driver",28.00,"Male","L- Lorries Van;M- Hire Cars","S- Driver's Negligence",2.00
8916,37067.00,"4- Demerara- Mahaica",,"Mandela & Norton Street",,"-58.1402","6.7987",,,9/28/2003 0:00:00,12/30/1899 4:40:00,"D- Property Damage","F- Driver",32.00,"Male","K- Private Cars;M- Hire Cars","S- Driver's Negligence",2.00