"ID","Accident ID","Region Number","Corridor ID","Location (Intersection/Road/Street)","Corridor","Location- longitude/ X","Location- latitude/  Y","Mile Marker","Village","Date of Accident","Time of Accident","Type of Accident","Class of Road User","Age/DOB","Gender","Class of Vehicles Involved","Contributing Factor","Number of Persons Involved"
8917,37068.00,"4- Demerara- Mahaica",,"Norton & Halley",,"-58.1525","6.8019",,,9/30/2003 0:00:00,12/30/1899 7:50:00,"D- Property Damage","F- Driver;G- Rider",,"Male","N- Pickup;V-Motor Cycle","S- Driver's Negligence;U- Cyclist's Negligence",2.00
8918,37069.00,"4- Demerara- Mahaica",,"Lamaha & Albert",,"-58.1515","6.8167",,,9/30/2003 0:00:00,12/30/1899 10:00:00,"B- Serious Injury","F- Driver",45.00,"Male","J- Minibus","S- Driver's Negligence",2.00
8919,37070.00,"4- Demerara- Mahaica",,"Camp & Lamaha",,"-58.1584","6.8186",,,9/23/2003 0:00:00,12/30/1899 16:00:00,"D- Property Damage","F- Driver",,"Male","K- Private Cars;M- Hire Cars","S- Driver's Negligence",2.00
8920,37071.00,"4- Demerara- Mahaica",,"Regent & Albert",,"-58.1538","6.8084",,,10/2/2003 0:00:00,12/30/1899 12:00:00,"D- Property Damage","F- Driver",,"Male","J- Minibus","S- Driver's Negligence",2.00
8921,37072.00,"4- Demerara- Mahaica",,"Woolford & Camp Road",,"-58.1581","6.8198",,,10/3/2003 0:00:00,12/30/1899 16:00:00,"D- Property Damage","F- Driver;G- Rider",,"Male","L- Lorries Van;V-Motor Cycle","S- Driver's Negligence",2.00
8922,37073.00,"4- Demerara- Mahaica",,"Wellington Street",,"-58.1623","6.8111",,,10/3/2003 0:00:00,12/30/1899 14:30:00,"D- Property Damage","F- Driver",39.00,"Male","K- Private Cars","S- Driver's Negligence",2.00
8923,37074.00,"4- Demerara- Mahaica",,"Hinck Street",,"-58.1660","6.8119",,,9/29/2003 0:00:00,12/30/1899 12:30:00,"C- Minor Injury","E- Pedestrian;F- Driver",,"Male","J- Minibus","S- Driver's Negligence",2.00
8924,37075.00,"4- Demerara- Mahaica",,"Cummings Street",,"-58.1553","6.8140",,,10/6/2003 0:00:00,12/30/1899 15:50:00,"D- Property Damage","F- Driver",,"Male","K- Private Cars;M- Hire Cars","S- Driver's Negligence",2.00
8925,37076.00,"4- Demerara- Mahaica",,"Church Street",,"-58.1574","6.8114",,,10/8/2003 0:00:00,12/30/1899 8:30:00,"B- Serious Injury","F- Driver;G- Rider",,"Male","N- Pickup;V-Motor Cycle","U- Cyclist's Negligence",2.00
8926,37077.00,"4- Demerara- Mahaica",,"Brickdam & Lousia Row",,"-58.1504","6.8004",,,10/8/2003 0:00:00,12/30/1899 22:00:00,"B- Serious Injury","F- Driver;G- Rider",33.00,"Male","K- Private Cars;M- Hire Cars;V-Motor Cycle","S- Driver's Negligence",3.00
8927,37078.00,"4- Demerara- Mahaica",,"Robb & King Street",,"-58.1639","6.8120",,,10/8/2003 0:00:00,12/30/1899 12:30:00,"D- Property Damage","F- Driver;G- Rider",28.00,"Male","K- Private Cars;V-Motor Cycle","U- Cyclist's Negligence",2.00
8928,37079.00,"4- Demerara- Mahaica",,"Camp & New Market",,"-58.1591","6.8170",,,10/9/2003 0:00:00,12/30/1899 8:10:00,"D- Property Damage","F- Driver",43.00,"Male","J- Minibus;M- Hire Cars","S- Driver's Negligence",2.00
8929,37080.00,"4- Demerara- Mahaica",,"Durban & Halley",,"-58.1522","6.8027",,,10/10/2003 0:00:00,12/30/1899 9:30:00,"C- Minor Injury","F- Driver",40.00,"Female","K- Private Cars","S- Driver's Negligence",2.00
8930,37081.00,"4- Demerara- Mahaica",,"Croal Street",,"-58.1581","6.8076",,,10/5/2003 0:00:00,12/30/1899 20:00:00,"D- Property Damage","F- Driver;G- Rider",31.00,"Male","J- Minibus;V-Motor Cycle","S- Driver's Negligence",2.00
8931,37082.00,"4- Demerara- Mahaica",,"Camp & Regent",,"-58.1608","6.8103",,,10/9/2003 0:00:00,12/30/1899 17:15:00,"D- Property Damage","F- Driver",32.00,"Male","M- Hire Cars","S- Driver's Negligence",2.00
8932,37083.00,"4- Demerara- Mahaica",,"North Road",,"-58.1575","6.8110",,,10/11/2003 0:00:00,12/30/1899 17:30:00,"C- Minor Injury","F- Driver",40.00,"Male","K- Private Cars","S- Driver's Negligence",2.00
8933,37084.00,"4- Demerara- Mahaica",,"Lamaha & Irving Street",,"-58.1516","6.8166",,,10/11/2003 0:00:00,12/30/1899 20:10:00,"D- Property Damage","F- Driver",33.00,"Male","K- Private Cars;M- Hire Cars","S- Driver's Negligence",2.00
8934,37085.00,"4- Demerara- Mahaica",,"North Road & New Garden",,"-58.1505","6.8091",,,10/12/2003 0:00:00,12/30/1899 9:00:00,"D- Property Damage","F- Driver",24.00,"Male","K- Private Cars;M- Hire Cars","S- Driver's Negligence",2.00
8935,37086.00,"4- Demerara- Mahaica",,"Robb & Light",,"-58.1549","6.8095",,,10/13/2003 0:00:00,12/30/1899 7:35:00,"D- Property Damage","F- Driver",,"Male","K- Private Cars","S- Driver's Negligence",2.00
8936,37087.00,"4- Demerara- Mahaica",,"High & Barrack St.",,"-58.1629","6.8220",,,10/12/2003 0:00:00,12/30/1899 13:30:00,"A- Fatal","G- Rider",27.00,"Male","V-Motor Cycle","O- Lost Control & Runoff",1.00
8937,37088.00,"4- Demerara- Mahaica",,"Middle & Carmichael",,"-58.1626","6.8163",,,10/10/2003 0:00:00,12/30/1899 18:30:00,"D- Property Damage","F- Driver",61.00,"Male","N- Pickup","S- Driver's Negligence",2.00
8938,37089.00,"4- Demerara- Mahaica",,"Robb & Bourda",,"-58.1583","6.8105",,,10/13/2003 0:00:00,12/30/1899 10:45:00,"D- Property Damage","F- Driver",41.00,"Male","J- Minibus","S- Driver's Negligence",2.00
8939,37090.00,"4- Demerara- Mahaica",,"Lamaha & Albert",,"-58.1515","6.8167",,,10/13/2003 0:00:00,12/30/1899 19:00:00,"C- Minor Injury","F- Driver",,"Male","L- Lorries Van;M- Hire Cars","S- Driver's Negligence",2.00
8940,37091.00,"4- Demerara- Mahaica",,"Camp & Lamaha",,"-58.1584","6.8186",,,10/14/2003 0:00:00,12/30/1899 16:45:00,"C- Minor Injury","E- Pedestrian;F- Driver",30.00,"Male","J- Minibus","S- Driver's Negligence",2.00
8941,37092.00,"4- Demerara- Mahaica",,"Croal Street",,"-58.1581","6.8076",,,10/11/2003 0:00:00,12/30/1899 14:50:00,"D- Property Damage","F- Driver",50.00,"Male","J- Minibus;M- Hire Cars","S- Driver's Negligence",2.00
8942,37093.00,"4- Demerara- Mahaica",,"South Road & Wellington",,"-58.1629","6.8091",,,10/15/2003 0:00:00,12/30/1899 22:30:00,"C- Minor Injury","F- Driver;G- Rider",,"Male","K- Private Cars;V-Motor Cycle","S- Driver's Negligence;U- Cyclist's Negligence",2.00
8943,37094.00,"4- Demerara- Mahaica",,"Water Street",,"-58.1659","6.8180",,,10/16/2003 0:00:00,,"C- Minor Injury;D- Property Damage","F- Driver",24.00,"Male","J- Minibus;K- Private Cars;M- Hire Cars","S- Driver's Negligence",4.00
8944,37095.00,"4- Demerara- Mahaica",,"Commerce Street",,"-58.1661","6.8110",,,10/16/2003 0:00:00,12/30/1899 10:30:00,"C- Minor Injury","E- Pedestrian;F- Driver",,"Male","J- Minibus","S- Driver's Negligence",2.00
8945,37096.00,"4- Demerara- Mahaica",,"Carifesta Avenue",,"-58.1483","6.8240",,,10/17/2003 0:00:00,12/30/1899 15:49:00,"D- Property Damage","F- Driver",,"Female","K- Private Cars","S- Driver's Negligence",2.00
8946,37097.00,"4- Demerara- Mahaica",,"Lamaha Avenue",,"-58.1564","6.8181",,,10/18/2003 0:00:00,12/30/1899 5:00:00,"B- Serious Injury","F- Driver;H- Passenger",28.00,"Male","K- Private Cars","O- Lost Control & Runoff",2.00
8947,37098.00,"4- Demerara- Mahaica",,"Robb & Oronoque Street",,"-58.1521","6.8088",,,10/18/2003 0:00:00,12/30/1899 17:10:00,"D- Property Damage","F- Driver",61.00,"Female","K- Private Cars;M- Hire Cars","S- Driver's Negligence",2.00
8948,37099.00,"4- Demerara- Mahaica",,"Camp & Durban",,"-58.1620","6.8053",,,10/18/2003 0:00:00,12/30/1899 23:15:00,"D- Property Damage","F- Driver",,"Male","K- Private Cars;M- Hire Cars","S- Driver's Negligence",2.00
8949,37100.00,"4- Demerara- Mahaica",,"Main & Quamina Street",,"-58.1647","6.8151",,,10/19/2003 0:00:00,12/30/1899 3:10:00,"C- Minor Injury","F- Driver;G- Rider",34.00,"Male","M- Hire Cars;V-Motor Cycle","U- Cyclist's Negligence",2.00
8950,37101.00,"4- Demerara- Mahaica",,"Lamaha & Thomas",,"-58.1568","6.8181",,,10/20/2003 0:00:00,12/30/1899 17:30:00,"B- Serious Injury;D- Property Damage","E- Pedestrian;F- Driver",,"Male","L- Lorries Van;M- Hire Cars","S- Driver's Negligence",3.00
8951,37102.00,"4- Demerara- Mahaica",,"Magnet Place & Croal",,"-58.1644","6.8093",,,10/17/2003 0:00:00,12/30/1899 17:00:00,"D- Property Damage","F- Driver",49.00,"Male","J- Minibus;L- Lorries Van","S- Driver's Negligence",2.00
8952,37103.00,"4- Demerara- Mahaica",,"High & Barrack St.",,"-58.1629","6.8220",,,10/21/2003 0:00:00,12/30/1899 15:50:00,"B- Serious Injury","F- Driver;G- Rider",,"Male","N- Pickup;V-Motor Cycle","U- Cyclist's Negligence",2.00
8953,37104.00,"4- Demerara- Mahaica",,"Hadfield Street",,"-58.1650","6.8079",,,10/22/2003 0:00:00,12/30/1899 14:10:00,"A- Fatal","E- Pedestrian;F- Driver",31.00,"Male","M- Hire Cars","O- Lost Control & Runoff",2.00
8954,37105.00,"4- Demerara- Mahaica",,"Water Street",,"-58.1659","6.8180",,,10/18/2003 0:00:00,12/30/1899 10:20:00,"D- Property Damage","F- Driver;G- Rider",42.00,"Male","K- Private Cars;V-Motor Cycle","S- Driver's Negligence",2.00
8955,37106.00,"4- Demerara- Mahaica",,"Regent & Camp",,"-58.1608","6.8103",,,10/25/2003 0:00:00,12/30/1899 20:45:00,"B- Serious Injury","F- Driver;G- Rider;I- Pillion Rider",25.00,"Male","K- Private Cars;V-Motor Cycle","U- Cyclist's Negligence",3.00
8956,37107.00,"4- Demerara- Mahaica",,"Lamaha Street",,"-58.1564","6.8181",,,10/25/2003 0:00:00,12/30/1899 14:10:00,"C- Minor Injury","E- Pedestrian;F- Driver",39.00,"Male","M- Hire Cars","T-Pedestrian's Negligence",2.00
8957,37108.00,"4- Demerara- Mahaica",,"Brummell Place",,"-58.1573","6.8059",,,10/25/2003 0:00:00,,"C- Minor Injury","F- Driver;G- Rider",,"Male","J- Minibus;V-Motor Cycle","U- Cyclist's Negligence",2.00
8958,37109.00,"4- Demerara- Mahaica",,"Camp & Princess Street",,"-58.1624","6.8035",,,10/21/2003 0:00:00,12/30/1899 13:00:00,"D- Property Damage","F- Driver",,"Male","J- Minibus;K- Private Cars","S- Driver's Negligence",2.00
8959,37110.00,"4- Demerara- Mahaica",,"Lamaha Street",,"-58.1564","6.8181",,,10/26/2003 0:00:00,12/30/1899 19:30:00,"D- Property Damage","F- Driver",56.00,"Male","M- Hire Cars","S- Driver's Negligence",2.00
8960,37111.00,"4- Demerara- Mahaica",,"Carifesta Avenue",,"-58.1483","6.8240",,,10/26/2003 0:00:00,12/30/1899 14:45:00,"B- Serious Injury","F- Driver;G- Rider",,"Male","K- Private Cars;V-Motor Cycle","O- Lost Control & Runoff;P- Speeding",2.00
8961,37112.00,"4- Demerara- Mahaica",,"Fifth Street",,"-58.1549","6.8123",,,10/11/2003 0:00:00,12/30/1899 0:45:00,"D- Property Damage","F- Driver",34.00,"Male","K- Private Cars","S- Driver's Negligence",2.00
8962,37113.00,"4- Demerara- Mahaica",,"North Road & Wellington",,"-58.1621","6.8122",,,10/27/2003 0:00:00,12/30/1899 9:40:00,"D- Property Damage","F- Driver",,"Male","K- Private Cars;M- Hire Cars","S- Driver's Negligence",2.00
8963,37114.00,"4- Demerara- Mahaica",,"New Garden St. & Anira St.",,"-58.1489","6.8150",,,10/28/2003 0:00:00,12/30/1899 8:00:00,"D- Property Damage","F- Driver",24.00,"Male","J- Minibus;K- Private Cars","S- Driver's Negligence",2.00
8964,37115.00,"4- Demerara- Mahaica",,"North Road & New Garden",,"-58.1505","6.8091",,,10/28/2003 0:00:00,12/30/1899 12:30:00,"C- Minor Injury","F- Driver",23.00,"Male","K- Private Cars","S- Driver's Negligence",2.00
8965,37116.00,"4- Demerara- Mahaica",,"Carifesta & Camp Street",,"-58.1572","6.8226",,,10/27/2003 0:00:00,12/30/1899 19:30:00,"D- Property Damage","F- Driver",44.00,"Male","J- Minibus;K- Private Cars","S- Driver's Negligence",2.00
8966,37117.00,"4- Demerara- Mahaica",,"Brickdam & Brummell Place",,"-58.1618","6.8079",,,10/29/2003 0:00:00,12/30/1899 17:45:00,"D- Property Damage","F- Driver",21.00,"Male","J- Minibus;K- Private Cars","S- Driver's Negligence",2.00
8967,37118.00,"4- Demerara- Mahaica",,"Croal Street",,"-58.1581","6.8076",,,10/30/2003 0:00:00,12/30/1899 8:00:00,"C- Minor Injury","E- Pedestrian;F- Driver",28.00,"Male","J- Minibus","S- Driver's Negligence",2.00
8968,37119.00,"4- Demerara- Mahaica",,"Regent Street",,"-58.1604","6.8102",,,10/28/2003 0:00:00,12/30/1899 13:05:00,"C- Minor Injury","E- Pedestrian;F- Driver",49.00,"Male","J- Minibus","S- Driver's Negligence",2.00
8969,37120.00,"4- Demerara- Mahaica",,"North Road & New Garden",,"-58.1505","6.8091",,,10/30/2003 0:00:00,12/30/1899 10:45:00,"D- Property Damage","F- Driver",,"Male","K- Private Cars","S- Driver's Negligence",2.00
8970,37121.00,"4- Demerara- Mahaica",,"Main Street",,"-58.1276","6.8221",,,10/31/2003 0:00:00,12/30/1899 13:35:00,"C- Minor Injury","F- Driver;G- Rider;I- Pillion Rider",,"Male","J- Minibus;V-Motor Cycle","O- Lost Control & Runoff",3.00
8971,37122.00,"4- Demerara- Mahaica",,"Regent Street",,"-58.1604","6.8102",,,10/31/2003 0:00:00,12/30/1899 21:40:00,"B- Serious Injury","E- Pedestrian;F- Driver",50.00,"Male","K- Private Cars","S- Driver's Negligence",2.00
8972,37123.00,"4- Demerara- Mahaica",,"North Road & Cummings",,"-58.1562","6.8107",,,11/1/2003 0:00:00,12/30/1899 10:30:00,"D- Property Damage","F- Driver",,"Male","K- Private Cars","S- Driver's Negligence",2.00
8973,37124.00,"4- Demerara- Mahaica",,"Irving & Crown",,"-58.1469","6.8125",,,11/1/2003 0:00:00,12/30/1899 11:45:00,"D- Property Damage","F- Driver",,"Female","K- Private Cars","S- Driver's Negligence",2.00
8974,37125.00,"4- Demerara- Mahaica",,"Brickdam & Camp",,"-58.1615","6.8077",,,11/1/2003 0:00:00,12/30/1899 15:00:00,"D- Property Damage","F- Driver",,"Female","K- Private Cars;N- Pickup","S- Driver's Negligence",2.00
8975,37126.00,"4- Demerara- Mahaica",,"Robb & Light",,"-58.1549","6.8095",,,11/1/2003 0:00:00,12/30/1899 15:30:00,"D- Property Damage","F- Driver",63.00,"Male","L- Lorries Van;N- Pickup","S- Driver's Negligence",2.00
8976,37127.00,"4- Demerara- Mahaica",,"Robb & Alexander",,"-58.1591","6.8107",,,11/3/2003 0:00:00,12/30/1899 11:45:00,"D- Property Damage","F- Driver;G- Rider",,"Male","K- Private Cars;V-Motor Cycle","S- Driver's Negligence",2.00
8977,37128.00,"4- Demerara- Mahaica",,"Avenue Republic & Regent",,"-58.1653","6.8115",,,10/28/2003 0:00:00,,"D- Property Damage","F- Driver",,"Male","J- Minibus;K- Private Cars","S- Driver's Negligence",2.00
8978,37129.00,"4- Demerara- Mahaica",,"Brickdam & Cornhill",,"-58.1572","6.8066",,,11/3/2003 0:00:00,12/30/1899 18:10:00,"D- Property Damage","F- Driver",,"Male","K- Private Cars;L- Lorries Van","S- Driver's Negligence",2.00
8979,37130.00,"4- Demerara- Mahaica",,"Hadfield & High",,"-58.1662","6.8081",,,11/3/2003 0:00:00,12/30/1899 19:30:00,"B- Serious Injury","F- Driver;G- Rider",39.00,"Male","J- Minibus;V-Motor Cycle","P- Speeding;S- Driver's Negligence",2.00
8980,37131.00,"4- Demerara- Mahaica",,"Camp Road & Carifesta Avenue",,"-58.1572","6.8226",,,11/4/2003 0:00:00,12/30/1899 12:55:00,"D- Property Damage","F- Driver",22.00,"Male","K- Private Cars;L- Lorries Van","S- Driver's Negligence",3.00
8981,37132.00,"4- Demerara- Mahaica",,"Holmes & Water",,"-58.1663","6.8156",,,10/26/2003 0:00:00,12/30/1899 18:30:00,"C- Minor Injury","F- Driver;G- Rider",,"Male","K- Private Cars;W-Pedal Cycle","S- Driver's Negligence",2.00
8982,37133.00,"4- Demerara- Mahaica",,"Sendall Place",,"-58.1636","6.8078",,,11/4/2003 0:00:00,12/30/1899 15:15:00,"D- Property Damage","F- Driver",53.00,"Male","L- Lorries Van;N- Pickup","S- Driver's Negligence",2.00
8983,37134.00,"4- Demerara- Mahaica",,"Camp & Lamaha",,"-58.1584","6.8186",,,11/4/2003 0:00:00,12/30/1899 19:00:00,"B- Serious Injury","F- Driver;H- Passenger",30.00,"Male","J- Minibus;N- Pickup","S- Driver's Negligence",3.00
8984,37135.00,"4- Demerara- Mahaica",,"New Market & Camp",,"-58.1591","6.8170",,,11/5/2003 0:00:00,12/30/1899 17:30:00,"B- Serious Injury","E- Pedestrian;F- Driver",46.00,"Female","J- Minibus","T-Pedestrian's Negligence",2.00
8985,37136.00,"4- Demerara- Mahaica",,"Regent & Avenue Republic",,"-58.1653","6.8114",,,11/4/2003 0:00:00,12/30/1899 9:45:00,"C- Minor Injury","F- Driver;G- Rider",,"Male","K- Private Cars;W-Pedal Cycle","S- Driver's Negligence",2.00
8986,37137.00,"4- Demerara- Mahaica",,"Brickdam Road & Magnet",,"-58.1646","6.8085",,,11/6/2003 0:00:00,12/30/1899 9:40:00,"C- Minor Injury","F- Driver;G- Rider",,"Male","J- Minibus;K- Private Cars;V-Motor Cycle","S- Driver's Negligence",3.00
8987,37138.00,"4- Demerara- Mahaica",,"Vlissengen Road",,"-58.1474","6.8108",,,11/6/2003 0:00:00,12/30/1899 15:40:00,"D- Property Damage","F- Driver",,"Male","K- Private Cars","S- Driver's Negligence",3.00
8988,37139.00,"4- Demerara- Mahaica",,"North Road & Camp Street",,"-58.1604","6.8118",,,11/7/2003 0:00:00,12/30/1899 9:15:00,"D- Property Damage","F- Driver",23.00,"Male","K- Private Cars;M- Hire Cars","S- Driver's Negligence",2.00
8989,37140.00,"4- Demerara- Mahaica",,"Brickdam & Louisa",,"-58.1572","6.8066",,,11/8/2003 0:00:00,12/30/1899 5:30:00,"D- Property Damage","F- Driver",29.00,"Male","K- Private Cars;M- Hire Cars","S- Driver's Negligence",2.00
8990,37141.00,"4- Demerara- Mahaica",,"Regent & Albert",,"-58.1538","6.8084",,,11/7/2003 0:00:00,12/30/1899 13:30:00,"D- Property Damage","F- Driver;G- Rider",50.00,"Male","K- Private Cars;V-Motor Cycle","S- Driver's Negligence",2.00
8991,37142.00,"4- Demerara- Mahaica",,"Quamina & Cummings",,"-58.1557","6.8127",,,11/5/2003 0:00:00,12/30/1899 16:45:00,"D- Property Damage","F- Driver",,"Female","K- Private Cars","S- Driver's Negligence",2.00
8992,37143.00,"4- Demerara- Mahaica",,"Church & New Garden",,"-58.1504","6.8096",,,11/9/2003 0:00:00,12/30/1899 10:00:00,"C- Minor Injury","F- Driver",41.00,"Male","K- Private Cars;M- Hire Cars","S- Driver's Negligence",2.00
8993,37144.00,"4- Demerara- Mahaica",,"Croal Street",,"-58.1581","6.8076",,,11/8/2003 0:00:00,12/30/1899 12:30:00,"D- Property Damage","F- Driver",49.00,"Male","J- Minibus","S- Driver's Negligence",2.00
8994,37145.00,"4- Demerara- Mahaica",,"Church Street",,"-58.1574","6.8114",,,11/10/2003 0:00:00,12/30/1899 12:00:00,"D- Property Damage","F- Driver",39.00,"Male","J- Minibus;K- Private Cars","S- Driver's Negligence",2.00
8995,37146.00,"4- Demerara- Mahaica",,"Middle Street",,"-58.1596","6.8155",,,11/10/2003 0:00:00,12/30/1899 12:45:00,"D- Property Damage","F- Driver",47.00,"Male","J- Minibus;K- Private Cars","S- Driver's Negligence",2.00
8996,37147.00,"4- Demerara- Mahaica",,"North Road & New Garden",,"-58.1505","6.8091",,,11/11/2003 0:00:00,12/30/1899 16:30:00,"D- Property Damage","F- Driver",,"Male","K- Private Cars;M- Hire Cars","S- Driver's Negligence",2.00
8997,37148.00,"4- Demerara- Mahaica",,"Camp & Croal Street",,"-58.1613","6.8084",,,11/13/2003 0:00:00,12/30/1899 22:00:00,"B- Serious Injury","E- Pedestrian;F- Driver",,"Male","N- Pickup","T-Pedestrian's Negligence",2.00
8998,37149.00,"4- Demerara- Mahaica",,"Durban & smyth",,"-58.1641","6.8059",,,11/13/2003 0:00:00,12/30/1899 10:20:00,"D- Property Damage","F- Driver",42.00,"Male","M- Hire Cars","S- Driver's Negligence",2.00
8999,37150.00,"4- Demerara- Mahaica",,"Robb Street",,"-58.1598","6.8108",,,11/14/2003 0:00:00,12/30/1899 9:00:00,"D- Property Damage","F- Driver",54.00,"Female","J- Minibus","S- Driver's Negligence",2.00
9000,37151.00,"4- Demerara- Mahaica",,"Lombard Street",,"-58.1675","6.8071",,,11/13/2003 0:00:00,,"D- Property Damage","F- Driver",,"Male","L- Lorries Van","O- Lost Control & Runoff",1.00
9001,37152.00,"4- Demerara- Mahaica",,"North Road & Avenue Republic",,"-58.1648","6.8130",,,11/14/2003 0:00:00,12/30/1899 16:35:00,"D- Property Damage","F- Driver",,"Male","K- Private Cars","S- Driver's Negligence",2.00
9002,37153.00,"4- Demerara- Mahaica",,"Magnet Place & Croal Street",,"-58.1644","6.8093",,,11/15/2003 0:00:00,12/30/1899 13:30:00,"D- Property Damage","F- Driver",45.00,"Male","J- Minibus","S- Driver's Negligence",2.00
9003,37154.00,"4- Demerara- Mahaica",,"Regent Street",,"-58.1604","6.8102",,,11/16/2003 0:00:00,12/30/1899 13:45:00,"D- Property Damage","F- Driver",31.00,"Male","M- Hire Cars","S- Driver's Negligence",3.00
9004,37155.00,"4- Demerara- Mahaica",,"Water & America Street",,"-58.1653","6.8216",,,11/15/2003 0:00:00,12/30/1899 16:30:00,"B- Serious Injury","E- Pedestrian;F- Driver",36.00,"Male","J- Minibus","T-Pedestrian's Negligence",2.00
9005,37156.00,"4- Demerara- Mahaica",,"Croal Street & Vlissengen",,"-58.1508","6.8058",,,11/15/2003 0:00:00,12/30/1899 23:00:00,"B- Serious Injury","F- Driver;G- Rider;I- Pillion Rider",,"Male","M- Hire Cars;V-Motor Cycle","U- Cyclist's Negligence",3.00
9006,37157.00,"4- Demerara- Mahaica",,"Avenue Republic & Robb",,"-58.1650","6.8123",,,11/16/2003 0:00:00,12/30/1899 13:35:00,"D- Property Damage","F- Driver",,"Male","J- Minibus;K- Private Cars","S- Driver's Negligence",2.00
9007,37158.00,"4- Demerara- Mahaica",,"Church & Cummings",,"-58.1561","6.8111",,,11/17/2003 0:00:00,12/30/1899 16:50:00,"D- Property Damage","F- Driver;G- Rider",27.00,"Female","K- Private Cars;V-Motor Cycle","S- Driver's Negligence",2.00
9008,37159.00,"4- Demerara- Mahaica",,"High & Barrack St.",,"-58.1629","6.8220",,,11/12/2003 0:00:00,12/30/1899 10:15:00,"C- Minor Injury","E- Pedestrian;F- Driver",30.00,"Female","M- Hire Cars","S- Driver's Negligence",2.00
9009,37160.00,"4- Demerara- Mahaica",,"Durban & George",,"-58.1628","6.8055",,,11/14/2003 0:00:00,12/30/1899 11:30:00,"C- Minor Injury","F- Driver;G- Rider",31.00,"Male","K- Private Cars;V-Motor Cycle","S- Driver's Negligence",2.00
9010,37161.00,"4- Demerara- Mahaica",,"First & Albert",,"-58.1518","6.8157",,,11/18/2003 0:00:00,12/30/1899 13:00:00,"A- Fatal","F- Driver;G- Rider",29.00,"Male","J- Minibus;V-Motor Cycle","S- Driver's Negligence",2.00
9011,37162.00,"4- Demerara- Mahaica",,"North Road",,"-58.1575","6.8110",,,11/18/2003 0:00:00,12/30/1899 22:15:00,"D- Property Damage","F- Driver",,"Male","K- Private Cars","S- Driver's Negligence",2.00
9012,37163.00,"4- Demerara- Mahaica",,"Cummings Street",,"-58.1553","6.8140",,,11/19/2003 0:00:00,12/30/1899 14:00:00,"D- Property Damage","F- Driver",24.00,"Male","K- Private Cars","S- Driver's Negligence",2.00
9013,37164.00,"4- Demerara- Mahaica",,"Regent & Cummings Street",,"-58.1566","6.8092",,,11/19/2003 0:00:00,12/30/1899 12:00:00,"D- Property Damage","F- Driver",30.00,"Male","K- Private Cars;Z- Animal Drawn","Y-Animal",2.00
9014,37165.00,"4- Demerara- Mahaica",,"Avenue Republic",,"-58.1651","6.8117",,,11/18/2003 0:00:00,12/30/1899 7:30:00,"D- Property Damage","F- Driver",18.00,"Male","J- Minibus;K- Private Cars","S- Driver's Negligence",2.00
9015,37166.00,"4- Demerara- Mahaica",,"Camp Street",,"-58.1600","6.8137",,,11/20/2003 0:00:00,12/30/1899 8:05:00,"C- Minor Injury","F- Driver;G- Rider",,"Female","K- Private Cars;V-Motor Cycle","S- Driver's Negligence",2.00
9016,37167.00,"4- Demerara- Mahaica",,"North Road & New Garden",,"-58.1505","6.8091",,,11/21/2003 0:00:00,12/30/1899 16:45:00,"D- Property Damage","F- Driver",,"Female","K- Private Cars;M- Hire Cars","S- Driver's Negligence",3.00
9017,37168.00,"4- Demerara- Mahaica",,"Brickdam & Smyth",,"-58.1635","6.8083",,,11/24/2003 0:00:00,12/30/1899 13:50:00,"D- Property Damage","F- Driver",53.00,"Male","K- Private Cars","S- Driver's Negligence",2.00
9018,36260.00,"4- Demerara- Mahaica",,"Carifesta Ave.",,"-58.1505","6.8240",,"Georgetown",3/13/2004 0:00:00,12/30/1899 9:30:00,"D- Property Damage","F- Driver",50.00,"Male","K- Private Cars;M- Hire Cars","S- Driver's Negligence",2.00
9019,36261.00,"4- Demerara- Mahaica",,"Carifesta Ave.",,"-58.1483","6.8240",,"Georgetown",3/3/2004 0:00:00,12/30/1899 18:40:00,"D- Property Damage","E- Pedestrian;F- Driver",,"Male","K- Private Cars;M- Hire Cars","S- Driver's Negligence",2.00
9020,36267.00,"4- Demerara- Mahaica",,"Lamaha & Cummings St.",,"-58.1543","6.8174",,"Georgetown",3/5/2004 0:00:00,12/30/1899 8:30:00,"B- Serious Injury","F- Driver;G- Rider",49.00,"Male","J- Minibus;W-Pedal Cycle","U- Cyclist's Negligence",2.00
9021,36268.00,"4- Demerara- Mahaica",,"Ave. Of The Republic & Regent St.",,"-58.1653","6.8115",,"Georgetown",3/8/2004 0:00:00,12/30/1899 12:09:00,"D- Property Damage","F- Driver",29.00,"Male","M- Hire Cars","S- Driver's Negligence",2.00
9022,36269.00,"4- Demerara- Mahaica",,"Camp & Durban St.",,"-58.1620","6.8053",,"Georgetown",3/9/2004 0:00:00,12/30/1899 16:00:00,"D- Property Damage","F- Driver",32.00,"Male","J- Minibus;L- Lorries Van;M- Hire Cars","S- Driver's Negligence",3.00
9023,36270.00,"4- Demerara- Mahaica",,"Ave. Of The Republic & Regent St.",,"-58.1653","6.8115",,"Georgetown",3/10/2004 0:00:00,12/30/1899 9:45:00,"D- Property Damage","F- Driver;G- Rider",,"Male","J- Minibus;V-Motor Cycle","U- Cyclist's Negligence",2.00
9024,36271.00,"4- Demerara- Mahaica",,"Brickdam & Camp St.",,"-58.1615","6.8077",,"Georgetown",3/11/2004 0:00:00,12/30/1899 13:15:00,"D- Property Damage","F- Driver",,"Male","K- Private Cars;L- Lorries Van","S- Driver's Negligence",2.00
9025,36272.00,"4- Demerara- Mahaica",,"Camp Rd. & Woolford Ave.",,"-58.1581","6.8198",,"Georgetown",3/11/2004 0:00:00,12/30/1899 8:45:00,,"F- Driver;G- Rider",54.00,"Male","M- Hire Cars;V-Motor Cycle","U- Cyclist's Negligence",2.00