"ID","Accident ID","Region Number","Corridor ID","Location (Intersection/Road/Street)","Corridor","Location- longitude/ X","Location- latitude/  Y","Mile Marker","Village","Date of Accident","Time of Accident","Type of Accident","Class of Road User","Age/DOB","Gender","Class of Vehicles Involved","Contributing Factor","Number of Persons Involved"
9026,36273.00,"4- Demerara- Mahaica",,"Regent St.",,"-58.1604","6.8102",,"Georgetown",3/10/2004 0:00:00,12/30/1899 16:45:00,"C- Minor Injury","F- Driver",,"Male","J- Minibus;M- Hire Cars","S- Driver's Negligence",2.00
9027,36274.00,"4- Demerara- Mahaica",,"Croal St.",,"-58.1581","6.8076",,"Georgetown",3/11/2004 0:00:00,12/30/1899 10:00:00,"D- Property Damage","F- Driver",43.00,"Male","J- Minibus","S- Driver's Negligence",3.00
9028,36275.00,"4- Demerara- Mahaica",,"Norton St. & Louisa Row",,"-58.1577","6.8033",,"Georgetown",3/12/2004 0:00:00,12/30/1899 10:50:00,"C- Minor Injury","F- Driver",,"Male","J- Minibus;L- Lorries Van","S- Driver's Negligence",2.00
9029,36276.00,"4- Demerara- Mahaica",,"Croal St.",,"-58.1581","6.8076",,"Georgetown",3/12/2004 0:00:00,12/30/1899 16:45:00,"B- Serious Injury","E- Pedestrian;F- Driver",31.00,"Female","J- Minibus","T-Pedestrian's Negligence",2.00
9030,36277.00,"4- Demerara- Mahaica",,"Robb & Camp St.",,"-58.1606","6.8111",,"Georgetown",3/14/2004 0:00:00,12/30/1899 18:30:00,"C- Minor Injury","F- Driver;G- Rider",58.00,"Male","K- Private Cars;V-Motor Cycle","U- Cyclist's Negligence",2.00
9031,36278.00,"4- Demerara- Mahaica",,"Regent St.",,"-58.1604","6.8102",,"Georgetown",3/16/2004 0:00:00,12/30/1899 11:40:00,"C- Minor Injury","F- Driver;G- Rider",16.00,"Male","M- Hire Cars;V-Motor Cycle","U- Cyclist's Negligence",2.00
9032,36279.00,"4- Demerara- Mahaica",,"Urquhart St.",,"-58.1647","6.8198",,"Georgetown",3/17/2004 0:00:00,12/30/1899 8:15:00,"D- Property Damage","F- Driver",45.00,"Male","J- Minibus;N- Pickup","S- Driver's Negligence",2.00
9033,36280.00,"4- Demerara- Mahaica",,"Brickdam & Camp St.",,"-58.1615","6.8077",,"Georgetown",3/15/2004 0:00:00,12/30/1899 7:45:00,"C- Minor Injury","F- Driver;G- Rider",47.00,"Male","K- Private Cars;W-Pedal Cycle","U- Cyclist's Negligence",2.00
9034,36281.00,"4- Demerara- Mahaica",,"Commerce St.",,"-58.1661","6.8110",,"Georgetown",3/16/2004 0:00:00,12/30/1899 15:00:00,"D- Property Damage","F- Driver",,"Male","J- Minibus","S- Driver's Negligence",2.00
9035,36282.00,"4- Demerara- Mahaica",,"North Rd. & New Garden St.",,"-58.1505","6.8091",,"Georgetown",3/17/2004 0:00:00,,"C- Minor Injury","F- Driver",50.00,"Male","K- Private Cars;M- Hire Cars","S- Driver's Negligence",2.00
9036,36283.00,"4- Demerara- Mahaica",,"Regent & Albert St.",,"-58.1538","6.8084",,"Georgetown",3/18/2004 0:00:00,12/30/1899 8:30:00,"D- Property Damage","F- Driver",,"Male","K- Private Cars;M- Hire Cars","S- Driver's Negligence",2.00
9037,36284.00,"4- Demerara- Mahaica",,"Lamaha & Camp St.",,"-58.1584","6.8186",,"Georgetown",3/18/2004 0:00:00,12/30/1899 23:00:00,"D- Property Damage","F- Driver",,"Male","M- Hire Cars","S- Driver's Negligence",2.00
9038,36285.00,"4- Demerara- Mahaica",,"Ave. Of The Republic & Croal St.",,"-58.1658","6.8097",,"Georgetown",3/16/2004 0:00:00,12/30/1899 16:15:00,"D- Property Damage","F- Driver;G- Rider",18.00,"Male","J- Minibus;W-Pedal Cycle","U- Cyclist's Negligence",2.00
9039,36286.00,"4- Demerara- Mahaica",,"Norton St. & Louisa Row",,"-58.1577","6.8033",,"Georgetown",3/20/2004 0:00:00,12/30/1899 20:00:00,"A- Fatal","F- Driver;G- Rider",63.00,"Male","M- Hire Cars;V-Motor Cycle","S- Driver's Negligence",2.00
9040,36287.00,"4- Demerara- Mahaica",,"Brickdam St.",,"-58.1552","6.8061",,"Georgetown",3/20/2004 0:00:00,12/30/1899 23:05:00,"C- Minor Injury","F- Driver;G- Rider",43.00,"Female, Male","K- Private Cars;V-Motor Cycle","U- Cyclist's Negligence",2.00
9041,36288.00,"4- Demerara- Mahaica",,"Croal & Homestretch Ave.",,"-58.1475","6.8049",,"Georgetown",3/20/2004 0:00:00,12/30/1899 11:45:00,"D- Property Damage","F- Driver",36.00,"Male","K- Private Cars;M- Hire Cars","S- Driver's Negligence",2.00
9042,36289.00,"4- Demerara- Mahaica",,"Regent & Camp St.",,"-58.1608","6.8103",,"Georgetown",3/21/2004 0:00:00,12/30/1899 3:50:00,"B- Serious Injury","F- Driver",53.00,"Male","K- Private Cars;L- Lorries Van","S- Driver's Negligence",2.00
9043,36290.00,"4- Demerara- Mahaica",,"Wellington & South Rd.",,"-58.1629","6.8091",,"Georgetown",3/22/2004 0:00:00,12/30/1899 8:30:00,"D- Property Damage","F- Driver",27.00,"Male","J- Minibus","S- Driver's Negligence",2.00
9044,36291.00,"4- Demerara- Mahaica",,"Vlissengen Rd.",,"-58.1474","6.8108",,"Georgetown",3/23/2004 0:00:00,12/30/1899 19:35:00,"C- Minor Injury","F- Driver;G- Rider",,"Male","L- Lorries Van;V-Motor Cycle","U- Cyclist's Negligence",2.00
9045,36292.00,"4- Demerara- Mahaica",,"Ave. Of The Republic & Robb St.",,"-58.1650","6.8123",,"Georgetown",3/24/2004 0:00:00,12/30/1899 7:45:00,"D- Property Damage","F- Driver",30.00,"Male","J- Minibus;N- Pickup","S- Driver's Negligence",2.00
9046,36293.00,"4- Demerara- Mahaica",,"Brummel Pl.",,"-58.1573","6.8059",,"Georgetown",3/23/2004 0:00:00,12/30/1899 11:30:00,"B- Serious Injury","E- Pedestrian;F- Driver",,"Male","K- Private Cars","T-Pedestrian's Negligence",2.00
9047,36294.00,"4- Demerara- Mahaica",,"Robb St.",,"-58.1599","6.8109",,"Georgetown",3/24/2004 0:00:00,12/30/1899 15:30:00,"D- Property Damage","F- Driver",,"Female, Male","J- Minibus;K- Private Cars","S- Driver's Negligence",2.00
9048,36295.00,"4- Demerara- Mahaica",,"High St.",,"-58.1669","6.8063",,"Georgetown",3/27/2004 0:00:00,12/30/1899 0:20:00,"B- Serious Injury","F- Driver;G- Rider",28.00,"Male","V-Motor Cycle","U- Cyclist's Negligence",2.00
9049,36296.00,"4- Demerara- Mahaica",,"Orange Walk & Regent St.",,"-58.1575","6.8094",,"Georgetown",3/27/2004 0:00:00,12/30/1899 11:30:00,"D- Property Damage","F- Driver",,"Male","J- Minibus;L- Lorries Van","S- Driver's Negligence",2.00
9050,36297.00,"4- Demerara- Mahaica",,"Norton & Halley St.",,"-58.1525","6.8019",,"Georgetown",3/11/2004 0:00:00,12/30/1899 15:30:00,"D- Property Damage","F- Driver;G- Rider",49.00,"Male","N- Pickup;W-Pedal Cycle","U- Cyclist's Negligence",2.00
9051,36298.00,"4- Demerara- Mahaica",,"Croal & Cornhill St.",,"-58.1570","6.8073",,"Georgetown",3/29/2004 0:00:00,12/30/1899 14:30:00,"C- Minor Injury","F- Driver",45.00,"Male, Male, Female","K- Private Cars;M- Hire Cars","S- Driver's Negligence",3.00
9052,36299.00,"4- Demerara- Mahaica",,"Brickdam & Cornhill St.",,"-58.1572","6.8066",,"Georgetown",3/15/2004 0:00:00,12/30/1899 16:15:00,"D- Property Damage","F- Driver",37.00,"Male","J- Minibus;M- Hire Cars","S- Driver's Negligence",2.00
9053,36300.00,"4- Demerara- Mahaica",,"Durban & Lime St.",,"-58.1588","6.8045",,"Georgetown",3/29/2004 0:00:00,12/30/1899 2:10:00,"D- Property Damage","F- Driver",47.00,"Male","M- Hire Cars","S- Driver's Negligence",2.00
9054,36301.00,"4- Demerara- Mahaica",,"Norton St. & Louisa Row",,"-58.1577","6.8033",,"Georgetown",3/31/2004 0:00:00,12/30/1899 6:55:00,"D- Property Damage","F- Driver;G- Rider",,"Male","K- Private Cars;V-Motor Cycle","S- Driver's Negligence",2.00
9055,36302.00,"4- Demerara- Mahaica",,"Laluni St.",,"-58.1501","6.8144",,"Georgetown",3/30/2004 0:00:00,12/30/1899 15:30:00,"D- Property Damage","F- Driver",,"Male","K- Private Cars;L- Lorries Van","S- Driver's Negligence",2.00
9056,36303.00,"4- Demerara- Mahaica",,"South Rd.",,"-58.1583","6.8079",,"Georgetown",3/31/2004 0:00:00,12/30/1899 16:00:00,"D- Property Damage","F- Driver",,"Male","J- Minibus","S- Driver's Negligence",2.00
9057,36304.00,"4- Demerara- Mahaica",,"Camp & Hadfield St.",,"-58.1614","6.8078",,"Georgetown",4/1/2004 0:00:00,12/30/1899 8:00:00,"C- Minor Injury","F- Driver;G- Rider",,"Female, Male","M- Hire Cars;V-Motor Cycle","S- Driver's Negligence",2.00
9058,36305.00,"4- Demerara- Mahaica",,"Orange Walk & Croal St.",,"-58.1580","6.8076",,"Georgetown",4/1/2004 0:00:00,12/30/1899 17:40:00,"B- Serious Injury","F- Driver;G- Rider",49.00,"Female, Male","N- Pickup;V-Motor Cycle","S- Driver's Negligence",2.00
9059,36306.00,"4- Demerara- Mahaica",,"Quamina & Camp St.",,"-58.1599","6.8138",,"Georgetown",4/2/2004 0:00:00,12/30/1899 8:30:00,"D- Property Damage","F- Driver",,"Male","K- Private Cars;N- Pickup","S- Driver's Negligence",2.00
9060,36307.00,"4- Demerara- Mahaica",,"Hadfield & High St.",,"-58.1662","6.8081",,"Georgetown",4/2/2004 0:00:00,12/30/1899 16:10:00,"D- Property Damage","F- Driver",,"Male","K- Private Cars","S- Driver's Negligence",2.00
9061,36308.00,"4- Demerara- Mahaica",,"Lamaha & Irving St.",,"-58.1516","6.8166",,"Georgetown",4/2/2004 0:00:00,12/30/1899 20:30:00,"C- Minor Injury","F- Driver",56.00,"Male","K- Private Cars","S- Driver's Negligence",2.00
9062,36309.00,"4- Demerara- Mahaica",,"Lamaha & Albert St.",,"-58.1515","6.8167",,"Georgetown",4/3/2004 0:00:00,12/30/1899 15:30:00,"B- Serious Injury","E- Pedestrian;F- Driver",52.00,"Female, Male","K- Private Cars","T-Pedestrian's Negligence",2.00
9063,36310.00,"4- Demerara- Mahaica",,"Regent St.",,"-58.1604","6.8102",,"Georgetown",4/3/2004 0:00:00,12/30/1899 12:35:00,"D- Property Damage","F- Driver",22.00,"Male","K- Private Cars","S- Driver's Negligence",2.00
9064,36311.00,"4- Demerara- Mahaica",,"Hadfield St.",,"-58.1650","6.8079",,"Georgetown",4/5/2004 0:00:00,12/30/1899 9:40:00,"D- Property Damage","F- Driver",,"Male","J- Minibus;M- Hire Cars","S- Driver's Negligence",2.00
9065,36312.00,"4- Demerara- Mahaica",,"Camp St.",,"-58.1600","6.8137",,"Georgetown",4/6/2004 0:00:00,12/30/1899 14:30:00,"C- Minor Injury","F- Driver;G- Rider",25.00,"Male","M- Hire Cars;W-Pedal Cycle","U- Cyclist's Negligence",2.00
9066,36313.00,"4- Demerara- Mahaica",,"Robb St.",,"-58.1598","6.8108",,"Georgetown",4/5/2004 0:00:00,12/30/1899 12:45:00,"D- Property Damage","F- Driver;G- Rider",,"Male","M- Hire Cars;W-Pedal Cycle","S- Driver's Negligence",2.00
9067,36314.00,"4- Demerara- Mahaica",,"Vlissengen & South Rd.",,"-58.1508","6.8059",,"Georgetown",4/7/2004 0:00:00,12/30/1899 9:10:00,"D- Property Damage","F- Driver",,"Male","L- Lorries Van;X-Tractor","S- Driver's Negligence",2.00
9068,36315.00,"4- Demerara- Mahaica",,"Hadfield St.",,"-58.1650","6.8079",,"Georgetown",4/7/2004 0:00:00,12/30/1899 18:10:00,"D- Property Damage","F- Driver",29.00,"Male","J- Minibus;K- Private Cars","S- Driver's Negligence",2.00
9069,36316.00,"4- Demerara- Mahaica",,"North Rd. & Camp St.",,"-58.1604","6.8118",,"Georgetown",3/25/2004 0:00:00,12/30/1899 22:00:00,"C- Minor Injury","E- Pedestrian;F- Driver",,"Male","M- Hire Cars","S- Driver's Negligence",2.00
9070,36317.00,"4- Demerara- Mahaica",,"Brickdam Public Rd.",,"-58.1552","6.8061",,"Georgetown",4/7/2004 0:00:00,12/30/1899 14:45:00,"D- Property Damage","F- Driver",34.00,"Male","K- Private Cars;N- Pickup","S- Driver's Negligence",2.00
9071,36318.00,"4- Demerara- Mahaica",,"Durban & Camp St.",,"-58.1620","6.8053",,"Georgetown",4/7/2004 0:00:00,12/30/1899 16:10:00,"D- Property Damage","F- Driver",26.00,"Male","J- Minibus","S- Driver's Negligence",2.00
9072,36319.00,"4- Demerara- Mahaica",,"Ave. Of The Republic",,"-58.1651","6.8117",,"Georgetown",4/8/2004 0:00:00,12/30/1899 11:00:00,"D- Property Damage","F- Driver",31.00,"Male","K- Private Cars;L- Lorries Van","S- Driver's Negligence",2.00
9073,36320.00,"4- Demerara- Mahaica",,"Ave. Of The Republic & Regent St.",,"-58.1653","6.8115",,"Georgetown",4/6/2004 0:00:00,12/30/1899 14:00:00,"C- Minor Injury","E- Pedestrian;F- Driver",46.00,"Female, Male","K- Private Cars","T-Pedestrian's Negligence",2.00
9074,36321.00,"4- Demerara- Mahaica",,"Lamaha & Parade St.",,"-58.1608","6.8192",,"Georgetown",4/7/2004 0:00:00,12/30/1899 15:00:00,"D- Property Damage","F- Driver;G- Rider",,"Male","J- Minibus;V-Motor Cycle","S- Driver's Negligence",2.00
9075,36322.00,"4- Demerara- Mahaica",,"New Garden St. & G.C.C.",,"-58.1492","6.8141",,"Georgetown",4/8/2004 0:00:00,12/30/1899 18:20:00,"D- Property Damage","F- Driver",31.00,"Male","K- Private Cars","S- Driver's Negligence",2.00
9076,36323.00,"4- Demerara- Mahaica",,"Regent & Wellington St.",,"-58.1624","6.8107",,"Georgetown",4/9/2004 0:00:00,12/30/1899 14:45:00,"B- Serious Injury","F- Driver;G- Rider",34.00,"Male","N- Pickup;V-Motor Cycle","S- Driver's Negligence",2.00
9077,36324.00,"4- Demerara- Mahaica",,"Durban & Halley St.",,"-58.1522","6.8027",,"Georgetown",4/10/2004 0:00:00,12/30/1899 8:30:00,"C- Minor Injury","F- Driver",67.00,"Male","J- Minibus;M- Hire Cars","S- Driver's Negligence",2.00
9078,36325.00,"4- Demerara- Mahaica",,"Church St.",,"-58.1574","6.8114",,"Georgetown",4/11/2004 0:00:00,12/30/1899 2:30:00,"C- Minor Injury","F- Driver",36.00,"Male","K- Private Cars;L- Lorries Van","S- Driver's Negligence",2.00
9079,36326.00,"4- Demerara- Mahaica",,"Lamaha & Camp St.",,"-58.1584","6.8186",,"Georgetown",4/11/2004 0:00:00,12/30/1899 12:50:00,"D- Property Damage","F- Driver",,"Female, Male","K- Private Cars;M- Hire Cars","S- Driver's Negligence",2.00
9080,36327.00,"4- Demerara- Mahaica",,"Croal St.",,"-58.1581","6.8076",,"Georgetown",4/8/2004 0:00:00,12/30/1899 20:10:00,"D- Property Damage","F- Driver",55.00,"Male","J- Minibus","S- Driver's Negligence",2.00
9081,36328.00,"4- Demerara- Mahaica",,"Camp & Middle St.",,"-58.1599","6.8138",,"Georgetown",4/12/2004 0:00:00,12/30/1899 15:00:00,"D- Property Damage","F- Driver",,"Male","K- Private Cars;L- Lorries Van","S- Driver's Negligence",2.00
9082,36329.00,"4- Demerara- Mahaica",,"Thomas Rd. & P.S.U. Ground",,"-58.1531","6.8205",,"Georgetown",4/12/2004 0:00:00,12/30/1899 14:10:00,"D- Property Damage","F- Driver",32.00,"Male","K- Private Cars","S- Driver's Negligence",2.00
9083,36330.00,"4- Demerara- Mahaica",,"Regent & Light St.",,"-58.1552","6.8087",,"Georgetown",4/12/2004 0:00:00,12/30/1899 15:10:00,"D- Property Damage","F- Driver",35.00,"Male","K- Private Cars;M- Hire Cars","S- Driver's Negligence",2.00
9084,36331.00,"4- Demerara- Mahaica",,"Robb St.",,"-58.1598","6.8108",,"Georgetown",4/13/2004 0:00:00,12/30/1899 16:55:00,"C- Minor Injury","F- Driver;G- Rider",33.00,"Male","K- Private Cars;V-Motor Cycle","S- Driver's Negligence;U- Cyclist's Negligence",2.00
9085,36332.00,"4- Demerara- Mahaica",,"Durban & Halley St.",,"-58.1522","6.8027",,"Georgetown",4/13/2004 0:00:00,12/30/1899 13:30:00,"D- Property Damage","G- Rider",,"Male","V-Motor Cycle","U- Cyclist's Negligence",2.00
9086,36333.00,"4- Demerara- Mahaica",,"North Rd.",,"-58.1575","6.8110",,"Georgetown",4/12/2004 0:00:00,12/30/1899 23:15:00,"D- Property Damage","F- Driver",34.00,"Male","J- Minibus","S- Driver's Negligence",2.00
9087,36334.00,"4- Demerara- Mahaica",,"High St.",,"-58.1669","6.8063",,"Georgetown",4/15/2004 0:00:00,12/30/1899 9:15:00,"D- Property Damage","F- Driver",,"Male","J- Minibus;N- Pickup","S- Driver's Negligence",2.00
9088,36335.00,"4- Demerara- Mahaica",,"Camp St.",,"-58.1600","6.8137",,"Georgetown",4/15/2004 0:00:00,12/30/1899 15:15:00,"D- Property Damage","F- Driver",,"Male","K- Private Cars;L- Lorries Van","S- Driver's Negligence",2.00
9089,36336.00,"4- Demerara- Mahaica",,"Ave. Of The Republic & Commerce St.",,"-58.1657","6.8109",,"Georgetown",4/14/2004 0:00:00,12/30/1899 14:30:00,"D- Property Damage","F- Driver",21.00,"Male, Female","J- Minibus;K- Private Cars","S- Driver's Negligence",2.00
9090,36337.00,"4- Demerara- Mahaica",,"Irving St.",,"-58.1455","6.8177",,"Georgetown",4/15/2004 0:00:00,12/30/1899 22:50:00,"D- Property Damage","F- Driver",18.00,"Male","L- Lorries Van","O- Lost Control & Runoff",1.00
9091,36338.00,"4- Demerara- Mahaica",,"North Rd. & Albert St.",,"-58.1534","6.8099",,"Georgetown",4/16/2004 0:00:00,12/30/1899 8:30:00,"D- Property Damage","F- Driver",21.00,"Male","L- Lorries Van;M- Hire Cars","S- Driver's Negligence",2.00
9092,36339.00,"4- Demerara- Mahaica",,"Charlotte & King St.",,"-58.1643","6.8103",,"Georgetown",4/15/2004 0:00:00,12/30/1899 22:00:00,"D- Property Damage","F- Driver",,"Male","J- Minibus;M- Hire Cars","S- Driver's Negligence",2.00
9093,36340.00,"4- Demerara- Mahaica",,"Carifesta Ave. & Camp Rd.",,"-58.1572","6.8226",,"Georgetown",4/17/2004 0:00:00,12/30/1899 23:30:00,"D- Property Damage","F- Driver",,"Male","K- Private Cars","S- Driver's Negligence",2.00
9094,36341.00,"4- Demerara- Mahaica",,"Durban & Lime St.",,"-58.1588","6.8045",,"Georgetown",4/17/2004 0:00:00,12/30/1899 13:30:00,"D- Property Damage","F- Driver",35.00,"Male","J- Minibus","S- Driver's Negligence",2.00
9095,36342.00,"4- Demerara- Mahaica",,"Main St.",,"-58.1276","6.8221",,"Georgetown",4/16/2004 0:00:00,12/30/1899 14:05:00,"D- Property Damage","F- Driver",47.00,"Male","J- Minibus","S- Driver's Negligence",2.00
9096,36343.00,"4- Demerara- Mahaica",,"Norton St.",,"-58.1519","6.8017",,"Georgetown",4/16/2004 0:00:00,12/30/1899 7:30:00,"D- Property Damage","E- Pedestrian;F- Driver",53.00,"Male","K- Private Cars","T-Pedestrian's Negligence",2.00
9097,36344.00,"4- Demerara- Mahaica",,"Carifesta Ave",,"-58.1483","6.8240",,"Georgetown",4/19/2004 0:00:00,12/30/1899 16:40:00,"D- Property Damage","F- Driver",49.00,"Male","J- Minibus","S- Driver's Negligence",3.00
9098,36345.00,,,,,,,,,,,,,,,,,
9099,36346.00,"4- Demerara- Mahaica",,"Robb St.",,"-58.1598","6.8108",,"Georgetown",4/17/2004 0:00:00,12/30/1899 3:00:00,"D- Property Damage","F- Driver",,"Male","K- Private Cars","S- Driver's Negligence",2.00
9100,36347.00,"4- Demerara- Mahaica",,"Main St. & Middle St.",,"-58.1642","6.8167",,"Georgetown",4/21/2004 0:00:00,12/30/1899 9:15:00,"D- Property Damage","F- Driver",37.00,"Male","J- Minibus;K- Private Cars","S- Driver's Negligence",2.00
9101,36348.00,"4- Demerara- Mahaica",,"Middle & East St.",,"-58.1560","6.8145",,"Georgetown",4/21/2004 0:00:00,12/30/1899 8:15:00,"D- Property Damage","F- Driver",39.00,"Male","J- Minibus;K- Private Cars","S- Driver's Negligence",2.00
9102,36349.00,"4- Demerara- Mahaica",,"Lombard St.",,"-58.1675","6.8071",,"Georgetown",4/20/2004 0:00:00,12/30/1899 15:45:00,"D- Property Damage","F- Driver",,"Male","J- Minibus;N- Pickup","S- Driver's Negligence",2.00
9103,36350.00,"4- Demerara- Mahaica",,"Regent St.",,"-58.1604","6.8102",,"Georgetown",4/10/2004 0:00:00,12/30/1899 17:45:00,"D- Property Damage","F- Driver;G- Rider",25.00,"Male","K- Private Cars;V-Motor Cycle","S- Driver's Negligence;U- Cyclist's Negligence",2.00
9104,36351.00,"4- Demerara- Mahaica",,"Lamaha & Thomas St.",,"-58.1568","6.8181",,"Georgetown",4/21/2004 0:00:00,12/30/1899 9:20:00,"B- Serious Injury","F- Driver;G- Rider",44.00,"Male","J- Minibus;W-Pedal Cycle","U- Cyclist's Negligence",2.00
9105,36352.00,"4- Demerara- Mahaica",,"Vlissengen Rd.",,"-58.1474","6.8108",,"Georgetown",4/21/2004 0:00:00,12/30/1899 14:20:00,"D- Property Damage","F- Driver",51.00,"Male","K- Private Cars;L- Lorries Van","S- Driver's Negligence",2.00
9106,36353.00,"4- Demerara- Mahaica",,"Regent St.",,"-58.1604","6.8102",,"Georgetown",4/18/2004 0:00:00,12/30/1899 16:15:00,"C- Minor Injury","F- Driver;G- Rider",43.00,"Male","J- Minibus;V-Motor Cycle","S- Driver's Negligence",2.00
9107,36354.00,"4- Demerara- Mahaica",,"Croal St.",,"-58.1581","6.8076",,"Georgetown",4/23/2004 0:00:00,12/30/1899 9:45:00,"C- Minor Injury","F- Driver;G- Rider",26.00,"Male","J- Minibus;V-Motor Cycle","S- Driver's Negligence;U- Cyclist's Negligence",2.00
9108,36355.00,"4- Demerara- Mahaica",,"Regent & Alexander St.",,"-58.1593","6.8099",,"Georgetown",4/23/2004 0:00:00,12/30/1899 15:15:00,"C- Minor Injury","F- Driver;G- Rider",30.00,"Male","M- Hire Cars;V-Motor Cycle","S- Driver's Negligence",2.00
9109,36356.00,"4- Demerara- Mahaica",,"Church & Camp St.",,"-58.1601","6.8122",,"Georgetown",4/26/2004 0:00:00,12/30/1899 5:45:00,"C- Minor Injury","F- Driver",51.00,"Male","J- Minibus;L- Lorries Van","S- Driver's Negligence",2.00
9110,36357.00,"4- Demerara- Mahaica",,"Norton St. & Cemetary Rd.",,"-58.1477","6.8088",,"Georgetown",4/22/2004 0:00:00,12/30/1899 19:30:00,"D- Property Damage","F- Driver;G- Rider",,"Male","K- Private Cars;V-Motor Cycle","S- Driver's Negligence",2.00
9111,36358.00,"4- Demerara- Mahaica",,"New Market & Camp St.",,"-58.1591","6.8170",,"Georgetown",4/26/2004 0:00:00,12/30/1899 10:30:00,"D- Property Damage","F- Driver",,"Male","J- Minibus","S- Driver's Negligence",2.00
9112,36359.00,"4- Demerara- Mahaica",,"Robb St.",,"-58.1598","6.8108",,"Georgetown",4/26/2004 0:00:00,12/30/1899 10:30:00,"D- Property Damage","F- Driver",,"Male","J- Minibus;L- Lorries Van","S- Driver's Negligence",2.00
9113,36360.00,"4- Demerara- Mahaica",,"East St.",,"-58.1559","6.8148",,"Georgetown",4/21/2004 0:00:00,12/30/1899 14:20:00,"C- Minor Injury","F- Driver;G- Rider",,"Male","M- Hire Cars;W-Pedal Cycle","S- Driver's Negligence;U- Cyclist's Negligence",2.00
9114,36361.00,"4- Demerara- Mahaica",,"Robb & Camp St.",,"-58.1606","6.8111",,"Georgetown",4/17/2004 0:00:00,12/30/1899 5:30:00,"B- Serious Injury","F- Driver",,"Male","K- Private Cars;L- Lorries Van;M- Hire Cars","S- Driver's Negligence",3.00
9115,36362.00,"4- Demerara- Mahaica",,"Ave. Of The Republic & Croal St.",,"-58.1658","6.8097",,"Georgetown",4/28/2004 0:00:00,12/30/1899 16:00:00,"C- Minor Injury","F- Driver",34.00,"Male","J- Minibus","S- Driver's Negligence",2.00
9116,36363.00,"4- Demerara- Mahaica",,"Brickdam & Camp St.",,"-58.1615","6.8077",,"Georgetown",4/29/2004 0:00:00,12/30/1899 7:15:00,"D- Property Damage","F- Driver",28.00,"Male","K- Private Cars","S- Driver's Negligence",2.00
9117,36364.00,"4- Demerara- Mahaica",,"Water St. & Ferry Stelling Rd.",,"-58.1677","6.8088",,"Georgetown",4/29/2004 0:00:00,12/30/1899 9:40:00,"C- Minor Injury","E- Pedestrian;F- Driver",,"Male","J- Minibus","S- Driver's Negligence",2.00
9118,36365.00,"4- Demerara- Mahaica",,"Fifth St. Albertown",,"-58.1546","6.8122",,"Georgetown",4/29/2004 0:00:00,12/30/1899 21:00:00,"D- Property Damage","F- Driver",,"Male","L- Lorries Van","S- Driver's Negligence",3.00
9119,36366.00,"4- Demerara- Mahaica",,"Robb & Light St.",,"-58.1549","6.8095",,"Georgetown",4/30/2004 0:00:00,12/30/1899 9:45:00,"C- Minor Injury","F- Driver;G- Rider",37.00,"Male","J- Minibus;K- Private Cars;M- Hire Cars;V-Motor Cycle","S- Driver's Negligence",4.00
9120,36367.00,"4- Demerara- Mahaica",,"Lamaha St.",,"-58.1527","6.8170",,"Georgetown",4/30/2004 0:00:00,12/30/1899 12:55:00,"D- Property Damage","F- Driver",40.00,,"J- Minibus;K- Private Cars","S- Driver's Negligence",2.00
9121,36368.00,"4- Demerara- Mahaica",,"Ave. Of The Republic & Croal St.",,"-58.1658","6.8097",,"Georgetown",5/1/2004 0:00:00,12/30/1899 23:00:00,"B- Serious Injury","F- Driver;G- Rider",42.00,"Male","J- Minibus;V-Motor Cycle","U- Cyclist's Negligence",2.00
9122,36369.00,"4- Demerara- Mahaica",,"Croal St. & Brummel Pl.",,"-58.1514","6.8059",,"Georgetown",4/30/2004 0:00:00,12/30/1899 13:30:00,"D- Property Damage","F- Driver",39.00,"Male","J- Minibus;K- Private Cars","S- Driver's Negligence",2.00
9123,36370.00,"4- Demerara- Mahaica",,"Charlotte & King St.",,"-58.1643","6.8103",,"Georgetown",5/5/2004 0:00:00,12/30/1899 16:15:00,"B- Serious Injury","F- Driver",,"Male","J- Minibus","S- Driver's Negligence",2.00
9124,36371.00,"4- Demerara- Mahaica",,"Croal St.",,"-58.1581","6.8076",,"Georgetown",5/4/2004 0:00:00,12/30/1899 12:00:00,"D- Property Damage","F- Driver",,"Male","J- Minibus","S- Driver's Negligence",2.00
9125,36372.00,"4- Demerara- Mahaica",,"Ave. Of The Republic",,"-58.1651","6.8117",,"Georgetown",5/6/2004 0:00:00,12/30/1899 14:15:00,"D- Property Damage","F- Driver",36.00,"Male","K- Private Cars;N- Pickup","S- Driver's Negligence",2.00
9126,36373.00,"4- Demerara- Mahaica",,"Ave. Of The Republic & Regent St.",,"-58.1653","6.8114",,"Georgetown",5/4/2004 0:00:00,12/30/1899 17:05:00,"D- Property Damage","F- Driver",25.00,"Male","K- Private Cars;M- Hire Cars","S- Driver's Negligence",2.00
9127,36374.00,"4- Demerara- Mahaica",,"Ave. Of The Republic & Croal St.",,"-58.1658","6.8097",,"Georgetown",5/6/2004 0:00:00,12/30/1899 10:15:00,"D- Property Damage","F- Driver",55.00,"Male, Female","J- Minibus;K- Private Cars","S- Driver's Negligence",2.00
9128,36375.00,"4- Demerara- Mahaica",,"Ave. Of The Republic & Robb St.",,"-58.1650","6.8123",,"Georgetown",5/6/2004 0:00:00,12/30/1899 13:15:00,"D- Property Damage","F- Driver",34.00,"Male","K- Private Cars;L- Lorries Van","S- Driver's Negligence",2.00
9129,36376.00,"4- Demerara- Mahaica",,"Carmichael St.",,"-58.1629","6.8159",,"Georgetown",5/7/2004 0:00:00,12/30/1899 10:30:00,"D- Property Damage","F- Driver",26.00,"Male","J- Minibus;M- Hire Cars","S- Driver's Negligence",3.00
9130,36377.00,"4- Demerara- Mahaica",,"Alexander St.",,"-58.1592","6.8102",,"Georgetown",5/4/2004 0:00:00,12/30/1899 15:40:00,"C- Minor Injury","E- Pedestrian;F- Driver",47.00,"Male","K- Private Cars","S- Driver's Negligence",2.00