"ID","Accident ID","Region Number","Corridor ID","Location (Intersection/Road/Street)","Corridor","Location- longitude/ X","Location- latitude/  Y","Mile Marker","Village","Date of Accident","Time of Accident","Type of Accident","Class of Road User","Age/DOB","Gender","Class of Vehicles Involved","Contributing Factor","Number of Persons Involved"
9131,36378.00,"4- Demerara- Mahaica",,"Wellington St.",,"-58.1623","6.8111",,"Georgetown",5/4/2004 0:00:00,12/30/1899 12:00:00,"D- Property Damage","F- Driver",,"Male","K- Private Cars;L- Lorries Van","S- Driver's Negligence",2.00
9132,36379.00,"4- Demerara- Mahaica",,"Croal St.",,"-58.1581","6.8076",,"Georgetown",5/7/2004 0:00:00,12/30/1899 19:16:00,"D- Property Damage","F- Driver",32.00,"Male","J- Minibus;M- Hire Cars","S- Driver's Negligence",2.00
9133,36380.00,"4- Demerara- Mahaica",,"New Market & Carmichael St.",,"-58.1621","6.8179",,"Georgetown",5/10/2004 0:00:00,,"D- Property Damage","F- Driver",,"Male","K- Private Cars","S- Driver's Negligence",2.00
9134,36381.00,"4- Demerara- Mahaica",,"Camp St.",,"-58.1600","6.8137",,"Georgetown",5/10/2004 0:00:00,12/30/1899 15:00:00,"D- Property Damage","F- Driver",,"Male","J- Minibus;K- Private Cars","S- Driver's Negligence",2.00
9135,36382.00,"4- Demerara- Mahaica",,"Water St.",,"-58.1659","6.8180",,"Georgetown",5/11/2004 0:00:00,12/30/1899 15:05:00,"D- Property Damage","F- Driver",50.00,"Male","J- Minibus;K- Private Cars;M- Hire Cars","S- Driver's Negligence",2.00
9136,36383.00,"4- Demerara- Mahaica",,"Regent & Alexander St.",,"-58.1593","6.8099",,"Georgetown",5/11/2004 0:00:00,12/30/1899 18:30:00,"C- Minor Injury","F- Driver;G- Rider",45.00,"Male","J- Minibus;W-Pedal Cycle","S- Driver's Negligence",2.00
9137,36384.00,"4- Demerara- Mahaica",,"Regent & Alexander St.",,"-58.1593","6.8099",,"Georgetown",5/12/2004 0:00:00,12/30/1899 5:40:00,"D- Property Damage","F- Driver",25.00,"Male","K- Private Cars","S- Driver's Negligence",2.00
9138,36385.00,"4- Demerara- Mahaica",,"South Rd. & Vlissengen Rd.",,"-58.1508","6.8059",,"Georgetown",5/12/2004 0:00:00,12/30/1899 8:40:00,"D- Property Damage","F- Driver",,"Male","J- Minibus;L- Lorries Van","S- Driver's Negligence",2.00
9139,36386.00,"4- Demerara- Mahaica",,"Alexander & Robb St.",,"-58.1591","6.8107",,"Georgetown",5/12/2004 0:00:00,12/30/1899 11:55:00,"C- Minor Injury","F- Driver",54.00,"Male","K- Private Cars;L- Lorries Van","S- Driver's Negligence",2.00
9140,36387.00,"4- Demerara- Mahaica",,"King St.",,"-58.1641","6.8109",,"Georgetown",5/14/2004 0:00:00,12/30/1899 14:15:00,"D- Property Damage","F- Driver",42.00,"Male","K- Private Cars;L- Lorries Van","S- Driver's Negligence",2.00
9141,36388.00,"4- Demerara- Mahaica",,"Croal & Dennis St.",,"-58.1541","6.8066",,"Georgetown",5/14/2004 0:00:00,12/30/1899 16:10:00,"C- Minor Injury","F- Driver",46.00,"Male, Female, Female","J- Minibus","S- Driver's Negligence",3.00
9142,36389.00,"4- Demerara- Mahaica",,"Thomas Rd.",,"-58.1578","6.8152",,"Georgetown",5/15/2004 0:00:00,12/30/1899 11:30:00,"B- Serious Injury","E- Pedestrian;F- Driver;G- Rider",25.00,"Male, Female, Male","V-Motor Cycle","U- Cyclist's Negligence",3.00
9143,36390.00,"4- Demerara- Mahaica",,"America St. & Ave. Of The Republic",,"-58.1658","6.8103",,"Georgetown",5/17/2004 0:00:00,12/30/1899 12:30:00,"C- Minor Injury","E- Pedestrian;F- Driver",47.00,"Male","J- Minibus","S- Driver's Negligence",2.00
9144,36391.00,"4- Demerara- Mahaica",,"Durban St.",,"-58.1526","6.8028",,"Georgetown",5/17/2004 0:00:00,12/30/1899 12:25:00,"D- Property Damage","F- Driver",23.00,"Female, Male","L- Lorries Van;N- Pickup","S- Driver's Negligence",2.00
9145,36392.00,"4- Demerara- Mahaica",,"Hinck & Commerce St.",,"-58.1662","6.8111",,"Georgetown",5/14/2004 0:00:00,12/30/1899 16:45:00,"D- Property Damage","F- Driver",23.00,"Male","J- Minibus;K- Private Cars","S- Driver's Negligence",2.00
9146,36393.00,"4- Demerara- Mahaica",,"Durban St.",,"-58.1526","6.8028",,"Georgetown",5/8/2004 0:00:00,12/30/1899 12:30:00,"D- Property Damage","F- Driver",42.00,"Male","J- Minibus;V-Motor Cycle","S- Driver's Negligence;U- Cyclist's Negligence",2.00
9147,36394.00,"4- Demerara- Mahaica",,"Church & Camp St.",,"-58.1601","6.8122",,"Georgetown",5/20/2004 0:00:00,12/30/1899 6:50:00,"D- Property Damage","F- Driver",44.00,"Male","J- Minibus;N- Pickup","S- Driver's Negligence",2.00
9148,36395.00,"4- Demerara- Mahaica",,"Durban & Lime St.",,"-58.1588","6.8045",,"Georgetown",5/20/2004 0:00:00,12/30/1899 20:15:00,"D- Property Damage","G- Rider",,"Male","V-Motor Cycle;W-Pedal Cycle","U- Cyclist's Negligence",2.00
9149,36396.00,"4- Demerara- Mahaica",,"Lamaha & Albert St.",,"-58.1515","6.8167",,"Georgetown",5/21/2004 0:00:00,12/30/1899 8:30:00,"D- Property Damage","F- Driver",38.00,"Male, Male, Female","K- Private Cars","S- Driver's Negligence",3.00
9150,36397.00,"4- Demerara- Mahaica",,"Camp & Middle St.",,"-58.1599","6.8138",,"Georgetown",5/21/2004 0:00:00,12/30/1899 14:45:00,"D- Property Damage","F- Driver",52.00,"Male","L- Lorries Van;V-Motor Cycle","S- Driver's Negligence",2.00
9151,36398.00,"4- Demerara- Mahaica",,"Ave. Of The Republic",,"-58.1651","6.8117",,"Georgetown",5/21/2004 0:00:00,12/30/1899 17:15:00,"D- Property Damage","F- Driver",43.00,"Male, Female","K- Private Cars;M- Hire Cars","S- Driver's Negligence",2.00
9152,36399.00,"4- Demerara- Mahaica",,"Robb St.",,"-58.1599","6.8109",,"Georgetown",5/21/2004 0:00:00,12/30/1899 16:15:00,"D- Property Damage","F- Driver",,"Male","K- Private Cars;L- Lorries Van","S- Driver's Negligence",2.00
9153,36400.00,"4- Demerara- Mahaica",,"Smyth & Princess St.",,"-58.1645","6.8040",,"Georgetown",5/22/2004 0:00:00,12/30/1899 11:35:00,"D- Property Damage","F- Driver",39.00,"Male","K- Private Cars;M- Hire Cars","S- Driver's Negligence",2.00
9154,36401.00,"4- Demerara- Mahaica",,"Croal & Cornhill St.",,"-58.1570","6.8073",,"Georgetown",5/24/2004 0:00:00,12/30/1899 10:45:00,"D- Property Damage","F- Driver",,"Male","K- Private Cars;L- Lorries Van","S- Driver's Negligence",2.00
9155,36402.00,"4- Demerara- Mahaica",,"Regent St.",,"-58.1604","6.8102",,"Georgetown",5/24/2004 0:00:00,12/30/1899 8:05:00,"A- Fatal","E- Pedestrian;F- Driver",72.00,"Male","K- Private Cars","P- Speeding",2.00
9156,36403.00,"4- Demerara- Mahaica",,"Croal St.",,"-58.1581","6.8076",,"Georgetown",5/24/2004 0:00:00,12/30/1899 15:30:00,"D- Property Damage","F- Driver",32.00,"Male","J- Minibus","S- Driver's Negligence",2.00
9157,36404.00,"4- Demerara- Mahaica",,"North Rd.",,"-58.1575","6.8110",,"Georgetown",5/25/2004 0:00:00,12/30/1899 13:05:00,"D- Property Damage","F- Driver",,"Male","K- Private Cars;L- Lorries Van","S- Driver's Negligence",2.00
9158,36405.00,"4- Demerara- Mahaica",,"Ave. Of The Republic & North Rd.",,"-58.1648","6.8130",,"Georgetown",4/26/2004 0:00:00,12/30/1899 8:30:00,"D- Property Damage","F- Driver",43.00,"Male","J- Minibus;L- Lorries Van","S- Driver's Negligence",2.00
9159,36406.00,"4- Demerara- Mahaica",,"Garnett St.",,"-58.1414","6.8133",,"Georgetown",4/23/2004 0:00:00,12/30/1899 20:05:00,"D- Property Damage","F- Driver",46.00,"Male","K- Private Cars;L- Lorries Van","S- Driver's Negligence",2.00
9160,36407.00,"4- Demerara- Mahaica",,"Ave. Of The Republic",,"-58.1651","6.8117",,"Georgetown",5/24/2004 0:00:00,12/30/1899 12:00:00,"D- Property Damage","F- Driver",28.00,"Male","J- Minibus","S- Driver's Negligence",2.00
9161,36408.00,"4- Demerara- Mahaica",,"Ave. Of The Republic",,"-58.1651","6.8117",,"Georgetown",4/25/2004 0:00:00,12/30/1899 12:30:00,"D- Property Damage","F- Driver",27.00,"Male","J- Minibus;M- Hire Cars","S- Driver's Negligence",2.00
9162,36409.00,"4- Demerara- Mahaica",,"Brickdam Public Rd.",,"-58.1552","6.8061",,"Georgetown",4/25/2004 0:00:00,12/30/1899 15:00:00,"C- Minor Injury","F- Driver",26.00,"Male","K- Private Cars","S- Driver's Negligence",2.00
9163,36410.00,"4- Demerara- Mahaica",,"Robb St.",,"-58.1599","6.8109",,"Georgetown",5/19/2004 0:00:00,12/30/1899 15:40:00,"C- Minor Injury","E- Pedestrian;F- Driver",28.00,"Male, Female","J- Minibus;M- Hire Cars","S- Driver's Negligence",2.00
9164,36411.00,"4- Demerara- Mahaica",,"Carifesta Ave.",,"-58.1483","6.8240",,"Georgetown",4/28/2004 0:00:00,12/30/1899 18:30:00,"B- Serious Injury","F- Driver",38.00,"Male","K- Private Cars;L- Lorries Van;M- Hire Cars","S- Driver's Negligence",3.00
9165,36412.00,"4- Demerara- Mahaica",,"Ave. Of The Republic & Robb St.",,"-58.1650","6.8123",,"Georgetown",4/30/2004 0:00:00,12/30/1899 11:00:00,"C- Minor Injury","F- Driver",34.00,"Male","J- Minibus;K- Private Cars","S- Driver's Negligence",3.00
9166,36413.00,"4- Demerara- Mahaica",,"Brickdam & Camp St.",,"-58.1615","6.8077",,"Georgetown",4/30/2004 0:00:00,12/30/1899 6:25:00,"B- Serious Injury","F- Driver",53.00,"Male","K- Private Cars;L- Lorries Van","S- Driver's Negligence",2.00
9167,36414.00,"4- Demerara- Mahaica",,"High & Hadfield St.",,"-58.1662","6.8081",,"Georgetown",4/30/2004 0:00:00,12/30/1899 5:30:00,"D- Property Damage","F- Driver;G- Rider",,"Male","M- Hire Cars;V-Motor Cycle","U- Cyclist's Negligence",2.00
9168,36415.00,"4- Demerara- Mahaica",,"Durban & Halley St.",,"-58.1522","6.8027",,"Georgetown",4/30/2004 0:00:00,12/30/1899 15:25:00,"B- Serious Injury","E- Pedestrian;F- Driver",31.00,"Male, Female","J- Minibus","S- Driver's Negligence",2.00
9169,36416.00,"4- Demerara- Mahaica",,"Camp St.",,"-58.1600","6.8137",,"Georgetown",5/1/2004 0:00:00,12/30/1899 19:30:00,"B- Serious Injury","E- Pedestrian;G- Rider",30.00,"Female, Male","V-Motor Cycle","U- Cyclist's Negligence",2.00
9170,36417.00,"4- Demerara- Mahaica",,"New Garden St.",,"-58.1491","6.8145",,"Georgetown",4/27/2004 0:00:00,12/30/1899 10:05:00,"D- Property Damage","F- Driver",37.00,"Male","K- Private Cars","S- Driver's Negligence",2.00
9171,36418.00,"4- Demerara- Mahaica",,"King & Regent St.",,"-58.1641","6.8112",,"Georgetown",4/28/2004 0:00:00,12/30/1899 10:45:00,"D- Property Damage","F- Driver",42.00,"Male","K- Private Cars","S- Driver's Negligence",2.00
9172,36419.00,"4- Demerara- Mahaica",,"Main St.",,"-58.1276","6.8221",,"Georgetown",5/3/2004 0:00:00,12/30/1899 16:30:00,"D- Property Damage","F- Driver",,"Male","J- Minibus;K- Private Cars","S- Driver's Negligence",3.00
9173,36420.00,"4- Demerara- Mahaica",,"Brickdam",,"-58.1552","6.8061",,"Georgetown",5/4/2004 0:00:00,12/30/1899 16:30:00,"C- Minor Injury","F- Driver;G- Rider",,"Male","J- Minibus;V-Motor Cycle","U- Cyclist's Negligence",2.00
9174,36421.00,"4- Demerara- Mahaica",,"North & Halley St.",,"-58.1505","6.8091",,"Georgetown",5/4/2004 0:00:00,12/30/1899 22:30:00,"B- Serious Injury","G- Rider",26.00,"Male","V-Motor Cycle;W-Pedal Cycle","U- Cyclist's Negligence",2.00
9175,36422.00,"4- Demerara- Mahaica",,"North Rd.",,"-58.1554","6.8104",,"Georgetown",5/5/2004 0:00:00,12/30/1899 10:30:00,"D- Property Damage","F- Driver",,"Male","K- Private Cars;L- Lorries Van","S- Driver's Negligence",2.00
9176,36423.00,"4- Demerara- Mahaica",,"Brickdam",,"-58.1552","6.8061",,"Georgetown",4/29/2004 0:00:00,12/30/1899 22:00:00,"D- Property Damage","F- Driver",,"Male, Female","K- Private Cars;N- Pickup","S- Driver's Negligence",2.00
9177,36424.00,"4- Demerara- Mahaica",,"High St.",,"-58.1669","6.8063",,"Georgetown",5/7/2004 0:00:00,12/30/1899 10:40:00,"C- Minor Injury","F- Driver;G- Rider",,"Male","J- Minibus;K- Private Cars;W-Pedal Cycle","U- Cyclist's Negligence",3.00
9178,36425.00,"4- Demerara- Mahaica",,"Regent & Albert St.",,"-58.1538","6.8084",,"Georgetown",5/4/2004 0:00:00,12/30/1899 8:40:00,"D- Property Damage","F- Driver",37.00,"Male","J- Minibus;K- Private Cars","S- Driver's Negligence",2.00
9179,36426.00,"4- Demerara- Mahaica",,"Camp & Brickdam St.",,"-58.1615","6.8077",,"Georgetown",5/9/2004 0:00:00,12/30/1899 10:20:00,"D- Property Damage","F- Driver",26.00,"Male","K- Private Cars","S- Driver's Negligence",2.00
9180,36427.00,"4- Demerara- Mahaica",,"Haley St.",,"-58.1523","6.8026",,"Georgetown",5/9/2004 0:00:00,12/30/1899 16:30:00,"C- Minor Injury","E- Pedestrian;F- Driver",12.00,"Female, Male","K- Private Cars","T-Pedestrian's Negligence",2.00
9181,36428.00,"4- Demerara- Mahaica",,"Camp & Quamina St.",,"-58.1599","6.8138",,"Georgetown",5/11/2004 0:00:00,12/30/1899 6:10:00,"D- Property Damage","F- Driver",45.00,"Male","J- Minibus;K- Private Cars","S- Driver's Negligence",2.00
9182,36429.00,"4- Demerara- Mahaica",,"Regent St.",,"-58.1604","6.8102",,"Georgetown",5/9/2004 0:00:00,12/30/1899 13:15:00,"B- Serious Injury","F- Driver",,"Male","K- Private Cars","O- Lost Control & Runoff",2.00
9183,36430.00,"4- Demerara- Mahaica",,"Lamaha & Albert St.",,"-58.1515","6.8167",,"Georgetown",5/11/2004 0:00:00,12/30/1899 18:00:00,"D- Property Damage","F- Driver",33.00,"Male","K- Private Cars","S- Driver's Negligence",2.00
9184,36431.00,"4- Demerara- Mahaica",,"Camp St.",,"-58.1600","6.8137",,"Georgetown",3/12/2004 0:00:00,12/30/1899 20:00:00,"B- Serious Injury","E- Pedestrian;F- Driver",43.00,"Female, Male","K- Private Cars","T-Pedestrian's Negligence",2.00
9185,36432.00,"4- Demerara- Mahaica",,"Middle & East St.",,"-58.1560","6.8145",,"Georgetown",3/14/2004 0:00:00,12/30/1899 1:30:00,"B- Serious Injury","F- Driver;G- Rider",25.00,"Female, Male","K- Private Cars;V-Motor Cycle","U- Cyclist's Negligence",2.00
9186,36433.00,"4- Demerara- Mahaica",,"Robb & Camp St.",,"-58.1606","6.8111",,"Georgetown",3/14/2004 0:00:00,12/30/1899 8:15:00,"D- Property Damage","E- Pedestrian;F- Driver",,"Male","J- Minibus","S- Driver's Negligence",2.00
9187,36434.00,"4- Demerara- Mahaica",,"Ave. Of The Republic",,"-58.1651","6.8117",,"Georgetown",9/24/2004 0:00:00,12/30/1899 11:30:00,"D- Property Damage","F- Driver",29.00,"Male","K- Private Cars;L- Lorries Van","S- Driver's Negligence",2.00
9188,36435.00,"4- Demerara- Mahaica",,"Battery Rd.",,"-58.1607","6.8248",,"Georgetown",9/29/2004 0:00:00,12/30/1899 14:30:00,"D- Property Damage","F- Driver",49.00,"Male, Female","J- Minibus;K- Private Cars","S- Driver's Negligence",2.00
9189,36436.00,"4- Demerara- Mahaica",,"South Rd.",,"-58.1583","6.8079",,"Georgetown",9/29/2004 0:00:00,12/30/1899 18:00:00,"D- Property Damage","F- Driver",44.00,"Male","J- Minibus","S- Driver's Negligence",2.00
9190,36437.00,"4- Demerara- Mahaica",,"Regent & Piggot St.",,"-58.1581","6.8095",,"Georgetown",9/30/2004 0:00:00,,"D- Property Damage","F- Driver",45.00,"Male","J- Minibus;M- Hire Cars","S- Driver's Negligence",2.00
9191,36438.00,"4- Demerara- Mahaica",,"Norton St.",,"-58.1519","6.8017",,"Georgetown",9/30/2004 0:00:00,12/30/1899 17:00:00,"D- Property Damage","F- Driver",36.00,"Male","K- Private Cars;M- Hire Cars","S- Driver's Negligence",2.00
9192,36439.00,"4- Demerara- Mahaica",,"Brickdam & Ave. Of The Republic",,"-58.1660","6.8089",,"Georgetown",10/1/2004 0:00:00,12/30/1899 23:30:00,"D- Property Damage","F- Driver;G- Rider",25.00,"Male","M- Hire Cars;V-Motor Cycle","S- Driver's Negligence",2.00
9193,36440.00,"4- Demerara- Mahaica",,"Camp St.",,"-58.1600","6.8137",,"Georgetown",10/2/2004 0:00:00,12/30/1899 9:45:00,"D- Property Damage","F- Driver",22.00,"Male","K- Private Cars","S- Driver's Negligence",2.00
9194,36441.00,"4- Demerara- Mahaica",,"Regent St.",,"-58.1604","6.8102",,"Georgetown",10/4/2004 0:00:00,12/30/1899 8:30:00,"D- Property Damage","F- Driver",40.00,"Male","M- Hire Cars;V-Motor Cycle","S- Driver's Negligence",2.00
9195,36442.00,"4- Demerara- Mahaica",,"Ave. Of The Republic",,"-58.1651","6.8117",,"Georgetown",10/5/2004 0:00:00,12/30/1899 16:55:00,"D- Property Damage","F- Driver",44.00,"Male","J- Minibus","S- Driver's Negligence",2.00
9196,36443.00,"4- Demerara- Mahaica",,"Vlissengen Rd.",,"-58.1474","6.8108",,"Georgetown",10/6/2004 0:00:00,12/30/1899 16:58:00,"D- Property Damage","F- Driver",33.00,"Male","M- Hire Cars","S- Driver's Negligence",2.00
9197,36444.00,"4- Demerara- Mahaica",,"Croal St.",,"-58.1581","6.8076",,"Georgetown",10/4/2004 0:00:00,12/30/1899 17:20:00,"D- Property Damage","F- Driver",27.00,"Male","J- Minibus;M- Hire Cars","S- Driver's Negligence",2.00
9198,36445.00,"4- Demerara- Mahaica",,"Regent & Albert St.",,"-58.1538","6.8084",,"Georgetown",10/7/2004 0:00:00,12/30/1899 12:20:00,"D- Property Damage","F- Driver",26.00,"Male","K- Private Cars","S- Driver's Negligence",2.00
9199,36446.00,"4- Demerara- Mahaica",,"Lamaha & Albert St.",,"-58.1515","6.8167",,"Georgetown",9/11/2004 0:00:00,12/30/1899 17:30:00,"D- Property Damage","F- Driver",35.00,"Male","J- Minibus;K- Private Cars","S- Driver's Negligence",2.00
9200,36447.00,"4- Demerara- Mahaica",,"Cummings & Regent St.",,"-58.1566","6.8092",,"Georgetown",10/8/2004 0:00:00,12/30/1899 12:30:00,"C- Minor Injury","F- Driver",33.00,"Male","M- Hire Cars;V-Motor Cycle","S- Driver's Negligence",2.00
9201,36448.00,"4- Demerara- Mahaica",,"Croal St. & Orange Walk",,"-58.1580","6.8076",,"Georgetown",10/9/2004 0:00:00,12/30/1899 0:10:00,"C- Minor Injury","F- Driver",31.00,"Male","J- Minibus;K- Private Cars","S- Driver's Negligence",2.00
9202,36449.00,"4- Demerara- Mahaica",,"Ave. Of The Republic",,"-58.1651","6.8117",,"Georgetown",10/9/2004 0:00:00,12/30/1899 14:00:00,"D- Property Damage","F- Driver",,"Male","J- Minibus","S- Driver's Negligence",2.00
9203,36450.00,"4- Demerara- Mahaica",,"New Garden & Crown St.",,"-58.1494","6.8131",,"Georgetown",10/8/2004 0:00:00,12/30/1899 13:30:00,"C- Minor Injury","F- Driver",23.00,"Male","K- Private Cars","S- Driver's Negligence",2.00
9204,36451.00,"4- Demerara- Mahaica",,"Regent & Orange Walk",,"-58.1575","6.8094",,"Georgetown",10/11/2004 0:00:00,12/30/1899 9:30:00,"D- Property Damage","F- Driver",50.00,"Male","L- Lorries Van;M- Hire Cars","S- Driver's Negligence",2.00
9205,36452.00,"4- Demerara- Mahaica",,"Light & North Rd.",,"-58.1548","6.8102",,"Georgetown",10/9/2004 0:00:00,12/30/1899 8:30:00,"C- Minor Injury","F- Driver",33.00,"Male","M- Hire Cars;V-Motor Cycle","S- Driver's Negligence",2.00
9206,36453.00,"4- Demerara- Mahaica",,"Thomas St. & Middle St.",,"-58.1576","6.8150",,"Georgetown",10/12/2004 0:00:00,12/30/1899 16:45:00,"D- Property Damage","F- Driver",,"Male","J- Minibus;K- Private Cars","S- Driver's Negligence",2.00
9207,36454.00,"4- Demerara- Mahaica",,"Camp Rd. & Carifesta Ave.",,"-58.1572","6.8226",,"Georgetown",10/12/2004 0:00:00,12/30/1899 20:15:00,"D- Property Damage","F- Driver",,"Male","K- Private Cars;N- Pickup","S- Driver's Negligence",2.00
9208,36455.00,"4- Demerara- Mahaica",,"North Rd. & New Garden St.",,"-58.1505","6.8091",,"Georgetown",10/13/2004 0:00:00,12/30/1899 19:30:00,"C- Minor Injury","F- Driver",,"Male","K- Private Cars;N- Pickup","S- Driver's Negligence",2.00
9209,36456.00,"4- Demerara- Mahaica",,"North Rd. & Camp St.",,"-58.1604","6.8118",,"Georgetown",10/14/2004 0:00:00,12/30/1899 17:00:00,"D- Property Damage","F- Driver",,"Male","J- Minibus;N- Pickup","S- Driver's Negligence",2.00
9210,36457.00,"4- Demerara- Mahaica",,"Camp & Carifesta Ave.",,"-58.1572","6.8226",,"Georgetown",10/15/2004 0:00:00,12/30/1899 4:00:00,"C- Minor Injury","G- Rider",32.00,"Male","W-Pedal Cycle","U- Cyclist's Negligence",2.00
9211,36458.00,"4- Demerara- Mahaica",,"Bent St.",,"-58.1576","6.8050",,"Georgetown",10/15/2004 0:00:00,12/30/1899 8:10:00,"D- Property Damage","F- Driver",40.00,"Male","K- Private Cars;M- Hire Cars","S- Driver's Negligence",2.00
9212,36459.00,"4- Demerara- Mahaica",,"Camp & Middle St.",,"-58.1599","6.8138",,"Georgetown",10/13/2004 0:00:00,12/30/1899 17:20:00,"C- Minor Injury","F- Driver",,"Male","J- Minibus;W-Pedal Cycle","S- Driver's Negligence",2.00
9213,36460.00,"4- Demerara- Mahaica",,"Camp St.",,"-58.1600","6.8137",,"Georgetown",10/16/2004 0:00:00,12/30/1899 20:30:00,"D- Property Damage","F- Driver",47.00,"Male","K- Private Cars;V-Motor Cycle","S- Driver's Negligence;U- Cyclist's Negligence",2.00
9214,36461.00,"4- Demerara- Mahaica",,"Regent St.",,"-58.1604","6.8102",,"Georgetown",10/18/2004 0:00:00,12/30/1899 15:00:00,"D- Property Damage","F- Driver",48.00,"Male","K- Private Cars;N- Pickup","S- Driver's Negligence",2.00
9215,36462.00,"4- Demerara- Mahaica",,"Durban & Haley St.",,"-58.1522","6.8027",,"Georgetown",10/18/2004 0:00:00,12/30/1899 19:08:00,"D- Property Damage","F- Driver",43.00,"Male","K- Private Cars;N- Pickup","S- Driver's Negligence",2.00
9216,36463.00,"4- Demerara- Mahaica",,"Norton St. & Louisa Row",,"-58.1577","6.8033",,"Georgetown",10/19/2004 0:00:00,12/30/1899 10:30:00,"D- Property Damage","F- Driver",32.00,"Male","K- Private Cars","S- Driver's Negligence",2.00
9217,36464.00,"4- Demerara- Mahaica",,"Regent & Camp St.",,"-58.1608","6.8103",,"Georgetown",10/19/2004 0:00:00,12/30/1899 23:50:00,"C- Minor Injury","F- Driver",45.00,"Male","K- Private Cars;M- Hire Cars","S- Driver's Negligence",2.00
9218,36465.00,"4- Demerara- Mahaica",,"North Rd. & Cummings St.",,"-58.1562","6.8107",,"Georgetown",10/19/2004 0:00:00,12/30/1899 16:30:00,"D- Property Damage","F- Driver",30.00,"Male","M- Hire Cars;V-Motor Cycle","S- Driver's Negligence",2.00
9219,36466.00,"4- Demerara- Mahaica",,"Ave. Of The Republic & Robb St.",,"-58.1650","6.8123",,"Georgetown",10/19/2004 0:00:00,12/30/1899 17:30:00,"D- Property Damage","F- Driver",38.00,"Male","J- Minibus;L- Lorries Van","S- Driver's Negligence",2.00
9220,36467.00,"4- Demerara- Mahaica",,"Cummings & Regent St.",,"-58.1566","6.8092",,"Georgetown",10/21/2004 0:00:00,12/30/1899 20:45:00,"C- Minor Injury","G- Rider",29.00,"Female","V-Motor Cycle","U- Cyclist's Negligence",2.00
9221,36468.00,"4- Demerara- Mahaica",,"Main & Hope St.",,"-58.1646","6.8162",,"Georgetown",10/22/2004 0:00:00,12/30/1899 11:45:00,"D- Property Damage","F- Driver",37.00,"Male","K- Private Cars","S- Driver's Negligence",3.00
9222,36469.00,"4- Demerara- Mahaica",,"Ave. Of The Republic",,"-58.1651","6.8117",,"Georgetown",10/15/2004 0:00:00,12/30/1899 8:15:00,"D- Property Damage","F- Driver",32.00,"Male","J- Minibus;K- Private Cars","S- Driver's Negligence",2.00
9223,36470.00,"4- Demerara- Mahaica",,"Cummings & North Rd.",,"-58.1562","6.8107",,"Georgetown",10/25/2004 0:00:00,12/30/1899 15:30:00,"C- Minor Injury","F- Driver",36.00,"Male","K- Private Cars","S- Driver's Negligence",2.00
9224,36471.00,"4- Demerara- Mahaica",,"Smyth St.",,"-58.1643","6.8048",,"Georgetown",10/22/2004 0:00:00,12/30/1899 16:45:00,"D- Property Damage","F- Driver",32.00,"Male","K- Private Cars","S- Driver's Negligence",2.00
9225,36472.00,"4- Demerara- Mahaica",,"Hadfield & Louisa Row",,"-58.1497","6.8037",,"Georgetown",10/27/2004 0:00:00,12/30/1899 9:30:00,"D- Property Damage","F- Driver",31.00,"Male","J- Minibus","S- Driver's Negligence",2.00
9226,36473.00,"4- Demerara- Mahaica",,"Croal & Camp St.",,"-58.1613","6.8084",,"Georgetown",10/27/2004 0:00:00,12/30/1899 13:45:00,"D- Property Damage","F- Driver",49.00,"Female","J- Minibus;K- Private Cars","S- Driver's Negligence",2.00
9227,36474.00,"4- Demerara- Mahaica",,"Oronoque & North Rd.",,"-58.1520","6.8095",,"Georgetown",10/27/2004 0:00:00,12/30/1899 19:30:00,"B- Serious Injury","G- Rider",,"Male","K- Private Cars;V-Motor Cycle","U- Cyclist's Negligence",2.00
9228,36475.00,"4- Demerara- Mahaica",,"Durban St.",,"-58.1526","6.8028",,"Georgetown",10/27/2004 0:00:00,12/30/1899 23:15:00,"C- Minor Injury","G- Rider",34.00,"Male","M- Hire Cars;V-Motor Cycle","U- Cyclist's Negligence",2.00
9229,36476.00,"4- Demerara- Mahaica",,"Camp St.",,"-58.1600","6.8137",,"Georgetown",10/28/2004 0:00:00,12/30/1899 12:00:00,"D- Property Damage","F- Driver",32.00,"Female","K- Private Cars","S- Driver's Negligence",2.00
9230,36477.00,"4- Demerara- Mahaica",,"North Rd. & New Garden St.",,"-58.1505","6.8091",,"Georgetown",10/28/2004 0:00:00,12/30/1899 16:30:00,"D- Property Damage","F- Driver",27.00,"Male","K- Private Cars","S- Driver's Negligence",2.00
9231,36478.00,"4- Demerara- Mahaica",,"Lamaha & Albert St.",,"-58.1515","6.8167",,"Georgetown",10/29/2004 0:00:00,12/30/1899 8:45:00,"D- Property Damage","F- Driver",38.00,"Female","K- Private Cars","S- Driver's Negligence",2.00
9232,36479.00,"4- Demerara- Mahaica",,"Camp St.",,"-58.1600","6.8028",,"Georgetown",10/22/2004 0:00:00,12/30/1899 13:30:00,"C- Minor Injury","G- Rider",31.00,"Male","V-Motor Cycle","U- Cyclist's Negligence",2.00
9233,36480.00,"4- Demerara- Mahaica",,"North Rd.",,"-58.1575","6.8110",,"Georgetown",10/22/2004 0:00:00,12/30/1899 13:30:00,"D- Property Damage","F- Driver",46.00,"Male","K- Private Cars;M- Hire Cars","S- Driver's Negligence",2.00
9234,36481.00,"4- Demerara- Mahaica",,"North Rd. & New Garden St.",,"-58.1505","6.8091",,"Georgetown",11/1/2004 0:00:00,12/30/1899 8:00:00,"D- Property Damage","F- Driver",25.00,"Male","K- Private Cars;N- Pickup","S- Driver's Negligence",3.00