"ID","Accident ID","Region Number","Corridor ID","Location (Intersection/Road/Street)","Corridor","Location- longitude/ X","Location- latitude/  Y","Mile Marker","Village","Date of Accident","Time of Accident","Type of Accident","Class of Road User","Age/DOB","Gender","Class of Vehicles Involved","Contributing Factor","Number of Persons Involved"
9235,36482.00,"4- Demerara- Mahaica",,"Water St. & Battery Rd.",,"-58.1659","6.8180",,"Georgetown",11/2/2004 0:00:00,12/30/1899 16:30:00,"C- Minor Injury","F- Driver",61.00,"Male","K- Private Cars","S- Driver's Negligence",2.00
9236,36484.00,"4- Demerara- Mahaica",,"Charlotte St.",,"-58.1635","6.8101",,"Georgetown",11/2/2004 0:00:00,12/30/1899 9:30:00,"C- Minor Injury","G- Rider",,"Male","V-Motor Cycle","U- Cyclist's Negligence",2.00
9237,36485.00,"4- Demerara- Mahaica",,"Regent & Albert St.",,"-58.1538","6.8084",,"Georgetown",11/3/2004 0:00:00,12/30/1899 7:00:00,"B- Serious Injury","G- Rider",50.00,"Male","K- Private Cars;V-Motor Cycle","U- Cyclist's Negligence",2.00
9238,36486.00,"4- Demerara- Mahaica",,"Ave. Of The Republic & Regent St.",,"-58.1653","6.8115",,"Georgetown",10/30/2004 0:00:00,12/30/1899 21:30:00,"D- Property Damage","F- Driver",32.00,"Male","K- Private Cars;V-Motor Cycle","S- Driver's Negligence",2.00
9239,36487.00,"4- Demerara- Mahaica",,"Regent & Albert St.",,"-58.1538","6.8084",,"Georgetown",10/4/2004 0:00:00,12/30/1899 16:30:00,"B- Serious Injury","F- Driver",27.00,"Male","J- Minibus;L- Lorries Van","S- Driver's Negligence",2.00
9240,36488.00,"4- Demerara- Mahaica",,"Durban St.",,"-58.1526","6.8028",,"Georgetown",10/29/2004 0:00:00,12/30/1899 16:30:00,"D- Property Damage","F- Driver",35.00,"Male","J- Minibus","S- Driver's Negligence",2.00
9241,36489.00,"4- Demerara- Mahaica",,"North Rd. & Wellington St.",,"-58.1621","6.8122",,"Georgetown",11/1/2004 0:00:00,,"C- Minor Injury","F- Driver",50.00,"Male","J- Minibus;W-Pedal Cycle","S- Driver's Negligence",2.00
9242,36490.00,"4- Demerara- Mahaica",,"Norton & Camp St.",,"-58.1622","6.8045",,"Georgetown",11/5/2004 0:00:00,12/30/1899 23:00:00,"C- Minor Injury","F- Driver",25.00,"Male","K- Private Cars;V-Motor Cycle","S- Driver's Negligence;U- Cyclist's Negligence",2.00
9243,36491.00,"4- Demerara- Mahaica",,"Camp & Robb St.",,"-58.1606","6.8111",,"Georgetown",11/6/2004 0:00:00,12/30/1899 7:30:00,"D- Property Damage","F- Driver",,"Male","K- Private Cars;M- Hire Cars","S- Driver's Negligence",2.00
9244,36492.00,"4- Demerara- Mahaica",,"Regent & Cummings St.",,"-58.1566","6.8092",,"Georgetown",11/7/2004 0:00:00,12/30/1899 11:50:00,"C- Minor Injury","F- Driver",23.00,"Male","M- Hire Cars;V-Motor Cycle","S- Driver's Negligence",2.00
9245,36493.00,"4- Demerara- Mahaica",,"High St.",,"-58.1669","6.8063",,"Georgetown",11/7/2004 0:00:00,12/30/1899 14:00:00,"B- Serious Injury","F- Driver",,"Male","L- Lorries Van","S- Driver's Negligence",2.00
9246,36494.00,"4- Demerara- Mahaica",,"Durban & Camp St.",,"-58.1620","6.8053",,"Georgetown",11/7/2004 0:00:00,12/30/1899 19:00:00,"D- Property Damage","G- Rider",48.00,"Male","K- Private Cars;V-Motor Cycle","U- Cyclist's Negligence",2.00
9247,36495.00,"4- Demerara- Mahaica",,"Camp & North Rd.",,"-58.1604","6.8118",,"Georgetown",11/8/2004 0:00:00,12/30/1899 10:25:00,"D- Property Damage","F- Driver",21.00,"Male","K- Private Cars","S- Driver's Negligence",2.00
9248,36496.00,"4- Demerara- Mahaica",,"Woolford Ave.",,"-58.1525","6.8182",,"Georgetown",11/5/2004 0:00:00,12/30/1899 15:15:00,"D- Property Damage","F- Driver",46.00,"Male","K- Private Cars;L- Lorries Van","S- Driver's Negligence",2.00
9249,36497.00,"4- Demerara- Mahaica",,"Lamaha St.",,"-58.1527","6.8170",,"Georgetown",11/5/2004 0:00:00,12/30/1899 19:30:00,"C- Minor Injury","F- Driver",48.00,"Male","J- Minibus;V-Motor Cycle","S- Driver's Negligence",2.00
9250,36498.00,"4- Demerara- Mahaica",,"Norton & Haley St.",,"-58.1524","6.8019",,"Georgetown",11/9/2004 0:00:00,12/30/1899 17:00:00,"D- Property Damage","F- Driver",26.00,"Male","K- Private Cars;M- Hire Cars","S- Driver's Negligence",2.00
9251,36499.00,"4- Demerara- Mahaica",,"Carmichael & Quamina St.",,"-58.1630","6.8147",,"Georgetown",11/9/2004 0:00:00,12/30/1899 19:00:00,"D- Property Damage","F- Driver",,"Male","K- Private Cars;V-Motor Cycle","S- Driver's Negligence",2.00
9252,36500.00,"4- Demerara- Mahaica",,"Durban & George St.",,"-58.1628","6.8055",,"Georgetown",11/10/2004 0:00:00,12/30/1899 16:45:00,"C- Minor Injury","F- Driver",39.00,"Male","J- Minibus;V-Motor Cycle","U- Cyclist's Negligence",2.00
9253,36501.00,"4- Demerara- Mahaica",,"Brickdam & Camp Rd.",,"-58.1615","6.8077",,"Georgetown",11/12/2004 0:00:00,12/30/1899 8:00:00,"C- Minor Injury","F- Driver",38.00,"Male","L- Lorries Van;V-Motor Cycle","S- Driver's Negligence",2.00
9254,36502.00,"4- Demerara- Mahaica",,"Vlissengen Rd. & Regent St.",,"-58.1489","6.8070",,"Georgetown",11/14/2004 0:00:00,12/30/1899 19:05:00,"A- Fatal","G- Rider",,"Male","V-Motor Cycle;W-Pedal Cycle","U- Cyclist's Negligence",2.00
9255,36503.00,"4- Demerara- Mahaica",,"Robb & Cummings St.",,"-58.1564","6.8100",,"Georgetown",11/15/2004 0:00:00,12/30/1899 11:30:00,"D- Property Damage","F- Driver",,"Male","K- Private Cars;M- Hire Cars","S- Driver's Negligence",2.00
9256,36504.00,"4- Demerara- Mahaica",,"King & Robb St.",,"-58.1639","6.8120",,"Georgetown",11/15/2004 0:00:00,12/30/1899 17:00:00,"D- Property Damage","F- Driver",42.00,"Male","K- Private Cars;M- Hire Cars","S- Driver's Negligence",2.00
9257,36505.00,"4- Demerara- Mahaica",,"North Rd. & Oronoque St.",,"-58.1520","6.8095",,"Georgetown",11/16/2004 0:00:00,,"D- Property Damage","F- Driver",26.00,"Male","M- Hire Cars;N- Pickup","S- Driver's Negligence",2.00
9258,36506.00,"4- Demerara- Mahaica",,"Camp St.",,"-58.1600","6.8137",,"Georgetown",11/16/2004 0:00:00,12/30/1899 17:05:00,"D- Property Damage","F- Driver",50.00,"Male","K- Private Cars","S- Driver's Negligence",2.00
9259,36507.00,"4- Demerara- Mahaica",,"Regent & Camp St.",,"-58.1608","6.8103",,"Georgetown",11/16/2004 0:00:00,12/30/1899 22:50:00,"C- Minor Injury","F- Driver",34.00,"Male","J- Minibus;M- Hire Cars","S- Driver's Negligence",2.00
9260,36508.00,"4- Demerara- Mahaica",,"Middle & Carmichael St.",,"-58.1628","6.8163",,"Georgetown",11/17/2004 0:00:00,12/30/1899 15:55:00,"D- Property Damage","F- Driver",34.00,"Male","K- Private Cars;N- Pickup","S- Driver's Negligence",2.00
9261,36509.00,"4- Demerara- Mahaica",,"Regent St.",,"-58.1604","6.8102",,"Georgetown",11/17/2004 0:00:00,12/30/1899 11:55:00,"C- Minor Injury","G- Rider",,,"V-Motor Cycle","U- Cyclist's Negligence",2.00
9262,36510.00,"4- Demerara- Mahaica",,"Church St.",,"-58.1574","6.8114",,"Georgetown",11/18/2004 0:00:00,12/30/1899 23:20:00,"D- Property Damage","F- Driver",,"Male","K- Private Cars;N- Pickup","S- Driver's Negligence",2.00
9263,36511.00,"4- Demerara- Mahaica",,"Camp St.",,"-58.1600","6.8137",,"Georgetown",11/12/2004 0:00:00,,"D- Property Damage","F- Driver",,"Male","K- Private Cars","S- Driver's Negligence",2.00
9264,36512.00,"4- Demerara- Mahaica",,"Regent St.",,"-58.1604","6.8102",,"Georgetown",11/21/2004 0:00:00,12/30/1899 3:25:00,"B- Serious Injury","G- Rider",20.00,"Male","K- Private Cars;V-Motor Cycle","U- Cyclist's Negligence",2.00
9265,36513.00,"4- Demerara- Mahaica",,"New Market & Waterloo St.",,"-58.1607","6.8175",,"Georgetown",11/22/2004 0:00:00,12/30/1899 7:45:00,"D- Property Damage","F- Driver",20.00,"Male","K- Private Cars","S- Driver's Negligence",2.00
9266,36514.00,"4- Demerara- Mahaica",,"Cornhill St.",,"-58.1574","6.8046",,"Georgetown",11/22/2004 0:00:00,12/30/1899 10:45:00,"D- Property Damage","F- Driver",32.00,"Male","J- Minibus;M- Hire Cars","S- Driver's Negligence",2.00
9267,36515.00,"4- Demerara- Mahaica",,"Regent St.",,"-58.1604","6.8102",,"Georgetown",11/22/2004 0:00:00,12/30/1899 17:05:00,"D- Property Damage","F- Driver",26.00,"Male","N- Pickup","S- Driver's Negligence",2.00
9268,36516.00,"4- Demerara- Mahaica",,"Camp St.",,"-58.1600","6.8137",,"Georgetown",11/22/2004 0:00:00,12/30/1899 16:15:00,"A- Fatal","G- Rider",,"Male","W-Pedal Cycle","U- Cyclist's Negligence",2.00
9269,36517.00,"4- Demerara- Mahaica",,"Main St.",,"-58.1276","6.8221",,"Georgetown",11/23/2004 0:00:00,12/30/1899 9:35:00,"C- Minor Injury","F- Driver",,"Male","L- Lorries Van;N- Pickup","S- Driver's Negligence",2.00
9270,36518.00,"4- Demerara- Mahaica",,"New Market & Waterloo St.",,"-58.1607","6.8175",,"Georgetown",11/23/2004 0:00:00,12/30/1899 16:45:00,"D- Property Damage","F- Driver",24.00,"Male","J- Minibus;K- Private Cars","S- Driver's Negligence",2.00
9271,36519.00,"4- Demerara- Mahaica",,"Cemetary Rd. & Norton St.",,"-58.1477","6.8088",,"Georgetown",11/23/2004 0:00:00,12/30/1899 7:30:00,"C- Minor Injury","G- Rider",30.00,"Female","J- Minibus;V-Motor Cycle","U- Cyclist's Negligence",2.00
9272,36520.00,"4- Demerara- Mahaica",,"Cummings & Church St.",,"-58.1561","6.8111",,"Georgetown",11/23/2004 0:00:00,12/30/1899 7:00:00,"D- Property Damage","F- Driver",,"Female",,"S- Driver's Negligence",2.00
9273,36521.00,"4- Demerara- Mahaica",,"Croal St.",,"-58.1581","6.8076",,"Georgetown",11/24/2004 0:00:00,12/30/1899 13:30:00,"D- Property Damage","F- Driver",34.00,"Male","K- Private Cars;N- Pickup","S- Driver's Negligence",2.00
9274,36522.00,"4- Demerara- Mahaica",,"Lamaha & Vlissengen Rd.",,"-58.1462","6.8153",,"Georgetown",11/25/2004 0:00:00,12/30/1899 9:40:00,"D- Property Damage","F- Driver",25.00,"Male","K- Private Cars","S- Driver's Negligence",2.00
9275,36523.00,"4- Demerara- Mahaica",,"North Rd. New Garden St.",,"-58.1505","6.8091",,"Georgetown",11/25/2004 0:00:00,12/30/1899 12:00:00,"D- Property Damage","F- Driver",58.00,"Male","K- Private Cars","S- Driver's Negligence",3.00
9276,36524.00,"4- Demerara- Mahaica",,"Camp St. & North Rd.",,"-58.1604","6.8118",,"Georgetown",11/25/2004 0:00:00,12/30/1899 11:55:00,"D- Property Damage","F- Driver",73.00,"Male","K- Private Cars;N- Pickup","S- Driver's Negligence",2.00
9277,36525.00,"4- Demerara- Mahaica",,"Norton St. & Cemetary Rd.",,"-58.1477","6.8088",,"Georgetown",11/25/2004 0:00:00,12/30/1899 16:30:00,"C- Minor Injury","F- Driver",,"Male","L- Lorries Van;W-Pedal Cycle","S- Driver's Negligence",2.00
9278,36526.00,"4- Demerara- Mahaica",,"Camp St.",,"-58.1600","6.8137",,"Georgetown",11/25/2004 0:00:00,12/30/1899 2:30:00,"D- Property Damage","F- Driver",21.00,"Male","K- Private Cars","S- Driver's Negligence",2.00
9279,36527.00,"4- Demerara- Mahaica",,"East St.",,"-58.1559","6.8148",,"Georgetown",11/26/2004 0:00:00,12/30/1899 10:15:00,"D- Property Damage","F- Driver",50.00,"Male","J- Minibus;M- Hire Cars","S- Driver's Negligence",2.00
9280,36528.00,"4- Demerara- Mahaica",,"North Rd.",,"-58.1554","6.8104",,"Georgetown",11/27/2004 0:00:00,,"D- Property Damage","F- Driver",24.00,"Male","K- Private Cars;L- Lorries Van","S- Driver's Negligence",2.00
9281,36529.00,"4- Demerara- Mahaica",,"Carmichael & Quamina St.",,"-58.1630","6.8147",,"Georgetown",11/27/2004 0:00:00,12/30/1899 10:45:00,"D- Property Damage","F- Driver",42.00,"Male","M- Hire Cars;V-Motor Cycle","S- Driver's Negligence",2.00
9282,36530.00,"4- Demerara- Mahaica",,"Vlissengen Rd.",,"-58.1474","6.8108",,"Georgetown",11/28/2004 0:00:00,12/30/1899 3:10:00,"C- Minor Injury","G- Rider",23.00,"Male","M- Hire Cars;W-Pedal Cycle","U- Cyclist's Negligence",2.00
9283,36531.00,"4- Demerara- Mahaica",,"Lamaha St.",,"-58.1527","6.8170",,"Georgetown",11/28/2004 0:00:00,12/30/1899 5:15:00,"A- Fatal","F- Driver",22.00,"Male","J- Minibus","O- Lost Control & Runoff",1.00
9284,36532.00,"4- Demerara- Mahaica",,"Camp & Regent St.",,"-58.1608","6.8103",,"Georgetown",11/27/2004 0:00:00,12/30/1899 13:30:00,"D- Property Damage","F- Driver",,"Male","M- Hire Cars;V-Motor Cycle","S- Driver's Negligence",2.00
9285,36533.00,"4- Demerara- Mahaica",,"High St.",,"-58.1669","6.8063",,"Georgetown",11/29/2004 0:00:00,12/30/1899 7:30:00,"B- Serious Injury","F- Driver",46.00,"Male","J- Minibus;W-Pedal Cycle","S- Driver's Negligence",2.00
9286,36534.00,"4- Demerara- Mahaica",,"Seawall Rd.",,"-58.1519","6.8249",,"Georgetown",11/29/2004 0:00:00,12/30/1899 16:45:00,"D- Property Damage","F- Driver",39.00,"Male","K- Private Cars","S- Driver's Negligence",2.00
9287,36535.00,"4- Demerara- Mahaica",,"South Rd.",,"-58.1586","6.8079",,"Georgetown",11/29/2004 0:00:00,12/30/1899 11:05:00,"D- Property Damage","F- Driver",41.00,"Male","J- Minibus","S- Driver's Negligence",2.00
9288,36536.00,"4- Demerara- Mahaica",,"Norton & Halley St.",,"-58.1525","6.8019",,"Georgetown",11/29/2004 0:00:00,12/30/1899 7:10:00,"C- Minor Injury","F- Driver",27.00,"Male","M- Hire Cars;W-Pedal Cycle","S- Driver's Negligence",2.00
9289,36537.00,"4- Demerara- Mahaica",,"Young St.",,"-58.1600","6.8234",,"Georgetown",11/30/2004 0:00:00,12/30/1899 7:35:00,"B- Serious Injury","G- Rider",28.00,"Male","M- Hire Cars;W-Pedal Cycle","U- Cyclist's Negligence",2.00
9290,36538.00,"4- Demerara- Mahaica",,"Middle & East St.",,"-58.1560","6.8145",,"Georgetown",11/30/2004 0:00:00,12/30/1899 13:00:00,"C- Minor Injury","F- Driver",,"Male","M- Hire Cars;V-Motor Cycle","S- Driver's Negligence",2.00
9291,36539.00,"4- Demerara- Mahaica",,"Albert St.",,"-58.1527","6.8123",,"Georgetown",11/29/2004 0:00:00,,"D- Property Damage","G- Rider",,"Female","V-Motor Cycle;W-Pedal Cycle","U- Cyclist's Negligence",2.00
9292,36540.00,"4- Demerara- Mahaica",,"Lamaha St.",,"-58.1527","6.8170",,"Georgetown",11/29/2004 0:00:00,,"C- Minor Injury","F- Driver",65.00,"Male","K- Private Cars;W-Pedal Cycle","S- Driver's Negligence",2.00
9293,36541.00,"4- Demerara- Mahaica",,"Camp & New Market St.",,"-58.1591","6.8170",,"Georgetown",12/15/2004 0:00:00,12/30/1899 8:30:00,"D- Property Damage","F- Driver",77.00,"Female","K- Private Cars","S- Driver's Negligence",2.00
9294,36542.00,"4- Demerara- Mahaica",,"Regent & Oronoque St.",,"-58.1524","6.8080",,"Georgetown",12/1/2004 0:00:00,12/30/1899 13:00:00,"D- Property Damage","F- Driver",,"Male","J- Minibus;K- Private Cars","S- Driver's Negligence",2.00
9295,36543.00,"4- Demerara- Mahaica",,"Ave. Of The Republic & Robb St.",,"-58.1650","6.8123",,"Georgetown",12/2/2004 0:00:00,,"D- Property Damage","F- Driver",29.00,"Male","K- Private Cars","S- Driver's Negligence",2.00
9296,36544.00,"4- Demerara- Mahaica",,"Carifesta Ave. & Camp St.",,"-58.1572","6.8226",,"Georgetown",12/2/2004 0:00:00,12/30/1899 18:45:00,"D- Property Damage","F- Driver",,"Male","K- Private Cars","S- Driver's Negligence",2.00
9297,36545.00,"4- Demerara- Mahaica",,"North Rd.",,"-58.1554","6.8104",,"Georgetown",12/3/2004 0:00:00,12/30/1899 18:45:00,"C- Minor Injury","G- Rider",,"Male","V-Motor Cycle","U- Cyclist's Negligence",2.00
9298,36546.00,"4- Demerara- Mahaica",,"Quamina & East St.",,"-58.1566","6.8129",,"Georgetown",12/3/2004 0:00:00,12/30/1899 9:10:00,"D- Property Damage","F- Driver",39.00,"Female","K- Private Cars;M- Hire Cars","S- Driver's Negligence",2.00
9299,36547.00,"4- Demerara- Mahaica",,"Hinck St.",,"-58.1660","6.8119",,"Georgetown",12/2/2004 0:00:00,12/30/1899 15:00:00,"D- Property Damage","F- Driver",,"Male","K- Private Cars","S- Driver's Negligence",2.00
9300,36548.00,"4- Demerara- Mahaica",,"Church & Cummings St.",,"-58.1561","6.8111",,"Georgetown",12/3/2004 0:00:00,12/30/1899 9:00:00,"D- Property Damage","F- Driver",,"Female","K- Private Cars","S- Driver's Negligence",2.00
9301,36549.00,"4- Demerara- Mahaica",,"Commerce St.",,"-58.1661","6.8110",,"Georgetown",12/2/2004 0:00:00,12/30/1899 12:00:00,"B- Serious Injury","F- Driver",,"Male","J- Minibus","S- Driver's Negligence",2.00
9302,36550.00,"4- Demerara- Mahaica",,"Regent & Camp St.",,"-58.1608","6.8103",,"Georgetown",12/4/2004 0:00:00,12/30/1899 0:30:00,"D- Property Damage","F- Driver",32.00,"Male","M- Hire Cars;N- Pickup","S- Driver's Negligence",2.00
9303,36551.00,"4- Demerara- Mahaica",,"Croal & Alexander St.",,"-58.1598","6.8081",,"Georgetown",12/4/2004 0:00:00,12/30/1899 9:30:00,"D- Property Damage","F- Driver",,"Male","J- Minibus;K- Private Cars","S- Driver's Negligence",2.00
9304,36552.00,"4- Demerara- Mahaica",,"South Rd. & King St.",,"-58.1645","6.8096",,"Georgetown",12/4/2004 0:00:00,12/30/1899 11:15:00,"D- Property Damage","F- Driver",,"Male","K- Private Cars","S- Driver's Negligence",2.00
9305,36553.00,"4- Demerara- Mahaica",,"Camp St.",,"-58.1600","6.8137",,"Georgetown",12/5/2004 0:00:00,12/30/1899 0:05:00,"D- Property Damage","F- Driver",31.00,"Male","K- Private Cars","S- Driver's Negligence",2.00
9306,36554.00,"4- Demerara- Mahaica",,"Brickdam St.",,"-58.1589","6.8070",,"Georgetown",12/5/2004 0:00:00,12/30/1899 21:13:00,"D- Property Damage","F- Driver",35.00,"Male","K- Private Cars;M- Hire Cars","S- Driver's Negligence",2.00
9307,36555.00,"4- Demerara- Mahaica",,"Regent & Albert St.",,"-58.1538","6.8084",,"Georgetown",12/6/2004 0:00:00,12/30/1899 2:50:00,"D- Property Damage","F- Driver",,"Male","K- Private Cars;M- Hire Cars","S- Driver's Negligence",2.00
9308,36556.00,"4- Demerara- Mahaica",,"Brickdam St.",,"-58.1589","6.8070",,"Georgetown",12/6/2004 0:00:00,12/30/1899 16:40:00,"D- Property Damage","F- Driver",,"Male","K- Private Cars","S- Driver's Negligence",2.00
9309,36557.00,"4- Demerara- Mahaica",,"Croal St.",,"-58.1581","6.8076",,"Georgetown",12/7/2004 0:00:00,12/30/1899 14:45:00,"D- Property Damage","F- Driver",55.00,"Male","J- Minibus","S- Driver's Negligence",2.00
9310,36558.00,"4- Demerara- Mahaica",,"Camp & Norton St.",,"-58.1622","6.8045",,"Georgetown",12/7/2004 0:00:00,12/30/1899 13:55:00,"D- Property Damage","F- Driver",34.00,"Male","K- Private Cars","S- Driver's Negligence",2.00
9311,36559.00,"4- Demerara- Mahaica",,"Waterloo & Middle St.",,"-58.1611","6.8159",,"Georgetown",12/8/2004 0:00:00,12/30/1899 10:00:00,"D- Property Damage","F- Driver",72.00,"Male","M- Hire Cars","S- Driver's Negligence",2.00
9312,36560.00,"4- Demerara- Mahaica",,"New Market & Camp St.",,"-58.1591","6.8170",,"Georgetown",12/9/2004 0:00:00,12/30/1899 16:30:00,"B- Serious Injury","G- Rider",27.00,"Male","K- Private Cars;V-Motor Cycle","U- Cyclist's Negligence",2.00
9313,36561.00,"4- Demerara- Mahaica",,"Ave. Of The Republic",,"-58.1651","6.8117",,"Georgetown",12/10/2004 0:00:00,12/30/1899 8:00:00,"D- Property Damage","F- Driver",47.00,"Male","J- Minibus","S- Driver's Negligence",2.00
9314,36562.00,"4- Demerara- Mahaica",,"Cummings St.",,"-58.1553","6.8140",,"Georgetown",12/8/2004 0:00:00,,"D- Property Damage","F- Driver",28.00,"Male","M- Hire Cars","S- Driver's Negligence",2.00
9315,37169.00,"4- Demerara- Mahaica",,"Durban St.",,"-58.1526","6.8028"," ","Georgetown",6/25/2005 0:00:00,12/30/1899 14:15:00,"D- Property Damage","F- Driver",,"Male","J- Minibus;K- Private Cars","S- Driver's Negligence",2.00
9316,37170.00,"4- Demerara- Mahaica",,"Croal St.",,"-58.1581","6.8076",,"Georgetown",6/26/2005 0:00:00,12/30/1899 0:35:00,"D- Property Damage","G- Rider",26.00,"Male","J- Minibus;V-Motor Cycle","U- Cyclist's Negligence",2.00
9317,37171.00,"4- Demerara- Mahaica",,"Lombard St.",,"-58.1675","6.8071",,"Georgetown",7/27/2005 0:00:00,12/30/1899 7:45:00,"D- Property Damage","F- Driver",43.00,"Male","J- Minibus;K- Private Cars","S- Driver's Negligence",3.00
9318,37172.00,"4- Demerara- Mahaica",,"Croal St.",,"-58.1581","6.8076",,"Georgetown",6/27/2005 0:00:00,12/30/1899 13:10:00,"D- Property Damage","F- Driver",,"Male","J- Minibus;K- Private Cars","S- Driver's Negligence",2.00
9319,37178.00,"4- Demerara- Mahaica",,"Main St. &New Market St.",,"-58.1638","6.8183",,"Georgetown",6/27/2005 0:00:00,12/30/1899 17:05:00,"D- Property Damage","F- Driver",49.00,"Male","K- Private Cars;N- Pickup","S- Driver's Negligence",2.00
9320,37179.00,"4- Demerara- Mahaica",,"Camp St. & Lamaha St.",,"-58.1584","6.8186",,"Georgetown",6/27/2005 0:00:00,12/30/1899 20:30:00,"D- Property Damage","F- Driver",23.00,"Male","K- Private Cars;M- Hire Cars","S- Driver's Negligence",2.00
9321,37180.00,"4- Demerara- Mahaica",,"North Rd. & Light St.",,"-58.1548","6.8102",,"Georgetown",6/28/2005 0:00:00,12/30/1899 18:00:00,"C- Minor Injury","F- Driver;G- Rider",64.00,"Male","K- Private Cars;V-Motor Cycle","U- Cyclist's Negligence",2.00
9322,37181.00,"4- Demerara- Mahaica",,"North Rd.",,"-58.1554","6.8104",,"Georgetown",6/29/2005 0:00:00,12/30/1899 13:15:00,"D- Property Damage","F- Driver",,"Male","K- Private Cars;N- Pickup","S- Driver's Negligence",2.00
9323,37182.00,"4- Demerara- Mahaica",,"North Rd. & Church St.",,"-58.1636","6.8130",,"Georgetown",6/29/2005 0:00:00,12/30/1899 11:30:00,"C- Minor Injury","F- Driver;I- Pillion Rider",47.00,"Male","K- Private Cars;V-Motor Cycle","S- Driver's Negligence",2.00
9324,37183.00,"4- Demerara- Mahaica",,"Main St.",,"-58.1276","6.8221",,"Georgetown",6/30/2005 0:00:00,12/30/1899 12:50:00,"D- Property Damage","F- Driver;G- Rider",41.00,"Male","K- Private Cars;V-Motor Cycle","S- Driver's Negligence",2.00
9325,37184.00,"4- Demerara- Mahaica",,"South Rd. & Camp St.",,"-58.1570","6.8076",,"Georgetown",6/18/2005 0:00:00,12/30/1899 17:00:00,"C- Minor Injury","F- Driver;G- Rider",,"Male","J- Minibus;W-Pedal Cycle","S- Driver's Negligence",2.00
9326,37185.00,"4- Demerara- Mahaica",,"Main St.",,"-58.1276","6.8221",,"Georgetown",7/1/2005 0:00:00,12/30/1899 14:40:00,"D- Property Damage","F- Driver",38.00,"Male","K- Private Cars","S- Driver's Negligence",2.00
9327,37186.00,"4- Demerara- Mahaica",,"Durban St. & Smythe St.",,"-58.1641","6.8059",,"Georgetown",7/1/2005 0:00:00,12/30/1899 18:45:00,"D- Property Damage","F- Driver",,,"K- Private Cars","S- Driver's Negligence",2.00
9328,37187.00,"4- Demerara- Mahaica",,"Camp St. & South Rd.",,"-58.1612","6.8087",,"Georgetown",7/1/2005 0:00:00,12/30/1899 19:20:00,"C- Minor Injury","E- Pedestrian;G- Rider",19.00,"Male","V-Motor Cycle","U- Cyclist's Negligence",3.00
9329,37188.00,"4- Demerara- Mahaica",,"Regent St.",,"-58.1604","6.8102",,"Georgetown",7/3/2005 0:00:00,12/30/1899 18:50:00,"C- Minor Injury","F- Driver;H- Passenger",37.00,"Male","K- Private Cars;L- Lorries Van;N- Pickup","S- Driver's Negligence",4.00
9330,37189.00,"4- Demerara- Mahaica",,"Regent St. & Bourda Rd.",,"-58.1584","6.8096",,"Georgetown",7/2/2005 0:00:00,,"D- Property Damage","F- Driver",34.00,"Male","J- Minibus;M- Hire Cars","S- Driver's Negligence",2.00
9331,37190.00,"4- Demerara- Mahaica",,"Robb St.",,"-58.1598","6.8108",,"Georgetown",7/3/2005 0:00:00,12/30/1899 5:45:00,"D- Property Damage","F- Driver",55.00,"Male","M- Hire Cars","S- Driver's Negligence",2.00
9332,37191.00,"4- Demerara- Mahaica",,"Robb St. & Light St.",,"-58.1549","6.8095",,"Georgetown",7/4/2005 0:00:00,12/30/1899 11:00:00,"D- Property Damage","F- Driver",31.00,"Female","K- Private Cars;M- Hire Cars","S- Driver's Negligence",2.00
9333,37192.00,"4- Demerara- Mahaica",,"Smythe St.",,"-58.1643","6.8048",,"Georgetown",7/5/2005 0:00:00,12/30/1899 10:00:00,"C- Minor Injury","E- Pedestrian;F- Driver",48.00,"Male","L- Lorries Van","S- Driver's Negligence",2.00
9334,37193.00,"4- Demerara- Mahaica",,"Robb St. & Light St.",,"-58.1549","6.8095",,"Georgetown",7/1/2005 0:00:00,12/30/1899 22:30:00,"D- Property Damage","F- Driver;G- Rider",,,"K- Private Cars;V-Motor Cycle","S- Driver's Negligence",2.00
9335,37194.00,"4- Demerara- Mahaica",,"Regent St. & Wellington St.",,"-58.1624","6.8107",,"Georgetown",7/5/2005 0:00:00,12/30/1899 15:07:00,"D- Property Damage","F- Driver;G- Rider",33.00,"Male","K- Private Cars;V-Motor Cycle","S- Driver's Negligence",2.00
9336,37195.00,"4- Demerara- Mahaica",,"Brickdam & Magnet Place",,"-58.1646","6.8085",,"Georgetown",7/6/2005 0:00:00,12/30/1899 17:25:00,"C- Minor Injury","F- Driver;G- Rider",46.00,"Male","J- Minibus;V-Motor Cycle","S- Driver's Negligence",2.00
9337,37196.00,"4- Demerara- Mahaica",,"Thomas St.",,"-58.1577","6.8148",,"Georgetown",7/6/2005 0:00:00,12/30/1899 18:30:00,"D- Property Damage","F- Driver",31.00,"Male","K- Private Cars;N- Pickup","S- Driver's Negligence",2.00
9338,37197.00,"4- Demerara- Mahaica",,"Brickdam",,"-58.1552","6.8061",,"Georgetown",7/7/2005 0:00:00,12/30/1899 8:43:00,"D- Property Damage","F- Driver",48.00,"Male","J- Minibus","S- Driver's Negligence",2.00
9339,37198.00,"4- Demerara- Mahaica",,"North Rd.",,"-58.1575","6.8110",,"Georgetown",5/23/2005 0:00:00,12/30/1899 15:30:00,"C- Minor Injury","E- Pedestrian;F- Driver",22.00,"Male","M- Hire Cars","S- Driver's Negligence",2.00
9340,37199.00,"4- Demerara- Mahaica",,"Lamaha & Irving St.",,"-58.1516","6.8166",,"Georgetown",7/8/2005 0:00:00,12/30/1899 12:25:00,"D- Property Damage","F- Driver;G- Rider",25.00,"Male","K- Private Cars;V-Motor Cycle","U- Cyclist's Negligence",2.00
9341,37200.00,"4- Demerara- Mahaica",,"Cornhill & Brickdam",,"-58.1681","6.8094",,"Georgetown",7/8/2005 0:00:00,12/30/1899 16:15:00,"D- Property Damage","F- Driver",46.00,"Male","J- Minibus;N- Pickup","S- Driver's Negligence",2.00