"ID","Accident ID","Region Number","Corridor ID","Location (Intersection/Road/Street)","Corridor","Location- longitude/ X","Location- latitude/  Y","Mile Marker","Village","Date of Accident","Time of Accident","Type of Accident","Class of Road User","Age/DOB","Gender","Class of Vehicles Involved","Contributing Factor","Number of Persons Involved"
9342,37201.00,"4- Demerara- Mahaica",,"Main St.",,"-58.1276","6.8221",,"Georgetown",7/8/2005 0:00:00,12/30/1899 17:00:00,"D- Property Damage","F- Driver",34.00,"Male","J- Minibus;N- Pickup","S- Driver's Negligence",3.00
9343,37202.00,"4- Demerara- Mahaica",,"Ave. of the Republic",,"-58.1651","6.8117",,"Georgetown",7/11/2005 0:00:00,12/30/1899 11:00:00,"D- Property Damage","F- Driver",47.00,"Male","J- Minibus;L- Lorries Van","S- Driver's Negligence",2.00
9344,37203.00,"4- Demerara- Mahaica",,"Durban St. & Lime St.",,"-58.1588","6.8045",,"Georgetown",7/11/2005 0:00:00,12/30/1899 17:20:00,"D- Property Damage","F- Driver",29.00,"Male","J- Minibus;N- Pickup","S- Driver's Negligence",2.00
9345,37204.00,"4- Demerara- Mahaica",,"High St. & Leopold St.",,"-58.1664","6.8070",,"Georgetown",7/12/2005 0:00:00,12/30/1899 10:25:00,"D- Property Damage","F- Driver;G- Rider",50.00,"Male","K- Private Cars;V-Motor Cycle","S- Driver's Negligence",2.00
9346,37205.00,"4- Demerara- Mahaica",,"Longden St.",,"-58.1666","6.8107",,"Georgetown",7/12/2005 0:00:00,12/30/1899 14:20:00,"D- Property Damage","F- Driver",32.00,"Male","J- Minibus","S- Driver's Negligence",2.00
9347,37206.00,"4- Demerara- Mahaica",,"Brickdam",,"-58.1589","6.8070",,"Georgetown",7/7/2005 0:00:00,12/30/1899 15:00:00,"B- Serious Injury","E- Pedestrian;F- Driver",,,"K- Private Cars","S- Driver's Negligence",2.00
9348,37207.00,"4- Demerara- Mahaica",,"Thomas St.",,"-58.1577","6.8148",,"Georgetown",7/12/2005 0:00:00,12/30/1899 9:45:00,"C- Minor Injury","E- Pedestrian;F- Driver",65.00,"Male","K- Private Cars","S- Driver's Negligence",2.00
9349,37208.00,"4- Demerara- Mahaica",,"Ave. of the Republic & North Road",,"-58.1534","6.8099",,"Georgetown",7/12/2005 0:00:00,,"D- Property Damage","F- Driver",30.00,"Male","K- Private Cars;M- Hire Cars","S- Driver's Negligence",2.00
9350,37209.00,"4- Demerara- Mahaica",,"Durban St.",,"-58.1526","6.8028",,"Georgetown",7/12/2005 0:00:00,,"C- Minor Injury","F- Driver;G- Rider",,"Male",,"S- Driver's Negligence",2.00
9351,37210.00,"4- Demerara- Mahaica",,"Camp St. & Brickdam",,"-58.1615","6.8077",,"Georgetown",7/13/2005 0:00:00,12/30/1899 9:50:00,"C- Minor Injury","F- Driver",65.00,"Male","J- Minibus;K- Private Cars","S- Driver's Negligence",2.00
9352,37211.00,"4- Demerara- Mahaica",,"North Rd. & Oronoque St.",,"-58.1520","6.8095",,"Georgetown",7/13/2005 0:00:00,12/30/1899 14:30:00,"D- Property Damage","F- Driver",34.00,"Male","J- Minibus;N- Pickup","S- Driver's Negligence",2.00
9353,37212.00,"4- Demerara- Mahaica",,"Norton St. & Louisa Row",,"-58.1577","6.8033",,"Georgetown",7/14/2005 0:00:00,12/30/1899 12:30:00,"B- Serious Injury","F- Driver;G- Rider",23.00,"Female","M- Hire Cars;V-Motor Cycle","U- Cyclist's Negligence",2.00
9354,37213.00,"4- Demerara- Mahaica",,"Church St. & Albert St.",,"-58.1532","6.8104",,"Georgetown",7/14/2005 0:00:00,12/30/1899 23:00:00,"D- Property Damage","F- Driver",,,"M- Hire Cars","S- Driver's Negligence",2.00
9355,37214.00,"4- Demerara- Mahaica",,"Main St.",,"-58.1276","6.8221",,"Georgetown",7/15/2005 0:00:00,12/30/1899 9:00:00,"D- Property Damage","F- Driver",41.00,"Male","K- Private Cars;N- Pickup","S- Driver's Negligence",2.00
9356,37215.00,"4- Demerara- Mahaica",,"Louisa Row & Hadfield St.",,"-58.1497","6.8037",,"Georgetown",7/15/2005 0:00:00,12/30/1899 9:15:00,"D- Property Damage","F- Driver",28.00,"Male","L- Lorries Van;M- Hire Cars","S- Driver's Negligence",2.00
9357,37216.00,"4- Demerara- Mahaica",,"Norton St.",,"-58.1519","6.8017",,"Georgetown",7/15/2005 0:00:00,12/30/1899 19:00:00,"D- Property Damage","F- Driver",25.00,"Male","K- Private Cars","S- Driver's Negligence",2.00
9358,37217.00,"4- Demerara- Mahaica",,"Norton St.",,"-58.1519","6.8017",,"Georgetown",7/15/2005 0:00:00,12/30/1899 18:00:00,"D- Property Damage","F- Driver",36.00,"Male","K- Private Cars;M- Hire Cars","S- Driver's Negligence",2.00
9359,37218.00,"4- Demerara- Mahaica",,"Robb St.",,"-58.1599","6.8109",,"Georgetown",7/15/2005 0:00:00,12/30/1899 18:15:00,"C- Minor Injury","F- Driver;G- Rider",,,"K- Private Cars;V-Motor Cycle","S- Driver's Negligence",2.00
9360,37219.00,"4- Demerara- Mahaica",,"Ave. of the Republic",,"-58.1651","6.8117",,"Georgetown",7/15/2005 0:00:00,12/30/1899 16:30:00,"C- Minor Injury","E- Pedestrian;F- Driver",52.00,"Male","N- Pickup","S- Driver's Negligence",2.00
9361,37220.00,"4- Demerara- Mahaica",,"North Rd.",,"-58.1575","6.8110",,"Georgetown",7/16/2005 0:00:00,12/30/1899 13:30:00,"D- Property Damage","F- Driver",,,"K- Private Cars;M- Hire Cars","S- Driver's Negligence",2.00
9362,37221.00,"4- Demerara- Mahaica",,"Camp St. & Brickdam",,"-58.1615","6.8077",,"Georgetown",7/17/2005 0:00:00,12/30/1899 12:40:00,"B- Serious Injury","F- Driver",32.00,"Male","K- Private Cars;M- Hire Cars","S- Driver's Negligence",2.00
9363,37222.00,"4- Demerara- Mahaica",,"Louisa Row & Brickdam",,"-58.1504","6.8004",,"Georgetown",7/17/2005 0:00:00,12/30/1899 23:00:00,"D- Property Damage","F- Driver",30.00,"Male","K- Private Cars;M- Hire Cars","S- Driver's Negligence",3.00
9364,37223.00,"4- Demerara- Mahaica",,"Main St.",,"-58.1276","6.8221",,"Georgetown",7/17/2005 0:00:00,12/30/1899 18:30:00,"D- Property Damage","F- Driver",25.00,"Male","J- Minibus;M- Hire Cars","S- Driver's Negligence",2.00
9365,37224.00,"4- Demerara- Mahaica",,"Brickdam",,"-58.1552","6.8061",,"Georgetown",7/18/2005 0:00:00,12/30/1899 12:12:00,"D- Property Damage","F- Driver",23.00,"Male","L- Lorries Van;N- Pickup","S- Driver's Negligence",2.00
9366,37225.00,"4- Demerara- Mahaica",,"Camp St.",,"-58.1600","6.8137",,"Georgetown",7/19/2005 0:00:00,12/30/1899 8:45:00,"D- Property Damage","F- Driver;G- Rider",,,"K- Private Cars;V-Motor Cycle","U- Cyclist's Negligence",2.00
9367,37226.00,"4- Demerara- Mahaica",,"Durban St.",,"-58.1526","6.8028",,"Georgetown",7/12/2005 0:00:00,12/30/1899 7:30:00,"D- Property Damage","F- Driver",57.00,"Male","K- Private Cars;N- Pickup","S- Driver's Negligence",2.00
9368,37227.00,"4- Demerara- Mahaica",,"Regent St. & Cummings St.",,"-58.1566","6.8092",,"Georgetown",7/19/2005 0:00:00,12/30/1899 14:30:00,"C- Minor Injury","F- Driver;G- Rider",42.00,"Male","K- Private Cars;V-Motor Cycle","U- Cyclist's Negligence",2.00
9369,37228.00,"4- Demerara- Mahaica",,"Brickdam & John St.",,"-58.1610","6.8076",,"Georgetown",7/20/2005 0:00:00,12/30/1899 22:00:00,"D- Property Damage","F- Driver",55.00,"Male","J- Minibus","S- Driver's Negligence",2.00
9370,37229.00,"4- Demerara- Mahaica",,"North Rd. & Albert St.",,"-58.1534","6.8099",,"Georgetown",7/21/2005 0:00:00,12/30/1899 12:50:00,"D- Property Damage","F- Driver",33.00,"Male","K- Private Cars;L- Lorries Van","S- Driver's Negligence",4.00
9371,37230.00,"4- Demerara- Mahaica",,"Brickdam & Louisa Row",,"-58.1504","6.8004",,"Georgetown",7/21/2005 0:00:00,12/30/1899 16:00:00,"C- Minor Injury","E- Pedestrian;F- Driver",24.00,"Male","K- Private Cars;M- Hire Cars","S- Driver's Negligence",3.00
9372,37231.00,"4- Demerara- Mahaica",,"America St. & Water St.",,"-58.1653","6.8216",,"Georgetown",7/26/2005 0:00:00,12/30/1899 11:45:00,"D- Property Damage","F- Driver",30.00,"Male","K- Private Cars;M- Hire Cars","S- Driver's Negligence",2.00
9373,37232.00,"4- Demerara- Mahaica",,"Brickdam & Cornhill St.",,"-58.1572","6.8066",,"Georgetown",7/26/2005 0:00:00,12/30/1899 14:20:00,"D- Property Damage","F- Driver",48.00,"Male","K- Private Cars;M- Hire Cars","S- Driver's Negligence",2.00
9374,37233.00,"4- Demerara- Mahaica",,"Regent St.",,"-58.1604","6.8102",,"Georgetown",7/27/2005 0:00:00,12/30/1899 15:15:00,"D- Property Damage","F- Driver",24.00,"Male","K- Private Cars;M- Hire Cars","S- Driver's Negligence",2.00
9375,37234.00,"4- Demerara- Mahaica",,"Norton St.",,"-58.1519","6.8017",,"Georgetown",7/27/2005 0:00:00,12/30/1899 10:50:00,"D- Property Damage","F- Driver",43.00,"Male","J- Minibus;K- Private Cars","S- Driver's Negligence",2.00
9376,37235.00,"4- Demerara- Mahaica",,"Longden St.",,"-58.1666","6.8107",,"Georgetown",7/14/2005 0:00:00,12/30/1899 8:40:00,"D- Property Damage","F- Driver",51.00,"Male","J- Minibus","S- Driver's Negligence",2.00
9377,37236.00,"4- Demerara- Mahaica",,"Ave. of the Republic",,"-58.1651","6.8117",,"Georgetown",7/28/2005 0:00:00,12/30/1899 23:30:00,"D- Property Damage","E- Pedestrian;G- Rider",32.00,"Male","K- Private Cars","S- Driver's Negligence",2.00
9378,37237.00,"4- Demerara- Mahaica",,"Regent St. & Camp St.",,"-58.1607","6.8103",,"Georgetown",7/29/2005 0:00:00,12/30/1899 6:00:00,"D- Property Damage","F- Driver;G- Rider",26.00,"Male","N- Pickup;V-Motor Cycle","S- Driver's Negligence",2.00
9379,37238.00,"4- Demerara- Mahaica",,"North Rd. & Camp St.",,"-58.1604","6.8118",,"Georgetown",7/29/2005 0:00:00,12/30/1899 17:15:00,"D- Property Damage","F- Driver",25.00,"Male","L- Lorries Van;M- Hire Cars","S- Driver's Negligence",2.00
9380,37239.00,"4- Demerara- Mahaica",,"Carifesta Ave.",,"-58.1483","6.8240",,"Georgetown",8/1/2005 0:00:00,12/30/1899 16:55:00,"D- Property Damage","F- Driver",26.00,"Male","K- Private Cars;M- Hire Cars","S- Driver's Negligence",2.00
9381,37240.00,"4- Demerara- Mahaica",,"North Rd. & New Garden St.",,"-58.1505","6.8091",,"Georgetown",8/2/2005 0:00:00,12/30/1899 12:50:00,"C- Minor Injury","F- Driver",49.00,"Male","K- Private Cars;M- Hire Cars","S- Driver's Negligence",2.00
9382,37241.00,"4- Demerara- Mahaica",,"Robb St. & Camp St",,"-58.1606","6.8111",,"Georgetown",8/3/2005 0:00:00,12/30/1899 13:20:00,"D- Property Damage","F- Driver",30.00,"Male","K- Private Cars;M- Hire Cars;N- Pickup","S- Driver's Negligence",3.00
9383,37242.00,"4- Demerara- Mahaica",,"Regent St. & Cummings St.",,"-58.1566","6.8092",,"Georgetown",7/2/2005 0:00:00,12/30/1899 9:30:00,"C- Minor Injury","F- Driver",43.00,"Male","K- Private Cars;M- Hire Cars","S- Driver's Negligence",2.00
9384,37243.00,"4- Demerara- Mahaica",,"North Rd.",,"-58.1575","6.8110",,"Georgetown",7/4/2005 0:00:00,12/30/1899 16:40:00,"C- Minor Injury","E- Pedestrian;F- Driver",19.00,"Female","N- Pickup","S- Driver's Negligence",2.00
9385,37244.00,"4- Demerara- Mahaica",,"New Market St. & Waterloo St.",,"-58.1607","6.8175",,"Georgetown",7/5/2005 0:00:00,12/30/1899 15:00:00,"B- Serious Injury","F- Driver",37.00,"Male","J- Minibus","S- Driver's Negligence",2.00
9386,37245.00,"4- Demerara- Mahaica",,"Brickdam",,"-58.1552","6.8061",,"Georgetown",7/5/2005 0:00:00,12/30/1899 21:45:00,"D- Property Damage","F- Driver",,,"L- Lorries Van","O- Lost Control & Runoff",1.00
9387,37246.00,"4- Demerara- Mahaica",,"Camp St.",,"-58.1600","6.8137",,"Georgetown",7/6/2005 0:00:00,12/30/1899 7:40:00,"D- Property Damage","F- Driver",30.00,"Male","J- Minibus;L- Lorries Van","S- Driver's Negligence",2.00
9388,37247.00,"4- Demerara- Mahaica",,"Robb St. & Alexander St.",,"-58.1591","6.8107",,"Georgetown",7/8/2005 0:00:00,12/30/1899 9:20:00,"C- Minor Injury","F- Driver;G- Rider",21.00,"Male","K- Private Cars;V-Motor Cycle","U- Cyclist's Negligence",2.00
9389,37248.00,"4- Demerara- Mahaica",,"Waterloo St.",,"-58.1612","6.8154",,"Georgetown",7/8/2005 0:00:00,12/30/1899 15:00:00,"D- Property Damage","F- Driver",39.00,"Male","J- Minibus;N- Pickup","S- Driver's Negligence",2.00
9390,37249.00,"4- Demerara- Mahaica",,"Regent St. & King St.",,"-58.1641","6.8112",,"Georgetown",7/9/2005 0:00:00,12/30/1899 22:30:00,"D- Property Damage","F- Driver",25.00,"Male","J- Minibus;K- Private Cars","S- Driver's Negligence",2.00
9391,37250.00,"4- Demerara- Mahaica",,"Camp St. & North Rd.",,"-58.1604","6.8118",,"Georgetown",7/12/2005 0:00:00,12/30/1899 9:45:00,"D- Property Damage","F- Driver",57.00,"Male","M- Hire Cars","S- Driver's Negligence",2.00
9392,37251.00,"4- Demerara- Mahaica",,"Croal St. & Camp St.",,"-58.1613","6.8085",,"Georgetown",7/10/2005 0:00:00,12/30/1899 14:00:00,"D- Property Damage","F- Driver",32.00,"Male","K- Private Cars;N- Pickup","S- Driver's Negligence",2.00
9393,37252.00,"4- Demerara- Mahaica",,"Robb St.",,"-58.1599","6.8109",,"Georgetown",7/9/2005 0:00:00,12/30/1899 13:00:00,"D- Property Damage","F- Driver",,"Male","J- Minibus;L- Lorries Van","S- Driver's Negligence",2.00
9394,37253.00,"4- Demerara- Mahaica",,"Ave. of the Republic",,"-58.1651","6.8117",,"Georgetown",7/10/2005 0:00:00,12/30/1899 18:50:00,"D- Property Damage","F- Driver",29.00,"Male","J- Minibus;K- Private Cars","S- Driver's Negligence",2.00
9395,37254.00,"4- Demerara- Mahaica",,"Robb St.",,"-58.1599","6.8109",,"Georgetown",7/11/2005 0:00:00,12/30/1899 10:30:00,"B- Serious Injury","F- Driver",57.00,"Male","K- Private Cars;N- Pickup","S- Driver's Negligence",2.00
9396,37255.00,"4- Demerara- Mahaica",,"Camp St. & Brickdam",,"-58.1615","6.8077",,"Georgetown",7/13/2005 0:00:00,12/30/1899 13:00:00,"D- Property Damage","F- Driver",20.00,"Male","K- Private Cars;N- Pickup","S- Driver's Negligence",2.00
9397,37256.00,"4- Demerara- Mahaica",,"Durban St. & George St.",,"-58.1628","6.8055",,"Georgetown",7/13/2005 0:00:00,12/30/1899 18:45:00,"C- Minor Injury","F- Driver;G- Rider",28.00,"Male","J- Minibus;W-Pedal Cycle","U- Cyclist's Negligence",2.00
9398,37257.00,"4- Demerara- Mahaica",,"Lamaha St.",,"-58.1564","6.8181",,"Georgetown",7/15/2005 0:00:00,12/30/1899 12:45:00,"D- Property Damage","F- Driver;G- Rider",47.00,"Male","M- Hire Cars;V-Motor Cycle","S- Driver's Negligence",2.00
9399,37258.00,"4- Demerara- Mahaica",,"Halley St. & Norton St.",,"-58.1525","6.8019",,"Georgetown",7/16/2005 0:00:00,12/30/1899 10:55:00,"D- Property Damage","F- Driver",46.00,"Male","M- Hire Cars","S- Driver's Negligence",2.00
9400,37259.00,"4- Demerara- Mahaica",,"Light St.",,"-58.1538","6.8139",,"Georgetown",7/16/2005 0:00:00,12/30/1899 15:10:00,"D- Property Damage","F- Driver",24.00,"Male","M- Hire Cars;N- Pickup","S- Driver's Negligence",2.00
9401,37260.00,"4- Demerara- Mahaica",,"Ave. of the Republic & Robb St.",,"-58.1650","6.8123",,"Georgetown",7/16/2005 0:00:00,12/30/1899 19:20:00,"C- Minor Injury","E- Pedestrian;F- Driver",56.00,"Male","M- Hire Cars;N- Pickup","S- Driver's Negligence",3.00
9402,37261.00,"4- Demerara- Mahaica",,"Camp St. & Regent St.",,"-58.1608","6.8103",,"Georgetown",7/17/2005 0:00:00,12/30/1899 7:00:00,"C- Minor Injury","F- Driver",,"Male","J- Minibus","S- Driver's Negligence",2.00
9403,37262.00,"4- Demerara- Mahaica",,"Main St.",,"-58.1276","6.8221",,"Georgetown",7/16/2005 0:00:00,12/30/1899 13:50:00,"C- Minor Injury","F- Driver;G- Rider",51.00,"Male","L- Lorries Van;V-Motor Cycle","U- Cyclist's Negligence",2.00
9404,37263.00,"4- Demerara- Mahaica",,"Brickdam",,"-58.1589","6.8070",,"Georgetown",7/17/2005 0:00:00,12/30/1899 8:15:00,"D- Property Damage","F- Driver",27.00,"Male","J- Minibus;M- Hire Cars","S- Driver's Negligence",2.00
9405,37264.00,"4- Demerara- Mahaica",,"America St. & Water St.",,"-58.1653","6.8216",,"Georgetown",7/17/2005 0:00:00,12/30/1899 10:30:00,"C- Minor Injury","E- Pedestrian;F- Driver",46.00,"Male","L- Lorries Van","S- Driver's Negligence",2.00
9406,37265.00,"4- Demerara- Mahaica",,"Croal St.",,"-58.1581","6.8076",,"Georgetown",7/16/2005 0:00:00,12/30/1899 17:30:00,"C- Minor Injury","E- Pedestrian;F- Driver",,,"J- Minibus","S- Driver's Negligence",2.00
9407,37266.00,"4- Demerara- Mahaica",,"Ave. of the Republic & Brickdam",,"-58.1660","6.8089",,"Georgetown",7/20/2005 0:00:00,12/30/1899 8:30:00,"D- Property Damage","F- Driver",42.00,"Male","J- Minibus;K- Private Cars","S- Driver's Negligence",2.00
9408,37267.00,"4- Demerara- Mahaica",,"Norton St. & Palm St.",,"-58.1586","6.8035",,"Georgetown",7/20/2005 0:00:00,12/30/1899 19:20:00,"C- Minor Injury","F- Driver;G- Rider",16.00,"Male","M- Hire Cars;V-Motor Cycle","U- Cyclist's Negligence",2.00
9409,37268.00,"4- Demerara- Mahaica",,"Regent St. & Camp St.",,"-58.1607","6.8103",,"Georgetown",7/21/2005 0:00:00,12/30/1899 3:40:00,"A- Fatal","F- Driver;H- Passenger",24.00,"Male","M- Hire Cars","S- Driver's Negligence",7.00
9410,37269.00,"4- Demerara- Mahaica",,"North Rd. & Wellington St.",,"-58.1621","6.8122",,"Georgetown",7/22/2005 0:00:00,12/30/1899 14:30:00,"D- Property Damage","F- Driver",65.00,"Male","K- Private Cars","S- Driver's Negligence",2.00
9411,37270.00,"4- Demerara- Mahaica",,"Camp St. & Croal St.",,"-58.1613","6.8084",,"Georgetown",7/24/2005 0:00:00,12/30/1899 8:50:00,"D- Property Damage","F- Driver",42.00,"Female","K- Private Cars;L- Lorries Van","S- Driver's Negligence",2.00
9412,37271.00,"4- Demerara- Mahaica",,"Lamaha St. & Parade St.",,"-58.1608","6.8192",,"Georgetown",6/5/2005 0:00:00,12/30/1899 13:10:00,"D- Property Damage","F- Driver",31.00,"Male","J- Minibus;K- Private Cars","S- Driver's Negligence",2.00
9413,37272.00,"4- Demerara- Mahaica",,"Camp St. & Brickdam",,"-58.1615","6.8077",,"Georgetown",6/5/2005 0:00:00,12/30/1899 16:20:00,"D- Property Damage","F- Driver",30.00,"Male","J- Minibus;K- Private Cars;M- Hire Cars","S- Driver's Negligence",3.00
9414,37273.00,"4- Demerara- Mahaica",,"Lamaha St.",,"-58.1564","6.8181",,"Georgetown",5/4/2005 0:00:00,12/30/1899 16:05:00,"D- Property Damage","F- Driver",29.00,"Male","K- Private Cars;L- Lorries Van","S- Driver's Negligence",2.00
9415,37274.00,"4- Demerara- Mahaica",,"Main St.",,"-58.1276","6.8221",,"Georgetown",6/6/2005 0:00:00,12/30/1899 14:30:00,"C- Minor Injury","F- Driver;G- Rider",46.00,"Male","K- Private Cars;V-Motor Cycle","S- Driver's Negligence",3.00
9416,37275.00,"4- Demerara- Mahaica",,"Regent St.",,"-58.1604","6.8102",,"Georgetown",6/7/2005 0:00:00,12/30/1899 7:30:00,"D- Property Damage","F- Driver",29.00,"Male","K- Private Cars;N- Pickup","S- Driver's Negligence",2.00
9417,37276.00,"4- Demerara- Mahaica",,"Regent St. & Camp St.",,"-58.1608","6.8103",,"Georgetown",6/6/2005 0:00:00,12/30/1899 12:00:00,"B- Serious Injury","E- Pedestrian;F- Driver",,"Male","J- Minibus","S- Driver's Negligence",2.00
9418,37277.00,"4- Demerara- Mahaica",,"Albert St.",,"-58.1527","6.8123",,"Georgetown",6/6/2005 0:00:00,12/30/1899 21:00:00,"D- Property Damage","F- Driver",,"Male","K- Private Cars","S- Driver's Negligence",2.00
9419,37278.00,"4- Demerara- Mahaica",,"2nd St.",,"-58.1531","6.8152",,"Georgetown",6/9/2005 0:00:00,12/30/1899 7:40:00,"D- Property Damage","F- Driver",39.00,"Male","J- Minibus;N- Pickup","S- Driver's Negligence",2.00
9420,37279.00,"4- Demerara- Mahaica",,"Ave. of the Republic & Robb St.",,"-58.1650","6.8123",,"Georgetown",6/9/2005 0:00:00,12/30/1899 13:00:00,"C- Minor Injury","F- Driver",49.00,"Male","K- Private Cars","S- Driver's Negligence",3.00
9421,37280.00,"4- Demerara- Mahaica",,"King St.",,"-58.1641","6.8109",,"Georgetown",6/6/2005 0:00:00,12/30/1899 12:00:00,"D- Property Damage","F- Driver",59.00,"Male","K- Private Cars;M- Hire Cars","S- Driver's Negligence",2.00
9422,37281.00,"4- Demerara- Mahaica",,"Peter Rose St. & Almond St.",,"-58.1485","6.8118",,"Georgetown",6/11/2005 0:00:00,12/30/1899 8:10:00,"D- Property Damage","F- Driver",34.00,"Male","K- Private Cars","S- Driver's Negligence",3.00
9423,37282.00,"4- Demerara- Mahaica",,"Camp St. & Church St.",,"-58.1601","6.8122",,"Georgetown",6/11/2005 0:00:00,12/30/1899 13:00:00,"D- Property Damage","F- Driver",,"Male","J- Minibus;L- Lorries Van","S- Driver's Negligence",2.00
9424,37283.00,"4- Demerara- Mahaica",,"Louisa Row & Brickdam",,"-58.1504","6.8004",,"Georgetown",6/11/2005 0:00:00,12/30/1899 16:08:00,"C- Minor Injury","F- Driver;G- Rider",31.00,"Male","K- Private Cars;V-Motor Cycle","S- Driver's Negligence",2.00
9425,37284.00,"4- Demerara- Mahaica",,"Vlissengen Rd.",,"-58.1474","6.8108",,"Georgetown",6/12/2005 0:00:00,12/30/1899 13:30:00,"D- Property Damage","F- Driver",37.00,"Male","L- Lorries Van;M- Hire Cars","S- Driver's Negligence",3.00
9426,37285.00,"4- Demerara- Mahaica",,"Camp St. & Carifesta Ave.",,"-58.1572","6.8226",,"Georgetown",6/13/2005 0:00:00,,"B- Serious Injury","F- Driver;G- Rider;I- Pillion Rider",,"Male","K- Private Cars;V-Motor Cycle","S- Driver's Negligence",3.00
9427,37286.00,"4- Demerara- Mahaica",,"Regent St.",,"-58.1604","6.8102",,"Georgetown",6/13/2005 0:00:00,12/30/1899 14:30:00,"D- Property Damage","F- Driver",39.00,"Male","J- Minibus;K- Private Cars","S- Driver's Negligence",2.00
9428,37287.00,"4- Demerara- Mahaica",,"Water St.",,"-58.1659","6.8180",,"Georgetown",6/6/2005 0:00:00,12/30/1899 9:15:00,"D- Property Damage","F- Driver",38.00,"Male","M- Hire Cars;N- Pickup","S- Driver's Negligence",2.00
9429,37288.00,"4- Demerara- Mahaica",,"North Rd. & Alexander St.",,"-58.1589","6.8114",,"Georgetown",5/16/2005 0:00:00,,"D- Property Damage","F- Driver",22.00,"Male","J- Minibus;L- Lorries Van","S- Driver's Negligence",2.00
9430,37289.00,"4- Demerara- Mahaica",,"Thomas Lands",,"-58.1505","6.8202",,"Georgetown",5/17/2005 0:00:00,12/30/1899 14:30:00,"C- Minor Injury","E- Pedestrian;F- Driver",44.00,"Male","M- Hire Cars","S- Driver's Negligence",3.00
9431,37290.00,"4- Demerara- Mahaica",,"Durban St.",,"-58.1526","6.8028",,"Georgetown",6/7/2005 0:00:00,12/30/1899 11:10:00,"D- Property Damage","F- Driver",36.00,"Male","L- Lorries Van;N- Pickup","S- Driver's Negligence",2.00
9432,37291.00,"4- Demerara- Mahaica",,"Camp St.",,"-58.1600","6.8137",,"Georgetown",6/12/2005 0:00:00,12/30/1899 10:30:00,"D- Property Damage","F- Driver",29.00,"Male","K- Private Cars;L- Lorries Van","S- Driver's Negligence",2.00
9433,37292.00,"4- Demerara- Mahaica",,"Camp St.",,"-58.1600","6.8137",,"Georgetown",6/19/2005 0:00:00,12/30/1899 12:50:00,"D- Property Damage","F- Driver",28.00,"Male","K- Private Cars;N- Pickup","S- Driver's Negligence",2.00
9434,37293.00,"4- Demerara- Mahaica",,"Camp St.",,"-58.1600","6.8137",,"Georgetown",6/19/2005 0:00:00,12/30/1899 20:30:00,"C- Minor Injury","F- Driver;G- Rider",24.00,"Male","N- Pickup;V-Motor Cycle","U- Cyclist's Negligence",2.00
9435,37294.00,"4- Demerara- Mahaica",,"Regent St. & Alexander St.",,"-58.1593","6.8099",,"Georgetown",6/18/2005 0:00:00,12/30/1899 15:05:00,"D- Property Damage","F- Driver;G- Rider",33.00,"Male","M- Hire Cars;V-Motor Cycle","S- Driver's Negligence",2.00
9436,37295.00,"4- Demerara- Mahaica",,"Camp St. & Brickdam",,"-58.1615","6.8077",,"Georgetown",6/20/2005 0:00:00,12/30/1899 14:30:00,"D- Property Damage","F- Driver;G- Rider",26.00,"Male","K- Private Cars;V-Motor Cycle","S- Driver's Negligence",2.00
9437,37296.00,"4- Demerara- Mahaica",,"Regent St.",,"-58.1604","6.8102",,"Georgetown",6/20/2005 0:00:00,,"D- Property Damage","F- Driver",30.00,"Male","L- Lorries Van;M- Hire Cars","S- Driver's Negligence",2.00
9438,37297.00,"4- Demerara- Mahaica",,"Cornhill St. & Brickdam",,"-58.1681","6.8094",,"Georgetown",6/20/2005 0:00:00,12/30/1899 13:00:00,"D- Property Damage","F- Driver",28.00,"Male","J- Minibus;M- Hire Cars","S- Driver's Negligence",2.00
9439,37298.00,"4- Demerara- Mahaica",,"Croal St.",,"-58.1581","6.8076",,"Georgetown",6/19/2005 0:00:00,12/30/1899 16:30:00,"C- Minor Injury","E- Pedestrian;F- Driver",40.00,"Male","J- Minibus","S- Driver's Negligence",2.00
9440,37299.00,"4- Demerara- Mahaica",,"Cornhill St. & Brickdam",,"-58.1681","6.8094",,"Georgetown",6/20/2005 0:00:00,12/30/1899 19:20:00,"D- Property Damage","F- Driver",30.00,"Male","J- Minibus;M- Hire Cars","S- Driver's Negligence",2.00
9441,37300.00,"4- Demerara- Mahaica",,"Ave. of the Republic",,"-58.1651","6.8117",,"Georgetown",6/21/2005 0:00:00,12/30/1899 18:30:00,"B- Serious Injury","F- Driver;G- Rider",45.00,"Male","K- Private Cars;W-Pedal Cycle","S- Driver's Negligence",2.00
9442,37301.00,"4- Demerara- Mahaica",,"Norton & Louisa Row",,"-58.1577","6.8033",,"Georgetown",6/21/2005 0:00:00,12/30/1899 19:15:00,"D- Property Damage","F- Driver",45.00,"Male","K- Private Cars;M- Hire Cars","S- Driver's Negligence",2.00
9443,37302.00,"4- Demerara- Mahaica",,"Norton St.",,"-58.1519","6.8017",,"Georgetown",6/23/2005 0:00:00,12/30/1899 8:10:00,"C- Minor Injury","F- Driver;G- Rider",34.00,"Female","N- Pickup;V-Motor Cycle","U- Cyclist's Negligence",2.00
9444,37303.00,"4- Demerara- Mahaica",,"Croal St.",,"-58.1581","6.8076",,"Georgetown",6/23/2005 0:00:00,12/30/1899 17:30:00,"D- Property Damage","F- Driver",29.00,"Male","J- Minibus;K- Private Cars","S- Driver's Negligence",2.00
9445,37304.00,"4- Demerara- Mahaica",,"Lamaha St.",,"-58.1564","6.8181",,"Georgetown",6/20/2005 0:00:00,,"D- Property Damage","F- Driver",32.00,"Male","J- Minibus;L- Lorries Van","S- Driver's Negligence",2.00