"ID","Accident ID","Region Number","Corridor ID","Location (Intersection/Road/Street)","Corridor","Location- longitude/ X","Location- latitude/  Y","Mile Marker","Village","Date of Accident","Time of Accident","Type of Accident","Class of Road User","Age/DOB","Gender","Class of Vehicles Involved","Contributing Factor","Number of Persons Involved"
9446,37305.00,"4- Demerara- Mahaica",,"Regent St.",,"-58.1604","6.8102",,"Georgetown",6/24/2005 0:00:00,12/30/1899 15:30:00,"B- Serious Injury","E- Pedestrian;F- Driver",17.00,"Female","K- Private Cars","S- Driver's Negligence",2.00
9447,37306.00,"4- Demerara- Mahaica",,"North Rd. & Wellington St.",,"-58.1621","6.8122",,"Georgetown",6/23/2005 0:00:00,12/30/1899 8:00:00,"C- Minor Injury","F- Driver;G- Rider",,,"J- Minibus","S- Driver's Negligence",2.00
9448,37307.00,"4- Demerara- Mahaica",,"Charlotte St.",,"-58.1635","6.8101",,"Georgetown",6/24/2005 0:00:00,12/30/1899 10:00:00,"D- Property Damage","F- Driver",27.00,"Male","L- Lorries Van;M- Hire Cars","S- Driver's Negligence",2.00
9449,37308.00,"4- Demerara- Mahaica",,"Camp St.",,"-58.1600","6.8137",,"Georgetown",6/24/2005 0:00:00,12/30/1899 8:30:00,"D- Property Damage","F- Driver",44.00,"Male","K- Private Cars;M- Hire Cars","S- Driver's Negligence",2.00
9450,37309.00,"4- Demerara- Mahaica",,"Homestretch Ave. & Vlissengen Rd.",,"-58.1508","6.8058",,"Georgetown",6/25/2005 0:00:00,12/30/1899 16:30:00,"D- Property Damage","F- Driver",51.00,"Male","J- Minibus;N- Pickup","S- Driver's Negligence",2.00
9451,37310.00,"4- Demerara- Mahaica",,"Camp St. & Middle St.",,"-58.1599","6.8138",,"Georgetown",6/25/2005 0:00:00,12/30/1899 17:10:00,"D- Property Damage","F- Driver;G- Rider",49.00,"Male","M- Hire Cars;V-Motor Cycle","S- Driver's Negligence",2.00
9452,37311.00,"4- Demerara- Mahaica",,"Croal St.",,"-58.1581","6.8076",,"Georgetown",6/25/2005 0:00:00,,"C- Minor Injury","E- Pedestrian;F- Driver",,,"J- Minibus","S- Driver's Negligence",2.00
9453,37312.00,"4- Demerara- Mahaica",,"Ave. of the Republic",,"-58.1651","6.8117",,"Georgetown",6/25/2005 0:00:00,12/30/1899 8:00:00,"D- Property Damage","F- Driver",,"Male","J- Minibus;M- Hire Cars","S- Driver's Negligence",2.00
9454,37313.00,"4- Demerara- Mahaica",,"Ave. of the Republic",,"-58.1651","6.8117",,"Georgetown",6/26/2005 0:00:00,12/30/1899 22:00:00,"C- Minor Injury","E- Pedestrian;F- Driver",,,"N- Pickup","S- Driver's Negligence",2.00
9455,37314.00,"4- Demerara- Mahaica",,"Camp St.",,"-58.1600","6.8137",,"Georgetown",6/24/2005 0:00:00,,"C- Minor Injury","E- Pedestrian;F- Driver",43.00,"Male","M- Hire Cars","S- Driver's Negligence",2.00
9456,37315.00,"4- Demerara- Mahaica",,"Camp St. & Lamaha",,"-58.1584","6.8186",,"Georgetown",6/28/2005 0:00:00,12/30/1899 23:00:00,"D- Property Damage","F- Driver",46.00,"Male","K- Private Cars;M- Hire Cars","S- Driver's Negligence",2.00
9457,37316.00,"4- Demerara- Mahaica",,"Regent St.",,"-58.1604","6.8102",,"Georgetown",6/27/2005 0:00:00,,"D- Property Damage","F- Driver",29.00,"Male","K- Private Cars;M- Hire Cars","S- Driver's Negligence",2.00
9458,37317.00,"4- Demerara- Mahaica",,"Main St.",,"-58.1276","6.8221",,"Georgetown",6/29/2005 0:00:00,12/30/1899 10:15:00,"D- Property Damage","F- Driver",27.00,"Male","M- Hire Cars","S- Driver's Negligence",2.00
9459,37318.00,"4- Demerara- Mahaica",,"North Rd. & Wellington St.",,"-58.1621","6.8122",,"Georgetown",6/27/2005 0:00:00,12/30/1899 10:00:00,"D- Property Damage","F- Driver",25.00,"Male","J- Minibus;N- Pickup","S- Driver's Negligence",2.00
9460,37319.00,"4- Demerara- Mahaica",,"Lamaha & East St.",,"-58.1551","6.8177",,"Georgetown",7/1/2005 0:00:00,12/30/1899 7:45:00,"B- Serious Injury","F- Driver;G- Rider",50.00,"Male","J- Minibus;K- Private Cars;V-Motor Cycle","S- Driver's Negligence",3.00
9461,37320.00,"4- Demerara- Mahaica",,"Ave. of the Republic",,"-58.1651","6.8117",,"Georgetown",7/1/2005 0:00:00,12/30/1899 15:50:00,"D- Property Damage","F- Driver",32.00,"Male","L- Lorries Van;N- Pickup","S- Driver's Negligence",2.00
9462,37321.00,"4- Demerara- Mahaica",,"Hadfield St.",,"-58.1650","6.8079",,"Georgetown",7/1/2005 0:00:00,12/30/1899 15:50:00,"D- Property Damage","F- Driver",43.00,"Male","J- Minibus;K- Private Cars","S- Driver's Negligence",2.00
9463,37322.00,"4- Demerara- Mahaica",,"Vlissengen & North Rd.",,"-58.1479","6.8085",,"Georgetown",5/31/2005 0:00:00,12/30/1899 12:30:00,"D- Property Damage","F- Driver",45.00,"Male","J- Minibus","S- Driver's Negligence",2.00
9464,37323.00,"4- Demerara- Mahaica",,"Brickdam St.",,"-58.1589","6.8070",,"Georgetown",5/31/2005 0:00:00,12/30/1899 16:15:00,"D- Property Damage","F- Driver",48.00,"Male","K- Private Cars;N- Pickup","S- Driver's Negligence",2.00
9465,37324.00,"4- Demerara- Mahaica",,"Irving St.",,"-58.1455","6.8177",,"Georgetown",5/31/2005 0:00:00,,"D- Property Damage","F- Driver;G- Rider",79.00,"Male","J- Minibus;V-Motor Cycle","S- Driver's Negligence",2.00
9466,37325.00,"4- Demerara- Mahaica",,"Carifesta Ave.",,"-58.1483","6.8240",,"Georgetown",5/13/2005 0:00:00,12/30/1899 8:30:00,"D- Property Damage","F- Driver",37.00,"Male","K- Private Cars","S- Driver's Negligence",2.00
9467,37326.00,"4- Demerara- Mahaica",,"Camp St.",,"-58.1600","6.8137",,"Georgetown",5/24/2005 0:00:00,12/30/1899 13:00:00,"D- Property Damage","F- Driver",42.00,"Male","M- Hire Cars","S- Driver's Negligence",2.00
9468,37327.00,"4- Demerara- Mahaica",,"Lamaha & Carmichael St.",,"-58.1619","6.8194",,"Georgetown",6/2/2005 0:00:00,12/30/1899 14:30:00,"D- Property Damage","F- Driver",27.00,"Male","K- Private Cars;N- Pickup","S- Driver's Negligence",2.00
9469,37328.00,"4- Demerara- Mahaica",,"Durban St.",,"-58.1526","6.8028",,"Georgetown",6/2/2005 0:00:00,12/30/1899 20:00:00,"D- Property Damage","F- Driver",49.00,"Male","J- Minibus;M- Hire Cars","S- Driver's Negligence",2.00
9470,37329.00,"4- Demerara- Mahaica",,"Vlissengen & Homestretch Ave.",,"-58.1508","6.8058",,"Georgetown",6/2/2005 0:00:00,12/30/1899 22:20:00,"B- Serious Injury","F- Driver",29.00,"Male","J- Minibus;W-Pedal Cycle","S- Driver's Negligence",2.00
9471,37330.00,"4- Demerara- Mahaica",,"Water St.",,"-58.1659","6.8180",,"Georgetown",6/2/2005 0:00:00,12/30/1899 12:30:00,"D- Property Damage","F- Driver",39.00,"Male","K- Private Cars;N- Pickup","S- Driver's Negligence",2.00
9472,37331.00,"4- Demerara- Mahaica",,"Ave. of the Republic",,"-58.1651","6.8117",,"Georgetown",6/3/2005 0:00:00,12/30/1899 10:30:00,"D- Property Damage","F- Driver",25.00,"Male","L- Lorries Van;M- Hire Cars","S- Driver's Negligence",2.00
9473,37332.00,"4- Demerara- Mahaica",,"Main St. & New Market St.",,"-58.1638","6.8183",,"Georgetown",6/3/2005 0:00:00,12/30/1899 13:40:00,"D- Property Damage","F- Driver",27.00,"Female","K- Private Cars;L- Lorries Van;M- Hire Cars","S- Driver's Negligence",3.00
9474,37333.00,"4- Demerara- Mahaica",,"Bent St. & John St.",,"-58.1553","6.8044",,"Georgetown",6/4/2005 0:00:00,12/30/1899 10:10:00,"C- Minor Injury","F- Driver;G- Rider",,"Male","J- Minibus;V-Motor Cycle","U- Cyclist's Negligence",2.00
9475,37334.00,"4- Demerara- Mahaica",,"Cemetry Rd.",,"-58.1526","6.7956",,"Georgetown",6/4/2005 0:00:00,,"D- Property Damage","F- Driver",50.00,"Male","K- Private Cars","S- Driver's Negligence",2.00
9476,37335.00,"4- Demerara- Mahaica",,"Longden St.",,"-58.1666","6.8107",,"Georgetown",6/5/2005 0:00:00,12/30/1899 10:20:00,"D- Property Damage","F- Driver",32.00,"Male","J- Minibus","S- Driver's Negligence",2.00
9477,37336.00,"4- Demerara- Mahaica",,"Brickdam",,"-58.1552","6.8061",,"Georgetown",6/6/2005 0:00:00,12/30/1899 15:15:00,"D- Property Damage","F- Driver",50.00,"Male","J- Minibus","S- Driver's Negligence",2.00
9478,37337.00,"4- Demerara- Mahaica",,"Lamaha & Light St.",,"-58.1530","6.8171",,"Georgetown",6/8/2005 0:00:00,12/30/1899 17:40:00,"D- Property Damage","F- Driver;G- Rider",,"Male","K- Private Cars;V-Motor Cycle","S- Driver's Negligence",2.00
9479,37338.00,"4- Demerara- Mahaica",,"South Rd. & Camp St.",,"-58.1612","6.8087",,"Georgetown",5/28/2005 0:00:00,12/30/1899 21:30:00,"D- Property Damage","F- Driver",,,"K- Private Cars","S- Driver's Negligence",2.00
9480,37339.00,"4- Demerara- Mahaica",,"Ave. of the Republic & Croal St.",,"-58.1658","6.8097",,"Georgetown",6/9/2005 0:00:00,12/30/1899 8:30:00,"C- Minor Injury","E- Pedestrian;F- Driver",32.00,"Male","J- Minibus","S- Driver's Negligence",2.00
9481,37340.00,"4- Demerara- Mahaica",,"Lamaha St.",,"-58.1564","6.8181",,"Georgetown",6/9/2005 0:00:00,12/30/1899 15:00:00,"C- Minor Injury","F- Driver;G- Rider",45.00,"Male","K- Private Cars;V-Motor Cycle","S- Driver's Negligence",2.00
9482,37341.00,"4- Demerara- Mahaica",,"Leopold St. & Lambert St.",,"-58.1674","6.8073",,"Georgetown",6/9/2005 0:00:00,12/30/1899 15:45:00,"D- Property Damage","F- Driver",,"Male","L- Lorries Van","S- Driver's Negligence",2.00
9483,37342.00,"4- Demerara- Mahaica",,"Brickdam Public Rd.",,"-58.1552","6.8061",,"Georgetown",6/10/2005 0:00:00,12/30/1899 19:30:00,"C- Minor Injury","E- Pedestrian;F- Driver",71.00,"Male","K- Private Cars","T-Pedestrian's Negligence",2.00
9484,37343.00,"4- Demerara- Mahaica",,"Irving St.",,"-58.1455","6.8177",,"Georgetown",6/10/2005 0:00:00,12/30/1899 20:00:00,"C- Minor Injury","F- Driver",,"Male","K- Private Cars","S- Driver's Negligence",2.00
9485,37344.00,"4- Demerara- Mahaica",,"Regent St",,"-58.1604","6.8102",,"Georgetown",6/11/2005 0:00:00,12/30/1899 14:30:00,"D- Property Damage","F- Driver",22.00,"Male","J- Minibus;K- Private Cars","S- Driver's Negligence",2.00
9486,37345.00,"4- Demerara- Mahaica",,"Waterloo St. & Quamina St.",,"-58.1614","6.8142",,"Georgetown",6/11/2005 0:00:00,12/30/1899 14:00:00,"C- Minor Injury","F- Driver;G- Rider",22.00,"Female","L- Lorries Van;V-Motor Cycle","U- Cyclist's Negligence",2.00
9487,37346.00,"4- Demerara- Mahaica",,"Brickdam",,"-58.1552","6.8061",,"Georgetown",6/11/2005 0:00:00,12/30/1899 16:15:00,"C- Minor Injury","F- Driver;G- Rider;I- Pillion Rider",15.00,"Male","M- Hire Cars;W-Pedal Cycle","U- Cyclist's Negligence",3.00
9488,37347.00,"4- Demerara- Mahaica",,"Camp St. & Robb St.",,"-58.1606","6.8111",,"Georgetown",6/12/2005 0:00:00,12/30/1899 12:30:00,"D- Property Damage","F- Driver",25.00,"Male","L- Lorries Van;N- Pickup","S- Driver's Negligence",2.00
9489,37348.00,"4- Demerara- Mahaica",,"Brickdam Public Road",,"-58.1552","6.8061",,"Georgetown",6/14/2005 0:00:00,12/30/1899 9:15:00,"D- Property Damage","F- Driver",46.00,"Male","J- Minibus;L- Lorries Van","S- Driver's Negligence",2.00
9490,37349.00,"4- Demerara- Mahaica",,"Main St.",,"-58.1276","6.8221",,"Georgetown",6/15/2005 0:00:00,12/30/1899 16:30:00,"D- Property Damage","F- Driver;G- Rider",22.00,"Male","J- Minibus;W-Pedal Cycle","U- Cyclist's Negligence",2.00
9491,37350.00,"4- Demerara- Mahaica",,"Ave. of the Republic & Regent St.",,"-58.1653","6.8115",,"Georgetown",6/13/2005 0:00:00,,"D- Property Damage","F- Driver",42.00,"Male","J- Minibus;M- Hire Cars","S- Driver's Negligence",2.00
9492,37351.00,"4- Demerara- Mahaica",,"Croal St.",,"-58.1581","6.8076",,"Georgetown",6/14/2005 0:00:00,12/30/1899 14:45:00,"D- Property Damage","F- Driver",24.00,"Male","K- Private Cars;M- Hire Cars","S- Driver's Negligence",2.00
9493,37352.00,"4- Demerara- Mahaica",,"Cornhill St.",,"-58.1574","6.8046",,"Georgetown",6/16/2005 0:00:00,12/30/1899 17:30:00,"B- Serious Injury","E- Pedestrian;F- Driver",68.00,"Male","J- Minibus","T-Pedestrian's Negligence",2.00
9494,37354.00,"4- Demerara- Mahaica",,"Ave. of the Republic & Regent St.",,"-58.1653","6.8115",,"Georgetown",6/18/2005 0:00:00,12/30/1899 12:00:00,"D- Property Damage","F- Driver;G- Rider",51.00,"Male","M- Hire Cars;V-Motor Cycle","S- Driver's Negligence",2.00
9495,37355.00,"4- Demerara- Mahaica",,"South Rd. & Camp St.",,"-58.1570","6.8076",,"Georgetown",6/18/2005 0:00:00,12/30/1899 13:30:00,"B- Serious Injury","F- Driver;G- Rider",44.00,"Male","N- Pickup;V-Motor Cycle","S- Driver's Negligence",2.00
9496,37356.00,"4- Demerara- Mahaica",,"Regent St. & Albert St.",,"-58.1538","6.8084",,"Georgetown",6/19/2005 0:00:00,12/30/1899 7:00:00,"D- Property Damage","F- Driver",26.00,"Male","J- Minibus;K- Private Cars","S- Driver's Negligence",2.00
9497,37357.00,"4- Demerara- Mahaica",,"North Rd.",,"-58.1575","6.8110",,"Georgetown",6/20/2005 0:00:00,12/30/1899 11:50:00,"D- Property Damage","F- Driver",31.00,"Male","N- Pickup","S- Driver's Negligence",2.00
9498,37358.00,"4- Demerara- Mahaica",,"Vlissengen Rd. & Regent St.",,"-58.1489","6.8070",,"Georgetown",6/20/2005 0:00:00,12/30/1899 16:30:00,"C- Minor Injury","F- Driver;G- Rider",16.00,"Male","M- Hire Cars;W-Pedal Cycle","U- Cyclist's Negligence",2.00
9499,37359.00,"4- Demerara- Mahaica",,"Norton & John St.",,"-58.1403","6.7987",,"Georgetown",6/20/2005 0:00:00,12/30/1899 22:00:00,"C- Minor Injury","F- Driver",31.00,"Male","K- Private Cars","S- Driver's Negligence",2.00
9500,37360.00,"4- Demerara- Mahaica",,"Hadfield St. & Water St.",,"-58.1677","6.8086",,"Georgetown",6/20/2005 0:00:00,12/30/1899 15:00:00,"D- Property Damage","F- Driver",30.00,"Male","J- Minibus;M- Hire Cars","S- Driver's Negligence",2.00
9501,37361.00,"4- Demerara- Mahaica",,"Lamaha St.",,"-58.1564","6.8181",,"Georgetown",6/21/2005 0:00:00,12/30/1899 15:00:00,"B- Serious Injury","E- Pedestrian;F- Driver",9.00,"Female","M- Hire Cars","T-Pedestrian's Negligence",2.00
9502,37362.00,"4- Demerara- Mahaica",,"Ave. of the Republic",,"-58.1651","6.8117",,"Georgetown",6/23/2005 0:00:00,12/30/1899 7:00:00,"D- Property Damage","F- Driver;G- Rider",30.00,"Female","K- Private Cars;V-Motor Cycle","S- Driver's Negligence",2.00
9503,37363.00,"4- Demerara- Mahaica",,"Cornhill St.",,"-58.1574","6.8046",,"Georgetown",6/22/2005 0:00:00,12/30/1899 14:00:00,"C- Minor Injury","E- Pedestrian;F- Driver",31.00,"Male","M- Hire Cars","S- Driver's Negligence",2.00
9504,37364.00,"4- Demerara- Mahaica",,"Ornoque St. & Robb St.",,"-58.1521","6.8088",,"Georgetown",6/23/2005 0:00:00,12/30/1899 21:30:00,"B- Serious Injury","F- Driver",43.00,"Male","J- Minibus;M- Hire Cars","S- Driver's Negligence",2.00
9505,37365.00,"4- Demerara- Mahaica",,"Camp St.",,"-58.1600","6.8137",,"Georgetown",6/25/2005 0:00:00,12/30/1899 9:15:00,"D- Property Damage","F- Driver",48.00,"Male","K- Private Cars","S- Driver's Negligence",2.00
9506,37366.00,"4- Demerara- Mahaica",,"Camp St.",,"-58.1600","6.8137",,"Georgetown",10/25/2005 0:00:00,12/30/1899 16:10:00,"D- Property Damage","F- Driver",40.00,"Male","J- Minibus;L- Lorries Van","S- Driver's Negligence",2.00
9507,37367.00,"4- Demerara- Mahaica",,"Camp St. & Lamaha",,"-58.1584","6.8186",,"Georgetown",10/25/2005 0:00:00,12/30/1899 20:30:00,"C- Minor Injury","F- Driver",42.00,"Male","K- Private Cars;M- Hire Cars","S- Driver's Negligence",2.00
9508,37368.00,"4- Demerara- Mahaica",,"Durban & George St.",,"-58.1628","6.8055",,"Georgetown",10/26/2005 0:00:00,12/30/1899 16:30:00,"D- Property Damage","F- Driver",39.00,"Male","K- Private Cars;M- Hire Cars","S- Driver's Negligence",2.00
9509,37369.00,"4- Demerara- Mahaica",,"New Garden St.",,"-58.1491","6.8145",,"Georgetown",10/28/2005 0:00:00,12/30/1899 13:25:00,"D- Property Damage","F- Driver",34.00,"Female","K- Private Cars","S- Driver's Negligence",2.00
9510,37370.00,"4- Demerara- Mahaica",,"Camp St. & New Market St.",,"-58.1591","6.8170",,"Georgetown",10/28/2005 0:00:00,12/30/1899 16:00:00,"D- Property Damage","F- Driver",58.00,"Male","K- Private Cars","S- Driver's Negligence",2.00
9511,37371.00,"4- Demerara- Mahaica",,"Camp St. & New Market St.",,"-58.1591","6.8170",,"Georgetown",10/28/2005 0:00:00,12/30/1899 20:15:00,"C- Minor Injury","F- Driver",57.00,"Male","K- Private Cars","S- Driver's Negligence",2.00
9512,37372.00,"4- Demerara- Mahaica",,"Ferry Stelling Area",,"-58.1682","6.8091",,"Georgetown",10/29/2005 0:00:00,12/30/1899 10:00:00,"D- Property Damage","F- Driver",27.00,"Male","J- Minibus;K- Private Cars","S- Driver's Negligence",2.00
9513,37373.00,"4- Demerara- Mahaica",,"North Rd.",,"-58.1575","6.8110",,"Georgetown",10/31/2005 0:00:00,12/30/1899 11:35:00,"D- Property Damage","F- Driver",54.00,"Female","K- Private Cars","S- Driver's Negligence",2.00
9514,37374.00,"4- Demerara- Mahaica",,"Wellington St.",,"-58.1623","6.8111",,"Georgetown",10/31/2005 0:00:00,,"D- Property Damage","F- Driver",30.00,"Male","M- Hire Cars","S- Driver's Negligence",2.00
9515,37375.00,"4- Demerara- Mahaica",,"Norton & Halley St.",,"-58.1525","6.8019",,"Georgetown",10/30/2005 0:00:00,12/30/1899 20:15:00,"C- Minor Injury","F- Driver;G- Rider",,,"K- Private Cars;V-Motor Cycle","S- Driver's Negligence",2.00
9516,37376.00,"4- Demerara- Mahaica",,"Croal St. & Manget Place",,"-58.1644","6.8093",,"Georgetown",11/2/2005 0:00:00,12/30/1899 13:15:00,"D- Property Damage","F- Driver",34.00,"Male","J- Minibus","S- Driver's Negligence",2.00
9517,37377.00,"4- Demerara- Mahaica",,"Main St. & Middle St.",,"-58.1642","6.8167",,"Georgetown",11/2/2005 0:00:00,12/30/1899 15:30:00,"D- Property Damage","F- Driver",,"Female","K- Private Cars","S- Driver's Negligence",2.00
9518,37378.00,"4- Demerara- Mahaica",,"Hadfield St.",,"-58.1650","6.8079",,"Georgetown",11/3/2005 0:00:00,12/30/1899 9:30:00,"D- Property Damage","F- Driver",39.00,"Male","L- Lorries Van;M- Hire Cars","S- Driver's Negligence",2.00
9519,37379.00,"4- Demerara- Mahaica",,"Wellington St. & North Rd.",,"-58.1621","6.8122",,"Georgetown",11/3/2005 0:00:00,12/30/1899 11:00:00,"D- Property Damage","F- Driver",32.00,"Male","M- Hire Cars;N- Pickup","S- Driver's Negligence",2.00
9520,37380.00,"4- Demerara- Mahaica",,"Water St.",,"-58.1659","6.8180",,"Georgetown",11/3/2005 0:00:00,12/30/1899 10:30:00,"D- Property Damage","F- Driver",34.00,"Male","J- Minibus","S- Driver's Negligence",2.00
9521,37381.00,"4- Demerara- Mahaica",,"Regent St. & Camp St.",,"-58.1608","6.8103",,"Georgetown",11/7/2005 0:00:00,12/30/1899 19:25:00,"D- Property Damage","F- Driver",39.00,"Male","J- Minibus;L- Lorries Van","S- Driver's Negligence",2.00
9522,37382.00,"4- Demerara- Mahaica",,"South & Alexander St.",,"-58.1597","6.8083",,"Georgetown",11/5/2005 0:00:00,12/30/1899 9:15:00,"D- Property Damage","F- Driver",30.00,"Male","J- Minibus;K- Private Cars","S- Driver's Negligence",2.00
9523,37383.00,"4- Demerara- Mahaica",,"Camp St. & Lamaha St.",,"-58.1584","6.8186",,"Georgetown",11/8/2005 0:00:00,12/30/1899 9:45:00,"B- Serious Injury","E- Pedestrian;F- Driver",47.00,"Male","K- Private Cars","S- Driver's Negligence",2.00
9524,37384.00,"4- Demerara- Mahaica",,"Middle St. & Thomas St.",,"-58.1576","6.8150",,"Georgetown",11/9/2005 0:00:00,12/30/1899 8:15:00,"C- Minor Injury","F- Driver;G- Rider",46.00,"Male","K- Private Cars;W-Pedal Cycle","S- Driver's Negligence",2.00
9525,37385.00,"4- Demerara- Mahaica",,"Regent & Wellington St.",,"-58.1624","6.8107",,"Georgetown",11/6/2005 0:00:00,12/30/1899 9:30:00,"D- Property Damage","F- Driver",53.00,"Male","K- Private Cars;M- Hire Cars","S- Driver's Negligence",2.00
9526,37386.00,"4- Demerara- Mahaica",,"Croal St.",,"-58.1581","6.8076",,"Georgetown",11/11/2005 0:00:00,12/30/1899 17:00:00,"D- Property Damage","F- Driver",40.00,"Male","K- Private Cars;L- Lorries Van","S- Driver's Negligence",2.00
9527,37387.00,"4- Demerara- Mahaica",,"Church St. & Light St.",,"-58.1547","6.8107",,"Georgetown",11/13/2005 0:00:00,12/30/1899 17:30:00,"D- Property Damage","F- Driver",51.00,"Male","K- Private Cars","S- Driver's Negligence",2.00
9528,37388.00,"4- Demerara- Mahaica",,"Camp St. & Croal St.",,"-58.1613","6.8084",,"Georgetown",11/12/2005 0:00:00,12/30/1899 0:05:00,"D- Property Damage","F- Driver",51.00,"Male","K- Private Cars","S- Driver's Negligence",2.00
9529,37389.00,"4- Demerara- Mahaica",,"Norton St.",,"-58.1519","6.8017",,"Georgetown",11/14/2005 0:00:00,12/30/1899 19:00:00,"C- Minor Injury","E- Pedestrian;F- Driver",29.00,"Male","M- Hire Cars","S- Driver's Negligence",2.00
9530,37390.00,"4- Demerara- Mahaica",,"Norton St.",,"-58.1519","6.8017",,"Georgetown",11/15/2005 0:00:00,,"D- Property Damage","F- Driver",18.00,"Male","K- Private Cars","S- Driver's Negligence",1.00
9531,37391.00,"4- Demerara- Mahaica",,"Robb St. & Alexander St.",,"-58.1591","6.8107",,"Georgetown",11/14/2005 0:00:00,12/30/1899 11:00:00,"C- Minor Injury","F- Driver;G- Rider",32.00,"Male","J- Minibus;V-Motor Cycle","S- Driver's Negligence",2.00
9532,37392.00,"4- Demerara- Mahaica",,"Regent St.",,"-58.1604","6.8102",,"Georgetown",11/9/2005 0:00:00,12/30/1899 10:00:00,"D- Property Damage","F- Driver",45.00,"Male","J- Minibus;V-Motor Cycle","S- Driver's Negligence",2.00
9533,37393.00,"4- Demerara- Mahaica",,"Louisa Row & Norton St.",,"-58.1577","6.8033",,"Georgetown",11/15/2005 0:00:00,12/30/1899 17:45:00,"C- Minor Injury","F- Driver",,"Male","K- Private Cars","S- Driver's Negligence",2.00
9534,37394.00,"4- Demerara- Mahaica",,"Regent St. & Vlissengen Rd.",,"-58.1489","6.8070",,"Georgetown",11/17/2005 0:00:00,12/30/1899 3:45:00,"C- Minor Injury","F- Driver",23.00,"Male","K- Private Cars","S- Driver's Negligence",2.00
9535,37395.00,"4- Demerara- Mahaica",,"Camp St. & Hadfield St.",,"-58.1614","6.8078",,"Georgetown",11/17/2005 0:00:00,12/30/1899 16:00:00,"C- Minor Injury","G- Rider",29.00,"Female","M- Hire Cars;V-Motor Cycle","U- Cyclist's Negligence",2.00
9536,37396.00,"4- Demerara- Mahaica",,"Ave. of the Republic & North Rd.",,"-58.1534","6.8099",,"Georgetown",11/17/2005 0:00:00,12/30/1899 8:00:00,"C- Minor Injury","F- Driver",65.00,"Male","J- Minibus;K- Private Cars","S- Driver's Negligence",2.00
9537,37397.00,"4- Demerara- Mahaica",,"Camp St. & Robb St.",,"-58.1606","6.8111",,"Georgetown",11/19/2005 0:00:00,12/30/1899 23:25:00,"D- Property Damage","F- Driver",26.00,"Male","K- Private Cars","S- Driver's Negligence",2.00
9538,37398.00,"4- Demerara- Mahaica",,"Regent St.",,"-58.1604","6.8102",,"Georgetown",11/20/2005 0:00:00,12/30/1899 0:30:00,"B- Serious Injury","F- Driver",42.00,"Male","M- Hire Cars","S- Driver's Negligence",2.00
9539,37399.00,"4- Demerara- Mahaica",,"South Rd. & Wellington St.",,"-58.1629","6.8091",,"Georgetown",11/21/2005 0:00:00,12/30/1899 17:50:00,"B- Serious Injury","F- Driver",28.00,"Male","J- Minibus;W-Pedal Cycle","S- Driver's Negligence",2.00
9540,37400.00,"4- Demerara- Mahaica",,"Main St.",,"-58.1276","6.8221",,"Georgetown",11/22/2005 0:00:00,12/30/1899 10:45:00,"D- Property Damage","F- Driver",44.00,"Male","K- Private Cars;N- Pickup","S- Driver's Negligence",2.00
9541,37401.00,"4- Demerara- Mahaica",,"Regent St.",,"-58.1604","6.8102",,"Georgetown",11/21/2005 0:00:00,12/30/1899 15:00:00,"D- Property Damage","F- Driver",45.00,"Male","J- Minibus","S- Driver's Negligence",2.00
9542,37402.00,"4- Demerara- Mahaica",,"Lamaha St.",,"-58.1564","6.8181",,"Georgetown",11/23/2005 0:00:00,12/30/1899 7:30:00,"D- Property Damage","F- Driver",28.00,"Male","K- Private Cars","S- Driver's Negligence",2.00
9543,37403.00,"4- Demerara- Mahaica",,"Orangewalk & Croal St.",,"-58.1580","6.8076",,"Georgetown",11/23/2005 0:00:00,,"C- Minor Injury","F- Driver",17.00,"Male","K- Private Cars;V-Motor Cycle","S- Driver's Negligence",2.00
9544,37404.00,"4- Demerara- Mahaica",,"Durban St.",,"-58.1526","6.8028",,"Georgetown",11/24/2005 0:00:00,12/30/1899 1:10:00,"D- Property Damage","F- Driver",32.00,"Male","K- Private Cars","S- Driver's Negligence",2.00
9545,37405.00,"4- Demerara- Mahaica",,"Princess St.",,"-58.1662","6.8045",,"Georgetown",11/23/2005 0:00:00,,"C- Minor Injury","F- Driver",,"Male","L- Lorries Van;W-Pedal Cycle","S- Driver's Negligence",2.00
9546,37406.00,"4- Demerara- Mahaica",,"Croal St. & Ave. of the Republic",,"-58.1658","6.8097",,"Georgetown",11/25/2005 0:00:00,12/30/1899 13:00:00,"D- Property Damage","F- Driver",77.00,"Male","K- Private Cars;M- Hire Cars","S- Driver's Negligence",2.00
9547,37407.00,"4- Demerara- Mahaica",,"Brickdam",,"-58.1552","6.8061",,"Georgetown",11/25/2005 0:00:00,12/30/1899 17:30:00,"B- Serious Injury","F- Driver",,"Female","K- Private Cars;W-Pedal Cycle","S- Driver's Negligence",2.00
9548,37408.00,"4- Demerara- Mahaica",,"Camp St. & North Rd.",,"-58.1604","6.8118",,"Georgetown",11/26/2005 0:00:00,12/30/1899 10:30:00,"B- Serious Injury","F- Driver",34.00,"Male","L- Lorries Van","S- Driver's Negligence",2.00
9549,37409.00,"4- Demerara- Mahaica",,"Norton St.",,"-58.1519","6.8017",,"Georgetown",11/28/2005 0:00:00,,"C- Minor Injury","F- Driver",59.00,"Male","L- Lorries Van","S- Driver's Negligence",2.00
9550,37410.00,"4- Demerara- Mahaica",,"Regent St. & Albert St.",,"-58.1538","6.8084",,"Georgetown",11/28/2005 0:00:00,12/30/1899 16:35:00,"D- Property Damage","F- Driver",32.00,"Male","J- Minibus;K- Private Cars","S- Driver's Negligence",2.00
9551,37411.00,"4- Demerara- Mahaica",,"Camp Rd.",,"-58.1600","6.8137",,"Georgetown",11/29/2005 0:00:00,12/30/1899 7:40:00,"A- Fatal","F- Driver",41.00,"Male","K- Private Cars;W-Pedal Cycle","S- Driver's Negligence",2.00