"ID","Accident ID","Region Number","Corridor ID","Location (Intersection/Road/Street)","Corridor","Location- longitude/ X","Location- latitude/  Y","Mile Marker","Village","Date of Accident","Time of Accident","Type of Accident","Class of Road User","Age/DOB","Gender","Class of Vehicles Involved","Contributing Factor","Number of Persons Involved"
9552,37412.00,"4- Demerara- Mahaica",,"Lamaha & Carmichael St.",,"-58.1619","6.8194",,"Georgetown",12/1/2005 0:00:00,12/30/1899 9:10:00,"D- Property Damage","F- Driver",39.00,"Male","M- Hire Cars;N- Pickup","S- Driver's Negligence",2.00
9553,37413.00,"4- Demerara- Mahaica",,"Wellington St.",,"-58.1623","6.8111",,"Georgetown",12/2/2005 0:00:00,12/30/1899 12:00:00,"D- Property Damage","F- Driver",50.00,"Male","K- Private Cars","S- Driver's Negligence",2.00
9554,37414.00,"4- Demerara- Mahaica",,"North Rd. & Albert St.",,"-58.1534","6.8099",,"Georgetown",12/2/2005 0:00:00,12/30/1899 12:15:00,"C- Minor Injury","F- Driver",,,"K- Private Cars;V-Motor Cycle","S- Driver's Negligence",2.00
9555,37415.00,"4- Demerara- Mahaica",,"Camp St. & Middle St.",,"-58.1599","6.8138",,"Georgetown",12/3/2005 0:00:00,12/30/1899 19:30:00,"D- Property Damage","F- Driver",26.00,"Male","J- Minibus;K- Private Cars","S- Driver's Negligence",2.00
9556,37416.00,"4- Demerara- Mahaica",,"Durban St.",,"-58.1526","6.8028",,"Georgetown",12/5/2005 0:00:00,12/30/1899 0:00:00,"D- Property Damage","F- Driver",48.00,"Male","K- Private Cars;M- Hire Cars","S- Driver's Negligence",2.00
9557,37417.00,"4- Demerara- Mahaica",,"Brickdam & Louisa Row",,"-58.1504","6.8004",,"Georgetown",12/5/2005 0:00:00,12/30/1899 9:00:00,"C- Minor Injury","F- Driver",,"Male","N- Pickup;V-Motor Cycle","S- Driver's Negligence",2.00
9558,37418.00,"4- Demerara- Mahaica",,"Cornhill St.",,"-58.1574","6.8046",,"Georgetown",12/3/2005 0:00:00,12/30/1899 22:30:00,"D- Property Damage","F- Driver",37.00,"Male","J- Minibus;K- Private Cars","S- Driver's Negligence",2.00
9559,37419.00,"4- Demerara- Mahaica",,"Norton & Haley St.",,"-58.1524","6.8019",,"Georgetown",12/5/2005 0:00:00,12/30/1899 17:00:00,"C- Minor Injury","F- Driver",,,"M- Hire Cars;V-Motor Cycle","S- Driver's Negligence",2.00
9560,37420.00,"4- Demerara- Mahaica",,"Brickdam & Cornhill St.",,"-58.1572","6.8066",,"Georgetown",12/6/2005 0:00:00,12/30/1899 9:30:00,"D- Property Damage","F- Driver",42.00,"Male","J- Minibus;K- Private Cars","S- Driver's Negligence",2.00
9561,37421.00,"4- Demerara- Mahaica",,"Crown & Irving St.",,"-58.1494","6.8132",,"Georgetown",12/6/2005 0:00:00,12/30/1899 6:30:00,"C- Minor Injury","F- Driver",49.00,"Male","K- Private Cars;W-Pedal Cycle","S- Driver's Negligence",2.00
9562,37422.00,"4- Demerara- Mahaica",,"Quamina St. & Waterloo St.",,"-58.1614","6.8142",,"Georgetown",12/6/2005 0:00:00,12/30/1899 11:30:00,"D- Property Damage","F- Driver",19.00,"Male","K- Private Cars;W-Pedal Cycle","S- Driver's Negligence",2.00
9563,37423.00,"4- Demerara- Mahaica",,"Middle St. & Thomas St.",,"-58.1576","6.8150",,"Georgetown",12/7/2005 0:00:00,12/30/1899 9:15:00,"D- Property Damage","F- Driver",27.00,"Male","K- Private Cars;L- Lorries Van","S- Driver's Negligence",2.00
9564,37424.00,"4- Demerara- Mahaica",,"Croal St.",,"-58.1581","6.8076",,"Georgetown",12/7/2005 0:00:00,12/30/1899 7:30:00,"C- Minor Injury","F- Driver",49.00,"Male","J- Minibus","S- Driver's Negligence",2.00
9565,37425.00,"4- Demerara- Mahaica",,"North Rd. & Wellington St.",,"-58.1621","6.8122",,"Georgetown",12/9/2005 0:00:00,12/30/1899 16:15:00,"D- Property Damage","F- Driver",29.00,"Male","M- Hire Cars;N- Pickup","S- Driver's Negligence",2.00
9566,37426.00,"4- Demerara- Mahaica",,"High St.",,"-58.1669","6.8063",,"Georgetown",12/9/2005 0:00:00,12/30/1899 10:30:00,"D- Property Damage","F- Driver",27.00,"Male","J- Minibus;L- Lorries Van","S- Driver's Negligence",2.00
9567,37427.00,"4- Demerara- Mahaica",,"Ave. of the Republic & North Rd.",,"-58.1648","6.8130",,"Georgetown",12/10/2005 0:00:00,12/30/1899 0:30:00,"D- Property Damage","F- Driver",38.00,"Male","J- Minibus;K- Private Cars","S- Driver's Negligence",2.00
9568,37428.00,"4- Demerara- Mahaica",,"Carifesta Ave.",,"-58.1483","6.8240",,"Georgetown",12/10/2005 0:00:00,12/30/1899 14:30:00,"D- Property Damage","F- Driver",36.00,"Female","K- Private Cars","S- Driver's Negligence",2.00
9569,37429.00,"4- Demerara- Mahaica",,"J.B Singh Rd.",,"-58.1449","6.8203",,"Georgetown",12/10/2005 0:00:00,12/30/1899 18:30:00,"D- Property Damage","F- Driver",36.00,"Male","K- Private Cars;N- Pickup","S- Driver's Negligence",2.00
9570,37430.00,"4- Demerara- Mahaica",,"Bourda & Charlotte St.",,"-58.1587","6.8088",,"Georgetown",12/10/2005 0:00:00,12/30/1899 15:30:00,"C- Minor Injury","F- Driver",60.00,"Male","J- Minibus","S- Driver's Negligence",2.00
9571,37431.00,"4- Demerara- Mahaica",,"Durban & Cross St.",,"-58.1658","6.8063",,"Georgetown",12/10/2005 0:00:00,12/30/1899 16:30:00,"C- Minor Injury","G- Rider",27.00,"Male","V-Motor Cycle","U- Cyclist's Negligence",2.00
9572,37432.00,"4- Demerara- Mahaica",,"Holmes St.",,"-58.1651","6.8153",,"Georgetown",12/12/2005 0:00:00,,"D- Property Damage","F- Driver",51.00,"Male","L- Lorries Van;M- Hire Cars","S- Driver's Negligence",2.00
9573,37433.00,"4- Demerara- Mahaica",,"Lamaha S.",,"-58.1564","6.8181",,"Georgetown",12/13/2005 0:00:00,12/30/1899 12:05:00,"D- Property Damage","F- Driver",34.00,"Male","J- Minibus;K- Private Cars","S- Driver's Negligence",2.00
9574,37434.00,"4- Demerara- Mahaica",,"Ferry Stelling Area",,"-58.1682","6.8091",,"Georgetown",12/13/2005 0:00:00,,"D- Property Damage","F- Driver",53.00,"Male","J- Minibus;N- Pickup","S- Driver's Negligence",2.00
9575,37435.00,"4- Demerara- Mahaica",,"Camp St. & Brickdam",,"-58.1615","6.8077",,"Georgetown",12/14/2005 0:00:00,12/30/1899 5:30:00,"C- Minor Injury","F- Driver",23.00,"Male","J- Minibus;K- Private Cars","S- Driver's Negligence",2.00
9576,37436.00,"4- Demerara- Mahaica",,"Lombard St.",,"-58.1675","6.8071",,"Georgetown",12/14/2005 0:00:00,12/30/1899 10:30:00,"D- Property Damage","F- Driver",57.00,"Male","J- Minibus;K- Private Cars","S- Driver's Negligence",2.00
9577,37437.00,"4- Demerara- Mahaica",,"Camp St.",,"-58.1600","6.8137",,"Georgetown",12/14/2005 0:00:00,12/30/1899 14:30:00,"C- Minor Injury","F- Driver",21.00,"Male","J- Minibus;N- Pickup","S- Driver's Negligence",2.00
9578,37438.00,"4- Demerara- Mahaica",,"Ave. of the Republic",,"-58.1651","6.8117",,"Georgetown",12/12/2005 0:00:00,12/30/1899 18:55:00,"D- Property Damage","F- Driver",,"Male","N- Pickup;V-Motor Cycle","S- Driver's Negligence",3.00
9579,37439.00,"4- Demerara- Mahaica",,"Brickdam",,"-58.1552","6.8061",,"Georgetown",12/12/2005 0:00:00,12/30/1899 21:30:00,"D- Property Damage","F- Driver",47.00,"Male","K- Private Cars","S- Driver's Negligence",2.00
9580,37440.00,"4- Demerara- Mahaica",,"King St.",,"-58.1641","6.8109",,"Goergetown",12/14/2005 0:00:00,12/30/1899 17:00:00,"D- Property Damage","F- Driver",28.00,"Female","K- Private Cars;N- Pickup","S- Driver's Negligence",2.00
9581,37441.00,"4- Demerara- Mahaica",,"Main St.",,"-58.1276","6.8221",,"Georgetown",12/14/2005 0:00:00,12/30/1899 17:30:00,"C- Minor Injury","F- Driver",18.00,"Male","K- Private Cars","S- Driver's Negligence",2.00
9582,37442.00,"4- Demerara- Mahaica",,"Smyth St. & Leopold St.",,"-58.1640","6.8064",,"Georgetown",12/14/2005 0:00:00,12/30/1899 18:45:00,"C- Minor Injury","F- Driver",53.00,"Male","M- Hire Cars","S- Driver's Negligence",2.00
9583,37443.00,"4- Demerara- Mahaica",,"Crown St. & Peter Rose St.",,"-58.1482","6.8128",,"Georgetown",12/15/2005 0:00:00,12/30/1899 3:30:00,"B- Serious Injury","F- Driver",19.00,"Male","N- Pickup","S- Driver's Negligence",2.00
9584,37444.00,"4- Demerara- Mahaica",,"Regent St.",,"-58.1604","6.8102",,"Georgetown",12/14/2005 0:00:00,12/30/1899 14:45:00,"D- Property Damage","F- Driver",36.00,"Male","L- Lorries Van","S- Driver's Negligence",2.00
9585,37445.00,"4- Demerara- Mahaica",,"Ornoque St. & South Rd.",,"-58.1527","6.8065",,"Georetown",12/15/2005 0:00:00,12/30/1899 15:00:00,"D- Property Damage","F- Driver",47.00,"Male","K- Private Cars","S- Driver's Negligence",2.00
9586,37446.00,"4- Demerara- Mahaica",,"Lamaha & Camp St.",,"-58.1584","6.8186",,"Georgetown",12/17/2005 0:00:00,12/30/1899 23:45:00,"C- Minor Injury","F- Driver",,"Male","K- Private Cars","S- Driver's Negligence",2.00
9587,37447.00,"4- Demerara- Mahaica",,"Seawall Rd. & Camp St.",,"-58.1566","6.8248",,"Georgetown",12/19/2005 0:00:00,12/30/1899 8:00:00,"D- Property Damage","F- Driver",41.00,"Male","J- Minibus;K- Private Cars","S- Driver's Negligence",2.00
9588,37448.00,"4- Demerara- Mahaica",,"Ave. of the Republic",,"-58.1651","6.8117",,"Georgetown",12/19/2005 0:00:00,12/30/1899 8:10:00,"D- Property Damage","F- Driver",27.00,"Female","J- Minibus;K- Private Cars","S- Driver's Negligence",2.00
9589,37449.00,"4- Demerara- Mahaica",,"Brickdam",,"-58.1552","6.8061",,"Georgetown",12/19/2005 0:00:00,12/30/1899 13:15:00,"D- Property Damage","F- Driver",42.00,"Male","M- Hire Cars","S- Driver's Negligence",2.00
9590,37450.00,"4- Demerara- Mahaica",,"Regent St.",,"-58.1604","6.8102",,"Georgetown",12/17/2005 0:00:00,12/30/1899 1:00:00,"D- Property Damage","F- Driver",33.00,"Male","J- Minibus;K- Private Cars","S- Driver's Negligence",3.00
9591,37451.00,"4- Demerara- Mahaica",,"Church St. & Ave. of the Republic",,"-58.1648","6.8134",,"Georgetown",2/19/2005 0:00:00,12/30/1899 15:00:00,"C- Minor Injury","F- Driver",,,"J- Minibus;W-Pedal Cycle","S- Driver's Negligence",2.00
9592,37452.00,"4- Demerara- Mahaica",,"Robb St.",,"-58.1599","6.8109",,"Georgetown",2/19/2005 0:00:00,12/30/1899 11:15:00,"C- Minor Injury","G- Rider",17.00,"Male","V-Motor Cycle","U- Cyclist's Negligence",2.00
9593,37453.00,"4- Demerara- Mahaica",,"Church St. & Carmichael St.",,"-58.1637","6.8131",,"Georgetown",12/20/2005 0:00:00,12/30/1899 14:30:00,"D- Property Damage","F- Driver",50.00,"Male","K- Private Cars","S- Driver's Negligence",2.00
9594,37454.00,"4- Demerara- Mahaica",,"Camp St.",,"-58.1600","6.8137",,"Georgetown",5/21/2005 0:00:00,12/30/1899 0:55:00,"D- Property Damage","F- Driver",37.00,"Male","K- Private Cars;M- Hire Cars","S- Driver's Negligence",2.00
9595,37455.00,"4- Demerara- Mahaica",,"North Rd. & Church St.",,"-58.1636","6.8130",,"Georgetown",5/20/2005 0:00:00,12/30/1899 16:45:00,"D- Property Damage","F- Driver",39.00,"Male","J- Minibus;L- Lorries Van","S- Driver's Negligence",2.00
9596,37456.00,"4- Demerara- Mahaica",,"Durban St. & Louisa Row",,"-58.1575","6.8041",,"Georgetown",5/21/2005 0:00:00,12/30/1899 13:30:00,"D- Property Damage","F- Driver",37.00,"Male","K- Private Cars","S- Driver's Negligence",2.00
9597,37457.00,"4- Demerara- Mahaica",,"Ave. of the Republic",,"-58.1651","6.8117",,"Georgetown",5/21/2005 0:00:00,12/30/1899 15:30:00,"D- Property Damage","F- Driver",41.00,"Male","K- Private Cars;L- Lorries Van","S- Driver's Negligence",2.00
9598,37458.00,"4- Demerara- Mahaica",,"Boyle Place & Hadfield St.",,"-58.1573","6.8059",,"Georgetown",5/22/2005 0:00:00,12/30/1899 14:45:00,"D- Property Damage","F- Driver",29.00,"Male","K- Private Cars;M- Hire Cars","S- Driver's Negligence",2.00
9599,37459.00,"4- Demerara- Mahaica",,"Croal St. & Ave. of the Republic",,"-58.1658","6.8097",,"Georgetown",12/22/2005 0:00:00,12/30/1899 14:45:00,"D- Property Damage","F- Driver",,"Male","K- Private Cars;N- Pickup","S- Driver's Negligence",2.00
9600,37460.00,"4- Demerara- Mahaica",,"Oronoque St. & Forshaw St.",,"-58.1514","6.8114",,"Georgetown",12/24/2005 0:00:00,12/30/1899 9:45:00,"B- Serious Injury","F- Driver",28.00,"Male","M- Hire Cars;V-Motor Cycle","S- Driver's Negligence",2.00
9601,37461.00,"4- Demerara- Mahaica",,"John St. & Hadfield St.",,"-58.1389","6.8111",,"Georgetown",12/24/2005 0:00:00,12/30/1899 19:20:00,"B- Serious Injury","F- Driver",38.00,"Male","M- Hire Cars;V-Motor Cycle","S- Driver's Negligence",2.00
9602,37462.00,"4- Demerara- Mahaica",,"North Rd. & Wellington St.",,"-58.1621","6.8122",,"Georgetown",12/26/2005 0:00:00,12/30/1899 22:45:00,"D- Property Damage","F- Driver",25.00,"Male","K- Private Cars;N- Pickup","S- Driver's Negligence",2.00
9603,37463.00,"4- Demerara- Mahaica",,"Cornhill St.",,"-58.1574","6.8046",,"Georgetown",12/23/2005 0:00:00,12/30/1899 16:15:00,"D- Property Damage","F- Driver",30.00,"Male","J- Minibus;M- Hire Cars","S- Driver's Negligence",2.00
9604,37464.00,"4- Demerara- Mahaica",,"Camp St. & Regent St.",,"-58.1607","6.8103",,"Georgetown",12/27/2005 0:00:00,12/30/1899 0:30:00,"C- Minor Injury","F- Driver",19.00,"Male","K- Private Cars","S- Driver's Negligence",2.00
9605,37465.00,"4- Demerara- Mahaica",,"Robb St. & Wellington St.",,"-58.1622","6.8115",,"Georgetown",12/27/2005 0:00:00,12/30/1899 21:10:00,"D- Property Damage","F- Driver",59.00,"Male","J- Minibus;M- Hire Cars","S- Driver's Negligence",2.00
9606,37466.00,"4- Demerara- Mahaica",,"Albert St. & North Rd.",,"-58.1534","6.8099",,"Georgetown",12/28/2005 0:00:00,12/30/1899 7:50:00,"C- Minor Injury","G- Rider",37.00,"Male","K- Private Cars;V-Motor Cycle","U- Cyclist's Negligence",2.00
9607,37467.00,"4- Demerara- Mahaica",,"John St.",,"-58.1374","6.8107",,"Georgetown",12/28/2005 0:00:00,12/30/1899 13:45:00,"D- Property Damage","F- Driver",25.00,"Male","K- Private Cars;N- Pickup","S- Driver's Negligence",2.00
9608,37468.00,"4- Demerara- Mahaica",,"Durban St.",,"-58.1526","6.8028",,"Georgetown",12/28/2005 0:00:00,12/30/1899 17:00:00,"D- Property Damage","F- Driver",38.00,"Male","K- Private Cars;N- Pickup","S- Driver's Negligence",2.00
9609,37469.00,"4- Demerara- Mahaica",,"Croal St.",,"-58.1581","6.8076",,"Georgetown",12/29/2005 0:00:00,12/30/1899 19:45:00,"D- Property Damage","F- Driver",31.00,"Male","J- Minibus","S- Driver's Negligence",2.00
9610,37470.00,"4- Demerara- Mahaica",,"Camp St. & Brickdam",,"-58.1615","6.8077",,"Georgetown",12/12/2005 0:00:00,12/30/1899 9:45:00,"D- Property Damage","F- Driver",,,"K- Private Cars;W-Pedal Cycle","S- Driver's Negligence",2.00
9611,37471.00,"4- Demerara- Mahaica",,"Croal St.",,"-58.1581","6.8076",,"Georgetown",12/29/2005 0:00:00,12/30/1899 16:10:00,"D- Property Damage","F- Driver",29.00,"Male","K- Private Cars;L- Lorries Van","S- Driver's Negligence",2.00
9612,37472.00,"4- Demerara- Mahaica",,"Brickdam St.",,"-58.1589","6.8070",,"Georgetown",12/30/2005 0:00:00,12/30/1899 14:30:00,"D- Property Damage","F- Driver",36.00,"Female","K- Private Cars;L- Lorries Van","S- Driver's Negligence",2.00
9613,37473.00,"4- Demerara- Mahaica",,"Durban St. & Louisa Row",,"-58.1575","6.8041",,"Georgetown",12/30/2005 0:00:00,12/30/1899 17:15:00,"B- Serious Injury","G- Rider",31.00,"Male","K- Private Cars;V-Motor Cycle","U- Cyclist's Negligence",2.00
9614,37474.00,"4- Demerara- Mahaica",,"Lombard St.",,"-58.1675","6.8071",,"Georgetown",12/30/2005 0:00:00,12/30/1899 20:08:00,"B- Serious Injury","F- Driver",26.00,"Male","J- Minibus;V-Motor Cycle","S- Driver's Negligence",2.00
9615,37475.00,"4- Demerara- Mahaica",,"Croal St. & Vlissengen Rd.",,"-58.1508","6.8058",,"Georgetown",1/1/2006 0:00:00,12/30/1899 14:30:00,"C- Minor Injury","F- Driver",28.00,"Male","M- Hire Cars;V-Motor Cycle","S- Driver's Negligence",2.00
9616,37476.00,"4- Demerara- Mahaica",,"Norton St. & John St.",,"-58.1403","6.7987",,"Georgetown",1/1/2006 0:00:00,12/30/1899 16:30:00,"C- Minor Injury","G- Rider",12.00,"Male","M- Hire Cars;W-Pedal Cycle","U- Cyclist's Negligence",2.00
9617,37477.00,"4- Demerara- Mahaica",,"Durban St.",,"-58.1526","6.8028",,"Georgetown",1/4/2005 0:00:00,12/30/1899 15:50:00,"D- Property Damage","F- Driver",29.00,"Male","K- Private Cars;V-Motor Cycle","S- Driver's Negligence",2.00
9618,37478.00,"4- Demerara- Mahaica",,"Regent St. & New Garden St.",,"-58.1512","6.8068",,"Georgetown",1/4/2005 0:00:00,12/30/1899 7:45:00,"D- Property Damage","F- Driver",57.00,"Male","M- Hire Cars;N- Pickup","S- Driver's Negligence",2.00
9619,37479.00,"4- Demerara- Mahaica",,"Camp St. & Regent St.",,"-58.1607","6.8103",,"Georgetown",1/4/2006 0:00:00,12/30/1899 20:30:00,"C- Minor Injury","F- Driver",32.00,"Male","K- Private Cars;V-Motor Cycle","S- Driver's Negligence",2.00
9620,37480.00,"4- Demerara- Mahaica",,"Lamaha St.",,"-58.1564","6.8181",,"Georgetown",1/4/2006 0:00:00,12/30/1899 8:35:00,"B- Serious Injury","F- Driver",47.00,"Male","K- Private Cars","S- Driver's Negligence",2.00
9621,37481.00,"4- Demerara- Mahaica",,"Middle St. & Thomas St.",,"-58.1576","6.8150",,"Georgetown",1/4/2006 0:00:00,12/30/1899 11:30:00,"D- Property Damage","F- Driver",35.00,"Male","J- Minibus;M- Hire Cars","S- Driver's Negligence",2.00
9622,37482.00,"4- Demerara- Mahaica",,"Church St. & Albert St.",,"-58.1532","6.8104",,"Georgetown",1/5/2006 0:00:00,12/30/1899 12:45:00,"D- Property Damage","F- Driver",71.00,"Male","J- Minibus;K- Private Cars","S- Driver's Negligence",2.00
9623,37483.00,"4- Demerara- Mahaica",,"Church St. & Albert St.",,"-58.1532","6.8104",,"Georgetown",1/5/2006 0:00:00,12/30/1899 17:15:00,"C- Minor Injury","F- Driver",43.00,"Female","N- Pickup;V-Motor Cycle","S- Driver's Negligence",2.00
9624,37484.00,"4- Demerara- Mahaica",,"Irving & Crown St.",,"-58.1494","6.8132",,"Georgetown",1/6/2006 0:00:00,12/30/1899 16:00:00,"D- Property Damage","F- Driver",22.00,"Male","M- Hire Cars","S- Driver's Negligence",2.00
9625,37485.00,"4- Demerara- Mahaica",,"Church St.",,"-58.1574","6.8114",,"Georgetown",1/7/2006 0:00:00,12/30/1899 19:35:00,"A- Fatal","F- Driver",27.00,"Male","J- Minibus","S- Driver's Negligence",2.00
9626,37486.00,"4- Demerara- Mahaica",,"Camp & Lamaha St.",,"-58.1584","6.8186",,"Georgetown",1/9/2006 0:00:00,12/30/1899 17:35:00,"C- Minor Injury","E- Pedestrian",13.00,"Male","K- Private Cars","T-Pedestrian's Negligence",2.00
9627,37487.00,"4- Demerara- Mahaica",,"Camp St.",,"-58.1600","6.8137",,"Georgetown",1/9/2006 0:00:00,12/30/1899 23:45:00,"D- Property Damage","F- Driver",31.00,"Male","K- Private Cars;N- Pickup","S- Driver's Negligence",2.00
9628,37488.00,"4- Demerara- Mahaica",,"Camp & North Rd.",,"-58.1604","6.8118",,"Georgetown",1/10/2006 0:00:00,12/30/1899 11:40:00,"B- Serious Injury","F- Driver",52.00,"Female","N- Pickup;V-Motor Cycle","S- Driver's Negligence",2.00
9629,37489.00,"4- Demerara- Mahaica",,"Bent St.",,"-58.1576","6.8050",,"Georgetown",1/10/2006 0:00:00,12/30/1899 19:40:00,"B- Serious Injury","F- Driver",36.00,"Male","K- Private Cars","S- Driver's Negligence",2.00
9630,37490.00,"4- Demerara- Mahaica",,"Regent & King St.",,"-58.1641","6.8112",,"Georgetown",1/6/2006 0:00:00,12/30/1899 17:00:00,"D- Property Damage","F- Driver",46.00,"Male","K- Private Cars","S- Driver's Negligence",1.00
9631,37491.00,"4- Demerara- Mahaica",,"Camp & Charlotte St.",,"-58.1610","6.8094",,"Georgetown",1/11/2006 0:00:00,12/30/1899 15:50:00,"D- Property Damage","F- Driver",45.00,"Male","K- Private Cars;N- Pickup","S- Driver's Negligence",2.00
9632,37492.00,"4- Demerara- Mahaica",,"South Rd. & Wellington St.",,"-58.1629","6.8091",,"Georgetown",1/11/2006 0:00:00,12/30/1899 20:50:00,"D- Property Damage","F- Driver",28.00,"Male","J- Minibus;V-Motor Cycle","S- Driver's Negligence",2.00
9633,37493.00,"4- Demerara- Mahaica",,"Regent St.",,"-58.1604","6.8102",,"Georgetown",1/12/2006 0:00:00,12/30/1899 16:30:00,"B- Serious Injury","F- Driver",52.00,"Male","J- Minibus;V-Motor Cycle","S- Driver's Negligence",2.00
9634,37494.00,"4- Demerara- Mahaica",,"Norton St.",,"-58.1519","6.8017",,"Georgetown",1/13/2006 0:00:00,12/30/1899 21:00:00,"C- Minor Injury","E- Pedestrian",49.00,"Male","K- Private Cars","T-Pedestrian's Negligence",2.00
9635,37495.00,"4- Demerara- Mahaica",,"Croal & Ave. Of The Republic",,"-58.1658","6.8097",,"Georgetown",1/16/2006 0:00:00,12/30/1899 8:30:00,"D- Property Damage","F- Driver",26.00,"Male","J- Minibus","R- Improper Overtaking",2.00
9636,37496.00,"4- Demerara- Mahaica",,"Durban St.",,"-58.1526","6.8028",,"Georgetown",1/16/2006 0:00:00,12/30/1899 10:50:00,"B- Serious Injury","F- Driver",21.00,"Male","K- Private Cars;V-Motor Cycle","S- Driver's Negligence",2.00
9637,37497.00,"4- Demerara- Mahaica",,"Church St.",,"-58.1574","6.8114",,"Georgetown",1/16/2006 0:00:00,12/30/1899 9:05:00,"D- Property Damage","F- Driver",64.00,"Male","J- Minibus;M- Hire Cars;N- Pickup","S- Driver's Negligence",3.00
9638,37498.00,"4- Demerara- Mahaica",,"Church & Main St.",,"-58.1653","6.8137",,"Georgetown",1/17/2006 0:00:00,12/30/1899 3:30:00,"D- Property Damage","F- Driver",48.00,"Male","J- Minibus;L- Lorries Van","S- Driver's Negligence",2.00
9639,37499.00,"4- Demerara- Mahaica",,"Fort St. Kingston",,"-58.1638","6.8232",,"Georgetown",1/17/2006 0:00:00,12/30/1899 9:40:00,"D- Property Damage","F- Driver",38.00,"Male","J- Minibus;N- Pickup","S- Driver's Negligence",2.00
9640,37500.00,"4- Demerara- Mahaica",,"Fort St. Kingston",,"-58.1638","6.8232",,"Georgetown",1/17/2006 0:00:00,12/30/1899 10:25:00,"D- Property Damage","F- Driver",62.00,"Male","J- Minibus;N- Pickup","S- Driver's Negligence",2.00
9641,37501.00,"4- Demerara- Mahaica",,"Regent & New Garden St.",,"-58.1512","6.8068",,"Georgetown",1/18/2006 0:00:00,12/30/1899 21:10:00,"D- Property Damage","F- Driver",34.00,"Male","J- Minibus","S- Driver's Negligence",2.00
9642,37502.00,"4- Demerara- Mahaica",,"Cummings & Charlotte St.",,"-58.1568","6.8083",,"Georgetown",1/19/2006 0:00:00,12/30/1899 10:40:00,"D- Property Damage","F- Driver",47.00,"Female","K- Private Cars;L- Lorries Van","S- Driver's Negligence",2.00
9643,37503.00,"4- Demerara- Mahaica",,"Camp & Robb St.",,"-58.1606","6.8111",,"Georgetown",1/19/2006 0:00:00,12/30/1899 3:30:00,"D- Property Damage","F- Driver",42.00,"Male","K- Private Cars;M- Hire Cars","S- Driver's Negligence",2.00
9644,37504.00,"4- Demerara- Mahaica",,"Ave. Of The Republic",,"-58.1651","6.8117",,"Georgetown",1/19/2006 0:00:00,12/30/1899 0:10:00,"D- Property Damage",,29.00,"Male","J- Minibus;K- Private Cars","S- Driver's Negligence",2.00
9645,37505.00,"4- Demerara- Mahaica",,"Young St.",,"-58.1600","6.8234",,"Georgetown",1/20/2006 0:00:00,12/30/1899 1:00:00,"D- Property Damage","F- Driver",25.00,"Male","K- Private Cars;M- Hire Cars","S- Driver's Negligence",2.00
9646,37506.00,"4- Demerara- Mahaica",,"Regent & Cummings St.",,"-58.1566","6.8092",,"Georgetown",1/20/2006 0:00:00,12/30/1899 9:30:00,"B- Serious Injury","F- Driver",27.00,"Male","K- Private Cars","T-Pedestrian's Negligence",2.00
9647,37507.00,"4- Demerara- Mahaica",,"Regent & Light St.",,"-58.1552","6.8087",,"Georgetown",1/20/2006 0:00:00,12/30/1899 12:45:00,"C- Minor Injury","F- Driver",,"Male","M- Hire Cars;V-Motor Cycle","S- Driver's Negligence",2.00
9648,37508.00,"4- Demerara- Mahaica",,"Lamaha & Albert St.",,"-58.1515","6.8167",,"Georgetown",1/21/2006 0:00:00,12/30/1899 11:45:00,"D- Property Damage","F- Driver",44.00,"Male","K- Private Cars;N- Pickup","S- Driver's Negligence",2.00
9649,37509.00,"4- Demerara- Mahaica",,"Carifesta Ave.",,"-58.1483","6.8240",,"Georgetown",1/21/2006 0:00:00,12/30/1899 13:40:00,"D- Property Damage","F- Driver",39.00,"Male","J- Minibus;N- Pickup","S- Driver's Negligence",2.00
9650,37510.00,"4- Demerara- Mahaica",,"Irving & Crown St.",,"-58.1494","6.8132",,"Georgetown",1/21/2006 0:00:00,12/30/1899 13:30:00,"D- Property Damage","E- Pedestrian",37.00,"Male","K- Private Cars;L- Lorries Van","S- Driver's Negligence",2.00
9651,37511.00,"4- Demerara- Mahaica",,"Camp & Carifesta Ave.",,"-58.1572","6.8226",,"Georgetown",1/19/2006 0:00:00,12/30/1899 17:45:00,"D- Property Damage","F- Driver",39.00,"Male","K- Private Cars","S- Driver's Negligence",2.00
9652,37512.00,"4- Demerara- Mahaica",,"Durban & Louisa Row",,"-58.1575","6.8041",,"Georgetown",1/21/2006 0:00:00,12/30/1899 13:45:00,"D- Property Damage","F- Driver",22.00,"Male","M- Hire Cars","S- Driver's Negligence",2.00
9653,37513.00,"4- Demerara- Mahaica",,"Norton & Hardina St.",,"-58.1556","6.8027",,"Georgetown",1/21/2006 0:00:00,12/30/1899 17:45:00,"D- Property Damage","F- Driver",63.00,"Male","K- Private Cars;V-Motor Cycle","S- Driver's Negligence",2.00
9654,37514.00,"4- Demerara- Mahaica",,"Croal St.",,"-58.1581","6.8076",,"Georgetown",1/24/2006 0:00:00,12/30/1899 15:30:00,"D- Property Damage","F- Driver",43.00,"Male","K- Private Cars","S- Driver's Negligence",2.00
9655,37515.00,"4- Demerara- Mahaica",,"Main & Lamaha St.",,"-58.1633","6.8199",,"Georgetown",1/24/2006 0:00:00,12/30/1899 17:00:00,"D- Property Damage","F- Driver",33.00,"Male","J- Minibus","S- Driver's Negligence",3.00
9656,37516.00,"4- Demerara- Mahaica",,"Durban & Halley St.",,"-58.1522","6.8027",,"Georgetown",1/24/2006 0:00:00,12/30/1899 13:30:00,"B- Serious Injury","F- Driver",,"Male","J- Minibus","S- Driver's Negligence",2.00
9657,37517.00,"4- Demerara- Mahaica",,"Hadfield & Lime St.",,"-58.1584","6.8062",,"Georgetown",1/25/2006 0:00:00,12/30/1899 10:05:00,"C- Minor Injury","F- Driver",27.00,"Female","M- Hire Cars","S- Driver's Negligence",2.00