"ID","Accident ID","Region Number","Corridor ID","Location (Intersection/Road/Street)","Corridor","Location- longitude/ X","Location- latitude/  Y","Mile Marker","Village","Date of Accident","Time of Accident","Type of Accident","Class of Road User","Age/DOB","Gender","Class of Vehicles Involved","Contributing Factor","Number of Persons Involved"
9658,37518.00,"4- Demerara- Mahaica",,"Young & High St.",,"-58.1622","6.8241",,"Georgetown",1/25/2006 0:00:00,12/30/1899 9:30:00,"D- Property Damage","F- Driver",45.00,"Male","K- Private Cars","S- Driver's Negligence",2.00
9659,37519.00,"4- Demerara- Mahaica",,"Camp & Church St.",,"-58.1601","6.8122",,"Georgetown",1/26/2006 0:00:00,12/30/1899 21:05:00,"D- Property Damage","F- Driver",29.00,"Male","K- Private Cars","S- Driver's Negligence",2.00
9660,37520.00,"4- Demerara- Mahaica",,"Regent St.",,"-58.1604","6.8102",,"Georgetown",1/26/2006 0:00:00,12/30/1899 9:30:00,"D- Property Damage","F- Driver",25.00,"Male","K- Private Cars;M- Hire Cars","S- Driver's Negligence",2.00
9661,37521.00,"4- Demerara- Mahaica",,"Main & Quamina St.",,"-58.1647","6.8151",,"Georgetown",1/25/2006 0:00:00,12/30/1899 15:00:00,"D- Property Damage","F- Driver",22.00,"Male","K- Private Cars;M- Hire Cars;N- Pickup","S- Driver's Negligence",2.00
9662,37522.00,"4- Demerara- Mahaica",,"Church & New Garden St.",,"-58.1504","6.8096",,"Georgetown",1/26/2006 0:00:00,12/30/1899 14:10:00,"C- Minor Injury","F- Driver",,"Male","K- Private Cars;V-Motor Cycle","S- Driver's Negligence",2.00
9663,37523.00,"4- Demerara- Mahaica",,"Regent St.",,"-58.1604","6.8102",,"Georgetown",1/27/2006 0:00:00,12/30/1899 12:30:00,"D- Property Damage","F- Driver",30.00,"Male","J- Minibus;M- Hire Cars","S- Driver's Negligence",2.00
9664,37524.00,"4- Demerara- Mahaica",,"Church St.",,"-58.1574","6.8114",,"Georgetown",1/30/2006 0:00:00,12/30/1899 1:30:00,"D- Property Damage","F- Driver",19.00,"Male","K- Private Cars;M- Hire Cars","S- Driver's Negligence",2.00
9665,37525.00,"4- Demerara- Mahaica",,"Regent & Orange Walk",,"-58.1575","6.8094",,"Georgetown",1/30/2006 0:00:00,12/30/1899 11:30:00,"D- Property Damage","F- Driver",38.00,"Female","J- Minibus;K- Private Cars","S- Driver's Negligence",2.00
9666,37526.00,"4- Demerara- Mahaica",,"Regent St.",,"-58.1604","6.8102",,"Georgetown",1/30/2006 0:00:00,12/30/1899 19:00:00,"D- Property Damage","F- Driver",28.00,"Male","K- Private Cars;V-Motor Cycle","S- Driver's Negligence",2.00
9667,37527.00,"4- Demerara- Mahaica",,"Thomas Lands",,"-58.1505","6.8202",,"Georgetown",2/1/2006 0:00:00,12/30/1899 12:15:00,"D- Property Damage","F- Driver",33.00,"Male","K- Private Cars;M- Hire Cars","S- Driver's Negligence",2.00
9668,37528.00,"4- Demerara- Mahaica",,"Camp & Princess St.",,"-58.1624","6.8035",,"Georgetown",2/6/2006 0:00:00,12/30/1899 10:15:00,"D- Property Damage","F- Driver",19.00,"Male","K- Private Cars","S- Driver's Negligence",2.00
9669,37529.00,"4- Demerara- Mahaica",,"Main & Bentick St.",,"-58.1644","6.8170",,"Georgetown",2/5/2006 0:00:00,12/30/1899 20:45:00,"D- Property Damage","F- Driver",37.00,"Male","K- Private Cars;M- Hire Cars","S- Driver's Negligence",2.00
9670,37530.00,"4- Demerara- Mahaica",,"Water & Harel St.",,"-58.1680","6.8070",,"Georgetown",2/6/2006 0:00:00,12/30/1899 15:20:00,"D- Property Damage","F- Driver",39.00,"Male","J- Minibus","S- Driver's Negligence",2.00
9671,37531.00,"4- Demerara- Mahaica",,"Croal St.",,"-58.1581","6.8076",,"Georgetown",2/6/2006 0:00:00,12/30/1899 17:00:00,"D- Property Damage","F- Driver",51.00,"Male","J- Minibus","S- Driver's Negligence",2.00
9672,37532.00,"4- Demerara- Mahaica",,"Robb & Albert St.",,"-58.1535","6.8092",,"Georgetown",2/8/2006 0:00:00,12/30/1899 9:45:00,"D- Property Damage","F- Driver",34.00,"Male","L- Lorries Van;M- Hire Cars","S- Driver's Negligence",2.00
9673,37533.00,"4- Demerara- Mahaica",,"Albert St.",,"-58.1527","6.8123",,"Georgetown",2/9/2006 0:00:00,12/30/1899 15:50:00,"D- Property Damage","F- Driver",30.00,"Male","J- Minibus;K- Private Cars","S- Driver's Negligence",2.00
9674,37534.00,"4- Demerara- Mahaica",,"Regent & Ave. Of The Republic",,"-58.1653","6.8115",,"Georgetown",2/12/2006 0:00:00,12/30/1899 9:40:00,"D- Property Damage","F- Driver",25.00,"Male","K- Private Cars","S- Driver's Negligence",2.00
9675,37535.00,"4- Demerara- Mahaica",,"Main St.",,"-58.1276","6.8221",,"Georgetown",2/11/2006 0:00:00,,"D- Property Damage","F- Driver",31.00,"Male","K- Private Cars","S- Driver's Negligence",3.00
9676,37536.00,"4- Demerara- Mahaica",,"Main & Quamina St.",,"-58.1647","6.8151",,"Georgetown",2/13/2006 0:00:00,12/30/1899 14:15:00,"D- Property Damage","F- Driver",55.00,"Male","K- Private Cars","S- Driver's Negligence",2.00
9677,37537.00,"4- Demerara- Mahaica",,"Brickdam & Chalmers Pl.",,"-58.1583","6.8069",,"Georgetown",2/14/2006 0:00:00,12/30/1899 7:45:00,"C- Minor Injury","F- Driver",52.00,"Male","J- Minibus;K- Private Cars","S- Driver's Negligence",2.00
9678,37538.00,"4- Demerara- Mahaica",,"Croal St.",,"-58.1581","6.8076",,"Georgetown",2/13/2006 0:00:00,12/30/1899 16:00:00,"D- Property Damage","F- Driver",36.00,"Male","J- Minibus;M- Hire Cars","S- Driver's Negligence",2.00
9679,37539.00,"4- Demerara- Mahaica",,"High St.",,"-58.1669","6.8063",,"Georgetown",2/13/2006 0:00:00,12/30/1899 16:45:00,"D- Property Damage","F- Driver",30.00,"Male","J- Minibus;K- Private Cars","S- Driver's Negligence",2.00
9680,37540.00,"4- Demerara- Mahaica",,"Main St.",,"-58.1276","6.8221",,"Georgetown",2/13/2006 0:00:00,12/30/1899 17:00:00,"D- Property Damage","F- Driver",55.00,"Male","M- Hire Cars;N- Pickup","S- Driver's Negligence",2.00
9681,37541.00,"4- Demerara- Mahaica",,"King & Charlotte St.",,"-58.1643","6.8103",,"Georgetown",2/14/2006 0:00:00,12/30/1899 12:05:00,"D- Property Damage","F- Driver",47.00,"Male","J- Minibus;K- Private Cars","S- Driver's Negligence",2.00
9682,37542.00,"4- Demerara- Mahaica",,"Camp St.",,"-58.1600","6.8137",,"Georgetown",2/15/2006 0:00:00,12/30/1899 8:45:00,"B- Serious Injury","F- Driver",30.00,"Male","J- Minibus;K- Private Cars;W-Pedal Cycle","S- Driver's Negligence",2.00
9683,37543.00,"4- Demerara- Mahaica",,"Main & New Market St.",,"-58.1638","6.8183",,"Georgetown",2/15/2006 0:00:00,12/30/1899 12:20:00,"D- Property Damage","F- Driver",28.00,"Male","K- Private Cars","S- Driver's Negligence",2.00
9684,37544.00,"4- Demerara- Mahaica",,"Durban & Haley St.",,"-58.1522","6.8027",,"Georgetown",2/15/2006 0:00:00,12/30/1899 17:30:00,"A- Fatal","E- Pedestrian",42.00,"Male","V-Motor Cycle","T-Pedestrian's Negligence",2.00
9685,37545.00,"4- Demerara- Mahaica",,"Durban & Lime St.",,"-58.1588","6.8045",,"Georgetown",2/17/2006 0:00:00,,"C- Minor Injury","F- Driver",46.00,"Male","J- Minibus;V-Motor Cycle","S- Driver's Negligence",2.00
9686,37546.00,"4- Demerara- Mahaica",,"Lime St.",,"-58.1586","6.8050",,"Georgetown",2/18/2006 0:00:00,12/30/1899 10:45:00,"D- Property Damage","F- Driver",31.00,"Male","J- Minibus;M- Hire Cars","S- Driver's Negligence",2.00
9687,37547.00,"4- Demerara- Mahaica",,"High & Durban",,"-58.1667","6.8065",,"Georgetown",2/21/2006 0:00:00,12/30/1899 16:30:00,"C- Minor Injury","G- Rider",15.00,"Male","J- Minibus;W-Pedal Cycle","U- Cyclist's Negligence",2.00
9688,37548.00,"4- Demerara- Mahaica",,"Lamaha St.",,"-58.1564","6.8181",,"Georgetown",2/22/2006 0:00:00,12/30/1899 12:00:00,"D- Property Damage","F- Driver",22.00,"Male","K- Private Cars;N- Pickup","S- Driver's Negligence",2.00
9689,37549.00,"4- Demerara- Mahaica",,"Wight's Lane & Fort St. Kingston",,"-58.1635","6.8243",,"Georgetown",2/22/2006 0:00:00,12/30/1899 11:30:00,"D- Property Damage","F- Driver",32.00,"Male","M- Hire Cars;N- Pickup","S- Driver's Negligence",2.00
9690,37550.00,"4- Demerara- Mahaica",,"South Rd.",,"-58.1586","6.8079",,"Georgetown",2/24/2006 0:00:00,12/30/1899 10:30:00,"D- Property Damage","F- Driver",29.00,"Male","K- Private Cars;M- Hire Cars","S- Driver's Negligence",2.00
9691,37551.00,"4- Demerara- Mahaica",,"Ave. Of The Republic & Croal St.",,"-58.1658","6.8097",,"Georgetown",2/24/2006 0:00:00,12/30/1899 12:45:00,"D- Property Damage","F- Driver",27.00,"Male","K- Private Cars;L- Lorries Van","S- Driver's Negligence",2.00
9692,37552.00,"4- Demerara- Mahaica",,"Church St.",,"-58.1574","6.8114",,"Georgetown",2/23/2006 0:00:00,12/30/1899 17:30:00,"C- Minor Injury","F- Driver",,"Female","V-Motor Cycle","U- Cyclist's Negligence",2.00
9693,37553.00,"4- Demerara- Mahaica",,"Camp St.",,"-58.1600","6.8137",,"Georgetown",2/24/2006 0:00:00,12/30/1899 19:30:00,"C- Minor Injury","G- Rider",62.00,"Female","V-Motor Cycle",,5.00
9694,37554.00,"4- Demerara- Mahaica",,"Durban St.",,"-58.1526","6.8028",,"Georgetown",2/28/2006 0:00:00,12/30/1899 17:05:00,"B- Serious Injury","F- Driver",38.00,"Male","M- Hire Cars;N- Pickup","S- Driver's Negligence",2.00
9695,37555.00,"4- Demerara- Mahaica",,"Main & New Market St.",,"-58.1638","6.8183",,"Georgetown",2/26/2006 0:00:00,12/30/1899 10:30:00,"D- Property Damage","F- Driver",67.00,"Male","K- Private Cars","S- Driver's Negligence",2.00
9696,37556.00,"4- Demerara- Mahaica",,"Camp & Regent St.",,"-58.1608","6.8103",,"Georgetown",2/28/2006 0:00:00,12/30/1899 13:15:00,"D- Property Damage","F- Driver",53.00,"Male","K- Private Cars;M- Hire Cars","S- Driver's Negligence",2.00
9697,37557.00,"4- Demerara- Mahaica",,"Regent St.",,"-58.1604","6.8102",,"Georgetown",2/28/2006 0:00:00,12/30/1899 18:15:00,"D- Property Damage","F- Driver",52.00,"Male","J- Minibus;M- Hire Cars","S- Driver's Negligence",2.00
9698,37558.00,"4- Demerara- Mahaica",,"Cornhill St.",,"-58.1574","6.8046",,"Georgetown",2/1/2006 0:00:00,12/30/1899 14:00:00,"D- Property Damage","F- Driver",26.00,"Male","M- Hire Cars","S- Driver's Negligence",2.00
9699,37559.00,"4- Demerara- Mahaica",,"Brickdam Rd.",,"-58.1552","6.8061",,"Georgetown",3/1/2006 0:00:00,12/30/1899 15:15:00,"C- Minor Injury","F- Driver",56.00,"Male","K- Private Cars","S- Driver's Negligence",2.00
9700,37560.00,"4- Demerara- Mahaica",,"Regent St.",,"-58.1604","6.8102",,"Georgetown",2/17/2006 0:00:00,12/30/1899 12:00:00,"D- Property Damage","F- Driver",47.00,"Male","J- Minibus","S- Driver's Negligence",2.00
9701,37561.00,"4- Demerara- Mahaica",,"Louisa Row",,"-58.1575","6.8045",,"Georgetown",2/3/2006 0:00:00,12/30/1899 12:30:00,"D- Property Damage","F- Driver",55.00,"Male","K- Private Cars","S- Driver's Negligence",2.00
9702,37562.00,"4- Demerara- Mahaica",,"Hadfield & Smyth St.",,"-58.1637","6.8075",,"Georgetown",3/4/2006 0:00:00,12/30/1899 11:45:00,"D- Property Damage","F- Driver",75.00,"Male","N- Pickup","S- Driver's Negligence",2.00
9703,37563.00,"4- Demerara- Mahaica",,"Croal St.",,"-58.1581","6.8076",,"Georgetown",3/4/2006 0:00:00,12/30/1899 7:00:00,"D- Property Damage","F- Driver",34.00,"Male","J- Minibus;M- Hire Cars","S- Driver's Negligence",2.00
9704,37564.00,"4- Demerara- Mahaica",,"Regent & Cummings St.",,"-58.1566","6.8092",,"Georgetown",3/4/2006 0:00:00,12/30/1899 11:00:00,"C- Minor Injury","F- Driver",55.00,"Female","J- Minibus;V-Motor Cycle","S- Driver's Negligence",2.00
9705,37565.00,"4- Demerara- Mahaica",,"Hadfield St.",,"-58.1650","6.8079",,"Georgetown",3/7/2006 0:00:00,12/30/1899 14:30:00,"C- Minor Injury","F- Driver",,"Male","N- Pickup;V-Motor Cycle","S- Driver's Negligence",2.00
9706,37566.00,"4- Demerara- Mahaica",,"Waterloo St.",,"-58.1612","6.8154",,"Georgetown",3/9/2006 0:00:00,12/30/1899 9:15:00,"C- Minor Injury","F- Driver",33.00,"Male","J- Minibus;K- Private Cars","S- Driver's Negligence",2.00
9707,37567.00,"4- Demerara- Mahaica",,"Church St.",,"-58.1574","6.8114",,"Georgetown",3/8/2006 0:00:00,12/30/1899 17:15:00,"D- Property Damage","F- Driver",,"Female","K- Private Cars","S- Driver's Negligence",1.00
9708,37568.00,"4- Demerara- Mahaica",,"Regent St.",,"-58.1604","6.8102",,"Georgetown",3/6/2006 0:00:00,12/30/1899 8:30:00,"D- Property Damage","F- Driver",45.00,"Male","J- Minibus;K- Private Cars","S- Driver's Negligence",2.00
9709,37569.00,"4- Demerara- Mahaica",,"George St.",,"-58.1628","6.8054",,"Georgetown",3/8/2006 0:00:00,12/30/1899 8:45:00,"D- Property Damage","G- Rider",43.00,"Female","K- Private Cars;V-Motor Cycle","U- Cyclist's Negligence",2.00
9710,37570.00,"4- Demerara- Mahaica",,"Main & Lamaha St.",,"-58.1633","6.8199",,"Georgetown",3/10/2006 0:00:00,12/30/1899 18:30:00,"D- Property Damage","F- Driver",40.00,"Male","J- Minibus;N- Pickup","S- Driver's Negligence",2.00
9711,37571.00,"4- Demerara- Mahaica",,"North Rd. & Cummings St.",,"-58.1562","6.8107",,"Georgetown",3/11/2006 0:00:00,12/30/1899 3:45:00,"D- Property Damage","F- Driver",29.00,"Male","M- Hire Cars;N- Pickup","S- Driver's Negligence",2.00
9712,37572.00,"4- Demerara- Mahaica",,"Regent & Light St.",,"-58.1552","6.8087",,"Georgetown",3/12/2006 0:00:00,12/30/1899 17:30:00,"B- Serious Injury","F- Driver",30.00,"Male","J- Minibus;V-Motor Cycle","S- Driver's Negligence",2.00
9713,37573.00,"4- Demerara- Mahaica",,"Camp & Lamaha St.",,"-58.1584","6.8186",,"Georgetown",3/14/2006 0:00:00,12/30/1899 14:30:00,"D- Property Damage","F- Driver",39.00,"Male","J- Minibus;M- Hire Cars","S- Driver's Negligence",2.00
9714,37574.00,"4- Demerara- Mahaica",,"Main & Lamaha St.",,"-58.1633","6.8199",,"Georgetown",3/16/2006 0:00:00,12/30/1899 14:15:00,"D- Property Damage","F- Driver",50.00,"Male","L- Lorries Van;M- Hire Cars","S- Driver's Negligence",2.00
9715,37575.00,"4- Demerara- Mahaica",,"Alexander St.",,"-58.1592","6.8102",,"Georgetown",3/16/2006 0:00:00,12/30/1899 11:00:00,"D- Property Damage","F- Driver",35.00,"Male","J- Minibus;N- Pickup","S- Driver's Negligence",2.00
9716,37576.00,"4- Demerara- Mahaica",,"Regent & Cummings ST.",,"-58.1566","6.8092",,"Georgetown",3/17/2006 0:00:00,12/30/1899 12:30:00,"B- Serious Injury","G- Rider",32.00,"Male","V-Motor Cycle","U- Cyclist's Negligence",2.00
9717,37577.00,"4- Demerara- Mahaica",,"John & Norton St.",,"-58.1566","6.7987",,"Georgetown",3/17/2006 0:00:00,12/30/1899 17:30:00,"B- Serious Injury","G- Rider",50.00,"Male","V-Motor Cycle","U- Cyclist's Negligence",2.00
9718,37578.00,"4- Demerara- Mahaica",,"Croal & Camp St.",,"-58.1613","6.8084",,"Georgetown",3/16/2006 0:00:00,12/30/1899 14:30:00,"D- Property Damage","F- Driver",30.00,"Male","J- Minibus;M- Hire Cars","S- Driver's Negligence",2.00
9719,37579.00,"4- Demerara- Mahaica",,"Camp & Middle St.",,"-58.1599","6.8138",,"Georgetown",3/17/2006 0:00:00,12/30/1899 14:30:00,"D- Property Damage","F- Driver",34.00,"Male","J- Minibus;M- Hire Cars","S- Driver's Negligence",2.00
9720,37580.00,"4- Demerara- Mahaica",,"Brickdam Police Camp",,"-58.1552","6.8061",,"Georgetown",3/19/2006 0:00:00,12/30/1899 3:15:00,"D- Property Damage","F- Driver",,,"K- Private Cars",,1.00
9721,37581.00,"4- Demerara- Mahaica",,"Cornhill & Brickdam Rd.",,"-58.1572","6.8066",,"Georgetown",3/19/2006 0:00:00,12/30/1899 16:00:00,"D- Property Damage","F- Driver",45.00,"Male","M- Hire Cars","S- Driver's Negligence",2.00
9722,37582.00,"4- Demerara- Mahaica",,"Woolford Ave.",,"-58.1525","6.8182",,"Georgetown",3/20/2006 0:00:00,12/30/1899 15:20:00,"D- Property Damage","F- Driver",43.00,"Male","K- Private Cars;L- Lorries Van;M- Hire Cars","S- Driver's Negligence",3.00
9723,37583.00,"4- Demerara- Mahaica",,"Camp St.",,"-58.1600","6.8137",,"Georgetown",3/8/2006 0:00:00,12/30/1899 12:30:00,"D- Property Damage","F- Driver",38.00,"Male","L- Lorries Van","S- Driver's Negligence",2.00
9724,37584.00,"4- Demerara- Mahaica",,"North Rd.",,"-58.1575","6.8110",,"Georgetown",3/21/2006 0:00:00,12/30/1899 8:40:00,"D- Property Damage","F- Driver",51.00,"Male","K- Private Cars;N- Pickup","S- Driver's Negligence",2.00
9725,37585.00,"4- Demerara- Mahaica",,"Ave. Of The Republic & Croal St.",,"-58.1658","6.8097",,"Georgetown",3/21/2006 0:00:00,12/30/1899 13:50:00,"D- Property Damage","F- Driver",29.00,"Male","J- Minibus;N- Pickup","S- Driver's Negligence",2.00
9726,37586.00,"4- Demerara- Mahaica",,"Vlissengen Rd & Croal St.",,"-58.1658","6.8097",,"Georgetown",3/21/2006 0:00:00,12/30/1899 14:35:00,"D- Property Damage","F- Driver",26.00,"Male","N- Pickup","S- Driver's Negligence",2.00
9727,37587.00,"4- Demerara- Mahaica",,"Longden St.",,"-58.1666","6.8107",,"Georgetown",3/22/2006 0:00:00,12/30/1899 15:15:00,"D- Property Damage","F- Driver",37.00,"Male","J- Minibus","S- Driver's Negligence",2.00
9728,37588.00,"4- Demerara- Mahaica",,"Lamaha St.",,"-58.1527","6.8170",,"Georgetown",3/21/2006 0:00:00,12/30/1899 14:10:00,"C- Minor Injury","F- Driver",45.00,"Male","J- Minibus","S- Driver's Negligence",2.00
9729,37589.00,"4- Demerara- Mahaica",,"Durban & Halley St.",,"-58.1522","6.8027",,"Georgetown",3/23/2006 0:00:00,12/30/1899 14:40:00,"D- Property Damage","F- Driver",25.00,"Male","K- Private Cars;V-Motor Cycle","S- Driver's Negligence",2.00
9730,37590.00,"4- Demerara- Mahaica",,"Ave. Of The Republic",,"-58.1651","6.8117",,"Georgetown",3/23/2006 0:00:00,12/30/1899 12:15:00,"D- Property Damage","F- Driver",39.00,"Male","J- Minibus;M- Hire Cars","S- Driver's Negligence",2.00
9731,37591.00,"4- Demerara- Mahaica",,"Ave. Of The Republic & Croal St.",,"-58.1658","6.8097",,"Georgetown",3/23/2006 0:00:00,12/30/1899 14:00:00,"D- Property Damage","F- Driver",30.00,"Male","K- Private Cars;M- Hire Cars","S- Driver's Negligence",2.00
9732,37592.00,"4- Demerara- Mahaica",,"Camp & North Rd.",,"-58.1604","6.8118",,"Georgetown",3/24/2006 0:00:00,12/30/1899 11:45:00,"C- Minor Injury","F- Driver",49.00,"Male","K- Private Cars;V-Motor Cycle","S- Driver's Negligence",2.00
9733,37593.00,"4- Demerara- Mahaica",,"Regent & Alexander St.",,"-58.1593","6.8099",,"Georgetown",3/24/2006 0:00:00,12/30/1899 9:50:00,"D- Property Damage","F- Driver",27.00,"Male","J- Minibus;M- Hire Cars","S- Driver's Negligence",2.00
9734,37594.00,"4- Demerara- Mahaica",,"Camp & Lamaha St.",,"-58.1584","6.8186",,"Georgetown",3/26/2006 0:00:00,12/30/1899 12:10:00,"D- Property Damage","F- Driver",45.00,"Male","J- Minibus;N- Pickup","S- Driver's Negligence",2.00
9735,37595.00,"4- Demerara- Mahaica",,"Lamaha St.",,"-58.1527","6.8170",,"Georgetown",3/26/2006 0:00:00,12/30/1899 16:15:00,"C- Minor Injury","F- Driver",53.00,"Male","N- Pickup","S- Driver's Negligence",2.00
9736,37596.00,"4- Demerara- Mahaica",,"Main St.",,"-58.1276","6.8221",,"Georgetown",3/24/2006 0:00:00,12/30/1899 22:15:00,"D- Property Damage","F- Driver",42.00,"Male","J- Minibus;N- Pickup","S- Driver's Negligence",3.00
9737,37597.00,"4- Demerara- Mahaica",,"Regent & Albert St.",,"-58.1538","6.8084",,"Georgetown",3/25/2006 0:00:00,,"B- Serious Injury","F- Driver",21.00,"Male","K- Private Cars;V-Motor Cycle","S- Driver's Negligence",2.00
9738,37598.00,"4- Demerara- Mahaica",,"Battery Rd. & High St.",,"-58.1664","6.8070",,"Georgetown",8/24/2006 0:00:00,12/30/1899 11:45:00,"D- Property Damage","F- Driver",38.00,"Male","K- Private Cars","S- Driver's Negligence",2.00
9739,37599.00,"4- Demerara- Mahaica",,"First St. Alberttown",,"-58.1524","6.8159",,"Georgetown",8/25/2006 0:00:00,12/30/1899 10:30:00,"D- Property Damage","F- Driver",26.00,"Male","J- Minibus","S- Driver's Negligence",2.00
9740,37600.00,"4- Demerara- Mahaica",,"Brickdam & Chalmers Pl.",,"-58.1583","6.8069",,"Georgetown",8/25/2006 0:00:00,12/30/1899 14:30:00,"B- Serious Injury","F- Driver",37.00,"Male","N- Pickup;V-Motor Cycle","S- Driver's Negligence",2.00
9741,37601.00,"4- Demerara- Mahaica",,"Camp & Quamina St.",,"-58.1599","6.8138",,"Georgetown",8/25/2006 0:00:00,12/30/1899 17:55:00,"A- Fatal","F- Driver",23.00,"Male","K- Private Cars;V-Motor Cycle","P- Speeding",2.00
9742,37602.00,"4- Demerara- Mahaica",,"Cornhill & Brickdam St.",,"-58.1572","6.8066",,"Georgetown",8/26/2006 0:00:00,12/30/1899 15:55:00,"D- Property Damage","F- Driver",31.00,"Male","J- Minibus;K- Private Cars","S- Driver's Negligence",2.00
9743,37603.00,"4- Demerara- Mahaica",,"Homestretch Ave. & Vlissengen Rd.",,"-58.1508","6.8058",,"Georgetown",8/26/2006 0:00:00,12/30/1899 17:45:00,"C- Minor Injury","F- Driver",33.00,"Male","K- Private Cars;N- Pickup","S- Driver's Negligence",2.00
9744,37604.00,"4- Demerara- Mahaica",,"Vlissengen Rd.",,"-58.1474","6.8108",,"Georgetown",8/27/2006 0:00:00,12/30/1899 18:25:00,"B- Serious Injury","F- Driver",28.00,"Male","K- Private Cars","S- Driver's Negligence",2.00
9745,37605.00,"4- Demerara- Mahaica",,"Camp & Church St.",,"-58.1601","6.8122",,"Georgetown",8/29/2006 0:00:00,12/30/1899 13:35:00,"D- Property Damage","F- Driver",41.00,"Male","K- Private Cars","S- Driver's Negligence",2.00
9746,37606.00,"4- Demerara- Mahaica",,"Ave. Of The Republic",,"-58.1651","6.8117",,"Georgetown",8/30/2006 0:00:00,12/30/1899 14:05:00,"D- Property Damage","F- Driver",27.00,"Male","K- Private Cars;L- Lorries Van","S- Driver's Negligence",2.00
9747,37607.00,"4- Demerara- Mahaica",,"Robb & Light St.",,"-58.1549","6.8095",,"Georgetown",9/1/2006 0:00:00,12/30/1899 9:20:00,"A- Fatal","F- Driver",50.00,"Male","L- Lorries Van;N- Pickup","S- Driver's Negligence",2.00
9748,37608.00,"4- Demerara- Mahaica",,"Robb St.",,"-58.1599","6.8109",,"Georgetown",9/1/2006 0:00:00,12/30/1899 21:30:00,"D- Property Damage","F- Driver",45.00,"Male","J- Minibus;L- Lorries Van","S- Driver's Negligence",2.00
9749,37609.00,"4- Demerara- Mahaica",,"Camp & Brickdam St.",,"-58.1615","6.8077",,"Georgetown",9/4/2006 0:00:00,12/30/1899 16:30:00,"D- Property Damage","F- Driver",42.00,"Male","J- Minibus;K- Private Cars","S- Driver's Negligence",2.00
9750,37610.00,"4- Demerara- Mahaica",,"Robb & Albert St.",,"-58.1535","6.8092",,"Georgetown",9/4/2006 0:00:00,12/30/1899 13:10:00,"D- Property Damage","F- Driver",42.00,"Male","L- Lorries Van;M- Hire Cars","S- Driver's Negligence",2.00
9751,37611.00,"4- Demerara- Mahaica",,"Camp St. & Eve Leary",,"-58.1578","6.8209",,"Georgetown",9/5/2006 0:00:00,12/30/1899 11:00:00,"D- Property Damage","F- Driver",31.00,"Male","J- Minibus;K- Private Cars","S- Driver's Negligence",2.00
9752,37612.00,"4- Demerara- Mahaica",,"Church St.",,"-58.1574","6.8114",,"Georgetown",9/7/2006 0:00:00,12/30/1899 9:00:00,"D- Property Damage","F- Driver",33.00,"Male","K- Private Cars","S- Driver's Negligence",2.00
9753,37613.00,"4- Demerara- Mahaica",,"Regent St.",,"-58.1604","6.8102",,"Georgetown",9/7/2006 0:00:00,12/30/1899 19:30:00,"D- Property Damage","F- Driver",65.00,"Male","M- Hire Cars","S- Driver's Negligence",2.00
9754,37614.00,"4- Demerara- Mahaica",,"Charlotte & Camp St.",,"-58.1610","6.8094",,"Georgetown",9/8/2006 0:00:00,12/30/1899 11:00:00,"D- Property Damage","F- Driver",27.00,"Male","N- Pickup;V-Motor Cycle","S- Driver's Negligence",2.00
9755,37615.00,"4- Demerara- Mahaica",,"King St. & South Rd.",,"-58.1645","6.8096",,"Georgetown",9/8/2006 0:00:00,12/30/1899 14:00:00,"D- Property Damage","F- Driver",46.00,"Male","J- Minibus;K- Private Cars","S- Driver's Negligence",2.00
9756,37616.00,"4- Demerara- Mahaica",,"Croal St.",,"-58.1581","6.8076",,"Georgetown",9/9/2006 0:00:00,12/30/1899 14:00:00,"D- Property Damage","F- Driver",36.00,"Male","J- Minibus","S- Driver's Negligence",2.00
9757,37617.00,"4- Demerara- Mahaica",,"Camp & Regent St.",,"-58.1608","6.8103",,"Georgetown",9/10/2006 0:00:00,12/30/1899 0:30:00,"D- Property Damage","F- Driver",34.00,"Male","K- Private Cars;V-Motor Cycle","S- Driver's Negligence",2.00
9758,37618.00,"4- Demerara- Mahaica",,"Regent St.",,"-58.1604","6.8102",,"Georgetown",9/11/2006 0:00:00,12/30/1899 13:30:00,"C- Minor Injury","F- Driver",46.00,"Male","M- Hire Cars;V-Motor Cycle","S- Driver's Negligence",2.00
9759,37619.00,"4- Demerara- Mahaica",,"Peter Rose & Anira St.",,"-58.1477","6.8146",,"Georgetown",9/11/2006 0:00:00,12/30/1899 23:30:00,"C- Minor Injury","F- Driver",23.00,"Male","J- Minibus;V-Motor Cycle","S- Driver's Negligence",2.00
9760,37620.00,"4- Demerara- Mahaica",,"Croal & Albert St.",,"-58.1542","6.8067",,"Georgetown",9/12/2006 0:00:00,12/30/1899 11:45:00,"D- Property Damage","F- Driver",34.00,"Male","M- Hire Cars","S- Driver's Negligence",2.00
9761,37621.00,"4- Demerara- Mahaica",,"Regent & Light St.",,"-58.1552","6.8087",,"Georgetown",9/13/2006 0:00:00,12/30/1899 3:00:00,"C- Minor Injury","F- Driver",25.00,"Male","K- Private Cars","S- Driver's Negligence",2.00
9762,37622.00,"4- Demerara- Mahaica",,"Lamaha St.",,"-58.1527","6.8170",,"Georgetown",9/13/2006 0:00:00,12/30/1899 10:45:00,"B- Serious Injury","F- Driver",54.00,"Male","K- Private Cars;M- Hire Cars","S- Driver's Negligence",2.00
9763,37623.00,"4- Demerara- Mahaica",,"Norton & Haley St.",,"-58.1524","6.8019",,"Georgetown",9/14/2006 0:00:00,12/30/1899 10:45:00,"D- Property Damage","F- Driver",51.00,"Male","K- Private Cars;V-Motor Cycle","S- Driver's Negligence",2.00