"ID","Accident ID","Region Number","Corridor ID","Location (Intersection/Road/Street)","Corridor","Location- longitude/ X","Location- latitude/  Y","Mile Marker","Village","Date of Accident","Time of Accident","Type of Accident","Class of Road User","Age/DOB","Gender","Class of Vehicles Involved","Contributing Factor","Number of Persons Involved"
9764,37624.00,"4- Demerara- Mahaica",,"Regent St.",,"-58.1604","6.8102",,"Georgetown",9/14/2006 0:00:00,12/30/1899 14:00:00,"D- Property Damage","F- Driver",51.00,"Male","M- Hire Cars;V-Motor Cycle","S- Driver's Negligence",2.00
9765,37625.00,"4- Demerara- Mahaica",,"Lamaha & Albert St.",,"-58.1515","6.8167",,"Georgetown",9/17/2006 0:00:00,12/30/1899 2:00:00,"C- Minor Injury","F- Driver",25.00,"Male","M- Hire Cars;V-Motor Cycle","S- Driver's Negligence",2.00
9766,37626.00,"4- Demerara- Mahaica",,"Quamina & Waterloo St.",,"-58.1614","6.8142",,"Georgetown",9/17/2006 0:00:00,12/30/1899 9:35:00,"B- Serious Injury","F- Driver",33.00,"Male","K- Private Cars;V-Motor Cycle","S- Driver's Negligence",2.00
9767,37627.00,"4- Demerara- Mahaica",,"Brickdam Rd.",,"-58.1552","6.8061",,"Georgetown",9/17/2006 0:00:00,12/30/1899 14:00:00,"D- Property Damage","F- Driver",36.00,"Male","J- Minibus;K- Private Cars","S- Driver's Negligence",2.00
9768,37628.00,"4- Demerara- Mahaica",,"Ave. Of The Republic & Charlotte St.",,"-58.1655","6.8106",,"Georgetown",9/18/2006 0:00:00,12/30/1899 18:40:00,"D- Property Damage","F- Driver",60.00,"Male","J- Minibus;K- Private Cars","S- Driver's Negligence",2.00
9769,37629.00,"4- Demerara- Mahaica",,"Ave. Of The Republic & Charlotte St.",,"-58.1655","6.8106",,"Georgetown",9/18/2006 0:00:00,12/30/1899 20:00:00,"D- Property Damage","F- Driver",49.00,"Male","J- Minibus;K- Private Cars","P- Speeding",2.00
9770,37630.00,"4- Demerara- Mahaica",,"Carmichael St.",,"-58.1629","6.8159",,"Georgetown",9/19/2006 0:00:00,12/30/1899 12:20:00,"D- Property Damage","F- Driver",32.00,"Male","M- Hire Cars;N- Pickup","S- Driver's Negligence",2.00
9771,37631.00,"4- Demerara- Mahaica",,"Ave. Of The Republic & Charlotte St.",,"-58.1655","6.8106",,"Georgetown",9/19/2006 0:00:00,12/30/1899 22:00:00,"B- Serious Injury","G- Rider",23.00,"Female","V-Motor Cycle","U- Cyclist's Negligence",2.00
9772,37632.00,"4- Demerara- Mahaica",,"Lombard St.",,"-58.1675","6.8071",,"Georgetown",9/20/2006 0:00:00,12/30/1899 8:20:00,"D- Property Damage","F- Driver",45.00,"Male","J- Minibus;M- Hire Cars","S- Driver's Negligence",2.00
9773,37633.00,"4- Demerara- Mahaica",,"Camp & Charlotte St.",,"-58.1610","6.8094",,"Georgetown",9/20/2006 0:00:00,12/30/1899 14:30:00,"C- Minor Injury","F- Driver",43.00,"Male","M- Hire Cars;V-Motor Cycle","S- Driver's Negligence",2.00
9774,37634.00,"4- Demerara- Mahaica",,"Wellington & Robb St.",,"-58.1622","6.8115",,"Georgetown",9/20/2006 0:00:00,12/30/1899 19:30:00,"C- Minor Injury","F- Driver",25.00,"Male","J- Minibus;V-Motor Cycle","S- Driver's Negligence",2.00
9775,37635.00,"4- Demerara- Mahaica",,"Croal St.",,"-58.1581","6.8076",,"Georgetown",9/22/2006 0:00:00,12/30/1899 22:00:00,"D- Property Damage","F- Driver",33.00,"Male","J- Minibus;V-Motor Cycle;W-Pedal Cycle","P- Speeding",3.00
9776,37636.00,"4- Demerara- Mahaica",,"Camp & New Market St.",,"-58.1591","6.8170",,"Georgetown",9/21/2006 0:00:00,12/30/1899 12:30:00,"B- Serious Injury","F- Driver",33.00,"Male","J- Minibus;V-Motor Cycle","S- Driver's Negligence",2.00
9777,37637.00,"4- Demerara- Mahaica",,"Main St.",,"-58.1276","6.8221",,"Georgetown",9/22/2006 0:00:00,12/30/1899 15:20:00,"D- Property Damage","F- Driver",37.00,"Male","L- Lorries Van;M- Hire Cars","S- Driver's Negligence",2.00
9778,37638.00,"4- Demerara- Mahaica",,"Regent  St.",,"-58.1604","6.8102",,"Georgetown",9/22/2006 0:00:00,12/30/1899 21:00:00,"D- Property Damage","F- Driver",30.00,"Male","J- Minibus;N- Pickup","S- Driver's Negligence",2.00
9779,37639.00,"4- Demerara- Mahaica",,"Light St.",,"-58.1538","6.8139",,"Georgetown",9/22/2006 0:00:00,12/30/1899 21:15:00,"D- Property Damage","F- Driver",33.00,"Male","K- Private Cars;N- Pickup","S- Driver's Negligence",2.00
9780,37640.00,"4- Demerara- Mahaica",,"Camp & Lamaha St.",,"-58.1584","6.8186",,"Georgetown",9/25/2006 0:00:00,12/30/1899 17:00:00,"D- Property Damage","F- Driver",52.00,"Male","J- Minibus;K- Private Cars","S- Driver's Negligence",2.00
9781,37641.00,"4- Demerara- Mahaica",,"Water St.",,"-58.1659","6.8180",,"Georgetown",9/26/2006 0:00:00,12/30/1899 10:30:00,"D- Property Damage","F- Driver",28.00,"Male","M- Hire Cars;N- Pickup","S- Driver's Negligence",2.00
9782,37642.00,"4- Demerara- Mahaica",,"Camp & Church St.",,"-58.1601","6.8122",,"Georgetown",9/26/2006 0:00:00,12/30/1899 16:00:00,"D- Property Damage","F- Driver",25.00,"Male","J- Minibus;K- Private Cars","S- Driver's Negligence",2.00
9783,37643.00,"4- Demerara- Mahaica",,"Camp & New Market St.",,"-58.1591","6.8170",,"Georgetown",9/27/2006 0:00:00,12/30/1899 19:20:00,"D- Property Damage","F- Driver",28.00,"Male","K- Private Cars","S- Driver's Negligence",2.00
9784,37644.00,"4- Demerara- Mahaica",,"Brickdam & Ave. Of The Republic",,"-58.1660","6.8089",,"Georgetown",9/27/2006 0:00:00,12/30/1899 19:20:00,"D- Property Damage","G- Rider",25.00,"Male","V-Motor Cycle","P- Speeding",2.00
9785,37645.00,"4- Demerara- Mahaica",,"Regent  St.",,"-58.1604","6.8102",,"Georgetown",9/27/2006 0:00:00,12/30/1899 20:00:00,"C- Minor Injury","F- Driver",19.00,"Male","K- Private Cars;V-Motor Cycle","R- Improper Overtaking",2.00
9786,37646.00,"4- Demerara- Mahaica",,"Durban & George St.",,"-58.1628","6.8055",,"Georgetown",9/28/2006 0:00:00,12/30/1899 8:00:00,"C- Minor Injury","F- Driver",58.00,"Male","J- Minibus;W-Pedal Cycle","S- Driver's Negligence",2.00
9787,37647.00,"4- Demerara- Mahaica",,"Durban St.",,"-58.1526","6.8028",,"Georgetown",9/28/2006 0:00:00,12/30/1899 15:45:00,"C- Minor Injury","G- Rider",30.00,"Male","V-Motor Cycle","U- Cyclist's Negligence",2.00
9788,37648.00,"4- Demerara- Mahaica",,"Robb St.",,"-58.1599","6.8109",,"Georgetown",9/29/2006 0:00:00,12/30/1899 12:00:00,"D- Property Damage","F- Driver",61.00,"Male","K- Private Cars;N- Pickup","T-Pedestrian's Negligence",3.00
9789,37649.00,"4- Demerara- Mahaica",,"Durban St.",,"-58.1526","6.8028",,"Georgetown",9/29/2006 0:00:00,12/30/1899 15:45:00,"B- Serious Injury","F- Driver",73.00,"Male","N- Pickup;V-Motor Cycle","R- Improper Overtaking",2.00
9790,37650.00,"4- Demerara- Mahaica",,"Young & Parade St.",,"-58.1596","6.8233",,"Georgetown",9/29/2006 0:00:00,12/30/1899 16:30:00,"C- Minor Injury","F- Driver",32.00,"Male","M- Hire Cars;V-Motor Cycle","S- Driver's Negligence",2.00
9791,37651.00,"4- Demerara- Mahaica",,"Camp & Regent St.",,"-58.1608","6.8103",,"Georgetown",9/30/2006 0:00:00,12/30/1899 0:15:00,"D- Property Damage","F- Driver",51.00,"Male","J- Minibus;K- Private Cars","S- Driver's Negligence",2.00
9792,37652.00,"4- Demerara- Mahaica",,"Carifesta Ave.",,"-58.1483","6.8240",,"Georgetown",9/29/2006 0:00:00,12/30/1899 19:20:00,"B- Serious Injury","E- Pedestrian",,"Male","K- Private Cars","T-Pedestrian's Negligence",2.00
9793,37653.00,"4- Demerara- Mahaica",,"North Rd. & Camp St.",,"-58.1604","6.8118",,"Georgetown",9/30/2006 0:00:00,12/30/1899 10:05:00,"D- Property Damage","F- Driver",61.00,"Male","J- Minibus;K- Private Cars","R- Improper Overtaking",2.00
9794,37654.00,"4- Demerara- Mahaica",,"Durban & John St.",,"-58.1402","6.7996",,"Georgetown",10/3/2006 0:00:00,12/30/1899 13:30:00,"D- Property Damage","F- Driver",63.00,"Male","K- Private Cars;M- Hire Cars","S- Driver's Negligence",3.00
9795,37655.00,"4- Demerara- Mahaica",,"Water St.",,"-58.1659","6.8180",,"Georgetown",10/4/2006 0:00:00,12/30/1899 7:20:00,"D- Property Damage","F- Driver",38.00,"Male","K- Private Cars;W-Pedal Cycle","U- Cyclist's Negligence",2.00
9796,37656.00,"4- Demerara- Mahaica",,"Lamaha & Irving St.",,"-58.1516","6.8166",,"Georgetown",10/4/2006 0:00:00,12/30/1899 23:30:00,"C- Minor Injury","F- Driver",25.00,"Male","N- Pickup;V-Motor Cycle","S- Driver's Negligence",2.00
9797,37657.00,"4- Demerara- Mahaica",,"Thomas Lands",,"-58.1505","6.8202",,"Georgetown",10/4/2006 0:00:00,12/30/1899 7:00:00,"B- Serious Injury","F- Driver",68.00,"Male","N- Pickup","S- Driver's Negligence",2.00
9798,37658.00,"4- Demerara- Mahaica",,"Carifesta Ave.",,"-58.1483","6.8240",,"Georgetown",10/5/2006 0:00:00,12/30/1899 19:10:00,"B- Serious Injury","F- Driver",27.00,"Male","K- Private Cars;W-Pedal Cycle","S- Driver's Negligence",2.00
9799,37659.00,"4- Demerara- Mahaica",,"Carifesta Ave.",,"-58.1483","6.8240",,"Georgetown",10/5/2006 0:00:00,12/30/1899 19:30:00,"D- Property Damage","F- Driver",24.00,"Male","J- Minibus;K- Private Cars","S- Driver's Negligence",2.00
9800,37660.00,"4- Demerara- Mahaica",,"Lime & Hadfield St.",,"-58.1584","6.8060",,"Georgetown",10/7/2006 0:00:00,12/30/1899 3:45:00,"D- Property Damage","F- Driver",26.00,"Male","K- Private Cars;M- Hire Cars","S- Driver's Negligence",2.00
9801,37661.00,"4- Demerara- Mahaica",,"Camp & Regent St.",,"-58.1608","6.8240",,"Georgetown",10/7/2006 0:00:00,12/30/1899 18:00:00,"C- Minor Injury","F- Driver",22.00,"Male","K- Private Cars","S- Driver's Negligence",2.00
9802,37662.00,"4- Demerara- Mahaica",,"Vlissengen Rd. & Regent St.",,"-58.1489","6.8070",,"Georgetown",10/8/2006 0:00:00,12/30/1899 19:25:00,"C- Minor Injury","F- Driver",33.00,"Male","K- Private Cars;V-Motor Cycle","S- Driver's Negligence",2.00
9803,37663.00,"4- Demerara- Mahaica",,"Lamaha St.",,"-58.1527","6.8170",,"Georgetown",10/9/2006 0:00:00,12/30/1899 9:15:00,"D- Property Damage","F- Driver",37.00,"Male","K- Private Cars;N- Pickup","S- Driver's Negligence",3.00
9804,37664.00,"4- Demerara- Mahaica",,"North Rd.",,"-58.1575","6.8110",,"Georgetown",10/11/2006 0:00:00,12/30/1899 9:55:00,"D- Property Damage","F- Driver",38.00,"Male","J- Minibus;N- Pickup","S- Driver's Negligence",2.00
9805,37665.00,"4- Demerara- Mahaica",,"Albert St.",,"-58.1527","6.8123",,"Georgetown",10/11/2006 0:00:00,12/30/1899 13:00:00,"D- Property Damage","F- Driver",25.00,"Male","J- Minibus;M- Hire Cars","S- Driver's Negligence",2.00
9806,37666.00,"4- Demerara- Mahaica",,"South Rd. & Light St.",,"-58.1556","6.8072",,"Georgetown",10/10/2006 0:00:00,12/30/1899 16:30:00,"C- Minor Injury","F- Driver",38.00,"Male","J- Minibus;K- Private Cars","S- Driver's Negligence",2.00
9807,37667.00,"4- Demerara- Mahaica",,"Rabbit Walk",,"-58.1585","6.8239",,"Georgetown",10/12/2006 0:00:00,12/30/1899 10:30:00,"D- Property Damage","F- Driver",35.00,"Male","K- Private Cars;N- Pickup","S- Driver's Negligence",2.00
9808,37668.00,"4- Demerara- Mahaica",,"Vlissengen Rd. & Home Stretch Ave.",,"-58.1508","6.8058",,"Georgetown",10/13/2006 0:00:00,12/30/1899 17:10:00,"D- Property Damage","F- Driver",48.00,"Male","K- Private Cars;N- Pickup","S- Driver's Negligence",2.00
9809,37669.00,"4- Demerara- Mahaica",,"Camp & Middle St.",,"-58.1599","6.8138",,"Georgetown",10/13/2006 0:00:00,12/30/1899 21:00:00,"B- Serious Injury","G- Rider",56.00,"Male","K- Private Cars;V-Motor Cycle","U- Cyclist's Negligence",2.00
9810,37670.00,"4- Demerara- Mahaica",,"Wellington St.",,"-58.1623","6.8111",,"Georgetown",10/13/2006 0:00:00,12/30/1899 16:15:00,"D- Property Damage","F- Driver",29.00,"Male","K- Private Cars;N- Pickup","S- Driver's Negligence",2.00
9811,37671.00,"4- Demerara- Mahaica4- Demerara- Mahaica",,"Regent St.",,"-58.1604","6.8102",,"Georgetown",10/16/2006 0:00:00,12/30/1899 8:07:00,"D- Property Damage","F- Driver",37.00,"Male","M- Hire Cars;V-Motor Cycle","S- Driver's Negligence",2.00
9812,37672.00,"4- Demerara- Mahaica",,"Croal St.",,"-58.1581","6.8076",,"Georgetown",10/16/2006 0:00:00,12/30/1899 9:35:00,"D- Property Damage","F- Driver",55.00,"Male","J- Minibus","S- Driver's Negligence",2.00
9813,37673.00,"4- Demerara- Mahaica",,"Longden & Commerce St.",,"-58.1666","6.8105",,"Georgetown",10/18/2006 0:00:00,12/30/1899 12:30:00,"D- Property Damage","F- Driver",30.00,"Male","J- Minibus","S- Driver's Negligence",2.00
9814,37674.00,"4- Demerara- Mahaica",,"Ave. Of The Republic",,"-58.1651","6.8117",,"Georgetown",10/17/2006 0:00:00,12/30/1899 13:00:00,"D- Property Damage","F- Driver",35.00,"Male","M- Hire Cars","S- Driver's Negligence",2.00
9815,37675.00,"4- Demerara- Mahaica",,"Irving & Crown St.",,"-58.1494","6.8132",,"Georgetown",10/14/2006 0:00:00,12/30/1899 23:30:00,"D- Property Damage","F- Driver",22.00,"Male","M- Hire Cars","T-Pedestrian's Negligence",2.00
9816,37676.00,"4- Demerara- Mahaica",,"Lamaha St.",,"-58.1527","6.8170",,"Georgetown",10/19/2006 0:00:00,12/30/1899 19:20:00,"B- Serious Injury","E- Pedestrian",35.00,"Male","K- Private Cars","T-Pedestrian's Negligence",2.00
9817,37677.00,"4- Demerara- Mahaica",,"America St.",,"-58.1663","6.8104",,"Georgetown",10/20/2006 0:00:00,12/30/1899 9:25:00,"A- Fatal","F- Driver",50.00,"Male","L- Lorries Van",,2.00
9818,37678.00,"4- Demerara- Mahaica",,"Norton St.",,"-58.1519","6.8017",,"Georgetown",10/20/2006 0:00:00,12/30/1899 8:30:00,"D- Property Damage","F- Driver",56.00,"Male","J- Minibus;N- Pickup","S- Driver's Negligence",2.00
9819,37679.00,"4- Demerara- Mahaica",,"Lamaha & Camp St.",,"-58.1584","6.8186",,"Georgetown",10/20/2006 0:00:00,12/30/1899 16:15:00,"D- Property Damage","F- Driver",28.00,"Male","M- Hire Cars;N- Pickup","S- Driver's Negligence",2.00
9820,37680.00,"4- Demerara- Mahaica",,"Lombard St.",,"-58.1675","6.8071",,"Georgetown",10/22/2006 0:00:00,12/30/1899 21:00:00,"A- Fatal","G- Rider",35.00,"Male","N- Pickup;W-Pedal Cycle","U- Cyclist's Negligence",2.00
9821,37681.00,"4- Demerara- Mahaica",,"Lamaha & Camp St.",,"-58.1584","6.8186",,"Georgetown",10/23/2006 0:00:00,12/30/1899 14:41:00,"D- Property Damage","F- Driver",37.00,"Male","K- Private Cars;N- Pickup","S- Driver's Negligence",2.00
9822,37682.00,"4- Demerara- Mahaica",,"Lamaha & Camp St.",,"-58.1584","6.8186",,"Georgetown",10/24/2006 0:00:00,,"D- Property Damage","F- Driver",39.00,"Male","K- Private Cars","S- Driver's Negligence",2.00
9823,37683.00,"4- Demerara- Mahaica4- Demerara- Mahaica",,"Regent & Wellington St.",,"-58.1624","6.8107",,"Georgetown",10/24/2006 0:00:00,12/30/1899 13:30:00,"D- Property Damage","F- Driver",35.00,"Male","J- Minibus;N- Pickup","S- Driver's Negligence",2.00
9824,37684.00,"4- Demerara- Mahaica",,"Fort St.",,"-58.1638","6.8232",,"Georgetown",10/25/2006 0:00:00,12/30/1899 11:20:00,"B- Serious Injury","E- Pedestrian",8.00,"Female","V-Motor Cycle","T-Pedestrian's Negligence",2.00
9825,37685.00,"4- Demerara- Mahaica",,"Charlotte & Camp St.",,"-58.1610","6.8094",,"Georgetown",10/25/2006 0:00:00,12/30/1899 14:05:00,"D- Property Damage","F- Driver",59.00,"Male","J- Minibus","S- Driver's Negligence",2.00
9826,37686.00,"4- Demerara- Mahaica",,"Camp & Church St.",,"-58.1601","6.8122",,"Georgetown",10/25/2006 0:00:00,12/30/1899 16:11:00,"D- Property Damage","F- Driver",30.00,"Male","L- Lorries Van;N- Pickup","S- Driver's Negligence",2.00
9827,37687.00,"4- Demerara- Mahaica",,"Church St.",,"-58.1574","6.8114",,"Georgetown",10/26/2006 0:00:00,12/30/1899 10:10:00,"D- Property Damage","F- Driver",,"Male","K- Private Cars","S- Driver's Negligence",2.00
9828,37688.00,"4- Demerara- Mahaica",,"Main & Middle St.",,"-58.1642","6.8167",,"Georgetown",10/26/2006 0:00:00,12/30/1899 22:00:00,"D- Property Damage","F- Driver",22.00,"Male","K- Private Cars","S- Driver's Negligence",2.00
9829,37689.00,"4- Demerara- Mahaica",,"High & Barrack St.",,"-58.1629","6.8220",,"Georgetown",10/26/2006 0:00:00,12/30/1899 9:20:00,"A- Fatal","F- Driver",25.00,"Male","J- Minibus;W-Pedal Cycle","S- Driver's Negligence",2.00
9830,37690.00,"4- Demerara- Mahaica",,"Main & Quamina St.",,"-58.1647","6.8151",,"Georgetown",10/28/2006 0:00:00,12/30/1899 11:45:00,"D- Property Damage","F- Driver",47.00,"Male","K- Private Cars;N- Pickup","S- Driver's Negligence",2.00
9831,37691.00,"4- Demerara- Mahaica",,"Croal St. & Alexander St.",,"-58.1598","6.8081",,"Georgetown",10/29/2006 0:00:00,12/30/1899 10:30:00,"B- Serious Injury","F- Driver",25.00,"Male","K- Private Cars;W-Pedal Cycle","S- Driver's Negligence",3.00
9832,37692.00,"4- Demerara- Mahaica",,"Oronoque & Albert St.",,"-58.1522","6.8139",,"Georgetown",10/30/2006 0:00:00,12/30/1899 14:35:00,"D- Property Damage","F- Driver",32.00,"Male","M- Hire Cars","S- Driver's Negligence",2.00
9833,37693.00,"4- Demerara- Mahaica",,"Lamaha St.",,"-58.1527","6.8170",,"Georgetown",10/31/2006 0:00:00,12/30/1899 12:00:00,"B- Serious Injury","F- Driver",22.00,"Male","K- Private Cars;V-Motor Cycle","S- Driver's Negligence",2.00
9834,37694.00,"4- Demerara- Mahaica",,"Longden St.",,"-58.1666","6.8107",,"Georgetown",10/31/2006 0:00:00,12/30/1899 16:00:00,"D- Property Damage","F- Driver",52.00,"Male","J- Minibus","S- Driver's Negligence",2.00
9835,37695.00,"4- Demerara- Mahaica",,"Middle & Thomas St.",,"-58.1576","6.8150",,"Georgetown",11/2/2006 0:00:00,12/30/1899 11:30:00,"D- Property Damage","F- Driver",40.00,"Male","L- Lorries Van","S- Driver's Negligence",2.00
9836,37696.00,"4- Demerara- Mahaica",,"Albert & Third St.",,"-58.1523","6.8139",,"Georgetown",11/2/2006 0:00:00,12/30/1899 15:30:00,"D- Property Damage","F- Driver",46.00,"Male","J- Minibus","S- Driver's Negligence",2.00
9837,37697.00,"4- Demerara- Mahaica",,"Ave. Of The Republic",,"-58.1651","6.8117",,"Georgetown",11/3/2006 0:00:00,12/30/1899 8:30:00,"D- Property Damage","F- Driver",50.00,"Male","K- Private Cars","S- Driver's Negligence",2.00
9838,37698.00,"4- Demerara- Mahaica",,"Ave. Of The Republic",,"-58.1651","6.8117",,"Georgetown",11/3/2006 0:00:00,12/30/1899 1:30:00,"D- Property Damage","F- Driver",34.00,"Male","K- Private Cars;L- Lorries Van","S- Driver's Negligence",2.00
9839,37699.00,"4- Demerara- Mahaica",,"Thomas Lands",,"-58.1505","6.8202",,"Georgetown",11/3/2006 0:00:00,12/30/1899 17:45:00,"C- Minor Injury","F- Driver",32.00,"Male","K- Private Cars;V-Motor Cycle","S- Driver's Negligence",2.00
9840,37700.00,"4- Demerara- Mahaica",,"Church & Camp St.",,"-58.1601","6.8122",,"Georgetown",11/4/2006 0:00:00,12/30/1899 23:30:00,"D- Property Damage","F- Driver",31.00,"Male","M- Hire Cars;N- Pickup","S- Driver's Negligence",2.00
9841,37701.00,"4- Demerara- Mahaica",,"Cornhill St.",,"-58.1574","6.8046",,"Georgetown",11/5/2006 0:00:00,12/30/1899 16:45:00,"D- Property Damage","F- Driver",35.00,"Male","K- Private Cars","S- Driver's Negligence",2.00
9842,37702.00,"4- Demerara- Mahaica",,"South Rd.",,"-58.1586","6.8079",,"Georgetown",11/6/2006 0:00:00,12/30/1899 16:00:00,"C- Minor Injury","F- Driver",42.00,"Male","K- Private Cars;V-Motor Cycle","S- Driver's Negligence",2.00
9843,37703.00,"4- Demerara- Mahaica",,"Camp & Middle St.",,"-58.1599","6.8138",,"Georgetown",11/6/2006 0:00:00,12/30/1899 13:45:00,"D- Property Damage","F- Driver",24.00,"Male","K- Private Cars;N- Pickup","S- Driver's Negligence",2.00
9844,37704.00,"4- Demerara- Mahaica",,"Lamaha & Albert St.",,"-58.1515","6.8167",,"Georgetown",11/7/2006 0:00:00,12/30/1899 13:05:00,"B- Serious Injury","F- Driver",37.00,"Male","K- Private Cars;V-Motor Cycle","S- Driver's Negligence",2.00
9845,37705.00,"4- Demerara- Mahaica",,"Brickdam & Louisa Row",,"-58.1504","6.8004",,"Georgetown",11/7/2006 0:00:00,12/30/1899 14:04:00,"C- Minor Injury","F- Driver",,"Female","K- Private Cars;V-Motor Cycle","S- Driver's Negligence",2.00
9846,37706.00,"4- Demerara- Mahaica",,"Success Rd. & Water  St.",,"-58.1655","6.8202",,"Georgetown",11/7/2006 0:00:00,12/30/1899 16:00:00,"D- Property Damage","F- Driver",40.00,"Male","L- Lorries Van;N- Pickup","S- Driver's Negligence",2.00
9847,37707.00,"4- Demerara- Mahaica",,"Camp St.",,"-58.1600","6.8137",,"Georgetown",6/5/2007 0:00:00,12/30/1899 19:30:00,"D- Property Damage","G- Rider",16.00,"Male","K- Private Cars;W-Pedal Cycle","U- Cyclist's Negligence",2.00
9848,37708.00,"4- Demerara- Mahaica",,"Regent St. & Light St.",,"-58.1552","6.8087",,"Georgetown",6/6/2007 0:00:00,12/30/1899 13:10:00,"D- Property Damage","F- Driver",46.00,"Male","J- Minibus;L- Lorries Van","R- Improper Overtaking",2.00
9849,37709.00,"4- Demerara- Mahaica",,"Ave. of the Republic",,"-58.1651","6.8117",,"Georgetown",6/6/2007 0:00:00,12/30/1899 14:40:00,"D- Property Damage","F- Driver",57.00,"Male","K- Private Cars;N- Pickup","O- Lost Control & Runoff",2.00
9850,37710.00,"4- Demerara- Mahaica",,"Lamaha",,"-58.1564","6.8181",,"Georgetown",6/7/2007 0:00:00,12/30/1899 9:45:00,"D- Property Damage","F- Driver",35.00,"Male","K- Private Cars","S- Driver's Negligence",2.00
9851,37711.00,"4- Demerara- Mahaica",,"Quamina St. & Waterloo St.",,"-58.1614","6.8142",,"Georgetown",6/8/2007 0:00:00,12/30/1899 17:30:00,"D- Property Damage","F- Driver",29.00,"Male","K- Private Cars;V-Motor Cycle","S- Driver's Negligence",2.00
9852,37712.00,"4- Demerara- Mahaica",,"Ave. of the Republic",,"-58.1651","6.8117",,"Georgetown",6/8/2007 0:00:00,12/30/1899 8:10:00,"D- Property Damage","F- Driver",56.00,"Male","J- Minibus;K- Private Cars","S- Driver's Negligence",2.00
9853,37713.00,"4- Demerara- Mahaica",,"North Rd. & Albert St.",,"-58.1534","6.8099",,"Georgetown",6/7/2007 0:00:00,12/30/1899 18:30:00,"D- Property Damage","F- Driver",32.00,"Male","J- Minibus;K- Private Cars","S- Driver's Negligence",2.00
9854,37714.00,"4- Demerara- Mahaica",,"Camp Rd. & Thomas Rd.",,"-58.1576","6.8217",,"Georgetown",6/7/2007 0:00:00,12/30/1899 20:20:00,"B- Serious Injury","F- Driver",47.00,"Male","K- Private Cars;L- Lorries Van","S- Driver's Negligence",2.00
9855,37715.00,"4- Demerara- Mahaica",,"Cornhill St. & Croal St.",,"-58.1570","6.8073",,"Georgetown",6/9/2007 0:00:00,12/30/1899 11:00:00,"D- Property Damage","F- Driver",27.00,"Male","M- Hire Cars","S- Driver's Negligence",2.00
9856,37716.00,"4- Demerara- Mahaica",,"Regent St. & Ornoque",,"-58.1524","6.8080",,"Georgetown",6/9/2007 0:00:00,12/30/1899 12:00:00,"C- Minor Injury","F- Driver",38.00,"Male","J- Minibus;L- Lorries Van","S- Driver's Negligence",2.00
9857,37717.00,"4- Demerara- Mahaica",,"Regent St.",,"-58.1604","6.8102",,"Georgetown",6/9/2007 0:00:00,12/30/1899 15:00:00,"D- Property Damage","F- Driver",46.00,"Male","K- Private Cars;N- Pickup","S- Driver's Negligence",2.00
9858,37718.00,"4- Demerara- Mahaica",,"Brickdam",,"-58.1552","6.8061",,"Georgetown",6/10/2007 0:00:00,12/30/1899 0:10:00,"C- Minor Injury","F- Driver",54.00,"Male","K- Private Cars","S- Driver's Negligence",2.00
9859,37719.00,"4- Demerara- Mahaica",,"Brickdam & Cornhill St.",,"-58.1572","6.8066",,"Georgetown",6/10/2007 0:00:00,12/30/1899 6:00:00,"D- Property Damage","F- Driver",57.00,"Male","J- Minibus;N- Pickup","S- Driver's Negligence",2.00
9860,37720.00,"4- Demerara- Mahaica",,"Cummings St.",,"-58.1553","6.8140",,"Georgetown",5/28/2007 0:00:00,12/30/1899 15:15:00,"D- Property Damage","F- Driver",65.00,"Male","L- Lorries Van;M- Hire Cars","S- Driver's Negligence",2.00
9861,37721.00,"4- Demerara- Mahaica",,"Durban & Smyth St.",,"-58.1641","6.8059",,"Georgetown",6/10/2007 0:00:00,12/30/1899 12:15:00,"D- Property Damage","G- Rider",53.00,"Male","J- Minibus;V-Motor Cycle","U- Cyclist's Negligence",2.00
9862,37722.00,"4- Demerara- Mahaica",,"Smyth St. & Princess St.",,"-58.1645","6.8040",,"Georgetown",6/9/2007 0:00:00,,"D- Property Damage","F- Driver",45.00,"Male","K- Private Cars","S- Driver's Negligence",2.00
9863,37723.00,"4- Demerara- Mahaica",,"Quamina St. & Camp St.",,"-58.1599","6.8138",,"Georgetown",6/10/2007 0:00:00,12/30/1899 14:30:00,"C- Minor Injury","F- Driver",30.00,"Male","K- Private Cars;V-Motor Cycle","S- Driver's Negligence",2.00
9864,37724.00,"4- Demerara- Mahaica",,"Camp St. & Norton St.",,"-58.1622","6.8045",,"Georgetown",6/11/2007 0:00:00,12/30/1899 10:00:00,"D- Property Damage","F- Driver",46.00,"Male","K- Private Cars","S- Driver's Negligence",2.00
9865,37725.00,"4- Demerara- Mahaica",,"Church St. & Albert St.",,"-58.1532","6.8104",,"Georgetown",6/11/2007 0:00:00,12/30/1899 17:30:00,"C- Minor Injury","F- Driver",47.00,"Male","K- Private Cars;M- Hire Cars","S- Driver's Negligence",2.00
9866,37726.00,"4- Demerara- Mahaica",,"Church St. & Ornoque St.",,"-58.1518","6.8100",,"Georgetown",6/12/2007 0:00:00,12/30/1899 7:30:00,"D- Property Damage","F- Driver",48.00,"Male","K- Private Cars","S- Driver's Negligence",2.00
9867,37727.00,"4- Demerara- Mahaica",,"Croal St.",,"-58.1581","6.8076",,"Georgetown",6/12/2007 0:00:00,12/30/1899 14:00:00,"D- Property Damage","F- Driver",31.00,"Male","L- Lorries Van;N- Pickup","S- Driver's Negligence",2.00
9868,37728.00,"4- Demerara- Mahaica",,"Ornoque St. & Lamaha",,"-58.1502","6.8163",,"Georgetown",6/11/2007 0:00:00,12/30/1899 15:30:00,"D- Property Damage","F- Driver",76.00,"Male","K- Private Cars;V-Motor Cycle","S- Driver's Negligence",2.00
9869,37729.00,"4- Demerara- Mahaica",,"Alberrt St. & 1st St.",,"-58.1518","6.8157",,"Georgetown",6/12/2007 0:00:00,12/30/1899 15:30:00,"D- Property Damage","F- Driver",30.00,"Male","L- Lorries Van;V-Motor Cycle","S- Driver's Negligence",2.00