"ID","Accident ID","Region Number","Corridor ID","Location (Intersection/Road/Street)","Corridor","Location- longitude/ X","Location- latitude/  Y","Mile Marker","Village","Date of Accident","Time of Accident","Type of Accident","Class of Road User","Age/DOB","Gender","Class of Vehicles Involved","Contributing Factor","Number of Persons Involved"
9870,37730.00,"4- Demerara- Mahaica",,"Ave. of the Republic & Commerce St.",,"-58.1656","6.8109",,"Georgetown",6/12/2007 0:00:00,12/30/1899 13:45:00,"D- Property Damage","F- Driver",29.00,"Male","K- Private Cars","S- Driver's Negligence",2.00
9871,37731.00,"4- Demerara- Mahaica",,"Norton St. & Halley St.",,"-58.1525","6.8019",,"Georgetown",6/14/2007 0:00:00,12/30/1899 10:00:00,"C- Minor Injury","F- Driver",29.00,"Male","K- Private Cars;V-Motor Cycle","S- Driver's Negligence",2.00
9872,37732.00,"4- Demerara- Mahaica",,"Hadfield St.",,"-58.1650","6.8079",,"Georgetown",6/16/2007 0:00:00,12/30/1899 10:30:00,"D- Property Damage","F- Driver",40.00,"Male","L- Lorries Van;M- Hire Cars","S- Driver's Negligence",2.00
9873,37733.00,"4- Demerara- Mahaica",,"Norton St. & Halley St.",,"-58.1525","6.8019",,"Georgetown",6/16/2007 0:00:00,12/30/1899 15:00:00,"D- Property Damage","F- Driver",34.00,"Male","M- Hire Cars","S- Driver's Negligence",2.00
9874,37734.00,"4- Demerara- Mahaica",,"Robb St",,"-58.1599","6.8109",,"Georgetown",6/16/2007 0:00:00,12/30/1899 15:50:00,"D- Property Damage","F- Driver",29.00,"Male","K- Private Cars;V-Motor Cycle","S- Driver's Negligence",2.00
9875,37735.00,"4- Demerara- Mahaica",,"Cummings St.",,"-58.1553","6.8140",,"Georgetown",6/17/2007 0:00:00,12/30/1899 15:15:00,"D- Property Damage","F- Driver",38.00,"Male","M- Hire Cars;N- Pickup","S- Driver's Negligence",2.00
9876,37736.00,"4- Demerara- Mahaica",,"Carmichael St.",,"-58.1629","6.8159",,"Georgetown",6/19/2007 0:00:00,12/30/1899 10:45:00,"D- Property Damage","F- Driver",29.00,"Male","M- Hire Cars","S- Driver's Negligence",2.00
9877,37737.00,"4- Demerara- Mahaica",,"Water St.",,"-58.1659","6.8180",,"Georgetown",6/19/2007 0:00:00,12/30/1899 12:35:00,"D- Property Damage","F- Driver",33.00,"Male","L- Lorries Van;X-Tractor","S- Driver's Negligence",2.00
9878,37738.00,"4- Demerara- Mahaica",,"North Rd.",,"-58.1575","6.8110",,"Georgetown",6/14/2007 0:00:00,12/30/1899 14:30:00,"D- Property Damage","F- Driver",35.00,"Male","K- Private Cars;N- Pickup","S- Driver's Negligence",2.00
9879,37739.00,"4- Demerara- Mahaica",,"Barrack St.",,"-58.1593","6.8211",,"Georgetown",6/19/2007 0:00:00,12/30/1899 17:00:00,"D- Property Damage","F- Driver",27.00,"Male","K- Private Cars;M- Hire Cars","S- Driver's Negligence",2.00
9880,37740.00,"4- Demerara- Mahaica",,"Robb St. & Albert St.",,"-58.1535","6.8092",,"Georgetown",6/20/2007 0:00:00,12/30/1899 10:30:00,"D- Property Damage","F- Driver",35.00,"Male","K- Private Cars;M- Hire Cars","S- Driver's Negligence",2.00
9881,37741.00,"4- Demerara- Mahaica",,"Camp St. & North Rd.",,"-58.1604","6.8118",,"Georgetown",6/19/2007 0:00:00,12/30/1899 16:30:00,"D- Property Damage","F- Driver",,"Male","L- Lorries Van","S- Driver's Negligence",1.00
9882,37742.00,"4- Demerara- Mahaica",,"John St. & Durban St.",,"-58.1402","6.7996",,"Georgetown",6/20/2007 0:00:00,12/30/1899 14:15:00,"D- Property Damage","F- Driver",57.00,"Male","J- Minibus;K- Private Cars","S- Driver's Negligence",2.00
9883,37743.00,"4- Demerara- Mahaica",,"George St.",,"-58.1628","6.8054",,"Georgetown",6/20/2007 0:00:00,12/30/1899 16:30:00,"C- Minor Injury","G- Rider",32.00,"Male","K- Private Cars;V-Motor Cycle","U- Cyclist's Negligence",2.00
9884,37744.00,"4- Demerara- Mahaica",,"Quamina St. & Thomas St.",,"-58.1583","6.8134",,"Georgetown",6/21/2007 0:00:00,12/30/1899 10:00:00,"D- Property Damage","F- Driver",53.00,"Male","J- Minibus;K- Private Cars","S- Driver's Negligence",2.00
9885,37745.00,"4- Demerara- Mahaica",,"Croal St.",,"-58.1581","6.8076",,"Georgetown",6/23/2007 0:00:00,12/30/1899 8:30:00,"D- Property Damage","F- Driver",36.00,"Male","J- Minibus","S- Driver's Negligence",2.00
9886,37746.00,"4- Demerara- Mahaica",,"Water St. & New Market St.",,"-58.1658","6.8189",,"Georgetown",6/23/2007 0:00:00,12/30/1899 10:20:00,"C- Minor Injury","G- Rider",47.00,"Male","J- Minibus;V-Motor Cycle","U- Cyclist's Negligence",2.00
9887,37747.00,"4- Demerara- Mahaica",,"Albert St. & Croal St.",,"-58.1542","6.8067",,"Georgetown",6/23/2007 0:00:00,12/30/1899 21:45:00,"D- Property Damage","F- Driver",38.00,"Male","J- Minibus;K- Private Cars","S- Driver's Negligence",2.00
9888,37748.00,"4- Demerara- Mahaica",,"North Rd.",,"-58.1575","6.8110",,"Georgetown",6/24/2007 0:00:00,12/30/1899 8:30:00,"D- Property Damage","F- Driver",39.00,"Male","K- Private Cars;L- Lorries Van","S- Driver's Negligence",2.00
9889,37749.00,"4- Demerara- Mahaica",,"Quamina St. & East St.",,"-58.1566","6.8129",,"Georgetown",6/24/2007 0:00:00,12/30/1899 12:50:00,"D- Property Damage","F- Driver",38.00,"Male","K- Private Cars;M- Hire Cars","S- Driver's Negligence",2.00
9890,37750.00,"4- Demerara- Mahaica",,"South Rd. & Cummings St.",,"-58.1570","6.8076",,"Georgetown",6/26/2007 0:00:00,12/30/1899 8:30:00,"D- Property Damage","F- Driver",36.00,"Male","J- Minibus;K- Private Cars","S- Driver's Negligence",2.00
9891,37751.00,"4- Demerara- Mahaica",,"Middle St",,"-58.1596","6.8155",,"Georgetown",6/26/2007 0:00:00,12/30/1899 16:05:00,"D- Property Damage","G- Rider",35.00,"Male","K- Private Cars;V-Motor Cycle","U- Cyclist's Negligence",2.00
9892,37752.00,"4- Demerara- Mahaica",,"North Rd. & Albert St.",,"-58.1534","6.8099",,"Georgetown",6/26/2007 0:00:00,12/30/1899 9:00:00,"D- Property Damage","F- Driver",25.00,"Male","J- Minibus;K- Private Cars","S- Driver's Negligence",2.00
9893,37753.00,"4- Demerara- Mahaica",,"3rd St. & Albert St.",,"-58.1523","6.8139",,"Georgetown",6/27/2007 0:00:00,12/30/1899 8:00:00,"D- Property Damage","F- Driver",43.00,"Male","K- Private Cars;M- Hire Cars","S- Driver's Negligence",2.00
9894,37754.00,"4- Demerara- Mahaica",,"North Rd.",,"-58.1575","6.8110",,"Georgetown",6/27/2007 0:00:00,12/30/1899 11:20:00,"D- Property Damage","F- Driver",39.00,"Male","J- Minibus","S- Driver's Negligence",2.00
9895,37755.00,"4- Demerara- Mahaica",,"Vlissengen Rd. & Croal St.",,"-58.1508","6.8058",,"Georgetown",6/27/2007 0:00:00,12/30/1899 14:30:00,"D- Property Damage","F- Driver",55.00,"Male","L- Lorries Van;M- Hire Cars","S- Driver's Negligence",2.00
9896,37756.00,"4- Demerara- Mahaica",,"North Rd. & Albert St.",,"-58.1534","6.8099",,"Georgetown",5/20/2007 0:00:00,12/30/1899 15:00:00,"D- Property Damage","F- Driver",64.00,"Male","K- Private Cars;V-Motor Cycle","S- Driver's Negligence",2.00
9897,37757.00,"4- Demerara- Mahaica",,"Alexander St.",,"-58.1592","6.8102",,"Georgetown",6/26/2007 0:00:00,12/30/1899 17:10:00,"C- Minor Injury","F- Driver",62.00,"Male","M- Hire Cars;W-Pedal Cycle","S- Driver's Negligence",2.00
9898,37758.00,"4- Demerara- Mahaica",,"Carifesta Ave.",,"-58.1483","6.8240",,"Georgetown",6/27/2007 0:00:00,12/30/1899 23:30:00,"C- Minor Injury","G- Rider",18.00,"Male","K- Private Cars;W-Pedal Cycle","U- Cyclist's Negligence",2.00
9899,37759.00,"4- Demerara- Mahaica",,"Waterloo St. & New Market St.",,"-58.1607","6.8175",,"Georgetown",6/28/2007 0:00:00,12/30/1899 13:30:00,"C- Minor Injury","F- Driver",39.00,"Male","J- Minibus;K- Private Cars","S- Driver's Negligence",2.00
9900,37760.00,"4- Demerara- Mahaica",,"Regent St.",,"-58.1604","6.8102",,"Georgetown",6/28/2007 0:00:00,12/30/1899 17:15:00,"D- Property Damage","F- Driver",46.00,"Male","J- Minibus;K- Private Cars","S- Driver's Negligence",2.00
9901,37761.00,"4- Demerara- Mahaica",,"Lamaha",,"-58.1564","6.8181",,"Georgetown",6/29/2007 0:00:00,12/30/1899 0:00:00,"C- Minor Injury","F- Driver",33.00,"Male","K- Private Cars;M- Hire Cars","S- Driver's Negligence",2.00
9902,37762.00,"4- Demerara- Mahaica",,"Camp St. & Lamaha",,"-58.1584","6.8186",,"Georgetown",6/29/2007 0:00:00,12/30/1899 14:30:00,"C- Minor Injury","F- Driver",48.00,"Male","J- Minibus;M- Hire Cars","S- Driver's Negligence",2.00
9903,37763.00,"4- Demerara- Mahaica",,"Ave. of the Republic",,"-58.1651","6.8117",,"Georgetown",6/30/2007 0:00:00,12/30/1899 9:40:00,"D- Property Damage","F- Driver",44.00,"Male","J- Minibus;L- Lorries Van","S- Driver's Negligence",2.00
9904,37764.00,"4- Demerara- Mahaica",,"Lamaha St.",,"-58.1564","6.8181",,"Georgetown",6/30/2007 0:00:00,12/30/1899 22:50:00,"A- Fatal","F- Driver",22.00,"Male","M- Hire Cars","O- Lost Control & Runoff",2.00
9905,37765.00,"4- Demerara- Mahaica",,"Croal St.",,"-58.1581","6.8076",,"Georgetown",6/26/2007 0:00:00,12/30/1899 20:45:00,"C- Minor Injury","F- Driver",43.00,"Male","J- Minibus","S- Driver's Negligence",2.00
9906,37766.00,"4- Demerara- Mahaica",,"Camp St. & Robb St.",,"-58.1606","6.8111",,"Georgetown",7/1/2007 0:00:00,12/30/1899 12:45:00,"C- Minor Injury","G- Rider",47.00,"Male","W-Pedal Cycle","U- Cyclist's Negligence",3.00
9907,37767.00,"4- Demerara- Mahaica",,"Camp St.",,"-58.1600","6.8137",,"Georgetown",7/2/2007 0:00:00,12/30/1899 2:30:00,"D- Property Damage","G- Rider",30.00,"Female","J- Minibus;M- Hire Cars;W-Pedal Cycle","U- Cyclist's Negligence",3.00
9908,37768.00,"4- Demerara- Mahaica",,"Albert St. & 3rd St.",,"-58.1523","6.8139",,"Georgetown",7/2/2007 0:00:00,12/30/1899 12:20:00,"C- Minor Injury","F- Driver",46.00,"Male","L- Lorries Van;N- Pickup","S- Driver's Negligence",2.00
9909,37769.00,"4- Demerara- Mahaica",,"King St.",,"-58.1641","6.8109",,"Georgetown",7/2/2007 0:00:00,12/30/1899 8:45:00,"C- Minor Injury","F- Driver",31.00,"Male","K- Private Cars;V-Motor Cycle","S- Driver's Negligence",2.00
9910,37770.00,"4- Demerara- Mahaica",,"Brickdam & Lime St.",,"-58.1582","6.8069",,"Georgetown",7/3/2007 0:00:00,12/30/1899 9:25:00,"D- Property Damage","F- Driver",48.00,"Male","K- Private Cars;M- Hire Cars","S- Driver's Negligence",2.00
9911,37771.00,"4- Demerara- Mahaica",,"Camp St. & Hadfield St.",,"-58.1614","6.8078",,"Georgetown",6/24/2007 0:00:00,12/30/1899 16:15:00,"D- Property Damage","F- Driver",68.00,"Male","K- Private Cars;N- Pickup","S- Driver's Negligence",2.00
9912,37772.00,"4- Demerara- Mahaica",,"Albert St. & 3rd St.",,"-58.1523","6.8139",,"Georgetown",7/4/2007 0:00:00,12/30/1899 16:00:00,"C- Minor Injury","F- Driver",35.00,"Male","J- Minibus;K- Private Cars","S- Driver's Negligence",2.00
9913,37773.00,"4- Demerara- Mahaica",,"Robb St. & Light St.",,"-58.1549","6.8095",,"Georgetown",7/5/2007 0:00:00,12/30/1899 6:00:00,"D- Property Damage","F- Driver",45.00,"Male","L- Lorries Van;M- Hire Cars","S- Driver's Negligence",2.00
9914,37774.00,"4- Demerara- Mahaica",,"Durban St. & Cemetry Rd.",,"-58.1511","6.8025",,"Georgetown",7/6/2007 0:00:00,12/30/1899 0:10:00,"D- Property Damage","F- Driver",31.00,"Male","K- Private Cars;M- Hire Cars","S- Driver's Negligence",2.00
9915,37775.00,"4- Demerara- Mahaica",,"Wellington St. & North Rd.",,"-58.1621","6.8122",,"Georgetown",7/6/2007 0:00:00,12/30/1899 13:00:00,"D- Property Damage","F- Driver",32.00,"Male","K- Private Cars;N- Pickup","S- Driver's Negligence",2.00
9916,37776.00,"4- Demerara- Mahaica",,"Regent St. & Cummings St.",,"-58.1566","6.8092",,"Georgetown",8/6/2007 0:00:00,12/30/1899 14:45:00,"D- Property Damage","F- Driver",42.00,"Male","J- Minibus","S- Driver's Negligence",2.00
9917,37777.00,"4- Demerara- Mahaica",,"Brickdam",,"-58.1552","6.8061",,"Georgetown",8/7/2007 0:00:00,12/30/1899 7:55:00,"D- Property Damage","F- Driver",53.00,"Male","J- Minibus;K- Private Cars","S- Driver's Negligence",2.00
9918,37778.00,"4- Demerara- Mahaica",,"Crown St. & Albert St.",,"-58.1523","6.8139",,"Georgetown",8/7/2007 0:00:00,12/30/1899 13:15:00,"D- Property Damage","F- Driver",36.00,"Male","K- Private Cars;N- Pickup","S- Driver's Negligence",2.00
9919,37779.00,"4- Demerara- Mahaica",,"New Garden St. & North Rd.",,"-58.1505","6.8091",,"Georgetown",8/7/2007 0:00:00,12/30/1899 13:45:00,"D- Property Damage","F- Driver",51.00,"Male","K- Private Cars;M- Hire Cars","S- Driver's Negligence",2.00
9920,37780.00,"4- Demerara- Mahaica",,"Hadfield St.",,"-58.1650","6.8079",,"Georgetown",8/12/2007 0:00:00,12/30/1899 5:15:00,"D- Property Damage","F- Driver",35.00,"Male","N- Pickup","S- Driver's Negligence",2.00
9921,37781.00,"4- Demerara- Mahaica",,"Quamina St. & East St.",,"-58.1566","6.8129",,"Georgetown",8/10/2007 0:00:00,12/30/1899 7:40:00,"D- Property Damage","F- Driver",46.00,"Male","K- Private Cars;M- Hire Cars","S- Driver's Negligence",2.00
9922,37782.00,"4- Demerara- Mahaica",,"Main St. & Quamina St.",,"-58.1647","6.8151",,"Georgetown",8/9/2007 0:00:00,12/30/1899 17:30:00,"D- Property Damage","F- Driver",29.00,"Female","K- Private Cars","S- Driver's Negligence",2.00
9923,37783.00,"4- Demerara- Mahaica",,"New Market St. & Camp St.",,"-58.1591","6.8170",,"Georgetown",8/10/2007 0:00:00,12/30/1899 11:00:00,"B- Serious Injury","F- Driver",30.00,"Female","K- Private Cars;M- Hire Cars","S- Driver's Negligence",2.00
9924,37784.00,"4- Demerara- Mahaica",,"Croal St. & Cornhill St.",,"-58.1570","6.8073",,"Georgetown",8/10/2007 0:00:00,12/30/1899 18:30:00,"D- Property Damage","F- Driver",35.00,"Male","J- Minibus;K- Private Cars","S- Driver's Negligence",2.00
9925,37785.00,"4- Demerara- Mahaica",,"Robb St. & Bourda Market",,"-58.1583","6.8105",,"Georgetown",8/10/2007 0:00:00,12/30/1899 13:00:00,"B- Serious Injury","F- Driver",27.00,"Male","N- Pickup","S- Driver's Negligence",2.00
9926,37786.00,"4- Demerara- Mahaica",,"J B Singh & Thomas St.",,"-58.1578","6.8150",,"Georgetown",8/12/2007 0:00:00,12/30/1899 1:00:00,"C- Minor Injury","F- Driver",27.00,"Male","K- Private Cars","S- Driver's Negligence",2.00
9927,37787.00,"4- Demerara- Mahaica",,"Lamaha",,"-58.1564","6.8181",,"Georgetown",8/12/2007 0:00:00,12/30/1899 2:00:00,"A- Fatal","F- Driver",60.00,"Male","K- Private Cars","O- Lost Control & Runoff",1.00
9928,37788.00,"4- Demerara- Mahaica",,"Camp St.",,"-58.1600","6.8137",,"Georgetown",8/8/2007 0:00:00,12/30/1899 18:20:00,"C- Minor Injury","F- Driver",59.00,"Male","K- Private Cars","S- Driver's Negligence",2.00
9929,37789.00,"4- Demerara- Mahaica",,"Norton St.",,"-58.1519","6.8017",,"Georgetown",8/13/2007 0:00:00,12/30/1899 16:10:00,"D- Property Damage","F- Driver",32.00,"Male","J- Minibus;K- Private Cars","S- Driver's Negligence",2.00
9930,37790.00,"4- Demerara- Mahaica",,"Cowan St. & High St.",,"-58.1633","6.8206",,"Georgetown",8/13/2007 0:00:00,12/30/1899 9:20:00,"D- Property Damage","F- Driver",39.00,"Male","J- Minibus;K- Private Cars","S- Driver's Negligence",2.00
9931,37791.00,"4- Demerara- Mahaica",,"Lamaha & Albert St.",,"-58.1515","6.8167",,"Georgetown",8/14/2007 0:00:00,12/30/1899 10:30:00,"C- Minor Injury","F- Driver",30.00,"Male","K- Private Cars;L- Lorries Van","S- Driver's Negligence",2.00
9932,37792.00,"4- Demerara- Mahaica",,"Irving St.",,"-58.1455","6.8177",,"Georgetown",8/14/2007 0:00:00,12/30/1899 16:30:00,"C- Minor Injury","G- Rider",,"Male","N- Pickup;W-Pedal Cycle","U- Cyclist's Negligence",2.00
9933,37793.00,"4- Demerara- Mahaica",,"Regent St. & Wellington St.",,"-58.1624","6.8107",,"Georgetown",8/15/2007 0:00:00,12/30/1899 11:05:00,"D- Property Damage","F- Driver",48.00,"Male","K- Private Cars;M- Hire Cars","S- Driver's Negligence",2.00
9934,37794.00,"4- Demerara- Mahaica",,"Camp St.",,"-58.1600","6.8137",,"Georgetown",8/4/2007 0:00:00,12/30/1899 5:30:00,"D- Property Damage","F- Driver",38.00,"Male","K- Private Cars;M- Hire Cars","S- Driver's Negligence",2.00
9935,37795.00,"4- Demerara- Mahaica",,"Norton & John St.",,"-58.1403","6.7987",,"Georgetown",8/15/2007 0:00:00,12/30/1899 14:45:00,"B- Serious Injury","F- Driver",23.00,"Male","K- Private Cars","S- Driver's Negligence",3.00
9936,37796.00,"4- Demerara- Mahaica",,"Brickdam",,"-58.1552","6.8061",,"Georgetown",8/16/2007 0:00:00,12/30/1899 14:25:00,"D- Property Damage","F- Driver",30.00,"Male","L- Lorries Van;M- Hire Cars","S- Driver's Negligence",2.00
9937,37797.00,"4- Demerara- Mahaica",,"Albert St. & Regent St.",,"-58.1538","6.8084",,"Georgetown",8/18/2007 0:00:00,12/30/1899 4:00:00,"D- Property Damage","F- Driver",30.00,"Male","K- Private Cars","S- Driver's Negligence",2.00
9938,37798.00,"4- Demerara- Mahaica",,"Norton & Halley St.",,"-58.1525","6.8019",,"Georgetown",8/19/2007 0:00:00,12/30/1899 9:00:00,"D- Property Damage","F- Driver",28.00,"Male","M- Hire Cars","S- Driver's Negligence",2.00
9939,37799.00,"4- Demerara- Mahaica",,"Brickdam",,"-58.1552","6.8061",,"Georgetown",8/20/2007 0:00:00,12/30/1899 9:30:00,"D- Property Damage","F- Driver",46.00,"Male","K- Private Cars;V-Motor Cycle","S- Driver's Negligence",2.00
9940,37800.00,"4- Demerara- Mahaica",,"Robb St. & Orangewalk",,"-58.1573","6.8102",,"Georgetown",8/20/2007 0:00:00,12/30/1899 20:30:00,"D- Property Damage","F- Driver",46.00,"Male","K- Private Cars;M- Hire Cars","S- Driver's Negligence",2.00
9941,37801.00,"4- Demerara- Mahaica",,"North Rd.",,"-58.1575","6.8110",,"Georgetown",8/20/2007 0:00:00,12/30/1899 13:10:00,"D- Property Damage","F- Driver",44.00,"Female","K- Private Cars","S- Driver's Negligence",2.00
9942,37802.00,"4- Demerara- Mahaica",,"South Rd. & Light St.",,"-58.1556","6.8072",,"Georgetown",8/21/2007 0:00:00,12/30/1899 9:15:00,"D- Property Damage","G- Rider",21.00,"Male","M- Hire Cars;W-Pedal Cycle","U- Cyclist's Negligence",2.00
9943,37803.00,"4- Demerara- Mahaica",,"Lamaha & Waterloo St.",,"-58.1601","6.8190",,"Georgetown",8/21/2007 0:00:00,12/30/1899 9:30:00,"D- Property Damage","F- Driver",42.00,"Female","L- Lorries Van;M- Hire Cars","S- Driver's Negligence",2.00
9944,37804.00,"4- Demerara- Mahaica",,"Ave. of the Republic & Robb St.",,"-58.1650","6.8123",,"Georgetown",7/26/2007 0:00:00,12/30/1899 13:30:00,"D- Property Damage","F- Driver",31.00,"Male","K- Private Cars;L- Lorries Van","S- Driver's Negligence",2.00
9945,37805.00,"4- Demerara- Mahaica",,"Manget Place & Croal St.",,"-58.1644","6.8093",,"Georgetown",8/23/2007 0:00:00,12/30/1899 8:20:00,"C- Minor Injury","F- Driver",79.00,"Male","L- Lorries Van","S- Driver's Negligence",2.00
9946,37806.00,"4- Demerara- Mahaica",,"Cummings St.",,"-58.1553","6.8140",,"Georgetown",7/17/2007 0:00:00,12/30/1899 17:00:00,"D- Property Damage","F- Driver",30.00,"Male","K- Private Cars;L- Lorries Van","S- Driver's Negligence",2.00
9947,37807.00,"4- Demerara- Mahaica",,"Norton St.",,"-58.1519","6.8017",,"Georgetown",8/23/2007 0:00:00,12/30/1899 20:00:00,"C- Minor Injury","E- Pedestrian",,"Female","V-Motor Cycle","T-Pedestrian's Negligence",2.00
9948,37808.00,"4- Demerara- Mahaica",,"Lombard St.",,"-58.1675","6.8071",,"Georgetown",8/24/2007 0:00:00,12/30/1899 12:00:00,"D- Property Damage","F- Driver",43.00,"Male","J- Minibus;M- Hire Cars","S- Driver's Negligence",2.00
9949,37809.00,"4- Demerara- Mahaica",,"Robb St.",,"-58.1599","6.8109",,"Georgetown",8/25/2007 0:00:00,12/30/1899 8:30:00,"D- Property Damage","F- Driver",53.00,"Male","K- Private Cars;N- Pickup","S- Driver's Negligence",2.00
9950,37810.00,"4- Demerara- Mahaica",,"Water St. & Robb St.",,"-58.1667","6.8128",,"Georgetown",8/25/2007 0:00:00,12/30/1899 13:30:00,"D- Property Damage","F- Driver",40.00,"Male","J- Minibus","S- Driver's Negligence",2.00
9951,37811.00,"4- Demerara- Mahaica",,"Church St.",,"-58.1574","6.8114",,"Georgetown",8/27/2007 0:00:00,12/30/1899 16:50:00,"B- Serious Injury","G- Rider",28.00,"Male","N- Pickup;V-Motor Cycle","U- Cyclist's Negligence",2.00
9952,37812.00,"4- Demerara- Mahaica",,"Light St. & Regent St.",,"-58.1552","6.8087",,"Georgetown",8/27/2007 0:00:00,12/30/1899 13:30:00,"D- Property Damage","G- Rider",,,"K- Private Cars;W-Pedal Cycle","U- Cyclist's Negligence",2.00
9953,37813.00,"4- Demerara- Mahaica",,"Lamaha & Thomas St.",,"-58.1568","6.8181",,"Georgetown",8/28/2007 0:00:00,12/30/1899 18:30:00,"B- Serious Injury","G- Rider",,"Female","K- Private Cars;V-Motor Cycle","U- Cyclist's Negligence",2.00
9954,37814.00,"4- Demerara- Mahaica",,"Norton & Halley St.",,"-58.1525","6.8019",,"Georgetown",8/29/2007 0:00:00,12/30/1899 16:30:00,"C- Minor Injury","F- Driver",33.00,"Male","M- Hire Cars;V-Motor Cycle","S- Driver's Negligence",2.00
9955,37815.00,"4- Demerara- Mahaica",,"Norton & Cemetry Rd.",,"-58.1477","6.8088",,"Georgetown",8/30/2007 0:00:00,12/30/1899 16:30:00,"C- Minor Injury","F- Driver",53.00,"Male","L- Lorries Van;V-Motor Cycle","S- Driver's Negligence",2.00
9956,37816.00,"4- Demerara- Mahaica",,"Regent St.",,"-58.1604","6.8102",,"Georgetown",8/30/2007 0:00:00,12/30/1899 11:25:00,"B- Serious Injury","F- Driver",,"Male","K- Private Cars","S- Driver's Negligence",2.00
9957,37817.00,"4- Demerara- Mahaica",,"John Fernandes Access Rd.",,"-58.1597","6.7911",,"Georgetown",8/31/2007 0:00:00,12/30/1899 12:30:00,"D- Property Damage","F- Driver",36.00,"Male","K- Private Cars;L- Lorries Van;V-Motor Cycle","S- Driver's Negligence",3.00
9958,37818.00,"4- Demerara- Mahaica",,"Cornhill St. & Brickdam",,"-58.1572","6.8066",,"Georgetown",8/31/2007 0:00:00,12/30/1899 17:10:00,"D- Property Damage","F- Driver",29.00,"Male","J- Minibus;K- Private Cars","S- Driver's Negligence",2.00
9959,37819.00,"4- Demerara- Mahaica",,"Camp St.",,"-58.1600","6.8137",,"Georgetown",9/25/2007 0:00:00,12/30/1899 4:00:00,"D- Property Damage","F- Driver",40.00,"Male","M- Hire Cars;N- Pickup","S- Driver's Negligence",2.00
9960,37820.00,"4- Demerara- Mahaica",,"Regent St. & New Market St.",,"-58.1512","6.8068",,"Georgetown",8/31/2007 0:00:00,12/30/1899 18:30:00,"D- Property Damage","F- Driver",26.00,"Male","J- Minibus;K- Private Cars","S- Driver's Negligence",2.00
9961,37821.00,"4- Demerara- Mahaica",,"Camp St. & Hadfield St.",,"-58.1614","6.8078",,"Georgetown",8/31/2007 0:00:00,12/30/1899 16:00:00,"D- Property Damage","F- Driver",49.00,"Male","J- Minibus;K- Private Cars","S- Driver's Negligence",2.00
9962,37822.00,"4- Demerara- Mahaica",,"Brummel Place & Croal St.",,"-58.1514","6.8059",,"Georgetown",9/1/2007 0:00:00,12/30/1899 14:45:00,"D- Property Damage","F- Driver",38.00,"Male","K- Private Cars;M- Hire Cars","S- Driver's Negligence",2.00
9963,37823.00,"4- Demerara- Mahaica",,"Camp Rd.",,"-58.1600","6.8137",,"Georgetown",9/3/2007 0:00:00,12/30/1899 14:20:00,"D- Property Damage","F- Driver",52.00,"Male","K- Private Cars;L- Lorries Van","S- Driver's Negligence",3.00
9964,37824.00,"4- Demerara- Mahaica",,"Sanderman Place",,"-58.1575","6.8044",,"Georgetown",9/3/2007 0:00:00,12/30/1899 7:45:00,"C- Minor Injury","E- Pedestrian",24.00,"Female","K- Private Cars","T-Pedestrian's Negligence",2.00
9965,37825.00,"4- Demerara- Mahaica",,"Robb St. & Albert St.",,"-58.1535","6.8092",,"Georgetown",9/5/2007 0:00:00,12/30/1899 8:30:00,"D- Property Damage","F- Driver",31.00,"Male","K- Private Cars;N- Pickup","S- Driver's Negligence",3.00
9966,37826.00,"4- Demerara- Mahaica",,"Robb St.",,"-58.1599","6.8109",,"Georgetown",9/6/2007 0:00:00,12/30/1899 1:30:00,"D- Property Damage","F- Driver",26.00,"Male","K- Private Cars;L- Lorries Van","S- Driver's Negligence",2.00
9967,37827.00,"4- Demerara- Mahaica",,"Carifesta Ave.",,"-58.1483","6.8240",,"Georgetown",9/7/2007 0:00:00,12/30/1899 7:30:00,"D- Property Damage","F- Driver",25.00,"Male","J- Minibus;K- Private Cars","S- Driver's Negligence",4.00
9968,37828.00,"4- Demerara- Mahaica",,"Croal St. & Winter Place",,"-58.1559","6.8071",,"Georgetown",9/8/2007 0:00:00,12/30/1899 1:25:00,"C- Minor Injury","F- Driver",27.00,"Male","M- Hire Cars","O- Lost Control & Runoff",1.00
9969,37829.00,"4- Demerara- Mahaica",,"King St. & South Rd.",,"-58.1645","6.8096",,"Georgetown",9/8/2007 0:00:00,12/30/1899 15:00:00,"D- Property Damage","F- Driver",43.00,"Male","K- Private Cars","S- Driver's Negligence",2.00
9970,37830.00,"4- Demerara- Mahaica",,"Regent St. & Ave. of the Republic",,"-58.1651","6.8117",,"Georgetown",9/8/2007 0:00:00,12/30/1899 22:10:00,"B- Serious Injury","E- Pedestrian",33.00,"Male","J- Minibus","T-Pedestrian's Negligence",2.00
9971,37831.00,"4- Demerara- Mahaica",,"Brickdam & Camp St.",,"-58.1615","6.8077",,"Georgetown",9/8/2007 0:00:00,12/30/1899 20:20:00,"D- Property Damage","F- Driver",43.00,"Male","K- Private Cars;M- Hire Cars","S- Driver's Negligence",3.00
9972,37832.00,"4- Demerara- Mahaica",,"Princess St. & High St.",,"-58.1671","6.8048",,"Georgetown",9/9/2007 0:00:00,12/30/1899 8:30:00,"B- Serious Injury","F- Driver",35.00,"Male","J- Minibus","S- Driver's Negligence",2.00
9973,37833.00,"4- Demerara- Mahaica",,"Camp St.",,"-58.1600","6.8137",,"Georgetown",9/10/2007 0:00:00,12/30/1899 18:00:00,"D- Property Damage","F- Driver",28.00,"Male","K- Private Cars","S- Driver's Negligence",2.00
9974,37834.00,"4- Demerara- Mahaica",,"Camp St. & North Road",,"-58.1604","6.8118",,"Georgetown",9/11/2007 0:00:00,12/30/1899 8:45:00,"B- Serious Injury","F- Driver",42.00,"Male","L- Lorries Van;M- Hire Cars","S- Driver's Negligence",3.00