"ID","Accident ID","Region Number","Corridor ID","Location (Intersection/Road/Street)","Corridor","Location- longitude/ X","Location- latitude/  Y","Mile Marker","Village","Date of Accident","Time of Accident","Type of Accident","Class of Road User","Age/DOB","Gender","Class of Vehicles Involved","Contributing Factor","Number of Persons Involved"
9975,37835.00,"4- Demerara- Mahaica",,"Carifesta Ave.",,"-58.1483","6.8240",,"Georgetown",9/11/2007 0:00:00,12/30/1899 0:35:00,"A- Fatal","F- Driver",,,"K- Private Cars","P- Speeding",2.00
9976,37836.00,"4- Demerara- Mahaica",,"Durban St.",,"-58.1526","6.8028",,"Georgetown",9/12/2007 0:00:00,12/30/1899 13:30:00,"C- Minor Injury","F- Driver",29.00,"Male","J- Minibus;W-Pedal Cycle","S- Driver's Negligence",2.00
9977,37837.00,"4- Demerara- Mahaica",,"Barrack St.",,"-58.1593","6.8211",,"Georgetown",9/12/2007 0:00:00,12/30/1899 16:30:00,"D- Property Damage","F- Driver",30.00,"Male","L- Lorries Van;M- Hire Cars","S- Driver's Negligence",2.00
9978,37838.00,"4- Demerara- Mahaica",,"Camp St.",,"-58.1600","6.8137",,"Georgetown",1/3/2007 0:00:00,12/30/1899 10:30:00,"C- Minor Injury","F- Driver",,,"K- Private Cars","S- Driver's Negligence",2.00
9979,37839.00,"4- Demerara- Mahaica",,"Camp St.",,"-58.1600","6.8137",,"Georgetown",1/1/2007 0:00:00,12/30/1899 4:30:00,"D- Property Damage","F- Driver",60.00,"Male","K- Private Cars","S- Driver's Negligence",2.00
9980,37840.00,"4- Demerara- Mahaica",,"Albert St. & South Rd.",,"-58.1542","6.8069",,"Georgetown",1/3/2007 0:00:00,12/30/1899 13:15:00,"D- Property Damage","F- Driver",47.00,"Male","M- Hire Cars;N- Pickup","S- Driver's Negligence",2.00
9981,37841.00,"4- Demerara- Mahaica",,"Ave. of the Republic & Brickdam",,"-58.1660","6.8089",,"Georgetown",1/3/2007 0:00:00,12/30/1899 22:20:00,"C- Minor Injury","F- Driver",50.00,"Male","J- Minibus","S- Driver's Negligence",2.00
9982,37842.00,"4- Demerara- Mahaica",,"Camp St. & Regent St.",,"-58.1608","6.8103",,"Georgetown",1/4/2007 0:00:00,12/30/1899 22:50:00,"D- Property Damage","F- Driver",38.00,"Male","K- Private Cars;M- Hire Cars","S- Driver's Negligence",2.00
9983,37843.00,"4- Demerara- Mahaica",,"Camp St. & Robb St.",,"-58.1606","6.8111",,"Georgetown",1/4/2007 0:00:00,12/30/1899 11:10:00,"D- Property Damage","F- Driver",48.00,"Male","K- Private Cars","S- Driver's Negligence",2.00
9984,37844.00,"4- Demerara- Mahaica",,"Durban & Halley St.",,"-58.1522","6.8027",,"Georgetown",1/4/2007 0:00:00,12/30/1899 16:10:00,"C- Minor Injury","G- Rider",,,"K- Private Cars;W-Pedal Cycle","U- Cyclist's Negligence",2.00
9985,37845.00,"4- Demerara- Mahaica",,"New Market St.",,"-58.1599","6.8173",,"Georgetown",1/4/2007 0:00:00,12/30/1899 17:30:00,"C- Minor Injury","F- Driver",39.00,"Male","K- Private Cars","S- Driver's Negligence",2.00
9986,37846.00,"4- Demerara- Mahaica",,"Regent St. & Wellington St.",,"-58.1624","6.8107",,"Georgetown",1/5/2007 0:00:00,12/30/1899 10:00:00,"D- Property Damage","F- Driver",33.00,"Male","J- Minibus;K- Private Cars","S- Driver's Negligence",2.00
9987,37847.00,"4- Demerara- Mahaica",,"Croal St. & Cornhill St.",,"-58.1570","6.8073",,"Georgetown",1/5/2007 0:00:00,12/30/1899 16:30:00,"D- Property Damage","F- Driver",27.00,"Male","J- Minibus","S- Driver's Negligence",2.00
9988,37848.00,"4- Demerara- Mahaica",,"Church St. & Thomas St.",,"-58.1585","6.8117",,"Gerogetown",1/5/2007 0:00:00,12/30/1899 23:10:00,"B- Serious Injury","G- Rider",22.00,"Male","V-Motor Cycle;W-Pedal Cycle","U- Cyclist's Negligence",2.00
9989,37849.00,"4- Demerara- Mahaica",,"Regent St. & Wellington St.",,"-58.1624","6.8107",,"Georgetown",1/6/2007 0:00:00,12/30/1899 13:00:00,"C- Minor Injury","F- Driver",33.00,"Male","J- Minibus;V-Motor Cycle","S- Driver's Negligence",2.00
9990,37850.00,"4- Demerara- Mahaica",,"Regent St. & Ave. of the Republic",,"-58.1653","6.8115",,"Georgetown",1/6/2007 0:00:00,12/30/1899 18:30:00,"D- Property Damage","F- Driver",36.00,"Male","J- Minibus","S- Driver's Negligence",2.00
9991,37851.00,"4- Demerara- Mahaica",,"Robb St. & Ornoque St.",,"-58.1521","6.8088",,"Georgetown",1/6/2007 0:00:00,12/30/1899 19:33:00,"D- Property Damage","F- Driver",46.00,"Male","K- Private Cars","S- Driver's Negligence",2.00
9992,37852.00,"4- Demerara- Mahaica",,"Norton St. & Louisa Row",,"-58.1577","6.8033",,"Georgetown",1/8/2007 0:00:00,12/30/1899 7:20:00,"C- Minor Injury","G- Rider",24.00,"Male","K- Private Cars;V-Motor Cycle","U- Cyclist's Negligence",2.00
9993,37853.00,"4- Demerara- Mahaica",,"King St. & South Rd.",,"-58.1645","6.8096",,"Georgetown",1/8/2007 0:00:00,12/30/1899 11:45:00,"D- Property Damage","F- Driver",45.00,"Male","K- Private Cars;N- Pickup","S- Driver's Negligence",2.00
9994,37854.00,"4- Demerara- Mahaica",,"Ave. of the Republic & America St.",,"-58.1658","6.8103",,"Georgetown",1/8/2007 0:00:00,12/30/1899 16:10:00,"C- Minor Injury","F- Driver",38.00,"Male","J- Minibus","S- Driver's Negligence",2.00
9995,37855.00,"4- Demerara- Mahaica",,"Brickdam",,"-58.1552","6.8061",,"Georgetown",1/9/2007 0:00:00,12/30/1899 6:30:00,"C- Minor Injury","F- Driver",70.00,"Female","J- Minibus","S- Driver's Negligence",2.00
9996,37856.00,"4- Demerara- Mahaica",,"Robb St. & Ornoque",,"-58.1521","6.8088",,"Georgetown",1/9/2007 0:00:00,12/30/1899 11:15:00,"C- Minor Injury","F- Driver",70.00,"Female","K- Private Cars;M- Hire Cars","S- Driver's Negligence",2.00
9997,37857.00,"4- Demerara- Mahaica",,"Durban St.",,"-58.1526","6.8028",,"Georgetown",1/9/2007 0:00:00,12/30/1899 8:30:00,"C- Minor Injury","G- Rider",13.00,"Male","V-Motor Cycle","U- Cyclist's Negligence",2.00
9998,37858.00,"4- Demerara- Mahaica",,"Croal St.",,"-58.1581","6.8076",,"Georgetown",1/9/2007 0:00:00,12/30/1899 16:10:00,"C- Minor Injury","F- Driver",47.00,"Male","J- Minibus;V-Motor Cycle","S- Driver's Negligence",2.00
9999,37859.00,"4- Demerara- Mahaica",,"High St. & Lamaha",,"-58.1634","6.8199",,"Georgetown",1/9/2007 0:00:00,12/30/1899 16:04:00,"A- Fatal","F- Driver",32.00,"Male","J- Minibus;L- Lorries Van;W-Pedal Cycle","S- Driver's Negligence",3.00
10000,37860.00,"4- Demerara- Mahaica",,"Hadfield St. & John St.",,"-58.1389","6.8111",,"Georgetown",1/9/2007 0:00:00,12/30/1899 21:40:00,"C- Minor Injury","F- Driver",25.00,"Male","J- Minibus;K- Private Cars","S- Driver's Negligence",3.00
10001,37861.00,"4- Demerara- Mahaica",,"Lamaha",,"-58.1564","6.8181",,"Georgetown",1/11/2007 0:00:00,12/30/1899 11:55:00,"C- Minor Injury","F- Driver",51.00,"Male","J- Minibus","S- Driver's Negligence",2.00
10002,37862.00,"4- Demerara- Mahaica",,"Regent St. & Wellington St.",,"-58.1624","6.8107",,"Georgetown",1/11/2007 0:00:00,12/30/1899 13:30:00,"C- Minor Injury","G- Rider",,,"M- Hire Cars;W-Pedal Cycle","U- Cyclist's Negligence",2.00
10003,37863.00,"4- Demerara- Mahaica",,"Manget Place & Croal St.",,"-58.1644","6.8093",,"Georgetown",1/11/2007 0:00:00,12/30/1899 13:30:00,"D- Property Damage","F- Driver",50.00,"Male","K- Private Cars;M- Hire Cars","S- Driver's Negligence",2.00
10004,37864.00,"4- Demerara- Mahaica",,"Camp St. & Lamaha",,"-58.1584","6.8186",,"Georgetown",1/12/2007 0:00:00,12/30/1899 17:30:00,"C- Minor Injury","F- Driver",,,"J- Minibus","S- Driver's Negligence",2.00
10005,37865.00,"4- Demerara- Mahaica",,"Durban St. & Camp St.",,"-58.1620","6.8053",,"Georgetown",1/12/2007 0:00:00,,"C- Minor Injury","G- Rider",24.00,"Male","V-Motor Cycle","U- Cyclist's Negligence",2.00
10006,37866.00,"4- Demerara- Mahaica",,"Hinck St.",,"-58.1660","6.8119",,"Georgetown",1/13/2007 0:00:00,,"C- Minor Injury","F- Driver",,,"M- Hire Cars","S- Driver's Negligence",2.00
10007,37867.00,"4- Demerara- Mahaica",,"Church St.",,"-58.1574","6.8114",,"Georgetown",1/14/2007 0:00:00,12/30/1899 0:30:00,"D- Property Damage","F- Driver",28.00,"Male","J- Minibus;K- Private Cars;L- Lorries Van","S- Driver's Negligence",3.00
10008,37868.00,"4- Demerara- Mahaica",,"Albert St.",,"-58.1527","6.8123",,"Georgetown",1/14/2007 0:00:00,12/30/1899 20:30:00,"D- Property Damage","F- Driver",31.00,"Female","K- Private Cars;L- Lorries Van","S- Driver's Negligence",2.00
10009,37869.00,"4- Demerara- Mahaica",,"Lombard St.",,"-58.1675","6.8071",,"Georgetown",1/15/2007 0:00:00,12/30/1899 8:45:00,"C- Minor Injury","G- Rider",,,"V-Motor Cycle","U- Cyclist's Negligence",2.00
10010,37870.00,"4- Demerara- Mahaica",,"Camp St. & Charlotte St.",,"-58.1610","6.8094",,"Georgetown",1/15/2007 0:00:00,12/30/1899 10:30:00,"D- Property Damage","F- Driver",35.00,"Male","K- Private Cars;V-Motor Cycle","S- Driver's Negligence",2.00
10011,37871.00,"4- Demerara- Mahaica",,"Camp St.",,"-58.1600","6.8137",,"Georgetown",1/15/2004 0:00:00,,"D- Property Damage","F- Driver",53.00,"Male","J- Minibus;L- Lorries Van","S- Driver's Negligence",2.00
10012,37872.00,"4- Demerara- Mahaica",,"Regent St.",,"-58.1604","6.8102",,"Georgetown",1/15/2007 0:00:00,12/30/1899 8:10:00,"D- Property Damage","F- Driver",,,"K- Private Cars;V-Motor Cycle","S- Driver's Negligence",2.00
10013,37873.00,"4- Demerara- Mahaica",,"Manget Place & Croal St.",,"-58.1644","6.8093",,"Georgetown",1/15/2007 0:00:00,12/30/1899 9:00:00,"D- Property Damage","F- Driver",24.00,"Male","K- Private Cars;L- Lorries Van","S- Driver's Negligence",2.00
10014,37874.00,"4- Demerara- Mahaica",,"Camp St. & Lamaha",,"-58.1584","6.8186",,"Georgetown",1/17/2007 0:00:00,12/30/1899 21:30:00,"C- Minor Injury","F- Driver",44.00,"Male","K- Private Cars;L- Lorries Van","S- Driver's Negligence",2.00
10015,37875.00,"4- Demerara- Mahaica",,"Irving St.",,"-58.1455","6.8177",,"Georgetown",1/18/2007 0:00:00,12/30/1899 8:30:00,"D- Property Damage","F- Driver",34.00,"Male","L- Lorries Van;M- Hire Cars","S- Driver's Negligence",2.00
10016,37876.00,"4- Demerara- Mahaica",,"Croal St.",,"-58.1581","6.8076",,"Georgetown",1/18/2007 0:00:00,12/30/1899 19:00:00,"D- Property Damage","F- Driver",27.00,"Male","K- Private Cars","S- Driver's Negligence",2.00
10017,37877.00,"4- Demerara- Mahaica",,"Hadfield St.",,"-58.1650","6.8079",,"Georgetown",1/18/2007 0:00:00,12/30/1899 19:30:00,"D- Property Damage","F- Driver",27.00,"Male","L- Lorries Van","O- Lost Control & Runoff",1.00
10018,37878.00,"4- Demerara- Mahaica",,"Camp St. & Brickdam",,"-58.1615","6.8077",,"Georgetown",1/19/2007 0:00:00,12/30/1899 8:00:00,"D- Property Damage","F- Driver",43.00,"Male","K- Private Cars;L- Lorries Van","S- Driver's Negligence",2.00
10019,37879.00,"4- Demerara- Mahaica",,"Water St.",,"-58.1659","6.8180",,"Georgetown",1/19/2007 0:00:00,12/30/1899 11:20:00,"C- Minor Injury","F- Driver",37.00,"Female","K- Private Cars","S- Driver's Negligence",2.00
10020,37880.00,"4- Demerara- Mahaica",,"North Rd. & Wellington St.",,"-58.1621","6.8122",,"Georgetown",1/19/2007 0:00:00,12/30/1899 12:30:00,"C- Minor Injury","G- Rider",51.00,"Male","K- Private Cars;W-Pedal Cycle","U- Cyclist's Negligence",2.00
10021,37881.00,"4- Demerara- Mahaica",,"Croal St. & Manget Place",,"-58.1644","6.8093",,"Georgetown",1/19/2007 0:00:00,12/30/1899 11:45:00,"C- Minor Injury","F- Driver",32.00,"Male","J- Minibus;K- Private Cars","S- Driver's Negligence",2.00
10022,37882.00,"4- Demerara- Mahaica",,"Croal St.",,"-58.1581","6.8076",,"Georgetown",1/19/2007 0:00:00,12/30/1899 13:30:00,"D- Property Damage","F- Driver",38.00,"Male","K- Private Cars","S- Driver's Negligence",2.00
10023,37883.00,"4- Demerara- Mahaica",,"Camp St. & Norton St.",,"-58.1622","6.8045",,"Georgetown",1/19/2007 0:00:00,12/30/1899 12:40:00,"D- Property Damage","F- Driver",36.00,"Male","K- Private Cars;N- Pickup","S- Driver's Negligence",2.00
10024,37884.00,"4- Demerara- Mahaica",,"South Rd. & Vlissengen Rd.",,"-58.1508","6.8059",,"Georgetown",1/20/2007 0:00:00,12/30/1899 12:40:00,"D- Property Damage","F- Driver",20.00,"Male","K- Private Cars;N- Pickup","S- Driver's Negligence",2.00
10025,37885.00,"4- Demerara- Mahaica",,"Louisa Row & Brickdam",,"-58.1504","6.8004",,"Georgetown",1/22/2007 0:00:00,12/30/1899 0:55:00,"D- Property Damage","F- Driver",26.00,"Male","K- Private Cars;M- Hire Cars","S- Driver's Negligence",2.00
10026,37886.00,"4- Demerara- Mahaica",,"Hadfield St. & Lime St.",,"-58.1584","6.8062",,"Georgetown",1/22/2007 0:00:00,12/30/1899 11:30:00,"C- Minor Injury","F- Driver",32.00,"Male","J- Minibus;V-Motor Cycle","S- Driver's Negligence",2.00
10027,37887.00,"4- Demerara- Mahaica",,"Durban & Smyth St.",,"-58.1641","6.8059",,"Georgetown",1/22/2007 0:00:00,12/30/1899 15:00:00,"D- Property Damage","F- Driver",60.00,"Male","K- Private Cars;M- Hire Cars","S- Driver's Negligence",2.00
10028,37888.00,"4- Demerara- Mahaica",,"Charlotte St. & Wellington St.",,"-58.1627","6.8099",,"Georgetown",1/22/2007 0:00:00,12/30/1899 17:15:00,"C- Minor Injury","G- Rider",41.00,"Male","M- Hire Cars;V-Motor Cycle","U- Cyclist's Negligence",2.00
10029,37889.00,"4- Demerara- Mahaica",,"Regent St.",,"-58.1604","6.8102",,"Georgetown",1/23/2007 0:00:00,12/30/1899 4:45:00,"C- Minor Injury","F- Driver",,"Male","J- Minibus","S- Driver's Negligence",2.00
10030,37890.00,"4- Demerara- Mahaica",,"Lombard St.",,"-58.1675","6.8071",,"Georgetown",1/23/2007 0:00:00,12/30/1899 10:03:00,"D- Property Damage","F- Driver",36.00,"Male","K- Private Cars;L- Lorries Van","S- Driver's Negligence",2.00
10031,37891.00,"4- Demerara- Mahaica",,"Ave. of the Republic",,"-58.1651","6.8117",,"Georgetown",1/24/2007 0:00:00,12/30/1899 12:15:00,"D- Property Damage","F- Driver",31.00,"Male","K- Private Cars","S- Driver's Negligence",2.00
10032,37892.00,"4- Demerara- Mahaica",,"King St. & Robb St.",,"-58.1639","6.8120",,"Georgetown",1/24/2007 0:00:00,12/30/1899 15:30:00,"C- Minor Injury","G- Rider",32.00,"Male","N- Pickup;V-Motor Cycle","U- Cyclist's Negligence",2.00
10033,37893.00,"4- Demerara- Mahaica",,"Vlissengen Rd.",,"-58.1474","6.8108",,"Georgetown",1/24/2007 0:00:00,12/30/1899 14:35:00,"D- Property Damage","F- Driver",27.00,"Male","J- Minibus","S- Driver's Negligence",2.00
10034,37894.00,"4- Demerara- Mahaica",,"Brickdam & Smyth St.",,"-58.1635","6.8083",,"Georgetown",1/25/2007 0:00:00,12/30/1899 8:05:00,"D- Property Damage","F- Driver",70.00,"Male","K- Private Cars","S- Driver's Negligence",2.00
10035,37895.00,"4- Demerara- Mahaica",,"Croal St.",,"-58.1581","6.8076",,"Geoegetown",1/24/2007 0:00:00,12/30/1899 16:30:00,"D- Property Damage","F- Driver",36.00,"Male","J- Minibus","S- Driver's Negligence",2.00
10036,37896.00,"4- Demerara- Mahaica",,"Hadfield St. & High St.",,"-58.1662","6.8081",,"Georgetown",1/23/2007 0:00:00,12/30/1899 9:30:00,"C- Minor Injury","G- Rider",,"Male","K- Private Cars;V-Motor Cycle","U- Cyclist's Negligence",2.00
10037,37897.00,"4- Demerara- Mahaica",,"Ave. of the Republic",,"-58.1651","6.8117",,"Georgetown",1/26/2007 0:00:00,12/30/1899 12:00:00,"B- Serious Injury","G- Rider",43.00,"Male","J- Minibus;W-Pedal Cycle","U- Cyclist's Negligence",2.00
10038,37898.00,"4- Demerara- Mahaica",,"John St.",,"-58.1374","6.8107",,"Georgetown",1/26/2007 0:00:00,12/30/1899 18:45:00,"C- Minor Injury","F- Driver",,"Male","K- Private Cars","P- Speeding",2.00
10039,37899.00,"4- Demerara- Mahaica",,"Hadfield St.",,"-58.1650","6.8079",,"Georgetown",1/27/2007 0:00:00,,"C- Minor Injury","F- Driver",,,"M- Hire Cars","S- Driver's Negligence",2.00
10040,37900.00,"4- Demerara- Mahaica",,"Crown St. & Ornoque St.",,"-58.1508","6.8135",,"Georgetown",1/23/2007 0:00:00,12/30/1899 11:10:00,"D- Property Damage","F- Driver",38.00,"Male","K- Private Cars;V-Motor Cycle","S- Driver's Negligence",2.00
10041,37901.00,"4- Demerara- Mahaica",,"Brickdam & Cornhill St.",,"-58.1572","6.8066",,"Georgetown",1/27/2007 0:00:00,12/30/1899 17:15:00,"B- Serious Injury","F- Driver",25.00,"Male","J- Minibus","P- Speeding",2.00
10042,37902.00,"4- Demerara- Mahaica",,"Louisa Row & Hadfield St.",,"-58.1497","6.8037",,"Georgetown",1/28/2007 0:00:00,12/30/1899 18:30:00,"D- Property Damage","F- Driver",18.00,"Male","M- Hire Cars;V-Motor Cycle","S- Driver's Negligence",2.00
10043,37903.00,"4- Demerara- Mahaica",,"Regent St.",,"-58.1604","6.8102",,"Georgetown",1/29/2007 0:00:00,12/30/1899 15:10:00,"D- Property Damage","G- Rider",44.00,"Female","M- Hire Cars;V-Motor Cycle","U- Cyclist's Negligence",2.00
10044,37904.00,"4- Demerara- Mahaica",,"Camp St. & Durban St.",,"-58.1620","6.8053",,"Georgetown",1/29/2007 0:00:00,12/30/1899 15:45:00,"D- Property Damage","F- Driver",21.00,"Male","K- Private Cars","S- Driver's Negligence",2.00
10045,37905.00,"4- Demerara- Mahaica",,"Young St. & High St.",,"-58.1622","6.8241",,"Georgetown",1/29/2007 0:00:00,12/30/1899 15:48:00,"D- Property Damage","F- Driver",30.00,"Male","J- Minibus;M- Hire Cars","S- Driver's Negligence",2.00
10046,37906.00,"4- Demerara- Mahaica",,"Ave. of the Republic",,"-58.1651","6.8117",,"Georgetown",1/30/2007 0:00:00,12/30/1899 10:45:00,"D- Property Damage","F- Driver",48.00,"Male","J- Minibus;K- Private Cars","S- Driver's Negligence",2.00
10047,37907.00,"4- Demerara- Mahaica",,"3rd. St. & Albert St.",,"-58.1523","6.8139",,"Georgetown",1/30/2007 0:00:00,12/30/1899 20:05:00,"D- Property Damage","G- Rider",29.00,"Male","L- Lorries Van;V-Motor Cycle","U- Cyclist's Negligence",2.00
10048,37908.00,"4- Demerara- Mahaica",,"Church St. & Light St.",,"-58.1547","6.8107",,"Georgetown",2/1/2007 0:00:00,12/30/1899 10:30:00,"D- Property Damage","F- Driver",35.00,"Male","K- Private Cars","S- Driver's Negligence",2.00
10049,37909.00,"4- Demerara- Mahaica",,"Water St. & Middle St.",,"-58.1609","6.8158",,"Georgetown",2/1/2007 0:00:00,12/30/1899 14:00:00,"D- Property Damage","F- Driver",48.00,"Male","K- Private Cars","O- Lost Control & Runoff",1.00
10050,37910.00,"4- Demerara- Mahaica",,"Cornhill St.",,"-58.1574","6.8046",,"Georgetown",2/1/2007 0:00:00,12/30/1899 15:15:00,"C- Minor Injury","F- Driver",47.00,"Male","J- Minibus","S- Driver's Negligence",2.00
10051,37911.00,"4- Demerara- Mahaica",,"Croal St.",,"-58.1581","6.8076",,"Georgetown",2/2/2007 0:00:00,12/30/1899 12:35:00,"B- Serious Injury","F- Driver",39.00,"Male","L- Lorries Van","S- Driver's Negligence",2.00
10052,37912.00,"4- Demerara- Mahaica",,"Camp St. & Church St.",,"-58.1601","6.8122",,"Georgetown",2/2/2007 0:00:00,12/30/1899 13:15:00,"D- Property Damage","F- Driver",39.00,"Male","J- Minibus;K- Private Cars","S- Driver's Negligence",2.00
10053,37913.00,"4- Demerara- Mahaica",,"Lamaha",,"-58.1564","6.8181",,"Georgetown",2/2/2007 0:00:00,,"C- Minor Injury","G- Rider",56.00,"Male","K- Private Cars;W-Pedal Cycle","U- Cyclist's Negligence",2.00
10054,37914.00,"4- Demerara- Mahaica",,"Orange Walk & Robb St.",,"-58.1573","6.8102",,"Georgetown",2/3/2007 0:00:00,12/30/1899 1:30:00,"C- Minor Injury","F- Driver",50.00,"Male","K- Private Cars;M- Hire Cars","S- Driver's Negligence",2.00
10055,37915.00,"4- Demerara- Mahaica",,"Camp St. & Lamaha",,"-58.1584","6.8186",,"Georgetown",2/3/2007 0:00:00,12/30/1899 16:00:00,"D- Property Damage","F- Driver",29.00,"Male","J- Minibus;N- Pickup","S- Driver's Negligence",2.00
10056,37916.00,"4- Demerara- Mahaica",,"Ave. of the Republic",,"-58.1651","6.8117",,"Georgetown",2/5/2007 0:00:00,12/30/1899 10:15:00,"D- Property Damage","F- Driver",28.00,"Male","K- Private Cars;L- Lorries Van","S- Driver's Negligence",2.00
10057,37917.00,"4- Demerara- Mahaica",,"North Rd. & Cummings St.",,"-58.1562","6.8107",,"Georgetown",2/5/2007 0:00:00,12/30/1899 8:05:00,"D- Property Damage","F- Driver",29.00,"Male","L- Lorries Van;M- Hire Cars","S- Driver's Negligence",2.00
10058,37918.00,"4- Demerara- Mahaica",,"America St.",,"-58.1663","6.8104",,"Georgetown",2/5/2007 0:00:00,12/30/1899 16:30:00,"D- Property Damage","F- Driver",52.00,"Male","J- Minibus","S- Driver's Negligence",2.00
10059,37919.00,"4- Demerara- Mahaica",,"Princess St. & Smyth St.",,"-58.1645","6.8040",,"Georgetown",2/7/2007 0:00:00,12/30/1899 9:00:00,"C- Minor Injury","F- Driver",19.00,"Male","K- Private Cars","S- Driver's Negligence",2.00
10060,37920.00,"4- Demerara- Mahaica",,"Lamaha & Parade St.",,"-58.1608","6.8192",,"Georgetown",2/7/2007 0:00:00,12/30/1899 18:00:00,"C- Minor Injury","F- Driver",60.00,"Male","K- Private Cars;N- Pickup","S- Driver's Negligence",2.00
10061,37921.00,"4- Demerara- Mahaica",,"Seawall Rd.",,"-58.1519","6.8249",,"Georgetown",2/8/2007 0:00:00,12/30/1899 3:30:00,"B- Serious Injury","G- Rider",22.00,,"V-Motor Cycle","U- Cyclist's Negligence",2.00
10062,37922.00,"4- Demerara- Mahaica",,"America St. & Water St.",,"-58.1653","6.8216",,"Georgetown",2/8/2007 0:00:00,12/30/1899 14:40:00,"D- Property Damage","F- Driver",30.00,,"J- Minibus","S- Driver's Negligence",2.00
10063,37923.00,"4- Demerara- Mahaica",,"Gt&t Compound & Thomas Lands",,"-58.1505","6.8202",,"Georgetown",2/8/2007 0:00:00,12/30/1899 18:15:00,"C- Minor Injury","F- Driver",24.00,"Male","K- Private Cars","S- Driver's Negligence",2.00
10064,37924.00,"4- Demerara- Mahaica",,"Cummings St. & Regent St.",,"-58.1566","6.8092",,"Georgetown",2/10/2007 0:00:00,12/30/1899 17:15:00,"D- Property Damage","F- Driver",36.00,"Female","K- Private Cars","S- Driver's Negligence",2.00
10065,37925.00,"4- Demerara- Mahaica",,"Croal St.",,"-58.1581","6.8076",,"Georgetown",2/10/2007 0:00:00,12/30/1899 16:45:00,"C- Minor Injury","E- Pedestrian",46.00,"Male","J- Minibus","T-Pedestrian's Negligence",2.00
10066,37926.00,"4- Demerara- Mahaica",,"Cornhill St.",,"-58.1574","6.8046",,"Georgetown",2/11/2007 0:00:00,12/30/1899 17:00:00,"D- Property Damage","F- Driver",39.00,"Male","J- Minibus;K- Private Cars","S- Driver's Negligence",2.00
10067,37927.00,"4- Demerara- Mahaica",,"Louisa Row & Hadfield St.",,"-58.1497","6.8037",,"Georgetown",2/11/2007 0:00:00,12/30/1899 16:22:00,"C- Minor Injury","G- Rider",23.00,"Male","K- Private Cars;W-Pedal Cycle","U- Cyclist's Negligence",2.00
10068,37928.00,"4- Demerara- Mahaica",,"Brickdam Rd.",,"-58.1552","6.8061",,"Georgetown",2/12/2007 0:00:00,12/30/1899 9:00:00,"C- Minor Injury","F- Driver",,,"J- Minibus;N- Pickup","S- Driver's Negligence",3.00
10069,37929.00,"4- Demerara- Mahaica",,"Croal St.",,"-58.1581","6.8076",,"Georgetown",2/12/2007 0:00:00,12/30/1899 15:50:00,"C- Minor Injury","F- Driver",,,"J- Minibus","S- Driver's Negligence",2.00
10070,37930.00,"4- Demerara- Mahaica",,"Croal St.",,"-58.1581","6.8076",,"Georgetown",2/12/2007 0:00:00,12/30/1899 13:05:00,"D- Property Damage","F- Driver",28.00,"Male","J- Minibus","S- Driver's Negligence",2.00
10071,37931.00,"4- Demerara- Mahaica",,"Young St.",,"-58.1600","6.8234",,"Georgetown",2/13/2007 0:00:00,12/30/1899 8:00:00,"D- Property Damage","F- Driver",39.00,"Male","K- Private Cars;N- Pickup","S- Driver's Negligence",2.00
10072,37932.00,"4- Demerara- Mahaica",,"Robb St.",,"-58.1599","6.8109",,"Georgetown",2/13/2007 0:00:00,12/30/1899 13:45:00,"D- Property Damage","F- Driver",39.00,"Male","J- Minibus;M- Hire Cars","S- Driver's Negligence",2.00
10073,37933.00,"4- Demerara- Mahaica",,"New Market St. & Waterloo St.",,"-58.1607","6.8175",,"Georgetown",2/14/2007 0:00:00,12/30/1899 10:30:00,"D- Property Damage","F- Driver",28.00,"Male","K- Private Cars","S- Driver's Negligence",3.00
10074,37934.00,"4- Demerara- Mahaica",,"North Rd.",,"-58.1575","6.8110",,"Georgetown",2/14/2007 0:00:00,12/30/1899 13:30:00,"D- Property Damage","F- Driver",64.00,"Male","K- Private Cars;M- Hire Cars","S- Driver's Negligence",2.00
10075,37935.00,"4- Demerara- Mahaica",,"Waterloo St. & Middle St.",,"-58.1611","6.8159",,"Georgetown",2/15/2007 0:00:00,12/30/1899 14:45:00,"D- Property Damage","F- Driver",21.00,"Male","K- Private Cars;L- Lorries Van","S- Driver's Negligence",2.00
10076,37936.00,"4- Demerara- Mahaica",,"Light St.",,"-58.1538","6.8139",,"Georgetown",2/16/2007 0:00:00,12/30/1899 23:30:00,"D- Property Damage","G- Rider",53.00,"Male","M- Hire Cars;V-Motor Cycle","U- Cyclist's Negligence",3.00
10077,37937.00,"4- Demerara- Mahaica",,"Camp St.",,"-58.1600","6.8137",,"Georgetown",2/17/2007 0:00:00,12/30/1899 8:00:00,"C- Minor Injury","G- Rider",,"Male","M- Hire Cars;W-Pedal Cycle","U- Cyclist's Negligence",2.00
10078,37938.00,"4- Demerara- Mahaica",,"Durban St. & Louisa Row",,"-58.1575","6.8041",,"Georgetown",2/16/2007 0:00:00,12/30/1899 13:45:00,"D- Property Damage","F- Driver",35.00,"Male","K- Private Cars;V-Motor Cycle","S- Driver's Negligence",2.00
10079,37939.00,"4- Demerara- Mahaica",,"Commerce St.",,"-58.1661","6.8110",,"Georgetown",2/17/2007 0:00:00,12/30/1899 19:15:00,"D- Property Damage","F- Driver",34.00,"Male","K- Private Cars","S- Driver's Negligence",2.00
10080,37940.00,"4- Demerara- Mahaica",,"Vlissengen Rd. & Norton St.",,"-58.1479","6.8084",,"Georgetown",2/17/2007 0:00:00,12/30/1899 20:30:00,"C- Minor Injury","F- Driver",73.00,"Male","J- Minibus;V-Motor Cycle","S- Driver's Negligence",2.00