"ID","Accident ID","Region Number","Corridor ID","Location (Intersection/Road/Street)","Corridor","Location- longitude/ X","Location- latitude/  Y","Mile Marker","Village","Date of Accident","Time of Accident","Type of Accident","Class of Road User","Age/DOB","Gender","Class of Vehicles Involved","Contributing Factor","Number of Persons Involved"
10081,37941.00,"4- Demerara- Mahaica",,"Cornhill St.",,"-58.1574","6.8046",,"Georgetown",2/18/2007 0:00:00,12/30/1899 8:00:00,"D- Property Damage","F- Driver",28.00,"Male","M- Hire Cars","S- Driver's Negligence",2.00
10082,37942.00,"4- Demerara- Mahaica",,"Ave. of the Republic & Regent St.",,"-58.1653","6.8115",,"Georgetown",2/19/2007 0:00:00,12/30/1899 13:20:00,"B- Serious Injury","F- Driver",28.00,"Male","J- Minibus","S- Driver's Negligence",2.00
10083,37943.00,"4- Demerara- Mahaica",,"Lamaha St. & J.B. Singh Rd.",,"-58.1462","6.8153",,"Georgetown",2/19/2007 0:00:00,12/30/1899 16:50:00,"D- Property Damage","F- Driver",39.00,"Male","J- Minibus;K- Private Cars","S- Driver's Negligence",2.00
10084,37944.00,"4- Demerara- Mahaica",,"Regent St. & Albert St.",,"-58.1538","6.8084",,"Georgetown",2/19/2007 0:00:00,12/30/1899 11:30:00,"C- Minor Injury","F- Driver",,,"K- Private Cars","S- Driver's Negligence",2.00
10085,37945.00,"4- Demerara- Mahaica",,"Camp St. & New Market St.",,"-58.1591","6.8170",,"Georgetown",2/20/2007 0:00:00,12/30/1899 7:00:00,"D- Property Damage","F- Driver",44.00,"Male","K- Private Cars;M- Hire Cars","S- Driver's Negligence",2.00
10086,37946.00,"4- Demerara- Mahaica",,"Ave. of the Republic & Croal St.",,"-58.1658","6.8097",,"Georgetown",2/7/2007 0:00:00,12/30/1899 17:30:00,"D- Property Damage","F- Driver",27.00,"Male","J- Minibus;M- Hire Cars","S- Driver's Negligence",2.00
10087,37947.00,"4- Demerara- Mahaica",,"Robb St.",,"-58.1599","6.8109",,"Georgetown",2/20/2007 0:00:00,12/30/1899 1:30:00,"D- Property Damage","F- Driver",53.00,"Male","M- Hire Cars","S- Driver's Negligence",2.00
10088,37948.00,"4- Demerara- Mahaica",,"Charlotte St. & Ave. of the Republic",,"-58.1655","6.8106",,"Georgetown",2/21/2007 0:00:00,12/30/1899 9:30:00,"D- Property Damage","F- Driver",29.00,"Male","J- Minibus","S- Driver's Negligence",2.00
10089,37949.00,"4- Demerara- Mahaica",,"Durban St.",,"-58.1526","6.8028",,"Georgetown",2/20/2007 0:00:00,12/30/1899 13:00:00,"D- Property Damage","F- Driver",30.00,"Male","K- Private Cars;M- Hire Cars","S- Driver's Negligence",2.00
10090,37950.00,"4- Demerara- Mahaica",,"Lamaha St.",,"-58.1564","6.8181",,"Georgetown",2/19/2007 0:00:00,12/30/1899 15:00:00,"D- Property Damage","F- Driver",29.00,"Male","J- Minibus","S- Driver's Negligence",2.00
10091,37951.00,"4- Demerara- Mahaica",,"Ave. of the Republic",,"-58.1651","6.8117",,"Georgetown",2/22/2007 0:00:00,12/30/1899 13:30:00,"D- Property Damage","F- Driver",32.00,"Male","K- Private Cars;L- Lorries Van","S- Driver's Negligence",2.00
10092,37952.00,"4- Demerara- Mahaica",,"Main St. & New Market St.",,"-58.1638","6.8183",,"Georgetown",2/23/2007 0:00:00,12/30/1899 12:00:00,"D- Property Damage","F- Driver",30.00,"Male","M- Hire Cars;V-Motor Cycle","S- Driver's Negligence",2.00
10093,37953.00,"4- Demerara- Mahaica",,"Camp St. & Church St.",,"-58.1601","6.8122",,"Georgetown",2/23/2007 0:00:00,12/30/1899 21:15:00,"D- Property Damage","F- Driver",58.00,"Male","K- Private Cars","S- Driver's Negligence",2.00
10094,37954.00,"4- Demerara- Mahaica",,"Hadfield St. & Smyth St.",,"-58.1637","6.8075",,"Georgetown",2/21/2007 0:00:00,12/30/1899 7:30:00,"D- Property Damage","F- Driver",50.00,"Male","J- Minibus;M- Hire Cars","S- Driver's Negligence",2.00
10095,37955.00,"4- Demerara- Mahaica",,"Croal St. & Wellington St.",,"-58.1629","6.8089",,"Georgetown",2/22/2007 0:00:00,12/30/1899 10:45:00,"D- Property Damage","F- Driver",,"Male","K- Private Cars;M- Hire Cars","S- Driver's Negligence",3.00
10096,37956.00,"4- Demerara- Mahaica",,"Ave. of the Republic & Croal St.",,"-58.1658","6.8097",,"Georgetown",2/25/2007 0:00:00,12/30/1899 17:30:00,"D- Property Damage","F- Driver",34.00,"Male","J- Minibus;M- Hire Cars","S- Driver's Negligence",2.00
10097,37957.00,"4- Demerara- Mahaica",,"Durban St. & Hardina St.",,"-58.1554","6.8036",,"Georgetown",2/23/2007 0:00:00,12/30/1899 19:00:00,"C- Minor Injury","F- Driver",32.00,"Male","K- Private Cars;V-Motor Cycle","S- Driver's Negligence",2.00
10098,37958.00,"4- Demerara- Mahaica",,"North Rd. & New Garden St.",,"-58.1505","6.8091",,"Georgetown",2/26/2007 0:00:00,12/30/1899 13:45:00,"D- Property Damage","F- Driver",,"Female","K- Private Cars","S- Driver's Negligence",2.00
10099,37959.00,"4- Demerara- Mahaica",,"Light St. & North Rd.",,"-58.1548","6.8102",,"Georgetown",2/26/2007 0:00:00,12/30/1899 18:45:00,"B- Serious Injury","G- Rider",46.00,"Male","K- Private Cars;V-Motor Cycle","U- Cyclist's Negligence",2.00
10100,37960.00,"4- Demerara- Mahaica",,"Vlissengen Rd.",,"-58.1474","6.8108",,"Georgetown",2/26/2007 0:00:00,12/30/1899 17:20:00,"D- Property Damage","G- Rider",38.00,"Male","K- Private Cars;V-Motor Cycle","U- Cyclist's Negligence",2.00
10101,37961.00,"4- Demerara- Mahaica",,"Ave. of the Republic",,"-58.1651","6.8117",,"Georgetown",2/22/2007 0:00:00,12/30/1899 21:30:00,"D- Property Damage","F- Driver",35.00,"Male","K- Private Cars","S- Driver's Negligence",2.00
10102,37962.00,"4- Demerara- Mahaica",,"Camp St.",,"-58.1600","6.8137",,"Georgetown",2/28/2007 0:00:00,12/30/1899 13:15:00,"D- Property Damage","G- Rider",,,"K- Private Cars;W-Pedal Cycle","U- Cyclist's Negligence",2.00
10103,37963.00,"4- Demerara- Mahaica",,"Forshaw & New Garden St.",,"-58.1500","6.8110",,"Georgetown",2/28/2007 0:00:00,12/30/1899 10:00:00,"D- Property Damage","F- Driver",54.00,"Male","M- Hire Cars;N- Pickup","S- Driver's Negligence",2.00
10104,37964.00,"4- Demerara- Mahaica",,"Brickdam & Cornhill St.",,"-58.1572","6.8066",,"Georgetown",2/28/2007 0:00:00,12/30/1899 12:45:00,"D- Property Damage","F- Driver",39.00,"Male","J- Minibus;M- Hire Cars","S- Driver's Negligence",2.00
10105,37965.00,"4- Demerara- Mahaica",,"Cornhill St.",,"-58.1574","6.8046",,"Georgetown",2/28/2007 0:00:00,12/30/1899 20:15:00,"D- Property Damage","F- Driver",46.00,"Male","J- Minibus","S- Driver's Negligence",2.00
10106,37966.00,"4- Demerara- Mahaica",,"North Rd. & New Garden St.",,"-58.1505","6.8091",,"Georgetown",3/1/2007 0:00:00,12/30/1899 10:10:00,"C- Minor Injury","F- Driver",23.00,"Female","L- Lorries Van;M- Hire Cars","S- Driver's Negligence",2.00
10107,37967.00,"4- Demerara- Mahaica",,"Regent St.",,"-58.1604","6.8102",,"Georgetown",3/1/2007 0:00:00,12/30/1899 14:15:00,"C- Minor Injury","G- Rider",46.00,"Male","K- Private Cars;V-Motor Cycle","S- Driver's Negligence",2.00
10108,37968.00,"4- Demerara- Mahaica",,"Camp St. & Church St.",,"-58.1601","6.8122",,"Georgetown",3/2/2007 0:00:00,12/30/1899 1:45:00,"A- Fatal","F- Driver",17.00,"Male","N- Pickup;V-Motor Cycle","P- Speeding",2.00
10109,37969.00,"4- Demerara- Mahaica",,"Ave. of the Republic",,"-58.1651","6.8117",,"Georgetown",3/2/2007 0:00:00,12/30/1899 15:30:00,"C- Minor Injury","G- Rider",,"Male","J- Minibus;W-Pedal Cycle","U- Cyclist's Negligence",2.00
10110,37970.00,"4- Demerara- Mahaica",,"Ave. of the Republic & North Rd.",,"-58.1534","6.8099",,"Georgetown",3/2/2007 0:00:00,12/30/1899 17:00:00,"D- Property Damage","F- Driver",54.00,"Male","K- Private Cars;M- Hire Cars","S- Driver's Negligence",2.00
10111,37971.00,"4- Demerara- Mahaica",,"Croal St.",,"-58.1581","6.8076",,"Georgetown",3/2/2007 0:00:00,12/30/1899 18:30:00,"D- Property Damage","F- Driver",59.00,"Male","J- Minibus","S- Driver's Negligence",2.00
10112,37972.00,"4- Demerara- Mahaica",,"Albert St. & Church St.",,"-58.1532","6.8104",,"Georgetown",3/3/2007 0:00:00,12/30/1899 9:45:00,"D- Property Damage","F- Driver",34.00,"Male","K- Private Cars","S- Driver's Negligence",2.00
10113,37973.00,"4- Demerara- Mahaica",,"Cornhill St.",,"-58.1574","6.8046",,"Georgetown",3/3/2007 0:00:00,12/30/1899 13:45:00,"A- Fatal","F- Driver",23.00,"Male","K- Private Cars","S- Driver's Negligence",2.00
10114,37974.00,"4- Demerara- Mahaica",,"Camp St. & Durban St.",,"-58.1620","6.8053",,"Georgetown",3/3/2007 0:00:00,12/30/1899 8:00:00,"D- Property Damage","F- Driver",42.00,"Male","J- Minibus;V-Motor Cycle","S- Driver's Negligence",2.00
10115,37975.00,"4- Demerara- Mahaica",,"Lamaha St.",,"-58.1564","6.8181",,"Georgetown",3/2/2007 0:00:00,12/30/1899 17:30:00,"D- Property Damage","F- Driver",24.00,"Male","K- Private Cars","O- Lost Control & Runoff",1.00
10116,37976.00,"4- Demerara- Mahaica",,"Cornhill St.",,"-58.1574","6.8046",,"Georgetown",3/4/2007 0:00:00,12/30/1899 18:15:00,"D- Property Damage","F- Driver",31.00,"Male","J- Minibus","S- Driver's Negligence",2.00
10117,37977.00,"4- Demerara- Mahaica",,"Charlotte St. & Ave. of the Republic",,"-58.1655","6.8106",,"Gerogetown",3/5/2007 0:00:00,12/30/1899 0:30:00,"C- Minor Injury","G- Rider",48.00,"Male","N- Pickup;V-Motor Cycle","U- Cyclist's Negligence",2.00
10118,37978.00,"4- Demerara- Mahaica",,"Durban & Camp St",,"-58.1620","6.8053",,"Georgetown",3/3/2007 0:00:00,12/30/1899 22:30:00,"C- Minor Injury","F- Driver",21.00,"Male","K- Private Cars;M- Hire Cars","S- Driver's Negligence",2.00
10119,37979.00,"4- Demerara- Mahaica",,"Lamaha & Peter Rose St.",,"-58.1474","6.8156",,"Georgetown",3/4/2007 0:00:00,12/30/1899 17:00:00,"C- Minor Injury","G- Rider",38.00,"Male","V-Motor Cycle;W-Pedal Cycle","U- Cyclist's Negligence",2.00
10120,37980.00,"4- Demerara- Mahaica",,"Durban St.",,"-58.1526","6.8028",,"Georgetown",3/6/2007 0:00:00,12/30/1899 21:30:00,"D- Property Damage","F- Driver",33.00,"Female","K- Private Cars;N- Pickup","S- Driver's Negligence",2.00
10121,37981.00,"4- Demerara- Mahaica",,"Brickdam & Lime St.",,"-58.1582","6.8069",,"Georgetown",3/7/2007 0:00:00,12/30/1899 8:45:00,"C- Minor Injury","G- Rider",31.00,"Male","K- Private Cars;V-Motor Cycle","U- Cyclist's Negligence",2.00
10122,37982.00,"4- Demerara- Mahaica",,"Regent St.",,"-58.1604","6.8102",,"Georgetown",3/7/2007 0:00:00,12/30/1899 10:30:00,"D- Property Damage","F- Driver",41.00,"Male","J- Minibus","S- Driver's Negligence",2.00
10123,37983.00,"4- Demerara- Mahaica",,"Regent St. & Vlissengen Rd.",,"-58.1489","6.8070",,"Georgetown",3/8/2007 0:00:00,12/30/1899 6:30:00,"D- Property Damage","F- Driver",57.00,,"J- Minibus;K- Private Cars","S- Driver's Negligence",2.00
10124,37984.00,"4- Demerara- Mahaica",,"Brickdam & Lime St.",,"-58.1582","6.8069",,"Georgetown",3/8/2007 0:00:00,12/30/1899 9:00:00,"D- Property Damage","F- Driver",55.00,"Male","J- Minibus;M- Hire Cars","S- Driver's Negligence",3.00
10125,37985.00,"4- Demerara- Mahaica",,"Brickdam Rd.",,"-58.1589","6.8070",,"Georgetown",3/9/2007 0:00:00,12/30/1899 9:10:00,"C- Minor Injury","F- Driver",26.00,"Male","J- Minibus","S- Driver's Negligence",2.00
10126,37986.00,"4- Demerara- Mahaica",,"Durban St.",,"-58.1526","6.8028",,"Georgetown",3/9/2007 0:00:00,12/30/1899 12:00:00,"D- Property Damage","F- Driver",53.00,"Male","J- Minibus;X-Tractor","S- Driver's Negligence",2.00
10127,37987.00,"4- Demerara- Mahaica",,"Durban St.",,"-58.1526","6.8028",,"Georgetown",3/9/2007 0:00:00,12/30/1899 15:05:00,"D- Property Damage","F- Driver",31.00,"Male","K- Private Cars;M- Hire Cars","S- Driver's Negligence",2.00
10128,37988.00,"4- Demerara- Mahaica",,"New Garden St. & Church St.",,"-58.1504","6.8096",,"Georgetown",3/10/2007 0:00:00,12/30/1899 21:40:00,"B- Serious Injury","F- Driver",32.00,"Male","N- Pickup;V-Motor Cycle","S- Driver's Negligence",2.00
10129,37989.00,"4- Demerara- Mahaica",,"Regent St.",,"-58.1604","6.8102",,"Georgetown",3/11/2007 0:00:00,12/30/1899 9:00:00,"D- Property Damage","F- Driver",34.00,"Male","K- Private Cars;M- Hire Cars","S- Driver's Negligence",2.00
10130,37990.00,"4- Demerara- Mahaica",,"Lamaha & Thomas St.",,"-58.1568","6.8181",,"Georgetown",3/11/2007 0:00:00,12/30/1899 10:00:00,"B- Serious Injury","G- Rider",21.00,"Male","J- Minibus;V-Motor Cycle","U- Cyclist's Negligence",2.00
10131,37991.00,"4- Demerara- Mahaica",,"Main St.",,"-58.1276","6.8221",,"Georgetown",2/28/2007 0:00:00,12/30/1899 14:30:00,"D- Property Damage","G- Rider",48.00,"Male","J- Minibus;V-Motor Cycle","U- Cyclist's Negligence",2.00
10132,37992.00,"4- Demerara- Mahaica",,"Ave. of the Republic & North Rd.",,"-58.1648","6.8130",,"Georgetown",3/13/2007 0:00:00,12/30/1899 19:50:00,"C- Minor Injury","F- Driver",47.00,"Female","J- Minibus;W-Pedal Cycle","S- Driver's Negligence",2.00
10133,37993.00,"4- Demerara- Mahaica",,"Camp St. & Robb St.",,"-58.1606","6.8111",,"Georgetown",3/14/2007 0:00:00,12/30/1899 18:30:00,"B- Serious Injury","F- Driver",30.00,"Male","M- Hire Cars;V-Motor Cycle","S- Driver's Negligence",2.00
10134,37994.00,"4- Demerara- Mahaica",,"Croal St.",,"-58.1581","6.8076",,"Georgetown",3/14/2007 0:00:00,12/30/1899 20:30:00,"D- Property Damage","F- Driver",49.00,"Male","J- Minibus","S- Driver's Negligence",2.00
10135,37995.00,"4- Demerara- Mahaica",,"Lombard St.",,"-58.1675","6.8071",,"Georgetown",3/15/2007 0:00:00,12/30/1899 7:00:00,"D- Property Damage","F- Driver",28.00,"Male","K- Private Cars;M- Hire Cars","S- Driver's Negligence",2.00
10136,37996.00,"4- Demerara- Mahaica",,"Ave. of the Republic",,"-58.1651","6.8117",,"Georgetown",3/15/2007 0:00:00,12/30/1899 8:30:00,"D- Property Damage","F- Driver",45.00,"Male","J- Minibus;L- Lorries Van","S- Driver's Negligence",2.00
10137,37997.00,"4- Demerara- Mahaica",,"Lamaha",,"-58.1564","6.8181",,"Georgetown",3/15/2007 0:00:00,12/30/1899 19:50:00,"B- Serious Injury","F- Driver",42.00,,"J- Minibus;M- Hire Cars;V-Motor Cycle","S- Driver's Negligence",3.00
10138,37998.00,"4- Demerara- Mahaica",,"Norht Rd.",,"-58.1575","6.8110",,"Georgetown",3/16/2007 0:00:00,12/30/1899 19:30:00,"B- Serious Injury","F- Driver",72.00,"Male","K- Private Cars","P- Speeding",2.00
10139,37999.00,"4- Demerara- Mahaica",,"North Rd. & Ave. of the Republic",,"-58.1648","6.8130",,"Georgetown",3/17/2007 0:00:00,12/30/1899 10:50:00,"B- Serious Injury","G- Rider",27.00,"Female","V-Motor Cycle","P- Speeding",2.00
10140,38000.00,"4- Demerara- Mahaica",,"Regent St.",,"-58.1604","6.8102",,"Georgetown",3/17/2007 0:00:00,12/30/1899 10:30:00,"D- Property Damage","G- Rider",52.00,"Male","K- Private Cars;W-Pedal Cycle","U- Cyclist's Negligence",2.00
10141,38001.00,"4- Demerara- Mahaica",,"Camp St.",,"-58.1600","6.8137",,"Georgetown",3/19/2007 0:00:00,12/30/1899 16:20:00,"D- Property Damage","F- Driver",58.00,"Male","K- Private Cars;L- Lorries Van;N- Pickup","S- Driver's Negligence",2.00
10142,38002.00,"4- Demerara- Mahaica",,"Vlissengen Rd.",,"-58.1474","6.8108",,"Georgetown",3/20/2007 0:00:00,12/30/1899 17:30:00,"C- Minor Injury","F- Driver",,"Female","J- Minibus;V-Motor Cycle","S- Driver's Negligence",2.00
10143,38003.00,"4- Demerara- Mahaica",,"Croal St.",,"-58.1581","6.8076",,"Georgetown",3/21/2007 0:00:00,12/30/1899 13:50:00,"C- Minor Injury","F- Driver",31.00,"Male","M- Hire Cars","S- Driver's Negligence",2.00
10144,38004.00,"4- Demerara- Mahaica",,"Albert St.",,"-58.1527","6.8123",,"Georgetown",3/22/2007 0:00:00,12/30/1899 14:30:00,"D- Property Damage","F- Driver",26.00,"Male","K- Private Cars;L- Lorries Van","S- Driver's Negligence",2.00
10145,38005.00,"4- Demerara- Mahaica",,"Croal St.",,"-58.1581","6.8076",,"Georgetown",3/23/2007 0:00:00,,"D- Property Damage","F- Driver",,"Male","K- Private Cars;L- Lorries Van","S- Driver's Negligence",2.00
10146,38006.00,"4- Demerara- Mahaica",,"Ave. of the Republic",,"-58.1651","6.8117",,"Georgetown",3/23/2007 0:00:00,12/30/1899 17:20:00,"C- Minor Injury","F- Driver",37.00,"Male","N- Pickup","S- Driver's Negligence",2.00
10147,38007.00,"4- Demerara- Mahaica",,"Croal St.",,"-58.1581","6.8076",,"Georgetown",3/24/2007 0:00:00,12/30/1899 17:00:00,"D- Property Damage","F- Driver",59.00,"Male","J- Minibus","S- Driver's Negligence",2.00
10148,38008.00,"4- Demerara- Mahaica",,"New Market St.",,"-58.1599","6.8173",,"Georgetown",3/24/2007 0:00:00,12/30/1899 17:40:00,"D- Property Damage","F- Driver",42.00,"Male","K- Private Cars","S- Driver's Negligence",2.00
10149,38009.00,"4- Demerara- Mahaica",,"Longden St.",,"-58.1666","6.8107",,"Georgetown",3/24/2007 0:00:00,12/30/1899 17:30:00,"D- Property Damage","F- Driver",44.00,"Male","J- Minibus","S- Driver's Negligence",2.00
10150,38010.00,"4- Demerara- Mahaica",,"Water St.",,"-58.1659","6.8180",,"Georgetown",3/25/2007 0:00:00,12/30/1899 22:00:00,"D- Property Damage","F- Driver",27.00,"Male","J- Minibus","S- Driver's Negligence",2.00
10151,38011.00,"4- Demerara- Mahaica",,"Brickdam Public Rd.",,"-58.1589","6.8070",,"Georgetown",3/26/2007 0:00:00,12/30/1899 12:30:00,"D- Property Damage","F- Driver",32.00,"Male","J- Minibus;L- Lorries Van","S- Driver's Negligence",2.00
10152,38012.00,"4- Demerara- Mahaica",,"Stabroek Market",,"-58.1678","6.8099",,"Georgetown",3/26/2007 0:00:00,12/30/1899 17:30:00,"D- Property Damage","F- Driver",19.00,"Male","K- Private Cars","S- Driver's Negligence",2.00
10153,38013.00,"4- Demerara- Mahaica",,"Ave. of the Republic & Robb St.",,"-58.1650","6.8123",,"Georgetown",3/27/2007 0:00:00,12/30/1899 7:30:00,"C- Minor Injury","G- Rider",48.00,"Male","J- Minibus;V-Motor Cycle","U- Cyclist's Negligence",2.00
10154,38014.00,"4- Demerara- Mahaica",,"Durban & Smyth St.",,"-58.1641","6.8059",,"Georgetown",3/27/2007 0:00:00,12/30/1899 17:00:00,"C- Minor Injury","F- Driver",35.00,"Male","J- Minibus;K- Private Cars","S- Driver's Negligence",2.00
10155,38015.00,"4- Demerara- Mahaica",,"King St.",,"-58.1641","6.8109",,"Georgetown",3/29/2007 0:00:00,12/30/1899 12:10:00,"D- Property Damage","F- Driver",57.00,"Male","K- Private Cars;L- Lorries Van","S- Driver's Negligence",2.00
10156,38016.00,"4- Demerara- Mahaica",,"Durban St. & Cemetry Rd.",,"-58.1511","6.8025",,"Georgetown",3/31/2007 0:00:00,12/30/1899 7:25:00,"C- Minor Injury","F- Driver",35.00,"Male","M- Hire Cars;V-Motor Cycle","S- Driver's Negligence",2.00
10157,38017.00,"4- Demerara- Mahaica",,"Durban St.",,"-58.1526","6.8028",,"Georgetown",3/31/2007 0:00:00,12/30/1899 7:00:00,"C- Minor Injury","F- Driver",33.00,"Male","M- Hire Cars;W-Pedal Cycle","S- Driver's Negligence",2.00
10158,38018.00,"4- Demerara- Mahaica",,"America St.",,"-58.1663","6.8104",,"Georgetown",3/31/2007 0:00:00,12/30/1899 10:00:00,"C- Minor Injury","F- Driver",36.00,"Male","J- Minibus","S- Driver's Negligence",2.00
10159,38019.00,"4- Demerara- Mahaica",,"Camp St.",,"-58.1600","6.8137",,"Georgetown",3/31/2007 0:00:00,12/30/1899 20:40:00,"B- Serious Injury","G- Rider",17.00,"Male","V-Motor Cycle","U- Cyclist's Negligence",2.00
10160,38020.00,"4- Demerara- Mahaica",,"Camp St. & North Rd.",,"-58.1604","6.8118",,"Georgetown",4/1/2007 0:00:00,12/30/1899 2:00:00,"D- Property Damage","F- Driver",29.00,"Male","J- Minibus;M- Hire Cars","S- Driver's Negligence",2.00
10161,38021.00,"4- Demerara- Mahaica",,"Quamina St. & East St.",,"-58.1566","6.8129",,"Georgetown",4/2/2007 0:00:00,12/30/1899 12:00:00,"D- Property Damage","F- Driver",23.00,"Male","K- Private Cars;M- Hire Cars","S- Driver's Negligence",2.00
10162,38022.00,"4- Demerara- Mahaica",,"New Garden St. & Laluni St.",,"-58.1492","6.8141",,"Georgetown",4/2/2007 0:00:00,12/30/1899 13:50:00,"C- Minor Injury","F- Driver",63.00,"Male","K- Private Cars;M- Hire Cars","S- Driver's Negligence",2.00
10163,38023.00,"4- Demerara- Mahaica",,"Robb St.",,"-58.1599","6.8109",,"Georgetown",4/3/2007 0:00:00,12/30/1899 10:00:00,"D- Property Damage","F- Driver",41.00,"Male","K- Private Cars;M- Hire Cars","S- Driver's Negligence",2.00
10164,38024.00,"4- Demerara- Mahaica",,"New Garden St.",,"-58.1491","6.8145",,"Georgetown",4/4/2007 0:00:00,12/30/1899 9:00:00,"D- Property Damage","F- Driver",27.00,"Male","M- Hire Cars","S- Driver's Negligence",2.00
10165,38025.00,"4- Demerara- Mahaica",,"North Rd.",,"-58.1575","6.8110",,"Georgetown",4/5/2007 0:00:00,12/30/1899 3:50:00,"D- Property Damage","F- Driver",26.00,"Male","M- Hire Cars;N- Pickup","S- Driver's Negligence",2.00
10166,38026.00,"4- Demerara- Mahaica",,"Ave. of the Republic",,"-58.1651","6.8117",,"Georgetown",4/5/2007 0:00:00,12/30/1899 9:00:00,"D- Property Damage","F- Driver",32.00,"Male","L- Lorries Van;M- Hire Cars","S- Driver's Negligence",2.00
10167,38027.00,"4- Demerara- Mahaica",,"Durban St.",,"-58.1526","6.8028",,"Georgetown",4/4/2007 0:00:00,12/30/1899 19:00:00,"B- Serious Injury","F- Driver",47.00,"Male","J- Minibus","S- Driver's Negligence",2.00
10168,38028.00,"4- Demerara- Mahaica",,"Church St. & Camp St.",,"-58.1601","6.8122",,"Georgetown",4/5/2007 0:00:00,12/30/1899 8:00:00,"D- Property Damage","F- Driver",25.00,"Male","J- Minibus;L- Lorries Van","S- Driver's Negligence",2.00
10169,38029.00,"4- Demerara- Mahaica",,"Hadfield St.",,"-58.1650","6.8079",,"Georgetown",4/5/2007 0:00:00,12/30/1899 13:50:00,"D- Property Damage","F- Driver",27.00,"Male","J- Minibus;M- Hire Cars","S- Driver's Negligence",2.00
10170,38030.00,"4- Demerara- Mahaica",,"King St. & South Rd.",,"-58.1645","6.8096",,"Georgetown",4/7/2007 0:00:00,12/30/1899 17:15:00,"C- Minor Injury","F- Driver",38.00,"Male","J- Minibus;K- Private Cars","S- Driver's Negligence",2.00
10171,38031.00,"4- Demerara- Mahaica",,"Camp St. & Regent St.",,"-58.1608","6.8103",,"Georgetown",4/8/2007 0:00:00,12/30/1899 1:00:00,"C- Minor Injury","F- Driver",23.00,"Male","K- Private Cars;V-Motor Cycle","S- Driver's Negligence",2.00
10172,38032.00,"4- Demerara- Mahaica",,"Camp St.",,"-58.1600","6.8137",,"Georgetown",4/8/2007 0:00:00,12/30/1899 4:40:00,"C- Minor Injury","F- Driver",25.00,"Male","K- Private Cars","O- Lost Control & Runoff",1.00
10173,38033.00,"4- Demerara- Mahaica",,"Norton St.",,"-58.1519","6.8017",,"Georgetown",4/8/2007 0:00:00,12/30/1899 15:00:00,"D- Property Damage","F- Driver",34.00,"Male","L- Lorries Van;N- Pickup","S- Driver's Negligence",2.00
10174,38034.00,"4- Demerara- Mahaica",,"Albert St. & Lamaha St.",,"-58.1515","6.8167",,"Georgetown",4/10/2007 0:00:00,12/30/1899 8:00:00,"C- Minor Injury","F- Driver",38.00,"Male","K- Private Cars;L- Lorries Van","S- Driver's Negligence",2.00
10175,38035.00,"4- Demerara- Mahaica",,"Main St.",,"-58.1276","6.8221",,"Georgetown",4/10/2007 0:00:00,12/30/1899 19:55:00,"C- Minor Injury","F- Driver",27.00,"Male","K- Private Cars","S- Driver's Negligence",2.00
10176,38036.00,"4- Demerara- Mahaica",,"Waterloo St. & New Market St.",,"-58.1607","6.8175",,"Georgetown",4/9/2007 0:00:00,12/30/1899 21:00:00,"D- Property Damage","F- Driver",38.00,"Male","K- Private Cars","S- Driver's Negligence",2.00
10177,38037.00,"4- Demerara- Mahaica",,"Water St. & Robb St.",,"-58.1667","6.8128",,"Georgetown",4/11/2007 0:00:00,12/30/1899 15:00:00,"D- Property Damage","F- Driver",36.00,"Male","J- Minibus;K- Private Cars","S- Driver's Negligence",4.00
10178,38038.00,"4- Demerara- Mahaica",,"Camp St. & Croal St.",,"-58.1613","6.8084",,"Georgetown",4/11/2007 0:00:00,12/30/1899 23:50:00,"A- Fatal","F- Driver",55.00,"Male","K- Private Cars;N- Pickup","P- Speeding",2.00
10179,38039.00,"4- Demerara- Mahaica",,"North Rd. & Albert St.",,"-58.1534","6.8099",,"Georgetown",4/13/2007 0:00:00,12/30/1899 10:00:00,"B- Serious Injury","F- Driver",37.00,"Male","K- Private Cars;L- Lorries Van","S- Driver's Negligence",2.00
10180,38040.00,"4- Demerara- Mahaica",,"Camp St.",,"-58.1600","6.8137",,"Georgetown",4/13/2007 0:00:00,12/30/1899 14:00:00,"D- Property Damage","F- Driver",20.00,"Female","K- Private Cars;N- Pickup","S- Driver's Negligence",2.00
10181,38041.00,"4- Demerara- Mahaica",,"Camp St. & Regent St.",,"-58.1608","6.8103",,"Georgetown",4/13/2007 0:00:00,12/30/1899 19:30:00,"D- Property Damage","F- Driver",40.00,"Male","J- Minibus;M- Hire Cars","S- Driver's Negligence",2.00
10182,38042.00,"4- Demerara- Mahaica",,"Church St.",,"-58.1574","6.8114",,"Georgetown",4/14/2007 0:00:00,12/30/1899 6:30:00,"D- Property Damage","F- Driver",19.00,"Male","K- Private Cars","O- Lost Control & Runoff",1.00
10183,38043.00,"4- Demerara- Mahaica",,"Camp St. & Lamaha",,"-58.1584","6.8186",,"Georgetown",4/14/2007 0:00:00,12/30/1899 13:00:00,"B- Serious Injury","F- Driver",37.00,"Male","L- Lorries Van;V-Motor Cycle","S- Driver's Negligence",2.00
10184,38044.00,"4- Demerara- Mahaica",,"Camp St. & New Market St.",,"-58.1591","6.8170",,"Georgetown",4/14/2007 0:00:00,12/30/1899 21:00:00,"C- Minor Injury","G- Rider",30.00,"Female","K- Private Cars;V-Motor Cycle","U- Cyclist's Negligence",2.00
10185,38045.00,"4- Demerara- Mahaica",,"Regent St. & King St.",,"-58.1641","6.8112",,"Georgetown",4/15/2007 0:00:00,12/30/1899 19:30:00,"D- Property Damage","F- Driver",25.00,"Male","K- Private Cars;V-Motor Cycle","S- Driver's Negligence",2.00
10186,38046.00,"4- Demerara- Mahaica",,"Regent St. & Cummings St.",,"-58.1566","6.8092",,"Georgetown",4/16/2007 0:00:00,12/30/1899 8:30:00,"D- Property Damage","F- Driver",41.00,"Male","K- Private Cars;M- Hire Cars","S- Driver's Negligence",2.00