"ID","Accident ID","Region Number","Corridor ID","Location (Intersection/Road/Street)","Corridor","Location- longitude/ X","Location- latitude/  Y","Mile Marker","Village","Date of Accident","Time of Accident","Type of Accident","Class of Road User","Age/DOB","Gender","Class of Vehicles Involved","Contributing Factor","Number of Persons Involved"
10187,38047.00,"4- Demerara- Mahaica",,"High St.",,"-58.1669","6.8063",,"Georgetown",4/5/2007 0:00:00,12/30/1899 12:50:00,"D- Property Damage","F- Driver",,"Male","J- Minibus;K- Private Cars","S- Driver's Negligence",2.00
10188,38048.00,"4- Demerara- Mahaica",,"Regent St. & Camp St.",,"-58.1608","6.8103",,"Georgetown",4/16/2007 0:00:00,12/30/1899 22:10:00,"C- Minor Injury","G- Rider",39.00,"Male","K- Private Cars;V-Motor Cycle","U- Cyclist's Negligence",2.00
10189,38049.00,"4- Demerara- Mahaica",,"Main St.",,"-58.1276","6.8221",,"Georgetown",4/16/2007 0:00:00,12/30/1899 17:30:00,"D- Property Damage","F- Driver",32.00,"Male","J- Minibus;K- Private Cars","S- Driver's Negligence",2.00
10190,38050.00,"4- Demerara- Mahaica",,"Norton St.",,"-58.1519","6.8017",,"Georgetown",4/18/2007 0:00:00,12/30/1899 8:20:00,"C- Minor Injury","G- Rider",43.00,"Female","K- Private Cars;V-Motor Cycle","U- Cyclist's Negligence",2.00
10191,38051.00,"4- Demerara- Mahaica",,"Thomas Lands & Albert St.",,"-58.1506","6.8198",,"Georgetown",4/18/2007 0:00:00,12/30/1899 11:20:00,"C- Minor Injury","F- Driver",25.00,"Male","M- Hire Cars;V-Motor Cycle","S- Driver's Negligence",2.00
10192,38052.00,"4- Demerara- Mahaica",,"Lamaha St.",,"-58.1564","6.8181",,"Georgetown",4/18/2007 0:00:00,12/30/1899 14:20:00,"D- Property Damage","F- Driver",43.00,"Male","J- Minibus;K- Private Cars","S- Driver's Negligence",2.00
10193,38053.00,"4- Demerara- Mahaica",,"Regent St.",,"-58.1604","6.8102",,"Georgetwon",4/19/2007 0:00:00,12/30/1899 15:00:00,"C- Minor Injury","F- Driver",37.00,"Male","J- Minibus","S- Driver's Negligence",2.00
10194,38054.00,"4- Demerara- Mahaica",,"Young St. & Camp St.",,"-58.1573","6.8226",,"Georgetown",4/20/2007 0:00:00,12/30/1899 1:30:00,"D- Property Damage","F- Driver",,"Male","L- Lorries Van","O- Lost Control & Runoff",1.00
10195,38055.00,"4- Demerara- Mahaica",,"Camp St. & Middle St.",,"-58.1599","6.8138",,"Georgetown",4/20/2007 0:00:00,12/30/1899 9:45:00,"D- Property Damage","F- Driver",,"Male","M- Hire Cars;V-Motor Cycle","S- Driver's Negligence",2.00
10196,38056.00,"4- Demerara- Mahaica",,"Sanderman Place",,"-58.1575","6.8044",,"Georgetown",4/20/2007 0:00:00,12/30/1899 14:30:00,"D- Property Damage","F- Driver",31.00,"Male","K- Private Cars;M- Hire Cars","S- Driver's Negligence",2.00
10197,38057.00,"4- Demerara- Mahaica",,"South Rd.",,"-58.1583","6.8079",,"Georgetown",11/17/2007 0:00:00,12/30/1899 10:15:00,"D- Property Damage","F- Driver",47.00,"Male","J- Minibus;K- Private Cars","S- Driver's Negligence",2.00
10198,38058.00,"4- Demerara- Mahaica",,"Regent St.",,"-58.1604","6.8102",,"Georgetown",11/17/2007 0:00:00,12/30/1899 15:00:00,"D- Property Damage","F- Driver",31.00,"Female","K- Private Cars;V-Motor Cycle","S- Driver's Negligence",2.00
10199,38059.00,"4- Demerara- Mahaica",,"Wellington St. & Regent",,"-58.1624","6.8107",,"Georgetown",11/17/2007 0:00:00,12/30/1899 14:15:00,"D- Property Damage","F- Driver",29.00,"Male","K- Private Cars","S- Driver's Negligence",2.00
10200,38060.00,"4- Demerara- Mahaica",,"Camp St.",,"-58.1600","6.8137",,"Georgetown",11/18/2007 0:00:00,12/30/1899 15:15:00,"C- Minor Injury","F- Driver",36.00,"Male","K- Private Cars","S- Driver's Negligence",2.00
10201,38061.00,"4- Demerara- Mahaica",,"Charlotte St. & Cummings St.",,"-58.1568","6.8083",,"Georgetown",11/18/2007 0:00:00,12/30/1899 17:00:00,"C- Minor Injury","G- Rider",37.00,"Male","V-Motor Cycle","U- Cyclist's Negligence",2.00
10202,38062.00,"4- Demerara- Mahaica",,"Norton St.",,"-58.1519","6.8017",,"Georgetown",10/24/2007 0:00:00,12/30/1899 11:00:00,"D- Property Damage","F- Driver",19.00,"Male","K- Private Cars","S- Driver's Negligence",2.00
10203,38063.00,"4- Demerara- Mahaica",,"Middle St. & Thomas St.",,"-58.1576","6.8150",,"Georgetown",11/19/2007 0:00:00,12/30/1899 10:15:00,"D- Property Damage","F- Driver",27.00,"Female","K- Private Cars;N- Pickup","S- Driver's Negligence",2.00
10204,38064.00,"4- Demerara- Mahaica",,"Irving St. & Crown St.",,"-58.1469","6.8125",,"Georgetown",11/19/2007 0:00:00,12/30/1899 17:20:00,"D- Property Damage","F- Driver",30.00,"Female","K- Private Cars","S- Driver's Negligence",2.00
10205,38065.00,"4- Demerara- Mahaica",,"Irving St. & Crown St.",,"-58.1469","6.8125",,"Georgetown",11/20/2007 0:00:00,12/30/1899 17:50:00,"D- Property Damage","F- Driver",53.00,"Male","K- Private Cars","S- Driver's Negligence",2.00
10206,38066.00,"4- Demerara- Mahaica",,"Carifesta Ave.",,"-58.1483","6.8240",,"Georgetown",11/22/2007 0:00:00,12/30/1899 7:50:00,"D- Property Damage","F- Driver",43.00,"Male","K- Private Cars","S- Driver's Negligence",2.00
10207,38067.00,"4- Demerara- Mahaica",,"Water St.",,"-58.1659","6.8180",,"Georgetown",11/21/2007 0:00:00,,"C- Minor Injury","F- Driver",,"Male","N- Pickup","P- Speeding",2.00
10208,38068.00,"4- Demerara- Mahaica",,"Pollard Place",,"-58.1625","6.8080",,"Georgetown",,12/30/1899 7:45:00,"C- Minor Injury","F- Driver",57.00,"Male","K- Private Cars;W-Pedal Cycle","S- Driver's Negligence",2.00
10209,38069.00,"4- Demerara- Mahaica",,"East St.",,"-58.1559","6.8148",,"Georgetown",11/23/2007 0:00:00,12/30/1899 15:00:00,"D- Property Damage","F- Driver",27.00,"Male","K- Private Cars;W-Pedal Cycle","S- Driver's Negligence",2.00
10210,38070.00,"4- Demerara- Mahaica",,"Ave. of the Republic",,"-58.1651","6.8117",,"Georgetown",11/23/2007 0:00:00,12/30/1899 14:00:00,"D- Property Damage","F- Driver",39.00,"Male","J- Minibus","S- Driver's Negligence",2.00
10211,38071.00,"4- Demerara- Mahaica",,"Brickdam Rd.",,"-58.1552","6.8061",,"Georgetown",11/24/2007 0:00:00,12/30/1899 9:00:00,"D- Property Damage","F- Driver",56.00,"Male","K- Private Cars;L- Lorries Van","S- Driver's Negligence",2.00
10212,38072.00,"4- Demerara- Mahaica",,"George St.",,"-58.1628","6.8054",,"Georgetown",11/24/2007 0:00:00,12/30/1899 19:15:00,"D- Property Damage","F- Driver",21.00,"Male","K- Private Cars","S- Driver's Negligence",2.00
10213,38073.00,"4- Demerara- Mahaica",,"Home Stretch Ave. & Vlissengen Rd.",,"-58.1508","6.8058",,"Georgetown",11/25/2007 0:00:00,12/30/1899 5:15:00,"D- Property Damage","F- Driver",19.00,"Male","K- Private Cars","S- Driver's Negligence",1.00
10214,38074.00,"4- Demerara- Mahaica",,"Durban St. & Smyth St.",,"-58.1641","6.8059",,"Georgetown",11/25/2007 0:00:00,12/30/1899 16:30:00,"D- Property Damage","F- Driver",28.00,"Male","K- Private Cars","S- Driver's Negligence",2.00
10215,38075.00,"4- Demerara- Mahaica",,"Croal St.",,"-58.1581","6.8076",,"Georgetown",11/25/2007 0:00:00,12/30/1899 21:45:00,"D- Property Damage","F- Driver",31.00,"Male","K- Private Cars","S- Driver's Negligence",2.00
10216,38076.00,"4- Demerara- Mahaica",,"Longden St. & America St.",,"-58.1666","6.8105",,"Georgetown",11/26/2007 0:00:00,12/30/1899 1:30:00,"D- Property Damage","F- Driver",30.00,"Male","K- Private Cars;N- Pickup","S- Driver's Negligence",2.00
10217,38077.00,"4- Demerara- Mahaica",,"Durban St.",,"-58.1526","6.8028",,"Georgetown",11/26/2007 0:00:00,12/30/1899 8:40:00,"B- Serious Injury","F- Driver",38.00,"Male","J- Minibus","S- Driver's Negligence",2.00
10218,38078.00,"4- Demerara- Mahaica",,"Regent St.",,"-58.1604","6.8102",,"Georgetown",11/24/2007 0:00:00,12/30/1899 12:50:00,"D- Property Damage","F- Driver",49.00,"Male","J- Minibus","S- Driver's Negligence",2.00
10219,38079.00,"4- Demerara- Mahaica",,"Regent St. & King St.",,"-58.1641","6.8112",,"Georgetown",11/26/2007 0:00:00,12/30/1899 10:20:00,"D- Property Damage","F- Driver",51.00,"Male","L- Lorries Van;M- Hire Cars","S- Driver's Negligence",2.00
10220,38080.00,"4- Demerara- Mahaica",,"Lamaha",,"-58.1564","6.8181",,"Georgetown",11/27/2007 0:00:00,12/30/1899 12:10:00,"B- Serious Injury","F- Driver",51.00,"Male","K- Private Cars","S- Driver's Negligence",1.00
10221,38081.00,"4- Demerara- Mahaica",,"Ave. of the Republic & Brickdam",,"-58.1660","6.8089",,"Georgetown",11/27/2007 0:00:00,12/30/1899 18:30:00,"D- Property Damage","F- Driver",38.00,"Male","K- Private Cars","S- Driver's Negligence",2.00
10222,38082.00,"4- Demerara- Mahaica",,"Durban & Hardina St.",,"-58.1554","6.8036",,"Georgetown",11/28/2007 0:00:00,12/30/1899 8:45:00,"D- Property Damage","F- Driver",24.00,"Male","K- Private Cars;M- Hire Cars","S- Driver's Negligence",2.00
10223,38083.00,"4- Demerara- Mahaica",,"Manget Place & Croal St.",,"-58.1644","6.8093",,"Georgetown",11/28/2007 0:00:00,12/30/1899 9:05:00,"D- Property Damage","F- Driver",31.00,"Male","K- Private Cars;M- Hire Cars","S- Driver's Negligence",2.00
10224,38084.00,"4- Demerara- Mahaica",,"Regent St. & Camp St.",,"-58.1608","6.8103",,"Georgetown",11/19/2007 0:00:00,12/30/1899 19:20:00,"C- Minor Injury","F- Driver",51.00,"Male","K- Private Cars","S- Driver's Negligence",2.00
10225,38085.00,"4- Demerara- Mahaica",,"Manget Place & Croal St.",,"-58.1644","6.8093",,"Georgetown",11/29/2007 0:00:00,12/30/1899 10:45:00,"D- Property Damage","F- Driver",58.00,"Male","J- Minibus;M- Hire Cars","S- Driver's Negligence",2.00
10226,38086.00,"4- Demerara- Mahaica",,"Robb St. & Albert St.",,"-58.1535","6.8092",,"Georgetown",11/30/2007 0:00:00,12/30/1899 14:20:00,"D- Property Damage","F- Driver",19.00,"Female","K- Private Cars","S- Driver's Negligence",2.00
10227,38087.00,"4- Demerara- Mahaica",,"Brickdam",,"-58.1552","6.8061",,"Georgetown",11/30/2007 0:00:00,12/30/1899 14:10:00,"D- Property Damage","F- Driver",49.00,"Male","K- Private Cars;L- Lorries Van","S- Driver's Negligence",2.00
10228,38088.00,"4- Demerara- Mahaica",,"Ave. of the Republic",,"-58.1651","6.8117",,"Georgetown",11/30/2007 0:00:00,12/30/1899 15:00:00,"D- Property Damage","F- Driver",31.00,"Male","J- Minibus;K- Private Cars","S- Driver's Negligence",2.00
10229,38089.00,"4- Demerara- Mahaica",,"Louisa Row & Norton St.",,"-58.1577","6.8033",,"Georgetown",12/1/2007 0:00:00,12/30/1899 16:10:00,"D- Property Damage","F- Driver",31.00,"Male","J- Minibus;K- Private Cars","S- Driver's Negligence",2.00
10230,38090.00,"4- Demerara- Mahaica",,"Durban St. & Camp St.",,"-58.1620","6.8053",,"Georgetown",12/2/2007 0:00:00,12/30/1899 17:30:00,"D- Property Damage","F- Driver",54.00,,"J- Minibus;K- Private Cars","S- Driver's Negligence",2.00
10231,38091.00,"4- Demerara- Mahaica",,"Church St.",,"-58.1574","6.8114",,"Georgetown",12/2/2007 0:00:00,12/30/1899 18:15:00,"B- Serious Injury","F- Driver",22.00,"Female","K- Private Cars","S- Driver's Negligence",1.00
10232,38092.00,"4- Demerara- Mahaica",,"Camp St. & Middle St.",,"-58.1599","6.8138",,"Georgetown",12/3/2007 0:00:00,12/30/1899 7:05:00,"C- Minor Injury","F- Driver",46.00,"Male","K- Private Cars","S- Driver's Negligence",2.00
10233,38093.00,"4- Demerara- Mahaica",,"Ave. of the Republic",,"-58.1651","6.8117",,"Georgetown",12/3/2007 0:00:00,12/30/1899 12:05:00,"D- Property Damage","F- Driver",30.00,"Male","K- Private Cars;L- Lorries Van","S- Driver's Negligence",2.00
10234,38094.00,"4- Demerara- Mahaica",,"Thomas St. & Quamina St.",,"-58.1583","6.8134",,"Georgetown",12/3/2007 0:00:00,12/30/1899 12:00:00,"D- Property Damage","F- Driver",38.00,"Male","K- Private Cars;N- Pickup","S- Driver's Negligence",2.00
10235,38095.00,"4- Demerara- Mahaica",,"Water St.",,"-58.1659","6.8180",,"Georgetown",12/3/2007 0:00:00,12/30/1899 11:45:00,"D- Property Damage","F- Driver",31.00,"Male","K- Private Cars;L- Lorries Van","S- Driver's Negligence",2.00
10236,38096.00,"4- Demerara- Mahaica",,"Hadfield St.",,"-58.1650","6.8079",,"Georgetown",12/3/2007 0:00:00,12/30/1899 16:50:00,"D- Property Damage","F- Driver",46.00,"Male","K- Private Cars;M- Hire Cars","S- Driver's Negligence",2.00
10237,38097.00,"4- Demerara- Mahaica",,"Thomas St. & Quamina St.",,"-58.1583","6.8134",,"Georgetown",12/4/2007 0:00:00,12/30/1899 18:15:00,"D- Property Damage","F- Driver",25.00,"Female","K- Private Cars","S- Driver's Negligence",2.00
10238,38098.00,"4- Demerara- Mahaica",,"America St. & Longden St.",,"-58.1666","6.8105",,"Georgetown",12/5/2007 0:00:00,12/30/1899 7:55:00,"C- Minor Injury","F- Driver",21.00,"Male","K- Private Cars;M- Hire Cars","S- Driver's Negligence",2.00
10239,38099.00,"4- Demerara- Mahaica",,"Light St. & Regent St.",,"-58.1552","6.8087",,"Georgetown",12/5/2007 0:00:00,12/30/1899 11:15:00,"D- Property Damage","F- Driver",22.00,"Female","J- Minibus;K- Private Cars","S- Driver's Negligence",2.00
10240,38100.00,"4- Demerara- Mahaica",,"East St. & Church St.",,"-58.1569","6.8113",,"Georgetown",12/5/2007 0:00:00,12/30/1899 12:00:00,"D- Property Damage","F- Driver",30.00,"Female","K- Private Cars","S- Driver's Negligence",2.00
10241,38101.00,"4- Demerara- Mahaica",,"Ave. of the Republic",,"-58.1651","6.8117",,"Georgetown",12/7/2007 0:00:00,12/30/1899 14:15:00,"D- Property Damage","F- Driver",37.00,"Male","J- Minibus;K- Private Cars","S- Driver's Negligence",2.00
10242,38102.00,"4- Demerara- Mahaica",,"Lance Gibbs St. & Peter Rose St.",,"-58.1485","6.8118",,"Georgetown",12/7/2007 0:00:00,,"D- Property Damage","F- Driver",28.00,"Male","K- Private Cars","S- Driver's Negligence",2.00
10243,38103.00,"4- Demerara- Mahaica",,"Robb St.",,"-58.1599","6.8109",,"Georgetown",12/7/2007 0:00:00,12/30/1899 11:45:00,"D- Property Damage","F- Driver",30.00,"Male","K- Private Cars","S- Driver's Negligence",2.00
10244,38104.00,"4- Demerara- Mahaica",,"Hadfield St.",,"-58.1650","6.8079",,"Georgetown",12/7/2007 0:00:00,12/30/1899 18:00:00,"D- Property Damage","F- Driver",38.00,"Male","J- Minibus;M- Hire Cars","S- Driver's Negligence",2.00
10245,38105.00,"4- Demerara- Mahaica",,"Robb St. & Light St.",,"-58.1549","6.8095",,"Georgetown",12/7/2007 0:00:00,12/30/1899 4:10:00,"D- Property Damage","F- Driver",52.00,"Male","K- Private Cars;M- Hire Cars","S- Driver's Negligence",2.00
10246,38106.00,"4- Demerara- Mahaica",,"Main St.",,"-58.1276","6.8221",,"Georgetown",12/8/2007 0:00:00,12/30/1899 23:45:00,"D- Property Damage","F- Driver",59.00,"Male","M- Hire Cars","S- Driver's Negligence",2.00
10247,38107.00,"4- Demerara- Mahaica",,"Lamaha",,"-58.1564","6.8181",,"Georgetown",12/11/2007 0:00:00,12/30/1899 13:15:00,"D- Property Damage","F- Driver",32.00,"Male","K- Private Cars;W-Pedal Cycle","S- Driver's Negligence",2.00
10248,38108.00,"4- Demerara- Mahaica",,"Water St.",,"-58.1659","6.8180",,"Georgetown",12/11/2007 0:00:00,12/30/1899 12:00:00,"C- Minor Injury","F- Driver",26.00,"Male","K- Private Cars","S- Driver's Negligence",2.00
10249,38109.00,"4- Demerara- Mahaica",,"Parade St. & Barrack St.",,"-58.1602","6.8213",,"Goergetown",12/14/2007 0:00:00,12/30/1899 15:10:00,"D- Property Damage","F- Driver",27.00,"Male","K- Private Cars;N- Pickup","S- Driver's Negligence",2.00
10250,38110.00,"4- Demerara- Mahaica",,"Camp St.",,"-58.1600","6.8137",,"Georgetown",12/14/2007 0:00:00,12/30/1899 22:30:00,"C- Minor Injury","F- Driver",25.00,"Male","K- Private Cars;V-Motor Cycle","S- Driver's Negligence",2.00
10251,38111.00,"4- Demerara- Mahaica",,"New Garden St. & Church St.",,"-58.1504","6.8096",,"Georgetown",12/15/2007 0:00:00,12/30/1899 5:00:00,"D- Property Damage","F- Driver",27.00,"Male","K- Private Cars;M- Hire Cars","S- Driver's Negligence",2.00
10252,38112.00,"4- Demerara- Mahaica",,"Hadfield St.",,"-58.1650","6.8079",,"Georgetown",12/15/2007 0:00:00,12/30/1899 18:30:00,"D- Property Damage","F- Driver",27.00,"Male","K- Private Cars;M- Hire Cars","S- Driver's Negligence",2.00
10253,38113.00,"4- Demerara- Mahaica",,"Quamina St. & Camp St.",,"-58.1599","6.8138",,"Georgetown",12/15/2007 0:00:00,12/30/1899 20:40:00,"D- Property Damage","F- Driver",46.00,"Male","K- Private Cars;N- Pickup","S- Driver's Negligence",2.00
10254,38114.00,"4- Demerara- Mahaica",,"Brickdam & Smyth St.",,"-58.1635","6.8083",,"Georgetown",12/15/2007 0:00:00,12/30/1899 21:30:00,"D- Property Damage","F- Driver",33.00,"Male","K- Private Cars;V-Motor Cycle","S- Driver's Negligence",2.00
10255,38115.00,"4- Demerara- Mahaica",,"Camp St. & Hadfield",,"-58.1614","6.8078",,"Georgetown",12/16/2007 0:00:00,12/30/1899 19:00:00,"C- Minor Injury","F- Driver",23.00,"Male","M- Hire Cars","S- Driver's Negligence",2.00
10256,38116.00,"4- Demerara- Mahaica",,"Lamaha & Albert St.",,"-58.1515","6.8167",,"Georgetown",12/16/2007 0:00:00,12/30/1899 10:00:00,"D- Property Damage","F- Driver",28.00,"Male","K- Private Cars","S- Driver's Negligence",2.00
10257,38117.00,"4- Demerara- Mahaica",,"Regent St.",,"-58.1604","6.8102",,"Georgetown",12/16/2007 0:00:00,12/30/1899 16:50:00,"B- Serious Injury","F- Driver",60.00,"Male","J- Minibus","S- Driver's Negligence",2.00
10258,38118.00,"4- Demerara- Mahaica",,"Croal St.",,"-58.1581","6.8076",,"Georgetown",12/17/2007 0:00:00,12/30/1899 9:45:00,"C- Minor Injury","F- Driver",34.00,"Male","J- Minibus;K- Private Cars","S- Driver's Negligence",2.00
10259,38119.00,"4- Demerara- Mahaica",,"Vlissengen Rd. & South Rd.",,"-58.1508","6.8059",,"Georgetown",12/17/2007 0:00:00,12/30/1899 17:00:00,"D- Property Damage","F- Driver",30.00,"Male","J- Minibus;M- Hire Cars","S- Driver's Negligence",2.00
10260,38120.00,"4- Demerara- Mahaica",,"Regent St. & Cummings St.",,"-58.1566","6.8092",,"Georgetown",12/17/2007 0:00:00,12/30/1899 17:30:00,"D- Property Damage","F- Driver",42.00,"Male","J- Minibus;K- Private Cars","S- Driver's Negligence",2.00
10261,38121.00,"4- Demerara- Mahaica",,"Camp St. & Quamina St.",,"-58.1599","6.8138",,"Georgetown",12/18/2007 0:00:00,12/30/1899 8:30:00,"D- Property Damage","F- Driver",42.00,"Female","K- Private Cars;M- Hire Cars","S- Driver's Negligence",2.00
10262,38122.00,"4- Demerara- Mahaica",,"Robb St.",,"-58.1599","6.8109",,"Georgetown",12/18/2007 0:00:00,12/30/1899 13:00:00,"D- Property Damage","F- Driver",42.00,"Male","J- Minibus;L- Lorries Van","S- Driver's Negligence",2.00
10263,38123.00,"4- Demerara- Mahaica",,"Albert St. & 3rd St.",,"-58.1523","6.8139",,"Georgetown",12/18/2007 0:00:00,12/30/1899 16:20:00,"D- Property Damage","F- Driver",26.00,"Male","K- Private Cars;M- Hire Cars","S- Driver's Negligence",2.00
10264,38124.00,"4- Demerara- Mahaica",,"High St.",,"-58.1669","6.8063",,"Georgetown",12/18/2007 0:00:00,12/30/1899 20:55:00,"D- Property Damage","F- Driver",30.00,"Male","M- Hire Cars;N- Pickup","S- Driver's Negligence",2.00
10265,38125.00,"4- Demerara- Mahaica",,"Ave. of the Republic",,"-58.1651","6.8117",,"Georgetwon",12/19/2007 0:00:00,12/30/1899 14:30:00,"C- Minor Injury","F- Driver",55.00,"Male","K- Private Cars;W-Pedal Cycle","S- Driver's Negligence",2.00
10266,38126.00,"4- Demerara- Mahaica",,"Ave. of the Republic & Charlotte St.",,"-58.1655","6.8106",,"Georgetown",12/19/2007 0:00:00,12/30/1899 17:50:00,"B- Serious Injury","F- Driver",70.00,"Male","K- Private Cars","S- Driver's Negligence",2.00
10267,38127.00,"4- Demerara- Mahaica",,"Barrack St. & High St.",,"-58.1629","6.8220",,"Georgetown",12/19/2007 0:00:00,12/30/1899 15:45:00,"D- Property Damage","F- Driver",48.00,"Male","L- Lorries Van;M- Hire Cars","S- Driver's Negligence",2.00
10268,38128.00,"4- Demerara- Mahaica",,"Barrack St. & High St",,"-58.1629","6.8220",,"Georgetown",12/19/2007 0:00:00,12/30/1899 10:15:00,"C- Minor Injury","F- Driver",27.00,"Male","K- Private Cars;V-Motor Cycle","S- Driver's Negligence",2.00
10269,38129.00,"4- Demerara- Mahaica",,"Charlotte St.",,"-58.1635","6.8101",,"Georgetown",12/19/2007 0:00:00,12/30/1899 17:00:00,"B- Serious Injury","G- Rider",39.00,"Male","V-Motor Cycle","U- Cyclist's Negligence",2.00
10270,38130.00,"4- Demerara- Mahaica",,"John St.",,"-58.1374","6.8107",,"Georgetown",12/20/2007 0:00:00,12/30/1899 22:00:00,"D- Property Damage","F- Driver",17.00,"Male","K- Private Cars;L- Lorries Van","S- Driver's Negligence",2.00
10271,38131.00,"4- Demerara- Mahaica",,"Bent St.",,"-58.1576","6.8050",,"Georgetown",12/20/2007 0:00:00,12/30/1899 14:30:00,"D- Property Damage","F- Driver",35.00,"Male","K- Private Cars;L- Lorries Van","S- Driver's Negligence",2.00
10272,38132.00,"4- Demerara- Mahaica",,"Camp St.",,"-58.1600","6.8137",,"Georgetown",12/20/2007 0:00:00,12/30/1899 18:45:00,"D- Property Damage","F- Driver",34.00,"Male","K- Private Cars","S- Driver's Negligence",2.00
10273,38133.00,"4- Demerara- Mahaica",,"Leopold St. & High St.",,"-58.1664","6.8070",,"Georgetown",12/21/2007 0:00:00,12/30/1899 13:00:00,"B- Serious Injury","F- Driver",50.00,"Male","K- Private Cars;W-Pedal Cycle","O- Lost Control & Runoff",2.00
10274,38134.00,"4- Demerara- Mahaica",,"Ave. of the Republic",,"-58.1651","6.8117",,"Georgetown",12/21/2007 0:00:00,12/30/1899 15:30:00,"C- Minor Injury","F- Driver",32.00,"Male","M- Hire Cars","S- Driver's Negligence",2.00
10275,38135.00,"4- Demerara- Mahaica",,"Brickdam",,"-58.1552","6.8061",,"Georgetown",12/21/2007 0:00:00,12/30/1899 20:00:00,"D- Property Damage","F- Driver",28.00,"Male","K- Private Cars;M- Hire Cars","S- Driver's Negligence",2.00
10276,38136.00,"4- Demerara- Mahaica",,"Main St. & Middle St.",,"-58.1642","6.8167",,"Georgetown",12/21/2007 0:00:00,12/30/1899 20:00:00,"D- Property Damage","F- Driver",37.00,"Male","K- Private Cars;M- Hire Cars","R- Improper Overtaking",2.00
10277,38137.00,"4- Demerara- Mahaica",,"Croal St. & Orange Walk",,"-58.1580","6.8076",,"Georgetown",12/22/2007 0:00:00,12/30/1899 3:00:00,"D- Property Damage","F- Driver",32.00,"Male","K- Private Cars","R- Improper Overtaking",2.00
10278,38138.00,"4- Demerara- Mahaica",,"Norton St. & Louisa Row",,"-58.1577","6.8033",,"Georgetown",12/22/2007 0:00:00,12/30/1899 10:30:00,"D- Property Damage","F- Driver",48.00,"Male","K- Private Cars;M- Hire Cars","R- Improper Overtaking",2.00
10279,38139.00,"4- Demerara- Mahaica",,"Church St. & Carmichael St.",,"-58.1637","6.8131",,"Georgetown",12/3/2007 0:00:00,12/30/1899 10:40:00,"D- Property Damage","F- Driver",34.00,"Male","J- Minibus;K- Private Cars","R- Improper Overtaking",2.00
10280,38140.00,"4- Demerara- Mahaica",,"Church St. & Cummings St.",,"-58.1561","6.8111",,"Georgetown",12/23/2007 0:00:00,12/30/1899 15:30:00,"C- Minor Injury","F- Driver",29.00,"Male","J- Minibus;V-Motor Cycle","S- Driver's Negligence",2.00
10281,38141.00,"4- Demerara- Mahaica",,"King St. & Charlotte St.",,"-58.1643","6.8103",,"Georgetown",12/24/2007 0:00:00,12/30/1899 10:45:00,"D- Property Damage","F- Driver",28.00,"Male","K- Private Cars","S- Driver's Negligence",2.00
10282,38142.00,"4- Demerara- Mahaica",,"Quamina St. & Thomas St.",,"-58.1583","6.8134",,"Georgetown",12/26/2007 0:00:00,12/30/1899 2:15:00,"D- Property Damage","F- Driver",22.00,"Male","K- Private Cars","S- Driver's Negligence",2.00
10283,38143.00,"4- Demerara- Mahaica",,"Smyth St. & Princess St.",,"-58.1645","6.8040",,"Georgetown",12/26/2007 0:00:00,12/30/1899 14:00:00,"C- Minor Injury","F- Driver",25.00,"Male","K- Private Cars;M- Hire Cars","S- Driver's Negligence",2.00
10284,38144.00,"4- Demerara- Mahaica",,"Regent St. & Ornoque St.",,"-58.1524","6.8080",,"Georgetown",12/26/2007 0:00:00,12/30/1899 18:00:00,"B- Serious Injury","F- Driver",45.00,"Male","J- Minibus;V-Motor Cycle","S- Driver's Negligence",2.00
10285,38145.00,"4- Demerara- Mahaica",,"Hadfield St. & High St.",,"-58.1662","6.8081",,"Georgetown",12/27/2007 0:00:00,12/30/1899 12:40:00,"D- Property Damage","F- Driver",42.00,"Male","K- Private Cars","S- Driver's Negligence",2.00
10286,38146.00,"4- Demerara- Mahaica",,"Robb St. & Albert St.",,"-58.1535","6.8092",,"Georgetown",12/28/2007 0:00:00,,"D- Property Damage","F- Driver",52.00,"Male","N- Pickup","S- Driver's Negligence",2.00
10287,38147.00,"4- Demerara- Mahaica",,"Ave. of the Republic",,"-58.1651","6.8117",,"Georgetown",12/28/2007 0:00:00,,"C- Minor Injury","E- Pedestrian",62.00,"Male","K- Private Cars","T-Pedestrian's Negligence",2.00
10288,38148.00,"4- Demerara- Mahaica",,"Brickdam & Cornhill St.",,"-58.1572","6.8066",,"Georgetown",12/29/2007 0:00:00,,"B- Serious Injury","E- Pedestrian",,"Male","J- Minibus","T-Pedestrian's Negligence",2.00
10289,38149.00,"4- Demerara- Mahaica",,"Hadfield St. & Smyth St.",,"-58.1637","6.8075",,"Georgetown",12/29/2007 0:00:00,12/30/1899 18:30:00,"C- Minor Injury","G- Rider",27.00,"Male","K- Private Cars;V-Motor Cycle","U- Cyclist's Negligence",2.00
10290,38150.00,"4- Demerara- Mahaica",,"Middle St. & Camp St.",,"-58.1599","6.8138",,"Georgetown",12/30/2007 0:00:00,12/30/1899 23:50:00,"D- Property Damage","F- Driver",28.00,"Male","K- Private Cars;M- Hire Cars","S- Driver's Negligence",2.00
10291,38151.00,"4- Demerara- Mahaica",,"Cross St.",,"-58.1656","6.8071",,"Georgetown",12/30/2007 0:00:00,12/30/1899 5:00:00,"D- Property Damage","G- Rider",,"Male","N- Pickup;V-Motor Cycle","U- Cyclist's Negligence",2.00