"ID","Accident ID","Region Number","Corridor ID","Location (Intersection/Road/Street)","Corridor","Location- longitude/ X","Location- latitude/  Y","Mile Marker","Village","Date of Accident","Time of Accident","Type of Accident","Class of Road User","Age/DOB","Gender","Class of Vehicles Involved","Contributing Factor","Number of Persons Involved"
10292,38152.00,"4- Demerara- Mahaica",,"Norton St. & Camp St.",,"-58.1622","6.8045",,"Georgetown",12/30/2007 0:00:00,12/30/1899 9:50:00,"A- Fatal","G- Rider",31.00,"Male","K- Private Cars;M- Hire Cars","U- Cyclist's Negligence",2.00
10293,38153.00,"4- Demerara- Mahaica",,"King St. & South Rd.",,"-58.1645","6.8096",,"Georgetown",12/3/2007 0:00:00,12/30/1899 20:10:00,"D- Property Damage","F- Driver",39.00,"Male","J- Minibus;N- Pickup","S- Driver's Negligence",2.00
10294,38154.00,"4- Demerara- Mahaica",,"Durban St.",,"-58.1526","6.8028",,"Georgetown",12/31/2007 0:00:00,12/30/1899 11:25:00,"D- Property Damage","F- Driver",23.00,"Male","K- Private Cars;N- Pickup","S- Driver's Negligence",2.00
10295,38155.00,"4- Demerara- Mahaica",,"Chalmers Place",,"-58.1583","6.8068",,"Georgetown",1/2/2008 0:00:00,12/30/1899 7:45:00,"D- Property Damage","F- Driver",49.00,"Female","K- Private Cars","S- Driver's Negligence",2.00
10296,38156.00,"4- Demerara- Mahaica",,"South Rd. & Albert St.",,"-58.1542","6.8069",,"Georgetown",1/2/2008 0:00:00,12/30/1899 8:31:00,"D- Property Damage","G- Rider",60.00,"Male","K- Private Cars;V-Motor Cycle","U- Cyclist's Negligence",2.00
10297,38157.00,"4- Demerara- Mahaica",,"Albert St",,"-58.1527","6.8123",,"Georgetown",1/2/2008 0:00:00,12/30/1899 12:10:00,"C- Minor Injury","F- Driver",50.00,"Male","K- Private Cars;M- Hire Cars","S- Driver's Negligence",2.00
10298,38158.00,"4- Demerara- Mahaica",,"Carmichael St. & Quamina St.",,"-58.1630","6.8147",,"Georgetwon",1/2/2008 0:00:00,12/30/1899 17:05:00,"C- Minor Injury","F- Driver",46.00,"Male","J- Minibus;M- Hire Cars","S- Driver's Negligence",2.00
10299,38159.00,"4- Demerara- Mahaica",,"Water St.",,"-58.1659","6.8180",,"Georgetown",12/21/2007 0:00:00,12/30/1899 14:00:00,"D- Property Damage","F- Driver",46.00,"Male","K- Private Cars","S- Driver's Negligence",2.00
10300,38160.00,"4- Demerara- Mahaica",,"South Rd.",,"-58.1586","6.8079",,"Georgetwon",1/4/2008 0:00:00,12/30/1899 10:43:00,"D- Property Damage","F- Driver",23.00,"Male","K- Private Cars;L- Lorries Van","S- Driver's Negligence",2.00
10301,38161.00,"4- Demerara- Mahaica",,"Ave. of the Republic",,"-58.1651","6.8117",,"Georgetown",1/4/2008 0:00:00,12/30/1899 12:30:00,"D- Property Damage","F- Driver",30.00,"Male","J- Minibus;V-Motor Cycle","S- Driver's Negligence",2.00
10302,38162.00,"4- Demerara- Mahaica",,"Norton St. & John St.",,"-58.1403","6.7987",,"Georgetown",1/4/2008 0:00:00,12/30/1899 16:00:00,"D- Property Damage","F- Driver",79.00,"Male","J- Minibus;K- Private Cars","R- Improper Overtaking",2.00
10303,38163.00,"4- Demerara- Mahaica",,"Norton St.",,"-58.1519","6.8017",,"Georgetown",1/5/2008 0:00:00,12/30/1899 21:40:00,"D- Property Damage","F- Driver",26.00,"Male","K- Private Cars","R- Improper Overtaking",2.00
10304,38164.00,"4- Demerara- Mahaica",,"3rd St. & Albert St.",,"-58.1523","6.8139",,"Georgetown",1/7/2008 0:00:00,12/30/1899 8:45:00,"D- Property Damage","F- Driver",50.00,"Male","L- Lorries Van;M- Hire Cars","S- Driver's Negligence",2.00
10305,38165.00,"4- Demerara- Mahaica",,"Ave. of the Republic & North Rd.",,"-58.1648","6.8130",,"Georgetown",1/7/2008 0:00:00,12/30/1899 8:40:00,"C- Minor Injury","F- Driver",34.00,"Male","J- Minibus;L- Lorries Van","S- Driver's Negligence",2.00
10306,38166.00,"4- Demerara- Mahaica",,"Woolford Ave. & Albert St.",,"-58.1512","6.8178",,"Georgetown",1/7/2008 0:00:00,12/30/1899 8:30:00,"C- Minor Injury","F- Driver",47.00,"Male","K- Private Cars;M- Hire Cars","R- Improper Overtaking",2.00
10307,38167.00,"4- Demerara- Mahaica",,"Thomas St.",,"-58.1577","6.8148",,"Georgetown",1/7/2008 0:00:00,12/30/1899 8:40:00,"D- Property Damage","F- Driver",46.00,"Male","K- Private Cars;M- Hire Cars","R- Improper Overtaking",2.00
10308,38168.00,"4- Demerara- Mahaica",,"North Rd.",,"-58.1575","6.8110",,"Georgetown",1/7/2008 0:00:00,12/30/1899 13:45:00,"D- Property Damage","F- Driver",48.00,"Male","K- Private Cars;M- Hire Cars","S- Driver's Negligence",2.00
10309,38169.00,"4- Demerara- Mahaica",,"High St.",,"-58.1669","6.8063",,"Georgetown",1/5/2008 0:00:00,12/30/1899 20:40:00,"B- Serious Injury","G- Rider",30.00,"Female","V-Motor Cycle","U- Cyclist's Negligence",2.00
10310,38170.00,"4- Demerara- Mahaica",,"Regent St.",,"-58.1604","6.8102",,"Georgetown",1/8/2008 0:00:00,12/30/1899 10:30:00,"D- Property Damage","F- Driver",42.00,"Male","K- Private Cars;L- Lorries Van","R- Improper Overtaking",2.00
10311,38171.00,"4- Demerara- Mahaica",,"Charlotte St. & Wellington St.",,"-58.1627","6.8099",,"Georgetown",1/8/2008 0:00:00,12/30/1899 13:50:00,"D- Property Damage","F- Driver",44.00,"Male","J- Minibus;N- Pickup","S- Driver's Negligence",2.00
10312,38172.00,"4- Demerara- Mahaica",,"Vlissengen Rd. & Norton St.",,"-58.1479","6.8084",,"Georgetown",1/9/2008 0:00:00,12/30/1899 13:00:00,"C- Minor Injury","F- Driver",38.00,"Female","J- Minibus;K- Private Cars","S- Driver's Negligence",2.00
10313,38173.00,"4- Demerara- Mahaica",,"Thomaslands",,"-58.1505","6.8202",,"Georgetown",1/9/2008 0:00:00,12/30/1899 20:40:00,"C- Minor Injury","G- Rider",,"Male","K- Private Cars;V-Motor Cycle","U- Cyclist's Negligence",2.00
10314,38174.00,"4- Demerara- Mahaica",,"Regent St. & Alexander St.",,"-58.1593","6.8099",,"Georgetown",12/28/2007 0:00:00,,"C- Minor Injury","F- Driver",32.00,"Female","K- Private Cars","S- Driver's Negligence",2.00
10315,38175.00,"4- Demerara- Mahaica",,"Lombard St.",,"-58.1675","6.8071",,"Georgetown",1/10/2008 0:00:00,12/30/1899 20:40:00,"D- Property Damage","F- Driver",51.00,"Female","L- Lorries Van","S- Driver's Negligence",1.00
10316,38176.00,"4- Demerara- Mahaica",,"Norton St.",,"-58.1519","6.8017",,"Georgetown",1/11/2008 0:00:00,12/30/1899 8:30:00,"D- Property Damage","F- Driver",46.00,"Male","J- Minibus;L- Lorries Van","R- Improper Overtaking",2.00
10317,38177.00,"4- Demerara- Mahaica",,"1st St. Albertown",,"-58.1518","6.8157",,"Georgetown",1/11/2008 0:00:00,12/30/1899 14:30:00,"D- Property Damage","F- Driver",25.00,"Male","K- Private Cars","S- Driver's Negligence",2.00
10318,38178.00,"4- Demerara- Mahaica",,"Hadfield St. & John St.",,"-58.1389","6.8111",,"Georgetown",1/12/2008 0:00:00,12/30/1899 14:00:00,"D- Property Damage","F- Driver",43.00,"Female","K- Private Cars;N- Pickup","S- Driver's Negligence",2.00
10319,38179.00,"4- Demerara- Mahaica",,"Laluni St. & Peter Rose St.",,"-58.1479","6.8138",,"Georgetown",1/12/2008 0:00:00,12/30/1899 14:10:00,"C- Minor Injury","F- Driver",38.00,"Male","J- Minibus;K- Private Cars","R- Improper Overtaking",2.00
10320,38180.00,"4- Demerara- Mahaica",,"North Rd. & Camp St.",,"-58.1604","6.8118",,"Georgetown",1/12/2008 0:00:00,,"D- Property Damage","F- Driver",33.00,"Male","J- Minibus;K- Private Cars","S- Driver's Negligence",2.00
10321,38181.00,"4- Demerara- Mahaica",,"Croal St.",,"-58.1581","6.8076",,"Georgetown",1/12/2008 0:00:00,12/30/1899 21:15:00,"D- Property Damage","F- Driver",50.00,"Male","J- Minibus","S- Driver's Negligence",2.00
10322,38182.00,"4- Demerara- Mahaica",,"Regent St.",,"-58.1604","6.8102",,"Georgetown",1/15/2008 0:00:00,12/30/1899 9:50:00,"D- Property Damage","F- Driver",65.00,"Female","K- Private Cars","S- Driver's Negligence",2.00
10323,38183.00,"4- Demerara- Mahaica",,"Camp & Church St.",,"-58.1601","6.8122",,"Georgetown",5/12/2008 0:00:00,12/30/1899 9:00:00,"D- Property Damage","F- Driver",67.00,"Male","K- Private Cars;N- Pickup","S- Driver's Negligence",2.00
10324,38184.00,"4- Demerara- Mahaica",,"North Rd.",,"-58.1575","6.8110",,"Georgetown",5/12/2008 0:00:00,12/30/1899 15:00:00,"D- Property Damage","F- Driver",46.00,"Female","K- Private Cars;N- Pickup","S- Driver's Negligence",2.00
10325,38185.00,"4- Demerara- Mahaica",,"Peter Rose & Laluni St.",,"-58.1479","6.8138",,"Georgetown",5/12/2008 0:00:00,12/30/1899 16:30:00,"D- Property Damage","F- Driver",63.00,"Male","K- Private Cars;V-Motor Cycle","P- Speeding",2.00
10326,38186.00,"4- Demerara- Mahaica",,"South Rd. & Oronoque St.",,"-58.1527","6.8065",,"Georgetown",5/12/2008 0:00:00,12/30/1899 18:00:00,"C- Minor Injury","F- Driver",60.00,"Male","K- Private Cars;V-Motor Cycle","S- Driver's Negligence",2.00
10327,38187.00,"4- Demerara- Mahaica",,"Water & Robb St.",,"-58.1622","6.8115",,"Georgetown",5/13/2008 0:00:00,12/30/1899 15:35:00,"D- Property Damage","F- Driver",46.00,"Male","K- Private Cars;V-Motor Cycle","S- Driver's Negligence",2.00
10328,38188.00,"4- Demerara- Mahaica",,"New Market & Carmichael St.",,"-58.1621","6.8179",,"Georgetown",5/13/2008 0:00:00,12/30/1899 19:15:00,"D- Property Damage","F- Driver",30.00,"Male","J- Minibus;N- Pickup","P- Speeding",2.00
10329,38189.00,"4- Demerara- Mahaica",,"Camp St.",,"-58.1600","6.8137",,"Georgetown",5/13/2008 0:00:00,12/30/1899 12:00:00,"C- Minor Injury","F- Driver",18.00,"Male","K- Private Cars;M- Hire Cars","P- Speeding",2.00
10330,38190.00,"4- Demerara- Mahaica",,"Main St.",,"-58.1276","6.8221",,"Georgetown",5/14/2008 0:00:00,12/30/1899 12:30:00,"D- Property Damage","F- Driver",33.00,"Male","L- Lorries Van;N- Pickup","R- Improper Overtaking",2.00
10331,38191.00,"4- Demerara- Mahaica",,"Quamina & Thomas St.",,"-58.1583","6.8134",,"Georgetown",5/15/2008 0:00:00,12/30/1899 13:45:00,"D- Property Damage","F- Driver",43.00,"Female","K- Private Cars","S- Driver's Negligence",1.00
10332,38192.00,"4- Demerara- Mahaica",,"South Rd.",,"-58.1583","6.8079",,"Georgetown",5/16/2008 0:00:00,12/30/1899 14:00:00,"D- Property Damage","F- Driver",49.00,"Male","J- Minibus;K- Private Cars","R- Improper Overtaking",2.00
10333,38193.00,"4- Demerara- Mahaica",,"Croal St.",,"-58.1581","6.8076",,"Georgetown",5/16/2008 0:00:00,12/30/1899 15:00:00,"D- Property Damage","F- Driver",53.00,"Male","J- Minibus;K- Private Cars","S- Driver's Negligence",2.00
10334,38194.00,"4- Demerara- Mahaica",,"Grove Bus Park",,"-58.1674","6.8092",,"Georgetown",5/16/2008 0:00:00,12/30/1899 16:00:00,"C- Minor Injury","F- Driver",38.00,"Male","J- Minibus","S- Driver's Negligence",1.00
10335,38195.00,"4- Demerara- Mahaica",,"Bent St.",,"-58.1576","6.8050",,"Georgetown",5/16/2008 0:00:00,12/30/1899 17:00:00,"C- Minor Injury","G- Rider",15.00,"Male","W-Pedal Cycle","U- Cyclist's Negligence",1.00
10336,38196.00,"4- Demerara- Mahaica",,"Brickdam & Chalmers Pl.",,"-58.1583","6.8069",,"Georgetown",5/19/2008 0:00:00,12/30/1899 9:00:00,"D- Property Damage","F- Driver",52.00,"Male","K- Private Cars;N- Pickup","S- Driver's Negligence",1.00
10337,38197.00,"4- Demerara- Mahaica",,"Bent St.",,"-58.1576","6.8050",,"Georgetown",5/19/2008 0:00:00,12/30/1899 12:00:00,"C- Minor Injury","F- Driver",38.00,"Male","J- Minibus;K- Private Cars","S- Driver's Negligence",2.00
10338,38198.00,"4- Demerara- Mahaica",,"Brickdam",,"-58.1552","6.8061",,"Georgetown",5/19/2008 0:00:00,12/30/1899 12:30:00,"D- Property Damage","F- Driver",28.00,"Male","J- Minibus","S- Driver's Negligence",1.00
10339,38199.00,"4- Demerara- Mahaica",,"Robb St.",,"-58.1598","6.8108",,"Georgetown",5/19/2008 0:00:00,12/30/1899 14:50:00,"D- Property Damage","F- Driver",50.00,"Male","L- Lorries Van","S- Driver's Negligence",1.00
10340,38200.00,"4- Demerara- Mahaica",,"Smyth St.",,"-58.1643","6.8048",,"Georgetown",5/19/2008 0:00:00,12/30/1899 21:50:00,"D- Property Damage","F- Driver",44.00,"Male","N- Pickup","S- Driver's Negligence",1.00
10341,38201.00,"4- Demerara- Mahaica",,"North Rd.",,"-58.1575","6.8110",,"Georgetown",5/20/2008 0:00:00,12/30/1899 8:00:00,"D- Property Damage","F- Driver",20.00,"Female","K- Private Cars","S- Driver's Negligence",1.00
10342,38202.00,"4- Demerara- Mahaica",,"Cornhill St.",,"-58.1574","6.8046",,"Georgetown",5/20/2008 0:00:00,12/30/1899 10:00:00,"D- Property Damage","F- Driver",28.00,"Male","J- Minibus;K- Private Cars","S- Driver's Negligence",2.00
10343,38203.00,"4- Demerara- Mahaica",,"Robb & Oronoque St.",,"-58.1521","6.8088",,"Georgetown",5/21/2008 0:00:00,12/30/1899 11:05:00,"C- Minor Injury","F- Driver",32.00,"Male","K- Private Cars","S- Driver's Negligence",1.00
10344,38204.00,"4- Demerara- Mahaica",,"Camp & Lamaha St.",,"-58.1584","6.8186",,"Georgetown",5/21/2008 0:00:00,12/30/1899 12:50:00,"C- Minor Injury","E- Pedestrian",17.00,"Female","J- Minibus","T-Pedestrian's Negligence",2.00
10345,38205.00,"4- Demerara- Mahaica",,"Woolford Ave.",,"-58.1525","6.8182",,"Georgetown",5/21/2008 0:00:00,12/30/1899 8:14:00,"B- Serious Injury","F- Driver",,"Male","J- Minibus;K- Private Cars","R- Improper Overtaking",3.00
10346,38206.00,"4- Demerara- Mahaica",,"Camp St.",,"-58.1600","6.8137",,"Georgetown",5/21/2008 0:00:00,12/30/1899 18:50:00,"C- Minor Injury","E- Pedestrian",70.00,"Male","V-Motor Cycle","T-Pedestrian's Negligence",2.00
10347,38207.00,"4- Demerara- Mahaica",,"Brickdam",,"-58.1552","6.8061",,"Georgetown",5/22/2008 0:00:00,12/30/1899 10:00:00,"D- Property Damage","F- Driver",43.00,"Male","K- Private Cars;N- Pickup","R- Improper Overtaking",2.00
10348,38208.00,"4- Demerara- Mahaica",,"First St. Alberttown",,"-58.1524","6.8159",,"Georgetown",5/22/2008 0:00:00,12/30/1899 17:30:00,"C- Minor Injury","F- Driver",21.00,"Male","M- Hire Cars","S- Driver's Negligence",2.00
10349,38209.00,"4- Demerara- Mahaica",,"Ave. Of The Republic & North Rd.",,"-58.1648","6.8130",,"Georgetown",5/22/2008 0:00:00,12/30/1899 17:00:00,"D- Property Damage","F- Driver",21.00,"Female","N- Pickup","S- Driver's Negligence",2.00
10350,38210.00,"4- Demerara- Mahaica",,"Lamaha St.",,"-58.1527","6.8170",,"Georgetown",5/19/2008 0:00:00,12/30/1899 8:30:00,"D- Property Damage","G- Rider",29.00,"Male","V-Motor Cycle","U- Cyclist's Negligence",2.00
10351,38211.00,"4- Demerara- Mahaica",,"Quamina St.",,"-58.1616","6.8142",,"Georgetown",5/23/2008 0:00:00,12/30/1899 12:35:00,"C- Minor Injury","F- Driver",62.00,"Male","K- Private Cars;V-Motor Cycle","P- Speeding",2.00
10352,38212.00,"4- Demerara- Mahaica",,"Camp St.",,"-58.1600","6.8137",,"Georgetown",5/27/2008 0:00:00,12/30/1899 8:45:00,"D- Property Damage","F- Driver",25.00,"Male","K- Private Cars;M- Hire Cars","S- Driver's Negligence",2.00
10353,38213.00,"4- Demerara- Mahaica",,"Cornhill St.",,"-58.1574","6.8046",,"Georgetown",5/27/2008 0:00:00,12/30/1899 13:00:00,"D- Property Damage","F- Driver",26.00,"Male","K- Private Cars","S- Driver's Negligence",1.00
10354,38214.00,"4- Demerara- Mahaica",,"Vlissengen Rd.",,"-58.1474","6.8108",,"Georgetown",5/27/2008 0:00:00,12/30/1899 13:45:00,"D- Property Damage","F- Driver",29.00,"Female","K- Private Cars","S- Driver's Negligence",1.00
10355,38215.00,"4- Demerara- Mahaica",,"Ave. Of The Republic",,"-58.1651","6.8117",,"Georgetown",5/27/2008 0:00:00,12/30/1899 16:50:00,"D- Property Damage","F- Driver",27.00,"Female","K- Private Cars","S- Driver's Negligence",1.00
10356,38216.00,"4- Demerara- Mahaica",,"Regent & King St.",,"-58.1641","6.8112",,"Georgetown",5/28/2008 0:00:00,12/30/1899 14:00:00,"D- Property Damage","F- Driver",52.00,"Male","K- Private Cars;N- Pickup","S- Driver's Negligence",1.00
10357,38217.00,"4- Demerara- Mahaica",,"Camp & Middle St.",,"-58.1599","6.8138",,"Georgetown",5/29/2008 0:00:00,12/30/1899 14:30:00,"B- Serious Injury","F- Driver",44.00,"Male","J- Minibus;M- Hire Cars","P- Speeding",2.00
10358,38218.00,"4- Demerara- Mahaica",,"Brickdam",,"-58.1552","6.8061",,"Georgetown",5/29/2008 0:00:00,12/30/1899 16:30:00,"D- Property Damage","F- Driver",29.00,"Male","M- Hire Cars","S- Driver's Negligence",1.00
10359,38219.00,"4- Demerara- Mahaica",,"Robb St.",,"-58.1598","6.8108",,"Georgetown",5/29/2008 0:00:00,12/30/1899 15:50:00,"B- Serious Injury","G- Rider",32.00,"Male","V-Motor Cycle;W-Pedal Cycle","P- Speeding",2.00
10360,38220.00,"4- Demerara- Mahaica",,"Oronoque St.",,"-58.1516","6.8107",,"Georgetown",5/31/2008 0:00:00,12/30/1899 14:25:00,"C- Minor Injury","E- Pedestrian",7.00,"Female","M- Hire Cars","T-Pedestrian's Negligence",2.00
10361,38221.00,"4- Demerara- Mahaica",,"Ave. Of The Republic & Regent St.",,"-58.1653","6.8115",,"Georgetown",6/1/2008 0:00:00,12/30/1899 2:00:00,"C- Minor Injury","F- Driver",45.00,"Male","M- Hire Cars","T-Pedestrian's Negligence",2.00
10362,38222.00,"4- Demerara- Mahaica",,"Camp & Robb St.",,"-58.1606","6.8111",,"Georgetown",6/15/2008 0:00:00,12/30/1899 19:30:00,"B- Serious Injury","F- Driver",32.00,"Male","M- Hire Cars;V-Motor Cycle","S- Driver's Negligence",2.00
10363,38223.00,"4- Demerara- Mahaica",,"North Rd. & New Garden St.",,"-58.1505","6.8091",,"Georgetown",6/2/2008 0:00:00,12/30/1899 11:15:00,"C- Minor Injury","F- Driver",32.00,"Female","K- Private Cars","S- Driver's Negligence",2.00
10364,38224.00,"4- Demerara- Mahaica",,"North & Alexander St.",,"-58.1589","6.8114",,"Georgetown",6/2/2008 0:00:00,12/30/1899 15:00:00,"D- Property Damage","F- Driver",31.00,"Male","N- Pickup","S- Driver's Negligence",1.00
10365,38225.00,"4- Demerara- Mahaica",,"King St.",,"-58.1641","6.8109",,"Georgetown",6/2/2008 0:00:00,12/30/1899 12:30:00,"D- Property Damage","F- Driver",31.00,"Male","K- Private Cars","P- Speeding",2.00
10366,38226.00,"4- Demerara- Mahaica",,"Alexander & Charlotte St.",,"-58.1595","6.8090",,"Georgetown",6/2/2008 0:00:00,12/30/1899 15:00:00,"D- Property Damage","F- Driver",32.00,"Male","K- Private Cars","S- Driver's Negligence",2.00
10367,38227.00,"4- Demerara- Mahaica",,"Middle & Waterloo St.",,"-58.1611","6.8159",,"Georgetown",6/3/2008 0:00:00,12/30/1899 13:50:00,"D- Property Damage","F- Driver",21.00,"Male","M- Hire Cars;V-Motor Cycle","S- Driver's Negligence",2.00
10368,38228.00,"4- Demerara- Mahaica",,"Commerce & Longden St.",,"-58.1666","6.8105",,"Georgetown",5/23/2008 0:00:00,12/30/1899 15:00:00,"D- Property Damage","F- Driver",23.00,"Male","K- Private Cars","P- Speeding",2.00
10369,38229.00,"4- Demerara- Mahaica",,"Croal St. & Manget Pl.",,"-58.1644","6.8093",,"Georgetown",5/28/2008 0:00:00,12/30/1899 14:30:00,"C- Minor Injury","E- Pedestrian",39.00,"Female","K- Private Cars","T-Pedestrian's Negligence",2.00
10370,38230.00,"4- Demerara- Mahaica",,"Croal & Longden St.",,"-58.1668","6.8100",,"Georgetown",6/6/2008 0:00:00,12/30/1899 16:55:00,"D- Property Damage","F- Driver",50.00,"Male","J- Minibus","S- Driver's Negligence",2.00
10371,38231.00,"4- Demerara- Mahaica",,"Hadfield & Lime St.",,"-58.1584","6.8060",,"Georgetown",6/7/2008 0:00:00,12/30/1899 20:05:00,"C- Minor Injury","F- Driver",58.00,"Male","M- Hire Cars","S- Driver's Negligence",2.00
10372,38232.00,"4- Demerara- Mahaica",,"Irving & Foreshaw St.",,"-58.1475","6.8104",,"Georgetown",6/6/2008 0:00:00,12/30/1899 22:00:00,"C- Minor Injury","F- Driver",37.00,"Male","K- Private Cars","S- Driver's Negligence",2.00
10373,38233.00,"4- Demerara- Mahaica",,"Church & Light St.",,"-58.1547","6.8107",,"Georgetown",6/7/2008 0:00:00,12/30/1899 2:30:00,"C- Minor Injury","F- Driver",45.00,"Male","K- Private Cars;M- Hire Cars","S- Driver's Negligence",2.00
10374,38234.00,"4- Demerara- Mahaica",,"Cummings & Church St.",,"-58.1561","6.8111",,"Georgetown",6/9/2008 0:00:00,12/30/1899 15:25:00,"D- Property Damage","F- Driver",20.00,"Female","K- Private Cars","S- Driver's Negligence",2.00
10375,38235.00,"4- Demerara- Mahaica",,"Vlissengen Rd.",,"-58.1474","6.8108",,"Georgetown",6/7/2008 0:00:00,12/30/1899 10:50:00,"D- Property Damage","F- Driver",48.00,"Male","M- Hire Cars","P- Speeding",2.00
10376,38236.00,"4- Demerara- Mahaica",,"Lamaha & Carmichael St.",,"-58.1619","6.8194",,"Georgetown",6/10/2008 0:00:00,12/30/1899 19:30:00,"C- Minor Injury","G- Rider",43.00,"Male","K- Private Cars;W-Pedal Cycle","U- Cyclist's Negligence",2.00
10377,38237.00,"4- Demerara- Mahaica",,"Croal St.",,"-58.1581","6.8076",,"Georgetown",6/11/2008 0:00:00,12/30/1899 9:00:00,"D- Property Damage","F- Driver",31.00,"Male","M- Hire Cars","S- Driver's Negligence",2.00
10378,38238.00,"4- Demerara- Mahaica",,"Carmichael St.",,"-58.1629","6.8159",,"Georgetown",6/10/2008 0:00:00,12/30/1899 10:30:00,"D- Property Damage","F- Driver",23.00,"Male","K- Private Cars;M- Hire Cars","S- Driver's Negligence",2.00
10379,38239.00,"4- Demerara- Mahaica",,"High St.",,"-58.1669","6.8063",,"Georgetown",6/12/2008 0:00:00,12/30/1899 3:30:00,"D- Property Damage","F- Driver",24.00,"Male","K- Private Cars","O- Lost Control & Runoff",1.00
10380,38240.00,"4- Demerara- Mahaica",,"Church St.",,"-58.1574","6.8114",,"Georgetown",6/10/2008 0:00:00,12/30/1899 9:00:00,"D- Property Damage","F- Driver",32.00,"Male","J- Minibus;M- Hire Cars","R- Improper Overtaking",2.00
10381,38241.00,"4- Demerara- Mahaica",,"Longden St.",,"-58.1666","6.8107",,"Georgetown",6/2/2008 0:00:00,12/30/1899 8:45:00,"D- Property Damage","F- Driver",31.00,"Male","K- Private Cars;M- Hire Cars","S- Driver's Negligence",2.00
10382,38242.00,"4- Demerara- Mahaica",,"Camp & Regent St.",,"-58.1608","6.8103",,"Georgetown",6/12/2008 0:00:00,12/30/1899 12:00:00,"B- Serious Injury","E- Pedestrian",32.00,"Female","K- Private Cars","T-Pedestrian's Negligence",2.00
10383,38243.00,"4- Demerara- Mahaica",,"North Rd. & New Garden St.",,"-58.1505","6.8091",,"Georgetown",6/12/2008 0:00:00,12/30/1899 15:15:00,"D- Property Damage","F- Driver",29.00,"Male","K- Private Cars","S- Driver's Negligence",2.00
10384,38244.00,"4- Demerara- Mahaica",,"Carmichael & Church St.",,"-58.1637","6.8131",,"Georgetown",6/12/2008 0:00:00,12/30/1899 16:00:00,"D- Property Damage","F- Driver",36.00,"Male","K- Private Cars;N- Pickup","S- Driver's Negligence",2.00
10385,38245.00,"4- Demerara- Mahaica",,"Vlissengen & Croal St.",,"-58.1508","6.8058",,"Georgetown",6/13/2008 0:00:00,12/30/1899 13:30:00,"C- Minor Injury","F- Driver",60.00,"Male","J- Minibus","S- Driver's Negligence",2.00
10386,38246.00,"4- Demerara- Mahaica",,"New Garden & Crown St.",,"-58.1494","6.8131",,"Georgetown",6/13/2008 0:00:00,12/30/1899 16:30:00,"C- Minor Injury","F- Driver",,"Male","K- Private Cars","P- Speeding",2.00
10387,38247.00,"4- Demerara- Mahaica",,"King & Charlotte St.",,"-58.1643","6.8103",,"Georgetown",6/11/2008 0:00:00,12/30/1899 20:30:00,"D- Property Damage","F- Driver",30.00,"Male","J- Minibus;M- Hire Cars","S- Driver's Negligence",2.00
10388,38248.00,"4- Demerara- Mahaica",,"North Rd. & Albert St.",,"-58.1534","6.8099",,"Georgetown",6/11/2008 0:00:00,12/30/1899 11:00:00,"D- Property Damage","F- Driver",33.00,"Male","M- Hire Cars","P- Speeding",2.00
10389,38249.00,"4- Demerara- Mahaica",,"Almond & New Garden St.",,"-58.1497","6.8121",,"Georgetown",6/14/2008 0:00:00,12/30/1899 13:30:00,"C- Minor Injury","G- Rider",44.00,"Male","K- Private Cars;V-Motor Cycle","U- Cyclist's Negligence",2.00
10390,38250.00,"4- Demerara- Mahaica",,"Durban & George St.",,"-58.1628","6.8055",,"Georgetown",6/14/2008 0:00:00,12/30/1899 21:30:00,"D- Property Damage","F- Driver",39.00,"Female","K- Private Cars","S- Driver's Negligence",2.00
10391,38251.00,"4- Demerara- Mahaica",,"Lamaha St.",,"-58.1564","6.8181",,"Georgetown",6/13/2008 0:00:00,12/30/1899 12:35:00,"D- Property Damage","F- Driver",33.00,"Male","K- Private Cars","S- Driver's Negligence",2.00
10392,38252.00,"4- Demerara- Mahaica",,"Camp & New Market St.",,"-58.1591","6.8170",,"Georgetown",6/17/2008 0:00:00,12/30/1899 11:30:00,"D- Property Damage","F- Driver",43.00,"Male","J- Minibus","P- Speeding",2.00
10393,38253.00,"4- Demerara- Mahaica",,"Brickdam & Vlissengen Rd.",,"-58.1511","6.8050",,"Georgetown",6/17/2008 0:00:00,12/30/1899 15:10:00,"D- Property Damage","F- Driver",40.00,"Male","M- Hire Cars;X-Tractor","S- Driver's Negligence",2.00
10394,38254.00,"4- Demerara- Mahaica",,"Robb St.",,"-58.1598","6.8108",,"Georgetown",6/18/2008 0:00:00,12/30/1899 12:15:00,"D- Property Damage","F- Driver",49.00,"Male","K- Private Cars","S- Driver's Negligence",2.00
10395,38255.00,"4- Demerara- Mahaica",,"Croal & Wellington St.",,"-58.1629","6.8089",,"Georgetown",6/18/2008 0:00:00,12/30/1899 16:50:00,"D- Property Damage","F- Driver",28.00,"Male","K- Private Cars;N- Pickup","P- Speeding",2.00
10396,38256.00,"4- Demerara- Mahaica",,"Cornhill St.",,"-58.1574","6.8046",,"Georgetown",6/18/2008 0:00:00,12/30/1899 6:30:00,"C- Minor Injury","E- Pedestrian",58.00,"Male","J- Minibus","T-Pedestrian's Negligence",2.00
10397,38257.00,"4- Demerara- Mahaica",,"Third St. Alberttown",,"-58.1527","6.8140",,"Georgetown",4/30/2008 0:00:00,12/30/1899 11:30:00,"C- Minor Injury","G- Rider",58.00,"Male","M- Hire Cars;V-Motor Cycle","U- Cyclist's Negligence",2.00