"ID","Accident ID","Region Number","Corridor ID","Location (Intersection/Road/Street)","Corridor","Location- longitude/ X","Location- latitude/  Y","Mile Marker","Village","Date of Accident","Time of Accident","Type of Accident","Class of Road User","Age/DOB","Gender","Class of Vehicles Involved","Contributing Factor","Number of Persons Involved"
10398,38258.00,"4- Demerara- Mahaica",,"South Rd. & Wellington St.",,"-58.1629","6.8091",,"Georgetown",6/21/2008 0:00:00,12/30/1899 6:10:00,"D- Property Damage","F- Driver",63.00,"Male","K- Private Cars;M- Hire Cars","S- Driver's Negligence",2.00
10399,38259.00,"4- Demerara- Mahaica",,"Durban & Louisa Row",,"-58.1575","6.8041",,"Georgetown",6/22/2008 0:00:00,12/30/1899 21:00:00,"D- Property Damage","F- Driver",28.00,"Male","K- Private Cars;M- Hire Cars","S- Driver's Negligence",2.00
10400,38260.00,"4- Demerara- Mahaica",,"Durban & Smyth St.",,"-58.1641","6.8059",,"Georgetown",6/23/2008 0:00:00,12/30/1899 11:00:00,"C- Minor Injury","F- Driver",64.00,"Male","N- Pickup;V-Motor Cycle","S- Driver's Negligence",2.00
10401,38261.00,"4- Demerara- Mahaica",,"Thomas Lands",,"-58.1505","6.8202",,"Georgetown",6/26/2008 0:00:00,12/30/1899 8:30:00,"D- Property Damage","F- Driver",31.00,"Female","K- Private Cars","S- Driver's Negligence",2.00
10402,38262.00,"4- Demerara- Mahaica",,"Princess & Lombard St.",,"-58.1678","6.8049",,"Georgetown",6/26/2008 0:00:00,12/30/1899 16:30:00,"D- Property Damage","F- Driver",36.00,"Female","L- Lorries Van;N- Pickup","S- Driver's Negligence",2.00
10403,38263.00,"4- Demerara- Mahaica",,"Church & Light St.",,"-58.1547","6.8107",,"Georgetown",6/26/2008 0:00:00,12/30/1899 20:00:00,"D- Property Damage","F- Driver",54.00,"Male","K- Private Cars;M- Hire Cars","S- Driver's Negligence",3.00
10404,38264.00,"4- Demerara- Mahaica",,"Croal & Cummings St.",,"-58.1571","6.8073",,"Georgetown",6/27/2008 0:00:00,12/30/1899 6:00:00,"D- Property Damage","F- Driver",43.00,"Male","M- Hire Cars","P- Speeding",2.00
10405,38265.00,"4- Demerara- Mahaica",,"Robb St.",,"-58.1598","6.8108",,"Georgetown",6/25/2008 0:00:00,12/30/1899 17:30:00,"C- Minor Injury","E- Pedestrian",11.00,"Male","M- Hire Cars","T-Pedestrian's Negligence",2.00
10406,38266.00,"4- Demerara- Mahaica",,"Middle & Waterloo St.",,"-58.1611","6.8159",,"Georgetown",6/27/2008 0:00:00,12/30/1899 10:40:00,"D- Property Damage","F- Driver",48.00,"Male","M- Hire Cars","S- Driver's Negligence",2.00
10407,38267.00,"4- Demerara- Mahaica",,"Lombard St.",,"-58.1675","6.8071",,"Georgetown",6/26/2008 0:00:00,12/30/1899 20:00:00,"D- Property Damage","F- Driver",25.00,"Male","K- Private Cars;L- Lorries Van","S- Driver's Negligence",2.00
10408,38268.00,"4- Demerara- Mahaica",,"Ave. Of The Republic & Church St.",,"-58.1648","6.8134",,"Georgetown",6/27/2008 0:00:00,12/30/1899 9:55:00,"C- Minor Injury","F- Driver",48.00,"Male","J- Minibus;M- Hire Cars","S- Driver's Negligence",2.00
10409,38269.00,"4- Demerara- Mahaica",,"Longden & Croal St.",,"-58.1668","6.8100",,"Georgetown",6/28/2008 0:00:00,12/30/1899 0:45:00,"D- Property Damage","F- Driver",34.00,"Male","J- Minibus;K- Private Cars","P- Speeding",2.00
10410,38270.00,"4- Demerara- Mahaica",,"Regent & King St.",,"-58.1641","6.8112",,"Georgetown",6/28/2008 0:00:00,12/30/1899 1:30:00,"B- Serious Injury","F- Driver",28.00,"Male","M- Hire Cars","S- Driver's Negligence",2.00
10411,38271.00,"4- Demerara- Mahaica",,"Regent St.",,"-58.1604","6.8102",,"Georgetown",6/29/2008 0:00:00,12/30/1899 7:00:00,"D- Property Damage","F- Driver",50.00,"Male","J- Minibus;K- Private Cars","P- Speeding",2.00
10412,38272.00,"4- Demerara- Mahaica",,"Vlissengen Rd.",,"-58.1474","6.8108",,"Georgetown",6/29/2008 0:00:00,12/30/1899 20:30:00,"D- Property Damage","F- Driver",35.00,"Male","K- Private Cars;N- Pickup","S- Driver's Negligence",2.00
10413,38273.00,"4- Demerara- Mahaica",,"Camp & Middle St.",,"-58.1599","6.8138",,"Georgetown",7/1/2008 0:00:00,12/30/1899 10:30:00,"D- Property Damage","F- Driver",58.00,"Female","J- Minibus;K- Private Cars","S- Driver's Negligence",2.00
10414,38274.00,"4- Demerara- Mahaica",,"Robb & Light St.",,"-58.1549","6.8095",,"Georgetown",6/26/2008 0:00:00,12/30/1899 17:30:00,"D- Property Damage","F- Driver",40.00,"Male","K- Private Cars","S- Driver's Negligence",2.00
10415,38275.00,"4- Demerara- Mahaica",,"Robb & Cummings St.",,"-58.1564","6.8100",,"Georgetown",7/2/2008 0:00:00,12/30/1899 17:50:00,"D- Property Damage","F- Driver",33.00,"Male","K- Private Cars;M- Hire Cars","S- Driver's Negligence",2.00
10416,38276.00,"4- Demerara- Mahaica",,"North Rd. & New Garden St.",,"-58.1505","6.8091",,"Georgetown",7/3/2008 0:00:00,12/30/1899 10:30:00,"D- Property Damage","F- Driver",42.00,"Male","J- Minibus;N- Pickup","S- Driver's Negligence",2.00
10417,38277.00,"4- Demerara- Mahaica",,"Croal St.",,"-58.1581","6.8076",,"Georgetown",7/4/2008 0:00:00,12/30/1899 7:45:00,"B- Serious Injury","F- Driver",25.00,"Male","K- Private Cars;V-Motor Cycle","S- Driver's Negligence",2.00
10418,38278.00,"4- Demerara- Mahaica",,"Ave. Of The Republic & Regent St.",,"-58.1653","6.8115",,"Georgetown",7/2/2008 0:00:00,12/30/1899 7:00:00,"D- Property Damage","F- Driver",21.00,"Female","K- Private Cars","S- Driver's Negligence",1.00
10419,38279.00,"4- Demerara- Mahaica",,"Water St.",,"-58.1659","6.8180",,"Georgetown",7/5/2008 0:00:00,12/30/1899 9:20:00,"D- Property Damage","F- Driver",27.00,"Male","J- Minibus;N- Pickup","R- Improper Overtaking",2.00
10420,38280.00,"4- Demerara- Mahaica",,"Main St.",,"-58.1276","6.8221",,"Georgetown",7/5/2008 0:00:00,12/30/1899 13:05:00,"D- Property Damage","F- Driver",42.00,"Male","K- Private Cars;N- Pickup","P- Speeding",2.00
10421,38281.00,"4- Demerara- Mahaica",,"Carmichael & New Market St.",,"-58.1623","6.8179",,"Georgetown",7/5/2008 0:00:00,12/30/1899 22:30:00,"C- Minor Injury","F- Driver",20.00,"Female","K- Private Cars;N- Pickup","S- Driver's Negligence",2.00
10422,38282.00,"4- Demerara- Mahaica",,"Waterloo St.",,"-58.1612","6.8154",,"Georgetown",7/7/2008 0:00:00,12/30/1899 4:00:00,"D- Property Damage","F- Driver",37.00,"Male","J- Minibus;K- Private Cars","S- Driver's Negligence",2.00
10423,38283.00,"4- Demerara- Mahaica",,"Ave. Of The Republic",,"-58.1651","6.8117",,"Georgetown",7/4/2008 0:00:00,12/30/1899 17:15:00,"D- Property Damage","F- Driver",31.00,"Male","K- Private Cars;L- Lorries Van","S- Driver's Negligence",2.00
10424,38284.00,"4- Demerara- Mahaica",,"Camp St.",,"-58.1600","6.8137",,"Georgetown",7/8/2008 0:00:00,12/30/1899 13:50:00,"D- Property Damage","F- Driver",38.00,"Male","M- Hire Cars","S- Driver's Negligence",2.00
10425,38285.00,"4- Demerara- Mahaica",,"High St.",,"-58.1669","6.8063",,"Georgetown",7/5/2008 0:00:00,12/30/1899 11:00:00,"C- Minor Injury","F- Driver",39.00,"Male","L- Lorries Van","S- Driver's Negligence",2.00
10426,38286.00,"4- Demerara- Mahaica",,"Middle & Thomas St.",,"-58.1576","6.8150",,"Georgetown",7/8/2008 0:00:00,12/30/1899 17:00:00,"D- Property Damage","F- Driver",34.00,"Male","M- Hire Cars;N- Pickup","P- Speeding",2.00
10427,38287.00,"4- Demerara- Mahaica",,"Croal St. & Manget Pl.",,"-58.1644","6.8093",,"Georgetown",7/8/2008 0:00:00,12/30/1899 20:00:00,"C- Minor Injury","E- Pedestrian",42.00,"Male","J- Minibus","T-Pedestrian's Negligence",2.00
10428,38288.00,"4- Demerara- Mahaica",,"King St.",,"-58.1641","6.8109",,"Georgetown",7/9/2008 0:00:00,12/30/1899 14:40:00,"D- Property Damage","F- Driver",30.00,"Female","K- Private Cars;N- Pickup","P- Speeding",2.00
10429,38289.00,"4- Demerara- Mahaica",,"New Market & Carmichael St.",,"-58.1621","6.8179",,"Georgetown",7/9/2008 0:00:00,12/30/1899 7:30:00,"D- Property Damage","F- Driver",24.00,"Male","J- Minibus;K- Private Cars","S- Driver's Negligence",2.00
10430,38290.00,"4- Demerara- Mahaica",,"North Rd.",,"-58.1575","6.8110",,"Georgetown",7/10/2008 0:00:00,12/30/1899 10:40:00,"D- Property Damage","F- Driver",60.00,"Male","K- Private Cars;V-Motor Cycle","S- Driver's Negligence",2.00
10431,38291.00,"4- Demerara- Mahaica",,"Albert St. & North Rd.",,"-58.1534","6.8099",,"Georgetown",7/10/2008 0:00:00,12/30/1899 13:10:00,"C- Minor Injury","F- Driver",55.00,"Male","K- Private Cars;V-Motor Cycle","S- Driver's Negligence",2.00
10432,38292.00,"4- Demerara- Mahaica",,"Middle St.",,"-58.1596","6.8155",,"Georgetown",7/10/2008 0:00:00,12/30/1899 13:25:00,"D- Property Damage","F- Driver",55.00,"Male","K- Private Cars","S- Driver's Negligence",2.00
10433,38293.00,"4- Demerara- Mahaica",,"Camp & Croal St.",,"-58.1613","6.8084",,"Georgetown",7/11/2008 0:00:00,12/30/1899 11:45:00,"D- Property Damage","F- Driver",25.00,"Female","K- Private Cars;L- Lorries Van","S- Driver's Negligence",2.00
10434,38294.00,"4- Demerara- Mahaica",,"Norton St.",,"-58.1519","6.8017",,"Georgetown",7/9/2008 0:00:00,12/30/1899 13:30:00,"C- Minor Injury","F- Driver",53.00,"Male","K- Private Cars;V-Motor Cycle","S- Driver's Negligence",2.00
10435,38295.00,"4- Demerara- Mahaica",,"Fourth & Light St.",,"-58.1540","6.8132",,"Georgetown",7/11/2008 0:00:00,12/30/1899 16:20:00,"D- Property Damage","F- Driver",33.00,"Male","K- Private Cars;M- Hire Cars","P- Speeding",2.00
10436,38296.00,"4- Demerara- Mahaica",,"Lamaha & Irving St.",,"-58.1516","6.8166",,"Georgetown",7/11/2008 0:00:00,12/30/1899 23:00:00,"C- Minor Injury","F- Driver",18.00,"Male","K- Private Cars;N- Pickup","S- Driver's Negligence",2.00
10437,38297.00,"4- Demerara- Mahaica",,"Vlissengen Rd.",,"-58.1474","6.8108",,"Georgetown",7/12/2008 0:00:00,12/30/1899 19:40:00,"D- Property Damage","F- Driver",45.00,"Male","K- Private Cars;M- Hire Cars","S- Driver's Negligence",2.00
10438,38298.00,"4- Demerara- Mahaica",,"Robb St.",,"-58.1599","6.8109",,"Georgetown",7/13/2008 0:00:00,12/30/1899 2:00:00,"B- Serious Injury","F- Driver",,"Male","K- Private Cars","S- Driver's Negligence",2.00
10439,38299.00,"4- Demerara- Mahaica",,"United Nations Pl.",,"-58.1608","6.8054",,"Georgetown",7/14/2008 0:00:00,12/30/1899 10:00:00,"D- Property Damage","F- Driver",43.00,"Male","J- Minibus;K- Private Cars","S- Driver's Negligence",2.00
10440,38300.00,"4- Demerara- Mahaica",,"High & Young St.",,"-58.1622","6.8241",,"Georgetown",7/14/2008 0:00:00,12/30/1899 12:05:00,"D- Property Damage","F- Driver",30.00,"Male","K- Private Cars;N- Pickup","S- Driver's Negligence",2.00
10441,38301.00,"4- Demerara- Mahaica",,"Camp & Lamaha St.",,"-58.1584","6.8186",,"Georgetown",7/16/2008 0:00:00,12/30/1899 15:45:00,"C- Minor Injury","F- Driver",,"Male","J- Minibus","S- Driver's Negligence",2.00
10442,38302.00,"4- Demerara- Mahaica",,"Croal & Longden St.",,"-58.1668","6.8100",,"Georgetown",7/17/2008 0:00:00,12/30/1899 14:15:00,"D- Property Damage","F- Driver",56.00,"Male","K- Private Cars;N- Pickup","S- Driver's Negligence",2.00
10443,38303.00,"4- Demerara- Mahaica",,"Longden St.",,"-58.1666","6.8107",,"Georgetown",7/7/2008 0:00:00,12/30/1899 14:15:00,"D- Property Damage","F- Driver",27.00,"Male","J- Minibus;M- Hire Cars","S- Driver's Negligence",2.00
10444,38304.00,"4- Demerara- Mahaica",,"Water St.",,"-58.1659","6.8180",,"Georgetown",7/18/2008 0:00:00,12/30/1899 17:30:00,"D- Property Damage","F- Driver",47.00,"Male","K- Private Cars;M- Hire Cars","S- Driver's Negligence",2.00
10445,38305.00,"4- Demerara- Mahaica",,"Camp & Lamaha St.",,"-58.1584","6.8186",,"Georgetown",7/19/2008 0:00:00,12/30/1899 20:30:00,"D- Property Damage","F- Driver",26.00,"Male","K- Private Cars;N- Pickup","S- Driver's Negligence",2.00
10446,38306.00,"4- Demerara- Mahaica",,"Camp & Quamina St.",,"-58.1599","6.8138",,"Georgetown",7/19/2008 0:00:00,12/30/1899 22:30:00,"C- Minor Injury","F- Driver",33.00,"Male","K- Private Cars;N- Pickup","S- Driver's Negligence",2.00
10447,38307.00,"4- Demerara- Mahaica",,"High St.",,"-58.1669","6.8063",,"Georgetown",7/20/2008 0:00:00,12/30/1899 2:30:00,"B- Serious Injury","F- Driver",19.00,"Male","K- Private Cars;L- Lorries Van","S- Driver's Negligence",2.00
10448,38308.00,"4- Demerara- Mahaica",,"Route 47 Bus Park",,"-58.1667","6.8101",,"Georgetown",7/19/2008 0:00:00,12/30/1899 12:15:00,"C- Minor Injury","E- Pedestrian",40.00,"Male","J- Minibus","T-Pedestrian's Negligence",2.00
10449,38309.00,"4- Demerara- Mahaica",,"Camp St.",,"-58.1600","6.8137",,"Georgetown",7/20/2008 0:00:00,12/30/1899 21:30:00,"D- Property Damage","F- Driver",53.00,"Male","K- Private Cars;M- Hire Cars","P- Speeding",2.00
10450,38310.00,"4- Demerara- Mahaica",,"High St.",,"-58.1669","6.8063",,"Georgetown",7/21/2008 0:00:00,12/30/1899 17:20:00,"B- Serious Injury","E- Pedestrian",33.00,"Male","J- Minibus","T-Pedestrian's Negligence",2.00
10451,38311.00,"4- Demerara- Mahaica",,"Main St.",,"-58.1276","6.8221",,"Georgetown",7/19/2008 0:00:00,12/30/1899 13:15:00,"D- Property Damage","F- Driver",47.00,"Female","K- Private Cars","S- Driver's Negligence",2.00
10452,38312.00,"4- Demerara- Mahaica",,"North Rd. & Alexander St.",,"-58.1589","6.8114",,"Georgetown",7/22/2008 0:00:00,12/30/1899 8:20:00,"D- Property Damage","F- Driver",23.00,"Male","K- Private Cars;N- Pickup","S- Driver's Negligence",2.00
10453,38313.00,"4- Demerara- Mahaica",,"Forth St. Kingston",,"-58.1638","6.8232",,"Georgetown",7/22/2008 0:00:00,12/30/1899 8:30:00,"D- Property Damage","F- Driver",28.00,"Male","K- Private Cars","S- Driver's Negligence",2.00
10454,38314.00,"4- Demerara- Mahaica",,"King & Robb St.",,"-58.1639","6.8120",,"Georgetown",7/22/2008 0:00:00,12/30/1899 11:30:00,"D- Property Damage","F- Driver",65.00,"Male","K- Private Cars","S- Driver's Negligence",2.00
10455,38315.00,"4- Demerara- Mahaica",,"Hadfield & Lime St.",,"-58.1584","6.8062",,"Georgetown",7/23/2008 0:00:00,12/30/1899 10:20:00,"C- Minor Injury","F- Driver",19.00,"Female","K- Private Cars;M- Hire Cars","S- Driver's Negligence",2.00
10456,38316.00,"4- Demerara- Mahaica",,"Thomas Lands",,"-58.1505","6.8202",,"Georgetown",7/23/2008 0:00:00,12/30/1899 11:10:00,"D- Property Damage","F- Driver",28.00,"Male","K- Private Cars;M- Hire Cars","S- Driver's Negligence",2.00
10457,38317.00,"4- Demerara- Mahaica",,"North Rd. & New Garden St.",,"-58.1505","6.8091",,"Georgetown",9/20/2008 0:00:00,12/30/1899 10:00:00,"D- Property Damage","F- Driver",51.00,"Male","N- Pickup","S- Driver's Negligence",2.00
10458,38318.00,"4- Demerara- Mahaica",,"Camp & Lamaha St.",,"-58.1584","6.8186",,"Georgetown",9/21/2008 0:00:00,12/30/1899 16:00:00,"B- Serious Injury","G- Rider",22.00,"Male","K- Private Cars;V-Motor Cycle","U- Cyclist's Negligence",2.00
10459,38319.00,"4- Demerara- Mahaica",,"Young St.",,"-58.1594","6.8232",,"Georgetown",9/21/2008 0:00:00,12/30/1899 19:30:00,"C- Minor Injury","E- Pedestrian",65.00,"Male","K- Private Cars","T-Pedestrian's Negligence",2.00
10460,38320.00,"4- Demerara- Mahaica",,"Croal St.",,"-58.1581","6.8076",,"Georgetown",9/22/2008 0:00:00,12/30/1899 11:00:00,"C- Minor Injury","F- Driver",,"Male","J- Minibus","S- Driver's Negligence",2.00
10461,38321.00,"4- Demerara- Mahaica",,"Water St.",,"-58.1659","6.8180",,"Georgetown",9/17/2008 0:00:00,12/30/1899 9:30:00,"D- Property Damage","F- Driver",27.00,"Male","J- Minibus","S- Driver's Negligence",2.00
10462,38322.00,"4- Demerara- Mahaica",,"Lamaha St.",,"-58.1564","6.8181",,"Georgetown",9/21/2008 0:00:00,12/30/1899 13:30:00,"D- Property Damage","F- Driver",30.00,"Male","K- Private Cars;M- Hire Cars","S- Driver's Negligence",2.00
10463,38323.00,"4- Demerara- Mahaica",,"Camp St.",,"-58.1600","6.8137",,"Georgetown",9/22/2008 0:00:00,12/30/1899 12:00:00,"C- Minor Injury","F- Driver",40.00,"Male","M- Hire Cars","S- Driver's Negligence",2.00
10464,38324.00,"4- Demerara- Mahaica",,"Regent & Wellington St.",,"-58.1624","6.8107",,"Georgetown",9/22/2008 0:00:00,12/30/1899 12:00:00,"D- Property Damage","F- Driver",27.00,"Male","J- Minibus;K- Private Cars","S- Driver's Negligence",2.00
10465,38325.00,"4- Demerara- Mahaica",,"Carifesta Ave.",,"-58.1483","6.8240",,"Georgetown",9/25/2008 0:00:00,12/30/1899 1:30:00,"D- Property Damage","F- Driver",32.00,"Male","K- Private Cars","S- Driver's Negligence",2.00
10466,38326.00,"4- Demerara- Mahaica",,"Church & Thomas St.",,"-58.1585","6.8117",,"Georgetown",9/25/2008 0:00:00,12/30/1899 8:30:00,"D- Property Damage","F- Driver",25.00,"Male","K- Private Cars","S- Driver's Negligence",1.00
10467,38327.00,"4- Demerara- Mahaica",,"Bent St.",,"-58.1576","6.8050",,"Georgetown",9/25/2008 0:00:00,12/30/1899 13:45:00,"D- Property Damage","F- Driver",23.00,"Male","J- Minibus","P- Speeding",2.00
10468,38328.00,"4- Demerara- Mahaica",,"Camp & Quamina St.",,"-58.1599","6.8138",,"Georgetown",9/25/2008 0:00:00,12/30/1899 15:00:00,"D- Property Damage","F- Driver",27.00,"Male","K- Private Cars","S- Driver's Negligence",2.00
10469,38329.00,"4- Demerara- Mahaica",,"High St.",,"-58.1669","6.8063",,"Georgetown",9/25/2008 0:00:00,12/30/1899 19:30:00,"C- Minor Injury","E- Pedestrian",57.00,"Male","J- Minibus","T-Pedestrian's Negligence",2.00
10470,38330.00,"4- Demerara- Mahaica",,"Regent & Alexander St.",,"-58.1593","6.8099",,"Georgetown",9/25/2008 0:00:00,12/30/1899 11:20:00,"D- Property Damage","F- Driver",33.00,"Male","K- Private Cars","S- Driver's Negligence",3.00
10471,38331.00,"4- Demerara- Mahaica",,"Barrack St.",,"-58.1593","6.8211",,"Georgetown",9/26/2008 0:00:00,12/30/1899 9:45:00,"D- Property Damage","F- Driver",58.00,"Male","K- Private Cars","S- Driver's Negligence",2.00
10472,38332.00,"4- Demerara- Mahaica",,"Durban & Smyth ST.",,"-58.1641","6.8059",,"Georgetown",9/26/2008 0:00:00,12/30/1899 14:20:00,"C- Minor Injury","G- Rider",,"Male","V-Motor Cycle","U- Cyclist's Negligence",1.00
10473,38333.00,"4- Demerara- Mahaica",,"Irving & Crown St.",,"-58.1494","6.8132",,"Georgetown",9/27/2008 0:00:00,12/30/1899 9:30:00,"D- Property Damage","F- Driver",30.00,"Female","J- Minibus;K- Private Cars","S- Driver's Negligence",2.00
10474,38334.00,"4- Demerara- Mahaica",,"Charlotte St.",,"-58.1635","6.8101",,"Georgetown",9/27/2008 0:00:00,12/30/1899 14:00:00,"D- Property Damage","F- Driver",58.00,"Male","J- Minibus;K- Private Cars","S- Driver's Negligence",2.00
10475,38335.00,"4- Demerara- Mahaica",,"Thomas Lands",,"-58.1505","6.8202",,"Georgetown",9/27/2008 0:00:00,12/30/1899 20:15:00,"A- Fatal","F- Driver",47.00,"Male","M- Hire Cars","P- Speeding",1.00
10476,38336.00,"4- Demerara- Mahaica",,"Regent St.",,"-58.1604","6.8102",,"Georgetown",9/27/2008 0:00:00,12/30/1899 15:20:00,"D- Property Damage","E- Pedestrian",37.00,"Female","J- Minibus","T-Pedestrian's Negligence",2.00
10477,38337.00,"4- Demerara- Mahaica",,"Norton St.",,"-58.1519","6.8017",,"Georgetown",9/28/2008 0:00:00,12/30/1899 13:30:00,"D- Property Damage","F- Driver",41.00,"Male","K- Private Cars;N- Pickup;X-Tractor","S- Driver's Negligence",3.00
10478,38338.00,"4- Demerara- Mahaica",,"Light & First St.",,"-58.1532","6.8161",,"Georgetown",9/29/2008 0:00:00,12/30/1899 14:15:00,"D- Property Damage","F- Driver",55.00,"Male","M- Hire Cars;N- Pickup","S- Driver's Negligence",2.00
10479,38339.00,"4- Demerara- Mahaica",,"Camp & Quamina St.",,"-58.1599","6.8138",,"Georgetown",9/30/2008 0:00:00,12/30/1899 7:15:00,"D- Property Damage","F- Driver",34.00,"Male","J- Minibus;K- Private Cars","S- Driver's Negligence",2.00
10480,38340.00,"4- Demerara- Mahaica",,"Camp & Middle St.",,"-58.1599","6.8138",,"Georgetown",9/28/2008 0:00:00,12/30/1899 12:00:00,"D- Property Damage","F- Driver",43.00,"Male","K- Private Cars;M- Hire Cars","S- Driver's Negligence",2.00
10481,38341.00,"4- Demerara- Mahaica",,"Lime & Hadfield St.",,"-58.1584","6.8062",,"Georgetown",10/2/2008 0:00:00,12/30/1899 11:15:00,"C- Minor Injury","F- Driver",29.00,"Male","K- Private Cars","S- Driver's Negligence",2.00
10482,38342.00,"4- Demerara- Mahaica",,"Oronoque & Croal St.",,"-58.1528","6.8063",,"Georgetown",10/2/2008 0:00:00,12/30/1899 17:30:00,"B- Serious Injury","F- Driver",31.00,"Male","J- Minibus;K- Private Cars;V-Motor Cycle","S- Driver's Negligence",3.00
10483,38343.00,"4- Demerara- Mahaica",,"Camp St.",,"-58.1600","6.8137",,"Georgetown",10/3/2008 0:00:00,12/30/1899 11:15:00,"D- Property Damage","F- Driver",38.00,"Male","J- Minibus;L- Lorries Van","S- Driver's Negligence",2.00
10484,38344.00,"4- Demerara- Mahaica",,"Irving & Lamaha St.",,"-58.1516","6.8166",,"Georgetown",10/3/2008 0:00:00,12/30/1899 20:30:00,"B- Serious Injury","G- Rider",48.00,"Male","J- Minibus;V-Motor Cycle","P- Speeding",2.00
10485,38345.00,"4- Demerara- Mahaica",,"Camp & Princess St.",,"-58.1624","6.8035",,"Georgetown",10/4/2008 0:00:00,12/30/1899 4:00:00,"B- Serious Injury","F- Driver",31.00,"Male","N- Pickup;V-Motor Cycle","P- Speeding",2.00
10486,38346.00,"4- Demerara- Mahaica",,"Louisa Row & Norton St.",,"-58.1577","6.8033",,"Georgetown",10/4/2008 0:00:00,12/30/1899 16:45:00,"C- Minor Injury","F- Driver",,"Male","J- Minibus;V-Motor Cycle","S- Driver's Negligence",2.00
10487,38347.00,"4- Demerara- Mahaica",,"Ave. Of The Republic",,"-58.1651","6.8117",,"Georgetown",10/4/2008 0:00:00,12/30/1899 18:00:00,"D- Property Damage","F- Driver",22.00,"Male","J- Minibus;K- Private Cars","S- Driver's Negligence",2.00
10488,38348.00,"4- Demerara- Mahaica",,"Camp St.",,"-58.1600","6.8137",,"Georgetown",10/4/2008 0:00:00,12/30/1899 16:45:00,"D- Property Damage","F- Driver",37.00,"Male","K- Private Cars","S- Driver's Negligence",1.00
10489,38349.00,"4- Demerara- Mahaica",,"Camp & Norton St.",,"-58.1622","6.8045",,"Georgetown",10/5/2008 0:00:00,12/30/1899 19:45:00,"B- Serious Injury","F- Driver",44.00,"Male","K- Private Cars;L- Lorries Van;V-Motor Cycle","P- Speeding",3.00
10490,38350.00,"4- Demerara- Mahaica",,"Durban St.",,"-58.1526","6.8028",,"Georgetown",10/4/2008 0:00:00,12/30/1899 20:20:00,"D- Property Damage","E- Pedestrian",25.00,"Male","M- Hire Cars","T-Pedestrian's Negligence",2.00
10491,38351.00,"4- Demerara- Mahaica",,"Main St.",,"-58.1276","6.8221",,"Georgetown",10/6/2008 0:00:00,12/30/1899 11:45:00,"D- Property Damage","F- Driver",32.00,"Female","N- Pickup","S- Driver's Negligence",2.00
10492,38352.00,"4- Demerara- Mahaica",,"Thomas Lands",,"-58.1505","6.8202",,"Georgetown",10/6/2008 0:00:00,12/30/1899 21:20:00,"B- Serious Injury","F- Driver",32.00,"Male","M- Hire Cars","P- Speeding",2.00
10493,38353.00,"4- Demerara- Mahaica",,"Camp & Quamina St.",,"-58.1599","6.8138",,"Georgetown",10/7/2008 0:00:00,12/30/1899 11:35:00,"D- Property Damage","F- Driver",36.00,"Male","K- Private Cars","S- Driver's Negligence",3.00
10494,38354.00,"4- Demerara- Mahaica",,"Regent St.",,"-58.1604","6.8102",,"Georgetown",10/7/2008 0:00:00,12/30/1899 10:45:00,"D- Property Damage","F- Driver",31.00,"Male","K- Private Cars;L- Lorries Van","S- Driver's Negligence",2.00
10495,38355.00,"4- Demerara- Mahaica",,"Camp & Lamaha St.",,"-58.1584","6.8186",,"Georgetown",10/7/2008 0:00:00,12/30/1899 13:55:00,"D- Property Damage","F- Driver",38.00,"Male","K- Private Cars;L- Lorries Van","S- Driver's Negligence",2.00
10496,38356.00,"4- Demerara- Mahaica",,"Hinck St.",,"-58.1660","6.8119",,"GeorgetownGeorgetown",10/8/2008 0:00:00,12/30/1899 12:30:00,"C- Minor Injury","F- Driver",,"Male","N- Pickup","S- Driver's Negligence",2.00
10497,38357.00,"4- Demerara- Mahaica",,"King St.",,"-58.1641","6.8109",,"GeorgetownGeorgetown",10/9/2008 0:00:00,12/30/1899 16:45:00,"D- Property Damage","G- Rider",,"Male","J- Minibus;V-Motor Cycle","U- Cyclist's Negligence",2.00
10498,38358.00,"4- Demerara- Mahaica",,"Hadfield & Lombard St.",,"-58.1673","6.8084",,"GeorgetownGeorgetown",10/9/2008 0:00:00,12/30/1899 8:30:00,"D- Property Damage","F- Driver",46.00,"Male","K- Private Cars","S- Driver's Negligence",2.00
10499,38359.00,"4- Demerara- Mahaica",,"North Rd. & Albert St.",,"-58.1534","6.8099",,"GeorgetownGeorgetown",10/10/2008 0:00:00,12/30/1899 13:00:00,"D- Property Damage","F- Driver",58.00,"Male","K- Private Cars","S- Driver's Negligence",2.00
10500,38360.00,"4- Demerara- Mahaica",,"Hadfield & Pollard St.",,"-58.1627","6.8072",,"GeorgetownGeorgetown",10/10/2008 0:00:00,12/30/1899 13:45:00,"C- Minor Injury","F- Driver",38.00,"Male","J- Minibus;W-Pedal Cycle","S- Driver's Negligence",2.00
10501,38361.00,"4- Demerara- Mahaica",,"Oronoque & North Rd.",,"-58.1520","6.8095",,"GeorgetownGeorgetown",10/11/2008 0:00:00,12/30/1899 13:00:00,"D- Property Damage","F- Driver",28.00,"Female","K- Private Cars","S- Driver's Negligence",2.00
10502,38362.00,"4- Demerara- Mahaica",,"Carmichael St.",,"-58.1629","6.8159",,"GeorgetownGeorgetown",10/6/2008 0:00:00,12/30/1899 13:15:00,"D- Property Damage","F- Driver",44.00,"Male","J- Minibus;K- Private Cars","S- Driver's Negligence",2.00
10503,38363.00,"4- Demerara- Mahaica",,"Camp & Lamaha St.",,"-58.1584","6.8186",,"GeorgetownGeorgetown",10/11/2008 0:00:00,12/30/1899 21:00:00,"C- Minor Injury","F- Driver",32.00,"Male","J- Minibus;N- Pickup","S- Driver's Negligence",2.00