"ID","Accident ID","Region Number","Corridor ID","Location (Intersection/Road/Street)","Corridor","Location- longitude/ X","Location- latitude/  Y","Mile Marker","Village","Date of Accident","Time of Accident","Type of Accident","Class of Road User","Age/DOB","Gender","Class of Vehicles Involved","Contributing Factor","Number of Persons Involved"
10504,38364.00,"4- Demerara- Mahaica",,"Thomas & Quamina St.",,"-58.1583","6.8134",,"GeorgetownGeorgetown",10/12/2008 0:00:00,12/30/1899 4:00:00,"D- Property Damage","F- Driver",52.00,"Male","K- Private Cars","S- Driver's Negligence",2.00
10505,38365.00,"4- Demerara- Mahaica",,"Young & K/Lon St.",,"-58.1573","6.8226",,"GeorgetownGeorgetown",10/12/2008 0:00:00,12/30/1899 20:00:00,"D- Property Damage","F- Driver",,"Male","K- Private Cars","S- Driver's Negligence",2.00
10506,38366.00,"4- Demerara- Mahaica",,"Thomas & New Market St.",,"-58.1574","6.8166",,"GeorgetownGeorgetown",10/13/2008 0:00:00,12/30/1899 11:45:00,"D- Property Damage","F- Driver",30.00,"Male","J- Minibus","S- Driver's Negligence",2.00
10507,38367.00,"4- Demerara- Mahaica",,"Robb St.",,"-58.1599","6.8109",,"GeorgetownGeorgetown",10/13/2008 0:00:00,12/30/1899 12:25:00,"C- Minor Injury","F- Driver",61.00,"Male","K- Private Cars","P- Speeding",1.00
10508,38368.00,"4- Demerara- Mahaica",,"Brickdam & Austin Pl.",,"-58.1593","6.8072",,"GeorgetownGeorgetown",10/13/2008 0:00:00,12/30/1899 18:00:00,"C- Minor Injury","G- Rider",29.00,"Female","V-Motor Cycle","U- Cyclist's Negligence",2.00
10509,38369.00,"4- Demerara- Mahaica",,"Quamina & Carmicahel St.",,"-58.1630","6.8147",,"GeorgetownGeorgetown",10/14/2008 0:00:00,12/30/1899 12:30:00,"D- Property Damage","F- Driver",42.00,"Male","J- Minibus;K- Private Cars","S- Driver's Negligence",2.00
10510,38370.00,"4- Demerara- Mahaica",,"New Garden & Crown St.",,"-58.1494","6.8131",,"GeorgetownGeorgetown",10/14/2008 0:00:00,12/30/1899 18:45:00,"C- Minor Injury","F- Driver",26.00,"Male","J- Minibus;N- Pickup","P- Speeding",2.00
10511,38371.00,"4- Demerara- Mahaica",,"Camp & Regent St.",,"-58.1608","6.8103",,"GeorgetownGeorgetown",10/10/2008 0:00:00,12/30/1899 18:30:00,"D- Property Damage","F- Driver",60.00,"Male","J- Minibus","S- Driver's Negligence",2.00
10512,38372.00,"4- Demerara- Mahaica",,"Regent St.",,"-58.1604","6.8102",,"GeorgetownGeorgetown",10/15/2008 0:00:00,12/30/1899 15:45:00,"C- Minor Injury","F- Driver",35.00,"Male","M- Hire Cars;V-Motor Cycle","S- Driver's Negligence",2.00
10513,38373.00,"4- Demerara- Mahaica",,"Camp & Lamaha St.",,"-58.1584","6.8186",,"GeorgetownGeorgetown",10/16/2008 0:00:00,12/30/1899 15:45:00,"C- Minor Injury","F- Driver",39.00,"Male","K- Private Cars;V-Motor Cycle","S- Driver's Negligence",2.00
10514,38374.00,"4- Demerara- Mahaica",,"Ave. Of The Republic",,"-58.1651","6.8117",,"GeorgetownGeorgetown",10/17/2008 0:00:00,12/30/1899 4:50:00,"C- Minor Injury","F- Driver",,"Male","K- Private Cars;W-Pedal Cycle","P- Speeding",2.00
10515,38375.00,"4- Demerara- Mahaica",,"Carifesta Ave.",,"-58.1483","6.8240",,"GeorgetownGeorgetown",10/17/2008 0:00:00,12/30/1899 10:00:00,"D- Property Damage","F- Driver",34.00,"Male","K- Private Cars;N- Pickup","S- Driver's Negligence",2.00
10516,38376.00,"4- Demerara- Mahaica",,"Durban & Louisa Row",,"-58.1575","6.8041",,"GeorgetownGeorgetown",10/17/2008 0:00:00,12/30/1899 8:45:00,"B- Serious Injury","F- Driver",27.00,"Male","J- Minibus;K- Private Cars;V-Motor Cycle","S- Driver's Negligence",3.00
10517,38377.00,"4- Demerara- Mahaica",,"Regent St.",,"-58.1604","6.8102",,"GeorgetownGeorgetown",10/18/2008 0:00:00,12/30/1899 19:15:00,"C- Minor Injury","G- Rider",55.00,"Male","K- Private Cars;V-Motor Cycle","U- Cyclist's Negligence",2.00
10518,38378.00,"4- Demerara- Mahaica",,"Brickdam & Boyle Pl.",,"-58.1572","6.8066",,"GeorgetownGeorgetown",10/19/2008 0:00:00,12/30/1899 21:50:00,"D- Property Damage","F- Driver",43.00,"Male","J- Minibus;M- Hire Cars","S- Driver's Negligence",2.00
10519,38379.00,"4- Demerara- Mahaica",,"Smyth St.",,"-58.1643","6.8048",,"GeorgetownGeorgetown",10/14/2008 0:00:00,12/30/1899 14:00:00,"D- Property Damage","F- Driver",32.00,"Male","L- Lorries Van;N- Pickup","S- Driver's Negligence",2.00
10520,38380.00,"4- Demerara- Mahaica",,"North Rd.",,"-58.1575","6.8110",,"GeorgetownGeorgetown",10/18/2008 0:00:00,12/30/1899 10:45:00,"D- Property Damage","F- Driver",34.00,"Male","K- Private Cars;M- Hire Cars","S- Driver's Negligence",2.00
10521,38381.00,"4- Demerara- Mahaica",,"Croal St.",,"-58.1581","6.8076",,"GeorgetownGeorgetown",10/17/2008 0:00:00,12/30/1899 10:45:00,"D- Property Damage","F- Driver",43.00,"Male","J- Minibus;K- Private Cars","S- Driver's Negligence",2.00
10522,38382.00,"4- Demerara- Mahaica",,"Carifesta Ave.",,"-58.1483","6.8240",,"GeorgetownGeorgetown",10/19/2008 0:00:00,12/30/1899 21:30:00,"D- Property Damage","F- Driver",26.00,"Male","M- Hire Cars;N- Pickup","S- Driver's Negligence",2.00
10523,38383.00,"4- Demerara- Mahaica",,"North & New Garden St.",,"-58.1505","6.8091",,"GeorgetownGeorgetown",10/21/2008 0:00:00,12/30/1899 7:30:00,"B- Serious Injury","F- Driver",35.00,"Male","J- Minibus;K- Private Cars","S- Driver's Negligence",2.00
10524,38384.00,"4- Demerara- Mahaica",,"Cornhill & Brickdam St.",,"-58.1572","6.8066",,"GeorgetownGeorgetown",10/21/2008 0:00:00,12/30/1899 10:00:00,"D- Property Damage","F- Driver",40.00,"Male","J- Minibus;K- Private Cars","S- Driver's Negligence",2.00
10525,38385.00,"4- Demerara- Mahaica",,"Croal St.",,"-58.1581","6.8076",,"GeorgetownGeorgetown",9/16/2008 0:00:00,12/30/1899 15:15:00,"C- Minor Injury","F- Driver",31.00,"Male","J- Minibus","S- Driver's Negligence",2.00
10526,38386.00,"4- Demerara- Mahaica",,"Camp & Quamina St.",,"-58.1599","6.8138",,"GeorgetownGeorgetown",10/21/2008 0:00:00,12/30/1899 17:30:00,"C- Minor Injury","F- Driver",44.00,"Male","J- Minibus;K- Private Cars;N- Pickup","S- Driver's Negligence",6.00
10527,38387.00,"4- Demerara- Mahaica",,"Thomas & Quamina St.",,"-58.1583","6.8134",,"GeorgetownGeorgetown",10/22/2008 0:00:00,12/30/1899 10:30:00,"D- Property Damage","F- Driver",29.00,"Male","K- Private Cars;M- Hire Cars","S- Driver's Negligence",2.00
10528,38388.00,"4- Demerara- Mahaica",,"Regent St.",,"-58.1604","6.8102",,"GeorgetownGeorgetown",10/13/2008 0:00:00,12/30/1899 19:20:00,"D- Property Damage","F- Driver",46.00,"Male","J- Minibus","S- Driver's Negligence",2.00
10529,38390.00,"4- Demerara- Mahaica",,"Fourth & Light St.",,"-58.1540","6.8132",,"GeorgetownGeorgetown",10/24/2008 0:00:00,12/30/1899 14:30:00,"D- Property Damage","F- Driver",60.00,"Male","K- Private Cars","S- Driver's Negligence",2.00
10530,38391.00,"4- Demerara- Mahaica",,"Holmes & Queen St.",,"-58.1657","6.8155",,"GeorgetownGeorgetown",10/24/2008 0:00:00,12/30/1899 16:00:00,"D- Property Damage","F- Driver",31.00,"Male","K- Private Cars;V-Motor Cycle","S- Driver's Negligence",2.00
10531,38392.00,"4- Demerara- Mahaica",,"Lamaha & Irving St.",,"-58.1516","6.8166",,"GeorgetownGeorgetown",10/24/2008 0:00:00,12/30/1899 22:00:00,"B- Serious Injury","F- Driver",45.00,"Male","K- Private Cars;V-Motor Cycle","P- Speeding",2.00
10532,38393.00,"4- Demerara- Mahaica",,"Fourth & Albert St.",,"-58.1525","6.8128",,"GeorgetownGeorgetown",10/25/2008 0:00:00,12/30/1899 13:00:00,"C- Minor Injury","G- Rider",20.00,"Male","K- Private Cars;W-Pedal Cycle","U- Cyclist's Negligence",2.00
10533,38394.00,"4- Demerara- Mahaica",,"Ave. Of The Republic",,"-58.1651","6.8117",,"GeorgetownGeorgetown",10/25/2008 0:00:00,12/30/1899 19:30:00,"C- Minor Injury","E- Pedestrian",44.00,"Male","M- Hire Cars","T-Pedestrian's Negligence",2.00
10534,38395.00,"4- Demerara- Mahaica",,"Hadfield & Lime St.",,"-58.1584","6.8062",,"GeorgetownGeorgetown",10/25/2008 0:00:00,12/30/1899 21:00:00,"D- Property Damage","F- Driver",31.00,"Male","K- Private Cars;M- Hire Cars","S- Driver's Negligence",2.00
10535,38396.00,"4- Demerara- Mahaica",,"Young & High St.",,"-58.1622","6.8241",,"GeorgetownGeorgetown",10/25/2008 0:00:00,12/30/1899 14:30:00,"D- Property Damage","F- Driver",26.00,"Male","J- Minibus","S- Driver's Negligence",2.00
10536,38397.00,"4- Demerara- Mahaica",,"Norton & Halley St.",,"-58.1525","6.8019",,"GeorgetownGeorgetown",10/27/2008 0:00:00,12/30/1899 17:45:00,"C- Minor Injury","F- Driver",18.00,"Female","N- Pickup;V-Motor Cycle","S- Driver's Negligence",2.00
10537,38398.00,"4- Demerara- Mahaica",,"High & Princess St.",,"-58.1671","6.8048",,"GeorgetownGeorgetown",10/27/2008 0:00:00,12/30/1899 17:45:00,"C- Minor Injury","F- Driver",37.00,"Male","J- Minibus;K- Private Cars","P- Speeding",2.00
10538,38399.00,"4- Demerara- Mahaica",,"Lamaha & Peter Rose St.",,"-58.1474","6.8156",,"GeorgetownGeorgetown",10/29/2008 0:00:00,12/30/1899 7:30:00,"D- Property Damage","F- Driver",40.00,"Male","J- Minibus;K- Private Cars","S- Driver's Negligence",2.00
10539,38400.00,"4- Demerara- Mahaica",,"Albert & Woolford Ave.",,"-58.1512","6.8178",,"GeorgetownGeorgetown",10/30/2008 0:00:00,12/30/1899 7:45:00,"C- Minor Injury","F- Driver",34.00,"Male","K- Private Cars;W-Pedal Cycle","S- Driver's Negligence",2.00
10540,38401.00,"4- Demerara- Mahaica",,"Princess & Halley St.",,"-58.1526","6.8010",,"GeorgetownGeorgetown",10/30/2008 0:00:00,12/30/1899 17:50:00,"B- Serious Injury","F- Driver",22.00,"Male","K- Private Cars;V-Motor Cycle","S- Driver's Negligence",2.00
10541,37502.00,"4- Demerara- Mahaica",,"Camp St.",,"-58.1600","6.8137",,"Georgetown",1/21/2009 0:00:00,12/30/1899 9:00:00,"D- Property Damage","F- Driver",36.00,"Female","N- Pickup","S- Driver's Negligence",2.00
10542,37503.00,"4- Demerara- Mahaica",,"Ave. of the Republic",,"-58.1651","6.8117",,"Georgetown",1/1/2009 0:00:00,12/30/1899 12:10:00,"D- Property Damage","F- Driver",56.00,"Male","K- Private Cars;L- Lorries Van","S- Driver's Negligence",2.00
10543,37504.00,"4- Demerara- Mahaica",,"Cornhill St.",,"-58.1574","6.8046",,"Georgetown",1/21/2009 0:00:00,12/30/1899 12:30:00,"C- Minor Injury","F- Driver",,"Male","J- Minibus","S- Driver's Negligence",2.00
10544,37505.00,"4- Demerara- Mahaica",,"Brickdam & Chalmers Place",,"-58.1583","6.8069",,"Georgetown",1/22/2009 0:00:00,12/30/1899 12:00:00,"C- Minor Injury","F- Driver",50.00,"Male","K- Private Cars;V-Motor Cycle","S- Driver's Negligence",2.00
10545,37506.00,"4- Demerara- Mahaica",,"Albert St.",,"-58.1527","6.8123",,"Georgetown",1/23/2009 0:00:00,12/30/1899 12:30:00,"D- Property Damage","F- Driver",26.00,"Male","M- Hire Cars;N- Pickup","S- Driver's Negligence",2.00
10546,37507.00,"4- Demerara- Mahaica",,"Camp St.",,"-58.1600","6.8137",,"Georgetown",1/23/2009 0:00:00,12/30/1899 14:20:00,"D- Property Damage","F- Driver",35.00,"Male","K- Private Cars;N- Pickup","S- Driver's Negligence",2.00
10547,37508.00,"4- Demerara- Mahaica",,"Durban St.",,"-58.1526","6.8028",,"Georgetown",1/24/2009 0:00:00,12/30/1899 3:00:00,"B- Serious Injury","G- Rider",,"Male","N- Pickup;V-Motor Cycle","U- Cyclist's Negligence",2.00
10548,37509.00,"4- Demerara- Mahaica",,"Hadfield St. & Lime St.",,"-58.1584","6.8062",,"Georgetown",1/24/2009 0:00:00,12/30/1899 7:15:00,"D- Property Damage","F- Driver",24.00,"Male","K- Private Cars","S- Driver's Negligence",2.00
10549,37510.00,"4- Demerara- Mahaica",,"Robb St.",,"-58.1599","6.8109",,"Georgetown",1/24/2009 0:00:00,12/30/1899 16:09:00,"D- Property Damage","F- Driver",51.00,"Female","K- Private Cars;N- Pickup","S- Driver's Negligence",2.00
10550,37511.00,"4- Demerara- Mahaica",,"Durban & Smyth St.",,"-58.1641","6.8059",,"Georgetown",1/24/2009 0:00:00,12/30/1899 16:20:00,"C- Minor Injury","G- Rider",14.00,"Male","K- Private Cars;W-Pedal Cycle","U- Cyclist's Negligence",2.00
10551,37512.00,"4- Demerara- Mahaica",,"Camp St. & Quamina St.",,"-58.1599","6.8138",,"Georgetown",1/25/2009 0:00:00,12/30/1899 9:00:00,"D- Property Damage","F- Driver",50.00,"Male","K- Private Cars","S- Driver's Negligence",3.00
10552,37513.00,"4- Demerara- Mahaica",,"Middle St. & Waterloo St.",,"-58.1611","6.8159",,"Georgetown",1/25/2009 0:00:00,12/30/1899 5:30:00,"B- Serious Injury","G- Rider",20.00,"Male","M- Hire Cars;V-Motor Cycle","U- Cyclist's Negligence",2.00
10553,37514.00,"4- Demerara- Mahaica",,"Croal St. & Camp St.",,"-58.1613","6.8084",,"Georgetown",1/24/2009 0:00:00,12/30/1899 12:30:00,"D- Property Damage","F- Driver",30.00,"Male","K- Private Cars;N- Pickup","R- Improper Overtaking",2.00
10554,37515.00,"4- Demerara- Mahaica",,"Church St. & Cummings St.",,"-58.1561","6.8111",,"Georgetown",1/26/2009 0:00:00,,"D- Property Damage","F- Driver",,"Male","N- Pickup","S- Driver's Negligence",2.00
10555,37516.00,"4- Demerara- Mahaica",,"Robb St. & Bourda St.",,"-58.1583","6.8105",,"Georgetown",1/27/2009 0:00:00,12/30/1899 8:45:00,"C- Minor Injury","F- Driver",37.00,"Male","K- Private Cars","S- Driver's Negligence",2.00
10556,37517.00,"4- Demerara- Mahaica",,"Lamaha",,"-58.1564","6.8181",,"Georgetown",1/27/2009 0:00:00,12/30/1899 11:00:00,"D- Property Damage","F- Driver",28.00,"Male","J- Minibus;K- Private Cars","S- Driver's Negligence",2.00
10557,37518.00,"4- Demerara- Mahaica",,"Camp St. & North Rd.",,"-58.1604","6.8118",,"Georgetown",1/27/2009 0:00:00,12/30/1899 12:30:00,"D- Property Damage","F- Driver",82.00,"Male","K- Private Cars;N- Pickup","S- Driver's Negligence",2.00
10558,37519.00,"4- Demerara- Mahaica",,"Camp St. & North Rd.",,"-58.1604","6.8118",,"Georgetown",1/30/2009 0:00:00,12/30/1899 15:00:00,"C- Minor Injury","F- Driver",,"Male","K- Private Cars","S- Driver's Negligence",2.00
10559,37520.00,"4- Demerara- Mahaica",,"Quamina St. & Thomas St.",,"-58.1583","6.8134",,"Georgetown",1/31/2009 0:00:00,12/30/1899 17:30:00,"D- Property Damage","F- Driver",19.00,"Female","K- Private Cars","R- Improper Overtaking",2.00
10560,37521.00,"4- Demerara- Mahaica",,"Quamina St. & Camp St.",,"-58.1599","6.8138",,"Georgetown",1/21/2009 0:00:00,12/30/1899 7:40:00,"C- Minor Injury","G- Rider",,"Male","J- Minibus;W-Pedal Cycle","U- Cyclist's Negligence",2.00
10561,37522.00,"4- Demerara- Mahaica",,"Albert St. & North Rd.",,"-58.1534","6.8099",,"Georgetown",2/2/2009 0:00:00,,"C- Minor Injury","F- Driver",25.00,"Male","K- Private Cars;V-Motor Cycle","S- Driver's Negligence",2.00
10562,37523.00,"4- Demerara- Mahaica",,"Regent St. & New Garden St.",,"-58.1512","6.8068",,"Georgetown",2/2/2009 0:00:00,12/30/1899 8:15:00,"D- Property Damage","F- Driver",30.00,"Male","J- Minibus;K- Private Cars","S- Driver's Negligence",2.00
10563,37524.00,"4- Demerara- Mahaica",,"Church St.",,"-58.1574","6.8114",,"Georgetown",2/2/2009 0:00:00,12/30/1899 23:45:00,"C- Minor Injury","F- Driver",27.00,"Male","M- Hire Cars","S- Driver's Negligence",3.00
10564,37525.00,"4- Demerara- Mahaica",,"Ave. of the Republic",,"-58.1651","6.8117",,"Georgetown",2/1/2009 0:00:00,12/30/1899 1:00:00,"C- Minor Injury","F- Driver",30.00,"Male","K- Private Cars","O- Lost Control & Runoff",2.00
10565,37526.00,"4- Demerara- Mahaica",,"Waterloo St. & Church St.",,"-58.1619","6.8127",,"Georgetown",2/4/2009 0:00:00,12/30/1899 9:12:00,"D- Property Damage","F- Driver",,"Female","K- Private Cars;N- Pickup","S- Driver's Negligence",2.00
10566,37527.00,"4- Demerara- Mahaica",,"Croal St.",,"-58.1581","6.8076",,"Georgetown",2/4/2009 0:00:00,,"D- Property Damage","F- Driver",,"Male","J- Minibus;K- Private Cars","S- Driver's Negligence",2.00
10567,37528.00,"4- Demerara- Mahaica",,"Durban St. & Smyth St.",,"-58.1641","6.8059",,"Georgetown",2/5/2009 0:00:00,12/30/1899 16:30:00,"D- Property Damage","F- Driver",,"Male","J- Minibus;K- Private Cars","S- Driver's Negligence",2.00
10568,37529.00,"4- Demerara- Mahaica",,"Camp St. & Robb St.",,"-58.1606","6.8111",,"Georgetown",2/4/2009 0:00:00,12/30/1899 14:00:00,"D- Property Damage","F- Driver",67.00,"Male","K- Private Cars;M- Hire Cars;N- Pickup","R- Improper Overtaking",3.00
10569,37530.00,"4- Demerara- Mahaica",,"Regent St.",,"-58.1604","6.8102",,"Georgetown",2/6/2009 0:00:00,12/30/1899 11:00:00,"D- Property Damage","F- Driver",27.00,"Male","J- Minibus","S- Driver's Negligence",2.00
10570,37531.00,"4- Demerara- Mahaica",,"Cornhill St. & Hadfield St.",,"-58.1573","6.8057",,"Georgetown",2/6/2009 0:00:00,,"D- Property Damage","F- Driver",62.00,"Male","K- Private Cars","S- Driver's Negligence",2.00
10571,37532.00,"4- Demerara- Mahaica",,"Camp St. & Lamaha St.",,"-58.1584","6.8186",,"Georgetown",2/6/2009 0:00:00,12/30/1899 21:30:00,"C- Minor Injury","F- Driver",38.00,"Male","J- Minibus;M- Hire Cars","S- Driver's Negligence",2.00
10572,37533.00,"4- Demerara- Mahaica",,"Middle St. & Carmichael St.",,"-58.1626","6.8163",,"Georgetown",2/8/2009 0:00:00,12/30/1899 12:00:00,"D- Property Damage","F- Driver",,"Male","K- Private Cars;N- Pickup","S- Driver's Negligence",2.00
10573,37534.00,"4- Demerara- Mahaica",,"Durban St. & George St.",,"-58.1628","6.8055",,"Georgetown",2/8/2009 0:00:00,,"D- Property Damage","F- Driver",,"Male","J- Minibus;N- Pickup","S- Driver's Negligence",2.00
10574,37535.00,"4- Demerara- Mahaica",,"King St. & South Rd.",,"-58.1645","6.8096",,"Georgetown",2/11/2009 0:00:00,12/30/1899 10:30:00,"D- Property Damage","F- Driver",20.00,"Male","K- Private Cars;L- Lorries Van","S- Driver's Negligence",3.00
10575,37536.00,"4- Demerara- Mahaica",,"Ave. of the Republic",,"-58.1651","6.8117",,"Georgetown",2/11/2009 0:00:00,12/30/1899 12:50:00,"D- Property Damage","F- Driver",52.00,"Male","L- Lorries Van;M- Hire Cars","S- Driver's Negligence",2.00
10576,37537.00,"4- Demerara- Mahaica",,"Brickdam",,"-58.1552","6.8061",,"Georgetown",2/13/2009 0:00:00,12/30/1899 10:15:00,"D- Property Damage","F- Driver",36.00,"Male","J- Minibus","R- Improper Overtaking",2.00
10577,37538.00,"4- Demerara- Mahaica",,"National Park Inner Cycle Circuit",,"-58.1532","6.8226",,"Georgetown",2/13/2009 0:00:00,12/30/1899 11:00:00,"B- Serious Injury","G- Rider",33.00,"Female","V-Motor Cycle","U- Cyclist's Negligence",2.00
10578,37539.00,"4- Demerara- Mahaica",,"Brickdam",,"-58.1552","6.8061",,"Georgetown",2/15/2009 0:00:00,12/30/1899 17:30:00,"D- Property Damage","F- Driver",53.00,"Male","J- Minibus;K- Private Cars;M- Hire Cars;N- Pickup","S- Driver's Negligence",4.00
10579,37540.00,"4- Demerara- Mahaica",,"Brickdam & Smyth St.",,"-58.1635","6.8083",,"Georgetown",2/16/2009 0:00:00,12/30/1899 14:00:00,"D- Property Damage","F- Driver",26.00,"Male","K- Private Cars;M- Hire Cars","S- Driver's Negligence",2.00
10580,37541.00,"4- Demerara- Mahaica",,"Lamaha & Albert St.",,"-58.1515","6.8167",,"Georgetown",2/16/2009 0:00:00,12/30/1899 15:30:00,"C- Minor Injury","F- Driver",56.00,"Male","J- Minibus","S- Driver's Negligence",2.00
10581,37542.00,"4- Demerara- Mahaica",,"Robb St.",,"-58.1599","6.8109",,"Georgetown",2/13/2009 0:00:00,12/30/1899 7:30:00,"C- Minor Injury","F- Driver",,"Male","K- Private Cars","S- Driver's Negligence",2.00
10582,37543.00,"4- Demerara- Mahaica",,"Vlissengen Rd. & Home Stretch Ave.",,"-58.1508","6.8058",,"Georgetown",2/18/2009 0:00:00,12/30/1899 13:40:00,"D- Property Damage","F- Driver",,"Male","M- Hire Cars;N- Pickup","S- Driver's Negligence",2.00
10583,37544.00,"4- Demerara- Mahaica",,"Church St. & Alexander St.",,"-58.1587","6.8118",,"Georgetown",2/15/2009 0:00:00,12/30/1899 9:15:00,"D- Property Damage","F- Driver",57.00,"Male","J- Minibus;M- Hire Cars","S- Driver's Negligence",2.00
10584,37545.00,"4- Demerara- Mahaica",,"Durban St.",,"-58.1526","6.8028",,"Georgetown",2/16/2009 0:00:00,12/30/1899 11:00:00,"C- Minor Injury","F- Driver",53.00,"Female","K- Private Cars;V-Motor Cycle","S- Driver's Negligence",2.00
10585,37546.00,"4- Demerara- Mahaica",,"Robb St.",,"-58.1599","6.8109",,"Georgetown",11/14/2008 0:00:00,12/30/1899 23:30:00,"C- Minor Injury","F- Driver",,"Male","N- Pickup","S- Driver's Negligence",2.00
10586,37547.00,"4- Demerara- Mahaica",,"Ave. of the Republic & Robb St.",,"-58.1650","6.8123",,"Georgetown",2/19/2009 0:00:00,12/30/1899 21:20:00,"D- Property Damage","F- Driver",44.00,"Male","K- Private Cars","S- Driver's Negligence",2.00
10587,37548.00,"4- Demerara- Mahaica",,"Church St. & North Rd.",,"-58.1636","6.8130",,"Georgetown",2/20/2009 0:00:00,12/30/1899 15:00:00,"D- Property Damage","F- Driver",22.00,"Female","N- Pickup","S- Driver's Negligence",2.00
10588,37549.00,"4- Demerara- Mahaica",,"Water St. & Robb St.",,"-58.1667","6.8128",,"Georgetown",2/20/2009 0:00:00,,"C- Minor Injury","F- Driver",22.00,"Male","J- Minibus;K- Private Cars","S- Driver's Negligence",2.00
10589,37550.00,"4- Demerara- Mahaica",,"Camp Rd.",,"-58.1600","6.8137",,"Georgetown",2/23/2009 0:00:00,12/30/1899 13:30:00,"D- Property Damage","F- Driver",32.00,"Male","K- Private Cars","S- Driver's Negligence",5.00
10590,37551.00,"4- Demerara- Mahaica",,"Regent St.",,"-58.1604","6.8102",,"Georgetown",2/23/2009 0:00:00,12/30/1899 14:00:00,"C- Minor Injury","G- Rider",28.00,"Male","V-Motor Cycle","R- Improper Overtaking",2.00
10591,37552.00,"4- Demerara- Mahaica",,"Albert St.",,"-58.1527","6.8123",,"Georgetown",2/23/2009 0:00:00,12/30/1899 16:15:00,"C- Minor Injury","E- Pedestrian",31.00,"Male","L- Lorries Van","T-Pedestrian's Negligence",2.00
10592,37553.00,"4- Demerara- Mahaica",,"North Rd. & Camp St.",,"-58.1604","6.8118",,"Georgeown",2/23/2009 0:00:00,12/30/1899 5:30:00,"D- Property Damage","F- Driver",,"Male","K- Private Cars","O- Lost Control & Runoff",1.00
10593,37554.00,"4- Demerara- Mahaica",,"Camp St. & Quamina St.",,"-58.1599","6.8138",,"Georgetown",2/23/2009 0:00:00,12/30/1899 22:00:00,"B- Serious Injury","E- Pedestrian",52.00,"Male","K- Private Cars","T-Pedestrian's Negligence",2.00
10594,37555.00,"4- Demerara- Mahaica",,"Croal St.",,"-58.1581","6.8076",,"Georgetewn",2/24/2009 0:00:00,12/30/1899 11:30:00,"D- Property Damage","F- Driver",25.00,"Male","K- Private Cars","S- Driver's Negligence",2.00
10595,37556.00,"4- Demerara- Mahaica",,"Regent St. & Alexander St.",,"-58.1593","6.8099",,"Georgetown",2/24/2009 0:00:00,12/30/1899 12:30:00,"D- Property Damage","F- Driver",59.00,"Male","K- Private Cars;N- Pickup","S- Driver's Negligence",2.00
10596,37557.00,"4- Demerara- Mahaica",,"Hadfield St.",,"-58.1650","6.8079",,"Georgetown",2/25/2009 0:00:00,12/30/1899 12:30:00,"D- Property Damage","G- Rider",27.00,"Male","K- Private Cars;V-Motor Cycle","U- Cyclist's Negligence",2.00
10597,37558.00,"4- Demerara- Mahaica",,"Regent St. & Albert St.",,"-58.1538","6.8084",,"Georgetown",2/25/2009 0:00:00,12/30/1899 8:20:00,"C- Minor Injury","F- Driver",45.00,"Male","M- Hire Cars;W-Pedal Cycle","S- Driver's Negligence",2.00
10598,37559.00,"4- Demerara- Mahaica",,"Princess St. & Smyth St.",,"-58.1645","6.8040",,"Georgetown",2/28/2009 0:00:00,12/30/1899 14:30:00,"B- Serious Injury","G- Rider",,"Male","K- Private Cars;V-Motor Cycle","U- Cyclist's Negligence",2.00
10599,37560.00,"4- Demerara- Mahaica",,"Ave. of the Republic & Croal St.",,"-58.1658","6.8097",,"Georgetown",2/28/2009 0:00:00,12/30/1899 20:15:00,"B- Serious Injury","F- Driver",,"Male","N- Pickup;V-Motor Cycle","P- Speeding",2.00
10600,37561.00,"4- Demerara- Mahaica",,"Hadfield St. & Lime St.",,"-58.1584","6.8062",,"Georgetown",2/28/2009 0:00:00,12/30/1899 14:45:00,"C- Minor Injury","F- Driver",43.00,"Male","J- Minibus;K- Private Cars","S- Driver's Negligence",2.00
10601,37562.00,"4- Demerara- Mahaica",,"Brickdam & Camp St.",,"-58.1615","6.8077",,"Georgetown",3/2/2009 0:00:00,12/30/1899 9:10:00,"D- Property Damage","G- Rider",,"Female","V-Motor Cycle","U- Cyclist's Negligence",1.00
10602,37563.00,"4- Demerara- Mahaica",,"Waterloo St.",,"-58.1612","6.8154",,"Georgetown",3/3/2009 0:00:00,12/30/1899 8:30:00,"C- Minor Injury","G- Rider",,"Male","V-Motor Cycle",,1.00
10603,37564.00,"4- Demerara- Mahaica",,"America St.",,"-58.1663","6.8104",,"Georgetown",3/3/2009 0:00:00,12/30/1899 13:30:00,"C- Minor Injury","F- Driver",30.00,"Male","J- Minibus","S- Driver's Negligence",2.00
10604,37565.00,"4- Demerara- Mahaica",,"Ave. of the Republic",,"-58.1651","6.8117",,"Georgetown",3/2/2009 0:00:00,12/30/1899 10:30:00,"D- Property Damage","F- Driver",37.00,"Male","K- Private Cars","S- Driver's Negligence",2.00
10605,37566.00,"4- Demerara- Mahaica",,"Albert St.",,"-58.1527","6.8123",,"Georgetown",3/5/2009 0:00:00,12/30/1899 7:30:00,"D- Property Damage","F- Driver",42.00,"Male","J- Minibus;K- Private Cars","S- Driver's Negligence",2.00
10606,37567.00,"4- Demerara- Mahaica",,"Brickdam & Winter Place",,"-58.1561","6.8063",,"Georgetown",3/6/2009 0:00:00,12/30/1899 15:10:00,"C- Minor Injury","F- Driver",,,"K- Private Cars","S- Driver's Negligence",3.00
10607,37568.00,"4- Demerara- Mahaica",,"South Rd.",,"-58.1583","6.8079",,"Georgetown",3/6/2009 0:00:00,12/30/1899 11:45:00,"D- Property Damage","F- Driver",28.00,"Female","K- Private Cars","O- Lost Control & Runoff",2.00
10608,37569.00,"4- Demerara- Mahaica",,"Croal St.",,"-58.1581","6.8076",,"Georgetown",3/6/2009 0:00:00,12/30/1899 14:10:00,"C- Minor Injury","E- Pedestrian",,"Female","J- Minibus","T-Pedestrian's Negligence",2.00