"ID","Accident ID","Region Number","Corridor ID","Location (Intersection/Road/Street)","Corridor","Location- longitude/ X","Location- latitude/  Y","Mile Marker","Village","Date of Accident","Time of Accident","Type of Accident","Class of Road User","Age/DOB","Gender","Class of Vehicles Involved","Contributing Factor","Number of Persons Involved"
10609,37570.00,"4- Demerara- Mahaica",,"Hadfield St. & Halley St.",,"-58.1662","6.8081",,"Georgetown",3/9/2009 0:00:00,12/30/1899 12:25:00,"D- Property Damage","F- Driver",46.00,"Male","K- Private Cars;M- Hire Cars","S- Driver's Negligence",2.00
10610,37571.00,"4- Demerara- Mahaica",,"Middle St.",,"-58.1596","6.8155",,"Georgetown",3/10/2009 0:00:00,12/30/1899 9:45:00,"D- Property Damage","F- Driver",35.00,"Male","K- Private Cars","S- Driver's Negligence",2.00
10611,37572.00,"4- Demerara- Mahaica",,"Robb St.",,"-58.1599","6.8109",,"Georgetown",3/11/2009 0:00:00,12/30/1899 16:00:00,"B- Serious Injury","F- Driver",23.00,"Male","N- Pickup","S- Driver's Negligence",2.00
10612,37573.00,"4- Demerara- Mahaica",,"North Rd. & Wellington St.",,"-58.1621","6.8122",,"Georgetown",3/13/2009 0:00:00,12/30/1899 14:10:00,"D- Property Damage","F- Driver",,"Male","K- Private Cars;V-Motor Cycle","S- Driver's Negligence",2.00
10613,37574.00,"4- Demerara- Mahaica",,"Main St. & New Market St.",,"-58.1638","6.8183",,"Georgetown",3/14/2009 0:00:00,12/30/1899 11:30:00,"C- Minor Injury","F- Driver",70.00,"Male","K- Private Cars","S- Driver's Negligence",3.00
10614,37575.00,"4- Demerara- Mahaica",,"George St.",,"-58.1628","6.8054",,"Georgetown",3/16/2009 0:00:00,12/30/1899 16:45:00,"D- Property Damage","F- Driver",22.00,"Male","K- Private Cars","S- Driver's Negligence",2.00
10615,37576.00,"4- Demerara- Mahaica",,"United Nations Place & Brickdam",,"-58.1604","6.8074",,"Georgetown",3/17/2009 0:00:00,12/30/1899 12:30:00,"B- Serious Injury","F- Driver",26.00,"Male","K- Private Cars;V-Motor Cycle","S- Driver's Negligence",2.00
10616,37577.00,"4- Demerara- Mahaica",,"Ave. of the Rep. & Regent St.",,"-58.1653","6.8115",,"Georgetown",3/19/2009 0:00:00,12/30/1899 4:30:00,"D- Property Damage","G- Rider",24.00,"Male","N- Pickup;V-Motor Cycle","U- Cyclist's Negligence",2.00
10617,37578.00,"4- Demerara- Mahaica",,"Regent St.",,"-58.1604","6.8102",,"Georgetown",3/19/2009 0:00:00,12/30/1899 9:30:00,"C- Minor Injury","F- Driver",34.00,"Male","M- Hire Cars","S- Driver's Negligence",3.00
10618,37579.00,"4- Demerara- Mahaica",,"Cornhill St.",,"-58.1574","6.8046",,"Georgetown",3/19/2009 0:00:00,12/30/1899 14:30:00,"D- Property Damage","F- Driver",46.00,"Male","J- Minibus;M- Hire Cars","S- Driver's Negligence",2.00
10619,37580.00,"4- Demerara- Mahaica",,"Lamaha & Albert St.",,"-58.1515","6.8167",,"Georgetown",3/19/2009 0:00:00,12/30/1899 15:30:00,"B- Serious Injury","E- Pedestrian",11.00,"Female","K- Private Cars","T-Pedestrian's Negligence",2.00
10620,37581.00,"4- Demerara- Mahaica",,"Camp St.",,"-58.1600","6.8137",,"Georgetown",3/20/2009 0:00:00,12/30/1899 8:45:00,"B- Serious Injury","E- Pedestrian",7.00,"Male","M- Hire Cars","T-Pedestrian's Negligence",2.00
10621,37582.00,"4- Demerara- Mahaica",,"Camp St. & New Market St.",,"-58.1591","6.8170",,"Georgetown",3/21/2009 0:00:00,12/30/1899 19:40:00,"D- Property Damage","F- Driver",25.00,"Male","K- Private Cars","S- Driver's Negligence",2.00
10622,37583.00,"4- Demerara- Mahaica",,"Lamaha St.",,"-58.1564","6.8181",,"Georgetown",3/21/2009 0:00:00,12/30/1899 20:30:00,"D- Property Damage","F- Driver",28.00,"Male","K- Private Cars;N- Pickup","S- Driver's Negligence",2.00
10623,37584.00,"4- Demerara- Mahaica",,"Wellington St. & Croal St.",,"-58.1629","6.8089",,"Georgetown",3/21/2009 0:00:00,,"D- Property Damage","F- Driver",,"Male","K- Private Cars;N- Pickup","S- Driver's Negligence",2.00
10624,37585.00,"4- Demerara- Mahaica",,"Albert St.",,"-58.1527","6.8123",,"Georgetown",3/25/2009 0:00:00,12/30/1899 11:45:00,"B- Serious Injury","G- Rider",16.00,"Male","K- Private Cars;W-Pedal Cycle","U- Cyclist's Negligence",2.00
10625,37586.00,"4- Demerara- Mahaica",,"Cornhill St.",,"-58.1574","6.8046",,"Georgetown",3/26/2009 0:00:00,12/30/1899 8:35:00,"D- Property Damage","F- Driver",39.00,"Male","M- Hire Cars","R- Improper Overtaking",2.00
10626,37587.00,"4- Demerara- Mahaica",,"Camp St.",,"-58.1600","6.8137",,"Georgetown",3/24/2009 0:00:00,12/30/1899 18:00:00,"D- Property Damage","F- Driver",,"Male","J- Minibus;K- Private Cars","S- Driver's Negligence",3.00
10627,37588.00,"4- Demerara- Mahaica",,"Croal St.",,"-58.1581","6.8076",,"Georgetown",3/26/2009 0:00:00,12/30/1899 12:30:00,"D- Property Damage","F- Driver",,,"K- Private Cars;M- Hire Cars","S- Driver's Negligence",2.00
10628,37589.00,"4- Demerara- Mahaica",,"Camp St. & Hadfield St.",,"-58.1614","6.8078",,"Georgetown",3/27/2009 0:00:00,12/30/1899 14:30:00,"D- Property Damage","F- Driver",28.00,"Male","J- Minibus;M- Hire Cars","S- Driver's Negligence",2.00
10629,37590.00,"4- Demerara- Mahaica",,"Camp St. & North Rd.",,"-58.1604","6.8118",,"Georgetown",3/28/2009 0:00:00,12/30/1899 3:00:00,"B- Serious Injury","F- Driver",41.00,"Male","J- Minibus;K- Private Cars","S- Driver's Negligence",2.00
10630,37591.00,"4- Demerara- Mahaica",,"Robb St.",,"-58.1599","6.8109",,"Georgetown",3/27/2009 0:00:00,12/30/1899 21:30:00,"D- Property Damage","F- Driver",,"Male","K- Private Cars","S- Driver's Negligence",1.00
10631,37592.00,"4- Demerara- Mahaica",,"Durban St.",,"-58.1526","6.8028",,"Georgetown",3/23/2009 0:00:00,12/30/1899 18:30:00,"D- Property Damage","F- Driver",29.00,"Male","J- Minibus;N- Pickup","S- Driver's Negligence",2.00
10632,37593.00,"4- Demerara- Mahaica",,"Lime St. & Hadfield St.",,"-58.1584","6.8062",,"Georgetown",3/27/2009 0:00:00,12/30/1899 14:30:00,"D- Property Damage","F- Driver",20.00,"Male","K- Private Cars;M- Hire Cars","S- Driver's Negligence",2.00
10633,37594.00,"4- Demerara- Mahaica",,"Thomas St. & New Market St.",,"-58.1572","6.8165",,"Georgetown",3/28/2009 0:00:00,12/30/1899 9:30:00,"D- Property Damage","F- Driver",59.00,"Male","J- Minibus;K- Private Cars","S- Driver's Negligence",2.00
10634,37595.00,"4- Demerara- Mahaica",,"Bent St. & Hardina St.",,"-58.1553","6.8044",,"Georgetown",3/31/2009 0:00:00,12/30/1899 8:00:00,"B- Serious Injury","F- Driver",39.00,"Male","M- Hire Cars;V-Motor Cycle","S- Driver's Negligence",2.00
10635,37596.00,"4- Demerara- Mahaica",,"Main St.",,"-58.1276","6.8221",,"Georgetown",3/29/2009 0:00:00,12/30/1899 4:30:00,"D- Property Damage","F- Driver",,"Male","K- Private Cars","S- Driver's Negligence",2.00
10636,37597.00,"4- Demerara- Mahaica",,"Brickdam & High St.",,"-58.1660","6.8089",,"Georgetown",4/1/2009 0:00:00,12/30/1899 9:00:00,"D- Property Damage","F- Driver",61.00,"Male","J- Minibus;M- Hire Cars","S- Driver's Negligence",2.00
10637,37598.00,"4- Demerara- Mahaica",,"North Rd. & Alexander St.",,"-58.1589","6.8114",,"Georgetown",4/1/2009 0:00:00,12/30/1899 12:30:00,"D- Property Damage","F- Driver",,"Male","K- Private Cars;N- Pickup","R- Improper Overtaking",2.00
10638,37599.00,"4- Demerara- Mahaica",,"Carifesta Ave.",,"-58.1483","6.8240",,"Georgetown",3/31/2009 0:00:00,12/30/1899 8:40:00,"D- Property Damage","F- Driver",,"Female","K- Private Cars","S- Driver's Negligence",2.00
10639,37600.00,"4- Demerara- Mahaica",,"Ave. of the Republic",,"-58.1651","6.8117",,"Georgetown",4/2/2009 0:00:00,12/30/1899 12:30:00,"D- Property Damage","F- Driver",27.00,"Female","K- Private Cars;L- Lorries Van","S- Driver's Negligence",2.00
10640,37601.00,"4- Demerara- Mahaica",,"Robb St.",,"-58.1599","6.8109",,"Georgetown",2/19/2009 0:00:00,12/30/1899 8:30:00,"D- Property Damage","F- Driver",28.00,"Male","M- Hire Cars;N- Pickup;V-Motor Cycle","S- Driver's Negligence",3.00
10641,37602.00,"4- Demerara- Mahaica",,"East St.",,"-58.1559","6.8148",,"Georgetown",3/27/2009 0:00:00,12/30/1899 14:00:00,"C- Minor Injury","F- Driver",,,"J- Minibus;W-Pedal Cycle","S- Driver's Negligence",2.00
10642,37603.00,"4- Demerara- Mahaica",,"Norton & John St.",,"-58.1403","6.7987",,"Georgetown",4/5/2009 0:00:00,12/30/1899 9:50:00,"D- Property Damage","F- Driver",35.00,"Female","N- Pickup;Z-Animal- Drawn","S- Driver's Negligence",2.00
10643,37604.00,"4- Demerara- Mahaica",,"Ave. of the Republic & Robb St.",,"-58.1650","6.8123",,"Georgetown",4/4/2009 0:00:00,12/30/1899 13:20:00,"D- Property Damage","F- Driver",,"Female","M- Hire Cars;N- Pickup","S- Driver's Negligence",2.00
10644,37605.00,"4- Demerara- Mahaica",,"Church St. & New Garden St.",,"-58.1504","6.8096",,"Georgetown",4/8/2009 0:00:00,12/30/1899 8:00:00,"C- Minor Injury","F- Driver",41.00,"Male","K- Private Cars;M- Hire Cars;N- Pickup","S- Driver's Negligence",3.00
10645,37606.00,"4- Demerara- Mahaica",,"Lamaha",,"-58.1564","6.8181",,"Georgetown",4/7/2009 0:00:00,12/30/1899 17:45:00,"D- Property Damage","F- Driver",28.00,"Male","J- Minibus;K- Private Cars","S- Driver's Negligence",2.00
10646,37607.00,"4- Demerara- Mahaica",,"Charlotte St.",,"-58.1635","6.8101",,"Georgetwon",4/8/2009 0:00:00,12/30/1899 11:15:00,"D- Property Damage","F- Driver",40.00,"Male","M- Hire Cars","R- Improper Overtaking",2.00
10647,37608.00,"4- Demerara- Mahaica",,"Church St. & Ornoque St.",,"-58.1518","6.8100",,"Georgetown",4/1/2009 0:00:00,12/30/1899 8:00:00,"C- Minor Injury","F- Driver",,"Male","M- Hire Cars;W-Pedal Cycle","S- Driver's Negligence",2.00
10648,37609.00,"4- Demerara- Mahaica",,"Hadfield St.",,"-58.1650","6.8079",,"Georgetown",4/6/2009 0:00:00,12/30/1899 10:00:00,"D- Property Damage","F- Driver",59.00,"Male","J- Minibus;L- Lorries Van","S- Driver's Negligence",2.00
10649,37610.00,"4- Demerara- Mahaica",,"4th St. Alberttown",,"-58.1545","6.8134",,"Georgetown",4/8/2009 0:00:00,12/30/1899 14:30:00,"B- Serious Injury","E- Pedestrian",9.00,"Male","M- Hire Cars","T-Pedestrian's Negligence",2.00
10650,37611.00,"4- Demerara- Mahaica",,"Ave. of the Republic & Commerce St.",,"-58.1657","6.8109",,"Georgetown",4/9/2009 0:00:00,12/30/1899 12:00:00,"D- Property Damage","F- Driver",36.00,"Male","L- Lorries Van;M- Hire Cars","S- Driver's Negligence",2.00
10651,37612.00,"4- Demerara- Mahaica",,"Carmichael St. & Quamina St.",,"-58.1630","6.8147",,"Georgetown",4/9/2009 0:00:00,12/30/1899 16:45:00,"B- Serious Injury","F- Driver",34.00,"Male","K- Private Cars;V-Motor Cycle","S- Driver's Negligence",2.00
10652,37613.00,"4- Demerara- Mahaica",,"Camp St. & North Rd.",,"-58.1604","6.8118",,"Georgetown",4/10/2009 0:00:00,12/30/1899 14:00:00,"D- Property Damage","F- Driver",36.00,"Male","K- Private Cars","S- Driver's Negligence",2.00
10653,37614.00,"4- Demerara- Mahaica",,"Leopold St.",,"-58.1637","6.8075",,"Georgetown",4/11/2009 0:00:00,12/30/1899 13:30:00,"C- Minor Injury","F- Driver",,"Male","M- Hire Cars","S- Driver's Negligence",2.00
10654,37615.00,"4- Demerara- Mahaica",,"Cummings St. & Charlotte St.",,"-58.1568","6.8083",,"Georgetown",4/11/2009 0:00:00,12/30/1899 23:45:00,"D- Property Damage","F- Driver",32.00,"Male","K- Private Cars;M- Hire Cars","S- Driver's Negligence",3.00
10655,37616.00,"4- Demerara- Mahaica",,"Robb St. & Light St.",,"-58.1549","6.8095",,"Georgetown",4/12/2009 0:00:00,12/30/1899 19:00:00,"C- Minor Injury","F- Driver",38.00,"Male","K- Private Cars;M- Hire Cars","S- Driver's Negligence",2.00
10656,37617.00,"4- Demerara- Mahaica",,"Durban St.",,"-58.1526","6.8028",,"Georgetown",4/13/2009 0:00:00,12/30/1899 21:00:00,"C- Minor Injury","F- Driver",39.00,"Male","J- Minibus;V-Motor Cycle","S- Driver's Negligence",2.00
10657,37618.00,"4- Demerara- Mahaica",,"Durban & John St.",,"-58.1402","6.7996",,"Georgetown",4/14/2009 0:00:00,12/30/1899 3:00:00,"D- Property Damage","F- Driver",46.00,"Male","K- Private Cars;M- Hire Cars","S- Driver's Negligence",2.00
10658,37619.00,"4- Demerara- Mahaica",,"Lamaha & Camp St.",,"-58.1584","6.8186",,"Georgetown",4/12/2009 0:00:00,12/30/1899 12:00:00,"D- Property Damage","F- Driver",32.00,"Male","J- Minibus;K- Private Cars","S- Driver's Negligence",2.00
10659,37620.00,"4- Demerara- Mahaica",,"America St.",,"-58.1663","6.8104",,"Georgetown",4/9/2009 0:00:00,12/30/1899 17:30:00,"C- Minor Injury","F- Driver",,"Male","J- Minibus","S- Driver's Negligence",2.00
10660,37621.00,"4- Demerara- Mahaica",,"Quamina St. & Thomas St.",,"-58.1583","6.8134",,"Georgetown",4/16/2009 0:00:00,12/30/1899 6:20:00,"B- Serious Injury","F- Driver",43.00,"Male","J- Minibus;V-Motor Cycle","S- Driver's Negligence",2.00
10661,37622.00,"4- Demerara- Mahaica",,"North Rd. & New Garden St.",,"-58.1505","6.8091",,"Georgetown",4/16/2009 0:00:00,12/30/1899 11:45:00,"D- Property Damage","F- Driver",30.00,"Male","K- Private Cars;N- Pickup","S- Driver's Negligence",2.00
10662,37623.00,"4- Demerara- Mahaica",,"Robb St. & Albert St.",,"-58.1535","6.8092",,"Georgetown",4/10/2009 0:00:00,12/30/1899 12:00:00,"D- Property Damage","F- Driver",,"Male","N- Pickup;V-Motor Cycle","S- Driver's Negligence",2.00
10663,37624.00,"4- Demerara- Mahaica",,"Lamaha",,"-58.1564","6.8181",,"Georgetown",4/17/2009 0:00:00,12/30/1899 9:00:00,"D- Property Damage","F- Driver",,"Male","J- Minibus","S- Driver's Negligence",2.00
10664,37625.00,"4- Demerara- Mahaica",,"Robb St.",,"-58.1599","6.8109",,"Georgetown",4/16/2009 0:00:00,12/30/1899 11:30:00,"C- Minor Injury","F- Driver",,,"M- Hire Cars","S- Driver's Negligence",2.00
10665,37626.00,"4- Demerara- Mahaica",,"Church St.",,"-58.1574","6.8114",,"Georgetown",4/17/2009 0:00:00,12/30/1899 13:00:00,"D- Property Damage","F- Driver",48.00,"Male","L- Lorries Van;V-Motor Cycle","S- Driver's Negligence",2.00
10666,37627.00,"4- Demerara- Mahaica",,"Camp St.",,"-58.1600","6.8137",,"Georgetown",4/17/2009 0:00:00,12/30/1899 14:30:00,"C- Minor Injury","F- Driver",40.00,"Female","N- Pickup","S- Driver's Negligence",2.00
10667,37628.00,"4- Demerara- Mahaica",,"1st St. & Albert St.",,"-58.1518","6.8157",,"Georgetown",4/11/2009 0:00:00,12/30/1899 19:00:00,"D- Property Damage","F- Driver",30.00,"Male","K- Private Cars","S- Driver's Negligence",2.00
10668,37629.00,"4- Demerara- Mahaica",,"Durban & Smyth St.",,"-58.1641","6.8059",,"Georgetown",4/20/2009 0:00:00,12/30/1899 14:45:00,"C- Minor Injury","F- Driver",35.00,"Male","J- Minibus;N- Pickup","S- Driver's Negligence",2.00
10669,37630.00,"4- Demerara- Mahaica",,"Orange Walk & Croal St.",,"-58.1580","6.8076",,"Georgetown",4/21/2009 0:00:00,12/30/1899 15:30:00,"C- Minor Injury","F- Driver",,,"J- Minibus","S- Driver's Negligence",2.00
10670,37631.00,"4- Demerara- Mahaica",,"Norton & Haley St.",,"-58.1524","6.8019",,"Georgetown",4/22/2009 0:00:00,12/30/1899 20:45:00,"C- Minor Injury","F- Driver",63.00,"Male","K- Private Cars;V-Motor Cycle","S- Driver's Negligence",2.00
10671,37632.00,"4- Demerara- Mahaica",,"Robb St.",,"-58.1599","6.8109",,"Georgetown",4/22/2009 0:00:00,12/30/1899 7:30:00,"D- Property Damage","F- Driver",58.00,"Female","M- Hire Cars;N- Pickup","S- Driver's Negligence",2.00
10672,37633.00,"4- Demerara- Mahaica",,"Camp Rd.",,"-58.1600","6.8137",,"Georgetown",4/1/2009 0:00:00,12/30/1899 12:00:00,"D- Property Damage","F- Driver",66.00,"Male","J- Minibus;K- Private Cars","S- Driver's Negligence",2.00
10673,37634.00,"4- Demerara- Mahaica",,"North Rd. & Wellington St.",,"-58.1621","6.8122",,"Gerogetown",4/18/2009 0:00:00,12/30/1899 17:30:00,"A- Fatal","F- Driver",32.00,"Male","J- Minibus","S- Driver's Negligence",2.00
10674,37635.00,"4- Demerara- Mahaica",,"Lamaha",,"-58.1564","6.8181",,"Georgetown",4/24/2009 0:00:00,12/30/1899 8:55:00,"D- Property Damage","F- Driver",,"Male","J- Minibus;K- Private Cars","S- Driver's Negligence",2.00
10675,37636.00,"4- Demerara- Mahaica",,"Quamina St. & East St.",,"-58.1566","6.8129",,"Georgetown",4/24/2009 0:00:00,12/30/1899 17:10:00,"D- Property Damage","F- Driver",,"Male","K- Private Cars;N- Pickup","S- Driver's Negligence",2.00
10676,37637.00,"4- Demerara- Mahaica",,"Carifesta Ave.",,"-58.1483","6.8240",,"Georgetown",4/25/2009 0:00:00,12/30/1899 11:00:00,"D- Property Damage","F- Driver",,"Male","K- Private Cars;N- Pickup","S- Driver's Negligence",2.00
10677,37638.00,"4- Demerara- Mahaica",,"Camp St. & Middle St.",,"-58.1599","6.8138",,"Georgetown",4/25/2009 0:00:00,12/30/1899 11:30:00,"D- Property Damage","F- Driver",,"Male","M- Hire Cars","S- Driver's Negligence",2.00
10678,37639.00,"4- Demerara- Mahaica",,"Durban & Smyth St.",,"-58.1504","6.8096",,"Georgetown",4/25/2009 0:00:00,,"C- Minor Injury","F- Driver",,"Male","J- Minibus;K- Private Cars","S- Driver's Negligence",3.00
10679,37640.00,"4- Demerara- Mahaica",,"Camp St. & New Market St.",,"-58.1545","6.8134",,"Georgetown",4/25/2009 0:00:00,12/30/1899 12:15:00,"D- Property Damage","F- Driver",46.00,"Male","M- Hire Cars","S- Driver's Negligence",2.00
10680,37641.00,"4- Demerara- Mahaica",,"Church St. & New Garden St.",,"-58.1276","6.8221",,"Georgetown",4/25/2009 0:00:00,12/30/1899 17:30:00,"C- Minor Injury","F- Driver",30.00,"Male","K- Private Cars;M- Hire Cars;N- Pickup","S- Driver's Negligence",2.00
10681,37642.00,"4- Demerara- Mahaica",,"4th St. Albertown",,"-58.1659","6.8180",,"Georgetown",4/26/2009 0:00:00,12/30/1899 11:55:00,"D- Property Damage","F- Driver",32.00,"Male","K- Private Cars;M- Hire Cars;N- Pickup","P- Speeding",4.00
10682,37643.00,"4- Demerara- Mahaica",,"Main St.",,"-58.1508","6.8135",,"Georgetown",4/27/2009 0:00:00,12/30/1899 13:40:00,"C- Minor Injury","F- Driver",58.00,"Male","L- Lorries Van;M- Hire Cars;V-Motor Cycle","R- Improper Overtaking",3.00
10683,37644.00,"4- Demerara- Mahaica",,"Water St.",,"-58.1651","6.8117",,"Georgetown",4/27/2009 0:00:00,12/30/1899 14:30:00,"C- Minor Injury","F- Driver",34.00,"Male","M- Hire Cars","S- Driver's Negligence",2.00
10684,37645.00,"4- Demerara- Mahaica",,"Ornoque St. & Crown St.",,"-58.1519","6.8017",,"Georgetown",4/27/2009 0:00:00,12/30/1899 17:35:00,"C- Minor Injury","F- Driver",64.00,"Male","K- Private Cars;M- Hire Cars","S- Driver's Negligence",2.00
10685,37646.00,"4- Demerara- Mahaica",,"Cornhill St.",,"-58.1574","6.8046",,"Georgetown",4/27/2009 0:00:00,12/30/1899 18:00:00,"D- Property Damage","F- Driver",43.00,"Male","J- Minibus","S- Driver's Negligence",2.00
10686,37647.00,"4- Demerara- Mahaica",,"Ave. of the Republic",,"-58.1651","6.8117",,"Georgetown",4/29/2009 0:00:00,12/30/1899 13:00:00,"C- Minor Injury","F- Driver",56.00,"Male","J- Minibus;M- Hire Cars","S- Driver's Negligence",2.00
10687,37648.00,"4- Demerara- Mahaica",,"Norton St.",,"-58.1519","6.8017",,"Georgetown",4/29/2009 0:00:00,12/30/1899 17:50:00,"D- Property Damage","F- Driver",59.00,"Male","L- Lorries Van;M- Hire Cars","S- Driver's Negligence",2.00
10688,37649.00,"4- Demerara- Mahaica",,"Cornhill St.",,"-58.1574","6.8046",,"Georgetown",4/30/2009 0:00:00,12/30/1899 9:40:00,"D- Property Damage","F- Driver",50.00,"Male","J- Minibus;M- Hire Cars","S- Driver's Negligence",2.00
10689,37650.00,"4- Demerara- Mahaica",,"Church St. & Carmichael St.",,"-58.1637","6.8131",,"Georgetown",4/30/2009 0:00:00,12/30/1899 13:45:00,"D- Property Damage","F- Driver",24.00,"Male","K- Private Cars","S- Driver's Negligence",2.00
10690,37651.00,"4- Demerara- Mahaica",,"Lamaha & Camp St.",,"-58.1584","6.8186",,"Georgetown",5/1/2009 0:00:00,12/30/1899 13:30:00,"D- Property Damage","F- Driver",31.00,"Male","K- Private Cars;M- Hire Cars","S- Driver's Negligence",2.00
10691,37652.00,"4- Demerara- Mahaica",,"Bent St. & George St.",,"-58.1626","6.8063",,"Georgetown",5/1/2009 0:00:00,12/30/1899 14:20:00,"D- Property Damage","F- Driver",26.00,"Female","K- Private Cars;N- Pickup","S- Driver's Negligence",2.00
10692,37653.00,"4- Demerara- Mahaica",,"Carifesta Ave.",,"-58.1483","6.8240",,"Georgetown",5/2/2009 0:00:00,12/30/1899 15:30:00,"D- Property Damage","F- Driver",34.00,"Male","J- Minibus;M- Hire Cars","S- Driver's Negligence",2.00
10693,37654.00,"4- Demerara- Mahaica",,"Camp St. & Middle St.",,"-58.1599","6.8138",,"Georgetown",5/2/2009 0:00:00,,"D- Property Damage","F- Driver",,"Male","L- Lorries Van;N- Pickup","S- Driver's Negligence",2.00
10694,37655.00,"4- Demerara- Mahaica",,"Regent St.",,"-58.1604","6.8102",,"Georgetown",4/26/2009 0:00:00,12/30/1899 7:45:00,"D- Property Damage","F- Driver",,"Male","J- Minibus;K- Private Cars;M- Hire Cars","S- Driver's Negligence",5.00
10695,37656.00,"4- Demerara- Mahaica",,"Durban St. & George St.",,"-58.1628","6.8055",,"Georgetown",5/3/2009 0:00:00,12/30/1899 16:45:00,"C- Minor Injury","F- Driver",57.00,"Male","K- Private Cars;L- Lorries Van","S- Driver's Negligence",2.00
10696,37657.00,"4- Demerara- Mahaica",,"Lance Gibbs St. & Ornoque St.",,"-58.1511","6.8124",,"Georgetown",5/5/2009 0:00:00,12/30/1899 21:00:00,"D- Property Damage","F- Driver",28.00,"Male","K- Private Cars","S- Driver's Negligence",2.00
10697,37658.00,"4- Demerara- Mahaica",,"Durban & Smyth St.",,"-58.1641","6.8059",,"Georgetown",5/8/2009 0:00:00,12/30/1899 17:30:00,"C- Minor Injury","G- Rider",20.00,"Male","L- Lorries Van;V-Motor Cycle","U- Cyclist's Negligence",2.00
10698,37659.00,"4- Demerara- Mahaica",,"Camp St. & Church St.",,"-58.1601","6.8122",,"Georgetown",5/9/2009 0:00:00,12/30/1899 13:30:00,"D- Property Damage","F- Driver",34.00,"Male","L- Lorries Van;N- Pickup","S- Driver's Negligence",2.00
10699,37660.00,"4- Demerara- Mahaica",,"Croal St.",,"-58.1581","6.8076",,"Georgetown",5/10/2009 0:00:00,12/30/1899 19:00:00,"C- Minor Injury","G- Rider",28.00,"Male","W-Pedal Cycle","U- Cyclist's Negligence",2.00
10700,37661.00,"4- Demerara- Mahaica",,"Regent St. & Vlissengen Rd.",,"-58.1489","6.8070",,"Georgetown",5/10/2009 0:00:00,12/30/1899 19:50:00,"B- Serious Injury","G- Rider",30.00,"Male","J- Minibus;V-Motor Cycle","U- Cyclist's Negligence",3.00
10701,37662.00,"4- Demerara- Mahaica",,"Waterloo St. & Church St.",,"-58.1619","6.8127",,"Georgetown",5/11/2009 0:00:00,12/30/1899 20:00:00,"C- Minor Injury","G- Rider",34.00,"Male","J- Minibus;V-Motor Cycle","U- Cyclist's Negligence",3.00
10702,37663.00,"4- Demerara- Mahaica",,"Hadfield St.",,"-58.1650","6.8079",,"Georgetown",5/13/2009 0:00:00,,"D- Property Damage","F- Driver",,"Male","J- Minibus;M- Hire Cars","S- Driver's Negligence",2.00
10703,37664.00,"4- Demerara- Mahaica",,"Cornhill St.",,"-58.1574","6.8046",,"Georgetown",5/12/2009 0:00:00,12/30/1899 15:50:00,"C- Minor Injury","F- Driver",49.00,"Male","J- Minibus","S- Driver's Negligence",2.00
10704,37665.00,"4- Demerara- Mahaica",,"Lombard St. & Hadfield St.",,"-58.1673","6.8084",,"Georgetown",5/15/2009 0:00:00,12/30/1899 0:15:00,"D- Property Damage","F- Driver",,"Male","K- Private Cars;N- Pickup","S- Driver's Negligence",2.00
10705,37666.00,"4- Demerara- Mahaica",,"Carmichael St.",,"-58.1629","6.8159",,"Georgetown",5/14/2009 0:00:00,12/30/1899 14:40:00,"D- Property Damage","F- Driver",62.00,"Male","K- Private Cars;M- Hire Cars","S- Driver's Negligence",2.00
10706,37667.00,"4- Demerara- Mahaica",,"North St. & New Garden St.",,"-58.1505","6.8091",,"Georgetown",5/14/2009 0:00:00,12/30/1899 18:00:00,"D- Property Damage","F- Driver",38.00,"Male","N- Pickup;V-Motor Cycle","S- Driver's Negligence",2.00
10707,37668.00,"4- Demerara- Mahaica",,"Croal St.",,"-58.1581","6.8076",,"Georgetown",5/15/2009 0:00:00,12/30/1899 15:30:00,"C- Minor Injury","E- Pedestrian",10.00,"Male","J- Minibus","T-Pedestrian's Negligence",2.00
10708,37669.00,"4- Demerara- Mahaica",,"North St. & New Garden St.",,"-58.1505","6.8091",,"Georgetown",5/18/2009 0:00:00,12/30/1899 15:45:00,"B- Serious Injury","E- Pedestrian",6.00,"Male","L- Lorries Van","T-Pedestrian's Negligence",2.00
10709,37670.00,"4- Demerara- Mahaica",,"Young St.",,"-58.1594","6.8232",,"Georgetown",5/19/2009 0:00:00,12/30/1899 7:50:00,"D- Property Damage","F- Driver",25.00,"Male","L- Lorries Van;N- Pickup","S- Driver's Negligence",2.00
10710,37671.00,"4- Demerara- Mahaica",,"Camp St. & Quamina St.",,"-58.1599","6.8138",,"Georgetown",5/19/2009 0:00:00,12/30/1899 16:30:00,"D- Property Damage","F- Driver",42.00,"Male","J- Minibus;K- Private Cars","S- Driver's Negligence",2.00
10711,37672.00,"4- Demerara- Mahaica",,"Ave. of the Republic",,"-58.1651","6.8117",,"Georgetown",5/20/2009 0:00:00,12/30/1899 13:30:00,"D- Property Damage","F- Driver",,"Male","M- Hire Cars","S- Driver's Negligence",1.00
10712,37673.00,"4- Demerara- Mahaica",,"Camp St. & North Rd.",,"-58.1604","6.8118",,"Georgetown",5/20/2009 0:00:00,12/30/1899 15:00:00,"D- Property Damage","F- Driver",27.00,"Male","J- Minibus;N- Pickup","S- Driver's Negligence",2.00
10713,37674.00,"4- Demerara- Mahaica",,"Carmichael St. & Middle St.",,"-58.1626","6.8163",,"Georgetown",5/20/2009 0:00:00,12/30/1899 17:35:00,"D- Property Damage","F- Driver",30.00,"Male","K- Private Cars","S- Driver's Negligence",2.00
10714,37675.00,"4- Demerara- Mahaica",,"Camp St. & Norton St.",,"-58.1622","6.8045",,"Georgetown",5/18/2009 0:00:00,12/30/1899 17:30:00,"C- Minor Injury","F- Driver",,,"J- Minibus","S- Driver's Negligence",2.00