"ID","Accident ID","Region Number","Corridor ID","Location (Intersection/Road/Street)","Corridor","Location- longitude/ X","Location- latitude/  Y","Mile Marker","Village","Date of Accident","Time of Accident","Type of Accident","Class of Road User","Age/DOB","Gender","Class of Vehicles Involved","Contributing Factor","Number of Persons Involved"
10715,37676.00,"4- Demerara- Mahaica",,"Regent St. & Ave. of the Republic",,"-58.1653","6.8115",,"Georgetown",5/21/2009 0:00:00,12/30/1899 7:10:00,"D- Property Damage","F- Driver",51.00,"Male","J- Minibus","S- Driver's Negligence",2.00
10716,37677.00,"4- Demerara- Mahaica",,"Church St. & New Garden St.",,"-58.1504","6.8096",,"Georgetown",5/6/2009 0:00:00,12/30/1899 13:30:00,"D- Property Damage","F- Driver",,"Male","K- Private Cars;M- Hire Cars","S- Driver's Negligence",2.00
10717,37678.00,"4- Demerara- Mahaica",,"Quamina St. & Camp St.",,"-58.1599","6.8138",,"Georgetown",5/22/2009 0:00:00,12/30/1899 14:15:00,"D- Property Damage","F- Driver",36.00,"Male","K- Private Cars;M- Hire Cars;N- Pickup","S- Driver's Negligence",3.00
10718,37679.00,"4- Demerara- Mahaica",,"Camp St. & Hadfield St.",,"-58.1614","6.8078",,"Georgetown",5/24/2009 0:00:00,12/30/1899 15:30:00,"C- Minor Injury","G- Rider",22.00,"Female","M- Hire Cars;V-Motor Cycle","U- Cyclist's Negligence",2.00
10719,37680.00,"4- Demerara- Mahaica",,"Robb St. & Light St.",,"-58.1549","6.8095",,"Georgetown",5/24/2009 0:00:00,12/30/1899 8:00:00,"D- Property Damage","F- Driver",34.00,"Male","K- Private Cars;M- Hire Cars","S- Driver's Negligence",2.00
10720,37681.00,"4- Demerara- Mahaica",,"Camp St. & Church St.",,"-58.1601","6.8122",,"Georgetown",5/23/2009 0:00:00,12/30/1899 5:00:00,"D- Property Damage","F- Driver",25.00,"Male","K- Private Cars;N- Pickup","S- Driver's Negligence",2.00
10721,37682.00,"4- Demerara- Mahaica",,"Brickdam",,"-58.1552","6.8061",,"Georgetown",5/25/2009 0:00:00,12/30/1899 12:30:00,"D- Property Damage","F- Driver",,"Male","J- Minibus;K- Private Cars","R- Improper Overtaking",2.00
10722,37683.00,"4- Demerara- Mahaica",,"Croal St.",,"-58.1581","6.8076",,"Georgetown",5/25/2009 0:00:00,12/30/1899 16:30:00,"C- Minor Injury","F- Driver",,"Male","J- Minibus","S- Driver's Negligence",2.00
10723,37684.00,"4- Demerara- Mahaica",,"Durban St.",,"-58.1526","6.8028",,"Georgetown",5/26/2009 0:00:00,12/30/1899 15:30:00,"D- Property Damage","G- Rider",14.00,"Male","K- Private Cars;W-Pedal Cycle","U- Cyclist's Negligence",3.00
10724,37685.00,"4- Demerara- Mahaica",,"North Rd. & Water St.",,"-58.1666","6.8134",,"Georgetown",5/27/2009 0:00:00,12/30/1899 13:00:00,"C- Minor Injury","F- Driver",28.00,"Male","J- Minibus","S- Driver's Negligence",2.00
10725,37686.00,"4- Demerara- Mahaica",,"Croal St.",,"-58.1581","6.8076",,"Georgetown",5/27/2009 0:00:00,12/30/1899 20:15:00,"D- Property Damage","F- Driver",61.00,"Male","J- Minibus;N- Pickup","S- Driver's Negligence",2.00
10726,37687.00,"4- Demerara- Mahaica",,"Lamaha",,"-58.1564","6.8181",,"Georgetown",5/27/2009 0:00:00,12/30/1899 22:45:00,"D- Property Damage","F- Driver",25.00,"Male","J- Minibus;K- Private Cars","O- Lost Control & Runoff",2.00
10727,37688.00,"4- Demerara- Mahaica",,"Orange Walk",,"-58.1575","6.8094",,"Georgetown",5/28/2009 0:00:00,12/30/1899 19:15:00,"C- Minor Injury","F- Driver",,,"M- Hire Cars","S- Driver's Negligence",2.00
10728,37689.00,"4- Demerara- Mahaica",,"Durban St. & High St.",,"-58.1667","6.8065",,"Georgetown",5/28/2009 0:00:00,12/30/1899 18:50:00,"C- Minor Injury","E- Pedestrian",7.00,"Male","K- Private Cars","T-Pedestrian's Negligence",2.00
10729,37690.00,"4- Demerara- Mahaica",,"Camp St.",,"-58.1600","6.8137",,"Georgetown",5/29/2009 0:00:00,12/30/1899 8:30:00,"C- Minor Injury","E- Pedestrian",,"Female","V-Motor Cycle","T-Pedestrian's Negligence",2.00
10730,37691.00,"4- Demerara- Mahaica",,"Brickdam",,"-58.1552","6.8061",,"Georgetown",5/29/2009 0:00:00,12/30/1899 12:00:00,"C- Minor Injury","F- Driver",39.00,"Male","J- Minibus;M- Hire Cars","S- Driver's Negligence",2.00
10731,37692.00,"4- Demerara- Mahaica",,"Albert St. & Croal St.",,"-58.1542","6.8067",,"Georgetown",5/29/2009 0:00:00,12/30/1899 22:15:00,"D- Property Damage","F- Driver",28.00,"Male","K- Private Cars","S- Driver's Negligence",2.00
10732,37693.00,"4- Demerara- Mahaica",,"Albert St. & South Rd.",,"-58.1542","6.8068",,"Georgetown",5/29/2009 0:00:00,12/30/1899 22:10:00,"D- Property Damage","F- Driver",29.00,"Male","K- Private Cars","S- Driver's Negligence",2.00
10733,37694.00,"4- Demerara- Mahaica",,"Ferry Stelling Area",,"-58.1682","6.8091",,"Georgetown",5/30/2009 0:00:00,12/30/1899 8:00:00,"C- Minor Injury","F- Driver",,,"M- Hire Cars","S- Driver's Negligence",2.00
10734,37695.00,"4- Demerara- Mahaica",,"Croal St.",,"-58.1581","6.8076",,"Georgetown",5/30/2009 0:00:00,12/30/1899 11:15:00,"D- Property Damage","F- Driver",34.00,"Male","K- Private Cars;N- Pickup","S- Driver's Negligence",2.00
10735,37696.00,"4- Demerara- Mahaica",,"Water St.",,"-58.1659","6.8180",,"Georgetown",6/1/2009 0:00:00,12/30/1899 11:00:00,"D- Property Damage","F- Driver",46.00,"Female","K- Private Cars;N- Pickup","S- Driver's Negligence",2.00
10736,37697.00,"4- Demerara- Mahaica",,"Robb St. & Ornoque St.",,"-58.1521","6.8088",,"Georgetown",6/1/2009 0:00:00,12/30/1899 19:10:00,"B- Serious Injury","F- Driver",34.00,"Male","K- Private Cars","S- Driver's Negligence",2.00
10737,37698.00,"4- Demerara- Mahaica",,"North Rd.",,"-58.1575","6.8110",,"Georgetown",6/1/2009 0:00:00,12/30/1899 15:30:00,"D- Property Damage","G- Rider",,"Male","M- Hire Cars;W-Pedal Cycle","U- Cyclist's Negligence",2.00
10738,37699.00,"4- Demerara- Mahaica",,"Croal St.",,"-58.1581","6.8076",,"Georgetown",5/8/2009 0:00:00,12/30/1899 11:30:00,"D- Property Damage","F- Driver",,"Male","K- Private Cars;N- Pickup","S- Driver's Negligence",3.00
10739,37700.00,"4- Demerara- Mahaica",,"Camp St. & Smyth St.",,"-58.1645","6.8041",,"Georgetown",6/3/2009 0:00:00,12/30/1899 20:50:00,"B- Serious Injury","F- Driver",39.00,"Male","L- Lorries Van;W-Pedal Cycle","S- Driver's Negligence",2.00
10740,37701.00,"4- Demerara- Mahaica",,"North Rd. & Ave. of the Republic",,"-58.1648","6.8130",,"Georgetown",6/4/2009 0:00:00,12/30/1899 12:50:00,"D- Property Damage","F- Driver",42.00,"Male","J- Minibus;M- Hire Cars","S- Driver's Negligence",2.00
10741,37702.00,"4- Demerara- Mahaica",,"Cornhill St.",,"-58.1574","6.8046",,"Georgetown",6/4/2009 0:00:00,12/30/1899 8:40:00,"D- Property Damage","F- Driver",,"Male","J- Minibus","S- Driver's Negligence",2.00
10742,37703.00,"4- Demerara- Mahaica",,"Cornhill St.",,"-58.1574","6.8046",,"Georgetown",6/5/2009 0:00:00,12/30/1899 20:55:00,"D- Property Damage","F- Driver",,"Male","J- Minibus;K- Private Cars","S- Driver's Negligence",2.00
10743,37704.00,"4- Demerara- Mahaica",,"Robb St.",,"-58.1599","6.8109",,"Georgetown",6/5/2009 0:00:00,12/30/1899 10:20:00,"C- Minor Injury","F- Driver",45.00,"Male","M- Hire Cars;V-Motor Cycle","S- Driver's Negligence",2.00
10744,37705.00,"4- Demerara- Mahaica",,"Albert St.",,"-58.1527","6.8123",,"Georgetown",6/8/2009 0:00:00,12/30/1899 13:30:00,"D- Property Damage","F- Driver",39.00,"Male","K- Private Cars;V-Motor Cycle","S- Driver's Negligence",3.00
10745,37706.00,"4- Demerara- Mahaica",,"East St.",,"-58.1559","6.8148",,"Georgetown",6/8/2009 0:00:00,12/30/1899 17:15:00,"D- Property Damage","F- Driver",,"Male","K- Private Cars","S- Driver's Negligence",2.00
10746,37707.00,"4- Demerara- Mahaica",,"King St.",,"-58.1641","6.8109",,"Georgetown",6/9/2009 0:00:00,12/30/1899 16:00:00,"D- Property Damage","F- Driver",47.00,"Female","K- Private Cars;N- Pickup","S- Driver's Negligence",2.00
10747,37708.00,"4- Demerara- Mahaica",,"Middle St. & Carmichael St.",,"-58.1626","6.8163",,"Georgetown",6/9/2009 0:00:00,12/30/1899 20:30:00,"D- Property Damage","F- Driver",32.00,"Male","J- Minibus;K- Private Cars","S- Driver's Negligence",2.00
10748,37709.00,"4- Demerara- Mahaica",,"High St. & Hadfield St.",,"-58.1662","6.8081",,"Georgetown",6/10/2009 0:00:00,12/30/1899 12:00:00,"D- Property Damage","F- Driver",,"Male","K- Private Cars;L- Lorries Van","S- Driver's Negligence",2.00
10749,37710.00,"4- Demerara- Mahaica",,"Albert St. & Lamaha",,"-58.1515","6.8167",,"Georgetown",6/10/2009 0:00:00,12/30/1899 15:15:00,"D- Property Damage","F- Driver",30.00,"Male","K- Private Cars;N- Pickup","S- Driver's Negligence",2.00
10750,37711.00,"4- Demerara- Mahaica",,"Croal St.",,"-58.1581","6.8076",,"Georgetown",4/30/2009 0:00:00,12/30/1899 18:45:00,"C- Minor Injury","F- Driver",,"Male","K- Private Cars","R- Improper Overtaking",2.00
10751,37712.00,"4- Demerara- Mahaica",,"Albert St. & 4th St.",,"-58.1525","6.8128",,"Georgetown",6/11/2009 0:00:00,12/30/1899 15:15:00,"D- Property Damage","F- Driver",44.00,"Male","J- Minibus;K- Private Cars","S- Driver's Negligence",2.00
10752,37713.00,"4- Demerara- Mahaica",,"George St.",,"-58.1628","6.8054",,"Georgetown",6/11/2009 0:00:00,12/30/1899 16:15:00,"B- Serious Injury","F- Driver",37.00,"Male","K- Private Cars","S- Driver's Negligence",2.00
10753,37714.00,"4- Demerara- Mahaica",,"Light St. & North Rd.",,"-58.1548","6.8102",,"Georgetown",6/12/2009 0:00:00,12/30/1899 8:30:00,"C- Minor Injury","F- Driver",,,"J- Minibus","S- Driver's Negligence",3.00
10754,37715.00,"4- Demerara- Mahaica",,"North Rd.",,"-58.1575","6.8110",,"Georgetown",6/12/2009 0:00:00,12/30/1899 10:00:00,"D- Property Damage","F- Driver",31.00,"Female","M- Hire Cars;N- Pickup","R- Improper Overtaking",2.00
10755,37716.00,"4- Demerara- Mahaica",,"New Market St.",,"-58.1599","6.8173",,"Georgetown",6/13/2009 0:00:00,12/30/1899 11:00:00,"D- Property Damage","F- Driver",31.00,"Male","J- Minibus;K- Private Cars","S- Driver's Negligence",2.00
10756,37717.00,"4- Demerara- Mahaica",,"Hinck St.",,"-58.1660","6.8119",,"Georgetown",6/15/2009 0:00:00,12/30/1899 11:20:00,"D- Property Damage","F- Driver",,,"M- Hire Cars","S- Driver's Negligence",2.00
10757,37718.00,"4- Demerara- Mahaica",,"Charlotte St.",,"-58.1635","6.8101",,"Georgetown",6/15/2009 0:00:00,12/30/1899 13:30:00,"D- Property Damage","F- Driver",50.00,"Male","K- Private Cars;M- Hire Cars","S- Driver's Negligence",2.00
10758,37719.00,"4- Demerara- Mahaica",,"Camp St.",,"-58.1600","6.8137",,"Georgetown",6/15/2009 0:00:00,12/30/1899 15:00:00,"C- Minor Injury","E- Pedestrian",9.00,"Male","K- Private Cars","T-Pedestrian's Negligence",2.00
10759,37720.00,"4- Demerara- Mahaica",,"Cornhill St.",,"-58.1574","6.8046",,"Georgetown",6/15/2009 0:00:00,12/30/1899 13:30:00,"D- Property Damage","F- Driver",31.00,"Male","J- Minibus","S- Driver's Negligence",2.00
10760,37721.00,"4- Demerara- Mahaica",,"Regent St. & Ornoque St.",,"-58.1524","6.8080",,"Georgeotwn",6/17/2009 0:00:00,12/30/1899 14:50:00,"C- Minor Injury","F- Driver",27.00,"Male","M- Hire Cars;V-Motor Cycle","S- Driver's Negligence",2.00
10761,37722.00,"4- Demerara- Mahaica",,"Croal St.",,"-58.1581","6.8076",,"Georgetown",6/19/2009 0:00:00,12/30/1899 10:15:00,"D- Property Damage","F- Driver",,"Male","K- Private Cars;M- Hire Cars","S- Driver's Negligence",2.00
10762,37723.00,"4- Demerara- Mahaica",,"Regent St. & Light St.",,"-58.1552","6.8087",,"Georgetown",6/21/2009 0:00:00,12/30/1899 8:20:00,"C- Minor Injury","G- Rider",28.00,"Male","L- Lorries Van;V-Motor Cycle","U- Cyclist's Negligence",2.00
10763,37724.00,"4- Demerara- Mahaica",,"Camp St. & Middle St.",,"-58.1599","6.8138",,"Georgeown",6/22/2009 0:00:00,12/30/1899 22:50:00,"D- Property Damage","F- Driver",,"Male","K- Private Cars","S- Driver's Negligence",2.00
10764,37725.00,"4- Demerara- Mahaica",,"Vlissengen Rd. & Brickdam",,"-58.1511","6.8050",,"Georgetown",6/23/2009 0:00:00,12/30/1899 9:00:00,"D- Property Damage","F- Driver",,"Male","M- Hire Cars","R- Improper Overtaking",2.00
10765,37726.00,"4- Demerara- Mahaica",,"Main St.",,"-58.1276","6.8221",,"Georgetown",6/24/2009 0:00:00,12/30/1899 10:30:00,"D- Property Damage","F- Driver",31.00,"Male","J- Minibus;K- Private Cars","S- Driver's Negligence",2.00
10766,37727.00,"4- Demerara- Mahaica",,"Longden St.",,"-58.1666","6.8107",,"Georgetown",6/24/2009 0:00:00,12/30/1899 19:30:00,"C- Minor Injury","F- Driver",39.00,"Male","J- Minibus","S- Driver's Negligence",2.00
10767,37728.00,"4- Demerara- Mahaica",,"Regent St. & Ornoque St.",,"-58.1524","6.8080",,"Georgetown",6/24/2009 0:00:00,12/30/1899 17:30:00,"D- Property Damage","F- Driver",67.00,"Male","K- Private Cars;M- Hire Cars","S- Driver's Negligence",2.00
10768,37729.00,"4- Demerara- Mahaica",,"Robb St. & Ave. of the Republic",,"-58.1650","6.8123",,"Georgetown",6/25/2009 0:00:00,12/30/1899 15:00:00,"D- Property Damage","F- Driver",24.00,"Female","J- Minibus;K- Private Cars","S- Driver's Negligence",2.00
10769,37730.00,"4- Demerara- Mahaica",,"Lime St. & Bent St.",,"-58.1586","6.8053",,"Georgetown",6/25/2009 0:00:00,12/30/1899 19:30:00,"C- Minor Injury","F- Driver",43.00,"Male","J- Minibus;M- Hire Cars","S- Driver's Negligence",2.00
10770,37731.00,"4- Demerara- Mahaica",,"North Rd. & King St.",,"-58.1638","6.8124",,"Georgetown",6/19/2009 0:00:00,12/30/1899 13:00:00,"D- Property Damage","F- Driver",23.00,"Female","N- Pickup","S- Driver's Negligence",2.00
10771,37732.00,"4- Demerara- Mahaica",,"Quamina St. & Carmichael St.",,"-58.1632","6.8147",,"Georgetown",6/27/2009 0:00:00,12/30/1899 10:00:00,"D- Property Damage","F- Driver",27.00,"Male","K- Private Cars;M- Hire Cars","S- Driver's Negligence",2.00
10772,37733.00,"4- Demerara- Mahaica",,"Albert St. & South Rd.",,"-58.1542","6.8068",,"Georgetown",6/28/2009 0:00:00,12/30/1899 11:00:00,"D- Property Damage","F- Driver",37.00,"Male","K- Private Cars;M- Hire Cars","S- Driver's Negligence",2.00
10773,37734.00,"4- Demerara- Mahaica",,"Brickdam",,"-58.1552","6.8061",,"Georgetown",6/29/2009 0:00:00,12/30/1899 10:30:00,"D- Property Damage","F- Driver",33.00,"Male","J- Minibus","R- Improper Overtaking",2.00
10774,37735.00,"4- Demerara- Mahaica",,"Camp St. & North Rd.",,"-58.1604","6.8118",,"Georgetown",6/30/2009 0:00:00,12/30/1899 8:30:00,"D- Property Damage","F- Driver",,,"J- Minibus;K- Private Cars","S- Driver's Negligence",2.00
10775,37736.00,"4- Demerara- Mahaica",,"Ferry Stelling Area",,"-58.1682","6.8091",,"Georgetown",6/15/2009 0:00:00,12/30/1899 6:50:00,"C- Minor Injury","F- Driver",,,"K- Private Cars","S- Driver's Negligence",2.00
10776,37737.00,"4- Demerara- Mahaica",,"Croal St.",,"-58.1581","6.8076",,"Georgetown",5/8/2009 0:00:00,12/30/1899 11:30:00,"D- Property Damage","F- Driver",,"Male","K- Private Cars;N- Pickup","S- Driver's Negligence",3.00
10777,37738.00,"4- Demerara- Mahaica",,"Camp St. & New Market St.",,"-58.1591","6.8170",,"Georgetown",7/1/2009 0:00:00,12/30/1899 15:30:00,"B- Serious Injury","F- Driver",37.00,"Male","K- Private Cars;V-Motor Cycle","S- Driver's Negligence",2.00
10778,37739.00,"4- Demerara- Mahaica",,"Longden St.",,"-58.1666","6.8107",,"Georgetown",7/1/2009 0:00:00,12/30/1899 16:00:00,"C- Minor Injury","F- Driver",,,"N- Pickup","S- Driver's Negligence",2.00
10779,37740.00,"4- Demerara- Mahaica",,"Sendall Place",,"-58.1636","6.8078",,"Georgetown",7/1/2009 0:00:00,12/30/1899 12:50:00,"D- Property Damage","F- Driver",,,"N- Pickup","S- Driver's Negligence",2.00
10780,37741.00,"4- Demerara- Mahaica",,"Saint Mary Compound",,"-58.1615","6.8077",,"Georgetown",7/1/2009 0:00:00,12/30/1899 10:15:00,"C- Minor Injury","F- Driver",,,"L- Lorries Van","S- Driver's Negligence",2.00
10781,37742.00,"4- Demerara- Mahaica",,"Quamina St. & Thomas St.",,"-58.1583","6.8134",,"Georgetown",7/2/2009 0:00:00,12/30/1899 16:30:00,"D- Property Damage","F- Driver",20.00,"Male","J- Minibus;K- Private Cars","S- Driver's Negligence",2.00
10782,37743.00,"4- Demerara- Mahaica",,"Vlissengen Rd. & Brickdam",,"-58.1511","6.8050",,"Georgetown",7/2/2009 0:00:00,12/30/1899 14:25:00,"D- Property Damage","F- Driver",50.00,"Male","M- Hire Cars","S- Driver's Negligence",2.00
10783,37744.00,"4- Demerara- Mahaica",,"Smyth St.",,"-58.1643","6.8048",,"Georgeotown",7/3/2009 0:00:00,12/30/1899 12:10:00,"D- Property Damage","F- Driver",,,"N- Pickup;V-Motor Cycle","S- Driver's Negligence",2.00
10784,37745.00,"4- Demerara- Mahaica",,"Albert St. & South Rd.",,"-58.1542","6.8068",,"Georgetown",7/2/2009 0:00:00,12/30/1899 17:30:00,"D- Property Damage","F- Driver",37.00,"Male","M- Hire Cars","S- Driver's Negligence",2.00
10785,37746.00,"4- Demerara- Mahaica",,"Wellington St. & South Rd.",,"-58.1629","6.8091",,"Georgetown",7/4/2009 0:00:00,12/30/1899 7:50:00,"D- Property Damage","F- Driver",28.00,"Male","J- Minibus;N- Pickup","S- Driver's Negligence",2.00
10786,37747.00,"4- Demerara- Mahaica",,"New Garden St. & North Rd.",,"-58.1505","6.8091",,"Georgetown",7/4/2009 0:00:00,12/30/1899 9:05:00,"D- Property Damage","F- Driver",,"Female","K- Private Cars","S- Driver's Negligence",2.00
10787,37748.00,"4- Demerara- Mahaica",,"Camp St. & Regent St.",,"-58.1608","6.8103",,"Georgetown",7/7/2009 0:00:00,12/30/1899 5:20:00,"D- Property Damage","F- Driver",58.00,"Male","K- Private Cars;M- Hire Cars","S- Driver's Negligence",2.00
10788,37749.00,"4- Demerara- Mahaica",,"Carifesta Ave.",,"-58.1483","6.8240",,"Georgetown",7/7/2009 0:00:00,12/30/1899 7:30:00,"D- Property Damage","F- Driver",30.00,"Male","J- Minibus;N- Pickup","S- Driver's Negligence",2.00
10789,37750.00,"4- Demerara- Mahaica",,"Croal St.",,"-58.1581","6.8076",,"Georgetown",7/7/2009 0:00:00,12/30/1899 13:18:00,"C- Minor Injury","F- Driver",,,"J- Minibus","S- Driver's Negligence",2.00
10790,37751.00,"4- Demerara- Mahaica",,"Camp St. & Quamina St.",,"-58.1599","6.8138",,"Georgetown",7/7/2009 0:00:00,12/30/1899 12:00:00,"C- Minor Injury","F- Driver",,"Female","K- Private Cars;M- Hire Cars","S- Driver's Negligence",3.00
10791,37752.00,"4- Demerara- Mahaica",,"Lamaha & New Garden St.",,"-58.1487","6.8159",,"Georgetown",7/7/2009 0:00:00,12/30/1899 16:30:00,"C- Minor Injury","G- Rider",,"Female","K- Private Cars;V-Motor Cycle","U- Cyclist's Negligence",2.00
10792,37753.00,"4- Demerara- Mahaica",,"South Mini-bus Park",,"-58.1672","6.8101",,"Georgetown",7/7/2009 0:00:00,12/30/1899 18:30:00,"D- Property Damage","F- Driver",,,"J- Minibus","S- Driver's Negligence",2.00
10793,37754.00,"4- Demerara- Mahaica",,"Crown St. & Albert St.",,"-58.1523","6.8139",,"Georgetown",7/8/2009 0:00:00,12/30/1899 12:30:00,"D- Property Damage","F- Driver",,"Male","K- Private Cars;L- Lorries Van","S- Driver's Negligence",2.00
10794,37755.00,"4- Demerara- Mahaica",,"Regent St.",,"-58.1604","6.8102",,"Georgetown",7/7/2009 0:00:00,12/30/1899 9:00:00,"B- Serious Injury","E- Pedestrian",,"Female","V-Motor Cycle","T-Pedestrian's Negligence",2.00
10795,37756.00,"4- Demerara- Mahaica",,"Cummings St.",,"-58.1553","6.8140",,"Georgetown",7/10/2009 0:00:00,12/30/1899 17:30:00,"D- Property Damage","F- Driver",24.00,"Male","K- Private Cars;M- Hire Cars","S- Driver's Negligence",2.00
10796,37757.00,"4- Demerara- Mahaica",,"Lamaha & Irving St.",,"-58.1516","6.8166",,"Georgetown",7/12/2009 0:00:00,12/30/1899 1:45:00,"C- Minor Injury","F- Driver",63.00,"Male","J- Minibus;M- Hire Cars","S- Driver's Negligence",2.00
10797,37758.00,"4- Demerara- Mahaica",,"Commerce St.",,"-58.1661","6.8110",,"Georgetown",7/14/2009 0:00:00,12/30/1899 7:00:00,"C- Minor Injury","F- Driver",,,"J- Minibus","S- Driver's Negligence",2.00
10798,37759.00,"4- Demerara- Mahaica",,"High St. & Durban St.",,"-58.1667","6.8065",,"Goergetown",7/14/2009 0:00:00,12/30/1899 10:08:00,"D- Property Damage","F- Driver",30.00,"Male","K- Private Cars;L- Lorries Van","R- Improper Overtaking",2.00
10799,37760.00,"4- Demerara- Mahaica",,"Vlissengen Rd.",,"-58.1474","6.8108",,"Georgetown",7/13/2009 0:00:00,12/30/1899 11:15:00,"C- Minor Injury","F- Driver",,,"K- Private Cars","S- Driver's Negligence",2.00
10800,37761.00,"4- Demerara- Mahaica",,"Camp St. & Brickdam",,"-58.1615","6.8077",,"Georgetown",7/13/2009 0:00:00,12/30/1899 19:00:00,"B- Serious Injury","G- Rider",28.00,"Male","M- Hire Cars;V-Motor Cycle","U- Cyclist's Negligence",2.00
10801,37762.00,"4- Demerara- Mahaica",,"New Garden St. & Laluni St.",,"-58.1492","6.8141",,"Georgetown",7/14/2009 0:00:00,12/30/1899 17:15:00,"D- Property Damage","F- Driver",65.00,"Male","K- Private Cars;N- Pickup","S- Driver's Negligence",2.00
10802,37763.00,"4- Demerara- Mahaica",,"Camp St. & Quamina St.",,"-58.1599","6.8138",,"Georgetown",7/15/2009 0:00:00,12/30/1899 8:20:00,"C- Minor Injury","F- Driver",,"Male","M- Hire Cars;X-Tractor","S- Driver's Negligence",3.00
10803,37764.00,"4- Demerara- Mahaica",,"Hadfield & Louisa Row",,"-58.1497","6.8037",,"Georgetown",7/14/2009 0:00:00,12/30/1899 15:30:00,"D- Property Damage","F- Driver",,"Female","J- Minibus;K- Private Cars","S- Driver's Negligence",2.00
10804,37765.00,"4- Demerara- Mahaica",,"Camp St. & Regent St.",,"-58.1608","6.8103",,"Georgetown",7/15/2009 0:00:00,12/30/1899 17:00:00,"C- Minor Injury","F- Driver",44.00,"Male","M- Hire Cars;W-Pedal Cycle","R- Improper Overtaking",2.00
10805,37766.00,"4- Demerara- Mahaica",,"Vlissengen Rd. & Norton St.",,"-58.1479","6.8084",,"Georgetown",7/16/2009 0:00:00,12/30/1899 7:40:00,"D- Property Damage","F- Driver",39.00,"Male","K- Private Cars","S- Driver's Negligence",2.00
10806,37767.00,"4- Demerara- Mahaica",,"Hadfield & Louisa Row",,"-58.1497","6.8037",,"Georgetown",7/16/2009 0:00:00,12/30/1899 21:15:00,"C- Minor Injury","F- Driver",25.00,"Male","J- Minibus;K- Private Cars","S- Driver's Negligence",2.00
10807,37768.00,"4- Demerara- Mahaica",,"Regent St.",,"-58.1604","6.8102",,"Georgetown",7/17/2009 0:00:00,12/30/1899 1:30:00,"C- Minor Injury","F- Driver",,"Male","K- Private Cars;M- Hire Cars","S- Driver's Negligence",3.00
10808,37769.00,"4- Demerara- Mahaica",,"Brickdam",,"-58.1552","6.8061",,"Georgetown",7/17/2009 0:00:00,12/30/1899 9:00:00,"C- Minor Injury","F- Driver",,,"K- Private Cars","S- Driver's Negligence",2.00
10809,37770.00,"4- Demerara- Mahaica",,"Young St. & Camp Rd.",,"-58.1573","6.8226",,"Georgetown",7/15/2009 0:00:00,12/30/1899 7:30:00,"D- Property Damage","F- Driver",42.00,"Female","K- Private Cars","S- Driver's Negligence",2.00
10810,37771.00,"4- Demerara- Mahaica",,"John St.",,"-58.1374","6.8107",,"Georgetown",7/18/2009 0:00:00,12/30/1899 16:45:00,"C- Minor Injury","G- Rider",21.00,"Male","N- Pickup;V-Motor Cycle","U- Cyclist's Negligence",2.00
10811,37772.00,"4- Demerara- Mahaica",,"Norton St.",,"-58.1519","6.8017",,"Georgetown",7/18/2009 0:00:00,12/30/1899 19:30:00,"C- Minor Injury","F- Driver",,,"K- Private Cars;V-Motor Cycle","S- Driver's Negligence",2.00
10812,37773.00,"4- Demerara- Mahaica",,"Regent St.",,"-58.1604","6.8102",,"Georgetown",7/20/2009 0:00:00,12/30/1899 9:00:00,"D- Property Damage","F- Driver",36.00,"Male","J- Minibus","S- Driver's Negligence",2.00
10813,37774.00,"4- Demerara- Mahaica",,"Hadfield St.",,"-58.1650","6.8079",,"Georgetown",7/20/2009 0:00:00,12/30/1899 14:15:00,"D- Property Damage","F- Driver",26.00,"Male","K- Private Cars","S- Driver's Negligence",2.00
10814,37775.00,"4- Demerara- Mahaica",,"Regent St.",,"-58.1604","6.8102",,"Georgetown",7/20/2009 0:00:00,12/30/1899 11:00:00,"D- Property Damage","F- Driver",,"Female","K- Private Cars;V-Motor Cycle","S- Driver's Negligence",2.00
10815,37776.00,"4- Demerara- Mahaica",,"North Rd. & Ornoque St.",,"-58.1520","6.8095",,"Georgetown",7/21/2009 0:00:00,12/30/1899 11:00:00,"C- Minor Injury","F- Driver",,"Male","K- Private Cars;V-Motor Cycle","S- Driver's Negligence",2.00
10816,37777.00,"4- Demerara- Mahaica",,"Ave. of the Republic & Regent St.",,"-58.1653","6.8115",,"Georgetown",7/21/2009 0:00:00,12/30/1899 15:20:00,"D- Property Damage","F- Driver",27.00,"Male","J- Minibus;K- Private Cars","S- Driver's Negligence",2.00
10817,37778.00,"4- Demerara- Mahaica",,"Route 45 Mini-bus Park",,"-58.1671","6.8099",,"Georgetown",7/21/2009 0:00:00,12/30/1899 8:30:00,"D- Property Damage","F- Driver",49.00,"Male","J- Minibus","S- Driver's Negligence",3.00
10818,37779.00,"4- Demerara- Mahaica",,"Croal St.",,"-58.1581","6.8076",,"Georgetown",7/23/2009 0:00:00,12/30/1899 14:45:00,"D- Property Damage","F- Driver",28.00,"Male","J- Minibus","S- Driver's Negligence",2.00
10819,37780.00,"4- Demerara- Mahaica",,"Cornhill St.",,"-58.1574","6.8046",,"Georgetown",7/23/2009 0:00:00,12/30/1899 18:40:00,"D- Property Damage","F- Driver",,,"J- Minibus","S- Driver's Negligence",2.00
10820,37781.00,"4- Demerara- Mahaica",,"Longden St.",,"-58.1666","6.8107",,"Georgetown",7/24/2009 0:00:00,12/30/1899 16:18:00,"D- Property Damage","G- Rider",46.00,"Male","J- Minibus;W-Pedal Cycle","U- Cyclist's Negligence",2.00
10821,37782.00,"4- Demerara- Mahaica",,"Water St.",,"-58.1659","6.8180",,"Georgetown",7/24/2009 0:00:00,12/30/1899 16:39:00,"D- Property Damage","F- Driver",21.00,"Male","K- Private Cars;N- Pickup","S- Driver's Negligence",2.00