"ID","Accident ID","Region Number","Corridor ID","Location (Intersection/Road/Street)","Corridor","Location- longitude/ X","Location- latitude/  Y","Mile Marker","Village","Date of Accident","Time of Accident","Type of Accident","Class of Road User","Age/DOB","Gender","Class of Vehicles Involved","Contributing Factor","Number of Persons Involved"
10822,37783.00,"4- Demerara- Mahaica",,"Cornhill St.",,"-58.1574","6.8046",,"Georgetown",7/25/2009 0:00:00,12/30/1899 12:10:00,"D- Property Damage","F- Driver",47.00,"Male","J- Minibus;M- Hire Cars","S- Driver's Negligence",2.00
10823,37784.00,"4- Demerara- Mahaica",,"Camp St. & Quamina St.",,"-58.1599","6.8138",,"Georgetown",7/27/2009 0:00:00,12/30/1899 13:05:00,"D- Property Damage","F- Driver",,,"J- Minibus;W-Pedal Cycle","S- Driver's Negligence",2.00
10824,37785.00,"4- Demerara- Mahaica",,"Durban St. & Smyth St.",,"-58.1641","6.8059",,"Georgetown",7/28/2009 0:00:00,12/30/1899 17:15:00,"C- Minor Injury","F- Driver",28.00,"Male","K- Private Cars;W-Pedal Cycle","S- Driver's Negligence",2.00
10825,37786.00,"4- Demerara- Mahaica",,"Main St.",,"-58.1276","6.8221",,"Georgetown",7/29/2009 0:00:00,12/30/1899 9:10:00,"C- Minor Injury","F- Driver",,,"K- Private Cars","S- Driver's Negligence",2.00
10826,37787.00,"4- Demerara- Mahaica",,"Albert St.",,"-58.1527","6.8123",,"Georgetown",7/29/2009 0:00:00,12/30/1899 15:35:00,"B- Serious Injury","F- Driver",,"Male","V-Motor Cycle","O- Lost Control & Runoff",2.00
10827,37788.00,"4- Demerara- Mahaica",,"South Rd. & King St.",,"-58.1645","6.8096",,"Georgetown",7/20/2009 0:00:00,12/30/1899 20:30:00,"D- Property Damage","F- Driver",21.00,"Male","K- Private Cars","S- Driver's Negligence",2.00
10828,37789.00,"4- Demerara- Mahaica",,"Durban St.",,"-58.1526","6.8028",,"Georgetown",8/1/2009 0:00:00,12/30/1899 0:45:00,"D- Property Damage","F- Driver",21.00,"Female","K- Private Cars;L- Lorries Van","S- Driver's Negligence",2.00
10829,37790.00,"4- Demerara- Mahaica",,"Norton St. & Haley St.",,"-58.1524","6.8019",,"Georgetown",8/1/2009 0:00:00,12/30/1899 6:30:00,"D- Property Damage","F- Driver",38.00,"Male","K- Private Cars;N- Pickup","S- Driver's Negligence",2.00
10830,37791.00,"4- Demerara- Mahaica",,"National Park",,"-58.1532","6.8226",,"Georgetown",8/1/2009 0:00:00,12/30/1899 13:00:00,"B- Serious Injury","E- Pedestrian",3.00,"Male","K- Private Cars","T-Pedestrian's Negligence",2.00
10831,37792.00,"4- Demerara- Mahaica",,"Brickdam",,"-58.1552","6.8061",,"Georgetown",8/1/2009 0:00:00,12/30/1899 22:00:00,"B- Serious Injury","E- Pedestrian",9.00,"Male","K- Private Cars","T-Pedestrian's Negligence",2.00
10832,37793.00,"4- Demerara- Mahaica",,"South Rd.",,"-58.1586","6.8079",,"Georgetown",8/3/2009 0:00:00,12/30/1899 8:50:00,"C- Minor Injury","F- Driver",23.00,"Male","K- Private Cars","S- Driver's Negligence",2.00
10833,37794.00,"4- Demerara- Mahaica",,"Cornhill St.",,"-58.1574","6.8046",,"Georgetown",7/29/2009 0:00:00,12/30/1899 9:20:00,"D- Property Damage","F- Driver",58.00,"Male","J- Minibus;M- Hire Cars","S- Driver's Negligence",2.00
10834,37795.00,"4- Demerara- Mahaica",,"Carmichael St. & Middle St.",,"-58.1626","6.8163",,"Georgetown",8/6/2009 0:00:00,12/30/1899 9:00:00,"D- Property Damage","F- Driver",58.00,"Male","J- Minibus;K- Private Cars","S- Driver's Negligence",2.00
10835,37796.00,"4- Demerara- Mahaica",,"Camp St. & Quamina St.",,"-58.1599","6.8138",,"Georgetown",8/6/2009 0:00:00,12/30/1899 12:20:00,"D- Property Damage","F- Driver",38.00,"Female","K- Private Cars","S- Driver's Negligence",2.00
10836,37797.00,"4- Demerara- Mahaica",,"Ave. of the Republic & Regent St.",,"-58.1653","6.8115",,"Georgetown",8/10/2009 0:00:00,12/30/1899 8:30:00,"C- Minor Injury","F- Driver",28.00,"Male","K- Private Cars;V-Motor Cycle","S- Driver's Negligence",2.00
10837,37798.00,"4- Demerara- Mahaica",,"Carifesta Ave.",,"-58.1483","6.8240",,"Georgetown",8/10/2009 0:00:00,12/30/1899 8:30:00,"D- Property Damage","F- Driver",31.00,"Male","K- Private Cars","S- Driver's Negligence",2.00
10838,37799.00,"4- Demerara- Mahaica",,"Ferry Stelling Road",,"-58.1682","6.8091",,"Georgetown",8/10/2009 0:00:00,12/30/1899 16:30:00,"B- Serious Injury","F- Driver",57.00,"Male","J- Minibus","S- Driver's Negligence",2.00
10839,37800.00,"4- Demerara- Mahaica",,"4th St. & Light St.",,"-58.1540","6.8132",,"Georgetown",8/12/2009 0:00:00,12/30/1899 21:30:00,"C- Minor Injury","F- Driver",32.00,"Male","K- Private Cars;L- Lorries Van;M- Hire Cars","S- Driver's Negligence",3.00
10840,37801.00,"4- Demerara- Mahaica",,"Vlissengen Rd. & Croal St.",,"-58.1508","6.8058",,"Georgetown",8/11/2009 0:00:00,12/30/1899 12:00:00,"C- Minor Injury","F- Driver",19.00,"Female","K- Private Cars;V-Motor Cycle","S- Driver's Negligence",2.00
10841,37802.00,"4- Demerara- Mahaica",,"Hadfield St.",,"-58.1650","6.8079",,"Georgetown",8/11/2009 0:00:00,12/30/1899 14:30:00,"D- Property Damage","F- Driver",62.00,"Male","J- Minibus;N- Pickup","S- Driver's Negligence",2.00
10842,37803.00,"4- Demerara- Mahaica",,"Church St.",,"-58.1574","6.8114",,"Georgetown",8/11/2009 0:00:00,12/30/1899 13:30:00,"D- Property Damage","F- Driver",27.00,"Male","J- Minibus;K- Private Cars","S- Driver's Negligence",2.00
10843,37804.00,"4- Demerara- Mahaica",,"Peter Rose St. & Anira St.",,"-58.1477","6.8146",,"Georgetown",8/13/2009 0:00:00,12/30/1899 7:20:00,"D- Property Damage","F- Driver",43.00,"Male","K- Private Cars;N- Pickup","S- Driver's Negligence",2.00
10844,37805.00,"4- Demerara- Mahaica",,"New Garden St. & Church St.",,"-58.1504","6.8096",,"Georgetown",8/9/2009 0:00:00,12/30/1899 17:50:00,"D- Property Damage","F- Driver",30.00,"Male","K- Private Cars","S- Driver's Negligence",2.00
10845,37806.00,"4- Demerara- Mahaica",,"Cummings St. & 6th St.",,"-58.1560","6.8116",,"Georgetown",8/14/2009 0:00:00,12/30/1899 12:00:00,"C- Minor Injury","F- Driver",20.00,"Male","K- Private Cars;N- Pickup","S- Driver's Negligence",2.00
10846,37807.00,"4- Demerara- Mahaica",,"Regent St. & King St.",,"-58.1641","6.8112",,"Georgetown",8/14/2009 0:00:00,12/30/1899 21:10:00,"B- Serious Injury","G- Rider",34.00,"Male","K- Private Cars;V-Motor Cycle","U- Cyclist's Negligence",2.00
10847,37808.00,"4- Demerara- Mahaica",,"Robb St. & Ave. of the Republic",,"-58.1650","6.8123",,"Georgetown",8/16/2009 0:00:00,12/30/1899 20:15:00,"B- Serious Injury","F- Driver",29.00,"Male","K- Private Cars;V-Motor Cycle","S- Driver's Negligence",2.00
10848,37809.00,"4- Demerara- Mahaica",,"Cornhill St.",,"-58.1574","6.8046",,"Georgetown",8/13/2009 0:00:00,12/30/1899 14:30:00,"D- Property Damage","F- Driver",42.00,"Male","J- Minibus;M- Hire Cars","S- Driver's Negligence",2.00
10849,37810.00,"4- Demerara- Mahaica",,"Camp St. & Quamina St.",,"-58.1599","6.8138",,"Georgetown",8/17/2009 0:00:00,12/30/1899 10:35:00,"D- Property Damage","F- Driver",34.00,"Male","K- Private Cars;M- Hire Cars","S- Driver's Negligence",2.00
10850,37811.00,"4- Demerara- Mahaica",,"Regent St.",,"-58.1604","6.8102",,"Georgetown",8/17/2009 0:00:00,12/30/1899 12:30:00,"D- Property Damage","F- Driver",40.00,"Male","J- Minibus","S- Driver's Negligence",2.00
10851,37812.00,"4- Demerara- Mahaica",,"Main St. & Quamina St.",,"-58.1647","6.8151",,"Georgetown",8/18/2009 0:00:00,12/30/1899 16:20:00,"D- Property Damage","F- Driver",50.00,"Male","M- Hire Cars;V-Motor Cycle","S- Driver's Negligence",2.00
10852,37813.00,"4- Demerara- Mahaica",,"Lamaha & Albert St.",,"-58.1515","6.8167",,"Georgetown",8/20/2009 0:00:00,12/30/1899 19:00:00,"D- Property Damage","F- Driver",28.00,"Male","K- Private Cars;M- Hire Cars;N- Pickup","S- Driver's Negligence",3.00
10853,37814.00,"4- Demerara- Mahaica",,"Carifesta Ave.",,"-58.1483","6.8240",,"Georgetown",8/19/2009 0:00:00,,"D- Property Damage","F- Driver",50.00,"Male","J- Minibus","R- Improper Overtaking",2.00
10854,37815.00,"4- Demerara- Mahaica",,"Brickdam & Pollard St.",,"-58.1625","6.8080",,"Georgetown",8/22/2009 0:00:00,12/30/1899 22:00:00,"D- Property Damage","F- Driver",58.00,"Male","J- Minibus;M- Hire Cars","S- Driver's Negligence",2.00
10855,37816.00,"4- Demerara- Mahaica",,"Albert St. & North Rd.",,"-58.1534","6.8099",,"Georgetown",8/23/2009 0:00:00,12/30/1899 12:30:00,"D- Property Damage","F- Driver",26.00,"Male","K- Private Cars","S- Driver's Negligence",2.00
10856,37817.00,"4- Demerara- Mahaica",,"Camp St. & New Market St.",,"-58.1591","6.8170",,"Georgetown",8/23/2009 0:00:00,12/30/1899 13:30:00,"C- Minor Injury","F- Driver",47.00,"Female","J- Minibus;K- Private Cars","S- Driver's Negligence",2.00
10857,37818.00,"4- Demerara- Mahaica",,"Albert St. & North Rd.",,"-58.1534","6.8099",,"Georgetown",8/23/2009 0:00:00,12/30/1899 16:10:00,"D- Property Damage","F- Driver",25.00,"Male","J- Minibus;K- Private Cars","S- Driver's Negligence",2.00
10858,37819.00,"4- Demerara- Mahaica",,"Wellington St. & North Rd.",,"-58.1621","6.8122",,"Georgetown",8/22/2009 0:00:00,12/30/1899 18:45:00,"B- Serious Injury","F- Driver",27.00,"Male","M- Hire Cars;V-Motor Cycle","S- Driver's Negligence",2.00
10859,37820.00,"4- Demerara- Mahaica",,"Carmichael St.",,"-58.1629","6.8159",,"Georgetown",8/24/2009 0:00:00,12/30/1899 12:15:00,"D- Property Damage","F- Driver",43.00,"Male","K- Private Cars","S- Driver's Negligence",2.00
10860,37821.00,"4- Demerara- Mahaica",,"Regent St.",,"-58.1604","6.8102",,"Georgetown",8/21/2009 0:00:00,12/30/1899 13:30:00,"D- Property Damage","F- Driver",33.00,"Female","K- Private Cars;M- Hire Cars","S- Driver's Negligence",2.00
10861,37822.00,"4- Demerara- Mahaica",,"Durban St. & Smyth St.",,"-58.1641","6.8059",,"Georgetown",8/26/2009 0:00:00,12/30/1899 10:38:00,"D- Property Damage","F- Driver",34.00,"Male","K- Private Cars;N- Pickup","S- Driver's Negligence",2.00
10862,37823.00,"4- Demerara- Mahaica",,"Croal St.",,"-58.1581","6.8076",,"Georgetown",8/27/2009 0:00:00,12/30/1899 14:00:00,"D- Property Damage","F- Driver",76.00,"Male","K- Private Cars","P- Speeding",2.00
10863,37824.00,"4- Demerara- Mahaica",,"Waterloo St. & Quamina St.",,"-58.1614","6.8142",,"Georgetown",8/27/2009 0:00:00,,"D- Property Damage","F- Driver",37.00,"Male","K- Private Cars;N- Pickup","S- Driver's Negligence",2.00
10864,37825.00,"4- Demerara- Mahaica",,"Camp St. & Lamaha",,"-58.1584","6.8186",,"Georgetown",8/27/2009 0:00:00,12/30/1899 23:15:00,"A- Fatal","F- Driver",51.00,"Male","J- Minibus;V-Motor Cycle","S- Driver's Negligence",2.00
10865,37826.00,"4- Demerara- Mahaica",,"Main St. & New Market St.",,"-58.1638","6.8183",,"Georgetown",8/28/2009 0:00:00,12/30/1899 13:30:00,"D- Property Damage","F- Driver",26.00,"Female","K- Private Cars","S- Driver's Negligence",2.00
10866,37827.00,"4- Demerara- Mahaica",,"Cornhill St.",,"-58.1574","6.8046",,"Georgetown",8/28/2009 0:00:00,12/30/1899 13:30:00,"D- Property Damage","F- Driver",47.00,"Male","J- Minibus;M- Hire Cars","S- Driver's Negligence",2.00
10867,37828.00,"4- Demerara- Mahaica",,"Norton St. & Hardina St.",,"-58.1556","6.8027",,"Georgetown",8/29/2009 0:00:00,12/30/1899 14:30:00,"D- Property Damage","F- Driver",,,"K- Private Cars;L- Lorries Van;Z-Animal- Drawn","S- Driver's Negligence",3.00
10868,37829.00,"4- Demerara- Mahaica",,"Regent St. & Light St.",,"-58.1552","6.8087",,"Georgetown",8/30/2009 0:00:00,12/30/1899 10:30:00,"C- Minor Injury","F- Driver",67.00,"Male","M- Hire Cars;V-Motor Cycle","S- Driver's Negligence",2.00
10869,37830.00,"4- Demerara- Mahaica",,"Lamaha",,"-58.1564","6.8181",,"Georgetown",8/31/2009 0:00:00,12/30/1899 8:45:00,"D- Property Damage","G- Rider",,,"V-Motor Cycle","U- Cyclist's Negligence",2.00
10870,37831.00,"4- Demerara- Mahaica",,"Church St.",,"-58.1574","6.8114",,"Georgetown",8/28/2009 0:00:00,12/30/1899 11:30:00,"D- Property Damage","F- Driver",72.00,"Male","L- Lorries Van","S- Driver's Negligence",2.00
10871,37832.00,"4- Demerara- Mahaica",,"Water St.",,"-58.1659","6.8180",,"Georgetown",8/31/2009 0:00:00,12/30/1899 9:30:00,"C- Minor Injury","F- Driver",31.00,"Male","L- Lorries Van","O- Lost Control & Runoff",1.00
10872,37833.00,"4- Demerara- Mahaica",,"Lamaha",,"-58.1564","6.8181",,"Georgetown",9/1/2009 0:00:00,12/30/1899 15:00:00,"D- Property Damage","F- Driver",36.00,"Male","J- Minibus;K- Private Cars","S- Driver's Negligence",2.00
10873,37834.00,"4- Demerara- Mahaica",,"Carifesta Ave.",,"-58.1483","6.8240",,"Georgetown",9/2/2009 0:00:00,12/30/1899 8:10:00,"C- Minor Injury","G- Rider",33.00,"Male","V-Motor Cycle","U- Cyclist's Negligence",1.00
10874,37835.00,"4- Demerara- Mahaica",,"Croal St.",,"-58.1581","6.8076",,"Georgetown",9/4/2009 0:00:00,12/30/1899 13:30:00,"D- Property Damage","F- Driver",41.00,"Male","J- Minibus;N- Pickup","S- Driver's Negligence",3.00
10875,37836.00,"4- Demerara- Mahaica",,"New Garden St. & North Rd.",,"-58.1505","6.8091",,"Georgetown",9/7/2009 0:00:00,12/30/1899 13:10:00,"B- Serious Injury","F- Driver",,"Male","K- Private Cars;V-Motor Cycle","S- Driver's Negligence",2.00
10876,37837.00,"4- Demerara- Mahaica",,"Irving St.",,"-58.1455","6.8177",,"Georgetown",9/7/2009 0:00:00,12/30/1899 18:00:00,"B- Serious Injury","G- Rider",67.00,"Male","M- Hire Cars;V-Motor Cycle","U- Cyclist's Negligence",2.00
10877,37838.00,"4- Demerara- Mahaica",,"New Market St. & Thomas St.",,"-58.1574","6.8166",,"Georgetown",9/7/2009 0:00:00,12/30/1899 10:00:00,"D- Property Damage","F- Driver",31.00,"Male","M- Hire Cars;N- Pickup","S- Driver's Negligence",2.00
10878,37839.00,"4- Demerara- Mahaica",,"New Market St. & East St.",,"-58.1556","6.8161",,"Georgetown",9/7/2009 0:00:00,12/30/1899 11:30:00,"D- Property Damage","G- Rider",29.00,"Male","M- Hire Cars;V-Motor Cycle","U- Cyclist's Negligence",2.00
10879,37840.00,"4- Demerara- Mahaica",,"Water St.",,"-58.1659","6.8180",,"Georgetown",9/9/2009 0:00:00,12/30/1899 15:45:00,"D- Property Damage","F- Driver",,"Male","K- Private Cars;N- Pickup","S- Driver's Negligence",2.00
10880,37841.00,"4- Demerara- Mahaica",,"Norton St. & George St.",,"-58.1630","6.8046",,"Georgetown",9/3/2009 0:00:00,12/30/1899 9:00:00,"C- Minor Injury","F- Driver",,,"K- Private Cars;V-Motor Cycle","S- Driver's Negligence",2.00
10881,37842.00,"4- Demerara- Mahaica",,"Waterloo St. & Middle St.",,"-58.1611","6.8159",,"Georgetown",9/10/2009 0:00:00,12/30/1899 12:45:00,"D- Property Damage","F- Driver",86.00,"Male","K- Private Cars","S- Driver's Negligence",2.00
10882,37843.00,"4- Demerara- Mahaica",,"Princess St. & Halley St.",,"-58.1526","6.8010",,"Georgetown",9/12/2009 0:00:00,12/30/1899 11:00:00,"B- Serious Injury","G- Rider",28.00,"Male","L- Lorries Van;V-Motor Cycle","U- Cyclist's Negligence",2.00
10883,37844.00,"4- Demerara- Mahaica",,"Camp St. & New Market St.",,"-58.1591","6.8170",,"Georgetown",9/12/2009 0:00:00,12/30/1899 14:00:00,"D- Property Damage","F- Driver",56.00,"Male","J- Minibus;K- Private Cars","S- Driver's Negligence",2.00
10884,37845.00,"4- Demerara- Mahaica",,"Regent St.",,"-58.1604","6.8102",,"Georgetown",9/12/2009 0:00:00,12/30/1899 14:10:00,"D- Property Damage","F- Driver",32.00,"Male","M- Hire Cars","S- Driver's Negligence",2.00
10885,37846.00,"4- Demerara- Mahaica",,"New Garden St. & North Rd.",,"-58.1505","6.8091",,"Georgetown",9/12/2009 0:00:00,12/30/1899 17:00:00,"D- Property Damage","F- Driver",,"Male","K- Private Cars;L- Lorries Van","S- Driver's Negligence",2.00
10886,37847.00,"4- Demerara- Mahaica",,"North Rd.",,"-58.1575","6.8110",,"Georgetown",9/14/2009 0:00:00,12/30/1899 7:45:00,"D- Property Damage","F- Driver",57.00,"Male","J- Minibus","R- Improper Overtaking",2.00
10887,37848.00,"4- Demerara- Mahaica",,"Norton St. & Halley St.",,"-58.1525","6.8019",,"Georgetown",9/16/2009 0:00:00,12/30/1899 18:15:00,"D- Property Damage","F- Driver",58.00,"Male","K- Private Cars;M- Hire Cars","S- Driver's Negligence",2.00
10888,37849.00,"4- Demerara- Mahaica",,"Irving St.",,"-58.1455","6.8177",,"Georgetown",9/16/2009 0:00:00,12/30/1899 15:15:00,"B- Serious Injury","E- Pedestrian",78.00,"Male","K- Private Cars","T-Pedestrian's Negligence",2.00
10889,37850.00,"4- Demerara- Mahaica",,"Regent St. & Wellington St.",,"-58.1624","6.8107",,"Georgetown",9/11/2009 0:00:00,12/30/1899 15:15:00,"C- Minor Injury","G- Rider",18.00,"Female","M- Hire Cars;W-Pedal Cycle","U- Cyclist's Negligence",2.00
10890,37851.00,"4- Demerara- Mahaica",,"Main St. & Holmes St.",,"-58.1649","6.8152",,"Georgetown",9/16/2009 0:00:00,12/30/1899 10:30:00,"D- Property Damage","F- Driver",33.00,"Female","K- Private Cars;N- Pickup","S- Driver's Negligence",2.00
10891,37852.00,"4- Demerara- Mahaica",,"Camp St. & Middle St.",,"-58.1599","6.8138",,"Georgetown",9/17/2009 0:00:00,12/30/1899 10:35:00,"B- Serious Injury","F- Driver",57.00,"Male","K- Private Cars;V-Motor Cycle","P- Speeding",2.00
10892,37853.00,"4- Demerara- Mahaica",,"North Rd. & Ave. of the Republic",,"-58.1648","6.8130",,"Georgetown",9/17/2009 0:00:00,12/30/1899 16:30:00,"D- Property Damage","F- Driver",51.00,"Male","J- Minibus;K- Private Cars","S- Driver's Negligence",2.00
10893,37854.00,"4- Demerara- Mahaica",,"Regent St.",,"-58.1604","6.8102",,"Georgetown",9/18/2009 0:00:00,12/30/1899 13:05:00,"D- Property Damage","F- Driver",24.00,"Male","J- Minibus;L- Lorries Van;M- Hire Cars","S- Driver's Negligence",3.00
10894,37855.00,"4- Demerara- Mahaica",,"Main St.",,"-58.1276","6.8221",,"Georgetown",9/18/2009 0:00:00,12/30/1899 15:00:00,"D- Property Damage","F- Driver",56.00,"Male","J- Minibus;K- Private Cars","S- Driver's Negligence",2.00
10895,37856.00,"4- Demerara- Mahaica",,"High St. & Barrack St.",,"-58.1629","6.8220",,"Georgetown",9/19/2009 0:00:00,12/30/1899 12:45:00,"C- Minor Injury","F- Driver",65.00,"Male","K- Private Cars;V-Motor Cycle","S- Driver's Negligence",2.00
10896,37857.00,"4- Demerara- Mahaica",,"Camp St. & Middle St.",,"-58.1599","6.8138",,"Georgetown",9/19/2009 0:00:00,12/30/1899 22:30:00,"D- Property Damage","F- Driver",42.00,"Male","K- Private Cars;M- Hire Cars","S- Driver's Negligence",2.00
10897,37858.00,"4- Demerara- Mahaica",,"Louisa Row & Bent St.",,"-58.1574","6.8049",,"Georgetown",9/20/2009 0:00:00,12/30/1899 4:30:00,"D- Property Damage","F- Driver",35.00,"Male","K- Private Cars;M- Hire Cars","S- Driver's Negligence",2.00
10898,37859.00,"4- Demerara- Mahaica",,"Vlissengen Rd.",,"-58.1474","6.8108",,"Georgetown",9/21/2009 0:00:00,12/30/1899 14:20:00,"D- Property Damage","F- Driver",54.00,"Male","K- Private Cars;N- Pickup","S- Driver's Negligence",2.00
10899,37860.00,"4- Demerara- Mahaica",,"Sendall Place & Brickdam",,"-58.1635","6.8083",,"Georgetown",9/21/2009 0:00:00,12/30/1899 8:30:00,"D- Property Damage","F- Driver",35.00,"Male","K- Private Cars","S- Driver's Negligence",2.00
10900,37861.00,"4- Demerara- Mahaica",,"Main St.",,"-58.1276","6.8221",,"Georgetown",9/21/2009 0:00:00,12/30/1899 14:45:00,"D- Property Damage","F- Driver",50.00,"Male","K- Private Cars;M- Hire Cars","R- Improper Overtaking",2.00
10901,37862.00,"4- Demerara- Mahaica",,"Vlissengen Rd. & South Rd.",,"-58.1508","6.8059",,"Georgetown",9/22/2009 0:00:00,12/30/1899 12:30:00,"C- Minor Injury","G- Rider",48.00,"Female","N- Pickup;V-Motor Cycle","U- Cyclist's Negligence",2.00
10902,37863.00,"4- Demerara- Mahaica",,"High St. & Young St.",,"-58.1622","6.8241",,"Georgetown",9/23/2009 0:00:00,12/30/1899 17:30:00,"C- Minor Injury","F- Driver",50.00,"Male","J- Minibus;V-Motor Cycle","S- Driver's Negligence",2.00
10903,37864.00,"4- Demerara- Mahaica",,"Church St. & Water St.",,"-58.1666","6.8140",,"Georgetown",9/23/2009 0:00:00,12/30/1899 12:10:00,"B- Serious Injury","F- Driver",18.00,"Male","K- Private Cars;W-Pedal Cycle","S- Driver's Negligence",2.00
10904,37865.00,"4- Demerara- Mahaica",,"George St. & Bent St.",,"-58.1626","6.8063",,"Georgetown",9/24/2009 0:00:00,12/30/1899 15:40:00,"D- Property Damage","F- Driver",51.00,"Male","K- Private Cars;V-Motor Cycle","S- Driver's Negligence",2.00
10905,37866.00,"4- Demerara- Mahaica",,"Irving St. & Crown St.",,"-58.1494","6.8132",,"Georgetown",9/24/2009 0:00:00,12/30/1899 17:30:00,"D- Property Damage","F- Driver",60.00,"Male","J- Minibus","S- Driver's Negligence",2.00
10906,37867.00,"4- Demerara- Mahaica",,"Peter Rose St. & Foreshaw St.",,"-58.1488","6.8107",,"Georgetown",9/24/2009 0:00:00,12/30/1899 16:10:00,"D- Property Damage","F- Driver",50.00,"Male","J- Minibus;K- Private Cars","S- Driver's Negligence",2.00
10907,37868.00,"4- Demerara- Mahaica",,"Vlissengen Rd. & North Rd.",,"-58.1479","6.8085",,"Georgetown",9/24/2009 0:00:00,12/30/1899 18:20:00,"D- Property Damage","F- Driver",23.00,"Male","K- Private Cars","S- Driver's Negligence",2.00
10908,37869.00,"4- Demerara- Mahaica",,"John Fernandes Access Rd.",,"-58.1597","6.7911",,"Georgetown",9/25/2009 0:00:00,12/30/1899 8:30:00,"D- Property Damage","F- Driver",37.00,"Male","K- Private Cars;N- Pickup","S- Driver's Negligence",2.00
10909,37870.00,"4- Demerara- Mahaica",,"Camp St. & Brickdam",,"-58.1615","6.8077",,"Georgetown",9/25/2009 0:00:00,,"D- Property Damage","F- Driver",28.00,"Male","K- Private Cars;M- Hire Cars","S- Driver's Negligence",2.00
10910,37871.00,"4- Demerara- Mahaica",,"America St.",,"-58.1663","6.8104",,"Georgetown",9/24/2009 0:00:00,12/30/1899 19:00:00,"D- Property Damage","F- Driver",54.00,"Male","J- Minibus;K- Private Cars","R- Improper Overtaking",3.00
10911,37872.00,"4- Demerara- Mahaica",,"Camp St. & Croal St.",,"-58.1613","6.8084",,"Georgetown",9/25/2009 0:00:00,12/30/1899 21:00:00,"D- Property Damage","F- Driver",33.00,"Male","K- Private Cars;M- Hire Cars","S- Driver's Negligence",2.00
10912,37873.00,"4- Demerara- Mahaica",,"Ave. of the Republic & North Rd.",,"-58.1648","6.8130",,"Georgetown",9/28/2009 0:00:00,12/30/1899 14:00:00,"D- Property Damage","F- Driver",30.00,"Male","J- Minibus","S- Driver's Negligence",2.00
10913,37874.00,"4- Demerara- Mahaica",,"South Rd. & Wellington St.",,"-58.1629","6.8091",,"Georgetown",9/28/2009 0:00:00,12/30/1899 16:00:00,"B- Serious Injury","F- Driver",78.00,"Male","J- Minibus;K- Private Cars","S- Driver's Negligence",2.00
10914,37875.00,"4- Demerara- Mahaica",,"High St.",,"-58.1669","6.8063",,"Georgetown",9/29/2009 0:00:00,12/30/1899 16:00:00,"D- Property Damage","F- Driver",62.00,"Male","K- Private Cars;L- Lorries Van","S- Driver's Negligence",2.00
10915,37876.00,"4- Demerara- Mahaica",,"High St.",,"-58.1669","6.8063",,"Georgetown",9/29/2009 0:00:00,12/30/1899 13:30:00,"B- Serious Injury","E- Pedestrian",21.00,"Male","N- Pickup","T-Pedestrian's Negligence",2.00
10916,37877.00,"4- Demerara- Mahaica",,"Vlissengen Rd. & South Rd.",,"-58.1508","6.8059",,"Georgetown",9/26/2009 0:00:00,12/30/1899 12:00:00,"D- Property Damage","F- Driver",31.00,"Male","K- Private Cars;L- Lorries Van","S- Driver's Negligence",2.00
10917,37878.00,"4- Demerara- Mahaica",,"Albert St. & Lance Gibbs St.",,"-58.1525","6.8128",,"Georgetown",9/30/2009 0:00:00,12/30/1899 10:30:00,"D- Property Damage","F- Driver",29.00,"Male","K- Private Cars;V-Motor Cycle","S- Driver's Negligence",2.00
10918,37879.00,"4- Demerara- Mahaica",,"High St. & Young St.",,"-58.1622","6.8241",,"Georgetown",9/30/2009 0:00:00,12/30/1899 12:45:00,"D- Property Damage","F- Driver",30.00,"Female","K- Private Cars","R- Improper Overtaking",2.00
10919,37880.00,"4- Demerara- Mahaica",,"Carmichael St. & Middle St.",,"-58.1626","6.8163",,"Georgetown",9/30/2009 0:00:00,12/30/1899 12:30:00,"D- Property Damage","F- Driver",34.00,"Male","J- Minibus;K- Private Cars","S- Driver's Negligence",2.00
10920,37881.00,"4- Demerara- Mahaica",,"North Rd. & Camp St.",,"-58.1604","6.8118",,"Georgetown",10/1/2009 0:00:00,12/30/1899 12:00:00,"B- Serious Injury","F- Driver",40.00,"Male","K- Private Cars;N- Pickup","S- Driver's Negligence",2.00
10921,37882.00,"4- Demerara- Mahaica",,"Church St.",,"-58.1574","6.8114",,"Georgetown",10/1/2009 0:00:00,12/30/1899 8:50:00,"D- Property Damage","F- Driver",29.00,"Male","K- Private Cars","S- Driver's Negligence",2.00
10922,37883.00,"4- Demerara- Mahaica",,"Regent St. & Shiv Chanderpaul Drive",,"-58.1509","6.8076",,"Georgetown",10/2/2009 0:00:00,12/30/1899 16:30:00,"D- Property Damage","F- Driver",71.00,"Male","K- Private Cars;L- Lorries Van","S- Driver's Negligence",2.00
10923,37884.00,"4- Demerara- Mahaica",,"Vlissengen Rd. & Home Stretch Ave.",,"-58.1508","6.8058",,"Georgetown",10/2/2009 0:00:00,12/30/1899 18:18:00,"D- Property Damage","F- Driver",49.00,"Male","K- Private Cars","S- Driver's Negligence",2.00
10924,37885.00,"4- Demerara- Mahaica",,"Lamaha",,"-58.1564","6.8181",,"Georgetown",10/5/2009 0:00:00,12/30/1899 10:00:00,"D- Property Damage","F- Driver",38.00,"Male","K- Private Cars","R- Improper Overtaking",2.00
10925,37886.00,"4- Demerara- Mahaica",,"Church St. & Camp St.",,"-58.1601","6.8122",,"Georgetown",10/5/2009 0:00:00,12/30/1899 7:40:00,"B- Serious Injury","G- Rider",21.00,"Female","J- Minibus;V-Motor Cycle","U- Cyclist's Negligence",2.00