"ID","Accident ID","Region Number","Corridor ID","Location (Intersection/Road/Street)","Corridor","Location- longitude/ X","Location- latitude/  Y","Mile Marker","Village","Date of Accident","Time of Accident","Type of Accident","Class of Road User","Age/DOB","Gender","Class of Vehicles Involved","Contributing Factor","Number of Persons Involved"
10926,37887.00,"4- Demerara- Mahaica",,"Water St.",,"-58.1659","6.8180",,"Georgetown",10/6/2009 0:00:00,12/30/1899 12:43:00,"D- Property Damage","F- Driver",,,"K- Private Cars;W-Pedal Cycle","S- Driver's Negligence",2.00
10927,37888.00,"4- Demerara- Mahaica",,"Water St.",,"-58.1659","6.8180",,"Georgetown",10/3/2009 0:00:00,12/30/1899 10:00:00,"D- Property Damage","F- Driver",35.00,"Male","K- Private Cars;L- Lorries Van","S- Driver's Negligence",2.00
10928,37889.00,"4- Demerara- Mahaica",,"Vlissengen Rd. & South Rd.",,"-58.1508","6.8059",,"Georgetown",10/4/2009 0:00:00,12/30/1899 10:15:00,"C- Minor Injury","F- Driver",25.00,"Male","K- Private Cars;V-Motor Cycle","S- Driver's Negligence",2.00
10929,37890.00,"4- Demerara- Mahaica",,"Ave. of the Republic & North Rd.",,"-58.1534","6.8099",,"Georgetown",10/6/2009 0:00:00,12/30/1899 12:50:00,"D- Property Damage","F- Driver",32.00,"Female","J- Minibus;M- Hire Cars","S- Driver's Negligence",2.00
10930,37891.00,"4- Demerara- Mahaica",,"Ferry Stelling Road",,"-58.1682","6.8091",,"Georgetown",10/7/2009 0:00:00,12/30/1899 15:00:00,"D- Property Damage","F- Driver",45.00,"Male","J- Minibus;M- Hire Cars","S- Driver's Negligence",2.00
10931,37892.00,"4- Demerara- Mahaica",,"Camp St.",,"-58.1600","6.8137",,"Georgetown",10/2/2009 0:00:00,12/30/1899 14:30:00,"C- Minor Injury","G- Rider",52.00,"Male","L- Lorries Van;W-Pedal Cycle","U- Cyclist's Negligence",2.00
10932,37893.00,"4- Demerara- Mahaica",,"Brickdam & Cornhill St.",,"-58.1572","6.8066",,"Georgetown",10/7/2009 0:00:00,12/30/1899 18:00:00,"D- Property Damage","F- Driver",27.00,"Male","J- Minibus","S- Driver's Negligence",2.00
10933,37894.00,"4- Demerara- Mahaica",,"Durban St.",,"-58.1526","6.8028",,"Georgetown",10/3/2009 0:00:00,12/30/1899 14:00:00,"C- Minor Injury","G- Rider",44.00,"Male","J- Minibus;W-Pedal Cycle","U- Cyclist's Negligence",2.00
10934,37895.00,"4- Demerara- Mahaica",,"Camp Rd.",,"-58.1600","6.8137",,"Georgetown",10/8/2009 0:00:00,12/30/1899 9:30:00,"C- Minor Injury","F- Driver",31.00,"Male","J- Minibus;K- Private Cars","S- Driver's Negligence",2.00
10935,37896.00,"4- Demerara- Mahaica",,"Robb St.",,"-58.1599","6.8109",,"Georgetown",10/8/2009 0:00:00,12/30/1899 20:00:00,"C- Minor Injury","F- Driver",,,"K- Private Cars;W-Pedal Cycle","S- Driver's Negligence",3.00
10936,37897.00,"4- Demerara- Mahaica",,"Ave. of the Republic",,"-58.1651","6.8117",,"Georgetown",10/8/2009 0:00:00,12/30/1899 7:40:00,"D- Property Damage","F- Driver",64.00,"Female","J- Minibus;K- Private Cars","S- Driver's Negligence",2.00
10937,37898.00,"4- Demerara- Mahaica",,"Alexander St. & Regent St.",,"-58.1593","6.8099",,"Georgetown",10/9/2009 0:00:00,12/30/1899 9:00:00,"D- Property Damage","F- Driver",,"Male","K- Private Cars","S- Driver's Negligence",2.00
10938,37899.00,"4- Demerara- Mahaica",,"Main St. & Middle St.",,"-58.1642","6.8167",,"Georgetown",10/9/2009 0:00:00,12/30/1899 15:30:00,"D- Property Damage","F- Driver",27.00,"Male","K- Private Cars;N- Pickup","S- Driver's Negligence",2.00
10939,37900.00,"4- Demerara- Mahaica",,"Regent St. & Albert St.",,"-58.1538","6.8084",,"Georgetown",10/8/2009 0:00:00,12/30/1899 12:30:00,"D- Property Damage","F- Driver",39.00,"Male","K- Private Cars;V-Motor Cycle","S- Driver's Negligence",2.00
10940,37901.00,"4- Demerara- Mahaica",,"High St. & Leopold St.",,"-58.1664","6.8070",,"Georgetown",10/10/2009 0:00:00,12/30/1899 20:00:00,"B- Serious Injury","F- Driver",24.00,"Male","K- Private Cars;V-Motor Cycle","S- Driver's Negligence",2.00
10941,37902.00,"4- Demerara- Mahaica",,"Camp St. & Quamina St.",,"-58.1599","6.8138",,"Georgetown",10/13/2009 0:00:00,12/30/1899 8:30:00,"D- Property Damage","F- Driver",40.00,"Male","K- Private Cars;N- Pickup","S- Driver's Negligence",3.00
10942,37903.00,"4- Demerara- Mahaica",,"Durban St.",,"-58.1526","6.8028",,"Georgetown",10/13/2009 0:00:00,12/30/1899 17:30:00,"C- Minor Injury","F- Driver",28.00,"Male","J- Minibus;W-Pedal Cycle","S- Driver's Negligence",2.00
10943,37904.00,"4- Demerara- Mahaica",,"Water St.",,"-58.1659","6.8180",,"Georgetown",10/14/2009 0:00:00,12/30/1899 10:30:00,"D- Property Damage","F- Driver",38.00,"Male","L- Lorries Van;M- Hire Cars","S- Driver's Negligence",2.00
10944,37905.00,"4- Demerara- Mahaica",,"South Rd. & Cummings St.",,"-58.1570","6.8076",,"Georgetown",10/14/2009 0:00:00,12/30/1899 9:15:00,"D- Property Damage","F- Driver",29.00,"Male","K- Private Cars","S- Driver's Negligence",2.00
10945,37906.00,"4- Demerara- Mahaica",,"Norton St.",,"-58.1519","6.8017",,"Georgetown",,12/30/1899 9:00:00,"C- Minor Injury","F- Driver",37.00,"Male","L- Lorries Van;W-Pedal Cycle","R- Improper Overtaking",2.00
10946,37907.00,"4- Demerara- Mahaica",,"Croal St.",,"-58.1581","6.8076",,"Georgetown",10/15/2009 0:00:00,12/30/1899 16:00:00,"C- Minor Injury","F- Driver",35.00,"Male","J- Minibus","S- Driver's Negligence",2.00
10947,37908.00,"4- Demerara- Mahaica",,"Water St.",,"-58.1659","6.8180",,"Georgetown",10/15/2009 0:00:00,12/30/1899 18:45:00,"C- Minor Injury","F- Driver",,,"K- Private Cars","S- Driver's Negligence",2.00
10948,37909.00,"4- Demerara- Mahaica",,"Robb St. & Ave. of the Republic",,"-58.1650","6.8123",,"Georgetown",10/18/2009 0:00:00,12/30/1899 17:00:00,"B- Serious Injury","F- Driver",60.00,"Male","K- Private Cars;V-Motor Cycle","S- Driver's Negligence",2.00
10949,37910.00,"4- Demerara- Mahaica",,"Durban St. & Haley St.",,"-58.1522","6.8027",,"Georgetown",10/19/2009 0:00:00,12/30/1899 0:55:00,"D- Property Damage","F- Driver",37.00,"Male","K- Private Cars;N- Pickup","S- Driver's Negligence",2.00
10950,37911.00,"4- Demerara- Mahaica",,"Cornhill St.",,"-58.1574","6.8046",,"Georgetown",10/6/2009 0:00:00,12/30/1899 14:00:00,"C- Minor Injury","F- Driver",36.00,"Male","J- Minibus;W-Pedal Cycle","S- Driver's Negligence",3.00
10951,37912.00,"4- Demerara- Mahaica",,"Hadfield St.",,"-58.1650","6.8079",,"Georgetown",10/19/2009 0:00:00,12/30/1899 12:30:00,"D- Property Damage","F- Driver",56.00,"Female","K- Private Cars","S- Driver's Negligence",2.00
10952,37913.00,"4- Demerara- Mahaica",,"Quamina St. & Carmichael St.",,"-58.1630","6.8147",,"Georgetown",10/21/2009 0:00:00,12/30/1899 8:30:00,"D- Property Damage","F- Driver",54.00,"Female","K- Private Cars;N- Pickup","S- Driver's Negligence",2.00
10953,37914.00,"4- Demerara- Mahaica",,"Lamaha",,"-58.1564","6.8181",,"Georgetown",10/20/2009 0:00:00,12/30/1899 14:00:00,"D- Property Damage","F- Driver",31.00,"Male","J- Minibus;M- Hire Cars","S- Driver's Negligence",2.00
10954,37915.00,"4- Demerara- Mahaica",,"Lombard St.",,"-58.1675","6.8071",,"Georgetown",10/20/2009 0:00:00,12/30/1899 16:00:00,"D- Property Damage","F- Driver",36.00,"Male","J- Minibus;L- Lorries Van","S- Driver's Negligence",2.00
10955,37916.00,"4- Demerara- Mahaica",,"New Garden St. & Crown St.",,"-58.1494","6.8131",,"Georgetown",10/20/2009 0:00:00,12/30/1899 15:45:00,"D- Property Damage","F- Driver",62.00,"Male","N- Pickup","S- Driver's Negligence",2.00
10956,37917.00,"4- Demerara- Mahaica",,"Regent St. & Vlissengen Rd.",,"-58.1489","6.8070",,"Georgetown",10/22/2009 0:00:00,12/30/1899 13:00:00,"D- Property Damage","F- Driver",32.00,"Male","K- Private Cars","S- Driver's Negligence",2.00
10957,37918.00,"4- Demerara- Mahaica",,"Vlissengen Rd.",,"-58.1474","6.8108",,"Georgetown",10/23/2009 0:00:00,12/30/1899 11:40:00,"D- Property Damage","F- Driver",39.00,"Male","K- Private Cars;L- Lorries Van","S- Driver's Negligence",2.00
10958,37919.00,"4- Demerara- Mahaica",,"Church St.",,"-58.1574","6.8114",,"Georgetown",10/23/2009 0:00:00,12/30/1899 14:30:00,"D- Property Damage","F- Driver",47.00,"Male","J- Minibus;N- Pickup","S- Driver's Negligence",2.00
10959,37920.00,"4- Demerara- Mahaica",,"Lombard St. & Hadfield St.",,"-58.1673","6.8084",,"Georgetown",10/23/2009 0:00:00,12/30/1899 17:30:00,"D- Property Damage","F- Driver",54.00,"Male","J- Minibus;K- Private Cars","S- Driver's Negligence",2.00
10960,37921.00,"4- Demerara- Mahaica",,"Norton St. & Cemetry Rd.",,"-58.1477","6.8088",,"Georgetown",10/23/2009 0:00:00,12/30/1899 17:04:00,"D- Property Damage","F- Driver",59.00,"Male","K- Private Cars","P- Speeding",2.00
10961,37922.00,"4- Demerara- Mahaica",,"Church St.",,"-58.1574","6.8114",,"Georgetown",10/23/2009 0:00:00,12/30/1899 20:15:00,"D- Property Damage","F- Driver",18.00,"Male","K- Private Cars","S- Driver's Negligence",2.00
10962,37923.00,"4- Demerara- Mahaica",,"South Rd.",,"-58.1586","6.8079",,"Georgetown",10/23/2009 0:00:00,12/30/1899 23:10:00,"B- Serious Injury","F- Driver",56.00,"Male","M- Hire Cars;V-Motor Cycle","O- Lost Control & Runoff",2.00
10963,37924.00,"4- Demerara- Mahaica",,"Vlissengen Rd. & North Rd.",,"-58.1479","6.8085",,"Georgetown",10/26/2009 0:00:00,12/30/1899 7:20:00,"D- Property Damage","F- Driver",23.00,"Male","V-Motor Cycle;X-Tractor","S- Driver's Negligence",2.00
10964,37925.00,"4- Demerara- Mahaica",,"Church St. & Cummings St.",,"-58.1561","6.8111",,"Georgetown",11/7/2009 0:00:00,12/30/1899 21:00:00,"B- Serious Injury","F- Driver",30.00,"Male","M- Hire Cars;N- Pickup","S- Driver's Negligence",2.00
10965,37926.00,"4- Demerara- Mahaica",,"Irving St.",,"-58.1455","6.8177",,"Georgetown",11/4/2009 0:00:00,12/30/1899 12:50:00,"D- Property Damage","F- Driver",39.00,"Male","K- Private Cars","S- Driver's Negligence",2.00
10966,37927.00,"4- Demerara- Mahaica",,"Vlissengen Rd.",,"-58.1474","6.8108",,"Georgetown",11/5/2009 0:00:00,12/30/1899 8:45:00,"D- Property Damage","F- Driver",31.00,"Male","J- Minibus;K- Private Cars","S- Driver's Negligence",2.00
10967,37928.00,"4- Demerara- Mahaica",,"North Rd.",,"-58.1575","6.8110",,"Georgetown",11/5/2009 0:00:00,12/30/1899 14:00:00,"D- Property Damage","F- Driver",35.00,"Male","K- Private Cars;M- Hire Cars","R- Improper Overtaking",2.00
10968,37929.00,"4- Demerara- Mahaica",,"Lamaha & Camp St.",,"-58.1584","6.8186",,"Georgetown",11/8/2009 0:00:00,12/30/1899 22:00:00,"C- Minor Injury","F- Driver",35.00,"Male","M- Hire Cars","S- Driver's Negligence",2.00
10969,37930.00,"4- Demerara- Mahaica",,"Wellington St. & North Rd.",,"-58.1621","6.8122",,"Georgetown",11/9/2009 0:00:00,12/30/1899 6:30:00,"D- Property Damage","F- Driver",26.00,"Male","K- Private Cars","S- Driver's Negligence",2.00
10970,37931.00,"4- Demerara- Mahaica",,"Peter Rose St.",,"-58.1484","6.8122",,"Georgetown",11/10/2009 0:00:00,12/30/1899 8:20:00,"D- Property Damage","F- Driver",39.00,"Male","K- Private Cars;M- Hire Cars","S- Driver's Negligence",2.00
10971,37932.00,"4- Demerara- Mahaica",,"5th St. Alberttown",,"-58.1549","6.8123",,"Georgetown",11/10/2009 0:00:00,12/30/1899 12:00:00,"D- Property Damage","F- Driver",43.00,"Male","M- Hire Cars;N- Pickup","S- Driver's Negligence",2.00
10972,37933.00,"4- Demerara- Mahaica",,"Regent St.",,"-58.1604","6.8102",,"Georgetown",9/30/2009 0:00:00,12/30/1899 4:51:00,"D- Property Damage","F- Driver",44.00,"Male","K- Private Cars","O- Lost Control & Runoff",1.00
10973,37934.00,"4- Demerara- Mahaica",,"Robb St. & Wellington St.",,"-58.1622","6.8115",,"Georgetown",11/11/2009 0:00:00,,"D- Property Damage","F- Driver",29.00,"Male","K- Private Cars","S- Driver's Negligence",2.00
10974,37935.00,"4- Demerara- Mahaica",,"Hinck St. & Commerce St.",,"-58.1662","6.8111",,"Georgetown",11/7/2009 0:00:00,,"D- Property Damage","F- Driver",38.00,"Male","J- Minibus;M- Hire Cars","S- Driver's Negligence",2.00
10975,37936.00,"4- Demerara- Mahaica",,"Ave. of the Republic & Church St.",,"-58.1648","6.8134",,"Georgetown",11/9/2009 0:00:00,12/30/1899 17:20:00,"D- Property Damage","F- Driver",26.00,"Male","K- Private Cars","S- Driver's Negligence",1.00
10976,37937.00,"4- Demerara- Mahaica",,"Carmichael St.",,"-58.1629","6.8159",,"Georgetown",11/12/2009 0:00:00,12/30/1899 14:25:00,"D- Property Damage","F- Driver",51.00,"Female","K- Private Cars;N- Pickup","S- Driver's Negligence",2.00
10977,37938.00,"4- Demerara- Mahaica",,"Robb St. & Ornoque St.",,"-58.1521","6.8088",,"Georgetown",11/12/2009 0:00:00,,"C- Minor Injury","F- Driver",34.00,"Male","J- Minibus;V-Motor Cycle","S- Driver's Negligence",4.00
10978,37939.00,"4- Demerara- Mahaica",,"Sendall Place & Brickdam",,"-58.1635","6.8083",,"Georgetown",11/13/2009 0:00:00,12/30/1899 8:00:00,"D- Property Damage","F- Driver",41.00,"Male","J- Minibus;L- Lorries Van","S- Driver's Negligence",2.00
10979,37940.00,"4- Demerara- Mahaica",,"Light St.",,"-58.1538","6.8139",,"Georgetown",11/13/2009 0:00:00,12/30/1899 10:50:00,"D- Property Damage","F- Driver",50.00,"Male","N- Pickup;V-Motor Cycle","S- Driver's Negligence",2.00
10980,37941.00,"4- Demerara- Mahaica",,"Lamaha & Camp St.",,"-58.1584","6.8186",,"Georgetown",11/13/2009 0:00:00,12/30/1899 8:00:00,"D- Property Damage","F- Driver",30.00,"Male","J- Minibus;K- Private Cars;V-Motor Cycle","S- Driver's Negligence",3.00
10981,37942.00,"4- Demerara- Mahaica",,"Regent St. & Light St.",,"-58.1552","6.8087",,"Georgetown",11/13/2009 0:00:00,12/30/1899 19:30:00,"D- Property Damage","F- Driver",27.00,"Male","K- Private Cars","S- Driver's Negligence",2.00
10982,37943.00,"4- Demerara- Mahaica",,"Brickdam & Vlissengen Rd.",,"-58.1511","6.8050",,"Georgetown",11/13/2009 0:00:00,12/30/1899 22:35:00,"C- Minor Injury","F- Driver",42.00,"Male","M- Hire Cars;V-Motor Cycle","S- Driver's Negligence",2.00
10983,37944.00,"4- Demerara- Mahaica",,"Durban St. & John St.",,"-58.1402","6.7996",,"Georgetown",11/14/2009 0:00:00,12/30/1899 18:30:00,"D- Property Damage","F- Driver",29.00,"Male","K- Private Cars;M- Hire Cars","S- Driver's Negligence",2.00
10984,37945.00,"4- Demerara- Mahaica",,"Croal St.",,"-58.1581","6.8076",,"Georgetown",11/14/2009 0:00:00,12/30/1899 16:20:00,"D- Property Damage","F- Driver",44.00,"Male","J- Minibus","R- Improper Overtaking",2.00
10985,37946.00,"4- Demerara- Mahaica",,"Cummings St. & Regent St.",,"-58.1566","6.8092",,"Georgetown",11/15/2009 0:00:00,12/30/1899 10:00:00,"B- Serious Injury","G- Rider",58.00,"Male","K- Private Cars;V-Motor Cycle","U- Cyclist's Negligence",2.00
10986,37947.00,"4- Demerara- Mahaica",,"Camp St. & Middle St.",,"-58.1599","6.8138",,"Georgetown",11/16/2009 0:00:00,12/30/1899 14:30:00,"C- Minor Injury","E- Pedestrian",19.00,"Female","K- Private Cars","T-Pedestrian's Negligence",2.00
10987,37948.00,"4- Demerara- Mahaica",,"Norton St.",,"-58.1519","6.8017",,"Georgetown",11/17/2009 0:00:00,12/30/1899 5:00:00,"D- Property Damage","F- Driver",33.00,"Male","M- Hire Cars","O- Lost Control & Runoff",1.00
10988,37949.00,"4- Demerara- Mahaica",,"New Market St. & Waterloo St.",,"-58.1607","6.8175",,"Georgetown",11/16/2009 0:00:00,12/30/1899 12:05:00,"D- Property Damage","F- Driver",21.00,"Male","K- Private Cars","S- Driver's Negligence",2.00
10989,37950.00,"4- Demerara- Mahaica",,"Church St.",,"-58.1574","6.8114",,"Georgetown",11/17/2009 0:00:00,12/30/1899 11:30:00,"C- Minor Injury","F- Driver",28.00,"Male","K- Private Cars;N- Pickup","O- Lost Control & Runoff",2.00
10990,37951.00,"4- Demerara- Mahaica",,"Wellington St. & Regent St.",,"-58.1624","6.8107",,"Georgetown",11/4/2009 0:00:00,12/30/1899 15:45:00,"D- Property Damage","F- Driver",31.00,"Male","L- Lorries Van;M- Hire Cars","S- Driver's Negligence",2.00
10991,37952.00,"4- Demerara- Mahaica",,"South Rd. & Wellington St.",,"-58.1629","6.8091",,"Georgetown",11/18/2009 0:00:00,12/30/1899 17:45:00,"B- Serious Injury","G- Rider",62.00,"Male","L- Lorries Van;V-Motor Cycle","U- Cyclist's Negligence",2.00
10992,37953.00,"4- Demerara- Mahaica",,"Middle St. & Carmichael St.",,"-58.1626","6.8163",,"Georgetown",11/19/2009 0:00:00,12/30/1899 9:55:00,"C- Minor Injury","F- Driver",31.00,"Male","N- Pickup","S- Driver's Negligence",2.00
10993,37954.00,"4- Demerara- Mahaica",,"Lamaha",,"-58.1564","6.8181",,"Georgetown",11/19/2009 0:00:00,12/30/1899 17:00:00,"C- Minor Injury","F- Driver",32.00,"Male","K- Private Cars","S- Driver's Negligence",2.00
10994,37955.00,"4- Demerara- Mahaica",,"Regent St. & Albert St.",,"-58.1538","6.8084",,"Georgetown",11/20/2009 0:00:00,12/30/1899 16:00:00,"D- Property Damage","F- Driver",42.00,"Male","K- Private Cars;N- Pickup","S- Driver's Negligence",2.00
10995,37956.00,"4- Demerara- Mahaica",,"Lamaha & Camp St.",,"-58.1584","6.8186",,"Georgetown",11/16/2009 0:00:00,12/30/1899 17:00:00,"C- Minor Injury","F- Driver",41.00,"Male","J- Minibus;V-Motor Cycle","S- Driver's Negligence",2.00
10996,37957.00,"4- Demerara- Mahaica",,"Main St. & New Market St.",,"-58.1638","6.8183",,"Georgetown",11/21/2009 0:00:00,12/30/1899 12:00:00,"D- Property Damage","F- Driver",52.00,"Male","K- Private Cars","S- Driver's Negligence",2.00
10997,37958.00,"4- Demerara- Mahaica",,"Woolford Ave.",,"-58.1525","6.8182",,"Georgetown",11/19/2009 0:00:00,12/30/1899 22:30:00,"C- Minor Injury","F- Driver",28.00,"g","K- Private Cars","O- Lost Control & Runoff",1.00
10998,37959.00,"4- Demerara- Mahaica",,"Light St. & Charlotte St.",,"-58.1554","6.8079",,"Georgetown",11/23/2009 0:00:00,12/30/1899 11:40:00,"D- Property Damage","F- Driver",33.00,"Male","N- Pickup","S- Driver's Negligence",3.00
10999,37960.00,"4- Demerara- Mahaica",,"Hadfield St. & Lombard St.",,"-58.1673","6.8084",,"Georgetown",11/23/2009 0:00:00,12/30/1899 16:10:00,"D- Property Damage","F- Driver",40.00,"Female","J- Minibus;K- Private Cars","S- Driver's Negligence",2.00
11000,37961.00,"4- Demerara- Mahaica",,"Regent St.",,"-58.1604","6.8102",,"Georgetown",11/24/2009 0:00:00,12/30/1899 8:45:00,"D- Property Damage","F- Driver",23.00,"Male","M- Hire Cars;N- Pickup","S- Driver's Negligence",2.00
11001,37962.00,"4- Demerara- Mahaica",,"Brickdam",,"-58.1552","6.8061",,"Georgetown",11/24/2009 0:00:00,12/30/1899 16:25:00,"D- Property Damage","F- Driver",35.00,"Male","K- Private Cars;N- Pickup","S- Driver's Negligence",2.00
11002,37963.00,"4- Demerara- Mahaica",,"Camp St.",,"-58.1600","6.8137",,"Georgetown",11/24/2009 0:00:00,12/30/1899 10:10:00,"B- Serious Injury","F- Driver",27.00,"Male","K- Private Cars","S- Driver's Negligence",2.00
11003,37964.00,"4- Demerara- Mahaica",,"Lamaha & Peter Rose St.",,"-58.1474","6.8156",,"Georgetown",11/24/2009 0:00:00,12/30/1899 12:15:00,"B- Serious Injury","F- Driver",36.00,"Female","J- Minibus;N- Pickup","R- Improper Overtaking",2.00
11004,37965.00,"4- Demerara- Mahaica",,"Albert St.",,"-58.1527","6.8123",,"Georgetown",11/4/2009 0:00:00,12/30/1899 17:30:00,"D- Property Damage","F- Driver",22.00,"Male","K- Private Cars","S- Driver's Negligence",2.00
11005,37966.00,"4- Demerara- Mahaica",,"Ornoque St. & South Rd.",,"-58.1527","6.8065",,"Georgetown",11/25/2009 0:00:00,12/30/1899 15:55:00,"D- Property Damage","F- Driver",45.00,"Female","K- Private Cars;N- Pickup","S- Driver's Negligence",2.00
11006,37967.00,"4- Demerara- Mahaica",,"North Rd. & Albert St.",,"-58.1534","6.8099",,"Georgetown",,12/30/1899 9:00:00,"D- Property Damage","F- Driver",68.00,"Male","K- Private Cars;V-Motor Cycle","S- Driver's Negligence",2.00
11007,37968.00,"4- Demerara- Mahaica",,"Middle St. & Carmichael St.",,"-58.1626","6.8163",,"Georgetown",11/26/2009 0:00:00,12/30/1899 18:00:00,"D- Property Damage","F- Driver",31.00,"Male","K- Private Cars","S- Driver's Negligence",2.00
11008,37969.00,"4- Demerara- Mahaica",,"Lombard St. & Princess St.",,"-58.1678","6.8049",,"Georgetown",11/27/2009 0:00:00,12/30/1899 11:50:00,"D- Property Damage","F- Driver",29.00,"Female","J- Minibus;K- Private Cars","S- Driver's Negligence",2.00
11009,37970.00,"4- Demerara- Mahaica",,"Lamaha",,"-58.1564","6.8181",,"Georgetown",11/27/2009 0:00:00,12/30/1899 19:30:00,"B- Serious Injury","F- Driver",23.00,"Male","K- Private Cars;N- Pickup","O- Lost Control & Runoff",2.00
11010,37971.00,"4- Demerara- Mahaica",,"Regent St. & Camp St.",,"-58.1608","6.8103",,"Georgetown",11/28/2009 0:00:00,12/30/1899 21:15:00,"C- Minor Injury","F- Driver",48.00,"Male","K- Private Cars;V-Motor Cycle","S- Driver's Negligence",2.00
11011,37972.00,"4- Demerara- Mahaica",,"Camp St. & North Rd.",,"-58.1604","6.8118",,"Georgetown",11/29/2009 0:00:00,12/30/1899 19:00:00,"D- Property Damage","F- Driver",31.00,"Female","K- Private Cars;M- Hire Cars","S- Driver's Negligence",2.00
11012,37973.00,"4- Demerara- Mahaica",,"Carifesta Ave.",,"-58.1483","6.8240",,"Georgetown",11/30/2009 0:00:00,12/30/1899 3:50:00,"B- Serious Injury","F- Driver",23.00,"Male","J- Minibus;K- Private Cars","S- Driver's Negligence",3.00
11013,37974.00,"4- Demerara- Mahaica",,"Cummings St.",,"-58.1553","6.8140",,"Georgetown",12/1/2009 0:00:00,12/30/1899 11:30:00,"D- Property Damage","F- Driver",40.00,"Male","K- Private Cars;M- Hire Cars","R- Improper Overtaking",2.00
11014,37975.00,"4- Demerara- Mahaica",,"Quamina St.",,"-58.1616","6.8142",,"Georgetown",12/1/2009 0:00:00,12/30/1899 13:00:00,"C- Minor Injury","F- Driver",,,"M- Hire Cars","S- Driver's Negligence",2.00
11015,37976.00,"4- Demerara- Mahaica",,"Camp St.",,"-58.1600","6.8137",,"Georgetown",12/2/2009 0:00:00,12/30/1899 14:00:00,"D- Property Damage","F- Driver",39.00,"Female","K- Private Cars;V-Motor Cycle","S- Driver's Negligence",2.00
11016,37977.00,"4- Demerara- Mahaica",,"North Rd. & King St.",,"-58.1638","6.8124",,"Georgetown",12/2/2009 0:00:00,12/30/1899 17:00:00,"D- Property Damage","F- Driver",52.00,"Male","K- Private Cars;N- Pickup","S- Driver's Negligence",2.00
11017,37978.00,"4- Demerara- Mahaica",,"Albert St. & North Rd.",,"-58.1534","6.8099",,"Georgetown",12/3/2009 0:00:00,12/30/1899 7:10:00,"B- Serious Injury","F- Driver",49.00,"Male","K- Private Cars;V-Motor Cycle","S- Driver's Negligence",3.00
11018,37979.00,"4- Demerara- Mahaica",,"Sendall Place",,"-58.1636","6.8078",,"Georgetown",12/3/2009 0:00:00,12/30/1899 13:50:00,"D- Property Damage","G- Rider",26.00,"Male","M- Hire Cars;V-Motor Cycle","R- Improper Overtaking",2.00
11019,37980.00,"4- Demerara- Mahaica",,"Brickdam & United Nations Place",,"-58.1604","6.8074",,"Georgetown",12/3/2009 0:00:00,12/30/1899 19:30:00,"D- Property Damage","F- Driver",36.00,"Female","J- Minibus;K- Private Cars","S- Driver's Negligence",2.00
11020,37981.00,"4- Demerara- Mahaica",,"New Market St. & Camp St.",,"-58.1591","6.8170",,"Georgetown",12/4/2009 0:00:00,12/30/1899 20:20:00,"B- Serious Injury","F- Driver",46.00,"Male","J- Minibus;N- Pickup","S- Driver's Negligence",2.00
11021,37982.00,"4- Demerara- Mahaica",,"Irving St.",,"-58.1455","6.8177",,"Georgetown",12/5/2009 0:00:00,12/30/1899 15:45:00,"D- Property Damage","F- Driver",24.00,"Male","K- Private Cars","S- Driver's Negligence",2.00
11022,37983.00,"4- Demerara- Mahaica",,"Church St. & Camp St.",,"-58.1601","6.8122",,"Georgetown",12/5/2009 0:00:00,12/30/1899 15:00:00,"D- Property Damage","F- Driver",22.00,"Female","J- Minibus;K- Private Cars","S- Driver's Negligence",2.00
11023,37984.00,"4- Demerara- Mahaica",,"Camp St. & Quamina St.",,"-58.1599","6.8138",,"Georgetown",12/5/2009 0:00:00,12/30/1899 16:30:00,"B- Serious Injury","F- Driver",43.00,"Male","K- Private Cars;L- Lorries Van","S- Driver's Negligence",2.00
11024,37985.00,"4- Demerara- Mahaica",,"Irving St. & Foreshaw St.",,"-58.1475","6.8104",,"Georgetown",12/6/2009 0:00:00,12/30/1899 0:10:00,"D- Property Damage","F- Driver",18.00,"Male","K- Private Cars;M- Hire Cars","R- Improper Overtaking",2.00
11025,37986.00,"4- Demerara- Mahaica",,"Brickdam & Cornhill St.",,"-58.1572","6.8066",,"Georgetown",12/5/2009 0:00:00,12/30/1899 20:00:00,"D- Property Damage","F- Driver",40.00,"Male","J- Minibus;K- Private Cars","R- Improper Overtaking",2.00
11026,37987.00,"4- Demerara- Mahaica",,"Ave. of the Republic & Regent St.",,"-58.1653","6.8114",,"Georgetown",12/7/2009 0:00:00,12/30/1899 10:30:00,"D- Property Damage","F- Driver",49.00,"Male","L- Lorries Van;M- Hire Cars","S- Driver's Negligence",2.00
11027,37988.00,"4- Demerara- Mahaica",,"Robb St. & Orange Walk",,"-58.1573","6.8102",,"Georgetown",12/7/2009 0:00:00,12/30/1899 12:50:00,"C- Minor Injury","G- Rider",,,"V-Motor Cycle","U- Cyclist's Negligence",3.00
11028,37989.00,"4- Demerara- Mahaica",,"Regent St.",,"-58.1604","6.8102",,"Georgetown",12/7/2009 0:00:00,12/30/1899 17:00:00,"D- Property Damage","F- Driver",30.00,"Male","J- Minibus;K- Private Cars","S- Driver's Negligence",2.00
11029,37990.00,"4- Demerara- Mahaica",,"Church St.",,"-58.1574","6.8114",,"Georgetown",12/7/2009 0:00:00,12/30/1899 12:10:00,"D- Property Damage","G- Rider",42.00,"Female","K- Private Cars;V-Motor Cycle","U- Cyclist's Negligence",2.00