"ID","Accident ID","Region Number","Corridor ID","Location (Intersection/Road/Street)","Corridor","Location- longitude/ X","Location- latitude/  Y","Mile Marker","Village","Date of Accident","Time of Accident","Type of Accident","Class of Road User","Age/DOB","Gender","Class of Vehicles Involved","Contributing Factor","Number of Persons Involved"
11030,37991.00,"4- Demerara- Mahaica",,"Smyth St. & Brickdam",,"-58.1635","6.8083",,"Georgetown",12/7/2009 0:00:00,12/30/1899 15:00:00,"D- Property Damage","F- Driver",50.00,"Male","K- Private Cars;M- Hire Cars","S- Driver's Negligence",2.00
11031,37992.00,"4- Demerara- Mahaica",,"New Market St.",,"-58.1599","6.8173",,"Georgetown",12/8/2009 0:00:00,12/30/1899 14:00:00,"D- Property Damage","F- Driver",31.00,"Male","N- Pickup","S- Driver's Negligence",2.00
11032,37993.00,"4- Demerara- Mahaica",,"Lamaha",,"-58.1564","6.8181",,"Georgetown",12/9/2009 0:00:00,12/30/1899 7:00:00,"D- Property Damage","F- Driver",48.00,"Male","J- Minibus;K- Private Cars","P- Speeding",2.00
11033,37994.00,"4- Demerara- Mahaica",,"Camp St.",,"-58.1600","6.8137",,"Georgetown",12/9/2009 0:00:00,12/30/1899 11:30:00,"C- Minor Injury","F- Driver",,"Male","J- Minibus","O- Lost Control & Runoff",3.00
11034,37995.00,"4- Demerara- Mahaica",,"Camp Rd. & Woolford Ave.",,"-58.1581","6.8198",,"Georgetown",12/9/2009 0:00:00,12/30/1899 7:45:00,"D- Property Damage","F- Driver",38.00,"Male","K- Private Cars","R- Improper Overtaking",2.00
11035,37996.00,"4- Demerara- Mahaica",,"Ave. of the Republic & Regent St.",,"-58.1653","6.8115",,"Georgetown",12/10/2009 0:00:00,12/30/1899 8:00:00,"D- Property Damage","F- Driver",52.00,"Male","J- Minibus","S- Driver's Negligence",2.00
11036,37997.00,"4- Demerara- Mahaica",,"Croal St. & Austin Place",,"-58.1593","6.8079",,"Georgetown",12/11/2009 0:00:00,12/30/1899 14:30:00,"C- Minor Injury","G- Rider",47.00,"Male","K- Private Cars;V-Motor Cycle","U- Cyclist's Negligence",2.00
11037,37998.00,"4- Demerara- Mahaica",,"Regent St.",,"-58.1604","6.8102",,"Georgetown",12/11/2009 0:00:00,12/30/1899 15:30:00,"C- Minor Injury","E- Pedestrian",8.00,"Male","M- Hire Cars","T-Pedestrian's Negligence",2.00
11038,37999.00,"4- Demerara- Mahaica",,"Church St. & Camp St.",,"-58.1601","6.8122",,"Georgetown",12/9/2009 0:00:00,12/30/1899 2:30:00,"B- Serious Injury","G- Rider",40.00,"Male","V-Motor Cycle","U- Cyclist's Negligence",1.00
11039,38000.00,"4- Demerara- Mahaica",,"Lamaha & Camp St.",,"-58.1584","6.8186",,"Georgetown",12/10/2009 0:00:00,12/30/1899 10:00:00,"C- Minor Injury","F- Driver",36.00,"Male","J- Minibus","S- Driver's Negligence",2.00
11040,38001.00,"4- Demerara- Mahaica",,"Middle St.",,"-58.1596","6.8155",,"Georgetown",12/3/2009 0:00:00,12/30/1899 13:10:00,"D- Property Damage","F- Driver",33.00,"Male","J- Minibus;K- Private Cars","S- Driver's Negligence",2.00
11041,38002.00,"4- Demerara- Mahaica",,"Brickdam",,"-58.1552","6.8061",,"Georgetown",12/15/2009 0:00:00,12/30/1899 17:45:00,"C- Minor Injury","F- Driver",42.00,"Male","J- Minibus","S- Driver's Negligence",2.00
11042,38003.00,"4- Demerara- Mahaica",,"Norton St. & Louisa Row",,"-58.1577","6.8033",,"Georgetown",12/16/2009 0:00:00,12/30/1899 8:40:00,"C- Minor Injury","G- Rider",40.00,"Male","K- Private Cars;W-Pedal Cycle","U- Cyclist's Negligence",2.00
11043,38004.00,"4- Demerara- Mahaica",,"Ave. of the Republic",,"-58.1651","6.8117",,"Georgetown",12/16/2009 0:00:00,12/30/1899 14:15:00,"D- Property Damage","F- Driver",26.00,"Male","K- Private Cars;N- Pickup","S- Driver's Negligence",2.00
11044,38005.00,"4- Demerara- Mahaica",,"Ferry Stelling Rd.",,"-58.1682","6.8091",,"Georgetown",12/15/2009 0:00:00,12/30/1899 7:30:00,"C- Minor Injury","F- Driver",64.00,"Male","L- Lorries Van","S- Driver's Negligence",2.00
11045,38006.00,"4- Demerara- Mahaica",,"Church St. & Wellington St.",,"-58.1619","6.8127",,"Georgetown",12/18/2009 0:00:00,12/30/1899 15:00:00,"D- Property Damage","F- Driver",29.00,"Male","N- Pickup","S- Driver's Negligence",2.00
11046,38007.00,"4- Demerara- Mahaica",,"Brickdam & Chalmer's Place",,"-58.1583","6.8069",,"Georgetown",12/18/2009 0:00:00,12/30/1899 23:00:00,"D- Property Damage","F- Driver",31.00,"Male","K- Private Cars;N- Pickup","S- Driver's Negligence",2.00
11047,38008.00,"4- Demerara- Mahaica",,"Smyth St. & Hadfield St.",,"-58.1637","6.8075",,"Georgetown",12/19/2009 0:00:00,12/30/1899 2:00:00,"B- Serious Injury","G- Rider",37.00,"Female","M- Hire Cars;V-Motor Cycle","U- Cyclist's Negligence",2.00
11048,38009.00,"4- Demerara- Mahaica",,"Irving St.",,"-58.1455","6.8177",,"Georgetown",12/19/2009 0:00:00,12/30/1899 11:30:00,"D- Property Damage","F- Driver",27.00,"Male","K- Private Cars","S- Driver's Negligence",2.00
11049,38010.00,"4- Demerara- Mahaica",,"Durban St. & Hardina St.",,"-58.1554","6.8036",,"Georgetown",12/19/2009 0:00:00,12/30/1899 17:00:00,"D- Property Damage","F- Driver",59.00,"Male","K- Private Cars;V-Motor Cycle","P- Speeding",3.00
11050,38011.00,"4- Demerara- Mahaica",,"High St. & Princess St.",,"-58.1671","6.8048",,"Georgetown",12/19/2009 0:00:00,12/30/1899 16:20:00,"D- Property Damage","F- Driver",42.00,"Male","K- Private Cars;N- Pickup","S- Driver's Negligence",2.00
11051,38012.00,"4- Demerara- Mahaica",,"Durban St. & Haley St.",,"-58.1522","6.8027",,"Georgetown",12/20/2009 0:00:00,12/30/1899 13:00:00,"B- Serious Injury","G- Rider",17.00,"Male","L- Lorries Van;W-Pedal Cycle","U- Cyclist's Negligence",2.00
11052,38013.00,"4- Demerara- Mahaica",,"North Rd. & Camp St.",,"-58.1604","6.8118",,"Georgetown",12/20/2009 0:00:00,12/30/1899 12:00:00,"D- Property Damage","F- Driver",40.00,"Male","J- Minibus;K- Private Cars","S- Driver's Negligence",2.00
11053,38014.00,"4- Demerara- Mahaica",,"High St.",,"-58.1669","6.8063",,"Georgetown",12/17/2009 0:00:00,,"D- Property Damage","F- Driver",29.00,"Male","J- Minibus;M- Hire Cars","S- Driver's Negligence",2.00
11054,38015.00,"4- Demerara- Mahaica",,"Lime St. & Bent St.",,"-58.1586","6.8053",,"Georgetown",12/21/2009 0:00:00,12/30/1899 14:45:00,"C- Minor Injury","F- Driver",36.00,"Male","J- Minibus;K- Private Cars","S- Driver's Negligence",2.00
11055,38016.00,"4- Demerara- Mahaica",,"Church St. & Cummings St.",,"-58.1561","6.8111",,"Georgetown",12/21/2009 0:00:00,12/30/1899 9:30:00,"D- Property Damage","F- Driver",35.00,"Female","K- Private Cars;M- Hire Cars","S- Driver's Negligence",2.00
11056,38017.00,"4- Demerara- Mahaica",,"Robb St. & Ave. of the Republic",,"-58.1650","6.8123",,"Georgetown",12/21/2009 0:00:00,12/30/1899 16:20:00,"D- Property Damage","F- Driver",23.00,"Male","K- Private Cars;M- Hire Cars;N- Pickup","S- Driver's Negligence",4.00
11057,38018.00,"4- Demerara- Mahaica",,"Lime St. & Bent St.",,"-58.1586","6.8053",,"Georgetown",12/26/2009 0:00:00,12/30/1899 16:30:00,"D- Property Damage","F- Driver",58.00,"Male","K- Private Cars","S- Driver's Negligence",2.00
11058,38019.00,"4- Demerara- Mahaica",,"Albert & South Road",,"-58.1542","6.8068",,,3/1/2010 0:00:00,12/30/1899 20:30:00,"C- Minor Injury","G- Rider",38.00,"Male","N- Pickup;V-Motor Cycle","S- Driver's Negligence",3.00
11059,38020.00,"4- Demerara- Mahaica",,"Norton Street",,"-58.1519","6.8017",,,3/1/2010 0:00:00,12/30/1899 18:30:00,"D- Property Damage","F- Driver",51.00,"Male","M- Hire Cars;N- Pickup","S- Driver's Negligence",2.00
11060,38021.00,"4- Demerara- Mahaica",,"Brickdam",,"-58.1552","6.8061",,,3/2/2010 0:00:00,12/30/1899 12:45:00,"D- Property Damage","F- Driver",49.00,"Male","J- Minibus;K- Private Cars;M- Hire Cars","S- Driver's Negligence",4.00
11061,38022.00,"4- Demerara- Mahaica",,"Camp & Middle Street",,"-58.1599","6.8138",,,3/2/2010 0:00:00,12/30/1899 20:45:00,"D- Property Damage","F- Driver",38.00,"Male","J- Minibus;M- Hire Cars","S- Driver's Negligence",2.00
11062,38023.00,"4- Demerara- Mahaica",,"Robb & Avenue of Republic",,"-58.1650","6.8123",,,3/4/2010 0:00:00,12/30/1899 10:00:00,"B- Serious Injury","F- Driver",28.00,"Male","J- Minibus;M- Hire Cars","S- Driver's Negligence",2.00
11063,38024.00,"4- Demerara- Mahaica",,"Carifesta Avenue",,"-58.1483","6.8240",,,3/3/2010 0:00:00,12/30/1899 15:30:00,"D- Property Damage","F- Driver",40.00,"Male","J- Minibus","S- Driver's Negligence",2.00
11064,38025.00,"4- Demerara- Mahaica",,"Lamaha & New Garden St.",,"-58.1487","6.8159",,,3/5/2010 0:00:00,12/30/1899 11:20:00,"D- Property Damage","F- Driver",30.00,"Male","L- Lorries Van;N- Pickup","S- Driver's Negligence",2.00
11065,38026.00,"4- Demerara- Mahaica",,"Camp & Middle",,"-58.1599","6.8138",,,3/5/2010 0:00:00,12/30/1899 22:45:00,"D- Property Damage","F- Driver",18.00,"Male","N- Pickup","S- Driver's Negligence",2.00
11066,38027.00,"4- Demerara- Mahaica",,"Avenue of the Republic",,"-58.1651","6.8117",,,3/6/2010 0:00:00,12/30/1899 12:15:00,"D- Property Damage","F- Driver",28.00,"Male","K- Private Cars;L- Lorries Van","S- Driver's Negligence",2.00
11067,38028.00,"4- Demerara- Mahaica",,"Camp & New Market",,"-58.1591","6.8170",,,3/8/2010 0:00:00,12/30/1899 17:00:00,"D- Property Damage","F- Driver",40.00,"Male","K- Private Cars;M- Hire Cars;N- Pickup","S- Driver's Negligence",3.00
11068,38029.00,"4- Demerara- Mahaica",,"Croal Street",,"-58.1581","6.8076",,,3/10/2010 0:00:00,12/30/1899 8:30:00,"D- Property Damage","F- Driver",53.00,"Male","J- Minibus","S- Driver's Negligence",2.00
11069,38030.00,"4- Demerara- Mahaica",,"Brickdam",,"-58.1552","6.8061",,,3/10/2010 0:00:00,12/30/1899 16:30:00,"C- Minor Injury","F- Driver",22.00,"Male","K- Private Cars;W-Pedal Cycle","S- Driver's Negligence",2.00
11070,38031.00,"4- Demerara- Mahaica",,"Regent Street",,"-58.1604","6.8102",,,3/11/2010 0:00:00,12/30/1899 15:20:00,"D- Property Damage","F- Driver",42.00,"Male","K- Private Cars;V-Motor Cycle","S- Driver's Negligence",2.00
11071,38032.00,"4- Demerara- Mahaica",,"Church & Main Street",,"-58.1653","6.8137",,,3/11/2010 0:00:00,12/30/1899 10:20:00,"B- Serious Injury","F- Driver",21.00,"Male","K- Private Cars","T-Pedestrian's Negligence",2.00
11072,38033.00,"4- Demerara- Mahaica",,"Lime & Bent Street",,"-58.1586","6.8053",,,3/11/2010 0:00:00,12/30/1899 12:45:00,"D- Property Damage","F- Driver",50.00,"Male","K- Private Cars;N- Pickup","S- Driver's Negligence",3.00
11073,38034.00,"4- Demerara- Mahaica",,"Church & Camp Street",,"-58.1601","6.8122",,,3/12/2010 0:00:00,12/30/1899 10:15:00,"C- Minor Injury","F- Driver",63.00,"Male","J- Minibus;K- Private Cars","S- Driver's Negligence",2.00
11074,38035.00,"4- Demerara- Mahaica",,"High & Youngh Street",,"-58.1622","6.8241",,,3/11/2010 0:00:00,12/30/1899 17:10:00,"C- Minor Injury","F- Driver",31.00,"Male","J- Minibus;K- Private Cars","S- Driver's Negligence",2.00
11075,38036.00,"4- Demerara- Mahaica",,"Durban & Smyth",,"-58.1641","6.8059",,,3/11/2010 0:00:00,12/30/1899 22:30:00,"D- Property Damage","G- Rider",65.00,"Male","J- Minibus;V-Motor Cycle","S- Driver's Negligence",2.00
11076,38037.00,"4- Demerara- Mahaica",,"North Road",,"-58.1575","6.8110",,,3/12/2010 0:00:00,,"D- Property Damage","F- Driver",52.00,"Male","J- Minibus;K- Private Cars","S- Driver's Negligence",2.00
11077,38038.00,"4- Demerara- Mahaica",,"Princess Street",,"-58.1662","6.8045",,,3/14/2010 0:00:00,12/30/1899 0:00:00,"D- Property Damage","F- Driver",41.00,"Male","K- Private Cars;M- Hire Cars","S- Driver's Negligence",2.00
11078,38039.00,"4- Demerara- Mahaica",,"South Mini Bus Park",,"-58.1672","6.8101",,,3/16/2010 0:00:00,12/30/1899 10:30:00,"C- Minor Injury","F- Driver",42.00,"Male","J- Minibus","S- Driver's Negligence",2.00
11079,38040.00,"4- Demerara- Mahaica",,"Thomas & Quamina",,"-58.1583","6.8134",,,3/12/2010 0:00:00,12/30/1899 12:55:00,"C- Minor Injury","G- Rider",33.00,"Male","M- Hire Cars;V-Motor Cycle","S- Driver's Negligence",2.00
11080,38041.00,"4- Demerara- Mahaica",,"Robb Street",,"-58.1598","6.8108",,,3/6/2010 0:00:00,12/30/1899 4:30:00,"D- Property Damage","F- Driver",40.00,"Male","M- Hire Cars","Y-Animal",1.00
11081,38042.00,"4- Demerara- Mahaica",,"King & Charlotte Street",,"-58.1643","6.8103",,,3/16/2010 0:00:00,12/30/1899 17:45:00,"C- Minor Injury","F- Driver",31.00,"Female","M- Hire Cars","S- Driver's Negligence",2.00
11082,38043.00,"4- Demerara- Mahaica",,"Cummings Street",,"-58.1553","6.8140",,,3/17/2010 0:00:00,12/30/1899 9:40:00,"D- Property Damage","F- Driver",31.00,"Male","K- Private Cars;N- Pickup","S- Driver's Negligence",2.00
11083,38044.00,"4- Demerara- Mahaica",,"Carmichael Street",,"-58.1629","6.8159",,,3/15/2010 0:00:00,12/30/1899 17:00:00,"C- Minor Injury","G- Rider",21.00,"Male","J- Minibus;V-Motor Cycle","S- Driver's Negligence",2.00
11084,38045.00,"4- Demerara- Mahaica",,"Vlissengen Road & Regent Street",,"-58.1488","6.8070",,,3/18/2010 0:00:00,12/30/1899 7:20:00,"B- Serious Injury","F- Driver",23.00,"Male","N- Pickup;W-Pedal Cycle","U- Cyclist's Negligence",2.00
11085,38046.00,"4- Demerara- Mahaica",,"King Street",,"-58.1641","6.8109",,,3/18/2010 0:00:00,12/30/1899 15:45:00,"C- Minor Injury","F- Driver",22.00,"Male","V-Motor Cycle","U- Cyclist's Negligence",2.00
11086,38047.00,"4- Demerara- Mahaica",,"Carifesta Avenue",,"-58.1483","6.8240",,,3/20/2010 0:00:00,12/30/1899 16:20:00,"B- Serious Injury","F- Driver",38.00,"Male","J- Minibus;K- Private Cars","S- Driver's Negligence",2.00
11087,38048.00,"4- Demerara- Mahaica",,"Wellington & North Road",,"-58.1621","6.8122",,,3/20/2010 0:00:00,,"D- Property Damage","F- Driver",36.00,"Female","K- Private Cars","S- Driver's Negligence",2.00
11088,38049.00,"4- Demerara- Mahaica",,"Croal Street",,"-58.1581","6.8076",,,3/18/2010 0:00:00,12/30/1899 15:55:00,"C- Minor Injury","F- Driver",30.00,"Male","J- Minibus","S- Driver's Negligence",2.00
11089,38050.00,"4- Demerara- Mahaica",,"Carmichael & Middle",,"-58.1626","6.8163",,,3/22/2010 0:00:00,12/30/1899 14:10:00,"D- Property Damage","F- Driver",34.00,"Male","J- Minibus;M- Hire Cars","S- Driver's Negligence",2.00
11090,38051.00,"4- Demerara- Mahaica",,"Norton & Louisa Row",,"-58.1577","6.8033",,,3/22/2010 0:00:00,12/30/1899 8:15:00,"D- Property Damage","F- Driver",42.00,"Male","J- Minibus;K- Private Cars","S- Driver's Negligence",2.00
11091,38052.00,"4- Demerara- Mahaica",,"Camp Street",,"-58.1600","6.8137",,,3/18/2010 0:00:00,12/30/1899 11:50:00,"D- Property Damage","F- Driver",38.00,"Male","J- Minibus;L- Lorries Van","S- Driver's Negligence",2.00
11092,38053.00,"4- Demerara- Mahaica",,"Hadfield Street",,"-58.1650","6.8079",,,3/23/2010 0:00:00,12/30/1899 8:40:00,"C- Minor Injury","F- Driver",20.00,"Male","K- Private Cars;L- Lorries Van","P- Speeding",2.00
11093,38054.00,"4- Demerara- Mahaica",,"John Fernandes Access road",,"-58.1597","6.7911",,,3/24/2010 0:00:00,12/30/1899 11:23:00,"D- Property Damage","F- Driver",52.00,"Male","K- Private Cars;L- Lorries Van","S- Driver's Negligence",2.00
11094,38055.00,"4- Demerara- Mahaica",,"Wellington & North Road",,"-58.1621","6.8122",,,3/26/2010 0:00:00,12/30/1899 12:58:00,"C- Minor Injury","F- Driver",22.00,"Male","K- Private Cars","S- Driver's Negligence",2.00
11095,38056.00,"4- Demerara- Mahaica",,"Quamina & Waterloo",,"-58.1614","6.8142",,,3/27/2010 0:00:00,12/30/1899 13:45:00,"D- Property Damage","F- Driver",33.00,"Male","K- Private Cars;M- Hire Cars","S- Driver's Negligence",2.00
11096,38057.00,"4- Demerara- Mahaica",,"Carmichael & Middle",,"-58.1626","6.8163",,,3/28/2010 0:00:00,12/30/1899 10:30:00,"D- Property Damage","F- Driver",,,,"Y-Animal",1.00
11097,38058.00,"4- Demerara- Mahaica",,"New Garden Street",,"-58.1491","6.8145",,,3/28/2010 0:00:00,12/30/1899 18:05:00,"D- Property Damage","F- Driver",37.00,"Male","L- Lorries Van;M- Hire Cars","S- Driver's Negligence",2.00
11098,38059.00,"4- Demerara- Mahaica",,"Cornhill Street",,"-58.1574","6.8046",,,3/31/2010 0:00:00,12/30/1899 9:45:00,"C- Minor Injury","F- Driver",27.00,"Male","M- Hire Cars","S- Driver's Negligence",2.00
11099,38060.00,"4- Demerara- Mahaica",,"Avenue of Republic",,"-58.1651","6.8117",,,3/31/2010 0:00:00,12/30/1899 13:00:00,"D- Property Damage","F- Driver",25.00,"Male","K- Private Cars;L- Lorries Van","S- Driver's Negligence",2.00
11100,38061.00,"4- Demerara- Mahaica",,"46 Mini Bus Park",,"-58.1672","6.8100",,,3/31/2010 0:00:00,12/30/1899 12:30:00,"D- Property Damage","F- Driver",36.00,"Male","J- Minibus","S- Driver's Negligence",2.00
11101,38062.00,"4- Demerara- Mahaica",,"Camp & Middle",,"-58.1599","6.8138",,,3/31/2010 0:00:00,12/30/1899 22:30:00,"C- Minor Injury","F- Driver",22.00,"Male","K- Private Cars","S- Driver's Negligence",2.00
11102,38063.00,"4- Demerara- Mahaica",,"Avenue of Republic",,"-58.1651","6.8117",,,4/1/2010 0:00:00,12/30/1899 4:40:00,"C- Minor Injury","G- Rider",68.00,"Male","K- Private Cars;V-Motor Cycle","S- Driver's Negligence",2.00
11103,38064.00,"4- Demerara- Mahaica",,"Carmichael & Middle St.",,"-58.1626","6.8163",,,4/2/2010 0:00:00,12/30/1899 1:00:00,"B- Serious Injury","F- Driver",57.00,"Male","K- Private Cars;N- Pickup","S- Driver's Negligence",2.00
11104,38065.00,"4- Demerara- Mahaica",,"Carmichael & Quamina",,"-58.1630","6.8147",,,4/2/2010 0:00:00,12/30/1899 9:15:00,"D- Property Damage","F- Driver",38.00,"Male","K- Private Cars;M- Hire Cars","S- Driver's Negligence",2.00
11105,38066.00,"4- Demerara- Mahaica",,"Regent Street",,"-58.1604","6.8102",,,4/3/2010 0:00:00,12/30/1899 13:40:00,"D- Property Damage","F- Driver",58.00,"Male","J- Minibus;K- Private Cars","S- Driver's Negligence",2.00
11106,38067.00,"4- Demerara- Mahaica",,"Croal & Light",,"-58.1658","6.8097",,,4/3/2010 0:00:00,12/30/1899 9:20:00,"A- Fatal","F- Driver",33.00,"Male","J- Minibus","P- Speeding",2.00
11107,38068.00,"4- Demerara- Mahaica",,"Albert & North Road",,"-58.1534","6.8099",,,4/3/2010 0:00:00,12/30/1899 16:30:00,"B- Serious Injury","F- Driver",50.00,"Male","K- Private Cars;V-Motor Cycle","U- Cyclist's Negligence",2.00
11108,38069.00,"4- Demerara- Mahaica",,"Norton Street",,"-58.1519","6.8017",,,4/3/2010 0:00:00,12/30/1899 19:30:00,"B- Serious Injury","F- Driver",37.00,"Male","J- Minibus;V-Motor Cycle","U- Cyclist's Negligence",2.00
11109,38070.00,"4- Demerara- Mahaica",,"Thomas Lands",,"-58.1505","6.8202",,,4/3/2010 0:00:00,12/30/1899 13:00:00,"B- Serious Injury","F- Driver",54.00,"Male","K- Private Cars","S- Driver's Negligence",3.00
11110,38071.00,"4- Demerara- Mahaica",,"New Garden Street",,"-58.1491","6.8145",,,3/31/2010 0:00:00,12/30/1899 11:20:00,"D- Property Damage","F- Driver",71.00,"Male","K- Private Cars;M- Hire Cars","S- Driver's Negligence",2.00
11111,38072.00,"4- Demerara- Mahaica",,"Carifesta Avenue",,"-58.1483","6.8240",,,4/3/2010 0:00:00,12/30/1899 1:15:00,"D- Property Damage","F- Driver",30.00,"Male","K- Private Cars","S- Driver's Negligence",2.00
11112,38073.00,"4- Demerara- Mahaica",,"North Road & Shiv Chanderpaul Drive",,"-58.1505","6.8091",,,4/6/2010 0:00:00,12/30/1899 8:30:00,"D- Property Damage","F- Driver",33.00,"Male","K- Private Cars","S- Driver's Negligence",2.00
11113,38074.00,"4- Demerara- Mahaica",,"Lamaha & New Garden St.",,"-58.1487","6.8159",,,4/6/2010 0:00:00,12/30/1899 12:30:00,"D- Property Damage","F- Driver",28.00,"Female","K- Private Cars","S- Driver's Negligence",2.00
11114,38075.00,"4- Demerara- Mahaica",,"Main Street",,"-58.1276","6.8221",,,4/7/2010 0:00:00,12/30/1899 8:30:00,"C- Minor Injury","F- Driver",22.00,"Male","M- Hire Cars","S- Driver's Negligence",2.00
11115,38076.00,"4- Demerara- Mahaica",,"South Road & Camp Street",,"-58.1570","6.8076",,,4/6/2010 0:00:00,12/30/1899 21:40:00,"C- Minor Injury","F- Driver",28.00,"Male","K- Private Cars;M- Hire Cars","S- Driver's Negligence",3.00
11116,38077.00,"4- Demerara- Mahaica",,"High & Hadfield Street",,"-58.1662","6.8081",,,4/6/2010 0:00:00,12/30/1899 10:40:00,"D- Property Damage","F- Driver",38.00,"Male","K- Private Cars;L- Lorries Van","S- Driver's Negligence",2.00
11117,38078.00,"4- Demerara- Mahaica",,"Smythe & Leopold",,"-58.1640","6.8064",,,4/8/2010 0:00:00,12/30/1899 17:30:00,"C- Minor Injury","F- Driver",44.00,"Male","K- Private Cars;V-Motor Cycle","S- Driver's Negligence",2.00
11118,38079.00,"4- Demerara- Mahaica",,"Regent Street",,"-58.1604","6.8102",,,4/8/2010 0:00:00,,"D- Property Damage","F- Driver",45.00,"Male","J- Minibus","S- Driver's Negligence",2.00
11119,38080.00,"4- Demerara- Mahaica",,"Regent & Vlissengen",,"-58.1489","6.8070",,,4/10/2010 0:00:00,,"D- Property Damage","F- Driver",,"Male","J- Minibus;K- Private Cars","S- Driver's Negligence",2.00
11120,38081.00,"4- Demerara- Mahaica",,"Hadfield Street",,"-58.1650","6.8079",,,4/10/2010 0:00:00,12/30/1899 11:00:00,"D- Property Damage","F- Driver",45.00,"Male","K- Private Cars;N- Pickup","S- Driver's Negligence",2.00
11121,38082.00,"4- Demerara- Mahaica",,"Smyth Street",,"-58.1643","6.8048",,,4/8/2010 0:00:00,12/30/1899 14:20:00,"D- Property Damage","F- Driver",57.00,"Male","K- Private Cars","S- Driver's Negligence",2.00
11122,38083.00,"4- Demerara- Mahaica",,"Norton Street",,"-58.1519","6.8017",,,4/9/2010 0:00:00,12/30/1899 10:35:00,"D- Property Damage","F- Driver",34.00,"Female","N- Pickup","S- Driver's Negligence",2.00
11123,38084.00,"4- Demerara- Mahaica",,"Avenue of Republic & Regent",,"-58.1653","6.8115",,,4/11/2010 0:00:00,12/30/1899 18:30:00,"D- Property Damage","F- Driver",60.00,"Male","J- Minibus;M- Hire Cars","S- Driver's Negligence",2.00
11124,38085.00,"4- Demerara- Mahaica",,"Durban & Henry St.",,"-58.1500","6.8022",,,4/11/2010 0:00:00,12/30/1899 20:30:00,"B- Serious Injury","G- Rider",45.00,"Male","K- Private Cars;V-Motor Cycle","S- Driver's Negligence",2.00
11125,38086.00,"4- Demerara- Mahaica",,"George Street",,"-58.1628","6.8054",,,4/12/2010 0:00:00,12/30/1899 21:00:00,"D- Property Damage","F- Driver",,"Male","K- Private Cars;N- Pickup","S- Driver's Negligence",2.00
11126,38087.00,"4- Demerara- Mahaica",,"South Road & King Street",,"-58.1645","6.8096",,,4/13/2010 0:00:00,12/30/1899 1:00:00,"D- Property Damage","F- Driver",28.00,"Male","K- Private Cars","Q- Alcohol",2.00
11127,38088.00,"4- Demerara- Mahaica",,"Brickdam & Chalmers Place",,"-58.1583","6.8069",,,4/7/2010 0:00:00,12/30/1899 20:45:00,"C- Minor Injury","F- Driver",48.00,"Male","K- Private Cars;W-Pedal Cycle","S- Driver's Negligence",2.00
11128,38089.00,"4- Demerara- Mahaica",,"Albert & Crown Street",,"-58.1523","6.8139",,,4/13/2010 0:00:00,12/30/1899 12:20:00,"D- Property Damage","F- Driver",25.00,"Male","K- Private Cars;N- Pickup","S- Driver's Negligence",2.00
11129,38090.00,"4- Demerara- Mahaica",,"Regent & Wellington Street",,"-58.1624","6.8107",,,4/13/2010 0:00:00,12/30/1899 12:30:00,"D- Property Damage","F- Driver",32.00,"Male","J- Minibus;N- Pickup","S- Driver's Negligence",2.00
11130,38091.00,"4- Demerara- Mahaica",,"Durban & John",,"-58.1402","6.7996",,,4/8/2010 0:00:00,12/30/1899 1:30:00,"D- Property Damage","F- Driver",35.00,"Male","K- Private Cars","S- Driver's Negligence",2.00
11131,38092.00,"4- Demerara- Mahaica",,"Brickdam Public road",,"-58.1589","6.8070",,,4/14/2010 0:00:00,12/30/1899 16:45:00,"C- Minor Injury","F- Driver",27.00,"Male","J- Minibus","T-Pedestrian's Negligence",2.00
11132,38093.00,"4- Demerara- Mahaica",,"Camp & Young Street",,"-58.1573","6.8226",,,4/14/2010 0:00:00,12/30/1899 7:10:00,"C- Minor Injury","F- Driver",46.00,"Male","N- Pickup","S- Driver's Negligence",2.00
11133,38094.00,"4- Demerara- Mahaica",,"North Road",,"-58.1575","6.8110",,,4/14/2010 0:00:00,12/30/1899 13:50:00,"D- Property Damage","F- Driver",24.00,"Male","J- Minibus;K- Private Cars","S- Driver's Negligence",2.00
11134,38095.00,"4- Demerara- Mahaica",,"Shiv Chanderpaul Drive & North Road",,"-58.1505","6.8091",,,4/15/2010 0:00:00,12/30/1899 11:45:00,"C- Minor Injury","F- Driver",26.00,"Male","K- Private Cars","S- Driver's Negligence",2.00
11135,38096.00,"4- Demerara- Mahaica",,"Church Street",,"-58.1574","6.8114",,,4/14/2010 0:00:00,12/30/1899 17:00:00,"D- Property Damage","F- Driver",,,"J- Minibus;K- Private Cars","S- Driver's Negligence",2.00
11136,38097.00,"4- Demerara- Mahaica",,"Carifesta Avenue",,"-58.1483","6.8240",,,4/14/2010 0:00:00,12/30/1899 16:35:00,"D- Property Damage","F- Driver",27.00,"Male","J- Minibus;N- Pickup","S- Driver's Negligence",2.00
11137,38098.00,"4- Demerara- Mahaica",,"Camp & New Market Street",,"-58.1591","6.8170",,,4/20/2010 0:00:00,,"D- Property Damage","F- Driver",36.00,"Male","L- Lorries Van;V-Motor Cycle","S- Driver's Negligence",2.00
11138,38099.00,"4- Demerara- Mahaica",,"Camp & Quamina Street",,"-58.1599","6.8138",,,4/20/2010 0:00:00,12/30/1899 12:45:00,"B- Serious Injury","F- Driver",95.00,"Male","J- Minibus;K- Private Cars","S- Driver's Negligence",2.00
11139,38100.00,"4- Demerara- Mahaica",,"Church & Orange Walk",,"-58.1570","6.8114",,,4/20/2010 0:00:00,12/30/1899 13:00:00,"C- Minor Injury","F- Driver",63.00,"Male","V-Motor Cycle;X-Tractor","R- Improper Overtaking",2.00