"ID","Accident ID","Region Number","Corridor ID","Location (Intersection/Road/Street)","Corridor","Location- longitude/ X","Location- latitude/  Y","Mile Marker","Village","Date of Accident","Time of Accident","Type of Accident","Class of Road User","Age/DOB","Gender","Class of Vehicles Involved","Contributing Factor","Number of Persons Involved"
11140,38101.00,"4- Demerara- Mahaica",,"Camp & Lamaha",,"-58.1584","6.8186",,,4/21/2010 0:00:00,12/30/1899 18:15:00,"D- Property Damage","F- Driver",45.00,"Male","J- Minibus;K- Private Cars","S- Driver's Negligence",3.00
11141,38102.00,"4- Demerara- Mahaica",,"Robb & Albert",,"-58.1535","6.8092",,,4/20/2010 0:00:00,12/30/1899 14:15:00,"D- Property Damage","F- Driver",40.00,"Male","K- Private Cars;W-Pedal Cycle","T-Pedestrian's Negligence",2.00
11142,38103.00,"4- Demerara- Mahaica",,"Middle & East Street",,"-58.1560","6.8145",,,4/23/2010 0:00:00,12/30/1899 7:30:00,"D- Property Damage","F- Driver",24.00,"Male","K- Private Cars;L- Lorries Van","S- Driver's Negligence",3.00
11143,38104.00,"4- Demerara- Mahaica",,"Camp & Croal Street",,"-58.1613","6.8084",,,4/24/2010 0:00:00,12/30/1899 8:05:00,"D- Property Damage","F- Driver",28.00,"Female","J- Minibus;K- Private Cars","S- Driver's Negligence",2.00
11144,38105.00,"4- Demerara- Mahaica",,"Albert & Crown Street",,"-58.1523","6.8139",,,4/24/2010 0:00:00,12/30/1899 16:00:00,"B- Serious Injury","F- Driver",27.00,"Male","J- Minibus;K- Private Cars","S- Driver's Negligence",3.00
11145,38106.00,"4- Demerara- Mahaica",,"Regent & Albert",,"-58.1538","6.8084",,,4/24/2010 0:00:00,12/30/1899 19:35:00,"C- Minor Injury","F- Driver",37.00,"Male","K- Private Cars;V-Motor Cycle","S- Driver's Negligence",2.00
11146,38107.00,"4- Demerara- Mahaica",,"Avenue of Republic & Croal Street",,"-58.1658","6.8097",,,4/25/2010 0:00:00,12/30/1899 1:15:00,"C- Minor Injury","F- Driver",48.00,"Male","K- Private Cars;V-Motor Cycle","S- Driver's Negligence;U- Cyclist's Negligence",2.00
11147,38108.00,"4- Demerara- Mahaica",,"East & Church Street",,"-58.1569","6.8113",,,4/26/2010 0:00:00,12/30/1899 13:30:00,"D- Property Damage","F- Driver",31.00,"Male","K- Private Cars;L- Lorries Van","S- Driver's Negligence",2.00
11148,38109.00,"4- Demerara- Mahaica",,"Parade & Cowan",,"-58.1606","6.8198",,,4/26/2010 0:00:00,12/30/1899 17:20:00,"D- Property Damage","F- Driver",63.00,"Male","M- Hire Cars;N- Pickup","S- Driver's Negligence",2.00
11149,38110.00,"4- Demerara- Mahaica",,"Cummings & Middle St.",,"-58.1552","6.8143",,,4/27/2010 0:00:00,12/30/1899 8:45:00,"D- Property Damage","F- Driver",36.00,"Male","K- Private Cars","S- Driver's Negligence",2.00
11150,38111.00,"4- Demerara- Mahaica",,"Albert & Fourth Street",,"-58.1525","6.8128",,,4/27/2010 0:00:00,12/30/1899 20:10:00,"D- Property Damage","F- Driver",27.00,"Male","K- Private Cars;N- Pickup","S- Driver's Negligence",2.00
11151,38112.00,"4- Demerara- Mahaica",,"Croal Street",,"-58.1581","6.8076",,,4/27/2010 0:00:00,12/30/1899 16:45:00,"B- Serious Injury","F- Driver",41.00,"Male","J- Minibus","S- Driver's Negligence",2.00
11152,38113.00,"4- Demerara- Mahaica",,"Lamaha & Camp Street",,"-58.1584","6.8186",,,4/28/2010 0:00:00,12/30/1899 7:30:00,"C- Minor Injury","F- Driver",38.00,"Male","K- Private Cars;W-Pedal Cycle","S- Driver's Negligence",3.00
11153,38114.00,"4- Demerara- Mahaica",,"Russell & Princess",,"-58.1624","6.8035",,,4/28/2010 0:00:00,12/30/1899 20:45:00,"B- Serious Injury","F- Driver",25.00,"Male","K- Private Cars;V-Motor Cycle","S- Driver's Negligence",2.00
11154,38115.00,"4- Demerara- Mahaica",,"Norton Street",,"-58.1519","6.8017",,,4/28/2010 0:00:00,12/30/1899 21:00:00,"B- Serious Injury","F- Driver",52.00,"Male","V-Motor Cycle","R- Improper Overtaking",2.00
11155,38116.00,"4- Demerara- Mahaica",,"Woolford Ave.",,"-58.1525","6.8182",,,4/28/2010 0:00:00,12/30/1899 12:00:00,"C- Minor Injury","G- Rider",,"Male","V-Motor Cycle","U- Cyclist's Negligence",2.00
11156,38117.00,"4- Demerara- Mahaica",,"Camp & Regent Street",,"-58.1608","6.8103",,,4/28/2010 0:00:00,12/30/1899 15:55:00,"D- Property Damage","F- Driver",28.00,"Male","K- Private Cars","S- Driver's Negligence",2.00
11157,38118.00,"4- Demerara- Mahaica",,"South Road & Camp Street",,"-58.1570","6.8076",,,4/28/2010 0:00:00,12/30/1899 16:00:00,"C- Minor Injury","F- Driver",28.00,"Male","N- Pickup;V-Motor Cycle","S- Driver's Negligence",2.00
11158,38119.00,"4- Demerara- Mahaica",,"Norton & Cemetry Road",,"-58.1477","6.8088",,,5/1/2010 0:00:00,12/30/1899 22:30:00,"B- Serious Injury","F- Driver",49.00,"Male","J- Minibus;N- Pickup","S- Driver's Negligence",2.00
11159,38120.00,"4- Demerara- Mahaica",,"Lombard Street",,"-58.1675","6.8070",,,5/20/2010 0:00:00,12/30/1899 8:00:00,"D- Property Damage","F- Driver",29.00,"Female","J- Minibus;K- Private Cars","S- Driver's Negligence",2.00
11160,38121.00,"4- Demerara- Mahaica",,"Robb Street",,"-58.1598","6.8108",,,1/20/2010 0:00:00,12/30/1899 11:00:00,"D- Property Damage","F- Driver",44.00,"Male","K- Private Cars;V-Motor Cycle","S- Driver's Negligence;U- Cyclist's Negligence",2.00
11161,38122.00,"4- Demerara- Mahaica",,"Quamina & Main Street",,"-58.1647","6.8151",,,5/4/2010 0:00:00,12/30/1899 12:00:00,"D- Property Damage","F- Driver",46.00,"Male","K- Private Cars","U- Cyclist's Negligence",2.00
11162,38123.00,"4- Demerara- Mahaica",,"Avenue of Republic",,"-58.1651","6.8117",,,5/4/2010 0:00:00,12/30/1899 9:15:00,"C- Minor Injury","F- Driver",40.00,"Male","J- Minibus;L- Lorries Van","S- Driver's Negligence",2.00
11163,38124.00,"4- Demerara- Mahaica",,"Camp & Robb Street",,"-58.1606","6.8111",,,5/5/2010 0:00:00,12/30/1899 4:50:00,"D- Property Damage","F- Driver",23.00,"Male","K- Private Cars","S- Driver's Negligence",2.00
11164,38125.00,"4- Demerara- Mahaica",,"Durban & George Street",,"-58.1628","6.8055",,,5/6/2010 0:00:00,12/30/1899 7:05:00,"D- Property Damage","F- Driver",28.00,"Male","J- Minibus;K- Private Cars","S- Driver's Negligence",2.00
11165,38126.00,"4- Demerara- Mahaica",,"Camp & Lamaha",,"-58.1584","6.8186",,,5/6/2010 0:00:00,12/30/1899 8:35:00,"D- Property Damage","F- Driver",25.00,"Female","K- Private Cars;M- Hire Cars","S- Driver's Negligence",2.00
11166,38127.00,"4- Demerara- Mahaica",,"Croal & Manget Place",,"-58.1644","6.8093",,,5/6/2010 0:00:00,12/30/1899 10:15:00,"D- Property Damage","F- Driver",,"Male","J- Minibus;L- Lorries Van","S- Driver's Negligence",2.00
11167,38128.00,"4- Demerara- Mahaica",,"Durban & John Street",,"-58.1402","6.7996",,,5/7/2010 0:00:00,12/30/1899 1:10:00,"D- Property Damage","F- Driver",63.00,"Male","K- Private Cars","S- Driver's Negligence",2.00
11168,38129.00,"4- Demerara- Mahaica",,"Lombard & Hadfield Street",,"-58.1673","6.8084",,,5/7/2010 0:00:00,12/30/1899 9:05:00,"D- Property Damage","F- Driver",32.00,"Male","K- Private Cars;L- Lorries Van","S- Driver's Negligence",2.00
11169,38130.00,"4- Demerara- Mahaica",,"George & Durban Street",,"-58.1628","6.8055",,,5/7/2010 0:00:00,12/30/1899 8:20:00,"D- Property Damage","F- Driver",31.00,"Female","K- Private Cars;V-Motor Cycle","U- Cyclist's Negligence",2.00
11170,38131.00,"4- Demerara- Mahaica",,"Church & Light Street",,"-58.1547","6.8107",,,5/8/2010 0:00:00,12/30/1899 12:50:00,"D- Property Damage","F- Driver",24.00,"Male","K- Private Cars;N- Pickup","S- Driver's Negligence",2.00
11171,38132.00,"4- Demerara- Mahaica",,"Hadfield Street",,"-58.1650","6.8079",,,5/6/2010 0:00:00,12/30/1899 10:20:00,"B- Serious Injury","F- Driver",33.00,"Male","J- Minibus","S- Driver's Negligence",2.00
11172,38133.00,"4- Demerara- Mahaica",,"Avenue of Republic",,"-58.1651","6.8117",,,8/16/2010 0:00:00,12/30/1899 3:40:00,"D- Property Damage","F- Driver",,"Male","J- Minibus;N- Pickup","S- Driver's Negligence",2.00
11173,38134.00,"4- Demerara- Mahaica",,"Church & New Garden",,"-58.1504","6.8096",,,8/14/2010 0:00:00,,"D- Property Damage","F- Driver",25.00,"Female","K- Private Cars","S- Driver's Negligence",2.00
11174,38135.00,"4- Demerara- Mahaica",,"Commerce & Longden",,"-58.1666","6.8105",,,8/17/2010 0:00:00,12/30/1899 18:20:00,"B- Serious Injury","F- Driver",23.00,"Male","K- Private Cars","S- Driver's Negligence",2.00
11175,38136.00,"4- Demerara- Mahaica",,"Water Street",,"-58.1659","6.8180",,,8/19/2010 0:00:00,12/30/1899 16:15:00,"B- Serious Injury","F- Driver",43.00,"Female","K- Private Cars","S- Driver's Negligence",2.00
11176,38137.00,"4- Demerara- Mahaica",,"Durban & Lime",,"-58.1588","6.8045",,,8/21/2010 0:00:00,12/30/1899 23:20:00,"C- Minor Injury","G- Rider",28.00,"Male","K- Private Cars;V-Motor Cycle","S- Driver's Negligence",4.00
11177,38138.00,"4- Demerara- Mahaica",,"Camp Street",,"-58.1600","6.8137",,,8/23/2010 0:00:00,12/30/1899 2:00:00,"D- Property Damage","F- Driver",33.00,"Male","K- Private Cars;N- Pickup","S- Driver's Negligence",2.00
11178,38139.00,"4- Demerara- Mahaica",,"Charlotte & Wellington",,"-58.1627","6.8099",,,8/23/2010 0:00:00,12/30/1899 16:20:00,"C- Minor Injury","F- Driver",33.00,"Male","K- Private Cars","S- Driver's Negligence",2.00
11179,38140.00,"4- Demerara- Mahaica",,"Lamaha & Albert Street",,"-58.1515","6.8167",,,8/29/2010 0:00:00,12/30/1899 9:15:00,"C- Minor Injury","F- Driver",53.00,"Male","M- Hire Cars;V-Motor Cycle","S- Driver's Negligence;U- Cyclist's Negligence",2.00
11180,38141.00,"4- Demerara- Mahaica",,"Croal & Avenue of Republic",,"-58.1658","6.8097",,,8/29/2010 0:00:00,12/30/1899 10:30:00,"D- Property Damage","F- Driver",31.00,"Male","K- Private Cars;N- Pickup","S- Driver's Negligence",3.00
11181,38142.00,"4- Demerara- Mahaica",,"Lamaha & Camp Street",,"-58.1584","6.8186",,,8/29/2010 0:00:00,12/30/1899 13:00:00,"C- Minor Injury","F- Driver",38.00,"Male","N- Pickup","S- Driver's Negligence",7.00
11182,38143.00,"4- Demerara- Mahaica",,"Quamina & Carmichael",,"-58.1632","6.8147",,,8/30/2010 0:00:00,12/30/1899 15:45:00,"C- Minor Injury","F- Driver",20.00,"Male","J- Minibus;K- Private Cars","S- Driver's Negligence",4.00
11183,38144.00,"4- Demerara- Mahaica",,"America & Water St.",,"-58.1653","6.8216",,,8/30/2010 0:00:00,12/30/1899 8:15:00,"D- Property Damage","F- Driver",64.00,"Male","K- Private Cars;N- Pickup","S- Driver's Negligence",2.00
11184,38145.00,"4- Demerara- Mahaica",,"King Street",,"-58.1641","6.8109",,,8/31/2010 0:00:00,12/30/1899 15:15:00,"B- Serious Injury","G- Rider",28.00,"Male","V-Motor Cycle","T-Pedestrian's Negligence",2.00
11185,38146.00,"4- Demerara- Mahaica",,"Bent Street",,"-58.1576","6.8050",,,8/31/2010 0:00:00,12/30/1899 20:30:00,"C- Minor Injury","F- Driver",31.00,"Male","J- Minibus","S- Driver's Negligence",2.00
11186,38147.00,"4- Demerara- Mahaica",,"Irving & Crown",,"-58.1494","6.8132",,,9/3/2010 0:00:00,12/30/1899 23:30:00,"D- Property Damage","F- Driver",21.00,"Male","K- Private Cars","Q- Alcohol;S- Driver's Negligence",2.00
11187,38148.00,"4- Demerara- Mahaica",,"Main Street",,"-58.1276","6.8221",,,9/4/2010 0:00:00,12/30/1899 3:00:00,"D- Property Damage","F- Driver",42.00,"Male","K- Private Cars","S- Driver's Negligence",2.00
11188,38149.00,"4- Demerara- Mahaica",,"Quamina & Camp",,"-58.1599","6.8138",,,9/5/2010 0:00:00,12/30/1899 8:50:00,"C- Minor Injury","F- Driver",50.00,"Male","K- Private Cars;M- Hire Cars","S- Driver's Negligence",2.00
11189,38150.00,"4- Demerara- Mahaica",,"Vlissingen & Church Street",,"-58.1479","6.8089",,,9/5/2010 0:00:00,12/30/1899 22:15:00,"D- Property Damage","F- Driver",28.00,"Male","K- Private Cars","O- Lost Control & Runoff",1.00
11190,38151.00,"4- Demerara- Mahaica",,"Fourth & Light Street",,"-58.1540","6.8132",,,9/6/2010 0:00:00,12/30/1899 16:45:00,"D- Property Damage","F- Driver",33.00,"Male","K- Private Cars","S- Driver's Negligence",2.00
11191,38152.00,"4- Demerara- Mahaica",,"South Road & King Street",,"-58.1645","6.8096",,,9/5/2010 0:00:00,12/30/1899 17:30:00,"C- Minor Injury","F- Driver",26.00,"Female","J- Minibus;K- Private Cars","S- Driver's Negligence",2.00
11192,38153.00,"4- Demerara- Mahaica",,"Hadfield Street",,"-58.1650","6.8079",,,9/26/2010 0:00:00,12/30/1899 14:10:00,"D- Property Damage","F- Driver",31.00,"Male","K- Private Cars;N- Pickup","S- Driver's Negligence",2.00
11193,38154.00,"4- Demerara- Mahaica",,"Hadfield & Winter Place",,"-58.1564","6.8055",,,9/6/2010 0:00:00,12/30/1899 8:47:00,"D- Property Damage","F- Driver",31.00,"Female","K- Private Cars;N- Pickup","S- Driver's Negligence",2.00
11194,38155.00,"4- Demerara- Mahaica",,"Whyte's Lane Kingston",,"-58.1630","6.8242",,,9/9/2010 0:00:00,12/30/1899 15:30:00,"D- Property Damage","F- Driver",47.00,"Male","K- Private Cars;N- Pickup","S- Driver's Negligence",2.00
11195,38156.00,"4- Demerara- Mahaica",,"Cummings & Charlotte Street",,"-58.1568","6.8083",,,9/10/2010 0:00:00,12/30/1899 14:50:00,"C- Minor Injury","F- Driver",38.00,"Male","K- Private Cars;V-Motor Cycle","S- Driver's Negligence;U- Cyclist's Negligence",2.00
11196,38157.00,"4- Demerara- Mahaica",,"Brickdam & United Nations Place",,"-58.1604","6.8074",,,9/11/2010 0:00:00,12/30/1899 0:45:00,"C- Minor Injury","G- Rider",28.00,"Male","M- Hire Cars;V-Motor Cycle","U- Cyclist's Negligence",2.00
11197,38158.00,"4- Demerara- Mahaica",,"North & John Street",,"-58.1403","6.7987",,,9/14/2010 0:00:00,12/30/1899 7:10:00,"B- Serious Injury","F- Driver",48.00,"Male","M- Hire Cars;V-Motor Cycle","U- Cyclist's Negligence",2.00
11198,38159.00,"4- Demerara- Mahaica",,"Regent & Cummings",,"-58.1566","6.8092",,,9/13/2010 0:00:00,12/30/1899 16:05:00,"D- Property Damage","F- Driver",60.00,"Male","J- Minibus","S- Driver's Negligence",2.00
11199,38160.00,"4- Demerara- Mahaica",,"Robb & Light Street",,"-58.1549","6.8095",,,9/12/2010 0:00:00,12/30/1899 12:00:00,"D- Property Damage","F- Driver",50.00,"Male","K- Private Cars","S- Driver's Negligence",3.00
11200,38161.00,"4- Demerara- Mahaica",,"Cornhill Street",,"-58.1574","6.8046",,,9/13/2010 0:00:00,12/30/1899 12:00:00,"D- Property Damage","F- Driver",28.00,"Male","J- Minibus","S- Driver's Negligence",2.00
11201,38162.00,"4- Demerara- Mahaica",,"Chalmers Place & Brickdam",,"-58.1583","6.8069",,,9/14/2010 0:00:00,12/30/1899 9:15:00,"C- Minor Injury","F- Driver",31.00,"Male","N- Pickup;V-Motor Cycle","S- Driver's Negligence",2.00
11202,38163.00,"4- Demerara- Mahaica",,"Foreshaw Street",,"-58.1508","6.8112",,,9/14/2010 0:00:00,12/30/1899 14:35:00,"B- Serious Injury","F- Driver",26.00,"Male","N- Pickup","T-Pedestrian's Negligence",2.00
11203,38164.00,"4- Demerara- Mahaica",,"South Road & Camp Street",,"-58.1570","6.8076",,,9/16/2010 0:00:00,12/30/1899 7:25:00,"D- Property Damage","F- Driver",39.00,"Male","J- Minibus;K- Private Cars","S- Driver's Negligence",2.00
11204,38165.00,"4- Demerara- Mahaica",,"Irving & Crown",,"-58.1494","6.8132",,,9/16/2010 0:00:00,12/30/1899 15:23:00,"D- Property Damage","F- Driver",49.00,"Male","K- Private Cars;M- Hire Cars","S- Driver's Negligence",2.00
11205,38166.00,"4- Demerara- Mahaica",,"North Road & Albert Street",,"-58.1534","6.8099",,,9/30/2010 0:00:00,12/30/1899 12:30:00,"D- Property Damage","F- Driver",31.00,"Male","K- Private Cars","S- Driver's Negligence",2.00
11206,38167.00,"4- Demerara- Mahaica",,"Quamina & Carmichael",,"-58.1632","6.8147",,,9/18/2010 0:00:00,12/30/1899 19:30:00,"B- Serious Injury","G- Rider",33.00,"Male","K- Private Cars;V-Motor Cycle","S- Driver's Negligence",2.00
11207,38168.00,"4- Demerara- Mahaica",,"Robb & Camp Street",,"-58.1606","6.8111",,,9/21/2010 0:00:00,12/30/1899 10:40:00,"D- Property Damage","F- Driver",65.00,"Male","K- Private Cars;N- Pickup","S- Driver's Negligence",2.00
11208,38169.00,"4- Demerara- Mahaica",,"North Road",,"-58.1575","6.8110",,,9/21/2010 0:00:00,12/30/1899 8:40:00,"D- Property Damage","F- Driver",,"Male","K- Private Cars;L- Lorries Van","S- Driver's Negligence",2.00
11209,38170.00,"4- Demerara- Mahaica",,"Camp Street",,"-58.1600","6.8137",,,9/21/2010 0:00:00,,"D- Property Damage","F- Driver",31.00,"Male","J- Minibus;K- Private Cars","S- Driver's Negligence",2.00
11210,38171.00,"4- Demerara- Mahaica",,"Norton & Haley Street",,"-58.1524","6.8019",,,9/21/2010 0:00:00,12/30/1899 14:30:00,"D- Property Damage","F- Driver",23.00,"Male","K- Private Cars","S- Driver's Negligence",2.00
11211,38172.00,"4- Demerara- Mahaica",,"Norton & Haley Street",,"-58.1524","6.8019",,,9/22/2010 0:00:00,,"B- Serious Injury","F- Driver",36.00,"Male","L- Lorries Van;V-Motor Cycle","S- Driver's Negligence",2.00
11212,38173.00,"4- Demerara- Mahaica",,"Thomas Road & Albert Street",,"-58.1506","6.8198",,,9/24/2010 0:00:00,,"D- Property Damage","F- Driver",54.00,"Male","K- Private Cars;V-Motor Cycle","S- Driver's Negligence",2.00
11213,38174.00,"4- Demerara- Mahaica",,"Carifesta Avenue",,"-58.1483","6.8240",,,9/24/2010 0:00:00,12/30/1899 21:00:00,"D- Property Damage","F- Driver",28.00,"Male","K- Private Cars;L- Lorries Van","S- Driver's Negligence",2.00
11214,38175.00,"4- Demerara- Mahaica",,"Robb & Avenue of Republic",,"-58.1650","6.8123",,,9/23/2010 0:00:00,12/30/1899 3:00:00,"D- Property Damage","F- Driver",40.00,"Male","K- Private Cars","Q- Alcohol",2.00
11215,38176.00,"4- Demerara- Mahaica",,"Norton Street",,"-58.1519","6.8017",,,9/23/2010 0:00:00,12/30/1899 17:00:00,"B- Serious Injury","F- Driver",46.00,"Male","J- Minibus;K- Private Cars","O- Lost Control & Runoff",10.00
11216,38177.00,"4- Demerara- Mahaica",,"Church Street",,"-58.1574","6.8114",,,9/23/2010 0:00:00,12/30/1899 10:00:00,"D- Property Damage","F- Driver",35.00,"Female","K- Private Cars;M- Hire Cars","S- Driver's Negligence",2.00
11217,38178.00,"4- Demerara- Mahaica",,"Hadfield Street",,"-58.1650","6.8079",,,9/27/2010 0:00:00,12/30/1899 9:00:00,"D- Property Damage","F- Driver",28.00,"Male","N- Pickup","S- Driver's Negligence",2.00
11218,38179.00,"4- Demerara- Mahaica",,"Wellington & South Rd.",,"-58.1629","6.8091",,,9/24/2010 0:00:00,,"C- Minor Injury","F- Driver",48.00,"Female","K- Private Cars","S- Driver's Negligence",2.00
11219,38180.00,"4- Demerara- Mahaica",,"Church & New Garden St.",,"-58.1504","6.8096",,,9/28/2010 0:00:00,12/30/1899 13:40:00,"C- Minor Injury","F- Driver",70.00,"Male","K- Private Cars","S- Driver's Negligence",3.00
11220,38181.00,"4- Demerara- Mahaica",,"Brickdam",,"-58.1552","6.8061",,,9/28/2010 0:00:00,12/30/1899 14:15:00,"D- Property Damage","F- Driver",24.00,"Male","K- Private Cars","S- Driver's Negligence",2.00
11221,38182.00,"4- Demerara- Mahaica",,"Albert & Third Street",,"-58.1523","6.8139",,,9/27/2010 0:00:00,,"D- Property Damage","F- Driver",,"Male","N- Pickup;V-Motor Cycle","U- Cyclist's Negligence",2.00
11222,38183.00,"4- Demerara- Mahaica",,"Hadfield & Louisa Row",,"-58.1497","6.8037",,,9/28/2010 0:00:00,12/30/1899 10:35:00,"D- Property Damage","F- Driver",34.00,"Male","K- Private Cars","S- Driver's Negligence",2.00
11223,38184.00,"4- Demerara- Mahaica",,"America & Longden",,"-58.1666","6.8105",,,9/30/2010 0:00:00,,"D- Property Damage","F- Driver",,"Male","N- Pickup;V-Motor Cycle","U- Cyclist's Negligence",2.00
11224,38185.00,"4- Demerara- Mahaica",,"Cornhill Street",,"-58.1574","6.8046",,,9/24/2010 0:00:00,12/30/1899 18:00:00,"D- Property Damage","F- Driver",32.00,"Male","J- Minibus","S- Driver's Negligence",2.00
11225,38186.00,"4- Demerara- Mahaica",,"Camp & Quamina",,"-58.1599","6.8138",,,9/30/2010 0:00:00,12/30/1899 10:30:00,"D- Property Damage","F- Driver",30.00,"Male","J- Minibus;K- Private Cars","S- Driver's Negligence",2.00
11226,38187.00,"4- Demerara- Mahaica",,"Camp & Brickdam",,"-58.1615","6.8077",,,10/1/2010 0:00:00,,"D- Property Damage","F- Driver",34.00,"Male","K- Private Cars;M- Hire Cars","S- Driver's Negligence",2.00
11227,38188.00,"4- Demerara- Mahaica",,"Garnett Street",,"-58.1414","6.8133",,,10/3/2010 0:00:00,12/30/1899 21:25:00,"C- Minor Injury","F- Driver",21.00,"Male","K- Private Cars","S- Driver's Negligence",2.00
11228,38189.00,"4- Demerara- Mahaica",,"Garnett & Ariamota Place",,"-58.1358","6.8117",,,10/3/2010 0:00:00,12/30/1899 13:30:00,"C- Minor Injury","F- Driver",,"Male","K- Private Cars","S- Driver's Negligence",2.00
11229,38190.00,"4- Demerara- Mahaica",,"Battery Rd. & High St.",,"-58.1664","6.8070",,,10/4/2010 0:00:00,12/30/1899 17:00:00,"D- Property Damage","F- Driver",18.00,"Male","K- Private Cars;M- Hire Cars","S- Driver's Negligence",2.00
11230,38191.00,"4- Demerara- Mahaica",,"Shiv Chanderpaul Drive & North Road",,"-58.1505","6.8091",,,10/6/2010 0:00:00,,"D- Property Damage","F- Driver",58.00,"Male","M- Hire Cars","S- Driver's Negligence",2.00
11231,38192.00,"4- Demerara- Mahaica",,"South Road",,"-58.1586","6.8079",,,10/5/2010 0:00:00,12/30/1899 8:00:00,"D- Property Damage","F- Driver",39.00,"Male","J- Minibus;K- Private Cars","S- Driver's Negligence",2.00
11232,38193.00,"4- Demerara- Mahaica",,"Avenue of Republic",,"-58.1651","6.8117",,,10/5/2010 0:00:00,12/30/1899 8:35:00,"D- Property Damage","F- Driver",25.00,"Male","L- Lorries Van;M- Hire Cars","S- Driver's Negligence",2.00
11233,38194.00,"4- Demerara- Mahaica",,"East & Quamina",,"-58.1566","6.8129",,,10/8/2010 0:00:00,12/30/1899 13:45:00,"D- Property Damage","F- Driver",20.00,"Male","J- Minibus;K- Private Cars","S- Driver's Negligence",2.00
11234,38195.00,"4- Demerara- Mahaica",,"Foreshaw & Irving Street",,"-58.1475","6.8104",,,10/8/2010 0:00:00,12/30/1899 15:15:00,"C- Minor Injury","F- Driver",29.00,"Male","M- Hire Cars;W-Pedal Cycle","U- Cyclist's Negligence",2.00
11235,38196.00,"4- Demerara- Mahaica",,"North Road & Wellington",,"-58.1621","6.8122",,,10/7/2010 0:00:00,12/30/1899 9:00:00,"C- Minor Injury","F- Driver",34.00,"Male","J- Minibus;K- Private Cars","S- Driver's Negligence",2.00
11236,38197.00,"4- Demerara- Mahaica",,"Camp & Brickdam",,"-58.1615","6.8077",,,10/15/2010 0:00:00,12/30/1899 13:00:00,"D- Property Damage","F- Driver",47.00,"Male","K- Private Cars;N- Pickup","S- Driver's Negligence",3.00
11237,38198.00,"4- Demerara- Mahaica",,"Church & Camp Street",,"-58.1601","6.8122",,,10/3/2010 0:00:00,12/30/1899 0:15:00,"C- Minor Injury","F- Driver",28.00,"Male","M- Hire Cars","P- Speeding",2.00
11238,38199.00,"4- Demerara- Mahaica",,"Vlissengen Road & Regent Street",,"-58.1488","6.8070",,,10/11/2010 0:00:00,12/30/1899 8:40:00,"D- Property Damage","F- Driver",49.00,"Male","K- Private Cars;N- Pickup","S- Driver's Negligence",2.00
11239,38200.00,"4- Demerara- Mahaica",,"Thomas Lands",,"-58.1505","6.8202",,,10/11/2010 0:00:00,12/30/1899 9:30:00,"D- Property Damage","F- Driver",47.00,"Male","K- Private Cars;M- Hire Cars","S- Driver's Negligence",2.00
11240,38201.00,"4- Demerara- Mahaica",,"Camp  Road",,"-58.1600","6.8137",,,10/7/2010 0:00:00,,"D- Property Damage","F- Driver",45.00,"Male","J- Minibus;K- Private Cars","S- Driver's Negligence",2.00
11241,38202.00,"4- Demerara- Mahaica",,"Oronoque & Foreshaw",,"-58.1514","6.8114",,,10/7/2010 0:00:00,12/30/1899 10:00:00,"D- Property Damage","F- Driver",34.00,"Male","K- Private Cars;N- Pickup","S- Driver's Negligence",2.00
11242,38203.00,"4- Demerara- Mahaica",,"Croal Street",,"-58.1581","6.8076",,,10/12/2010 0:00:00,12/30/1899 9:30:00,"D- Property Damage","F- Driver",54.00,"Male","J- Minibus;K- Private Cars","S- Driver's Negligence",2.00
11243,38204.00,"4- Demerara- Mahaica",,"Oronoque Street",,"-58.1516","6.8107",,,10/27/2010 0:00:00,12/30/1899 15:10:00,"D- Property Damage","F- Driver",35.00,"Male","K- Private Cars","S- Driver's Negligence",2.00
11244,38205.00,"4- Demerara- Mahaica",,"Princess & Smyth Street",,"-58.1645","6.8040",,,10/16/2010 0:00:00,12/30/1899 11:50:00,"C- Minor Injury","F- Driver",,"Male","J- Minibus;K- Private Cars","S- Driver's Negligence",2.00
11245,38206.00,"4- Demerara- Mahaica",,"Lamaha & Camp Street",,"-58.1584","6.8186",,,10/17/2010 0:00:00,,"C- Minor Injury","F- Driver",27.00,"Male","J- Minibus","S- Driver's Negligence",2.00
11246,38207.00,"4- Demerara- Mahaica",,"Church & Carmichael",,"-58.1637","6.8131",,,10/18/2010 0:00:00,12/30/1899 9:05:00,"D- Property Damage","F- Driver",63.00,"Male","N- Pickup","S- Driver's Negligence",2.00
11247,38208.00,"4- Demerara- Mahaica",,"Brickdam",,"-58.1552","6.8061",,,10/19/2010 0:00:00,12/30/1899 7:00:00,"C- Minor Injury","F- Driver",45.00,"Male","K- Private Cars;V-Motor Cycle","U- Cyclist's Negligence",2.00
11248,38209.00,"4- Demerara- Mahaica",,"High & Princess Street",,"-58.1671","6.8047",,,10/3/2010 0:00:00,,"D- Property Damage","F- Driver",33.00,"Male","K- Private Cars;L- Lorries Van","S- Driver's Negligence",2.00
11249,38210.00,"4- Demerara- Mahaica",,"New Market & Carmichael",,"-58.1623","6.8179",,,10/20/2010 0:00:00,12/30/1899 12:30:00,"C- Minor Injury","F- Driver",28.00,"Male","M- Hire Cars","T-Pedestrian's Negligence",2.00
11250,38211.00,"4- Demerara- Mahaica",,"Albert Street",,"-58.1527","6.8123",,,10/16/2010 0:00:00,12/30/1899 20:00:00,"C- Minor Injury","F- Driver",39.00,"Female","K- Private Cars","S- Driver's Negligence",2.00