"ID","Accident ID","Region Number","Corridor ID","Location (Intersection/Road/Street)","Corridor","Location- longitude/ X","Location- latitude/  Y","Mile Marker","Village","Date of Accident","Time of Accident","Type of Accident","Class of Road User","Age/DOB","Gender","Class of Vehicles Involved","Contributing Factor","Number of Persons Involved"
11251,38212.00,"4- Demerara- Mahaica",,"Main Street",,"-58.1276","6.8221",,,10/20/2010 0:00:00,12/30/1899 8:05:00,"D- Property Damage","F- Driver",30.00,"Male","K- Private Cars;N- Pickup","S- Driver's Negligence",2.00
11252,38213.00,"4- Demerara- Mahaica",,"Cornhill Street",,"-58.1574","6.8046",,,10/21/2010 0:00:00,12/30/1899 8:05:00,"D- Property Damage","F- Driver",56.00,"Male","J- Minibus;M- Hire Cars","S- Driver's Negligence",2.00
11253,38214.00,"4- Demerara- Mahaica",,"Regent Street",,"-58.1604","6.8102",,,10/21/2010 0:00:00,12/30/1899 8:05:00,"C- Minor Injury","F- Driver",28.00,"Male","M- Hire Cars","S- Driver's Negligence",2.00
11254,38215.00,"4- Demerara- Mahaica",,"Crown & New Garden",,"-58.1494","6.8131",,,10/21/2010 0:00:00,12/30/1899 15:15:00,"D- Property Damage","F- Driver",33.00,"Male","K- Private Cars","S- Driver's Negligence",2.00
11255,38216.00,"4- Demerara- Mahaica",,"Camp & North Road",,"-58.1604","6.8118",,,10/21/2010 0:00:00,12/30/1899 18:30:00,"D- Property Damage","F- Driver",42.00,"Male","J- Minibus;K- Private Cars","S- Driver's Negligence",2.00
11256,38217.00,"4- Demerara- Mahaica",,"Camp & Lamaha",,"-58.1584","6.8186",,,10/23/2010 0:00:00,12/30/1899 3:00:00,"D- Property Damage","F- Driver",28.00,"Male","K- Private Cars","S- Driver's Negligence",2.00
11257,38218.00,"4- Demerara- Mahaica",,"Brickdam & Manget Place",,"-58.1646","6.8085",,,10/23/2010 0:00:00,,"D- Property Damage","F- Driver",56.00,"Male","L- Lorries Van;M- Hire Cars","S- Driver's Negligence",2.00
11258,38220.00,"4- Demerara- Mahaica",,"Camp & Lamaha",,"-58.1584","6.8186",,,10/25/2010 0:00:00,,"C- Minor Injury","F- Driver",28.00,"Male","J- Minibus","S- Driver's Negligence",6.00
11259,38221.00,"4- Demerara- Mahaica",,"Thomas Lands",,"-58.1505","6.8202",,,10/25/2010 0:00:00,,"D- Property Damage","F- Driver",31.00,"Male","K- Private Cars;M- Hire Cars","S- Driver's Negligence",3.00
11260,38222.00,"4- Demerara- Mahaica",,"North Road & New Garden",,"-58.1505","6.8091",,,10/26/2010 0:00:00,12/30/1899 9:20:00,"D- Property Damage","F- Driver",50.00,"Male","M- Hire Cars;N- Pickup","S- Driver's Negligence",2.00
11261,38223.00,"4- Demerara- Mahaica",,"Water Street",,"-58.1659","6.8180",,,10/26/2010 0:00:00,12/30/1899 21:15:00,"B- Serious Injury","F- Driver",25.00,"Male","J- Minibus;L- Lorries Van","O- Lost Control & Runoff",2.00
11262,38224.00,"4- Demerara- Mahaica",,"Light & Second",,"-58.1534","6.8153",,,10/27/2010 0:00:00,12/30/1899 12:00:00,"D- Property Damage","F- Driver",50.00,"Male","K- Private Cars;M- Hire Cars","S- Driver's Negligence",2.00
11263,38225.00,"4- Demerara- Mahaica",,"Wellington & North Road",,"-58.1621","6.8122",,,10/28/2010 0:00:00,12/30/1899 8:20:00,"C- Minor Injury","F- Driver",38.00,"Male","L- Lorries Van;V-Motor Cycle","U- Cyclist's Negligence",2.00
11264,38226.00,"4- Demerara- Mahaica",,"Main & New Market",,"-58.1638","6.8183",,,10/28/2010 0:00:00,12/30/1899 10:15:00,"C- Minor Injury","F- Driver",26.00,"Female","K- Private Cars","S- Driver's Negligence",2.00
11265,38227.00,"4- Demerara- Mahaica",,"Albert & Third Street",,"-58.1523","6.8139",,,10/30/2010 0:00:00,12/30/1899 9:00:00,"D- Property Damage","F- Driver",28.00,"Male","K- Private Cars","S- Driver's Negligence",2.00
11266,38228.00,"4- Demerara- Mahaica",,"Robb & wellington",,"-58.1622","6.8115",,,10/29/2010 0:00:00,12/30/1899 18:30:00,"D- Property Damage","F- Driver",53.00,"Male","K- Private Cars;M- Hire Cars","S- Driver's Negligence",2.00
11267,38229.00,"4- Demerara- Mahaica",,"Regent & Light",,"-58.1552","6.8087",,,10/31/2010 0:00:00,12/30/1899 20:30:00,"D- Property Damage","F- Driver",35.00,"Male","K- Private Cars;M- Hire Cars","S- Driver's Negligence",2.00
11268,38230.00,"4- Demerara- Mahaica",,"Regent & Light",,"-58.1552","6.8087",,,11/1/2010 0:00:00,12/30/1899 10:30:00,"D- Property Damage","F- Driver",70.00,"Male","N- Pickup;V-Motor Cycle","S- Driver's Negligence",2.00
11269,38231.00,"4- Demerara- Mahaica",,"Middle & Waterloo",,"-58.1611","6.8159",,,10/30/2010 0:00:00,12/30/1899 12:00:00,"C- Minor Injury","F- Driver",38.00,"Male","K- Private Cars","U- Cyclist's Negligence",2.00
11270,38232.00,"4- Demerara- Mahaica",,"Durban & John",,"-58.1402","6.7996",,,11/2/2010 0:00:00,12/30/1899 14:00:00,"C- Minor Injury","F- Driver",18.00,"Male","K- Private Cars","S- Driver's Negligence",3.00
11271,38233.00,"4- Demerara- Mahaica",,"North Road",,"-58.1575","6.8110",,,11/2/2010 0:00:00,12/30/1899 11:00:00,"D- Property Damage","F- Driver",38.00,"Male","K- Private Cars;L- Lorries Van","S- Driver's Negligence",2.00
11272,38234.00,"4- Demerara- Mahaica",,"Regent & Cummings",,"-58.1566","6.8092",,,11/3/2010 0:00:00,12/30/1899 7:45:00,"D- Property Damage","F- Driver",46.00,"Male","J- Minibus;K- Private Cars","S- Driver's Negligence",2.00
11273,38235.00,"4- Demerara- Mahaica",,"Lombard & Princess",,"-58.1678","6.8049",,,11/3/2010 0:00:00,12/30/1899 18:45:00,"B- Serious Injury","F- Driver",33.00,"Male","J- Minibus;K- Private Cars","Q- Alcohol;S- Driver's Negligence",2.00
11274,38236.00,"4- Demerara- Mahaica",,"Albert & Charlotte",,"-58.1540","6.8075",,,11/3/2010 0:00:00,12/30/1899 13:30:00,"D- Property Damage","F- Driver",,"Male","M- Hire Cars","S- Driver's Negligence",2.00
11275,38237.00,"4- Demerara- Mahaica",,"Norton & Haley Street",,"-58.1524","6.8019",,,11/4/2010 0:00:00,12/30/1899 19:45:00,"A- Fatal","G- Rider",27.00,"Male","V-Motor Cycle","U- Cyclist's Negligence",2.00
11276,38238.00,"4- Demerara- Mahaica",,"Quamina & Main Street",,"-58.1647","6.8151",,,11/4/2010 0:00:00,12/30/1899 11:20:00,"D- Property Damage","F- Driver",30.00,"Male","K- Private Cars;M- Hire Cars","S- Driver's Negligence",2.00
11277,38239.00,"4- Demerara- Mahaica",,"Oronoque & Foreshaw",,"-58.1514","6.8114",,,11/4/2010 0:00:00,12/30/1899 17:30:00,"D- Property Damage","F- Driver",34.00,"Male","K- Private Cars;M- Hire Cars","S- Driver's Negligence",2.00
11278,38240.00,"4- Demerara- Mahaica",,"America Street",,"-58.1663","6.8104",,,11/4/2010 0:00:00,12/30/1899 15:45:00,"C- Minor Injury","F- Driver",29.00,"Male","J- Minibus","S- Driver's Negligence",2.00
11279,38241.00,"4- Demerara- Mahaica",,"Parade St.",,"-58.1601","6.8216",,,11/4/2010 0:00:00,12/30/1899 15:40:00,"D- Property Damage","F- Driver",63.00,"Male","K- Private Cars;L- Lorries Van","S- Driver's Negligence",2.00
11280,38242.00,"4- Demerara- Mahaica",,"Croal St. & Boyle Place",,"-58.1570","6.8073",,,11/6/2010 0:00:00,12/30/1899 22:45:00,"B- Serious Injury","F- Driver",27.00,"Male","K- Private Cars;W-Pedal Cycle","U- Cyclist's Negligence",2.00
11281,38243.00,"4- Demerara- Mahaica",,"Princess & Smyth Street",,"-58.1645","6.8040",,,11/3/2010 0:00:00,12/30/1899 17:15:00,"C- Minor Injury","F- Driver",57.00,"Male","M- Hire Cars","U- Cyclist's Negligence",2.00
11282,38244.00,"4- Demerara- Mahaica",,"Smyth Street",,"-58.1643","6.8048",,,11/3/2010 0:00:00,12/30/1899 8:10:00,"C- Minor Injury","F- Driver",,"Male","N- Pickup","T-Pedestrian's Negligence",2.00
11283,38245.00,"4- Demerara- Mahaica",,"Middle Street",,"-58.1596","6.8155",,,11/3/2010 0:00:00,12/30/1899 11:10:00,"D- Property Damage","F- Driver",36.00,"Male","J- Minibus;K- Private Cars","S- Driver's Negligence",2.00
11284,38246.00,"4- Demerara- Mahaica",,"Camp Street",,"-58.1600","6.8137",,,11/3/2010 0:00:00,12/30/1899 11:15:00,"B- Serious Injury","F- Driver",30.00,"Male","L- Lorries Van","T-Pedestrian's Negligence",2.00
11285,38247.00,"4- Demerara- Mahaica",,"Brickdam",,"-58.1552","6.8061",,,11/3/2010 0:00:00,12/30/1899 16:45:00,"D- Property Damage","F- Driver",48.00,"Male","K- Private Cars","S- Driver's Negligence",2.00
11286,38248.00,"4- Demerara- Mahaica",,"Church & Cummings",,"-58.1561","6.8111",,,11/3/2010 0:00:00,12/30/1899 14:45:00,"D- Property Damage","F- Driver",37.00,"Male","K- Private Cars","S- Driver's Negligence",2.00
11287,38249.00,"4- Demerara- Mahaica",,"Norton & Cemetry Road",,"-58.1477","6.8088",,,11/3/2010 0:00:00,12/30/1899 5:15:00,"D- Property Damage","F- Driver",33.00,"Male","K- Private Cars;M- Hire Cars","S- Driver's Negligence",2.00
11288,38250.00,"4- Demerara- Mahaica",,"Church & Camp",,"-58.1601","6.8122",,,11/3/2010 0:00:00,12/30/1899 16:10:00,"C- Minor Injury","F- Driver",27.00,"Female","K- Private Cars","S- Driver's Negligence",2.00
11289,38251.00,"4- Demerara- Mahaica",,"Cornhill Street",,"-58.1574","6.8046",,,11/3/2010 0:00:00,,"C- Minor Injury","F- Driver",33.00,"Male","J- Minibus","S- Driver's Negligence",2.00
11290,38252.00,"4- Demerara- Mahaica",,"Quamina Street",,"-58.1616","6.8142",,,11/3/2010 0:00:00,,"C- Minor Injury","F- Driver",,"Male","K- Private Cars","T-Pedestrian's Negligence",2.00
11291,38253.00,"4- Demerara- Mahaica",,"Robb & Avenue of Republic",,"-58.1650","6.8123",,,11/12/2010 0:00:00,12/30/1899 19:30:00,"D- Property Damage","F- Driver",39.00,"Male","K- Private Cars;M- Hire Cars","S- Driver's Negligence",2.00
11292,38254.00,"4- Demerara- Mahaica",,"North Road & Camp Street",,"-58.1604","6.8118",,,11/11/2010 0:00:00,12/30/1899 8:00:00,"D- Property Damage","F- Driver",75.00,"Male","K- Private Cars","S- Driver's Negligence",2.00
11293,38255.00,"4- Demerara- Mahaica",,"Fourth & Albert Street",,"-58.1525","6.8128",,,11/13/2010 0:00:00,12/30/1899 8:30:00,"D- Property Damage","F- Driver",32.00,"Male","K- Private Cars","S- Driver's Negligence",2.00
11294,38256.00,"4- Demerara- Mahaica",,"Avenue of Republic & Croal Street",,"-58.1658","6.8097",,,11/13/2010 0:00:00,12/30/1899 14:30:00,"C- Minor Injury","F- Driver",29.00,"Female","J- Minibus","S- Driver's Negligence",2.00
11295,38257.00,"4- Demerara- Mahaica",,"Cummings & Lamaha",,"-58.1543","6.8174",,,11/16/2010 0:00:00,12/30/1899 10:35:00,"C- Minor Injury","F- Driver",57.00,"Female","J- Minibus;K- Private Cars","S- Driver's Negligence",3.00
11296,38258.00,"4- Demerara- Mahaica",,"Avenue of Republic & Croal Street",,"-58.1658","6.8097",,,11/17/2010 0:00:00,12/30/1899 7:29:00,"C- Minor Injury","F- Driver",51.00,"Male","J- Minibus;K- Private Cars","S- Driver's Negligence",5.00
11297,38259.00,"4- Demerara- Mahaica",,"Camp Street",,"-58.1600","6.8137",,,11/17/2010 0:00:00,12/30/1899 8:20:00,"D- Property Damage","F- Driver",27.00,"Male","L- Lorries Van","S- Driver's Negligence",2.00
11298,38260.00,"4- Demerara- Mahaica",,"Thomas Road",,"-58.1578","6.8152",,,11/18/2010 0:00:00,12/30/1899 8:00:00,"D- Property Damage","F- Driver",18.00,"Male","N- Pickup","O- Lost Control & Runoff",2.00
11299,38261.00,"4- Demerara- Mahaica",,"Croal Street",,"-58.1581","6.8076",,,11/18/2010 0:00:00,12/30/1899 13:00:00,"C- Minor Injury","F- Driver",46.00,"Male","K- Private Cars","T-Pedestrian's Negligence",2.00
11300,38262.00,"4- Demerara- Mahaica",,"Lamaha & Cummings",,"-58.1543","6.8174",,,11/20/2010 0:00:00,12/30/1899 19:00:00,"D- Property Damage","F- Driver",60.00,"Male","J- Minibus;V-Motor Cycle","U- Cyclist's Negligence",2.00
11301,38263.00,"4- Demerara- Mahaica",,"High & Hadfield",,"-58.1662","6.8081",,,11/20/2010 0:00:00,12/30/1899 9:30:00,"D- Property Damage","F- Driver",,"Male","K- Private Cars","S- Driver's Negligence",2.00
11302,38264.00,"4- Demerara- Mahaica",,"Camp & Brickdam",,"-58.1615","6.8077",,,11/20/2010 0:00:00,12/30/1899 10:30:00,"C- Minor Injury","F- Driver",36.00,"Male","J- Minibus;V-Motor Cycle","S- Driver's Negligence;U- Cyclist's Negligence",2.00
11303,38265.00,"4- Demerara- Mahaica",,"Camp & Quamina",,"-58.1599","6.8138",,,11/20/2010 0:00:00,12/30/1899 13:45:00,"C- Minor Injury","F- Driver",42.00,"Male","J- Minibus","S- Driver's Negligence",2.00
11304,38266.00,"4- Demerara- Mahaica",,"Camp & Brickdam",,"-58.1615","6.8077",,,11/21/2010 0:00:00,12/30/1899 11:30:00,"B- Serious Injury","F- Driver",37.00,"Male","K- Private Cars","S- Driver's Negligence",4.00
11305,38267.00,"4- Demerara- Mahaica",,"Brickdam",,"-58.1552","6.8061",,,11/21/2010 0:00:00,12/30/1899 14:40:00,"C- Minor Injury","F- Driver",30.00,"Male","J- Minibus","S- Driver's Negligence",2.00
11306,38268.00,"4- Demerara- Mahaica",,"Cummings & Church",,"-58.1543","6.8174",,,11/16/2010 0:00:00,,"C- Minor Injury","F- Driver",32.00,"Male","K- Private Cars;V-Motor Cycle","S- Driver's Negligence",2.00
11307,38269.00,"4- Demerara- Mahaica",,"Oronoque & North Road",,"-58.1520","6.8095",,,11/22/2010 0:00:00,12/30/1899 13:40:00,"C- Minor Injury","F- Driver",32.00,"Male","M- Hire Cars;N- Pickup","S- Driver's Negligence",3.00
11308,38270.00,"4- Demerara- Mahaica",,"Croal & Light",,"-58.1658","6.8097",,,11/22/2010 0:00:00,12/30/1899 12:45:00,"D- Property Damage","F- Driver",27.00,"Male","K- Private Cars;N- Pickup","S- Driver's Negligence",2.00
11309,38271.00,"4- Demerara- Mahaica",,"Robb & Kirpatrick",,"-58.1656","6.8125",,,11/23/2010 0:00:00,12/30/1899 12:10:00,"D- Property Damage","F- Driver",28.00,"Female","K- Private Cars;N- Pickup","S- Driver's Negligence",3.00
11310,38272.00,"4- Demerara- Mahaica",,"Camp & Church",,"-58.1601","6.8122",,,11/24/2010 0:00:00,12/30/1899 7:45:00,"D- Property Damage","F- Driver",31.00,"Female","K- Private Cars;M- Hire Cars","S- Driver's Negligence",2.00
11311,38273.00,"4- Demerara- Mahaica",,"Regent Street",,"-58.1604","6.8102",,,11/24/2010 0:00:00,12/30/1899 8:30:00,"C- Minor Injury","F- Driver",57.00,"Male","M- Hire Cars","S- Driver's Negligence",2.00
11312,38274.00,"4- Demerara- Mahaica",,"North Road",,"-58.1575","6.8110",,,11/24/2010 0:00:00,12/30/1899 8:20:00,"D- Property Damage","F- Driver",23.00,"Male","K- Private Cars;N- Pickup","S- Driver's Negligence",2.00
11313,38275.00,"4- Demerara- Mahaica",,"Haley Street",,"-58.1523","6.8026",,,11/24/2010 0:00:00,12/30/1899 13:30:00,"D- Property Damage","F- Driver",38.00,"Male","K- Private Cars;M- Hire Cars","S- Driver's Negligence",2.00
11314,38276.00,"4- Demerara- Mahaica",,"Durban Street",,"-58.1526","6.8028",,,11/24/2010 0:00:00,12/30/1899 17:00:00,"C- Minor Injury","F- Driver",27.00,"Male","K- Private Cars","T-Pedestrian's Negligence",2.00
11315,38277.00,"4- Demerara- Mahaica",,"Lamaha & Camp Street",,"-58.1584","6.8186",,,11/27/2010 0:00:00,12/30/1899 13:30:00,"C- Minor Injury","F- Driver",40.00,"Male","K- Private Cars","S- Driver's Negligence",2.00
11316,38278.00,"4- Demerara- Mahaica",,"Brickdam & John",,"-58.1610","6.8076",,,11/26/2010 0:00:00,12/30/1899 13:30:00,"D- Property Damage","F- Driver",42.00,"Male","L- Lorries Van;M- Hire Cars","S- Driver's Negligence",2.00
11317,38279.00,"4- Demerara- Mahaica",,"Camp & Quamina",,"-58.1599","6.8138",,,11/27/2010 0:00:00,12/30/1899 12:00:00,"C- Minor Injury","F- Driver",35.00,"Male","K- Private Cars;N- Pickup","U- Cyclist's Negligence",3.00
11318,38280.00,"4- Demerara- Mahaica",,"Avenue of Republic & Church Street",,"-58.1648","6.8134",,,11/27/2010 0:00:00,12/30/1899 12:45:00,"D- Property Damage","F- Driver",33.00,"Male","K- Private Cars;L- Lorries Van","S- Driver's Negligence",3.00
11319,38281.00,"4- Demerara- Mahaica",,"Camp & Middle Street",,"-58.1599","6.8138",,,11/27/2010 0:00:00,12/30/1899 14:45:00,"D- Property Damage","F- Driver",38.00,"Male","M- Hire Cars","S- Driver's Negligence",2.00
11320,38282.00,"4- Demerara- Mahaica",,"Vlissengen Road",,"-58.1474","6.8108",,,11/28/2010 0:00:00,12/30/1899 13:20:00,"B- Serious Injury","F- Driver",31.00,"Female","K- Private Cars;N- Pickup","S- Driver's Negligence",3.00
11321,38283.00,"4- Demerara- Mahaica",,"Robb Street",,"-58.1598","6.8108",,,11/28/2010 0:00:00,12/30/1899 3:00:00,"D- Property Damage","F- Driver",33.00,"Male","K- Private Cars","S- Driver's Negligence",3.00
11322,38284.00,"4- Demerara- Mahaica",,"Woolford Ave.",,"-58.1525","6.8182",,,11/28/2010 0:00:00,12/30/1899 21:05:00,"D- Property Damage","F- Driver",15.00,"Male","K- Private Cars","S- Driver's Negligence",2.00
11323,38285.00,"4- Demerara- Mahaica",,"Camp & Croal Street",,"-58.1613","6.8084",,,11/28/2010 0:00:00,12/30/1899 19:45:00,"D- Property Damage","F- Driver",38.00,"Male","J- Minibus;K- Private Cars","Q- Alcohol;S- Driver's Negligence",2.00
11324,38286.00,"4- Demerara- Mahaica",,"Church & Camp Street",,"-58.1601","6.8122",,,12/1/2010 0:00:00,12/30/1899 10:45:00,"C- Minor Injury","F- Driver",47.00,"Male","J- Minibus;K- Private Cars","S- Driver's Negligence",2.00
11325,38287.00,"4- Demerara- Mahaica",,"Hinck Street",,"-58.1660","6.8119",,,12/1/2010 0:00:00,12/30/1899 12:30:00,"C- Minor Injury","F- Driver",52.00,"Male","J- Minibus","S- Driver's Negligence",2.00
11326,38288.00,"4- Demerara- Mahaica",,"South Rd.",,"-58.1586","6.8079",,,11/30/2010 0:00:00,12/30/1899 9:15:00,"C- Minor Injury","F- Driver",26.00,"Female","K- Private Cars","S- Driver's Negligence;T-Pedestrian's Negligence",2.00
11327,38289.00,"4- Demerara- Mahaica",,"John & Durban",,"-58.1402","6.7996",,,12/1/2010 0:00:00,12/30/1899 17:15:00,"C- Minor Injury","F- Driver",25.00,"Male","K- Private Cars;V-Motor Cycle","S- Driver's Negligence",3.00
11328,38290.00,"4- Demerara- Mahaica",,"Croal Street",,"-58.1581","6.8076",,,12/2/2010 0:00:00,12/30/1899 8:15:00,"C- Minor Injury","F- Driver",56.00,"Male","K- Private Cars","S- Driver's Negligence",2.00
11329,38291.00,"4- Demerara- Mahaica",,"Robb Street",,"-58.1598","6.8108",,,11/2/2010 0:00:00,12/30/1899 11:20:00,"D- Property Damage","F- Driver",34.00,"Male","K- Private Cars;L- Lorries Van","S- Driver's Negligence",2.00
11330,38292.00,"4- Demerara- Mahaica",,"Camp & Croal",,"-58.1613","6.8084",,,11/28/2010 0:00:00,12/30/1899 3:00:00,"C- Minor Injury","F- Driver",30.00,"Male","J- Minibus;K- Private Cars","S- Driver's Negligence",7.00
11331,38293.00,"4- Demerara- Mahaica",,"Lombard Street",,"-58.1675","6.8070",,,12/2/2010 0:00:00,12/30/1899 7:50:00,"D- Property Damage","F- Driver",36.00,"Male","M- Hire Cars","S- Driver's Negligence;T-Pedestrian's Negligence",2.00
11332,38294.00,"4- Demerara- Mahaica",,"Norton & Haley Street",,"-58.1524","6.8019",,,12/3/2010 0:00:00,12/30/1899 14:30:00,"D- Property Damage","F- Driver",19.00,"Male","J- Minibus;K- Private Cars","S- Driver's Negligence",2.00
11333,38295.00,"4- Demerara- Mahaica",,"High Street Kingston",,"-58.1669","6.8063",,,12/3/2010 0:00:00,12/30/1899 20:00:00,"D- Property Damage","F- Driver",48.00,"Male","J- Minibus;K- Private Cars","S- Driver's Negligence",2.00
11334,38296.00,"4- Demerara- Mahaica",,"Orange Walk",,"-58.1575","6.8094",,,12/4/2010 0:00:00,12/30/1899 22:45:00,"C- Minor Injury","F- Driver",56.00,"Male","K- Private Cars;V-Motor Cycle","Q- Alcohol;S- Driver's Negligence",4.00
11335,38297.00,"4- Demerara- Mahaica",,"Camp & North Road",,"-58.1604","6.8118",,,12/3/2010 0:00:00,12/30/1899 2:45:00,"C- Minor Injury","F- Driver",22.00,"Male","K- Private Cars","S- Driver's Negligence",2.00
11336,38298.00,"4- Demerara- Mahaica",,"Durban & Haley",,"-58.1522","6.8027",,,12/3/2010 0:00:00,12/30/1899 10:15:00,"D- Property Damage","F- Driver",26.00,"Male","K- Private Cars;N- Pickup","S- Driver's Negligence",2.00
11337,38299.00,"4- Demerara- Mahaica",,"New Market",,"-58.1599","6.8173",,,12/6/2010 0:00:00,12/30/1899 8:00:00,"D- Property Damage","F- Driver",33.00,"Male","K- Private Cars;L- Lorries Van","S- Driver's Negligence",2.00
11338,38300.00,"4- Demerara- Mahaica",,"Camp Street",,"-58.1600","6.8137",,,12/6/2010 0:00:00,12/30/1899 12:30:00,"D- Property Damage","F- Driver",24.00,"Male","K- Private Cars;L- Lorries Van","S- Driver's Negligence",2.00
11339,38301.00,"4- Demerara- Mahaica",,"Thomas Street",,"-58.1577","6.8148",,,12/3/2010 0:00:00,12/30/1899 13:30:00,"D- Property Damage","F- Driver",33.00,"Female","K- Private Cars;N- Pickup","S- Driver's Negligence",2.00
11340,38302.00,"4- Demerara- Mahaica",,"Orange Walk & Croal Street",,"-58.1580","6.8076",,,12/6/2010 0:00:00,12/30/1899 7:40:00,"C- Minor Injury","F- Driver",40.00,"Male","K- Private Cars","S- Driver's Negligence",2.00
11341,38303.00,"4- Demerara- Mahaica",,"Camp & Robb",,"-58.1606","6.8111",,,12/7/2010 0:00:00,12/30/1899 7:30:00,"D- Property Damage","F- Driver",43.00,"Male","M- Hire Cars;N- Pickup","S- Driver's Negligence",2.00
11342,38304.00,"4- Demerara- Mahaica",,"East & Church Street",,"-58.1569","6.8113",,,12/6/2010 0:00:00,12/30/1899 10:15:00,"D- Property Damage","F- Driver",32.00,"Male","K- Private Cars","S- Driver's Negligence",2.00
11343,38305.00,"4- Demerara- Mahaica",,"Camp & Lamaha",,"-58.1584","6.8186",,,12/6/2010 0:00:00,12/30/1899 14:45:00,"D- Property Damage","F- Driver",48.00,"Male","J- Minibus;N- Pickup","S- Driver's Negligence",2.00
11344,38306.00,"4- Demerara- Mahaica",,"Vlissengen & North Road",,"-58.1479","6.8085",,,12/6/2010 0:00:00,12/30/1899 19:30:00,"D- Property Damage","F- Driver",50.00,"Female","J- Minibus;N- Pickup","S- Driver's Negligence",2.00
11345,38307.00,"4- Demerara- Mahaica",,"Albert & Croal",,"-58.1542","6.8067",,,12/8/2010 0:00:00,12/30/1899 8:45:00,"D- Property Damage","F- Driver",24.00,"Male","K- Private Cars;L- Lorries Van","S- Driver's Negligence",2.00
11346,38308.00,"4- Demerara- Mahaica",,"Middle Street",,"-58.1596","6.8155",,,12/4/2010 0:00:00,12/30/1899 12:30:00,"D- Property Damage","F- Driver",33.00,"Female","K- Private Cars;M- Hire Cars","S- Driver's Negligence",2.00
11347,38309.00,"4- Demerara- Mahaica",,"Brickdam & Vlissengen",,"-58.1511","6.8050",,,12/9/2010 0:00:00,12/30/1899 8:10:00,"C- Minor Injury","F- Driver",38.00,"Male","J- Minibus;W-Pedal Cycle","U- Cyclist's Negligence",2.00
11348,38310.00,"4- Demerara- Mahaica",,"Water Street",,"-58.1659","6.8180",,,12/9/2010 0:00:00,12/30/1899 11:10:00,"D- Property Damage","F- Driver",38.00,"Male","J- Minibus;N- Pickup","S- Driver's Negligence",2.00
11349,38311.00,"4- Demerara- Mahaica",,"Albert Street",,"-58.1527","6.8123",,,12/8/2010 0:00:00,12/30/1899 13:30:00,"C- Minor Injury","F- Driver",32.00,"Male","M- Hire Cars","S- Driver's Negligence",2.00
11350,38312.00,"4- Demerara- Mahaica",,"Regent & King Street",,"-58.1641","6.8112",,,12/10/2010 0:00:00,12/30/1899 8:30:00,"D- Property Damage","F- Driver",70.00,"Male","N- Pickup","S- Driver's Negligence",2.00
11351,38313.00,"4- Demerara- Mahaica",,"Carmichael & Church",,"-58.1637","6.8131",,,12/8/2010 0:00:00,12/30/1899 16:00:00,"D- Property Damage","F- Driver",27.00,"Female","K- Private Cars","S- Driver's Negligence",2.00
11352,38314.00,"4- Demerara- Mahaica",,"Crown & Albert",,"-58.1523","6.8139",,,12/10/2010 0:00:00,12/30/1899 14:30:00,"D- Property Damage","F- Driver",20.00,"Male","K- Private Cars;V-Motor Cycle","S- Driver's Negligence",2.00
11353,38315.00,"4- Demerara- Mahaica",,"Water Street",,"-58.1659","6.8180",,,12/11/2010 0:00:00,12/30/1899 8:15:00,"C- Minor Injury","F- Driver",28.00,"Male","J- Minibus","S- Driver's Negligence",2.00
11354,38316.00,"4- Demerara- Mahaica",,"Albert Street & North Road",,"-58.1534","6.8099",,,12/12/2010 0:00:00,12/30/1899 23:25:00,"C- Minor Injury","F- Driver",31.00,"Male","K- Private Cars;W-Pedal Cycle","T-Pedestrian's Negligence",2.00
11355,38317.00,"4- Demerara- Mahaica",,"South Road & Oronoque",,"-58.1528","6.8064",,,12/12/2010 0:00:00,12/30/1899 4:00:00,"D- Property Damage","F- Driver",31.00,"Female","K- Private Cars","P- Speeding",2.00
11356,38318.00,"4- Demerara- Mahaica",,"Church & Light Street",,"-58.1547","6.8107",,,12/26/2010 0:00:00,12/30/1899 11:30:00,"C- Minor Injury","F- Driver",37.00,"Male","N- Pickup","S- Driver's Negligence",2.00
11357,38319.00,"4- Demerara- Mahaica",,"North & Vlissengen Road",,"-58.1479","6.8085",,,12/13/2010 0:00:00,12/30/1899 0:25:00,"C- Minor Injury","F- Driver",30.00,"Male","N- Pickup;V-Motor Cycle","S- Driver's Negligence",2.00
11358,38320.00,"4- Demerara- Mahaica",,"Fourth & Light Street",,"-58.1540","6.8132",,,12/6/2010 0:00:00,12/30/1899 16:00:00,"B- Serious Injury","E- Pedestrian",37.00,"Male",,,2.00
11359,38321.00,"4- Demerara- Mahaica",,"Camp Street",,"-58.1600","6.8137",,,12/13/2010 0:00:00,12/30/1899 11:15:00,"D- Property Damage","F- Driver",32.00,"Male","J- Minibus;K- Private Cars","S- Driver's Negligence",2.00
11360,38322.00,"4- Demerara- Mahaica",,"Albert & Lamaha",,"-58.1515","6.8167",,,12/13/2010 0:00:00,12/30/1899 15:15:00,"D- Property Damage","F- Driver",30.00,"Male","M- Hire Cars;V-Motor Cycle","S- Driver's Negligence;U- Cyclist's Negligence",2.00
11361,38323.00,"4- Demerara- Mahaica",,"Regent Street",,"-58.1604","6.8102",,,12/9/2010 0:00:00,12/30/1899 15:45:00,"C- Minor Injury","F- Driver",58.00,"Male","J- Minibus","T-Pedestrian's Negligence",2.00
11362,38324.00,"4- Demerara- Mahaica",,"Thomas & Quamina",,"-58.1583","6.8134",,,12/14/2010 0:00:00,12/30/1899 14:45:00,"D- Property Damage","F- Driver",73.00,"Male","K- Private Cars;M- Hire Cars","S- Driver's Negligence",2.00