"ID","Accident ID","Region Number","Corridor ID","Location (Intersection/Road/Street)","Corridor","Location- longitude/ X","Location- latitude/  Y","Mile Marker","Village","Date of Accident","Time of Accident","Type of Accident","Class of Road User","Age/DOB","Gender","Class of Vehicles Involved","Contributing Factor","Number of Persons Involved"
11363,38325.00,"4- Demerara- Mahaica",,"Croal Street",,"-58.1581","6.8076",,,12/13/2010 0:00:00,12/30/1899 10:30:00,"C- Minor Injury","F- Driver",55.00,"Male","J- Minibus;W-Pedal Cycle","S- Driver's Negligence",2.00
11364,38326.00,"4- Demerara- Mahaica",,"Lamaha & Peter Rose",,"-58.1474","6.8156",,,12/14/2010 0:00:00,12/30/1899 7:30:00,"C- Minor Injury","G- Rider",23.00,"Male","K- Private Cars;V-Motor Cycle","U- Cyclist's Negligence",3.00
11365,38327.00,"4- Demerara- Mahaica",,"Avenue of Republic",,"-58.1651","6.8117",,,12/14/2010 0:00:00,12/30/1899 13:20:00,"D- Property Damage","G- Rider",25.00,"Female","N- Pickup","S- Driver's Negligence",2.00
11366,38328.00,"4- Demerara- Mahaica",,"Waterloo Street",,"-58.1612","6.8154",,,12/1/2010 0:00:00,12/30/1899 23:05:00,"D- Property Damage","F- Driver",26.00,"Male","K- Private Cars;N- Pickup","S- Driver's Negligence",2.00
11367,38329.00,"4- Demerara- Mahaica",,"Camp Street",,"-58.1600","6.8137",,,12/14/2010 0:00:00,12/30/1899 18:00:00,"D- Property Damage","F- Driver",28.00,"Male","K- Private Cars;M- Hire Cars","S- Driver's Negligence",2.00
11368,38330.00,"4- Demerara- Mahaica",,"Regent & Avenue of Republic",,"-58.1653","6.8114",,,12/15/2010 0:00:00,12/30/1899 11:45:00,"C- Minor Injury","F- Driver",,,"L- Lorries Van","S- Driver's Negligence",2.00
11369,38331.00,"4- Demerara- Mahaica",,"Main Street",,"-58.1276","6.8221",,,12/16/2010 0:00:00,12/30/1899 4:00:00,"C- Minor Injury","F- Driver",,,"N- Pickup","S- Driver's Negligence",2.00
11370,38332.00,"4- Demerara- Mahaica",,"Albert & Fourth Street",,"-58.1525","6.8128",,,12/15/2010 0:00:00,12/30/1899 14:00:00,"C- Minor Injury","F- Driver",70.00,"Male","J- Minibus;N- Pickup","S- Driver's Negligence",2.00
11371,38333.00,"4- Demerara- Mahaica",,"Regent & King Street",,"-58.1641","6.8112",,,12/13/2010 0:00:00,12/30/1899 13:30:00,"C- Minor Injury","F- Driver",37.00,"Male","J- Minibus","S- Driver's Negligence",2.00
11372,38334.00,"4- Demerara- Mahaica",,"Albert Street & North Road",,"-58.1534","6.8099",,,12/16/2010 0:00:00,12/30/1899 8:30:00,"D- Property Damage","F- Driver",25.00,"Male","K- Private Cars;L- Lorries Van;N- Pickup","O- Lost Control & Runoff;S- Driver's Negligence",3.00
11373,38335.00,"4- Demerara- Mahaica",,"Camp & Croal Street",,"-58.1613","6.8084",,,12/15/2010 0:00:00,12/30/1899 17:15:00,"D- Property Damage","F- Driver",28.00,"Male","J- Minibus;K- Private Cars","S- Driver's Negligence",2.00
11374,38336.00,"4- Demerara- Mahaica",,"Durban & George Street",,"-58.1628","6.8055",,,12/17/2010 0:00:00,12/30/1899 1:00:00,"D- Property Damage","F- Driver",21.00,"Female","K- Private Cars;M- Hire Cars","S- Driver's Negligence",2.00
11375,38337.00,"4- Demerara- Mahaica",,"High Street",,"-58.1669","6.8063",,,12/17/2010 0:00:00,12/30/1899 3:45:00,"D- Property Damage","F- Driver",18.00,"Male","K- Private Cars","S- Driver's Negligence",1.00
11376,38338.00,"4- Demerara- Mahaica",,"New Market & Carmichael",,"-58.1623","6.8179",,,12/14/2010 0:00:00,12/30/1899 11:15:00,"D- Property Damage","F- Driver",29.00,"Male","K- Private Cars","S- Driver's Negligence",3.00
11377,38339.00,"4- Demerara- Mahaica",,"High & Hadfield",,"-58.1662","6.8081",,,12/16/2010 0:00:00,12/30/1899 14:00:00,"B- Serious Injury","F- Driver",34.00,"Male","K- Private Cars","S- Driver's Negligence",2.00
11378,38340.00,"4- Demerara- Mahaica",,"Church Road",,"-58.1358","6.8229",,,12/17/2010 0:00:00,12/30/1899 10:15:00,"D- Property Damage","F- Driver",48.00,"Male","J- Minibus","S- Driver's Negligence",3.00
11379,38341.00,"4- Demerara- Mahaica",,"Avenue of Republic & Robb Street",,"-58.1650","6.8123",,,12/18/2010 0:00:00,12/30/1899 0:30:00,"D- Property Damage","F- Driver",35.00,"Male","L- Lorries Van;M- Hire Cars","S- Driver's Negligence",2.00
11380,38342.00,"4- Demerara- Mahaica",,"Carmichael & Middle St.",,"-58.1626","6.8163",,,12/18/2010 0:00:00,12/30/1899 11:20:00,"C- Minor Injury","F- Driver",23.00,"Male","K- Private Cars","P- Speeding",2.00
11381,38343.00,"4- Demerara- Mahaica",,"Carmichael & Quamina",,"-58.1630","6.8147",,,12/18/2010 0:00:00,12/30/1899 17:00:00,"C- Minor Injury","F- Driver",31.00,"Female","K- Private Cars;V-Motor Cycle","U- Cyclist's Negligence",2.00
11382,38344.00,"4- Demerara- Mahaica",,"Camp Street",,"-58.1600","6.8137",,,12/18/2010 0:00:00,12/30/1899 18:45:00,"D- Property Damage","F- Driver",26.00,"Female","K- Private Cars;M- Hire Cars","S- Driver's Negligence",2.00
11383,38345.00,"4- Demerara- Mahaica",,"Thomas Road",,"-58.1578","6.8152",,,12/20/2010 0:00:00,12/30/1899 17:30:00,"C- Minor Injury","F- Driver",34.00,"Female","K- Private Cars;V-Motor Cycle","U- Cyclist's Negligence",2.00
11384,38346.00,"4- Demerara- Mahaica",,"Avenue of Republic & North Road",,"-58.1534","6.8099",,,12/20/2010 0:00:00,12/30/1899 12:45:00,"D- Property Damage","F- Driver",35.00,"Male","J- Minibus","S- Driver's Negligence",2.00
11385,38347.00,"4- Demerara- Mahaica",,"Cornhill Street",,"-58.1574","6.8046",,,12/14/2010 0:00:00,12/30/1899 8:45:00,"D- Property Damage","F- Driver",57.00,"Male","M- Hire Cars","S- Driver's Negligence",2.00
11386,38348.00,"4- Demerara- Mahaica",,"Croal Street",,"-58.1581","6.8076",,,12/20/2010 0:00:00,12/30/1899 13:30:00,"D- Property Damage","F- Driver",35.00,"Male","J- Minibus;K- Private Cars","S- Driver's Negligence",2.00
11387,38349.00,"4- Demerara- Mahaica",,"Durban & George Street",,"-58.1628","6.8055",,,12/21/2010 0:00:00,12/30/1899 23:20:00,"B- Serious Injury","F- Driver",37.00,"Male","K- Private Cars;V-Motor Cycle","U- Cyclist's Negligence",2.00
11388,38350.00,"4- Demerara- Mahaica",,"Quamina & Waterloo",,"-58.1614","6.8142",,,12/22/2010 0:00:00,12/30/1899 10:15:00,"D- Property Damage","F- Driver",23.00,"Male","M- Hire Cars","P- Speeding",2.00
11389,38351.00,"4- Demerara- Mahaica",,"New Garden Street",,"-58.1491","6.8145",,,12/22/2010 0:00:00,12/30/1899 14:30:00,"D- Property Damage","F- Driver",,"Male","K- Private Cars;M- Hire Cars","S- Driver's Negligence",2.00
11390,38352.00,"4- Demerara- Mahaica",,"Church & Vlissengen",,"-58.1479","6.8089",,,12/13/2010 0:00:00,12/30/1899 14:00:00,"C- Minor Injury","F- Driver",47.00,"Male","J- Minibus;K- Private Cars","S- Driver's Negligence",2.00
11391,38353.00,"4- Demerara- Mahaica",,"Robb & Ornoque Street",,"-58.1521","6.8088",,,12/22/2010 0:00:00,12/30/1899 20:30:00,"B- Serious Injury","F- Driver",37.00,"Male","K- Private Cars;L- Lorries Van","S- Driver's Negligence",3.00
11392,38354.00,"4- Demerara- Mahaica",,"Carmichael Street",,"-58.1629","6.8159",,,12/24/2010 0:00:00,12/30/1899 11:00:00,"C- Minor Injury","G- Rider",25.00,"Male","V-Motor Cycle;W-Pedal Cycle","U- Cyclist's Negligence",2.00
11393,38355.00,"4- Demerara- Mahaica",,"Brickdam",,"-58.1552","6.8061",,,12/27/2010 0:00:00,12/30/1899 4:00:00,"D- Property Damage","F- Driver",28.00,"Male","K- Private Cars","S- Driver's Negligence",2.00
11394,38356.00,"4- Demerara- Mahaica",,"Lamaha & Camp Street",,"-58.1584","6.8186",,,12/27/2010 0:00:00,12/30/1899 1:00:00,"D- Property Damage","F- Driver",21.00,"Male","K- Private Cars","S- Driver's Negligence",2.00
11395,38357.00,"4- Demerara- Mahaica",,"Regent Street",,"-58.1604","6.8102",,,12/27/2010 0:00:00,12/30/1899 6:30:00,"D- Property Damage","F- Driver",60.00,"Male","J- Minibus;M- Hire Cars","S- Driver's Negligence",2.00
11396,38358.00,"4- Demerara- Mahaica",,"Water Street",,"-58.1659","6.8180",,,12/26/2010 0:00:00,12/30/1899 10:30:00,"C- Minor Injury","F- Driver",45.00,"Male","K- Private Cars","S- Driver's Negligence",2.00
11397,38359.00,"4- Demerara- Mahaica",,"Albert & Woolford Avenue",,"-58.1512","6.8178",,,12/24/2010 0:00:00,12/30/1899 8:45:00,"D- Property Damage","F- Driver",28.00,"Male","K- Private Cars;M- Hire Cars","S- Driver's Negligence",2.00
11398,38360.00,"4- Demerara- Mahaica",,"Smyth & Durban Street",,"-58.1641","6.8059",,,12/24/2010 0:00:00,12/30/1899 7:30:00,"D- Property Damage","F- Driver",41.00,"Male","J- Minibus;K- Private Cars;M- Hire Cars","S- Driver's Negligence",3.00
11399,38361.00,"4- Demerara- Mahaica",,"Middle & East Street",,"-58.1560","6.8145",,,12/28/2010 0:00:00,12/30/1899 13:00:00,"D- Property Damage","F- Driver",43.00,"Male","K- Private Cars;M- Hire Cars","S- Driver's Negligence",2.00
11400,38362.00,"4- Demerara- Mahaica",,"New Market & Camp",,"-58.1591","6.8170",,,12/28/2010 0:00:00,12/30/1899 0:45:00,"C- Minor Injury","G- Rider",18.00,"Male","V-Motor Cycle","O- Lost Control & Runoff",2.00
11401,38363.00,"4- Demerara- Mahaica",,"Vlissengen & South Road",,"-58.1508","6.8059",,,12/24/2010 0:00:00,12/30/1899 10:30:00,"D- Property Damage","F- Driver",85.00,"Male","K- Private Cars;L- Lorries Van","S- Driver's Negligence",2.00
11402,38364.00,"4- Demerara- Mahaica",,"Regent Street",,"-58.1604","6.8102",,,12/28/2010 0:00:00,12/30/1899 11:45:00,"C- Minor Injury","F- Driver",,,"K- Private Cars","S- Driver's Negligence",2.00
11403,38365.00,"4- Demerara- Mahaica",,"Camp & Lamaha",,"-58.1584","6.8186",,,12/22/2010 0:00:00,12/30/1899 18:30:00,"C- Minor Injury","F- Driver",47.00,"Male","K- Private Cars;M- Hire Cars","S- Driver's Negligence",2.00
11404,38366.00,"4- Demerara- Mahaica",,"South Road",,"-58.1586","6.8079",,,,,"C- Minor Injury","F- Driver",,"Male","K- Private Cars",,2.00
11405,38367.00,"4- Demerara- Mahaica",,"Camp Street",,"-58.1600","6.8137",,,12/31/2010 0:00:00,12/30/1899 4:45:00,"D- Property Damage","F- Driver",,,"K- Private Cars","P- Speeding",2.00
11406,38368.00,"4- Demerara- Mahaica",,"Hadfield Street",,"-58.1650","6.8079",,,12/31/2010 0:00:00,12/30/1899 17:30:00,"D- Property Damage","F- Driver",51.00,"Male","J- Minibus;K- Private Cars","S- Driver's Negligence",2.00
11407,38369.00,"4- Demerara- Mahaica",,"Cummings Street",,"-58.1553","6.8140",,,12/31/2010 0:00:00,12/30/1899 22:00:00,"C- Minor Injury","F- Driver",32.00,"Male","M- Hire Cars","S- Driver's Negligence",2.00
11408,38370.00,"4- Demerara- Mahaica",,"Regent Street",,"-58.1604","6.8102",,,12/31/2010 0:00:00,12/30/1899 15:45:00,"D- Property Damage","F- Driver",35.00,"Male","M- Hire Cars","S- Driver's Negligence",2.00
11409,38371.00,"4- Demerara- Mahaica",,"Durban & George",,"-58.1628","6.8055",,,1/2/2010 0:00:00,12/30/1899 13:30:00,"D- Property Damage","F- Driver",32.00,"Female","K- Private Cars;N- Pickup","S- Driver's Negligence",2.00
11410,38372.00,"4- Demerara- Mahaica",,"Wellington St.",,"-58.1623","6.8111",,,12/23/2010 0:00:00,,"D- Property Damage","F- Driver",36.00,"Female","K- Private Cars;L- Lorries Van","S- Driver's Negligence",2.00
11411,38373.00,"4- Demerara- Mahaica",,"Cummings & Regent Street",,"-58.1566","6.8092",,,12/23/2010 0:00:00,,"D- Property Damage","F- Driver",,"Male","J- Minibus;K- Private Cars","S- Driver's Negligence",2.00
11412,38374.00,"4- Demerara- Mahaica",,"Camp & Lamaha",,"-58.1584","6.8186",,,1/3/2010 0:00:00,12/30/1899 18:50:00,"C- Minor Injury","F- Driver",38.00,"Male","J- Minibus;K- Private Cars","S- Driver's Negligence",2.00
11413,38375.00,"4- Demerara- Mahaica",,"North Road",,"-58.1575","6.8110",,,1/4/2010 0:00:00,12/30/1899 13:45:00,"D- Property Damage","F- Driver",45.00,"Male","M- Hire Cars","S- Driver's Negligence",2.00
11414,38376.00,"4- Demerara- Mahaica",,"Regent Street",,"-58.1604","6.8102",,,1/3/2010 0:00:00,12/30/1899 11:30:00,"B- Serious Injury","G- Rider",53.00,"Male","K- Private Cars","Q- Alcohol",2.00
11415,38377.00,"4- Demerara- Mahaica",,"Regent Street",,"-58.1604","6.8102",,,12/31/2010 0:00:00,12/30/1899 9:30:00,"D- Property Damage","F- Driver",63.00,"Male","V-Motor Cycle","S- Driver's Negligence",2.00
11416,38378.00,"4- Demerara- Mahaica",,"Middle & Waterloo",,"-58.1611","6.8159",,,1/4/2011 0:00:00,12/30/1899 13:10:00,"D- Property Damage","F- Driver",35.00,"Male","J- Minibus;K- Private Cars","S- Driver's Negligence",2.00
11417,38379.00,"4- Demerara- Mahaica",,"Middle & Camp",,"-58.1599","6.8138",,,1/4/2011 0:00:00,12/30/1899 12:15:00,"D- Property Damage","F- Driver",50.00,"Female","K- Private Cars","S- Driver's Negligence",2.00
11418,38380.00,"4- Demerara- Mahaica",,"Regent Street",,"-58.1604","6.8102",,,1/5/2011 0:00:00,12/30/1899 9:00:00,"D- Property Damage","F- Driver",34.00,"Male","K- Private Cars","S- Driver's Negligence",2.00
11419,38381.00,"4- Demerara- Mahaica",,"Albert & Regent",,"-58.1538","6.8084",,,1/6/2011 0:00:00,12/30/1899 2:00:00,"D- Property Damage","F- Driver",33.00,"Male","M- Hire Cars","S- Driver's Negligence",2.00
11420,38382.00,"4- Demerara- Mahaica",,"Lamaha & Main",,"-58.1633","6.8199",,,1/6/2011 0:00:00,12/30/1899 15:40:00,"D- Property Damage","F- Driver",32.00,"Female","M- Hire Cars;N- Pickup","P- Speeding",2.00
11421,38383.00,"4- Demerara- Mahaica",,"Camp & Robb",,"-58.1606","6.8111",,,1/6/2011 0:00:00,12/30/1899 16:00:00,"D- Property Damage","F- Driver",21.00,"Male","K- Private Cars","S- Driver's Negligence",3.00
11422,38384.00,"4- Demerara- Mahaica",,"Middle & East Street",,"-58.1560","6.8145",,,1/7/2011 0:00:00,12/30/1899 11:00:00,"D- Property Damage","F- Driver",27.00,"Male","K- Private Cars;M- Hire Cars","S- Driver's Negligence",2.00
11423,38385.00,"4- Demerara- Mahaica",,"Regent Street",,"-58.1604","6.8102",,,1/7/2011 0:00:00,12/30/1899 14:20:00,"D- Property Damage","F- Driver",65.00,"Male","J- Minibus;N- Pickup","S- Driver's Negligence",2.00
11424,38386.00,"4- Demerara- Mahaica",,"Regent & Alexander",,"-58.1593","6.8099",,,1/8/2011 0:00:00,12/30/1899 7:35:00,"D- Property Damage","F- Driver",32.00,"Male","K- Private Cars;L- Lorries Van","S- Driver's Negligence",2.00
11425,38387.00,"4- Demerara- Mahaica",,"Light & First Street",,"-58.1532","6.8161",,,1/8/2011 0:00:00,12/30/1899 9:30:00,"D- Property Damage","F- Driver",34.00,"Female","K- Private Cars","S- Driver's Negligence",2.00
11426,38388.00,"4- Demerara- Mahaica",,"Norton Street",,"-58.1519","6.8017",,,1/8/2011 0:00:00,12/30/1899 20:55:00,"C- Minor Injury","F- Driver",,"Male","K- Private Cars","S- Driver's Negligence",2.00
11427,38389.00,"4- Demerara- Mahaica",,"Brickdan & Brummel Place",,"-58.1618","6.8079",,,1/10/2011 0:00:00,12/30/1899 15:30:00,"D- Property Damage","F- Driver",36.00,,"J- Minibus;K- Private Cars;M- Hire Cars","S- Driver's Negligence",4.00
11428,38390.00,"4- Demerara- Mahaica",,"Avenue of Republic & Robb Street",,"-58.1650","6.8123",,,1/7/2011 0:00:00,12/30/1899 15:00:00,"D- Property Damage","G- Rider",,"Male","N- Pickup;V-Motor Cycle","S- Driver's Negligence",2.00
11429,38391.00,"4- Demerara- Mahaica",,"Croal Street",,"-58.1581","6.8076",,,1/12/2011 0:00:00,12/30/1899 8:45:00,"B- Serious Injury","F- Driver",26.00,,"J- Minibus","S- Driver's Negligence",2.00
11430,38392.00,"4- Demerara- Mahaica",,"Church Street",,"-58.1574","6.8114",,,1/12/2011 0:00:00,12/30/1899 9:30:00,"C- Minor Injury","F- Driver",22.00,"Male","K- Private Cars","S- Driver's Negligence",2.00
11431,38393.00,"4- Demerara- Mahaica",,"Camp Street",,"-58.1600","6.8137",,,1/9/2011 0:00:00,12/30/1899 19:00:00,"D- Property Damage","F- Driver",42.00,"Male","K- Private Cars","S- Driver's Negligence",2.00
11432,38394.00,"4- Demerara- Mahaica",,"King Street",,"-58.1641","6.8109",,,1/14/2011 0:00:00,12/30/1899 13:45:00,"D- Property Damage","F- Driver",36.00,"Male","K- Private Cars","S- Driver's Negligence",2.00
11433,38395.00,"4- Demerara- Mahaica",,"Avenue of Republic",,"-58.1651","6.8117",,,1/10/2011 0:00:00,12/30/1899 10:30:00,"D- Property Damage","F- Driver",56.00,"Female","L- Lorries Van;M- Hire Cars","S- Driver's Negligence",2.00
11434,38396.00,"4- Demerara- Mahaica",,"Church & Carmichael",,"-58.1637","6.8131",,,1/14/2011 0:00:00,12/30/1899 15:15:00,"D- Property Damage","F- Driver",37.00,"Male","J- Minibus;K- Private Cars","S- Driver's Negligence",3.00
11435,38397.00,"4- Demerara- Mahaica",,"North Road & Cummings",,"-58.1562","6.8107",,,1/14/2011 0:00:00,12/30/1899 17:30:00,"C- Minor Injury","F- Driver",22.00,"Female","K- Private Cars;V-Motor Cycle","S- Driver's Negligence",2.00
11436,38398.00,"4- Demerara- Mahaica",,"Durban & Smyth Street",,"-58.1641","6.8059",,,1/13/2011 0:00:00,12/30/1899 10:15:00,"D- Property Damage","F- Driver",76.00,"Male","J- Minibus;K- Private Cars","S- Driver's Negligence",2.00
11437,38399.00,"4- Demerara- Mahaica",,"Brickdam & United Nations Place",,"-58.1604","6.8074",,,1/10/2011 0:00:00,12/30/1899 0:20:00,"C- Minor Injury","F- Driver",23.00,"Male","J- Minibus;K- Private Cars","S- Driver's Negligence",2.00
11438,38400.00,"4- Demerara- Mahaica",,"Irving Street",,"-58.1455","6.8177",,,1/13/2011 0:00:00,12/30/1899 21:00:00,"D- Property Damage","F- Driver",43.00,"Male","J- Minibus;K- Private Cars","Q- Alcohol;S- Driver's Negligence",2.00
11439,38401.00,"4- Demerara- Mahaica",,"Light & Regent",,"-58.1552","6.8087",,,1/16/2011 0:00:00,12/30/1899 18:30:00,"B- Serious Injury","F- Driver",42.00,"Male","K- Private Cars;M- Hire Cars","U- Cyclist's Negligence",3.00
11440,38402.00,"4- Demerara- Mahaica",,"Regent & Cummings",,"-58.1566","6.8092",,,1/17/2011 0:00:00,12/30/1899 13:00:00,"D- Property Damage","F- Driver",40.00,"Male","M- Hire Cars;W-Pedal Cycle","S- Driver's Negligence",2.00
11441,38403.00,"4- Demerara- Mahaica",,"Irving Street",,"-58.1455","6.8177",,,1/17/2011 0:00:00,12/30/1899 13:30:00,"C- Minor Injury","G- Rider",26.00,"Male","J- Minibus;N- Pickup","T-Pedestrian's Negligence",2.00
11442,38404.00,"4- Demerara- Mahaica",,"Durban & Haley",,"-58.1522","6.8027",,,1/16/2011 0:00:00,12/30/1899 20:45:00,"D- Property Damage","F- Driver",28.00,"Male","J- Minibus;V-Motor Cycle","Q- Alcohol;S- Driver's Negligence;U- Cyclist's Negligence",2.00
11443,38405.00,"4- Demerara- Mahaica",,"Croal Street",,"-58.1581","6.8076",,,1/18/2011 0:00:00,12/30/1899 8:30:00,"B- Serious Injury","F- Driver",28.00,"Male","M- Hire Cars;N- Pickup","S- Driver's Negligence",3.00
11444,38406.00,"4- Demerara- Mahaica",,"Irving & Crown",,"-58.1494","6.8132",,,1/18/2011 0:00:00,12/30/1899 15:30:00,"D- Property Damage","F- Driver",35.00,"Male","K- Private Cars","S- Driver's Negligence",3.00
11445,38407.00,"4- Demerara- Mahaica",,"Regent & Shiv Chanderpaul Drive",,"-58.1509","6.8076",,,1/24/2011 0:00:00,12/30/1899 11:45:00,"D- Property Damage","F- Driver",39.00,"Male","K- Private Cars;N- Pickup","S- Driver's Negligence",2.00
11446,38408.00,"4- Demerara- Mahaica",,"Quamina & Main Street",,"-58.1647","6.8151",,,1/20/2011 0:00:00,12/30/1899 4:45:00,"C- Minor Injury","F- Driver",30.00,"Male","K- Private Cars;N- Pickup","S- Driver's Negligence",2.00
11447,38409.00,"4- Demerara- Mahaica",,"Lamaha & New Garden St.",,"-58.1487","6.8159",,,1/19/2011 0:00:00,12/30/1899 17:45:00,"D- Property Damage","F- Driver",61.00,"Male","K- Private Cars","S- Driver's Negligence",2.00
11448,38410.00,"4- Demerara- Mahaica",,"Regent Street",,"-58.1604","6.8102",,,1/18/2011 0:00:00,12/30/1899 18:30:00,"C- Minor Injury","G- Rider",25.00,"Male","V-Motor Cycle","U- Cyclist's Negligence",2.00
11449,38411.00,"4- Demerara- Mahaica",,"Robb Street",,"-58.1598","6.8108",,,1/20/2011 0:00:00,12/30/1899 11:30:00,"D- Property Damage","F- Driver",37.00,"Female","K- Private Cars;L- Lorries Van","S- Driver's Negligence",4.00
11450,38412.00,"4- Demerara- Mahaica",,"Middle & Waterloo",,"-58.1611","6.8159",,,1/21/2011 0:00:00,12/30/1899 9:00:00,"D- Property Damage","F- Driver",48.00,"Female","K- Private Cars;N- Pickup","S- Driver's Negligence",2.00
11451,38413.00,"4- Demerara- Mahaica",,"Brickdam & Avenue of Republic",,"-58.1660","6.8089",,,1/20/2011 0:00:00,12/30/1899 23:50:00,"D- Property Damage","F- Driver",31.00,"Male","K- Private Cars","Q- Alcohol",2.00
11452,38414.00,"4- Demerara- Mahaica",,"Cornhill Street",,"-58.1574","6.8046",,,1/21/2011 0:00:00,12/30/1899 19:30:00,"C- Minor Injury","F- Driver",28.00,"Male","J- Minibus","S- Driver's Negligence",2.00
11453,38415.00,"4- Demerara- Mahaica",,"Lance Gibbs & Ornoque",,"-58.1511","6.8124",,,1/22/2011 0:00:00,12/30/1899 9:15:00,"A- Fatal","F- Driver",28.00,"Male","J- Minibus;M- Hire Cars","S- Driver's Negligence",6.00
11454,38416.00,"4- Demerara- Mahaica",,"Church & Cummings",,"-58.1561","6.8111",,,1/23/2011 0:00:00,12/30/1899 12:30:00,"D- Property Damage","F- Driver",18.00,"Male","K- Private Cars","S- Driver's Negligence",3.00
11455,38417.00,"4- Demerara- Mahaica",,"Durban & George Street",,"-58.1628","6.8055",,,3/17/2011 0:00:00,12/30/1899 9:10:00,"D- Property Damage","F- Driver",67.00,"Male","K- Private Cars;N- Pickup","S- Driver's Negligence",2.00
11456,38418.00,"4- Demerara- Mahaica",,"Quamina Street",,"-58.1616","6.8142",,,3/17/2011 0:00:00,12/30/1899 15:45:00,"D- Property Damage","F- Driver",20.00,"Male","K- Private Cars;L- Lorries Van","S- Driver's Negligence",2.00
11457,38419.00,"4- Demerara- Mahaica",,"Regent & Vlissengen Road",,"-58.1489","6.8070",,,3/19/2011 0:00:00,12/30/1899 9:00:00,"D- Property Damage","F- Driver",45.00,"Male","J- Minibus;M- Hire Cars","S- Driver's Negligence",2.00
11458,38420.00,"4- Demerara- Mahaica",,"John Street",,"-58.1374","6.8107",,,3/18/2011 0:00:00,12/30/1899 23:00:00,"D- Property Damage","F- Driver",52.00,"Male","K- Private Cars;N- Pickup",,2.00
11459,38421.00,"4- Demerara- Mahaica",,"Cemetry Road",,"-58.1526","6.7956",,,3/21/2011 0:00:00,12/30/1899 8:30:00,"B- Serious Injury","F- Driver",60.00,"Male","K- Private Cars;V-Motor Cycle","S- Driver's Negligence",4.00
11460,38422.00,"4- Demerara- Mahaica",,"Camp & Church Street",,"-58.1601","6.8122",,,3/21/2011 0:00:00,12/30/1899 17:00:00,"D- Property Damage","F- Driver",37.00,"Male","K- Private Cars","P- Speeding;S- Driver's Negligence",2.00
11461,38423.00,"4- Demerara- Mahaica",,"Avenue of the Republic & Charlotte Street",,"-58.1655","6.8106",,,3/22/2011 0:00:00,12/30/1899 12:05:00,"D- Property Damage","F- Driver",40.00,"Male","J- Minibus","S- Driver's Negligence",2.00
11462,38424.00,"4- Demerara- Mahaica",,"Durban Street",,"-58.1526","6.8028",,,3/23/2011 0:00:00,12/30/1899 14:30:00,"D- Property Damage","F- Driver",23.00,"Male","K- Private Cars;L- Lorries Van","S- Driver's Negligence",2.00
11463,38425.00,"4- Demerara- Mahaica",,"Albert & Charlotte",,"-58.1540","6.8075",,,3/24/2011 0:00:00,12/30/1899 15:15:00,"C- Minor Injury","F- Driver",28.00,"Female","K- Private Cars;M- Hire Cars","S- Driver's Negligence",2.00
11464,38426.00,"4- Demerara- Mahaica",,"Lombard Street",,"-58.1675","6.8071",,,3/25/2011 0:00:00,12/30/1899 9:10:00,"D- Property Damage","F- Driver",37.00,"Male","L- Lorries Van;N- Pickup","S- Driver's Negligence",2.00
11465,38427.00,"4- Demerara- Mahaica",,"First & Albert Street",,"-58.1518","6.8157",,,3/26/2011 0:00:00,12/30/1899 15:00:00,"D- Property Damage","F- Driver",33.00,"Male",,"S- Driver's Negligence",2.00
11466,38428.00,"4- Demerara- Mahaica",,"Robb & Ornoque Street",,"-58.1521","6.8088",,,3/26/2011 0:00:00,12/30/1899 16:20:00,"C- Minor Injury","F- Driver",29.00,"Male","K- Private Cars;M- Hire Cars","S- Driver's Negligence",2.00
11467,38429.00,"4- Demerara- Mahaica",,"Regent & orange Walk",,"-58.1575","6.8094",,,3/25/2011 0:00:00,12/30/1899 21:30:00,"C- Minor Injury","F- Driver",31.00,"Male","K- Private Cars","T-Pedestrian's Negligence",3.00
11468,38430.00,"4- Demerara- Mahaica",,"North Road & Avenue of the Republic",,"-58.1648","6.8130",,,3/28/2011 0:00:00,12/30/1899 12:40:00,"D- Property Damage","F- Driver",29.00,"Male","M- Hire Cars;N- Pickup","S- Driver's Negligence",2.00
11469,38431.00,"4- Demerara- Mahaica",,"Robb Street",,"-58.1599","6.8109",,,3/28/2011 0:00:00,12/30/1899 15:05:00,"D- Property Damage","F- Driver",30.00,"Male","K- Private Cars","S- Driver's Negligence",2.00
11470,38432.00,"4- Demerara- Mahaica",,"Avenue of the Republic & Brickdam",,"-58.1660","6.8089",,,3/28/2011 0:00:00,12/30/1899 14:15:00,"D- Property Damage","F- Driver",31.00,"Male","K- Private Cars","S- Driver's Negligence",2.00
11471,38433.00,"4- Demerara- Mahaica",,"South Road",,"-58.1586","6.8079",,,3/29/2011 0:00:00,12/30/1899 11:55:00,"D- Property Damage","F- Driver",47.00,"Male","J- Minibus;K- Private Cars","O- Lost Control & Runoff;P- Speeding",3.00
11472,38434.00,"4- Demerara- Mahaica",,"Lamaha Street",,"-58.1564","6.8181",,,3/29/2011 0:00:00,12/30/1899 21:30:00,"D- Property Damage","F- Driver",27.00,"Male","K- Private Cars","O- Lost Control & Runoff",1.00
11473,38435.00,"4- Demerara- Mahaica",,"King Street",,"-58.1641","6.8109",,,3/30/2011 0:00:00,12/30/1899 15:40:00,"C- Minor Injury","F- Driver",35.00,"Male","J- Minibus","T-Pedestrian's Negligence",2.00