"ID","Accident ID","Region Number","Corridor ID","Location (Intersection/Road/Street)","Corridor","Location- longitude/ X","Location- latitude/  Y","Mile Marker","Village","Date of Accident","Time of Accident","Type of Accident","Class of Road User","Age/DOB","Gender","Class of Vehicles Involved","Contributing Factor","Number of Persons Involved"
11474,38436.00,"4- Demerara- Mahaica",,"North Road & Albert Street",,"-58.1534","6.8099",,,3/31/2011 0:00:00,12/30/1899 10:40:00,"C- Minor Injury","F- Driver",30.00,"Female","K- Private Cars;V-Motor Cycle","S- Driver's Negligence",2.00
11475,38437.00,"4- Demerara- Mahaica",,"Church Street",,"-58.1574","6.8114",,,3/31/2011 0:00:00,12/30/1899 19:00:00,"C- Minor Injury","G- Rider",30.00,"Female","K- Private Cars;W-Pedal Cycle","U- Cyclist's Negligence",2.00
11476,38438.00,"4- Demerara- Mahaica",,"Charlotte Street",,"-58.1635","6.8101",,,4/2/2011 0:00:00,12/30/1899 22:30:00,"C- Minor Injury","F- Driver",39.00,"Male","K- Private Cars;N- Pickup","S- Driver's Negligence",5.00
11477,38439.00,"4- Demerara- Mahaica",,"Avenue of the Republic & North Road",,"-58.1534","6.8099",,,4/2/2011 0:00:00,12/30/1899 9:20:00,"D- Property Damage","F- Driver",35.00,"Male","J- Minibus;K- Private Cars;N- Pickup","O- Lost Control & Runoff",2.00
11478,38440.00,"4- Demerara- Mahaica",,"High & Cowan Street",,"-58.1633","6.8206",,,4/4/2011 0:00:00,12/30/1899 8:30:00,"C- Minor Injury","F- Driver",50.00,"Male","M- Hire Cars;N- Pickup","S- Driver's Negligence",2.00
11479,38441.00,"4- Demerara- Mahaica",,"Water Street",,"-58.1659","6.8180",,,4/4/2011 0:00:00,12/30/1899 12:30:00,"A- Fatal","F- Driver",56.00,"Male","X-Tractor",,2.00
11480,38442.00,"4- Demerara- Mahaica",,"Brickdam",,"-58.1552","6.8061",,,4/5/2011 0:00:00,12/30/1899 13:00:00,"D- Property Damage","F- Driver",30.00,"Male","K- Private Cars;N- Pickup","S- Driver's Negligence",2.00
11481,38443.00,"4- Demerara- Mahaica",,"Norton & Cemetary Road",,"-58.1477","6.8088",,,4/6/2011 0:00:00,12/30/1899 7:30:00,"C- Minor Injury","F- Driver",36.00,"Male","K- Private Cars;N- Pickup","S- Driver's Negligence",3.00
11482,38444.00,"4- Demerara- Mahaica",,"Quamina & East Street Eastern Carriageway",,"-58.1566","6.8129",,,4/6/2011 0:00:00,12/30/1899 16:45:00,"C- Minor Injury","F- Driver",34.00,"Male","K- Private Cars;N- Pickup","P- Speeding",3.00
11483,38445.00,"4- Demerara- Mahaica",,"High Street",,"-58.1669","6.8063",,,4/7/2011 0:00:00,12/30/1899 13:00:00,"D- Property Damage","F- Driver",49.00,"Male","K- Private Cars;M- Hire Cars","S- Driver's Negligence",2.00
11484,38446.00,"4- Demerara- Mahaica",,"Durban & George Street",,"-58.1628","6.8055",,,4/1/2011 0:00:00,12/30/1899 9:30:00,"D- Property Damage","F- Driver",34.00,"Female","K- Private Cars;M- Hire Cars","S- Driver's Negligence",2.00
11485,38447.00,"4- Demerara- Mahaica",,"Hadfield & High Street",,"-58.1662","6.8081",,,4/8/2011 0:00:00,12/30/1899 15:00:00,"D- Property Damage","F- Driver",42.00,"Male","K- Private Cars;N- Pickup","S- Driver's Negligence",2.00
11486,38448.00,"4- Demerara- Mahaica",,"Main Street - W/Carriageway",,"-58.1276","6.8221",,,4/8/2011 0:00:00,12/30/1899 15:30:00,"C- Minor Injury","F- Driver",26.00,"Male","K- Private Cars","S- Driver's Negligence;T-Pedestrian's Negligence",2.00
11487,38449.00,"4- Demerara- Mahaica",,"John & Durban Street",,"-58.1402","6.7996",,,4/8/2011 0:00:00,12/30/1899 23:30:00,"C- Minor Injury","F- Driver",32.00,"Male","K- Private Cars;M- Hire Cars","Q- Alcohol",4.00
11488,38450.00,"4- Demerara- Mahaica",,"Church & Carmichael Street",,"-58.1637","6.8131",,,4/9/2011 0:00:00,12/30/1899 11:10:00,"D- Property Damage","F- Driver",30.00,"Male","K- Private Cars","S- Driver's Negligence",2.00
11489,38451.00,"4- Demerara- Mahaica",,"Durban & Vlissengen Road",,"-58.1511","6.8025",,,4/9/2011 0:00:00,12/30/1899 12:45:00,"B- Serious Injury","F- Driver",44.00,"Male","K- Private Cars;V-Motor Cycle","P- Speeding;S- Driver's Negligence",3.00
11490,38452.00,"4- Demerara- Mahaica",,"Regent & Bourda",,"-58.1584","6.8096",,,4/10/2011 0:00:00,12/30/1899 23:45:00,"D- Property Damage","F- Driver",58.00,"Male","M- Hire Cars;N- Pickup","S- Driver's Negligence",2.00
11491,38453.00,"4- Demerara- Mahaica",,"Regent Street",,"-58.1604","6.8102",,,4/12/2011 0:00:00,12/30/1899 19:20:00,"D- Property Damage","F- Driver",42.00,"Male","K- Private Cars","S- Driver's Negligence",3.00
11492,38454.00,"4- Demerara- Mahaica",,"Regent & Oronoque",,"-58.1524","6.8080",,,4/14/2011 0:00:00,12/30/1899 9:30:00,"C- Minor Injury","F- Driver",60.00,"Female","K- Private Cars","S- Driver's Negligence",2.00
11493,38455.00,"4- Demerara- Mahaica",,"Durban Street",,"-58.1526","6.8028",,,4/14/2011 0:00:00,12/30/1899 10:15:00,"C- Minor Injury","F- Driver",54.00,"Male","K- Private Cars","T-Pedestrian's Negligence",2.00
11494,38456.00,"4- Demerara- Mahaica",,"Norton & Halley Street",,"-58.1525","6.8019",,,4/15/2011 0:00:00,12/30/1899 8:15:00,"D- Property Damage","F- Driver",34.00,"Male","K- Private Cars;M- Hire Cars","S- Driver's Negligence",2.00
11495,38457.00,"4- Demerara- Mahaica",,"Charlotte & King Street",,"-58.1643","6.8103",,,4/17/2011 0:00:00,12/30/1899 11:00:00,"D- Property Damage","F- Driver",33.00,"Female","J- Minibus;K- Private Cars","S- Driver's Negligence",3.00
11496,38458.00,"4- Demerara- Mahaica",,"Albert & Charlotte",,"-58.1540","6.8075",,,4/18/2011 0:00:00,12/30/1899 17:20:00,"D- Property Damage","F- Driver",26.00,"Male","K- Private Cars;M- Hire Cars","S- Driver's Negligence",2.00
11497,38459.00,"4- Demerara- Mahaica",,"East & Quamina",,"-58.1566","6.8129",,,4/19/2011 0:00:00,12/30/1899 8:00:00,"D- Property Damage","F- Driver",26.00,"Male","M- Hire Cars;N- Pickup","S- Driver's Negligence",2.00
11498,38460.00,"4- Demerara- Mahaica",,"Camp & Middle",,"-58.1599","6.8138",,,4/20/2011 0:00:00,12/30/1899 23:00:00,"D- Property Damage","F- Driver",30.00,"Male","K- Private Cars;N- Pickup","S- Driver's Negligence",2.00
11499,38461.00,"4- Demerara- Mahaica",,"Carmichael & New Market Street",,"-58.1623","6.8179",,,4/21/2011 0:00:00,12/30/1899 9:45:00,"C- Minor Injury","F- Driver",27.00,"Male","K- Private Cars;L- Lorries Van","S- Driver's Negligence",2.00
11500,38462.00,"4- Demerara- Mahaica",,"Camp Street",,"-58.1600","6.8137",,,4/21/2011 0:00:00,12/30/1899 14:00:00,"D- Property Damage","F- Driver",59.00,"Male","L- Lorries Van;N- Pickup","S- Driver's Negligence",2.00
11501,38463.00,"4- Demerara- Mahaica",,"Quamima & Camp Street",,"-58.1599","6.8138",,,4/13/2011 0:00:00,12/30/1899 22:15:00,"D- Property Damage","F- Driver",57.00,"Male","K- Private Cars;M- Hire Cars","S- Driver's Negligence",2.00
11502,38464.00,"4- Demerara- Mahaica",,"High & Princess Street",,"-58.1671","6.8047",,,4/27/2011 0:00:00,12/30/1899 8:00:00,"D- Property Damage","F- Driver",47.00,"Male","K- Private Cars;L- Lorries Van","S- Driver's Negligence",2.00
11503,38465.00,"4- Demerara- Mahaica",,"Quamina & Main Street",,"-58.1647","6.8151",,,4/28/2011 0:00:00,12/30/1899 4:30:00,"D- Property Damage","F- Driver",41.00,"Male","K- Private Cars","S- Driver's Negligence",2.00
11504,38466.00,"4- Demerara- Mahaica",,"Regent & Light Street",,"-58.1552","6.8087",,,4/29/2011 0:00:00,12/30/1899 15:45:00,"D- Property Damage","F- Driver",42.00,"Male","J- Minibus","S- Driver's Negligence",2.00
11505,38467.00,"4- Demerara- Mahaica",,"Camp & Robb Street",,"-58.1606","6.8111",,,4/29/2011 0:00:00,12/30/1899 15:30:00,"D- Property Damage","F- Driver",21.00,"Female","K- Private Cars;M- Hire Cars","S- Driver's Negligence",2.00
11506,38468.00,"4- Demerara- Mahaica",,"Norton Street",,"-58.1519","6.8017",,,5/1/2011 0:00:00,12/30/1899 9:40:00,"B- Serious Injury","E- Pedestrian",42.00,"Male","K- Private Cars","T-Pedestrian's Negligence",2.00
11507,38469.00,"4- Demerara- Mahaica",,"Barrack Street",,"-58.1593","6.8211",,,4/9/2011 0:00:00,12/30/1899 13:50:00,"D- Property Damage","F- Driver",30.00,"Female","K- Private Cars;L- Lorries Van","S- Driver's Negligence",2.00
11508,38470.00,"4- Demerara- Mahaica",,"Camp Street",,"-58.1600","6.8137",,,4/30/2011 0:00:00,12/30/1899 11:30:00,"C- Minor Injury","F- Driver",74.00,"Female","N- Pickup;W-Pedal Cycle","S- Driver's Negligence",2.00
11509,38471.00,"4- Demerara- Mahaica",,"South Road",,"-58.1586","6.8079",,,2/3/2011 0:00:00,12/30/1899 11:30:00,"D- Property Damage","F- Driver",,,"K- Private Cars","S- Driver's Negligence",2.00
11510,38472.00,"4- Demerara- Mahaica",,"Light & Robb Street",,"-58.1549","6.8095",,,3/5/2011 0:00:00,12/30/1899 2:00:00,"C- Minor Injury","F- Driver",30.00,"Male","M- Hire Cars;V-Motor Cycle","U- Cyclist's Negligence",2.00
11511,38473.00,"4- Demerara- Mahaica",,"Camp & Quamina",,"-58.1599","6.8138",,,3/6/2011 0:00:00,12/30/1899 13:30:00,"D- Property Damage","F- Driver",34.00,"Male","M- Hire Cars;N- Pickup","P- Speeding",2.00
11512,38474.00,"4- Demerara- Mahaica",,"Louisa Row & Norton Street",,"-58.1577","6.8033",,,9/21/2011 0:00:00,12/30/1899 14:00:00,"D- Property Damage","F- Driver",19.00,"Male","K- Private Cars","S- Driver's Negligence",3.00
11513,38475.00,"4- Demerara- Mahaica",,"Main Street",,"-58.1276","6.8221",,,9/4/2011 0:00:00,12/30/1899 3:00:00,"B- Serious Injury","G- Rider",32.00,"Male","V-Motor Cycle","T-Pedestrian's Negligence",2.00
11514,38476.00,"4- Demerara- Mahaica",,"Camp & Quamina Street",,"-58.1599","6.8138",,,3/3/2011 0:00:00,12/30/1899 20:30:00,"D- Property Damage","F- Driver",55.00,"Male","K- Private Cars","O- Lost Control & Runoff",2.00
11515,38477.00,"4- Demerara- Mahaica",,"New Market & Camp",,"-58.1591","6.8170",,,9/5/2011 0:00:00,12/30/1899 12:15:00,"C- Minor Injury","F- Driver",29.00,"Female","K- Private Cars;V-Motor Cycle","U- Cyclist's Negligence",2.00
11516,38478.00,"4- Demerara- Mahaica",,"Lamaha Street",,"-58.1564","6.8181",,,8/27/2011 0:00:00,12/30/1899 18:00:00,"C- Minor Injury","F- Driver",77.00,"Male","K- Private Cars","P- Speeding",2.00
11517,38479.00,"4- Demerara- Mahaica",,"North Road & New Garden",,"-58.1505","6.8091",,,9/6/2011 0:00:00,12/30/1899 17:00:00,"D- Property Damage","F- Driver",33.00,"Male","K- Private Cars;V-Motor Cycle","S- Driver's Negligence",2.00
11518,38480.00,"4- Demerara- Mahaica",,"Lamaha & Thomas Street",,"-58.1568","6.8181",,,9/7/2011 0:00:00,12/30/1899 9:00:00,"D- Property Damage","F- Driver",38.00,"Male","K- Private Cars;M- Hire Cars","S- Driver's Negligence",2.00
11519,38481.00,"4- Demerara- Mahaica",,"Church & Thomas Street",,"-58.1585","6.8117",,,9/7/2011 0:00:00,12/30/1899 12:00:00,"D- Property Damage","F- Driver",50.00,"Male","N- Pickup","S- Driver's Negligence",2.00
11520,38482.00,"4- Demerara- Mahaica",,"Holmes Street",,"-58.1651","6.8153",,,9/8/2011 0:00:00,12/30/1899 11:30:00,"D- Property Damage","F- Driver",45.00,"Male","K- Private Cars;N- Pickup","S- Driver's Negligence",2.00
11521,38483.00,"4- Demerara- Mahaica",,"North Road",,"-58.1575","6.8110",,,9/6/2011 0:00:00,12/30/1899 19:15:00,"C- Minor Injury","G- Rider",57.00,"Male","V-Motor Cycle","U- Cyclist's Negligence",2.00
11522,38484.00,"4- Demerara- Mahaica",,"Regent Street",,"-58.1604","6.8102",,,9/10/2011 0:00:00,12/30/1899 12:30:00,"D- Property Damage","F- Driver",44.00,"Male","K- Private Cars","S- Driver's Negligence",2.00
11523,38485.00,"4- Demerara- Mahaica",,"Regent Street",,"-58.1604","6.8102",,,9/10/2011 0:00:00,12/30/1899 9:05:00,"A- Fatal","F- Driver",54.00,"Male","K- Private Cars","P- Speeding;T-Pedestrian's Negligence",2.00
11524,38486.00,"4- Demerara- Mahaica",,"Robb Street",,"-58.1599","6.8109",,,9/8/2011 0:00:00,12/30/1899 10:00:00,"D- Property Damage","F- Driver",44.00,"Male","M- Hire Cars;V-Motor Cycle","S- Driver's Negligence",2.00
11525,38487.00,"4- Demerara- Mahaica",,"Carmichael Street",,"-58.1629","6.8159",,,9/15/2011 0:00:00,12/30/1899 13:30:00,"D- Property Damage","F- Driver",31.00,"Male","M- Hire Cars;N- Pickup","S- Driver's Negligence",2.00
11526,38488.00,"4- Demerara- Mahaica",,"Church & New Garden Street",,"-58.1504","6.8096",,,9/12/2011 0:00:00,12/30/1899 8:00:00,"C- Minor Injury","F- Driver",53.00,"Male","K- Private Cars;M- Hire Cars","S- Driver's Negligence",2.00
11527,38489.00,"4- Demerara- Mahaica",,"Hadfield & High Street",,"-58.1662","6.8081",,,9/15/2011 0:00:00,12/30/1899 17:00:00,"D- Property Damage","F- Driver",43.00,"Male","K- Private Cars;L- Lorries Van","P- Speeding",2.00
11528,38490.00,"4- Demerara- Mahaica",,"4th Street Albertown",,"-58.1545","6.8134",,,9/16/2011 0:00:00,12/30/1899 11:20:00,"D- Property Damage","F- Driver",42.00,"Male","K- Private Cars;M- Hire Cars","O- Lost Control & Runoff",2.00
11529,38491.00,"4- Demerara- Mahaica",,"Rupert Craig & Sheriff Street",,"-58.1331","6.8254",,,9/18/2011 0:00:00,12/30/1899 16:30:00,"B- Serious Injury","F- Driver",,"Male","L- Lorries Van;M- Hire Cars","S- Driver's Negligence",2.00
11530,38492.00,"4- Demerara- Mahaica",,"Hadfield Street",,"-58.1650","6.8079",,,9/19/2011 0:00:00,12/30/1899 8:20:00,"C- Minor Injury","F- Driver",23.00,"Female","K- Private Cars;V-Motor Cycle","S- Driver's Negligence",2.00
11531,38493.00,"4- Demerara- Mahaica",,"Camp & Hadfield Street",,"-58.1614","6.8078",,,9/19/2011 0:00:00,12/30/1899 15:00:00,"B- Serious Injury","F- Driver",31.00,"Female","K- Private Cars;V-Motor Cycle","S- Driver's Negligence",2.00
11532,38494.00,"4- Demerara- Mahaica",,"Russell & Princess",,"-58.1624","6.8035",,,9/19/2011 0:00:00,12/30/1899 14:00:00,"D- Property Damage","F- Driver",39.00,"Male","K- Private Cars;M- Hire Cars","S- Driver's Negligence",2.00
11533,38495.00,"4- Demerara- Mahaica",,"Carifesta Avenue",,"-58.1483","6.8240",,"9/19/11",9/19/2011 0:00:00,12/30/1899 15:30:00,"D- Property Damage","F- Driver",29.00,"Male","J- Minibus;K- Private Cars","S- Driver's Negligence",2.00
11534,38496.00,"4- Demerara- Mahaica",,"Middle & Waterloo Street",,"-58.1611","6.8159",,,9/16/2011 0:00:00,12/30/1899 10:00:00,"D- Property Damage","F- Driver",34.00,"Male","K- Private Cars","S- Driver's Negligence",2.00
11535,38497.00,"4- Demerara- Mahaica",,"Camp & Quamina Street",,"-58.1599","6.8138",,,9/20/2011 0:00:00,12/30/1899 18:30:00,"C- Minor Injury","F- Driver",49.00,"Female","J- Minibus;K- Private Cars","S- Driver's Negligence",2.00
11536,38498.00,"4- Demerara- Mahaica",,"Charlotte & Alexander Street",,"-58.1595","6.8090",,,9/22/2011 0:00:00,12/30/1899 16:20:00,"C- Minor Injury","F- Driver",39.00,"Male","M- Hire Cars;V-Motor Cycle","S- Driver's Negligence",2.00
11537,38499.00,"4- Demerara- Mahaica",,"Water Street",,"-58.1659","6.8180",,,9/23/2011 0:00:00,12/30/1899 11:30:00,"D- Property Damage","F- Driver",,"Male","K- Private Cars;N- Pickup","S- Driver's Negligence",2.00
11538,38500.00,"4- Demerara- Mahaica",,"Croal Street",,"-58.1581","6.8076",,,9/24/2011 0:00:00,12/30/1899 16:00:00,"D- Property Damage","F- Driver",43.00,"Male","J- Minibus;K- Private Cars","S- Driver's Negligence",2.00
11539,38501.00,"4- Demerara- Mahaica",,"Regent Street",,"-58.1604","6.8102",,,9/2/2011 0:00:00,12/30/1899 10:45:00,"D- Property Damage","F- Driver",55.00,"Female","N- Pickup",,3.00
11540,38502.00,"4- Demerara- Mahaica",,"Thomas Road",,"-58.1578","6.8152",,,9/30/2011 0:00:00,12/30/1899 15:30:00,"C- Minor Injury","F- Driver",20.00,"Male","K- Private Cars;W-Pedal Cycle","U- Cyclist's Negligence",2.00
11541,38503.00,"4- Demerara- Mahaica",,"Barrack Street",,"-58.1593","6.8211",,,9/27/2011 0:00:00,12/30/1899 17:30:00,"D- Property Damage","F- Driver",,"Male","K- Private Cars",,2.00
11542,38504.00,"4- Demerara- Mahaica",,"Brickdam",,"-58.1552","6.8061",,,9/24/2011 0:00:00,12/30/1899 11:05:00,"D- Property Damage","F- Driver",46.00,"Male","L- Lorries Van;M- Hire Cars","S- Driver's Negligence",12.00
11543,38505.00,"4- Demerara- Mahaica",,"Norton & Halley Street",,"-58.1525","6.8019",,,10/2/2011 0:00:00,12/30/1899 16:30:00,"C- Minor Injury","F- Driver",38.00,"Male","L- Lorries Van;M- Hire Cars","S- Driver's Negligence",2.00
11544,38506.00,"4- Demerara- Mahaica",,"Quamina & Camp Street",,"-58.1599","6.8138",,,10/3/2011 0:00:00,12/30/1899 15:10:00,"D- Property Damage","F- Driver",41.00,"Male","J- Minibus;M- Hire Cars","S- Driver's Negligence",3.00
11545,38507.00,"4- Demerara- Mahaica",,"Camp & New Market",,"-58.1591","6.8170",,,10/4/2011 0:00:00,12/30/1899 8:45:00,"C- Minor Injury","F- Driver",57.00,"Male","J- Minibus;K- Private Cars;L- Lorries Van","S- Driver's Negligence",2.00
11546,38508.00,"4- Demerara- Mahaica",,"Irving & Crown Street",,"-58.1469","6.8125",,,10/5/2011 0:00:00,12/30/1899 12:30:00,"D- Property Damage","F- Driver",35.00,"Male","K- Private Cars","S- Driver's Negligence",2.00
11547,38509.00,"4- Demerara- Mahaica",,"Carifesta Avenue",,"-58.1483","6.8240",,,9/11/2011 0:00:00,12/30/1899 11:30:00,"C- Minor Injury","F- Driver",44.00,"Male","K- Private Cars;V-Motor Cycle","U- Cyclist's Negligence",2.00
11548,38510.00,"4- Demerara- Mahaica",,"Vlissengen, Home Strech & Croal Street",,"-58.1508","6.8058",,,10/9/2011 0:00:00,12/30/1899 5:30:00,"D- Property Damage","F- Driver",38.00,"Male","K- Private Cars;N- Pickup","S- Driver's Negligence",2.00
11549,38511.00,"4- Demerara- Mahaica",,"Cummings & North Road",,"-58.1562","6.8107",,,10/9/2011 0:00:00,12/30/1899 14:25:00,"A- Fatal","F- Driver",21.00,"Male","K- Private Cars;V-Motor Cycle","Q- Alcohol",2.00
11550,38512.00,"4- Demerara- Mahaica",,"Main Street",,"-58.1276","6.8221",,,10/10/2011 0:00:00,12/30/1899 13:30:00,"D- Property Damage","F- Driver",50.00,"Male","J- Minibus;N- Pickup","S- Driver's Negligence",2.00
11551,38513.00,"4- Demerara- Mahaica",,"Camp Street",,"-58.1600","6.8137",,,10/10/2011 0:00:00,12/30/1899 9:00:00,"D- Property Damage","F- Driver",80.00,"Male","K- Private Cars","S- Driver's Negligence",2.00
11552,38514.00,"4- Demerara- Mahaica",,"Cornhill & Brickdam",,"-58.1681","6.8094",,,10/11/2011 0:00:00,12/30/1899 16:20:00,"D- Property Damage","F- Driver",49.00,"Male","J- Minibus","S- Driver's Negligence",2.00
11553,38515.00,"4- Demerara- Mahaica",,"North Road & New Garden Street",,"-58.1505","6.8091",,,10/13/2011 0:00:00,12/30/1899 8:45:00,"B- Serious Injury","F- Driver",48.00,"Male","J- Minibus;K- Private Cars","S- Driver's Negligence",2.00
11554,38516.00,"4- Demerara- Mahaica",,"Regent & Avenue of the Republic",,"-58.1653","6.8115",,,10/16/2011 0:00:00,12/30/1899 12:45:00,"D- Property Damage","F- Driver",23.00,"Male","J- Minibus;K- Private Cars","S- Driver's Negligence",2.00
11555,38517.00,"4- Demerara- Mahaica",,"Brickdam",,"-58.1552","6.8061",,,10/17/2011 0:00:00,12/30/1899 13:00:00,"D- Property Damage","F- Driver",41.00,"Male","M- Hire Cars","S- Driver's Negligence",2.00
11556,38518.00,"4- Demerara- Mahaica",,"Robb & Light",,"-58.1549","6.8095",,,10/8/2011 0:00:00,12/30/1899 3:00:00,"C- Minor Injury","F- Driver",18.00,"Male","K- Private Cars","Q- Alcohol;S- Driver's Negligence",3.00
11557,38519.00,"4- Demerara- Mahaica",,"Norton & Green Street",,"-58.1467","6.8004",,,10/10/2011 0:00:00,12/30/1899 17:00:00,"C- Minor Injury","F- Driver",38.00,"Male","K- Private Cars;V-Motor Cycle","U- Cyclist's Negligence",2.00
11558,38520.00,"4- Demerara- Mahaica",,"Fourth & Light Street",,"-58.1540","6.8132",,,10/17/2011 0:00:00,12/30/1899 7:30:00,"D- Property Damage","F- Driver",52.00,"Female","K- Private Cars;M- Hire Cars","S- Driver's Negligence",2.00
11559,38521.00,"4- Demerara- Mahaica",,"Croal Street",,"-58.1581","6.8076",,,10/17/2011 0:00:00,12/30/1899 16:00:00,"C- Minor Injury","F- Driver",38.00,"Male","J- Minibus","P- Speeding",2.00
11560,38522.00,"4- Demerara- Mahaica",,"Brickdam & Vlissengen",,"-58.1511","6.8050",,,10/18/2011 0:00:00,12/30/1899 8:00:00,"D- Property Damage","F- Driver",20.00,"Male","K- Private Cars;L- Lorries Van;M- Hire Cars","S- Driver's Negligence",3.00
11561,38523.00,"4- Demerara- Mahaica",,"Robb & Light Street",,"-58.1549","6.8095",,,10/18/2011 0:00:00,12/30/1899 13:15:00,"D- Property Damage","F- Driver",43.00,"Male","K- Private Cars","S- Driver's Negligence",2.00
11562,38524.00,"4- Demerara- Mahaica",,"Middle & Carmichael",,"-58.1626","6.8163",,,10/18/2011 0:00:00,12/30/1899 20:20:00,"B- Serious Injury","F- Driver",29.00,"Male","K- Private Cars;V-Motor Cycle","U- Cyclist's Negligence",2.00
11563,38525.00,"4- Demerara- Mahaica",,"Regent Street",,"-58.1604","6.8102",,,10/18/2011 0:00:00,12/30/1899 21:30:00,"D- Property Damage","F- Driver",28.00,"Male","K- Private Cars;W-Pedal Cycle","U- Cyclist's Negligence",2.00
11564,38526.00,"4- Demerara- Mahaica",,"Carmichael Street",,"-58.1629","6.8159",,,10/22/2011 0:00:00,12/30/1899 11:10:00,"D- Property Damage","F- Driver",,"Male","L- Lorries Van","S- Driver's Negligence",1.00
11565,38527.00,"4- Demerara- Mahaica",,"Regent & Camp Street",,"-58.1607","6.8103",,,10/22/2011 0:00:00,12/30/1899 12:00:00,"D- Property Damage","F- Driver",34.00,"Male","J- Minibus;N- Pickup",,2.00
11566,38528.00,"4- Demerara- Mahaica",,"Main & New Market",,"-58.1638","6.8183",,,10/24/2011 0:00:00,12/30/1899 11:30:00,"D- Property Damage","F- Driver",23.00,"Male","M- Hire Cars","S- Driver's Negligence",2.00
11567,38529.00,"4- Demerara- Mahaica",,"First & Light Street",,"-58.1532","6.8161",,,10/25/2011 0:00:00,12/30/1899 11:30:00,"D- Property Damage","F- Driver",24.00,"Male","K- Private Cars;N- Pickup","S- Driver's Negligence",2.00
11568,38530.00,"4- Demerara- Mahaica",,"Avenue of Republic",,"-58.1651","6.8117",,,10/25/2011 0:00:00,12/30/1899 13:30:00,"D- Property Damage","F- Driver",38.00,"Male","K- Private Cars;L- Lorries Van","S- Driver's Negligence",2.00
11569,38531.00,"4- Demerara- Mahaica",,"Norton & Halley",,"-58.1525","6.8019",,,10/25/2011 0:00:00,12/30/1899 15:30:00,"D- Property Damage","F- Driver",61.00,"Male","J- Minibus;M- Hire Cars","S- Driver's Negligence",2.00
11570,38532.00,"4- Demerara- Mahaica",,"Norton Street",,"-58.1519","6.8017",,,10/28/2011 0:00:00,12/30/1899 14:45:00,"C- Minor Injury","G- Rider",31.00,"Male","K- Private Cars;L- Lorries Van;V-Motor Cycle","S- Driver's Negligence",3.00
11571,38533.00,"4- Demerara- Mahaica",,"Carifesta Avenue",,"-58.1483","6.8240",,,10/30/2011 0:00:00,12/30/1899 3:35:00,"C- Minor Injury","F- Driver",30.00,"Male","K- Private Cars","S- Driver's Negligence",2.00
11572,38534.00,"4- Demerara- Mahaica",,"Longden & America",,"-58.1666","6.8105",,,10/30/2011 0:00:00,12/30/1899 8:45:00,"D- Property Damage","F- Driver",27.00,"Male","L- Lorries Van;N- Pickup","S- Driver's Negligence",2.00
11573,38535.00,"4- Demerara- Mahaica",,"Camp & Brickdam",,"-58.1615","6.8077",,,10/30/2011 0:00:00,12/30/1899 8:00:00,"D- Property Damage","F- Driver",21.00,"Male","K- Private Cars","S- Driver's Negligence",2.00
11574,38536.00,"4- Demerara- Mahaica",,"Hadfield & Louisa Row",,"-58.1497","6.8037",,,10/30/2011 0:00:00,12/30/1899 14:15:00,"C- Minor Injury","F- Driver",,"Male","K- Private Cars;W-Pedal Cycle","S- Driver's Negligence",2.00
11575,38537.00,"4- Demerara- Mahaica",,"Camp  & Cowan",,"-58.1584","6.8192",,,10/21/2011 0:00:00,12/30/1899 16:12:00,"D- Property Damage","F- Driver",23.00,"Male","L- Lorries Van;M- Hire Cars","S- Driver's Negligence",2.00
11576,38538.00,"4- Demerara- Mahaica",,"Irvin & Crown",,"-58.1469","6.8125",,,10/31/2011 0:00:00,12/30/1899 17:10:00,"D- Property Damage","F- Driver",62.00,"Male","K- Private Cars;N- Pickup","S- Driver's Negligence",2.00
11577,38539.00,"4- Demerara- Mahaica",,"Vlissengen & Homestretch Avenue",,"-58.1508","6.8058",,,11/2/2011 0:00:00,12/30/1899 21:45:00,"D- Property Damage","F- Driver",44.00,"Male","K- Private Cars","S- Driver's Negligence",2.00
11578,38540.00,"4- Demerara- Mahaica",,"Lamaha Street",,"-58.1564","6.8181",,,11/4/2011 0:00:00,12/30/1899 4:00:00,"C- Minor Injury","F- Driver",,"Male","N- Pickup","O- Lost Control & Runoff",2.00
11579,38541.00,"4- Demerara- Mahaica",,"Regent & Alexander Street",,"-58.1593","6.8099",,,11/1/2011 0:00:00,12/30/1899 7:45:00,"C- Minor Injury","G- Rider",42.00,"Male","M- Hire Cars;V-Motor Cycle","S- Driver's Negligence",2.00
11580,38542.00,"4- Demerara- Mahaica",,"Quamina Street",,"-58.1616","6.8142",,,11/2/2011 0:00:00,12/30/1899 8:59:00,"D- Property Damage","F- Driver",36.00,"Male","K- Private Cars;L- Lorries Van;N- Pickup","O- Lost Control & Runoff",3.00
11581,38543.00,"4- Demerara- Mahaica",,"Brickdam & Smyth Street",,"-58.1635","6.8083",,,11/3/2011 0:00:00,12/30/1899 16:30:00,"D- Property Damage","F- Driver",24.00,"Male","K- Private Cars","S- Driver's Negligence",2.00
11582,38544.00,"4- Demerara- Mahaica",,"Church & Light Street",,"-58.1547","6.8107",,,11/4/2011 0:00:00,12/30/1899 18:22:00,"B- Serious Injury","F- Driver",23.00,"Male","K- Private Cars;V-Motor Cycle","S- Driver's Negligence",2.00
11583,38545.00,"4- Demerara- Mahaica",,"Regent & Alexander Street",,"-58.1593","6.8099",,,11/5/2011 0:00:00,12/30/1899 20:00:00,"C- Minor Injury","G- Rider",19.00,"Male","K- Private Cars;V-Motor Cycle","S- Driver's Negligence",2.00