"ID","Accident ID","Region Number","Corridor ID","Location (Intersection/Road/Street)","Corridor","Location- longitude/ X","Location- latitude/  Y","Mile Marker","Village","Date of Accident","Time of Accident","Type of Accident","Class of Road User","Age/DOB","Gender","Class of Vehicles Involved","Contributing Factor","Number of Persons Involved"
11694,38657.00,"4- Demerara- Mahaica",,"Kirkpatrick Street",,"-58.1655","6.8128",,,6/27/2011 0:00:00,12/30/1899 13:03:00,"D- Property Damage","F- Driver",34.00,"Male","J- Minibus;K- Private Cars;L- Lorries Van","O- Lost Control & Runoff",3.00
11695,38658.00,"4- Demerara- Mahaica",,"High Street",,"-58.1669","6.8063",,,6/28/2011 0:00:00,12/30/1899 11:53:00,"D- Property Damage","F- Driver",54.00,"Male","J- Minibus;K- Private Cars","S- Driver's Negligence",2.00
11696,38659.00,"4- Demerara- Mahaica",,"Croal Street",,"-58.1581","6.8076",,,6/29/2011 0:00:00,12/30/1899 11:07:00,"D- Property Damage","F- Driver",,"Male","J- Minibus;K- Private Cars","O- Lost Control & Runoff;P- Speeding",3.00
11697,38660.00,"4- Demerara- Mahaica",,"Church & Peter Rose Street",,"-58.1491","6.8093",,,6/30/2011 0:00:00,12/30/1899 9:50:00,"B- Serious Injury","F- Driver",83.00,"Male","N- Pickup;V-Motor Cycle","U- Cyclist's Negligence",2.00
11698,38661.00,"4- Demerara- Mahaica",,"Camp & Woolford Avenue",,"-58.1581","6.8198",,,7/2/2011 0:00:00,12/30/1899 6:30:00,"D- Property Damage","F- Driver",30.00,"Male","J- Minibus;N- Pickup","S- Driver's Negligence",2.00
11699,38662.00,"4- Demerara- Mahaica",,"Vlissengen Road & Home Strech Avenue",,"-58.1508","6.8058",,,7/3/2011 0:00:00,12/30/1899 1:30:00,"D- Property Damage","F- Driver",33.00,"Male","K- Private Cars;N- Pickup","S- Driver's Negligence",2.00
11700,38663.00,"4- Demerara- Mahaica",,"Church & Cummings Street",,"-58.1561","6.8111",,,7/4/2011 0:00:00,12/30/1899 23:55:00,"D- Property Damage","F- Driver",21.00,"Female","K- Private Cars","S- Driver's Negligence",2.00
11701,38664.00,"4- Demerara- Mahaica",,"Durban & Smyth Street",,"-58.1641","6.8059",,,7/5/2011 0:00:00,12/30/1899 12:20:00,"D- Property Damage","F- Driver",54.00,"Male","K- Private Cars;M- Hire Cars","S- Driver's Negligence",2.00
11702,38665.00,"4- Demerara- Mahaica",,"New Market & Carmichael Street",,"-58.1621","6.8179",,,7/2/2011 0:00:00,12/30/1899 11:30:00,"D- Property Damage","F- Driver",26.00,"Male","K- Private Cars;M- Hire Cars","S- Driver's Negligence",2.00
11703,38666.00,"4- Demerara- Mahaica",,"Lamaha & Camp Street",,"-58.1584","6.8186",,,7/7/2011 0:00:00,12/30/1899 23:30:00,"B- Serious Injury","F- Driver",,,"J- Minibus;K- Private Cars","P- Speeding;S- Driver's Negligence",
11704,38667.00,"4- Demerara- Mahaica",,"Camp & Lamaha Street",,"-58.1584","6.8186",,,7/8/2011 0:00:00,12/30/1899 8:30:00,"C- Minor Injury","F- Driver",30.00,"Male","K- Private Cars","T-Pedestrian's Negligence",2.00
11705,38668.00,"4- Demerara- Mahaica",,"Lombard Street",,"-58.1675","6.8071",,,7/8/2011 0:00:00,12/30/1899 13:00:00,"D- Property Damage","G- Rider",22.00,"Male","N- Pickup;V-Motor Cycle","U- Cyclist's Negligence",2.00
11706,38669.00,"4- Demerara- Mahaica",,"Croal & Wellington Street",,"-58.1629","6.8089",,,7/8/2011 0:00:00,12/30/1899 13:30:00,"D- Property Damage","F- Driver",35.00,"Male","J- Minibus;L- Lorries Van","S- Driver's Negligence",2.00
11707,38670.00,"4- Demerara- Mahaica",,"Irving & Forshaw Street",,"-58.1475","6.8104",,,7/9/2011 0:00:00,12/30/1899 2:30:00,"D- Property Damage","F- Driver",26.00,"Male","K- Private Cars;M- Hire Cars","P- Speeding;S- Driver's Negligence",2.00
11708,38671.00,"4- Demerara- Mahaica",,"Avenue of the Republic & Regent Street",,"-58.1653","6.8115",,,7/10/2011 0:00:00,12/30/1899 15:00:00,"A- Fatal","G- Rider",33.00,"Male","V-Motor Cycle","T-Pedestrian's Negligence",2.00
11709,38672.00,"4- Demerara- Mahaica",,"Hardina Street",,"-58.1650","6.8079",,,7/9/2011 0:00:00,12/30/1899 21:30:00,"D- Property Damage","F- Driver",23.00,"Male","K- Private Cars","S- Driver's Negligence",2.00
11710,38673.00,"4- Demerara- Mahaica",,"United Nation Place",,"-58.1608","6.8054",,,7/12/2011 0:00:00,12/30/1899 14:30:00,"D- Property Damage","F- Driver",38.00,"Male","L- Lorries Van;N- Pickup","S- Driver's Negligence",2.00
11711,38674.00,"4- Demerara- Mahaica",,"Regent & Light Street",,"-58.1552","6.8087",,,7/12/2011 0:00:00,12/30/1899 13:00:00,"D- Property Damage","F- Driver",43.00,"Male","J- Minibus;K- Private Cars","S- Driver's Negligence",2.00
11712,38675.00,"4- Demerara- Mahaica",,"South Road & King Street",,"-58.1645","6.8096",,,7/13/2011 0:00:00,12/30/1899 16:45:00,"D- Property Damage","F- Driver",62.00,"Male","K- Private Cars;N- Pickup","S- Driver's Negligence",2.00
11713,38676.00,"4- Demerara- Mahaica",,"Avenue of th Republic & North Road",,"-58.1534","6.8099",,,7/12/2011 0:00:00,12/30/1899 7:15:00,"D- Property Damage","F- Driver",44.00,"Male","K- Private Cars;M- Hire Cars","S- Driver's Negligence",2.00
11714,38677.00,"4- Demerara- Mahaica",,"Symth & Hadfield Street",,"-58.1637","6.8075",,,7/15/2011 0:00:00,12/30/1899 8:30:00,"D- Property Damage","F- Driver",32.00,"Male","K- Private Cars;N- Pickup","S- Driver's Negligence",2.00
11715,38678.00,"4- Demerara- Mahaica",,"Brickdam & Austin Place",,"-58.1593","6.8072",,,7/15/2011 0:00:00,12/30/1899 11:15:00,"D- Property Damage","F- Driver",61.00,"Male","M- Hire Cars;V-Motor Cycle","S- Driver's Negligence",2.00
11716,38679.00,"4- Demerara- Mahaica",,"5th Street Albertown",,"-58.1549","6.8123",,,7/15/2011 0:00:00,12/30/1899 10:30:00,"D- Property Damage","F- Driver",35.00,"Male","N- Pickup","S- Driver's Negligence",2.00
11717,38680.00,"4- Demerara- Mahaica",,"Brickdam Brummel Place",,"-58.1543","6.8059",,,7/15/2011 0:00:00,12/30/1899 13:25:00,"B- Serious Injury","F- Driver",31.00,"Female","K- Private Cars;V-Motor Cycle","U- Cyclist's Negligence",2.00
11718,38681.00,"4- Demerara- Mahaica",,"Hadfield & John Street",,"-58.1389","6.8111",,,7/15/2011 0:00:00,12/30/1899 23:33:00,"D- Property Damage","F- Driver",43.00,"Male","M- Hire Cars;N- Pickup","S- Driver's Negligence",2.00
11719,38682.00,"4- Demerara- Mahaica",,"Regent Street",,"-58.1604","6.8102",,,7/16/2011 0:00:00,12/30/1899 11:40:00,"C- Minor Injury","F- Driver",39.00,"Male","K- Private Cars;V-Motor Cycle","S- Driver's Negligence",2.00
11720,38683.00,"4- Demerara- Mahaica",,"Durban & John Street",,"-58.1402","6.7996",,,7/17/2011 0:00:00,12/30/1899 7:55:00,"B- Serious Injury","F- Driver",30.00,"Female","M- Hire Cars;W-Pedal Cycle","U- Cyclist's Negligence",2.00
11721,38684.00,"4- Demerara- Mahaica",,"Princess & High Street",,"-58.1671","6.8048",,,7/17/2011 0:00:00,12/30/1899 22:30:00,"D- Property Damage","F- Driver",24.00,"Male","J- Minibus;K- Private Cars","S- Driver's Negligence",2.00
11722,38685.00,"4- Demerara- Mahaica",,"Cummings Street",,"-58.1553","6.8140",,,7/16/2011 0:00:00,12/30/1899 15:30:00,"C- Minor Injury","E- Pedestrian",39.00,"Female","Z- Animal Drawn","T-Pedestrian's Negligence",2.00
11723,38686.00,"4- Demerara- Mahaica",,"Hadfield & Symth Street",,"-58.1637","6.8075",,,7/19/2011 0:00:00,12/30/1899 15:30:00,"D- Property Damage","F- Driver",39.00,"Male","K- Private Cars;N- Pickup","S- Driver's Negligence",2.00
11724,38687.00,"4- Demerara- Mahaica",,"Cummings & Charlotte Street",,"-58.1568","6.8083",,,7/15/2011 0:00:00,12/30/1899 17:30:00,"D- Property Damage","F- Driver",32.00,"Male","K- Private Cars;V-Motor Cycle","S- Driver's Negligence",2.00
11725,38688.00,"4- Demerara- Mahaica",,"Camp & Quamina Street",,"-58.1599","6.8138",,,7/20/2011 0:00:00,12/30/1899 19:20:00,"C- Minor Injury","F- Driver",60.00,"Male","J- Minibus;K- Private Cars","S- Driver's Negligence",7.00
11726,38689.00,"4- Demerara- Mahaica",,"Norton & Halley Street",,"-58.1525","6.8019",,,7/21/2011 0:00:00,12/30/1899 6:10:00,"D- Property Damage","F- Driver",51.00,"Male","M- Hire Cars","S- Driver's Negligence",2.00
11727,38690.00,"4- Demerara- Mahaica",,"Church & New Garden",,"-58.1504","6.8096",,,7/21/2011 0:00:00,12/30/1899 16:30:00,"D- Property Damage","F- Driver",21.00,"Male","K- Private Cars","S- Driver's Negligence",2.00
11728,38691.00,"4- Demerara- Mahaica",,"Cowan & High Street",,"-58.1633","6.8206",,,7/21/2011 0:00:00,12/30/1899 20:10:00,"B- Serious Injury","F- Driver",27.00,"Male","K- Private Cars","Q- Alcohol",3.00
11729,38692.00,"4- Demerara- Mahaica",,"Irving & Forshaw Street",,"-58.1475","6.8104",,,7/21/2011 0:00:00,12/30/1899 18:20:00,"B- Serious Injury","F- Driver",43.00,"Male","N- Pickup;W-Pedal Cycle","U- Cyclist's Negligence",2.00
11730,38693.00,"4- Demerara- Mahaica",,"Middle & Carmichael Street",,"-58.1626","6.8163",,,7/21/2011 0:00:00,12/30/1899 17:30:00,"D- Property Damage","F- Driver",30.00,"Female","N- Pickup","S- Driver's Negligence",2.00
11731,38694.00,"4- Demerara- Mahaica",,"East & Quamina",,"-58.1566","6.8129",,,7/22/2011 0:00:00,12/30/1899 16:35:00,"D- Property Damage","F- Driver",45.00,"Female","K- Private Cars;N- Pickup","S- Driver's Negligence",2.00
11732,38695.00,"4- Demerara- Mahaica",,"South Road & Albert Street",,"-58.1542","6.8069",,,7/24/2011 0:00:00,12/30/1899 8:30:00,"C- Minor Injury","F- Driver",40.00,"Male","J- Minibus;V-Motor Cycle","U- Cyclist's Negligence",2.00
11733,38696.00,"4- Demerara- Mahaica",,"Robb Street",,"-58.1599","6.8109",,,7/24/2011 0:00:00,12/30/1899 21:30:00,"D- Property Damage","F- Driver",22.00,"Female","K- Private Cars;M- Hire Cars","S- Driver's Negligence",3.00
11734,38697.00,"4- Demerara- Mahaica",,"Regent Street",,"-58.1604","6.8102",,,7/24/2011 0:00:00,12/30/1899 10:00:00,"D- Property Damage","F- Driver",42.00,"Male","K- Private Cars;N- Pickup","S- Driver's Negligence",2.00
11735,38698.00,"4- Demerara- Mahaica",,"Regent Street",,"-58.1604","6.8102",,,7/24/2011 0:00:00,12/30/1899 13:00:00,"D- Property Damage","F- Driver",32.00,"Female","K- Private Cars;L- Lorries Van","S- Driver's Negligence",3.00
11736,38699.00,"4- Demerara- Mahaica",,"Middle Street",,"-58.1596","6.8155",,,7/28/2011 0:00:00,12/30/1899 13:45:00,"D- Property Damage","F- Driver",21.00,"Female","M- Hire Cars;N- Pickup","S- Driver's Negligence",2.00
11737,38700.00,"4- Demerara- Mahaica",,"Camp & Brickdam",,"-58.1615","6.8077",,,7/26/2011 0:00:00,12/30/1899 14:10:00,"D- Property Damage","F- Driver",31.00,"Male","K- Private Cars;M- Hire Cars","S- Driver's Negligence",2.00
11738,38701.00,"4- Demerara- Mahaica",,"Robb & Wellingtown Street",,"-58.1622","6.8115",,,7/27/2011 0:00:00,12/30/1899 14:30:00,"C- Minor Injury","F- Driver",52.00,"Male","K- Private Cars;V-Motor Cycle","S- Driver's Negligence",2.00
11739,38702.00,"4- Demerara- Mahaica",,"Avenue of the Republic",,"-58.1651","6.8117",,,7/25/2011 0:00:00,12/30/1899 14:10:00,"D- Property Damage","F- Driver",50.00,"Female","L- Lorries Van;N- Pickup","S- Driver's Negligence",2.00
11740,38703.00,"4- Demerara- Mahaica",,"Robb Street",,"-58.1599","6.8109",,,7/22/2011 0:00:00,12/30/1899 23:00:00,"D- Property Damage","F- Driver",25.00,"Male","K- Private Cars;M- Hire Cars","S- Driver's Negligence",2.00
11741,38704.00,"4- Demerara- Mahaica",,"Hadfield Street",,"-58.1650","6.8079",,,7/25/2011 0:00:00,12/30/1899 8:30:00,"D- Property Damage","F- Driver",59.00,"Male","J- Minibus;K- Private Cars;N- Pickup","S- Driver's Negligence",3.00
11742,38705.00,"4- Demerara- Mahaica",,"North Road & Avenue of the Republic",,"-58.1648","6.8130",,,7/27/2011 0:00:00,12/30/1899 12:15:00,"D- Property Damage","F- Driver",21.00,"Male","K- Private Cars;N- Pickup","S- Driver's Negligence",2.00
11743,38706.00,"4- Demerara- Mahaica",,"Main & Quamina Street",,"-58.1647","6.8151",,,7/30/2011 0:00:00,12/30/1899 12:35:00,"B- Serious Injury","F- Driver",51.00,"Male","M- Hire Cars","S- Driver's Negligence",2.00
11744,38707.00,"4- Demerara- Mahaica",,"Cummings & North Road",,"-58.1562","6.8107",,,7/31/2011 0:00:00,12/30/1899 18:40:00,"D- Property Damage","F- Driver",59.00,"Female","K- Private Cars","S- Driver's Negligence",2.00
11745,38708.00,"4- Demerara- Mahaica",,"Cornhill Street",,"-58.1574","6.8046",,,8/2/2011 0:00:00,12/30/1899 17:30:00,"D- Property Damage","F- Driver",51.00,"Male","M- Hire Cars;N- Pickup","S- Driver's Negligence",2.00
11746,38709.00,"4- Demerara- Mahaica",,"Cornhill Street",,"-58.1574","6.8046",,,7/31/2011 0:00:00,12/30/1899 15:00:00,"C- Minor Injury","F- Driver",66.00,"Male","J- Minibus","S- Driver's Negligence",2.00
11747,38710.00,"4- Demerara- Mahaica",,"Croal & Albert Street",,"-58.1542","6.8067",,,7/6/2011 0:00:00,12/30/1899 16:00:00,"D- Property Damage","F- Driver",35.00,"Male","J- Minibus;M- Hire Cars","S- Driver's Negligence",2.00
11748,38711.00,"4- Demerara- Mahaica",,"Parade & Cowan Street",,"-58.1606","6.8198",,,8/5/2011 0:00:00,12/30/1899 19:05:00,"D- Property Damage","F- Driver",35.00,"Male","K- Private Cars","S- Driver's Negligence",2.00
11749,38712.00,"4- Demerara- Mahaica",,"Vlissengen & North Road",,"-58.1479","6.8085",,,8/5/2011 0:00:00,12/30/1899 10:30:00,"D- Property Damage","F- Driver",47.00,"Male","M- Hire Cars","S- Driver's Negligence",2.00
11750,38713.00,"4- Demerara- Mahaica",,"Durban Street",,"-58.1526","6.8028",,,8/4/2011 0:00:00,12/30/1899 11:30:00,"D- Property Damage","F- Driver",32.00,"Male","K- Private Cars;M- Hire Cars","S- Driver's Negligence",2.00
11751,38714.00,"4- Demerara- Mahaica",,"Durban Street",,"-58.1526","6.8028",,,8/4/2011 0:00:00,12/30/1899 11:30:00,"D- Property Damage","F- Driver",32.00,"Male","K- Private Cars;M- Hire Cars","S- Driver's Negligence",2.00
11752,38715.00,"4- Demerara- Mahaica",,"Church & New Garden",,"-58.1504","6.8096",,,8/7/2011 0:00:00,12/30/1899 7:15:00,"C- Minor Injury","F- Driver",23.00,"Male","K- Private Cars","S- Driver's Negligence",2.00
11753,38716.00,"4- Demerara- Mahaica",,"Avenue of the Republic & Robb Street",,"-58.1650","6.8123",,,8/8/2011 0:00:00,,"D- Property Damage","F- Driver",55.00,"Male","J- Minibus;K- Private Cars","S- Driver's Negligence",2.00
11754,38717.00,"4- Demerara- Mahaica",,"Ornoque & Forshaw Street",,"-58.1514","6.8114",,,7/20/2011 0:00:00,,"D- Property Damage","F- Driver",40.00,"Male","K- Private Cars","S- Driver's Negligence",2.00
11755,38718.00,"4- Demerara- Mahaica",,"Magnet & Croal Street",,"-58.1644","6.8093",,,8/8/2011 0:00:00,12/30/1899 21:00:00,"D- Property Damage","F- Driver",41.00,"Male","K- Private Cars;M- Hire Cars","S- Driver's Negligence",2.00
11756,38719.00,"4- Demerara- Mahaica",,"North Road & Shiv Chanderpaul Drive",,"-58.1505","6.8091",,,8/11/2011 0:00:00,12/30/1899 12:30:00,"C- Minor Injury","F- Driver",23.00,"Male","K- Private Cars;M- Hire Cars","S- Driver's Negligence",2.00
11757,38720.00,"4- Demerara- Mahaica",,"Bent Street",,"-58.1576","6.8050",,,8/10/2011 0:00:00,12/30/1899 22:00:00,"C- Minor Injury","F- Driver",39.00,"Male","K- Private Cars","S- Driver's Negligence",2.00
11758,38721.00,"4- Demerara- Mahaica",,"Camp Street",,"-58.1600","6.8137",,,8/11/2011 0:00:00,12/30/1899 13:00:00,"D- Property Damage","F- Driver",31.00,"Male","K- Private Cars;L- Lorries Van","S- Driver's Negligence",2.00
11759,38722.00,"4- Demerara- Mahaica",,"Water Street",,"-58.1659","6.8180",,,8/17/2011 0:00:00,12/30/1899 21:30:00,"C- Minor Injury","G- Rider",23.00,"Male","J- Minibus;V-Motor Cycle","S- Driver's Negligence",2.00
11760,38723.00,"4- Demerara- Mahaica",,"Irving & Crown Street",,"-58.1469","6.8125",,,8/12/2011 0:00:00,12/30/1899 17:30:00,"D- Property Damage","F- Driver",41.00,"Male","J- Minibus;M- Hire Cars;N- Pickup","S- Driver's Negligence",3.00
11761,38724.00,"4- Demerara- Mahaica",,"Lamaha Street",,"-58.1564","6.8181",,,8/13/2011 0:00:00,12/30/1899 10:48:00,"D- Property Damage","F- Driver",30.00,"Male","K- Private Cars","S- Driver's Negligence",2.00
11762,38725.00,"4- Demerara- Mahaica",,"Church & Cummings Street",,"-58.1561","6.8111",,,8/14/2011 0:00:00,12/30/1899 5:30:00,"C- Minor Injury","F- Driver",22.00,"Male","K- Private Cars","S- Driver's Negligence",3.00
11763,38726.00,"4- Demerara- Mahaica",,"Church & Albert Street",,"-58.1532","6.8104",,,8/13/2011 0:00:00,12/30/1899 8:45:00,"D- Property Damage","F- Driver",61.00,"Male","J- Minibus;K- Private Cars","S- Driver's Negligence",2.00
11764,38727.00,"4- Demerara- Mahaica",,"Hadfield & Symth Street",,"-58.1637","6.8075",,,8/13/2011 0:00:00,12/30/1899 17:30:00,"D- Property Damage","F- Driver",19.00,"Male","J- Minibus;K- Private Cars","S- Driver's Negligence",2.00
11765,38728.00,"4- Demerara- Mahaica",,"Symth Street",,"-58.1643","6.8048",,,8/16/2011 0:00:00,12/30/1899 9:30:00,"D- Property Damage","F- Driver",30.00,"Male","N- Pickup",,1.00
11766,38729.00,"4- Demerara- Mahaica",,"Cowan & High Street",,"-58.1633","6.8206",,,8/18/2011 0:00:00,12/30/1899 9:55:00,"B- Serious Injury","F- Driver",26.00,"Male","N- Pickup;V-Motor Cycle","U- Cyclist's Negligence",2.00
11767,38730.00,"4- Demerara- Mahaica",,"Regent Street",,"-58.1604","6.8102",,,8/19/2011 0:00:00,12/30/1899 2:30:00,"D- Property Damage","F- Driver",48.00,"Female","K- Private Cars","O- Lost Control & Runoff",2.00
11768,38731.00,"4- Demerara- Mahaica",,"Bent Street",,"-58.1576","6.8050",,,8/20/2011 0:00:00,12/30/1899 7:30:00,"C- Minor Injury","F- Driver",38.00,"Male","K- Private Cars","T-Pedestrian's Negligence",2.00
11769,38732.00,"4- Demerara- Mahaica",,"Water Street",,"-58.1659","6.8180",,,8/20/2011 0:00:00,12/30/1899 13:50:00,"C- Minor Injury","F- Driver",41.00,"Male","J- Minibus","T-Pedestrian's Negligence",2.00
11770,38733.00,"4- Demerara- Mahaica",,"Croal Street",,"-58.1581","6.8076",,,8/22/2011 0:00:00,12/30/1899 9:20:00,"D- Property Damage","F- Driver",32.00,"Male","L- Lorries Van;M- Hire Cars","S- Driver's Negligence",2.00
11771,38734.00,"4- Demerara- Mahaica",,"Robb & Light Street",,"-58.1549","6.8095",,,8/22/2011 0:00:00,12/30/1899 11:30:00,"C- Minor Injury","F- Driver",50.00,"Male","K- Private Cars;W-Pedal Cycle","U- Cyclist's Negligence",2.00
11772,38735.00,"4- Demerara- Mahaica",,"Church & North Road",,"-58.1636","6.8130",,,8/22/2011 0:00:00,12/30/1899 12:25:00,"D- Property Damage","F- Driver",42.00,"Male","M- Hire Cars;N- Pickup","S- Driver's Negligence",2.00
11773,38736.00,"4- Demerara- Mahaica",,"Robb & Albert Street",,"-58.1535","6.8092",,,8/23/2011 0:00:00,12/30/1899 12:45:00,"C- Minor Injury","G- Rider",34.00,"Female","N- Pickup;V-Motor Cycle","S- Driver's Negligence",2.00
11774,38737.00,"4- Demerara- Mahaica",,"Regent & Cummings Street",,"-58.1566","6.8092",,,8/23/2011 0:00:00,12/30/1899 11:00:00,"D- Property Damage","F- Driver",41.00,"Male","K- Private Cars;M- Hire Cars","S- Driver's Negligence",2.00
11775,38738.00,"4- Demerara- Mahaica",,"Camp Street",,"-58.1600","6.8137",,,8/23/2011 0:00:00,12/30/1899 14:30:00,"D- Property Damage","F- Driver",46.00,"Male","K- Private Cars;M- Hire Cars","S- Driver's Negligence",2.00
11776,38739.00,"4- Demerara- Mahaica",,"Charlotte & King Street",,"-58.1643","6.8103",,,8/24/2011 0:00:00,12/30/1899 8:30:00,"D- Property Damage","F- Driver",42.00,"Male","K- Private Cars;N- Pickup","S- Driver's Negligence",2.00
11777,38740.00,"4- Demerara- Mahaica",,"Albert & Third Street",,"-58.1523","6.8139",,,8/25/2011 0:00:00,12/30/1899 9:30:00,"D- Property Damage","F- Driver",22.00,"m]","K- Private Cars","S- Driver's Negligence",2.00
11778,38741.00,"4- Demerara- Mahaica",,"John & Bent Street",,"-58.1553","6.8044",,,8/25/2011 0:00:00,12/30/1899 11:30:00,"D- Property Damage","F- Driver",55.00,"Male","K- Private Cars;N- Pickup","S- Driver's Negligence",2.00
11779,38742.00,"4- Demerara- Mahaica",,"Cornhill & Hadfield Street",,"-58.1573","6.8057",,,8/25/2011 0:00:00,12/30/1899 16:00:00,"D- Property Damage","F- Driver",28.00,"Male","J- Minibus","S- Driver's Negligence",2.00
11780,38743.00,"4- Demerara- Mahaica",,"North Road & Chiv Chanderpaul Drive",,"-58.1505","6.8091",,,8/23/2011 0:00:00,12/30/1899 16:00:00,"D- Property Damage","F- Driver",30.00,"Female","K- Private Cars;N- Pickup","S- Driver's Negligence",2.00
11781,38744.00,"4- Demerara- Mahaica",,"Water Street",,"-58.1659","6.8180",,,8/26/2011 0:00:00,12/30/1899 16:15:00,"D- Property Damage","F- Driver",29.00,"Male","J- Minibus;K- Private Cars","S- Driver's Negligence",2.00
11782,38745.00,"4- Demerara- Mahaica",,"Water Street",,"-58.1659","6.8180",,,8/26/2011 0:00:00,12/30/1899 17:50:00,"C- Minor Injury","E- Pedestrian",39.00,"Female","J- Minibus","S- Driver's Negligence",2.00
11783,38746.00,"4- Demerara- Mahaica",,"Croal & Sandiman Pl.",,"-58.1570","6.8073",,,8/26/2011 0:00:00,12/30/1899 18:45:00,"D- Property Damage","F- Driver",75.00,"Male","K- Private Cars","S- Driver's Negligence",2.00
11784,38747.00,"4- Demerara- Mahaica",,"Leopold Street",,"-58.1637","6.8075",,,8/22/2011 0:00:00,12/30/1899 17:30:00,"C- Minor Injury","G- Rider",18.00,"Male","W-Pedal Cycle","U- Cyclist's Negligence",2.00
11785,38748.00,"4- Demerara- Mahaica",,"Church Street",,"-58.1574","6.8114",,,8/29/2011 0:00:00,12/30/1899 17:45:00,"C- Minor Injury","G- Rider",37.00,"Male","V-Motor Cycle","T-Pedestrian's Negligence",2.00
11786,38749.00,"4- Demerara- Mahaica",,"Church & New Garden Street",,"-58.1504","6.8096",,,8/27/2011 0:00:00,12/30/1899 18:00:00,"D- Property Damage","F- Driver",38.00,"Male","V-Motor Cycle","O- Lost Control & Runoff;S- Driver's Negligence",2.00
11787,38750.00,"4- Demerara- Mahaica",,"Water Street",,"-58.1659","6.8180",,,8/23/2011 0:00:00,12/30/1899 13:00:00,"C- Minor Injury","F- Driver",50.00,"Male","N- Pickup","S- Driver's Negligence",2.00
11788,38751.00,"4- Demerara- Mahaica",,"Longden Street",,"-58.1666","6.8107",,,8/31/2011 0:00:00,12/30/1899 14:00:00,"D- Property Damage","F- Driver",,"Male","N- Pickup;V-Motor Cycle","U- Cyclist's Negligence",2.00
11789,38752.00,"4- Demerara- Mahaica",,"Norton & John Street",,"-58.1403","6.7987",,,9/1/2011 0:00:00,12/30/1899 5:10:00,"D- Property Damage","F- Driver",32.00,"Male","K- Private Cars;M- Hire Cars","S- Driver's Negligence",2.00
11790,38753.00,"4- Demerara- Mahaica",,"Princess & Symth Street",,"-58.1645","6.8040",,,8/31/2011 0:00:00,12/30/1899 16:20:00,"A- Fatal","F- Driver",,"Male","N- Pickup","S- Driver's Negligence",3.00
11791,38754.00,"4- Demerara- Mahaica",,"Quamina & Camp Street",,"-58.1599","6.8138",,,9/1/2011 0:00:00,12/30/1899 18:45:00,"D- Property Damage","F- Driver",64.00,"Male","K- Private Cars","S- Driver's Negligence",2.00
11792,38755.00,"4- Demerara- Mahaica",,"Norton & Halley Street",,"-58.1525","6.8019",,,8/29/2011 0:00:00,12/30/1899 17:00:00,"C- Minor Injury","G- Rider",39.00,"Male","J- Minibus;V-Motor Cycle","S- Driver's Negligence",2.00
11793,38756.00,"4- Demerara- Mahaica",,"Lamaha & Albert Street",,"-58.1515","6.8167",,,9/4/2011 0:00:00,12/30/1899 15:55:00,"C- Minor Injury","F- Driver",45.00,"Male","M- Hire Cars",,2.00
11794,38757.00,"4- Demerara- Mahaica",,"Durban & Lime St.",,"-58.1588","6.8045",,"Georgetown",8/2/2012 0:00:00,12/30/1899 17:00:00,"D- Property Damage","F- Driver",35.00,"Female","J- Minibus;K- Private Cars","R- Improper Overtaking",2.00
11795,38759.00,"4- Demerara- Mahaica",,"Durban & Halley St.",,"-58.1522","6.8027",,"Georgetown",8/8/2012 0:00:00,12/30/1899 11:40:00,"D- Property Damage","F- Driver",62.00,"Male","K- Private Cars;N- Pickup","S- Driver's Negligence",2.00
11796,38760.00,"4- Demerara- Mahaica",,"Light St.",,"-58.1538","6.8139",,"Georgetown",8/8/2012 0:00:00,12/30/1899 14:00:00,"D- Property Damage","F- Driver",36.00,"Female","K- Private Cars","S- Driver's Negligence",2.00
11797,38761.00,"4- Demerara- Mahaica",,"Camp & Brickdam St.",,"-58.1615","6.8077",,"Georgetown",8/9/2012 0:00:00,12/30/1899 7:15:00,"B- Serious Injury","F- Driver",29.00,"Female","K- Private Cars","T-Pedestrian's Negligence",2.00
11798,38762.00,"4- Demerara- Mahaica",,"Camp & Regent St.",,"-58.1608","6.8103",,"Georgetown",8/9/2012 0:00:00,12/30/1899 3:30:00,"D- Property Damage","F- Driver",27.00,"Male","K- Private Cars;M- Hire Cars","S- Driver's Negligence",2.00
11799,38763.00,"4- Demerara- Mahaica",,"Hadfield & Lime St.",,"-58.1584","6.8062",,"Georgetown",8/10/2012 0:00:00,12/30/1899 15:45:00,"B- Serious Injury","F- Driver",47.00,"Male","M- Hire Cars;V-Motor Cycle","S- Driver's Negligence",2.00
11800,38764.00,"4- Demerara- Mahaica",,"Ave. Of The Republic",,"-58.1651","6.8117",,"Georgetown",8/13/2012 0:00:00,12/30/1899 14:45:00,"D- Property Damage","F- Driver",25.00,"Female","K- Private Cars;L- Lorries Van","S- Driver's Negligence",2.00
11801,38765.00,"4- Demerara- Mahaica",,"Ave. Of The Republic & Croal St.",,"-58.1658","6.8097",,"Georgetown",8/13/2012 0:00:00,12/30/1899 21:30:00,"D- Property Damage","F- Driver",34.00,"Male","J- Minibus;K- Private Cars","S- Driver's Negligence",2.00
11802,38766.00,"4- Demerara- Mahaica",,"Regent St.",,"-58.1604","6.8102",,"Georgetown",8/14/2012 0:00:00,12/30/1899 19:30:00,"D- Property Damage","F- Driver",40.00,"Male","J- Minibus;M- Hire Cars","R- Improper Overtaking",2.00