"ID","Accident ID","Region Number","Corridor ID","Location (Intersection/Road/Street)","Corridor","Location- longitude/ X","Location- latitude/  Y","Mile Marker","Village","Date of Accident","Time of Accident","Type of Accident","Class of Road User","Age/DOB","Gender","Class of Vehicles Involved","Contributing Factor","Number of Persons Involved"
11803,38767.00,"4- Demerara- Mahaica",,"Brickdam & Chalmer's Pl.",,"-58.1583","6.8069",,"Georgetown",8/15/2012 0:00:00,12/30/1899 23:00:00,"C- Minor Injury","F- Driver",18.00,"Male","K- Private Cars;V-Motor Cycle","S- Driver's Negligence",2.00
11804,38768.00,"4- Demerara- Mahaica",,"Vlissengen & North Rd.",,"-58.1479","6.8085",,"Georgetown",8/17/2012 0:00:00,12/30/1899 22:30:00,"D- Property Damage","F- Driver",54.00,"Male","J- Minibus;K- Private Cars","Q- Alcohol",2.00
11805,38769.00,"4- Demerara- Mahaica",,"Camp & Carifesta Ave.",,"-58.1572","6.8226",,"Georgetown",8/17/2012 0:00:00,12/30/1899 16:00:00,"C- Minor Injury","F- Driver",33.00,"Male","J- Minibus;L- Lorries Van","S- Driver's Negligence",3.00
11806,38770.00,"4- Demerara- Mahaica",,"Regent & Oronoque St.",,"-58.1524","6.8080",,"Georgetown",8/19/2012 0:00:00,12/30/1899 20:00:00,"D- Property Damage","F- Driver",22.00,"Male","J- Minibus;K- Private Cars;M- Hire Cars","S- Driver's Negligence",3.00
11807,38771.00,"4- Demerara- Mahaica",,"Waterloo & Quamina St.",,"-58.1614","6.8142",,"Georgetown",8/3/2012 0:00:00,12/30/1899 15:00:00,"C- Minor Injury","F- Driver",,"Male","K- Private Cars",,2.00
11808,38772.00,"4- Demerara- Mahaica",,"Hadfield & Smyth St.",,"-58.1637","6.8075",,"Georgetown",8/17/2012 0:00:00,12/30/1899 12:30:00,"D- Property Damage","F- Driver",33.00,"Male","K- Private Cars","S- Driver's Negligence",2.00
11809,38773.00,"4- Demerara- Mahaica",,"Camp St.",,"-58.1600","6.8137",,"Georgetown",8/23/2012 0:00:00,12/30/1899 1:00:00,"D- Property Damage","F- Driver",,"Male","J- Minibus;N- Pickup","S- Driver's Negligence",2.00
11810,38774.00,"4- Demerara- Mahaica",,"Regent & Oronoque St.",,"-58.1524","6.8080",,"Georgetown",8/25/2012 0:00:00,12/30/1899 18:40:00,"D- Property Damage","F- Driver",62.00,"Male","K- Private Cars;N- Pickup","S- Driver's Negligence",2.00
11811,38775.00,"4- Demerara- Mahaica",,"Main & Quamina St.",,"-58.1647","6.8151",,"Georgetown",8/23/2012 0:00:00,12/30/1899 11:30:00,"C- Minor Injury","F- Driver",37.00,"Male","M- Hire Cars;V-Motor Cycle","S- Driver's Negligence",2.00
11812,38776.00,"4- Demerara- Mahaica",,"Croal St.",,"-58.1581","6.8076",,"Georgetown",8/28/2012 0:00:00,12/30/1899 8:20:00,"D- Property Damage","F- Driver",,"Male","J- Minibus;K- Private Cars","S- Driver's Negligence",2.00
11813,38777.00,"4- Demerara- Mahaica",,"Camp St.",,"-58.1600","6.8137",,"Georgetown",8/30/2012 0:00:00,12/30/1899 14:10:00,"D- Property Damage","F- Driver",46.00,"Male","L- Lorries Van;N- Pickup","S- Driver's Negligence",2.00
11814,38778.00,"4- Demerara- Mahaica",,"Carmichael St.",,"-58.1629","6.8159",,"Georgetown",8/30/2012 0:00:00,12/30/1899 14:00:00,"D- Property Damage","F- Driver",43.00,"Male","K- Private Cars;M- Hire Cars","S- Driver's Negligence",2.00
11815,38779.00,"4- Demerara- Mahaica",,"Thomas Rd.",,"-58.1505","6.8202",,"Georgetown",9/3/2012 0:00:00,12/30/1899 11:00:00,"D- Property Damage","F- Driver",,"Female","K- Private Cars;L- Lorries Van","R- Improper Overtaking",2.00
11816,38780.00,"4- Demerara- Mahaica",,"Thomas & Middle St.",,"-58.1576","6.8150",,"Georgetown",9/3/2012 0:00:00,12/30/1899 15:00:00,"D- Property Damage","F- Driver",27.00,"Male","K- Private Cars;N- Pickup","S- Driver's Negligence",2.00
11817,38781.00,"4- Demerara- Mahaica",,"Water St.",,"-58.1659","6.8180",,"Georgetown",8/30/2012 0:00:00,12/30/1899 18:30:00,"C- Minor Injury","G- Rider",,"Male","V-Motor Cycle","O- Lost Control & Runoff",2.00
11818,38782.00,"4- Demerara- Mahaica",,"Vlissengen & Homestretch Ave.",,"-58.1508","6.8058",,"Georgetown",9/5/2012 0:00:00,12/30/1899 13:30:00,"C- Minor Injury","F- Driver",36.00,"Male","J- Minibus;N- Pickup","S- Driver's Negligence",3.00
11819,38783.00,"4- Demerara- Mahaica",,"Camp & New Market St.",,"-58.1591","6.8170",,"Georgetown",9/3/2012 0:00:00,12/30/1899 16:35:00,"D- Property Damage","F- Driver",,"Male","K- Private Cars","S- Driver's Negligence",2.00
11820,38784.00,"4- Demerara- Mahaica",,"High St.",,"-58.1669","6.8063",,"Georgetown",9/5/2012 0:00:00,12/30/1899 9:10:00,"D- Property Damage","F- Driver",28.00,"Male","K- Private Cars;M- Hire Cars;N- Pickup","O- Lost Control & Runoff",3.00
11821,38785.00,"4- Demerara- Mahaica",,"Durban & Louisa Row",,"-58.1575","6.8041",,"Georgetown",9/5/2012 0:00:00,12/30/1899 13:30:00,"C- Minor Injury","F- Driver",47.00,"Male","K- Private Cars;V-Motor Cycle","S- Driver's Negligence",2.00
11822,38786.00,"4- Demerara- Mahaica",,"Durban & Lime St.",,"-58.1588","6.8045",,"Georgetown",9/8/2012 0:00:00,12/30/1899 20:00:00,"C- Minor Injury","F- Driver",55.00,"Male","M- Hire Cars;V-Motor Cycle","S- Driver's Negligence",2.00
11823,38787.00,"4- Demerara- Mahaica",,"Durban & Halley St.",,"-58.1522","6.8027",,"Georgetown",9/4/2012 0:00:00,12/30/1899 20:45:00,"C- Minor Injury","F- Driver",42.00,"Male","K- Private Cars;M- Hire Cars","S- Driver's Negligence",2.00
11824,38788.00,"4- Demerara- Mahaica",,"Charlotte & Light St.",,"-58.1554","6.8079",,"Georgetown",9/7/2012 0:00:00,12/30/1899 17:30:00,"D- Property Damage","F- Driver",,"Male","K- Private Cars;N- Pickup","S- Driver's Negligence",2.00
11825,38789.00,"4- Demerara- Mahaica",,"Ave. Of The Republic & Regent St.",,"-58.1653","6.8115",,"Georgetown",9/3/2012 0:00:00,12/30/1899 15:00:00,"D- Property Damage","F- Driver",45.00,"Male","L- Lorries Van;N- Pickup","S- Driver's Negligence",2.00
11826,38790.00,"4- Demerara- Mahaica",,"Cummings St.",,"-58.1553","6.8140",,"Georgetown",9/7/2012 0:00:00,12/30/1899 19:20:00,"C- Minor Injury","F- Driver",,,"K- Private Cars","S- Driver's Negligence",2.00
11827,38791.00,"4- Demerara- Mahaica",,"Alexander & Church St.",,"-58.1587","6.8118",,"Georgetown",9/14/2012 0:00:00,12/30/1899 20:57:00,"D- Property Damage","F- Driver",22.00,"Male","M- Hire Cars","S- Driver's Negligence",2.00
11828,38792.00,"4- Demerara- Mahaica",,"George & Durban St.",,"-58.1628","6.8055",,"Georgetown",9/15/2012 0:00:00,12/30/1899 15:05:00,"D- Property Damage","F- Driver",30.00,"Male","M- Hire Cars;W-Pedal Cycle","S- Driver's Negligence",2.00
11829,38793.00,"4- Demerara- Mahaica",,"Regent St.",,"-58.1604","6.8102",,"Georgetown",9/16/2012 0:00:00,12/30/1899 8:40:00,"D- Property Damage","F- Driver",30.00,"Male","J- Minibus;K- Private Cars;M- Hire Cars","R- Improper Overtaking",4.00
11830,38794.00,"4- Demerara- Mahaica",,"Norton & John St.",,"-58.1403","6.7987",,"Georgetown",9/17/2012 0:00:00,12/30/1899 17:00:00,"B- Serious Injury","F- Driver",44.00,"Male","J- Minibus;W-Pedal Cycle","U- Cyclist's Negligence",2.00
11831,38795.00,"4- Demerara- Mahaica",,"Camp St.",,"-58.1600","6.8137",,"Georgetown",9/19/2012 0:00:00,12/30/1899 13:00:00,"D- Property Damage","F- Driver",17.00,"Female","J- Minibus;K- Private Cars","S- Driver's Negligence",2.00
11832,38796.00,"4- Demerara- Mahaica",,"First & Albert St.",,"-58.1518","6.8157",,"Georgetown",9/17/2012 0:00:00,12/30/1899 16:00:00,"D- Property Damage","F- Driver",62.00,"Male","K- Private Cars","S- Driver's Negligence",2.00
11833,38797.00,"4- Demerara- Mahaica",,"Cummings & Regent St.",,"-58.1566","6.8092",,"Georgetown",9/18/2012 0:00:00,12/30/1899 17:45:00,"D- Property Damage","F- Driver",38.00,"Male","J- Minibus","R- Improper Overtaking",2.00
11834,38798.00,"4- Demerara- Mahaica",,"Robb & Light St.",,"-58.1549","6.8095",,"Georgetown",9/23/2012 0:00:00,12/30/1899 21:30:00,"D- Property Damage","F- Driver",30.00,"Female","K- Private Cars","Q- Alcohol",2.00
11835,38799.00,"4- Demerara- Mahaica",,"Carmichael & Middle St.",,"-58.1626","6.8163",,"Georgetown",9/17/2012 0:00:00,12/30/1899 19:50:00,"D- Property Damage","F- Driver",47.00,"Male","K- Private Cars;L- Lorries Van","Q- Alcohol",2.00
11836,38800.00,"4- Demerara- Mahaica",,"King & Charlotte St.",,"-58.1643","6.8103",,"Georgetown",9/20/2012 0:00:00,12/30/1899 18:55:00,"C- Minor Injury","F- Driver",28.00,"Male","J- Minibus;K- Private Cars","S- Driver's Negligence",2.00
11837,38801.00,"4- Demerara- Mahaica",,"Bent & John St.",,"-58.1553","6.8044",,"Georgetown",9/30/2012 0:00:00,12/30/1899 21:00:00,"C- Minor Injury","F- Driver",,"Male","K- Private Cars;V-Motor Cycle","S- Driver's Negligence",2.00
11838,38802.00,"4- Demerara- Mahaica",,"Carifesta Ave.",,"-58.1483","6.8240",,"Georgetown",9/24/2012 0:00:00,12/30/1899 13:50:00,"D- Property Damage","F- Driver",,"Male","J- Minibus","R- Improper Overtaking",2.00
11839,38803.00,"4- Demerara- Mahaica",,"Carmichael & Middle St.",,"-58.1626","6.8163",,"Georgetown",10/2/2012 0:00:00,12/30/1899 8:20:00,"D- Property Damage","F- Driver",50.00,"Male","J- Minibus;K- Private Cars","S- Driver's Negligence",2.00
11840,38804.00,"4- Demerara- Mahaica",,"Croal & Wellington St.",,"-58.1629","6.8089",,"Georgetown",10/5/2012 0:00:00,12/30/1899 10:00:00,"D- Property Damage","F- Driver",27.00,"Male","J- Minibus","S- Driver's Negligence",2.00
11841,38805.00,"4- Demerara- Mahaica",,"Regent & Wellington St.",,"-58.1624","6.8107",,"Georgetown",10/6/2012 0:00:00,12/30/1899 14:20:00,"D- Property Damage","F- Driver",27.00,"Male","K- Private Cars","S- Driver's Negligence",2.00
11842,38806.00,"4- Demerara- Mahaica",,"Durban & Smyth St.",,"-58.1641","6.8059",,"Georgetown",10/6/2012 0:00:00,12/30/1899 21:30:00,"B- Serious Injury","F- Driver",39.00,"Male","K- Private Cars;V-Motor Cycle","S- Driver's Negligence",2.00
11843,38807.00,"4- Demerara- Mahaica",,"Ave. Of The Republic & Croal St.",,"-58.1658","6.8097",,"Georgetown",10/8/2012 0:00:00,12/30/1899 8:40:00,"C- Minor Injury","F- Driver",59.00,"Male","J- Minibus","S- Driver's Negligence",2.00
11844,38808.00,"4- Demerara- Mahaica",,"Durban & Smyth St.",,"-58.1641","6.8059",,"Georgetown",10/7/2012 0:00:00,12/30/1899 14:30:00,"C- Minor Injury","F- Driver",36.00,"Male","M- Hire Cars","S- Driver's Negligence",5.00
11845,38809.00,"4- Demerara- Mahaica",,"Durban St.",,"-58.1526","6.8028",,"Georgetown",10/12/2012 0:00:00,12/30/1899 17:15:00,"A- Fatal","G- Rider",12.00,"Male","L- Lorries Van;W-Pedal Cycle","P- Speeding",2.00
11846,38810.00,"4- Demerara- Mahaica",,"Camp St.",,"-58.1600","6.8137",,"Georgetown",10/9/2012 0:00:00,12/30/1899 18:00:00,"D- Property Damage","F- Driver",36.00,"Male","K- Private Cars","S- Driver's Negligence",2.00
11847,38811.00,"4- Demerara- Mahaica",,"Water St.",,"-58.1659","6.8180",,"Georgetown",10/13/2012 0:00:00,12/30/1899 20:45:00,"B- Serious Injury","F- Driver",46.00,"Male","L- Lorries Van","S- Driver's Negligence",2.00
11848,38812.00,"4- Demerara- Mahaica",,"Croal & Ave. Of The Republic",,"-58.1658","6.8097",,"Georgetown",10/6/2012 0:00:00,12/30/1899 20:00:00,"D- Property Damage","F- Driver",23.00,"Male","K- Private Cars;N- Pickup","S- Driver's Negligence",2.00
11849,38813.00,"4- Demerara- Mahaica",,"Camp St.",,"-58.1600","6.8137",,"Georgetown",10/9/2012 0:00:00,12/30/1899 7:55:00,"D- Property Damage","F- Driver",25.00,"Female","J- Minibus;N- Pickup","R- Improper Overtaking",2.00
11850,38814.00,"4- Demerara- Mahaica",,"Smyth & Durban St.",,"-58.1641","6.8059",,"Georgetown",10/6/2012 0:00:00,12/30/1899 21:50:00,"B- Serious Injury","F- Driver",39.00,"Male","K- Private Cars;V-Motor Cycle","S- Driver's Negligence",2.00
11851,38815.00,"4- Demerara- Mahaica",,"Lamaha & J.B. Singh Rd.",,"-58.1462","6.8153",,"Georgetown",10/21/2012 0:00:00,12/30/1899 10:05:00,"B- Serious Injury","F- Driver",42.00,"Male","K- Private Cars;L- Lorries Van",,2.00
11852,38816.00,"4- Demerara- Mahaica",,"Camp & Brickdam St.",,"-58.1615","6.8077",,"Georgetown",10/15/2012 0:00:00,12/30/1899 10:00:00,"D- Property Damage","F- Driver",31.00,"Male","K- Private Cars;L- Lorries Van","S- Driver's Negligence",2.00
11853,38817.00,"4- Demerara- Mahaica",,"Fourth & Albert St.",,"-58.1525","6.8128",,"Georgetown",10/17/2012 0:00:00,12/30/1899 13:00:00,"D- Property Damage","F- Driver",23.00,"Male","K- Private Cars","S- Driver's Negligence",3.00
11854,38818.00,"4- Demerara- Mahaica",,"Norton St. & Cemetary Rd.",,"-58.1477","6.8088",,"Georgetown",10/15/2012 0:00:00,12/30/1899 6:30:00,"C- Minor Injury","F- Driver",66.00,"Male","J- Minibus;K- Private Cars","S- Driver's Negligence",4.00
11855,38819.00,"4- Demerara- Mahaica",,"Durban St.",,"-58.1526","6.8028",,"Georgetown",10/16/2012 0:00:00,12/30/1899 14:05:00,"D- Property Damage","F- Driver",60.00,"Male","K- Private Cars;N- Pickup","S- Driver's Negligence",2.00
11856,38820.00,"4- Demerara- Mahaica",,"Smyth & Hadfield St.",,"-58.1637","6.8075",,"Georgetown",10/22/2012 0:00:00,12/30/1899 16:10:00,"C- Minor Injury","G- Rider",39.00,"Male","L- Lorries Van;V-Motor Cycle","U- Cyclist's Negligence",2.00
11857,38821.00,"4- Demerara- Mahaica",,"Regent St.",,"-58.1604","6.8102",,"Georgetown",10/25/2012 0:00:00,,"D- Property Damage","F- Driver",24.00,"Male","K- Private Cars;M- Hire Cars","S- Driver's Negligence",2.00
11858,38822.00,"4- Demerara- Mahaica",,"Camp St.",,"-58.1600","6.8137",,"Georgetown",10/27/2012 0:00:00,12/30/1899 10:40:00,"D- Property Damage","F- Driver",24.00,"Female","J- Minibus;K- Private Cars","S- Driver's Negligence",2.00
11859,38823.00,"4- Demerara- Mahaica",,"Regent & Light St.",,"-58.1552","6.8087",,"Georgetown",10/25/2012 0:00:00,12/30/1899 14:00:00,"D- Property Damage","F- Driver",66.00,"Male","M- Hire Cars","S- Driver's Negligence",2.00
11860,38824.00,"4- Demerara- Mahaica",,"Princess & Lombard St.",,"-58.1678","6.8049",,"Georgetown",10/30/2012 0:00:00,12/30/1899 9:00:00,"C- Minor Injury","F- Driver",,"Male","K- Private Cars;V-Motor Cycle","S- Driver's Negligence",2.00
11861,38825.00,"4- Demerara- Mahaica",,"Camp & Robb St.",,"-58.1606","6.8111",,"Georgetown",10/25/2012 0:00:00,12/30/1899 14:25:00,"D- Property Damage","F- Driver",,"Male","K- Private Cars","S- Driver's Negligence",2.00
11862,38826.00,"4- Demerara- Mahaica",,"Durban & Halley St.",,"-58.1522","6.8027",,"Georgetown",10/30/2012 0:00:00,12/30/1899 15:20:00,"D- Property Damage","F- Driver",54.00,"Male","K- Private Cars;M- Hire Cars","S- Driver's Negligence",2.00
11863,38827.00,"4- Demerara- Mahaica",,"Quamina & Carmichael St.",,"-58.1630","6.8147",,"Georgetown",10/30/2012 0:00:00,12/30/1899 15:20:00,"D- Property Damage","F- Driver",42.00,"Male","K- Private Cars;N- Pickup","S- Driver's Negligence",2.00
11864,38828.00,"4- Demerara- Mahaica",,"Quamina & Camp St.",,"-58.1599","6.8138",,"Georgetown",10/31/2012 0:00:00,12/30/1899 14:00:00,"C- Minor Injury","F- Driver",29.00,"Male","K- Private Cars;N- Pickup","S- Driver's Negligence",2.00
11865,38829.00,"4- Demerara- Mahaica",,"Robb & Wellington St.",,"-58.1622","6.8115",,"Georgetown",10/29/2012 0:00:00,12/30/1899 19:20:00,"B- Serious Injury","F- Driver",29.00,"Male","K- Private Cars;N- Pickup","S- Driver's Negligence",3.00
11866,38830.00,"4- Demerara- Mahaica",,"Brickdam & Vlissengen Rd.",,"-58.1511","6.8050",,"Georgetown",10/29/2012 0:00:00,12/30/1899 20:00:00,"D- Property Damage","F- Driver",21.00,"Male","K- Private Cars;N- Pickup","S- Driver's Negligence",2.00
11867,38831.00,"4- Demerara- Mahaica",,"Water St.",,"-58.1659","6.8180",,"Georgetown",11/1/2012 0:00:00,12/30/1899 13:00:00,"C- Minor Injury","F- Driver",30.00,"Male","J- Minibus","T-Pedestrian's Negligence",2.00
11868,38832.00,"4- Demerara- Mahaica",,"Quamina & Camp St.",,"-58.1599","6.8138",,"Georgetown",11/1/2012 0:00:00,12/30/1899 14:30:00,"D- Property Damage","F- Driver",41.00,"Male","K- Private Cars","S- Driver's Negligence",3.00
11869,38833.00,"4- Demerara- Mahaica",,"Brickdam & Camp St.",,"-58.1615","6.8077",,"Georgetown",10/19/2012 0:00:00,12/30/1899 15:30:00,"D- Property Damage","F- Driver",65.00,"Female","K- Private Cars;M- Hire Cars","S- Driver's Negligence",2.00
11870,38834.00,"4- Demerara- Mahaica",,"Crown St.",,"-58.1522","6.8139",,"Georgetown",11/6/2012 0:00:00,12/30/1899 13:00:00,"D- Property Damage","F- Driver",31.00,"Female","K- Private Cars",,2.00
11871,38835.00,"4- Demerara- Mahaica",,"Regent & Cummings St.",,"-58.1566","6.8092",,"Georgetown",11/6/2012 0:00:00,12/30/1899 22:25:00,"B- Serious Injury","G- Rider",32.00,"Male","V-Motor Cycle;W-Pedal Cycle","U- Cyclist's Negligence",3.00
11872,38836.00,"4- Demerara- Mahaica",,"Norton & Vlissengen Rd.",,"-58.1479","6.8084",,"Georgetown",11/6/2012 0:00:00,12/30/1899 10:15:00,"B- Serious Injury","F- Driver",40.00,"Male","L- Lorries Van;N- Pickup","S- Driver's Negligence",3.00
11873,38837.00,"4- Demerara- Mahaica",,"Ave. Of The Republic",,"-58.1651","6.8117",,"Georgetown",11/2/2012 0:00:00,12/30/1899 10:00:00,"D- Property Damage","F- Driver",39.00,"Female","J- Minibus;K- Private Cars","S- Driver's Negligence",2.00
11874,38838.00,"4- Demerara- Mahaica",,"Durban St.",,"-58.1526","6.8028",,"Georgetown",11/8/2012 0:00:00,12/30/1899 21:05:00,"B- Serious Injury","G- Rider",41.00,"Male","K- Private Cars;V-Motor Cycle","U- Cyclist's Negligence",2.00
11875,38839.00,"4- Demerara- Mahaica",,"Vlissengen & Homestretch Ave.",,"-58.1508","6.8058",,"Georgetown",11/8/2012 0:00:00,12/30/1899 22:40:00,"D- Property Damage","F- Driver",31.00,"Male","K- Private Cars;N- Pickup","S- Driver's Negligence",3.00
11876,38840.00,"4- Demerara- Mahaica",,"Smyth & Princess St.",,"-58.1645","6.8040",,"Georgetown",11/8/2012 0:00:00,12/30/1899 14:10:00,"D- Property Damage","F- Driver",24.00,"Male","L- Lorries Van;V-Motor Cycle","S- Driver's Negligence",2.00
11877,38841.00,"4- Demerara- Mahaica",,"Durban & George St.",,"-58.1628","6.8055",,"Georgetown",11/10/2012 0:00:00,12/30/1899 7:00:00,"B- Serious Injury","F- Driver",27.00,"Male","N- Pickup;V-Motor Cycle","S- Driver's Negligence",3.00
11878,38842.00,"4- Demerara- Mahaica",,"Robb & Orange Walk",,"-58.1573","6.8102",,"Georgetown",11/8/2012 0:00:00,12/30/1899 16:00:00,"C- Minor Injury","G- Rider",64.00,"Male","N- Pickup;W-Pedal Cycle","U- Cyclist's Negligence",2.00
11879,38843.00,"4- Demerara- Mahaica",,"Vlissengen & Homestretch Ave.",,"-58.1508","6.8058",,"Georgetown",11/11/2012 0:00:00,12/30/1899 8:45:00,"D- Property Damage","F- Driver",71.00,"Male","K- Private Cars","S- Driver's Negligence",2.00
11880,38844.00,"4- Demerara- Mahaica",,"Main & New Market St.",,"-58.1638","6.8183",,"Georgetown",11/11/2012 0:00:00,12/30/1899 18:30:00,"D- Property Damage","F- Driver",86.00,"Male","K- Private Cars","S- Driver's Negligence",2.00
11881,38845.00,"4- Demerara- Mahaica",,"Carmichael & Middle St.",,"-58.1626","6.8163",,"Georgetown",11/12/2012 0:00:00,12/30/1899 2:55:00,"D- Property Damage","F- Driver",35.00,"Male","K- Private Cars","S- Driver's Negligence",2.00
11882,38846.00,"4- Demerara- Mahaica",,"Middle St.",,"-58.1596","6.8155",,"Georgetown",11/11/2012 0:00:00,12/30/1899 21:03:00,"D- Property Damage","F- Driver",56.00,"Male","J- Minibus;L- Lorries Van","Q- Alcohol",2.00
11883,38847.00,"4- Demerara- Mahaica",,"Camp & Regent St.",,"-58.1608","6.8103",,"Georgetown",11/12/2012 0:00:00,12/30/1899 23:30:00,"D- Property Damage","F- Driver",,"Male","K- Private Cars;M- Hire Cars","S- Driver's Negligence",2.00
11884,38848.00,"4- Demerara- Mahaica",,"Croal St. & Manget Pl.",,"-58.1644","6.8093",,"Georgetown",11/12/2012 0:00:00,12/30/1899 16:45:00,"D- Property Damage","F- Driver",46.00,"Male","J- Minibus;K- Private Cars","S- Driver's Negligence",2.00
11885,38849.00,"4- Demerara- Mahaica",,"Lombard St.",,"-58.1675","6.8071",,"Georgetown",11/14/2012 0:00:00,12/30/1899 10:50:00,"D- Property Damage","F- Driver",52.00,"Male","K- Private Cars;L- Lorries Van","R- Improper Overtaking",2.00
11886,38850.00,"4- Demerara- Mahaica",,"Smyth St.",,"-58.1643","6.8048",,"Georgetown",11/14/2012 0:00:00,12/30/1899 11:50:00,"D- Property Damage","F- Driver",57.00,"Male","J- Minibus;M- Hire Cars","S- Driver's Negligence",2.00
11887,38851.00,"4- Demerara- Mahaica",,"Cornhill St.",,"-58.1574","6.8046",,"Georgetown",11/15/2012 0:00:00,,"D- Property Damage","F- Driver",20.00,"Male","L- Lorries Van;M- Hire Cars","S- Driver's Negligence",2.00
11888,38852.00,"4- Demerara- Mahaica",,"Regent & Oronoque St.",,"-58.1524","6.8080",,"Georgetown",11/17/2012 0:00:00,12/30/1899 20:00:00,"D- Property Damage","F- Driver",30.00,"Male","K- Private Cars","S- Driver's Negligence",2.00
11889,38853.00,"4- Demerara- Mahaica",,"Hadfield St.",,"-58.1650","6.8079",,"Georgetown",11/21/2012 0:00:00,,"D- Property Damage","F- Driver",42.00,"Male","J- Minibus;K- Private Cars","S- Driver's Negligence",2.00
11890,38854.00,"4- Demerara- Mahaica",,"Regent & Light St.",,"-58.1552","6.8087",,"Georgetown",11/22/2012 0:00:00,12/30/1899 13:30:00,"D- Property Damage","F- Driver",32.00,"Male","K- Private Cars;M- Hire Cars","S- Driver's Negligence",3.00
11891,38855.00,"4- Demerara- Mahaica",,"Albert & First St.",,"-58.1518","6.8157",,"Georgetown",11/16/2012 0:00:00,12/30/1899 16:45:00,"B- Serious Injury","F- Driver",25.00,"Female","K- Private Cars;V-Motor Cycle","S- Driver's Negligence",2.00
11892,38856.00,"4- Demerara- Mahaica",,"Camp & Carifesta Ave.",,"-58.1572","6.8226",,"Georgetown",11/16/2012 0:00:00,12/30/1899 17:05:00,"D- Property Damage","F- Driver",32.00,"Male","J- Minibus;K- Private Cars","S- Driver's Negligence",2.00
11893,38857.00,"4- Demerara- Mahaica",,"Crown & Irving St.",,"-58.1494","6.8132",,"Georgetown",11/17/2012 0:00:00,12/30/1899 16:45:00,"D- Property Damage","F- Driver",40.00,"Male","M- Hire Cars;N- Pickup","S- Driver's Negligence",2.00
11894,38858.00,"4- Demerara- Mahaica",,"Pike St.",,"-58.1427","6.8211",,"Georgetown",11/25/2012 0:00:00,12/30/1899 1:30:00,"B- Serious Injury","G- Rider",19.00,"Male","K- Private Cars;V-Motor Cycle","U- Cyclist's Negligence",2.00
11895,38859.00,"4- Demerara- Mahaica",,"Robb & Ave. Of The Republic",,"-58.1650","6.8123",,"Georgetown",11/24/2012 0:00:00,12/30/1899 15:30:00,"D- Property Damage","F- Driver",21.00,"Male","K- Private Cars","S- Driver's Negligence",2.00
11896,38860.00,"4- Demerara- Mahaica",,"Norton & Louisa Row",,"-58.1577","6.8033",,"Georgetown",11/24/2012 0:00:00,12/30/1899 20:00:00,"D- Property Damage","F- Driver",30.00,"Male","K- Private Cars","S- Driver's Negligence",2.00
11897,38861.00,"4- Demerara- Mahaica",,"South Rd.",,"-58.1583","6.8079",,"Georgetown",11/9/2012 0:00:00,,"C- Minor Injury","F- Driver",,"Male","K- Private Cars","S- Driver's Negligence",2.00
11898,38862.00,"4- Demerara- Mahaica",,"Young St.",,"-58.1600","6.8234",,"Georgetown",11/26/2012 0:00:00,12/30/1899 17:50:00,"D- Property Damage","F- Driver",26.00,"Male","K- Private Cars","O- Lost Control & Runoff",2.00
11899,38863.00,"4- Demerara- Mahaica",,"Norton St.",,"-58.1519","6.8017",,"Georgetown",11/27/2012 0:00:00,,"C- Minor Injury","F- Driver",47.00,"Female","K- Private Cars;W-Pedal Cycle","S- Driver's Negligence",2.00
11900,38864.00,"4- Demerara- Mahaica",,"John & Durban St.",,"-58.1402","6.7996",,"Georgetown",11/2/2012 0:00:00,12/30/1899 8:30:00,"D- Property Damage","F- Driver",42.00,"Male","K- Private Cars","S- Driver's Negligence",2.00
11901,38865.00,"4- Demerara- Mahaica",,"North Rd. & Ave. Of The Republic",,"-58.1648","6.8130",,"Georgetown",12/3/2012 0:00:00,12/30/1899 12:00:00,"D- Property Damage","F- Driver",45.00,"Male","K- Private Cars","S- Driver's Negligence",2.00
11902,38866.00,"4- Demerara- Mahaica",,"Crown & Irving St.",,"-58.1494","6.8132",,"Georgetown",12/3/2012 0:00:00,12/30/1899 17:00:00,"D- Property Damage","F- Driver",56.00,"Male","K- Private Cars;N- Pickup","S- Driver's Negligence",3.00
11903,38867.00,"4- Demerara- Mahaica",,"Alexander & Charlotte St.",,"-58.1595","6.8090",,"Georgetown",12/4/2012 0:00:00,12/30/1899 8:25:00,"D- Property Damage","F- Driver",60.00,"Male","K- Private Cars","S- Driver's Negligence",2.00
11904,38868.00,"4- Demerara- Mahaica",,"Robb & Ave. Of The Republic",,"-58.1650","6.8123",,"Georgetown",12/4/2012 0:00:00,12/30/1899 12:45:00,"D- Property Damage","F- Driver",45.00,"Male","K- Private Cars","R- Improper Overtaking",2.00
11905,38869.00,"4- Demerara- Mahaica",,"Halley & Durban St.",,"-58.1522","6.8027",,"Georgetown",12/3/2012 0:00:00,12/30/1899 13:30:00,"D- Property Damage","F- Driver",,"Male","K- Private Cars;M- Hire Cars","S- Driver's Negligence",2.00
11906,38870.00,"4- Demerara- Mahaica",,"North & Ave. Of The Republic",,"-58.1648","6.8130",,"Georgetown",12/6/2012 0:00:00,12/30/1899 11:20:00,"D- Property Damage","F- Driver",40.00,"Male","K- Private Cars","S- Driver's Negligence",2.00
11907,38871.00,"4- Demerara- Mahaica",,"Water & Commerce St.",,"-58.1671","6.8113",,"Georgetown",12/8/2012 0:00:00,12/30/1899 7:45:00,"B- Serious Injury","F- Driver",36.00,"Male","J- Minibus","S- Driver's Negligence",2.00
11908,38872.00,"4- Demerara- Mahaica",,"Princess St.",,"-58.1662","6.8045",,"Georgetown",4/11/2012 0:00:00,12/30/1899 21:10:00,"B- Serious Injury","F- Driver",,"Male","N- Pickup","P- Speeding",2.00