"ID","Accident ID","Region Number","Corridor ID","Location (Intersection/Road/Street)","Corridor","Location- longitude/ X","Location- latitude/  Y","Mile Marker","Village","Date of Accident","Time of Accident","Type of Accident","Class of Road User","Age/DOB","Gender","Class of Vehicles Involved","Contributing Factor","Number of Persons Involved"
11909,38873.00,"4- Demerara- Mahaica",,"Robb & Albert St.",,"-58.1535","6.8092",,"Georgetown",4/14/2012 0:00:00,12/30/1899 1:30:00,"D- Property Damage","F- Driver",19.00,"Male","K- Private Cars","S- Driver's Negligence",2.00
11910,38874.00,"4- Demerara- Mahaica",,"Thomas Rd.",,"-58.1505","6.8202",,"Georgetown",4/15/2012 0:00:00,12/30/1899 17:00:00,"D- Property Damage","F- Driver",56.00,"Male","K- Private Cars","R- Improper Overtaking",2.00
11911,38875.00,"4- Demerara- Mahaica",,"Camp & Hadfield St.",,"-58.1614","6.8078",,"Georgetown",4/16/2012 0:00:00,12/30/1899 17:00:00,"D- Property Damage","F- Driver",39.00,"Male","J- Minibus;K- Private Cars","S- Driver's Negligence",2.00
11912,38876.00,"4- Demerara- Mahaica",,"George St.",,"-58.1628","6.8054",,"Georgetown",4/17/2012 0:00:00,12/30/1899 17:00:00,"D- Property Damage","F- Driver",,"Male","K- Private Cars;N- Pickup","S- Driver's Negligence",2.00
11913,38877.00,"4- Demerara- Mahaica",,"Orange Walk",,"-58.1575","6.8094",,"Georgetown",4/17/2012 0:00:00,12/30/1899 19:30:00,"B- Serious Injury","G- Rider",29.00,"Male","V-Motor Cycle","P- Speeding",2.00
11914,38878.00,"4- Demerara- Mahaica",,"Norton St. & Cemetary Rd.",,"-58.1477","6.8088",,"Georgetown",4/17/2012 0:00:00,12/30/1899 17:45:00,"D- Property Damage","F- Driver",57.00,"Male","K- Private Cars;M- Hire Cars","S- Driver's Negligence",2.00
11915,38879.00,"4- Demerara- Mahaica",,"Church St.",,"-58.1574","6.8114",,"Georgetown",4/18/2012 0:00:00,12/30/1899 7:55:00,"C- Minor Injury","E- Pedestrian",40.00,"Female","K- Private Cars","T-Pedestrian's Negligence",2.00
11916,38880.00,"4- Demerara- Mahaica",,"South Rd. & Oronoque St.",,"-58.1528","6.8064",,"Georgetown",4/18/2012 0:00:00,12/30/1899 17:00:00,"C- Minor Injury","F- Driver",40.00,"Male","M- Hire Cars;V-Motor Cycle","S- Driver's Negligence",2.00
11917,38881.00,"4- Demerara- Mahaica",,"Regent & Cummings St.",,"-58.1566","6.8092",,"Georgetown",4/20/2012 0:00:00,12/30/1899 8:30:00,"D- Property Damage","F- Driver",34.00,"Female","J- Minibus;K- Private Cars","S- Driver's Negligence",2.00
11918,38882.00,"4- Demerara- Mahaica",,"Albert & Croal St.",,"-58.1542","6.8067",,"Georgetown",4/20/2012 0:00:00,12/30/1899 21:30:00,"C- Minor Injury","G- Rider",18.00,"Male","M- Hire Cars;V-Motor Cycle","U- Cyclist's Negligence",2.00
11919,38883.00,"4- Demerara- Mahaica",,"Bent & John St.",,"-58.1553","6.8044",,"Georgetown",4/20/2012 0:00:00,12/30/1899 22:00:00,"B- Serious Injury","F- Driver",20.00,"Male","K- Private Cars;V-Motor Cycle","S- Driver's Negligence",2.00
11920,38884.00,"4- Demerara- Mahaica",,"Bent St.",,"-58.1576","6.8050",,"Georgetown",4/20/2012 0:00:00,,"D- Property Damage","F- Driver",27.00,"Male","L- Lorries Van;V-Motor Cycle","S- Driver's Negligence",2.00
11921,38885.00,"4- Demerara- Mahaica",,"Robb & Ave. Of The Republic",,"-58.1650","6.8123",,"Georgetown",4/23/2012 0:00:00,,"C- Minor Injury","F- Driver",,"Male","K- Private Cars;W-Pedal Cycle","S- Driver's Negligence",2.00
11922,38886.00,"4- Demerara- Mahaica",,"Church St.",,"-58.1574","6.8114",,"Georgetown",4/24/2012 0:00:00,,"B- Serious Injury","F- Driver",44.00,"Female","K- Private Cars;W-Pedal Cycle","S- Driver's Negligence",2.00
11923,38887.00,"4- Demerara- Mahaica",,"Main St.",,"-58.1276","6.8221",,"Georgetown",4/22/2012 0:00:00,12/30/1899 4:30:00,"D- Property Damage","F- Driver",42.00,"Male","K- Private Cars;N- Pickup","S- Driver's Negligence",2.00
11924,38888.00,"4- Demerara- Mahaica",,"Regent & Bourda St.",,"-58.1584","6.8096",,"Georgetown",2/3/2012 0:00:00,12/30/1899 15:50:00,"C- Minor Injury","E- Pedestrian",8.00,"Male","J- Minibus","T-Pedestrian's Negligence",2.00
11925,38889.00,"4- Demerara- Mahaica",,"Thomas St.",,"-58.1577","6.8148",,"Georgetown",4/24/2012 0:00:00,12/30/1899 7:45:00,"D- Property Damage","F- Driver",27.00,"Female","K- Private Cars;M- Hire Cars","S- Driver's Negligence",2.00
11926,38890.00,"4- Demerara- Mahaica",,"Quamina St.",,"-58.1616","6.8142",,"Georgetown",4/16/2012 0:00:00,12/30/1899 5:00:00,"D- Property Damage","F- Driver",31.00,"Male","K- Private Cars","S- Driver's Negligence",2.00
11927,38891.00,"4- Demerara- Mahaica",,"Smyth St.",,"-58.1643","6.8048",,"Georgetown",4/26/2012 0:00:00,12/30/1899 11:30:00,"C- Minor Injury","E- Pedestrian",14.00,"Male","M- Hire Cars","T-Pedestrian's Negligence",2.00
11928,38892.00,"4- Demerara- Mahaica",,"Quamina & Camp St.",,"-58.1599","6.8138",,"Georgetown",4/26/2012 0:00:00,12/30/1899 4:30:00,"D- Property Damage","F- Driver",30.00,"Female","K- Private Cars","S- Driver's Negligence",2.00
11929,38893.00,"4- Demerara- Mahaica",,"Camp & Norton St.",,"-58.1604","6.8118",,"Georgetown",4/26/2012 0:00:00,12/30/1899 22:30:00,"C- Minor Injury","F- Driver",51.00,"Male","J- Minibus;M- Hire Cars","S- Driver's Negligence",2.00
11930,38894.00,"4- Demerara- Mahaica",,"Regent & Vlissengen Rd.",,"-58.1489","6.8070",,"Georgetown",4/26/2012 0:00:00,12/30/1899 18:15:00,"A- Fatal","F- Driver",28.00,"Male","K- Private Cars;L- Lorries Van;V-Motor Cycle","O- Lost Control & Runoff",3.00
11931,38895.00,"4- Demerara- Mahaica",,"Anira & New Garden St.",,"-58.1489","6.8150",,"Georgetown",4/27/2012 0:00:00,12/30/1899 9:50:00,"C- Minor Injury","F- Driver",31.00,"Female","K- Private Cars","S- Driver's Negligence",2.00
11932,38896.00,"4- Demerara- Mahaica",,"Ave. Of The Republic",,"-58.1651","6.8117",,"Georgetown",5/1/2012 0:00:00,12/30/1899 4:30:00,"D- Property Damage","F- Driver",,,"K- Private Cars","O- Lost Control & Runoff",1.00
11933,38897.00,"4- Demerara- Mahaica",,"North Rd. & Ave. Of The Republic",,"-58.1648","6.8130",,"Georgetown",5/1/2012 0:00:00,12/30/1899 21:30:00,"D- Property Damage","F- Driver",52.00,"Male","K- Private Cars","S- Driver's Negligence",2.00
11934,38898.00,"4- Demerara- Mahaica",,"Church St.",,"-58.1574","6.8114",,"Georgetown",5/2/2012 0:00:00,,"D- Property Damage","F- Driver",37.00,"Female","K- Private Cars","S- Driver's Negligence",2.00
11935,38899.00,"4- Demerara- Mahaica",,"Irving St.",,"-58.1450","6.8195",,"Georgetown",5/2/2012 0:00:00,12/30/1899 13:05:00,"C- Minor Injury","F- Driver",58.00,"Female","M- Hire Cars;V-Motor Cycle","R- Improper Overtaking",2.00
11936,38900.00,"4- Demerara- Mahaica",,"Middle & Carmichael St.",,"-58.1626","6.8163",,"Georgetown",5/4/2012 0:00:00,12/30/1899 16:44:00,"D- Property Damage","F- Driver",29.00,"Male","K- Private Cars","S- Driver's Negligence",2.00
11937,38901.00,"4- Demerara- Mahaica",,"Hadfield St.",,"-58.1650","6.8079",,"Georgetown",5/5/2012 0:00:00,12/30/1899 0:30:00,"D- Property Damage","F- Driver",28.00,"Male","K- Private Cars;N- Pickup","S- Driver's Negligence",2.00
11938,38902.00,"4- Demerara- Mahaica",,"Regent St.",,"-58.1604","6.8102",,"Georgetown",5/3/2012 0:00:00,12/30/1899 7:50:00,"C- Minor Injury","F- Driver",38.00,"Male","M- Hire Cars","S- Driver's Negligence",2.00
11939,38903.00,"4- Demerara- Mahaica",,"Camp & Quamina St.",,"-58.1599","6.8138",,"Georgetown",5/3/2012 0:00:00,12/30/1899 10:15:00,"C- Minor Injury","F- Driver",34.00,"Male","J- Minibus;K- Private Cars","S- Driver's Negligence",2.00
11940,38904.00,"4- Demerara- Mahaica",,"North Rd. & Ave. Of The Republic",,"-58.1648","6.8130",,"Georgetown",5/7/2012 0:00:00,12/30/1899 15:15:00,"D- Property Damage","F- Driver",38.00,"Female","K- Private Cars;M- Hire Cars","S- Driver's Negligence",2.00
11941,38905.00,"4- Demerara- Mahaica",,"Regent St.",,"-58.1604","6.8102",,"Georgetown",5/8/2012 0:00:00,12/30/1899 10:00:00,"B- Serious Injury","E- Pedestrian",20.00,"Female","V-Motor Cycle","T-Pedestrian's Negligence",2.00
11942,38906.00,"4- Demerara- Mahaica",,"Robb St.",,"-58.1599","6.8109",,"Georgetown",5/4/2012 0:00:00,,"D- Property Damage","G- Rider",22.00,"Male","K- Private Cars;V-Motor Cycle","U- Cyclist's Negligence",2.00
11943,38907.00,"4- Demerara- Mahaica",,"Main St.",,"-58.1276","6.8221",,"Georgetown",5/8/2012 0:00:00,12/30/1899 12:30:00,"D- Property Damage","G- Rider",30.00,"Male","K- Private Cars;V-Motor Cycle","U- Cyclist's Negligence",2.00
11944,38908.00,"4- Demerara- Mahaica",,"Durban St.",,"-58.1526","6.8028",,"Georgetown",5/10/2012 0:00:00,12/30/1899 14:10:00,"B- Serious Injury","F- Driver",21.00,"Male","K- Private Cars;V-Motor Cycle","R- Improper Overtaking",2.00
11945,38909.00,"4- Demerara- Mahaica",,"North Rd.",,"-58.1554","6.8104",,"Georgetown",5/10/2012 0:00:00,12/30/1899 15:00:00,"D- Property Damage","F- Driver",,"Male","K- Private Cars;L- Lorries Van;N- Pickup",,5.00
11946,38910.00,"4- Demerara- Mahaica",,"Cornhill St.",,"-58.1574","6.8046",,"Georgetown",5/12/2012 0:00:00,12/30/1899 5:58:00,"C- Minor Injury","F- Driver",55.00,"Male","M- Hire Cars","S- Driver's Negligence",2.00
11947,38911.00,"4- Demerara- Mahaica",,"New Market & East St.",,"-58.1556","6.8161",,"Georgetown",5/14/2012 0:00:00,12/30/1899 11:40:00,"C- Minor Injury","F- Driver",29.00,"Male","M- Hire Cars","S- Driver's Negligence",2.00
11948,38912.00,"4- Demerara- Mahaica",,"Young St.",,"-58.1600","6.8234",,"Georgetown",5/14/2012 0:00:00,12/30/1899 18:00:00,"A- Fatal","E- Pedestrian",,"Male","K- Private Cars","T-Pedestrian's Negligence",2.00
11949,38913.00,"4- Demerara- Mahaica",,"Camp & Robb St.",,"-58.1606","6.8111",,"Georgetown",5/15/2012 0:00:00,12/30/1899 7:00:00,"C- Minor Injury","F- Driver",54.00,"Female","K- Private Cars","S- Driver's Negligence",2.00
11950,38914.00,"4- Demerara- Mahaica",,"Regent St.",,"-58.1604","6.8102",,"Georgetown",5/15/2012 0:00:00,12/30/1899 13:15:00,"C- Minor Injury","E- Pedestrian",55.00,"Female","V-Motor Cycle","T-Pedestrian's Negligence",2.00
11951,38915.00,"4- Demerara- Mahaica",,"Water & Croal St.",,"-58.1673","6.8102",,"Georgetown",5/18/2012 0:00:00,12/30/1899 16:50:00,"C- Minor Injury","F- Driver",31.00,"Male","J- Minibus","S- Driver's Negligence",3.00
11952,38916.00,"4- Demerara- Mahaica",,"North Rd. & Alexander St.",,"-58.1589","6.8114",,"Georgetown",5/19/2012 0:00:00,12/30/1899 17:50:00,"D- Property Damage","F- Driver",47.00,"Male","K- Private Cars","S- Driver's Negligence",2.00
11953,38917.00,"4- Demerara- Mahaica",,"Main & Quamina St.",,"-58.1647","6.8151",,"Georgetown",5/19/2012 0:00:00,12/30/1899 11:30:00,"C- Minor Injury","F- Driver",26.00,"Female","K- Private Cars","S- Driver's Negligence",2.00
11954,38918.00,"4- Demerara- Mahaica",,"Croal St.",,"-58.1581","6.8076",,"Georgetown",5/21/2012 0:00:00,,"D- Property Damage","F- Driver",,"Female","K- Private Cars;N- Pickup","S- Driver's Negligence",2.00
11955,38919.00,"4- Demerara- Mahaica",,"Thomas Lands",,"-58.1505","6.8202",,"Georgetown",5/22/2012 0:00:00,12/30/1899 22:30:00,"D- Property Damage","F- Driver",44.00,"Male","K- Private Cars","S- Driver's Negligence",2.00
11956,38920.00,"4- Demerara- Mahaica",,"Water St.",,"-58.1659","6.8180",,"Georgetown",5/23/2012 0:00:00,12/30/1899 9:30:00,"D- Property Damage","F- Driver",51.00,"Male","K- Private Cars","S- Driver's Negligence",2.00
11957,38921.00,"4- Demerara- Mahaica",,"Quamina & Main St.",,"-58.1647","6.8151",,"Georgetown",5/28/2012 0:00:00,12/30/1899 7:55:00,"D- Property Damage","F- Driver",28.00,"Male","K- Private Cars;L- Lorries Van","S- Driver's Negligence",2.00
11958,38922.00,"4- Demerara- Mahaica",,"North Rd. & Wellington St.",,"-58.1621","6.8122",,"Georgetown",5/20/2012 0:00:00,12/30/1899 4:30:00,"D- Property Damage","F- Driver",21.00,"Male","K- Private Cars","S- Driver's Negligence",2.00
11959,38923.00,"4- Demerara- Mahaica",,"Carifesta Ave.",,"-58.1483","6.8240",,"Georgetown",5/26/2012 0:00:00,12/30/1899 22:15:00,"A- Fatal","F- Driver",,"Male","K- Private Cars;L- Lorries Van","P- Speeding;R- Improper Overtaking",3.00
11960,38924.00,"4- Demerara- Mahaica",,"New Garden & Lance Gibbs St.",,"-58.1497","6.8121",,"Georgetown",5/26/2012 0:00:00,12/30/1899 16:45:00,"C- Minor Injury","F- Driver",35.00,"Male","M- Hire Cars","S- Driver's Negligence",3.00
11961,38925.00,"4- Demerara- Mahaica",,"Lombard St.",,"-58.1675","6.8071",,"Georgetown",3/19/2012 0:00:00,12/30/1899 15:00:00,"D- Property Damage","F- Driver",,"Male","M- Hire Cars;V-Motor Cycle","S- Driver's Negligence",2.00
11962,38926.00,"4- Demerara- Mahaica",,"Oronoque St.",,"-58.1516","6.8107",,"Georgetown",5/24/2012 0:00:00,,"D- Property Damage","F- Driver",22.00,"Male","L- Lorries Van;M- Hire Cars","S- Driver's Negligence",2.00
11963,38927.00,"4- Demerara- Mahaica",,"Church & North Rd.",,"-58.1636","6.8130",,"Georgetown",5/30/2012 0:00:00,12/30/1899 9:00:00,"D- Property Damage","F- Driver",35.00,"Male","K- Private Cars","S- Driver's Negligence",2.00
11964,38928.00,"4- Demerara- Mahaica",,"Quamina & East St.",,"-58.1566","6.8129",,"Georgetown",5/30/2012 0:00:00,12/30/1899 13:40:00,"D- Property Damage","F- Driver",58.00,"Male","K- Private Cars","S- Driver's Negligence",2.00
11965,38929.00,"4- Demerara- Mahaica",,"Lamaha & Camp St.",,"-58.1584","6.8186",,"Georgetown",5/30/2012 0:00:00,12/30/1899 10:30:00,"B- Serious Injury","F- Driver",,"Male","J- Minibus","S- Driver's Negligence",2.00
11966,38930.00,"4- Demerara- Mahaica",,"South Rd. & King St.",,"-58.1645","6.8096",,"Georgetown",5/31/2012 0:00:00,12/30/1899 12:00:00,"D- Property Damage","F- Driver",46.00,"Male","K- Private Cars","S- Driver's Negligence",2.00
11967,38931.00,"4- Demerara- Mahaica",,"King St.",,"-58.1641","6.8109",,"Georgetown",6/1/2012 0:00:00,12/30/1899 10:00:00,"D- Property Damage","F- Driver",,"Male","K- Private Cars;M- Hire Cars","R- Improper Overtaking;Y- Animal",3.00
11968,38932.00,"4- Demerara- Mahaica",,"Crown & Irving St.",,"-58.1494","6.8132",,"Georgetown",6/1/2012 0:00:00,12/30/1899 13:45:00,"B- Serious Injury","F- Driver",36.00,"Male","K- Private Cars;M- Hire Cars","S- Driver's Negligence",2.00
11969,38933.00,"4- Demerara- Mahaica",,"Robb St.",,"-58.1599","6.8109",,"Georgetown",6/6/2012 0:00:00,12/30/1899 19:00:00,"D- Property Damage","F- Driver",35.00,"Male","K- Private Cars;M- Hire Cars","S- Driver's Negligence",2.00
11970,38934.00,"4- Demerara- Mahaica",,"Middle & Main St.",,"-58.1642","6.8167",,"Georgetown",6/3/2012 0:00:00,12/30/1899 2:45:00,"D- Property Damage","F- Driver",26.00,"Male","K- Private Cars;M- Hire Cars","S- Driver's Negligence",2.00
11971,38935.00,"4- Demerara- Mahaica",,"Durban & George St.",,"-58.1628","6.8055",,"Georgetown",6/4/2012 0:00:00,12/30/1899 14:35:00,"D- Property Damage","F- Driver",59.00,"Male","J- Minibus;K- Private Cars;L- Lorries Van","S- Driver's Negligence",3.00
11972,38936.00,"4- Demerara- Mahaica",,"First & Light St.",,"-58.1532","6.8161",,"Georgetown",6/5/2012 0:00:00,12/30/1899 14:05:00,"B- Serious Injury","F- Driver",57.00,"Male","L- Lorries Van;M- Hire Cars;V-Motor Cycle","P- Speeding",4.00
11973,38937.00,"4- Demerara- Mahaica",,"Vlissengen Rd.",,"-58.1474","6.8108",,"Georgetown",6/5/2012 0:00:00,12/30/1899 9:30:00,"D- Property Damage","F- Driver",,"Male","L- Lorries Van;M- Hire Cars","R- Improper Overtaking",2.00
11974,38938.00,"4- Demerara- Mahaica",,"Main St.",,"-58.1276","6.8221",,"Georgetown",6/6/2012 0:00:00,12/30/1899 12:30:00,"C- Minor Injury","F- Driver",23.00,"Male","K- Private Cars;V-Motor Cycle","S- Driver's Negligence",2.00
11975,38939.00,"4- Demerara- Mahaica",,"Camp St.",,"-58.1600","6.8137",,"Georgetown",6/5/2012 0:00:00,12/30/1899 12:45:00,"D- Property Damage","F- Driver",26.00,"Male","J- Minibus;K- Private Cars","R- Improper Overtaking",2.00
11976,38940.00,"4- Demerara- Mahaica",,"Church St.",,"-58.1574","6.8114",,"Georgetown",6/6/2012 0:00:00,,"D- Property Damage","F- Driver",29.00,"Female","K- Private Cars;N- Pickup","S- Driver's Negligence",2.00
11977,38941.00,"4- Demerara- Mahaica",,"Hadfield & Louisa Row",,"-58.1497","6.8037",,"Georgetown",6/7/2012 0:00:00,,"D- Property Damage","F- Driver",39.00,"Male","J- Minibus;M- Hire Cars","S- Driver's Negligence",2.00
11978,38942.00,"4- Demerara- Mahaica",,"Vlissengen & North Rd.",,"-58.1479","6.8085",,"Georgetown",6/7/2012 0:00:00,12/30/1899 21:20:00,"C- Minor Injury","F- Driver",41.00,"Male","K- Private Cars;V-Motor Cycle","S- Driver's Negligence",3.00
11979,38943.00,"4- Demerara- Mahaica",,"Church St.",,"-58.1574","6.8114",,"Georgetown",6/7/2012 0:00:00,12/30/1899 10:20:00,"D- Property Damage","F- Driver",40.00,"Male","K- Private Cars;M- Hire Cars","S- Driver's Negligence",2.00
11980,38944.00,"4- Demerara- Mahaica",,"North Rd. & New Garden St.",,"-58.1505","6.8091",,"Georgetown",6/7/2012 0:00:00,12/30/1899 17:10:00,"C- Minor Injury","F- Driver",32.00,"Female","K- Private Cars;V-Motor Cycle","S- Driver's Negligence",2.00
11981,38945.00,"4- Demerara- Mahaica",,"Camp & South Rd.",,"-58.1612","6.8087",,"Georgetown",6/8/2012 0:00:00,12/30/1899 14:25:00,"D- Property Damage","F- Driver",26.00,"Male","K- Private Cars;N- Pickup","S- Driver's Negligence",2.00
11982,38946.00,"4- Demerara- Mahaica",,"Camp & Quamina St.",,"-58.1599","6.8138",,"Georgetown",6/10/2012 0:00:00,12/30/1899 10:00:00,"D- Property Damage","F- Driver",23.00,"Male","K- Private Cars;N- Pickup","S- Driver's Negligence",2.00
11983,38947.00,"4- Demerara- Mahaica",,"King St.",,"-58.1641","6.8109",,"Georgetown",6/11/2012 0:00:00,,"D- Property Damage","F- Driver",53.00,"Male","N- Pickup;V-Motor Cycle","S- Driver's Negligence",2.00
11984,38948.00,"4- Demerara- Mahaica",,"Norton & Hardina St.",,"-58.1556","6.8027",,"Georgetown",6/12/2012 0:00:00,12/30/1899 20:45:00,"D- Property Damage","F- Driver",22.00,"Male","J- Minibus;K- Private Cars","S- Driver's Negligence",2.00
11985,38949.00,"4- Demerara- Mahaica",,"Durban & Henry St.",,"-58.1500","6.8022",,"Georgetown",6/13/2012 0:00:00,12/30/1899 11:50:00,"D- Property Damage","F- Driver",47.00,"Male","K- Private Cars;N- Pickup","S- Driver's Negligence",2.00
11986,38950.00,"4- Demerara- Mahaica",,"Irving St.",,"-58.1450","6.8197",,"Georgetown",6/14/2012 0:00:00,12/30/1899 8:45:00,"D- Property Damage","F- Driver",34.00,"Male","J- Minibus;K- Private Cars","S- Driver's Negligence",2.00
11987,38951.00,"4- Demerara- Mahaica",,"Lime & Hadfield St.",,"-58.1584","6.8062",,"Georgetown",6/13/2012 0:00:00,12/30/1899 20:45:00,"D- Property Damage","F- Driver",55.00,"Male","K- Private Cars;M- Hire Cars","S- Driver's Negligence",2.00
11988,38952.00,"4- Demerara- Mahaica",,"Young St.",,"-58.1600","6.8234",,"Georgetown",6/16/2012 0:00:00,12/30/1899 16:00:00,"D- Property Damage","F- Driver",32.00,"Male","K- Private Cars;N- Pickup","R- Improper Overtaking",2.00
11989,38953.00,"4- Demerara- Mahaica",,"North Rd.",,"-58.1575","6.8110",,"Georgetown",6/18/2012 0:00:00,12/30/1899 12:30:00,"D- Property Damage","F- Driver",40.00,"Female","K- Private Cars;N- Pickup","O- Lost Control & Runoff",3.00
11990,38954.00,"4- Demerara- Mahaica",,"Quamina & Thomas St.",,"-58.1583","6.8134",,"Georgetown",6/13/2012 0:00:00,12/30/1899 10:00:00,"D- Property Damage","F- Driver",48.00,"Male","M- Hire Cars;N- Pickup","S- Driver's Negligence",2.00
11991,38955.00,"4- Demerara- Mahaica",,"Laluni St.",,"-58.1501","6.8144",,"Georgetown",6/18/2012 0:00:00,12/30/1899 23:30:00,"D- Property Damage","F- Driver",30.00,"Male","K- Private Cars","S- Driver's Negligence",2.00
11992,38956.00,"4- Demerara- Mahaica",,"Lance Gibbs & Oronoque St.",,"-58.1511","6.8124",,"Georgetown",6/19/2012 0:00:00,12/30/1899 13:00:00,"D- Property Damage","F- Driver",29.00,"Male","M- Hire Cars;N- Pickup","S- Driver's Negligence",2.00
11993,38957.00,"4- Demerara- Mahaica",,"North Rd. & Ave. Of The Republic",,"-58.1648","6.8130",,"Georgetown",6/21/2012 0:00:00,12/30/1899 6:50:00,"D- Property Damage","F- Driver",39.00,"Female","K- Private Cars;V-Motor Cycle","S- Driver's Negligence",2.00
11994,38958.00,"4- Demerara- Mahaica",,"Albert & Fourth St.",,"-58.1525","6.8128",,"Georgetown",6/21/2012 0:00:00,12/30/1899 10:30:00,"B- Serious Injury","F- Driver",27.00,"Male","L- Lorries Van;M- Hire Cars","P- Speeding",2.00
11995,38959.00,"4- Demerara- Mahaica",,"Durban St.",,"-58.1526","6.8028",,"Georgetown",6/21/2012 0:00:00,12/30/1899 16:55:00,"C- Minor Injury","F- Driver",44.00,"Male","J- Minibus;N- Pickup","P- Speeding",2.00
11996,38960.00,"4- Demerara- Mahaica",,"Croal St. & Orange Walk",,"-58.1580","6.8076",,"Georgetown",6/21/2012 0:00:00,12/30/1899 4:50:00,"C- Minor Injury","F- Driver",25.00,"Male","J- Minibus;M- Hire Cars;V-Motor Cycle","S- Driver's Negligence",3.00
11997,38961.00,"4- Demerara- Mahaica",,"Regent & Ave. Of The Republic",,"-58.1653","6.8115",,"Georgetown",6/23/2012 0:00:00,12/30/1899 8:45:00,"C- Minor Injury","G- Rider",,"Male","V-Motor Cycle","U- Cyclist's Negligence",2.00
11998,38962.00,"4- Demerara- Mahaica",,"Hadfield St.",,"-58.1650","6.8079",,"Georgetown",6/25/2012 0:00:00,12/30/1899 22:00:00,"B- Serious Injury","F- Driver",,"Male","K- Private Cars;V-Motor Cycle","R- Improper Overtaking",3.00
11999,38963.00,"4- Demerara- Mahaica",,"Young & Duke St.",,"-58.1612","6.8237",,"Georgetown",6/25/2012 0:00:00,12/30/1899 8:40:00,"D- Property Damage","F- Driver",54.00,"Male","J- Minibus;K- Private Cars","S- Driver's Negligence",3.00
12000,38964.00,"4- Demerara- Mahaica",,"Vlissengen Rd.",,"-58.1474","6.8108",,"Georgetown",6/24/2012 0:00:00,12/30/1899 14:30:00,"C- Minor Injury","F- Driver",48.00,"Male","K- Private Cars;N- Pickup","P- Speeding",2.00
12001,38965.00,"4- Demerara- Mahaica",,"Regent & King St.",,"-58.1641","6.8112",,"Georgetown",6/26/2012 0:00:00,12/30/1899 22:00:00,"C- Minor Injury","F- Driver",36.00,"Male","J- Minibus;K- Private Cars","S- Driver's Negligence",2.00
12002,38966.00,"4- Demerara- Mahaica",,"Water & New Market St.",,"-58.1658","6.8189",,"Georgetown",6/27/2012 0:00:00,12/30/1899 8:45:00,"D- Property Damage","F- Driver",53.00,"Male","J- Minibus;M- Hire Cars","S- Driver's Negligence",2.00
12003,38967.00,"4- Demerara- Mahaica",,"Lance Gibbs & Oronoque St.",,"-58.1511","6.8124",,"Georgetown",6/28/2012 0:00:00,12/30/1899 12:00:00,"C- Minor Injury","F- Driver",54.00,"Male","K- Private Cars;N- Pickup","S- Driver's Negligence",2.00
12004,38968.00,"4- Demerara- Mahaica",,"Vlissengen Rd.",,"-58.1474","6.8108",,"Georgetown",6/29/2012 0:00:00,12/30/1899 8:20:00,"C- Minor Injury","F- Driver",44.00,"Male","K- Private Cars;V-Motor Cycle","S- Driver's Negligence",2.00
12005,38969.00,"4- Demerara- Mahaica",,"Camp & Robb St.",,"-58.1606","6.8111",,"Georgetown",7/3/2012 0:00:00,12/30/1899 2:45:00,"C- Minor Injury","F- Driver",24.00,"Male","K- Private Cars","S- Driver's Negligence",2.00
12006,38970.00,"4- Demerara- Mahaica",,"Vlissengen Rd.",,"-58.1474","6.8108",,"Georgetown",7/4/2012 0:00:00,12/30/1899 15:15:00,"D- Property Damage","F- Driver",61.00,"Male","M- Hire Cars;N- Pickup","S- Driver's Negligence",2.00
12007,38971.00,"4- Demerara- Mahaica",,"John & Hadfield St.",,"-58.1389","6.8111",,"Georgetown",7/5/2012 0:00:00,12/30/1899 19:30:00,"D- Property Damage","F- Driver",52.00,"Male","K- Private Cars","S- Driver's Negligence",2.00
12008,38972.00,"4- Demerara- Mahaica",,"Camp & Thomas Rd.",,"-58.1576","6.8217",,"Georgetown",7/8/2012 0:00:00,12/30/1899 2:30:00,"B- Serious Injury","F- Driver",17.00,"Male","N- Pickup","S- Driver's Negligence",1.00
12009,38973.00,"4- Demerara- Mahaica",,"Middle & Camp St.",,"-58.1599","6.8138",,"Georgetown",7/8/2012 0:00:00,12/30/1899 13:00:00,"C- Minor Injury","F- Driver",26.00,"Female","J- Minibus;K- Private Cars","S- Driver's Negligence",2.00
12010,38974.00,"4- Demerara- Mahaica",,"Croal St. & Orange Walk",,"-58.1580","6.8076",,"Georgetown",7/6/2012 0:00:00,12/30/1899 12:15:00,"D- Property Damage","F- Driver",30.00,"Female","K- Private Cars","S- Driver's Negligence",2.00
12011,38975.00,"4- Demerara- Mahaica",,"Alexander & Charlotte St.",,"-58.1595","6.8090",,"Georgetown",7/10/2012 0:00:00,12/30/1899 15:50:00,"D- Property Damage","F- Driver",44.00,"Male","M- Hire Cars;N- Pickup","S- Driver's Negligence",2.00
12012,38976.00,"4- Demerara- Mahaica",,"Shiv. Chanderpaul Dr.",,"-58.1497","6.8125",,"Georgetown",7/11/2012 0:00:00,12/30/1899 9:00:00,"D- Property Damage","F- Driver",35.00,"Male","K- Private Cars","S- Driver's Negligence",2.00
12013,38977.00,"4- Demerara- Mahaica",,"Lamaha St.",,"-58.1564","6.8181",,"Georgetown",7/12/2012 0:00:00,12/30/1899 14:05:00,"D- Property Damage","F- Driver",37.00,"Female","J- Minibus;K- Private Cars","S- Driver's Negligence",2.00
12014,38978.00,"4- Demerara- Mahaica",,"John Fernandes Access Rd.",,"-58.1597","6.7911",,"Georgetown",7/11/2012 0:00:00,12/30/1899 17:20:00,"D- Property Damage","F- Driver",38.00,"Female","K- Private Cars;L- Lorries Van","S- Driver's Negligence",2.00