"ID","Accident ID","Region Number","Corridor ID","Location (Intersection/Road/Street)","Corridor","Location- longitude/ X","Location- latitude/  Y","Mile Marker","Village","Date of Accident","Time of Accident","Type of Accident","Class of Road User","Age/DOB","Gender","Class of Vehicles Involved","Contributing Factor","Number of Persons Involved"
12015,38979.00,"4- Demerara- Mahaica",,"Brickdam & Chalmer's Pl.",,"-58.1583","6.8069",,"Georgetown",7/11/2012 0:00:00,12/30/1899 8:00:00,"C- Minor Injury","F- Driver",51.00,"Female","K- Private Cars","S- Driver's Negligence",2.00
12016,38980.00,"4- Demerara- Mahaica",,"High & Hadfield St.",,"-58.1662","6.8081",,"Georgetown",7/14/2012 0:00:00,12/30/1899 15:45:00,"B- Serious Injury","F- Driver",56.00,"Male","J- Minibus","S- Driver's Negligence",3.00
12017,38981.00,"4- Demerara- Mahaica",,"North Rd. & Shiv Chanderpaul Dr.",,"-58.1505","6.8091",,"Georgetown",7/14/2012 0:00:00,12/30/1899 17:00:00,"C- Minor Injury","F- Driver",23.00,"Female","K- Private Cars;V-Motor Cycle","S- Driver's Negligence",3.00
12018,38982.00,"4- Demerara- Mahaica",,"Lance Gibbs St.",,"-58.1506","6.8123",,"Georgetown",7/20/2012 0:00:00,12/30/1899 14:00:00,"D- Property Damage","F- Driver",51.00,"Male","K- Private Cars;N- Pickup","O- Lost Control & Runoff",3.00
12019,38983.00,"4- Demerara- Mahaica",,"Light & Fifth St.",,"-58.1543","6.8122",,"Georgetown",7/15/2012 0:00:00,12/30/1899 4:00:00,"C- Minor Injury","F- Driver",30.00,"Male","K- Private Cars","S- Driver's Negligence",2.00
12020,38984.00,"4- Demerara- Mahaica",,"North Rd. & Albert St.",,"-58.1534","6.8099",,"Georgetown",7/15/2012 0:00:00,12/30/1899 15:30:00,"D- Property Damage","F- Driver",27.00,"Female","K- Private Cars;L- Lorries Van","S- Driver's Negligence",3.00
12021,38985.00,"4- Demerara- Mahaica",,"Camp & Brickdam St.",,"-58.1615","6.8077",,"Georgetown",7/15/2012 0:00:00,12/30/1899 18:00:00,"D- Property Damage","F- Driver",35.00,"Male","K- Private Cars","Q- Alcohol",2.00
12022,38986.00,"4- Demerara- Mahaica",,"Carifesta Ave. & Camp St.",,"-58.1572","6.8226",,"Georgetown",7/19/2012 0:00:00,12/30/1899 13:30:00,"D- Property Damage","F- Driver",39.00,"Male","L- Lorries Van;N- Pickup","R- Improper Overtaking",2.00
12023,38987.00,"4- Demerara- Mahaica",,"Brickdam & Boyle Pl.",,"-58.1572","6.8066",,"Georgetown",7/19/2012 0:00:00,,"D- Property Damage","F- Driver",27.00,"Male","K- Private Cars;N- Pickup","S- Driver's Negligence",3.00
12024,38988.00,"4- Demerara- Mahaica",,"Vlissengen Rd.",,"-58.1474","6.8108",,"Georgetown",7/15/2012 0:00:00,12/30/1899 4:00:00,"D- Property Damage","F- Driver",22.00,"Male","N- Pickup","S- Driver's Negligence",1.00
12025,38989.00,"4- Demerara- Mahaica",,"Main & Middle St.",,"-58.1642","6.8167",,"Georgetown",7/20/2012 0:00:00,12/30/1899 19:50:00,"D- Property Damage","F- Driver",22.00,"Male","L- Lorries Van;N- Pickup","S- Driver's Negligence",4.00
12026,38990.00,"4- Demerara- Mahaica",,"Durban & Halley St.",,"-58.1522","6.8027",,"Georgetown",7/20/2012 0:00:00,12/30/1899 22:30:00,"D- Property Damage","F- Driver",49.00,"Male","K- Private Cars;M- Hire Cars","S- Driver's Negligence",2.00
12027,38991.00,"4- Demerara- Mahaica",,"High & Hadfield St.",,"-58.1662","6.8081",,"Georgetown",7/21/2012 0:00:00,12/30/1899 5:30:00,"B- Serious Injury","G- Rider",29.00,"Male","M- Hire Cars;V-Motor Cycle","U- Cyclist's Negligence",2.00
12028,38992.00,"4- Demerara- Mahaica",,"Light & Croal St.",,"-58.1557","6.8070",,"Georgetown",7/21/2012 0:00:00,12/30/1899 8:05:00,"B- Serious Injury","E- Pedestrian",28.00,"Female","J- Minibus","T-Pedestrian's Negligence",2.00
12029,38993.00,"4- Demerara- Mahaica",,"Robb & Ave. Of The republic",,"-58.1650","6.8123",,"Georgetown",7/22/2012 0:00:00,12/30/1899 8:35:00,"D- Property Damage","F- Driver",25.00,"Male","K- Private Cars;N- Pickup","S- Driver's Negligence",2.00
12030,38994.00,"4- Demerara- Mahaica",,"Camp & Lamaha St.",,"-58.1584","6.8186",,"Georgetown",7/22/2012 0:00:00,12/30/1899 17:00:00,"A- Fatal","G- Rider",21.00,"Male","K- Private Cars;V-Motor Cycle","U- Cyclist's Negligence",3.00
12031,38995.00,"4- Demerara- Mahaica",,"Smyth & Durban St.",,"-58.1641","6.8059",,"Georgetown",7/22/2012 0:00:00,12/30/1899 17:05:00,"B- Serious Injury","F- Driver",18.00,"Male","J- Minibus;K- Private Cars","S- Driver's Negligence",2.00
12032,38996.00,"4- Demerara- Mahaica",,"Regent St.",,"-58.1604","6.8102",,"Georgetown",7/25/2012 0:00:00,12/30/1899 14:00:00,"C- Minor Injury","F- Driver",60.00,"Male","K- Private Cars","S- Driver's Negligence",2.00
12033,38997.00,"4- Demerara- Mahaica",,"Brickdam & Brummel Pl.",,"-58.1618","6.8079",,"Georgetown",7/25/2012 0:00:00,12/30/1899 19:45:00,"C- Minor Injury","F- Driver",34.00,"Male","J- Minibus;K- Private Cars","S- Driver's Negligence",2.00
12034,38998.00,"4- Demerara- Mahaica",,"Croal St.",,"-58.1581","6.8076",,"Georgetown",7/24/2012 0:00:00,12/30/1899 9:30:00,"D- Property Damage","F- Driver",,"Male","J- Minibus","S- Driver's Negligence",2.00
12035,38999.00,"4- Demerara- Mahaica",,"Thomas St.",,"-58.1577","6.8148",,"Georgetown",7/24/2012 0:00:00,12/30/1899 11:00:00,"D- Property Damage","F- Driver",30.00,"Female","K- Private Cars;N- Pickup","R- Improper Overtaking",3.00
12036,39000.00,"4- Demerara- Mahaica",,"Third St. Alberttown",,"-58.1527","6.8140",,"Georgetown",7/27/2012 0:00:00,12/30/1899 10:40:00,"D- Property Damage","F- Driver",37.00,"Female","K- Private Cars;L- Lorries Van","S- Driver's Negligence",2.00
12037,39001.00,"4- Demerara- Mahaica",,"Regent & Oronoque St.",,"-58.1524","6.8080",,"Georgetown",7/27/2012 0:00:00,12/30/1899 13:30:00,"D- Property Damage","F- Driver",,"Male","K- Private Cars;N- Pickup","S- Driver's Negligence",2.00
12038,39002.00,"4- Demerara- Mahaica",,"Cornhill & Brickdam St.",,"-58.1572","6.8066",,"Georgetown",7/28/2012 0:00:00,12/30/1899 13:45:00,"C- Minor Injury","F- Driver",37.00,"Male","M- Hire Cars","S- Driver's Negligence",2.00
12039,39003.00,"4- Demerara- Mahaica",,"Durban St.",,"-58.1526","6.8028",,"Georgetown",7/28/2012 0:00:00,12/30/1899 6:15:00,"D- Property Damage","F- Driver",25.00,"Male","K- Private Cars","S- Driver's Negligence",2.00
12040,39004.00,"4- Demerara- Mahaica",,"Smyth & Durban St.",,"-58.1641","6.8059",,"Georgetown",7/30/2012 0:00:00,12/30/1899 13:00:00,"D- Property Damage","E- Pedestrian",55.00,"Male","J- Minibus","S- Driver's Negligence",2.00
12041,39005.00,"4- Demerara- Mahaica",,"Hadfield & Smyth St.",,"-58.1637","6.8075",,"Georgetown",7/30/2012 0:00:00,12/30/1899 19:30:00,"A- Fatal","F- Driver",36.00,"Male","J- Minibus;M- Hire Cars","S- Driver's Negligence",3.00
12042,39006.00,"4- Demerara- Mahaica",,"Robb & Oronoque St.",,"-58.1521","6.8088",,"Georgetown",7/30/2012 0:00:00,12/30/1899 15:30:00,"D- Property Damage","F- Driver",35.00,"Male","K- Private Cars;M- Hire Cars","S- Driver's Negligence",3.00
12043,39007.00,"4- Demerara- Mahaica",,"Camp & Quamina St.",,"-58.1581","6.8076",,"Georgetown",7/31/2012 0:00:00,12/30/1899 10:45:00,"D- Property Damage","F- Driver",41.00,"Male","K- Private Cars","S- Driver's Negligence",2.00
12044,39008.00,"4- Demerara- Mahaica",,"Camp & Middle St.",,"-58.1599","6.8138",,"Georgetown",7/31/2012 0:00:00,12/30/1899 13:00:00,"D- Property Damage","F- Driver",34.00,"Female","K- Private Cars;N- Pickup","R- Improper Overtaking",2.00
12045,39009.00,"4- Demerara- Mahaica",,"Main & New Market St.",,"-58.1638","6.8183",,"Georgetown",7/31/2012 0:00:00,12/30/1899 14:40:00,"D- Property Damage","F- Driver",54.00,"Male","K- Private Cars;L- Lorries Van","S- Driver's Negligence",2.00
12046,39010.00,"4- Demerara- Mahaica",,"Hadfield St.",,"-58.1650","6.8079",,"Georgetown",8/2/2012 0:00:00,12/30/1899 13:10:00,"D- Property Damage","F- Driver",42.00,"Male","K- Private Cars;L- Lorries Van","S- Driver's Negligence",2.00
12047,39011.00,"4- Demerara- Mahaica",,"East & Quamina St.",,"-58.1566","6.8129",,"Georgetown",8/2/2012 0:00:00,12/30/1899 12:20:00,"D- Property Damage","F- Driver",28.00,"Male","K- Private Cars","S- Driver's Negligence",2.00
12048,39012.00,"4- Demerara- Mahaica",,"Regent & Vlissengen Rd.",,"-58.1489","6.8070",,"Georgetown",8/5/2012 0:00:00,12/30/1899 20:20:00,"B- Serious Injury","F- Driver",,"Male","K- Private Cars;V-Motor Cycle","S- Driver's Negligence",3.00
12049,39013.00,"4- Demerara- Mahaica",,"Camp & Regent St.",,"-58.1608","6.8103",,"Georgetown",8/6/2012 0:00:00,12/30/1899 2:25:00,"B- Serious Injury","F- Driver",29.00,"Male","K- Private Cars;M- Hire Cars","S- Driver's Negligence",2.00
12050,39014.00,"4- Demerara- Mahaica",,"Regent & Vlissengen Rd.",,"-58.1489","6.8070",,"Georgetown",8/1/2012 0:00:00,,"C- Minor Injury","G- Rider",22.00,"Male","K- Private Cars;V-Motor Cycle","U- Cyclist's Negligence",2.00
12051,39015.00,"4- Demerara- Mahaica",,"New Market & East St.",,"-58.1556","6.8161",,"Georgetown",12/8/2012 0:00:00,12/30/1899 13:30:00,"D- Property Damage","F- Driver",39.00,"Male","M- Hire Cars;N- Pickup","S- Driver's Negligence",2.00
12052,39016.00,"4- Demerara- Mahaica",,"New Garden & Laluni St.",,"-58.1492","6.8141",,"Georgetown",12/8/2012 0:00:00,12/30/1899 16:30:00,"D- Property Damage","F- Driver",22.00,"Male","M- Hire Cars;N- Pickup","S- Driver's Negligence",2.00
12053,39017.00,"4- Demerara- Mahaica",,"Irving & Crown St.",,"-58.1494","6.8132",,"Georgetown",12/10/2012 0:00:00,12/30/1899 17:30:00,"C- Minor Injury","F- Driver",56.00,"Male","J- Minibus;K- Private Cars","S- Driver's Negligence",3.00
12054,39018.00,"4- Demerara- Mahaica",,"Light St.",,"-58.1538","6.8139",,"Georgetown",12/10/2012 0:00:00,12/30/1899 14:45:00,"B- Serious Injury","E- Pedestrian",78.00,"Female","L- Lorries Van","T-Pedestrian's Negligence",2.00
12055,39019.00,"4- Demerara- Mahaica",,"Church St.",,"-58.1574","6.8114",,"Georgetown",12/14/2012 0:00:00,12/30/1899 3:45:00,"D- Property Damage","F- Driver",,"Male","K- Private Cars",,1.00
12056,39020.00,"4- Demerara- Mahaica",,"Vlissengen Rd.",,"-58.1474","6.8108",,"Georgetown",12/12/2012 0:00:00,,"D- Property Damage","F- Driver",39.00,"Male","J- Minibus;Z-Animal- Drawn","S- Driver's Negligence",2.00
12057,39021.00,"4- Demerara- Mahaica",,"Regent & King St.",,"-58.1641","6.8112",,"Georgetown",12/14/2012 0:00:00,,"D- Property Damage","F- Driver",29.00,"Male","J- Minibus;M- Hire Cars","S- Driver's Negligence",2.00
12058,39022.00,"4- Demerara- Mahaica",,"Hadfield & Smyth St.",,"-58.1637","6.8075",,"Georgetown",12/15/2012 0:00:00,12/30/1899 20:15:00,"C- Minor Injury","F- Driver",22.00,"Male","J- Minibus;N- Pickup","S- Driver's Negligence",2.00
12059,39023.00,"4- Demerara- Mahaica",,"Regent & Vlissengen Rd.",,"-58.1489","6.8070",,"Georgetown",12/18/2012 0:00:00,12/30/1899 14:30:00,"D- Property Damage","F- Driver",30.00,"Female","K- Private Cars;N- Pickup","S- Driver's Negligence",2.00
12060,39024.00,"4- Demerara- Mahaica",,"Lamaha St.",,"-58.1564","6.8181",,"Georgetown",12/20/2012 0:00:00,12/30/1899 21:00:00,"A- Fatal","F- Driver",,,,,2.00
12061,39025.00,"4- Demerara- Mahaica",,"Robb St.",,"-58.1599","6.8109",,"Georgetown",12/19/2012 0:00:00,,"C- Minor Injury","F- Driver",34.00,"Male","M- Hire Cars","Q- Alcohol",1.00
12062,39026.00,"4- Demerara- Mahaica",,"Ave. Of The Republic",,"-58.1651","6.8117",,"Georgetown",12/20/2012 0:00:00,,"D- Property Damage","F- Driver",39.00,"Male","K- Private Cars;L- Lorries Van","S- Driver's Negligence",2.00
12063,39027.00,"4- Demerara- Mahaica",,"Ave. Of The Republic",,"-58.1651","6.8117",,"Georgetown",12/21/2012 0:00:00,12/30/1899 13:30:00,"D- Property Damage","F- Driver",43.00,"Male","J- Minibus;K- Private Cars","R- Improper Overtaking",2.00
12064,39028.00,"4- Demerara- Mahaica",,"Church St.",,"-58.1574","6.8114",,"Georgetown",12/20/2012 0:00:00,12/30/1899 17:30:00,"D- Property Damage","F- Driver",31.00,"Male","K- Private Cars","S- Driver's Negligence",2.00
12065,39029.00,"4- Demerara- Mahaica",,"Regent & Alexander St.",,"-58.1593","6.8099",,"Georgetown",12/24/2012 0:00:00,12/30/1899 11:30:00,"D- Property Damage","F- Driver",66.00,"Male","K- Private Cars;N- Pickup","S- Driver's Negligence",2.00
12066,39030.00,"4- Demerara- Mahaica",,"Albert St.",,"-58.1527","6.8123",,"Georgetown",12/23/2012 0:00:00,,"D- Property Damage","F- Driver",49.00,"Male","K- Private Cars;M- Hire Cars","S- Driver's Negligence",2.00
12067,39031.00,"4- Demerara- Mahaica",,"Manget Pl. & Croal St.",,"-58.1644","6.8093",,"Georgetown",12/24/2012 0:00:00,,"D- Property Damage","F- Driver",50.00,"Male","J- Minibus","R- Improper Overtaking",2.00
12068,39032.00,"4- Demerara- Mahaica",,"Norton St.",,"-58.1519","6.8017",,"Georgetown",12/25/2012 0:00:00,,"B- Serious Injury","F- Driver",64.00,"Male","K- Private Cars","S- Driver's Negligence",2.00
12069,39033.00,"4- Demerara- Mahaica",,"Robb & Oronoque St.",,"-58.1521","6.8088",,"Georgetown",12/25/2012 0:00:00,,"C- Minor Injury","F- Driver",28.00,"Male","K- Private Cars","S- Driver's Negligence",2.00
12070,39034.00,"4- Demerara- Mahaica",,"Ave. Of The Republic & North Rd.",,"-58.1648","6.8130",,"Georgetown",12/28/2012 0:00:00,,"D- Property Damage","F- Driver",51.00,"Male","L- Lorries Van;M- Hire Cars","S- Driver's Negligence",2.00
12071,39035.00,"4- Demerara- Mahaica",,"J.B. Singh Rd. & Thomas Lands",,"-58.1454","6.8183",,"Georgetown",12/30/2012 0:00:00,12/30/1899 2:15:00,"C- Minor Injury","G- Rider",24.00,"Male","K- Private Cars;V-Motor Cycle","U- Cyclist's Negligence",2.00
12072,39036.00,"4- Demerara- Mahaica",,"Camp & Middle St.",,"-58.1599","6.8138",,"Georgetown",12/30/2012 0:00:00,12/30/1899 23:40:00,"C- Minor Injury","F- Driver",,"Male","K- Private Cars","P- Speeding",2.00
12073,39037.00,"4- Demerara- Mahaica",,"Brickdam & Brummel Pl.",,"-58.1618","6.8079",,"Georgetown",12/31/2012 0:00:00,12/30/1899 10:00:00,"D- Property Damage","F- Driver",42.00,"Female","K- Private Cars","S- Driver's Negligence",3.00
12074,39038.00,"4- Demerara- Mahaica",,"Hadfield St.",,"-58.1650","6.8079",,"Georgetown",12/31/2012 0:00:00,12/30/1899 12:10:00,"D- Property Damage","F- Driver",,"Female","J- Minibus;K- Private Cars","S- Driver's Negligence",2.00
12075,39039.00,"4- Demerara- Mahaica",,"Ave. Of The Republic & Brickdam",,"-58.1660","6.8089",,"Georgetown",12/27/2012 0:00:00,12/30/1899 21:00:00,"D- Property Damage","F- Driver",67.00,"Male","K- Private Cars;M- Hire Cars","S- Driver's Negligence",2.00
12076,39040.00,"4- Demerara- Mahaica",,"Mandela Avenue",,"-58.1601","6.7919",,,10/22/2002 0:00:00,12/30/1899 12:15:00,"D- Property Damage","F- Driver",22.00,"Female","K- Private Cars","S- Driver's Negligence",3.00
12077,39041.00,"4- Demerara- Mahaica",,"Mandela Avenue",,"-58.1601","6.7919",,,10/22/2002 0:00:00,12/30/1899 15:15:00,"D- Property Damage","F- Driver",27.00,"Male","J- Minibus;K- Private Cars","S- Driver's Negligence",2.00
12078,39042.00,"4- Demerara- Mahaica",,"Hadfield Street",,"-58.1650","6.8079",,,10/25/2002 0:00:00,12/30/1899 16:20:00,"D- Property Damage","F- Driver",30.00,"Male","J- Minibus","P- Speeding",3.00
12079,39043.00,"4- Demerara- Mahaica",,"Aubrey Barker Road",,"-58.1388","6.7858",,,10/26/2002 0:00:00,12/30/1899 23:10:00,"C- Minor Injury","F- Driver",,"Male","M- Hire Cars","S- Driver's Negligence",2.00
12080,39044.00,"4- Demerara- Mahaica",,"Aubrey Barker Road",,"-58.1388","6.7858",,,10/28/2002 0:00:00,12/30/1899 18:30:00,"C- Minor Injury","F- Driver",46.00,"Male","K- Private Cars","U- Cyclist's Negligence",2.00
12081,39045.00,"4- Demerara- Mahaica",,"Mandela Avenue",,"-58.1601","6.7919",,,11/1/2002 0:00:00,12/30/1899 17:35:00,"B- Serious Injury","F- Driver",19.00,"Male","K- Private Cars;V-Motor Cycle","P- Speeding",3.00
12082,39046.00,"4- Demerara- Mahaica",,"Meadow Brook Drive",,"-58.1700","6.7898",,,11/20/2002 0:00:00,12/30/1899 16:00:00,"C- Minor Injury","F- Driver",36.00,"Female","J- Minibus","S- Driver's Negligence",4.00
12083,39047.00,"4- Demerara- Mahaica",,"Aubrey Barker Road",,"-58.1388","6.7858",,,11/22/2002 0:00:00,,"D- Property Damage","F- Driver",46.00,"Male","J- Minibus;N- Pickup","S- Driver's Negligence",2.00
12084,39048.00,"4- Demerara- Mahaica",,"Mandela Avenue",,"-58.1601","6.7919",,,11/25/2002 0:00:00,12/30/1899 20:00:00,"C- Minor Injury","E- Pedestrian",52.00,"Male","J- Minibus","S- Driver's Negligence",2.00
12085,39049.00,"4- Demerara- Mahaica",,"Mandela Avenue",,"-58.1601","6.7919",,,12/1/2002 0:00:00,12/30/1899 16:45:00,"B- Serious Injury","E- Pedestrian",8.00,"Male","V-Motor Cycle","S- Driver's Negligence",2.00
12086,39050.00,"4- Demerara- Mahaica",,"Cemetary  Road",,"-58.1524","6.7963",,,12/2/2002 0:00:00,12/30/1899 0:30:00,"C- Minor Injury","F- Driver",43.00,"Male","K- Private Cars;M- Hire Cars","S- Driver's Negligence",2.00
12087,39051.00,"4- Demerara- Mahaica",,"Aubrey Barker Road",,"-58.1388","6.7858",,,12/6/2002 0:00:00,12/30/1899 22:15:00,"C- Minor Injury","F- Driver",23.00,"Male","J- Minibus;K- Private Cars","S- Driver's Negligence",2.00
12088,39052.00,"4- Demerara- Mahaica",,"Norton Street",,"-58.1519","6.8017",,,12/9/2002 0:00:00,12/30/1899 20:00:00,"B- Serious Injury","G- Rider",23.00,"Male","K- Private Cars;W-Pedal Cycle","U- Cyclist's Negligence",2.00
12089,39053.00,"4- Demerara- Mahaica",,"Mandela Avenue",,"-58.1601","6.7919",,,12/11/2002 0:00:00,,"D- Property Damage","F- Driver",,"Male","J- Minibus;K- Private Cars","S- Driver's Negligence",2.00
12090,39054.00,"4- Demerara- Mahaica",,"Arapaima & Mandela Avenue",,"-58.1445","6.7919",,,12/22/2002 0:00:00,,"D- Property Damage","F- Driver",,"Male","K- Private Cars;L- Lorries Van","S- Driver's Negligence",2.00
12091,39055.00,"4- Demerara- Mahaica",,"Aubrey Barker Road",,"-58.1388","6.7858",,,12/23/2002 0:00:00,12/30/1899 18:45:00,"D- Property Damage","F- Driver",34.00,"Female","J- Minibus;K- Private Cars","S- Driver's Negligence",2.00
12092,39056.00,"4- Demerara- Mahaica",,"Vlissengen & Savage Street",,"-58.1523","6.7969",,,12/15/2002 0:00:00,12/30/1899 23:40:00,"C- Minor Injury","F- Driver",33.00,"Male","J- Minibus;W-Pedal Cycle","S- Driver's Negligence",2.00
12093,39057.00,"4- Demerara- Mahaica",,"Mandela Avenue",,"-58.1601","6.7919",,,12/24/2002 0:00:00,12/30/1899 22:00:00,"B- Serious Injury","H- Passenger",49.00,"Male","V-Motor Cycle","U- Cyclist's Negligence",2.00
12094,39058.00,"4- Demerara- Mahaica",,"Aubrey Barker Road",,"-58.1388","6.7858",,,12/26/2002 0:00:00,12/30/1899 22:45:00,"D- Property Damage","F- Driver",51.00,"Female","K- Private Cars","S- Driver's Negligence",2.00
12095,39059.00,"4- Demerara- Mahaica",,"Home Stretch Ave.",,"-58.1428","6.8038",,,12/25/2002 0:00:00,12/30/1899 20:10:00,"D- Property Damage","F- Driver",,"Male","K- Private Cars","S- Driver's Negligence",2.00
12096,39060.00,"4- Demerara- Mahaica",,"Cemetary  Road",,"-58.1524","6.7963",,,12/26/2002 0:00:00,12/30/1899 13:00:00,"D- Property Damage","F- Driver",52.00,"Male","M- Hire Cars","S- Driver's Negligence",2.00
12097,39061.00,"4- Demerara- Mahaica",,"Mandela Avenue",,"-58.1601","6.7919",,,12/27/2002 0:00:00,12/30/1899 22:45:00,"D- Property Damage","F- Driver",50.00,"Male","J- Minibus;M- Hire Cars","S- Driver's Negligence",2.00
12098,39062.00,"4- Demerara- Mahaica",,"Aubrey Barker Road",,"-58.1388","6.7858",,,12/27/2002 0:00:00,12/30/1899 17:45:00,"D- Property Damage","G- Rider",22.00,"Male","J- Minibus;V-Motor Cycle","U- Cyclist's Negligence",2.00
12099,39063.00,"4- Demerara- Mahaica",,"Aubrey Barker Road",,"-58.1388","6.7858",,,12/28/2002 0:00:00,12/30/1899 17:15:00,"D- Property Damage","F- Driver",42.00,"Male","K- Private Cars;N- Pickup","S- Driver's Negligence",2.00
12100,39064.00,"4- Demerara- Mahaica",,"Aubrey Barker Road",,"-58.1388","6.7858",,,12/31/2003 0:00:00,12/30/1899 21:30:00,"C- Minor Injury","E- Pedestrian;F- Driver",31.00,"Female","K- Private Cars","S- Driver's Negligence",3.00
12101,39065.00,"4- Demerara- Mahaica",,"Aubrey Barker Road",,"-58.1388","6.7858",,,1/8/2003 0:00:00,12/30/1899 15:20:00,"D- Property Damage","F- Driver;H- Passenger",,"Female","K- Private Cars","S- Driver's Negligence",3.00
12102,39066.00,"4- Demerara- Mahaica",,"Norton Street",,"-58.1519","6.8017",,,1/12/2003 0:00:00,12/30/1899 21:00:00,"B- Serious Injury","F- Driver;G- Rider",31.00,"Male","J- Minibus;V-Motor Cycle","U- Cyclist's Negligence",2.00
12103,39067.00,"4- Demerara- Mahaica",,"Aubrey Barker Road",,"-58.1388","6.7858",,,12/14/2003 0:00:00,12/30/1899 11:30:00,"D- Property Damage","F- Driver",27.00,"Male","J- Minibus;V-Motor Cycle","O- Lost Control & Runoff",2.00
12104,39068.00,"4- Demerara- Mahaica",,"Norton & Cemetry Road",,"-58.1477","6.8088",,,12/14/2003 0:00:00,12/30/1899 14:35:00,"B- Serious Injury","F- Driver;G- Rider",,"Male","K- Private Cars;V-Motor Cycle","U- Cyclist's Negligence",2.00
12105,39069.00,"4- Demerara- Mahaica",,"Aubrey Barker Road",,"-58.1388","6.7858",,,12/9/2003 0:00:00,12/30/1899 8:45:00,"A- Fatal","F- Driver;G- Rider",27.00,"Male","J- Minibus;V-Motor Cycle","O- Lost Control & Runoff",2.00
12106,39070.00,"4- Demerara- Mahaica",,"Mandela Avenue",,"-58.1601","6.7919",,,12/17/2003 0:00:00,12/30/1899 14:45:00,"D- Property Damage","F- Driver;G- Rider",52.00,"Male","M- Hire Cars;V-Motor Cycle","U- Cyclist's Negligence",2.00
12107,39071.00,"4- Demerara- Mahaica",,"Norton & Cemetry Road",,"-58.1477","6.8088",,,12/15/2003 0:00:00,12/30/1899 9:30:00,"C- Minor Injury","F- Driver",20.00,"Male","K- Private Cars","S- Driver's Negligence",2.00
12108,39072.00,"4- Demerara- Mahaica",,"Aubrey Barker Road",,"-58.1388","6.7858",,,12/15/2003 0:00:00,12/30/1899 16:15:00,"D- Property Damage","F- Driver",49.00,"Male","K- Private Cars;N- Pickup","S- Driver's Negligence",2.00
12109,39073.00,"4- Demerara- Mahaica",,"Mandela Avenue",,"-58.1601","6.7919",,,12/26/2002 0:00:00,12/30/1899 17:30:00,"C- Minor Injury","E- Pedestrian;F- Driver",37.00,"Male","J- Minibus","S- Driver's Negligence",2.00
12110,39074.00,"4- Demerara- Mahaica",,"Aubrey Barker Road",,"-58.1388","6.7858",,,1/24/2003 0:00:00,12/30/1899 16:20:00,"C- Minor Injury","G- Rider",53.00,"Male","V-Motor Cycle","U- Cyclist's Negligence",2.00
12111,39075.00,"4- Demerara- Mahaica",,"Aubrey Barker Road",,"-58.1388","6.7858",,,1/27/2003 0:00:00,12/30/1899 13:30:00,"C- Minor Injury","E- Pedestrian;F- Driver",5.00,,"J- Minibus","S- Driver's Negligence",2.00
12112,39076.00,"4- Demerara- Mahaica",,"Mandela Avenue",,"-58.1601","6.7919",,,1/29/2003 0:00:00,12/30/1899 6:50:00,"B- Serious Injury","E- Pedestrian;F- Driver",11.00,"Male","K- Private Cars","S- Driver's Negligence",2.00
12113,39077.00,"4- Demerara- Mahaica",,"Vlissengen Road",,"-58.1474","6.8108",,,1/29/2003 0:00:00,12/30/1899 11:30:00,"D- Property Damage","F- Driver",38.00,"Male","J- Minibus;K- Private Cars","S- Driver's Negligence",2.00
12114,39078.00,"4- Demerara- Mahaica",,"Mandela Avenue",,"-58.1601","6.7919",,,1/2/2003 0:00:00,12/30/1899 19:15:00,"B- Serious Injury","E- Pedestrian;F- Driver",,"Male","K- Private Cars","S- Driver's Negligence",2.00
12115,39079.00,"4- Demerara- Mahaica",,"Mandela Avenue",,"-58.1601","6.7919",,,3/2/2003 0:00:00,12/30/1899 12:30:00,"B- Serious Injury","E- Pedestrian;F- Driver",27.00,"Male","K- Private Cars","T-Pedestrian's Negligence",2.00
12116,39080.00,"4- Demerara- Mahaica",,"Mandela Avenue",,"-58.1601","6.7919",,,3/2/2003 0:00:00,12/30/1899 16:30:00,"D- Property Damage","F- Driver",52.00,"Male","K- Private Cars","P- Speeding",2.00
12117,39081.00,"4- Demerara- Mahaica",,"Aubrey Barker Road",,"-58.1388","6.7858",,,5/2/2003 0:00:00,12/30/1899 16:45:00,"C- Minor Injury","F- Driver;G- Rider",33.00,"Male","J- Minibus;V-Motor Cycle","U- Cyclist's Negligence",2.00
12118,39082.00,"4- Demerara- Mahaica",,"Durban Street",,"-58.1526","6.8028",,,8/2/2003 0:00:00,12/30/1899 22:35:00,"B- Serious Injury","E- Pedestrian;F- Driver",44.00,"Male","J- Minibus","P- Speeding",2.00
12119,39083.00,"4- Demerara- Mahaica",,"Mandela Avenue",,"-58.1601","6.7919",,,10/2/2003 0:00:00,12/30/1899 16:45:00,"D- Property Damage","F- Driver",30.00,"Male","M- Hire Cars;N- Pickup","S- Driver's Negligence",2.00
12120,39084.00,"4- Demerara- Mahaica",,"Durban Street",,"-58.1526","6.8028",,,2/14/2003 0:00:00,12/30/1899 22:35:00,"B- Serious Injury","F- Driver;G- Rider;I- Pillion Rider",75.00,"Male","K- Private Cars;V-Motor Cycle","S- Driver's Negligence",3.00
12121,39085.00,"4- Demerara- Mahaica",,"Mandela Avenue",,"-58.1601","6.7919",,,2/19/2003 0:00:00,12/30/1899 22:00:00,"B- Serious Injury","F- Driver;G- Rider",15.00,"Female","K- Private Cars;V-Motor Cycle","U- Cyclist's Negligence",3.00
12122,39086.00,"4- Demerara- Mahaica",,"Home Stretch Ave.",,"-58.1428","6.8038",,,2/19/2003 0:00:00,12/30/1899 16:40:00,"C- Minor Injury","F- Driver;G- Rider",25.00,"Male","J- Minibus;V-Motor Cycle","U- Cyclist's Negligence",2.00
12123,39087.00,"4- Demerara- Mahaica",,"Haven Place",,"-58.1225","6.7811",,,2/22/2003 0:00:00,12/30/1899 17:40:00,"D- Property Damage","F- Driver",,"Male","M- Hire Cars;N- Pickup","S- Driver's Negligence",2.00