"ID","Accident ID","Region Number","Corridor ID","Location (Intersection/Road/Street)","Corridor","Location- longitude/ X","Location- latitude/  Y","Mile Marker","Village","Date of Accident","Time of Accident","Type of Accident","Class of Road User","Age/DOB","Gender","Class of Vehicles Involved","Contributing Factor","Number of Persons Involved"
12124,39088.00,"4- Demerara- Mahaica",,"Aubrey Barker Road",,"-58.1388","6.7858",,,2/23/2003 0:00:00,12/30/1899 7:30:00,"C- Minor Injury","E- Pedestrian;F- Driver",67.00,"Male","K- Private Cars","S- Driver's Negligence",2.00
12125,39089.00,"4- Demerara- Mahaica",,"Sheriff Street",,"-58.1359","6.8156",,,2/23/2003 0:00:00,12/30/1899 18:50:00,"D- Property Damage","F- Driver",24.00,"Male","K- Private Cars","S- Driver's Negligence",2.00
12126,39090.00,"4- Demerara- Mahaica",,"Home Stretch Ave.",,"-58.1428","6.8038",,,2/21/2003 0:00:00,12/30/1899 19:30:00,"B- Serious Injury","F- Driver;G- Rider",42.00,"Male","V-Motor Cycle","U- Cyclist's Negligence",2.00
12127,39091.00,"4- Demerara- Mahaica",,"Mandela Avenue",,"-58.1601","6.7919",,,2/25/2003 0:00:00,12/30/1899 18:45:00,"D- Property Damage","F- Driver",34.00,"Male","J- Minibus;M- Hire Cars","O- Lost Control & Runoff",2.00
12128,39092.00,"4- Demerara- Mahaica",,"Mandela Avenue",,"-58.1601","6.7919",,,2/23/2003 0:00:00,12/30/1899 11:00:00,"D- Property Damage","F- Driver",,"Male","K- Private Cars;M- Hire Cars","S- Driver's Negligence",3.00
12129,39093.00,"4- Demerara- Mahaica",,"Mandela Avenue",,"-58.1601","6.7919",,,2/24/2003 0:00:00,,"D- Property Damage","F- Driver",,"Male","K- Private Cars","S- Driver's Negligence",2.00
12130,39094.00,"4- Demerara- Mahaica",,"Mandela Avenue",,"-58.1601","6.7919",,,3/3/2003 0:00:00,12/30/1899 5:30:00,"D- Property Damage","F- Driver",33.00,"Male","K- Private Cars","O- Lost Control & Runoff",2.00
12131,39095.00,"4- Demerara- Mahaica",,"Mandela Avenue",,"-58.1601","6.7919",,,3/4/2003 0:00:00,12/30/1899 14:30:00,"B- Serious Injury","F- Driver",37.00,"Male","K- Private Cars;V-Motor Cycle","S- Driver's Negligence",2.00
12132,39096.00,"4- Demerara- Mahaica",,"Aubrey Barker Road",,"-58.1388","6.7858",,,3/8/2003 0:00:00,12/30/1899 8:15:00,"D- Property Damage","F- Driver",62.00,"Male","K- Private Cars","S- Driver's Negligence",2.00
12133,39097.00,"4- Demerara- Mahaica",,"Durban Street",,"-58.1526","6.8028",,,3/10/2003 0:00:00,12/30/1899 22:30:00,"B- Serious Injury","E- Pedestrian",20.00,"Female","V-Motor Cycle","U- Cyclist's Negligence",2.00
12134,39098.00,"4- Demerara- Mahaica",,"Home Stretch Ave.",,"-58.1428","6.8038",,,3/12/2003 0:00:00,12/30/1899 11:45:00,"D- Property Damage","F- Driver",25.00,"Male","K- Private Cars;M- Hire Cars","S- Driver's Negligence",2.00
12135,39099.00,"4- Demerara- Mahaica",,"Home Stretch Ave.",,"-58.1428","6.8038",,,3/12/2003 0:00:00,12/30/1899 17:30:00,"B- Serious Injury","F- Driver",31.00,"Male","J- Minibus;K- Private Cars","S- Driver's Negligence",2.00
12136,39100.00,"4- Demerara- Mahaica",,"Mandela Avenue",,"-58.1601","6.7919",,,3/12/2003 0:00:00,12/30/1899 22:40:00,"D- Property Damage","H- Passenger",29.00,"Male","J- Minibus","P- Speeding",3.00
12137,39101.00,"4- Demerara- Mahaica",,"Mandela Avenue",,"-58.1601","6.7919",,,3/13/2003 0:00:00,12/30/1899 19:00:00,"D- Property Damage","F- Driver",48.00,"Male","K- Private Cars;V-Motor Cycle","U- Cyclist's Negligence",2.00
12138,39102.00,"4- Demerara- Mahaica",,"Mandela Avenue",,"-58.1601","6.7919",,,3/14/2003 0:00:00,12/30/1899 14:45:00,"D- Property Damage","F- Driver",,"Male","J- Minibus;K- Private Cars","S- Driver's Negligence",2.00
12139,39103.00,"4- Demerara- Mahaica",,"Mandela Avenue",,"-58.1601","6.7919",,,3/15/2003 0:00:00,12/30/1899 23:30:00,"B- Serious Injury","F- Driver",51.00,"Male","K- Private Cars;V-Motor Cycle","S- Driver's Negligence",2.00
12140,39104.00,"4- Demerara- Mahaica",,"Mandela Avenue",,"-58.1601","6.7919",,,3/15/2003 0:00:00,12/30/1899 17:40:00,"D- Property Damage","F- Driver",,,"K- Private Cars","S- Driver's Negligence",2.00
12141,39105.00,"4- Demerara- Mahaica",,"Mandela Avenue",,"-58.1601","6.7919",,,3/20/2003 0:00:00,12/30/1899 8:45:00,"D- Property Damage","F- Driver",,,"M- Hire Cars","O- Lost Control & Runoff",2.00
12142,39106.00,"4- Demerara- Mahaica",,"Aubrey Barker Road",,"-58.1388","6.7858",,,3/21/2003 0:00:00,12/30/1899 11:05:00,"B- Serious Injury","G- Rider",34.00,"Male","J- Minibus;V-Motor Cycle","U- Cyclist's Negligence",2.00
12143,39107.00,"4- Demerara- Mahaica",,"Mandela Avenue",,"-58.1601","6.7919",,,3/26/2003 0:00:00,12/30/1899 7:45:00,"C- Minor Injury","G- Rider",23.00,"Male","V-Motor Cycle","U- Cyclist's Negligence",2.00
12144,39108.00,"4- Demerara- Mahaica",,"Aubrey Barker Road",,"-58.1388","6.7858",,,4/2/2003 0:00:00,12/30/1899 14:30:00,"D- Property Damage","F- Driver",,"Male","J- Minibus;K- Private Cars","S- Driver's Negligence",2.00
12145,39109.00,"4- Demerara- Mahaica",,"Aubrey Barker Road",,"-58.1388","6.7858",,,4/2/2003 0:00:00,12/30/1899 16:15:00,"D- Property Damage","F- Driver",,,"L- Lorries Van","S- Driver's Negligence",2.00
12146,39110.00,"4- Demerara- Mahaica",,"Mandela & Home Stretch Avenue",,"-58.1390","6.8028",,,4/12/2003 0:00:00,12/30/1899 19:30:00,"B- Serious Injury","F- Driver",,,"K- Private Cars;V-Motor Cycle","U- Cyclist's Negligence",2.00
12147,39111.00,"4- Demerara- Mahaica",,"East Ruimveldt Front Road",,"-58.1489","6.7920",,,4/15/2003 0:00:00,12/30/1899 8:30:00,"D- Property Damage","F- Driver",47.00,"Male","J- Minibus","S- Driver's Negligence",2.00
12148,39112.00,"4- Demerara- Mahaica",,"Vlissengen Road",,"-58.1474","6.8108",,,4/14/2003 0:00:00,12/30/1899 3:00:00,"D- Property Damage","F- Driver",32.00,"Male","K- Private Cars","S- Driver's Negligence",2.00
12149,39113.00,"4- Demerara- Mahaica",,"Aubrey Barker Road",,"-58.1388","6.7858",,,4/14/2003 0:00:00,12/30/1899 17:10:00,"D- Property Damage","F- Driver",30.00,"Male","K- Private Cars;M- Hire Cars","S- Driver's Negligence",2.00
12150,39114.00,"4- Demerara- Mahaica",,"Durban Street",,"-58.1526","6.8028",,,4/11/2003 0:00:00,12/30/1899 16:55:00,"D- Property Damage","F- Driver",,"Male","J- Minibus;N- Pickup","S- Driver's Negligence",2.00
12151,39115.00,"4- Demerara- Mahaica",,"Mandela Avenue",,"-58.1601","6.7919",,,4/16/2003 0:00:00,12/30/1899 21:15:00,"B- Serious Injury","E- Pedestrian",15.00,"Female","K- Private Cars","S- Driver's Negligence",2.00
12152,39116.00,"4- Demerara- Mahaica",,"Durban Street",,"-58.1526","6.8028",,,4/17/2003 0:00:00,12/30/1899 16:50:00,"B- Serious Injury","E- Pedestrian",59.00,"Female","V-Motor Cycle","U- Cyclist's Negligence",2.00
12153,39117.00,"4- Demerara- Mahaica",,"Mandela & David Rose Street",,"-58.1474","6.7886",,,4/20/2003 0:00:00,12/30/1899 14:50:00,"C- Minor Injury","E- Pedestrian",20.00,"Female","K- Private Cars;L- Lorries Van","S- Driver's Negligence",5.00
12154,39118.00,"4- Demerara- Mahaica",,"Aubrey Barker Road",,"-58.1388","6.7858",,,4/20/2003 0:00:00,12/30/1899 6:40:00,"D- Property Damage","E- Pedestrian",,,"K- Private Cars","S- Driver's Negligence",2.00
12155,39119.00,"4- Demerara- Mahaica",,"Aubrey Barker Road",,"-58.1388","6.7858",,,4/26/2003 0:00:00,12/30/1899 22:50:00,"B- Serious Injury","F- Driver",48.00,"Male","M- Hire Cars;V-Motor Cycle","U- Cyclist's Negligence",2.00
12156,39120.00,"4- Demerara- Mahaica",,"Home Stretch Ave.",,"-58.1428","6.8038",,,4/26/2003 0:00:00,12/30/1899 1:30:00,"D- Property Damage","G- Rider",27.00,"Male","K- Private Cars","S- Driver's Negligence",2.00
12157,39121.00,"4- Demerara- Mahaica",,"Mandela Avenue",,"-58.1601","6.7919",,,4/26/2003 0:00:00,12/30/1899 5:10:00,"D- Property Damage","F- Driver",,,"K- Private Cars;V-Motor Cycle","U- Cyclist's Negligence",2.00
12158,39122.00,"4- Demerara- Mahaica",,"Mandela Avenue",,"-58.1601","6.7919",,,4/26/2003 0:00:00,12/30/1899 19:45:00,"C- Minor Injury","G- Rider",32.00,"Male","M- Hire Cars;V-Motor Cycle","U- Cyclist's Negligence",2.00
12159,39123.00,"4- Demerara- Mahaica",,"Durban Street",,"-58.1526","6.8028",,,4/25/2003 0:00:00,12/30/1899 12:30:00,"D- Property Damage","G- Rider",,,"J- Minibus;M- Hire Cars","S- Driver's Negligence",2.00
12160,39124.00,"4- Demerara- Mahaica",,"Aubrey Barker Road",,"-58.1388","6.7858",,,4/12/2003 0:00:00,12/30/1899 11:10:00,"D- Property Damage","F- Driver",,,"N- Pickup","S- Driver's Negligence",2.00
12161,39125.00,"4- Demerara- Mahaica",,"Aubrey Barker Road",,"-58.1388","6.7858",,,4/26/2003 0:00:00,12/30/1899 8:15:00,"B- Serious Injury","F- Driver",,"Male","K- Private Cars;W-Pedal Cycle","U- Cyclist's Negligence",2.00
12162,39126.00,"4- Demerara- Mahaica",,"Aubrey Barker Road",,"-58.1388","6.7858",,,5/6/2003 0:00:00,12/30/1899 12:30:00,"D- Property Damage","F- Driver",53.00,"Male","K- Private Cars","S- Driver's Negligence",2.00
12163,39127.00,"4- Demerara- Mahaica",,"Durban Street",,"-58.1526","6.8028",,,5/7/2003 0:00:00,12/30/1899 14:00:00,"D- Property Damage","F- Driver",32.00,"Male","M- Hire Cars","S- Driver's Negligence",2.00
12164,39128.00,"4- Demerara- Mahaica",,"Mandela Avenue",,"-58.1601","6.7919",,,5/7/2003 0:00:00,12/30/1899 20:00:00,"D- Property Damage","F- Driver",35.00,"Male","L- Lorries Van","O- Lost Control & Runoff",1.00
12165,39129.00,"4- Demerara- Mahaica",,"Mandela Avenue",,"-58.1601","6.7919",,,5/8/2003 0:00:00,12/30/1899 0:30:00,"A- Fatal","F- Driver",38.00,"Male","K- Private Cars;W-Pedal Cycle","S- Driver's Negligence",2.00
12166,39130.00,"4- Demerara- Mahaica",,"Meadow Brook Drive",,"-58.1700","6.7898",,,5/10/2003 0:00:00,12/30/1899 22:30:00,"B- Serious Injury","F- Driver",,,"K- Private Cars","P- Speeding",2.00
12167,39131.00,"4- Demerara- Mahaica",,"Aubrey Barker Road",,"-58.1388","6.7858",,,5/11/2003 0:00:00,12/30/1899 19:15:00,"A- Fatal","G- Rider",28.00,"Male","M- Hire Cars;V-Motor Cycle","P- Speeding",2.00
12168,39132.00,"4- Demerara- Mahaica",,"Aubrey Barker Road",,"-58.1388","6.7858",,,5/11/2003 0:00:00,12/30/1899 22:23:00,"D- Property Damage","F- Driver",33.00,"Male","K- Private Cars;N- Pickup","S- Driver's Negligence",2.00
12169,39133.00,"4- Demerara- Mahaica",,"Durban Street",,"-58.1526","6.8028",,,5/12/2003 0:00:00,12/30/1899 11:15:00,"D- Property Damage","F- Driver",,"Male","J- Minibus;N- Pickup","S- Driver's Negligence",2.00
12170,39134.00,"4- Demerara- Mahaica",,"Aubrey Barker Road",,"-58.1388","6.7858",,,5/15/2003 0:00:00,12/30/1899 15:30:00,"B- Serious Injury","F- Driver",44.00,"Male","J- Minibus","S- Driver's Negligence",2.00
12171,39135.00,"4- Demerara- Mahaica",,"Arapaima & Mandela Avenue",,"-58.1445","6.7919",,,5/10/2003 0:00:00,12/30/1899 11:30:00,"D- Property Damage","F- Driver",,"Male","J- Minibus;K- Private Cars","S- Driver's Negligence",2.00
12172,39136.00,"4- Demerara- Mahaica",,"Mandela Avenue",,"-58.1601","6.7919",,,5/19/2003 0:00:00,12/30/1899 19:15:00,"B- Serious Injury","G- Rider",33.00,"Male","V-Motor Cycle;W-Pedal Cycle","S- Driver's Negligence",2.00
12173,39137.00,"4- Demerara- Mahaica",,"Aubrey Barker Road",,"-58.1388","6.7858",,,5/23/2003 0:00:00,12/30/1899 1:55:00,"D- Property Damage","F- Driver",,"Male","K- Private Cars","S- Driver's Negligence",2.00
12174,39138.00,"4- Demerara- Mahaica",,"David Rose Street",,"-58.1479","6.7867",,,5/24/2003 0:00:00,12/30/1899 10:30:00,"D- Property Damage","F- Driver",67.00,"Male","J- Minibus;K- Private Cars","S- Driver's Negligence",2.00
12175,39139.00,"4- Demerara- Mahaica",,"Mandela Avenue",,"-58.1601","6.7919",,,6/3/2003 0:00:00,12/30/1899 8:10:00,"C- Minor Injury","G- Rider",40.00,"Male","K- Private Cars;W-Pedal Cycle","U- Cyclist's Negligence",2.00
12176,39140.00,"4- Demerara- Mahaica",,"Aubrey Barker Road",,"-58.1388","6.7858",,,6/4/2003 0:00:00,12/30/1899 15:45:00,"B- Serious Injury","F- Driver",,"Male","J- Minibus","O- Lost Control & Runoff",1.00
12177,39141.00,"4- Demerara- Mahaica",,"Aubrey Barker Road",,"-58.1388","6.7858",,,6/5/2003 0:00:00,,"D- Property Damage","G- Rider",,,"M- Hire Cars;W-Pedal Cycle","S- Driver's Negligence",2.00
12178,39142.00,"4- Demerara- Mahaica",,"Mandela Avenue",,"-58.1601","6.7919",,,6/12/2003 0:00:00,12/30/1899 15:00:00,"C- Minor Injury","F- Driver",,,"J- Minibus;K- Private Cars","S- Driver's Negligence",2.00
12179,39143.00,"4- Demerara- Mahaica",,"Home Stretch Ave.",,"-58.1428","6.8038",,,6/15/2003 0:00:00,12/30/1899 7:55:00,"D- Property Damage","F- Driver",,,"J- Minibus;K- Private Cars","S- Driver's Negligence",2.00
12180,39144.00,"4- Demerara- Mahaica",,"Aubrey Barker Road",,"-58.1388","6.7858",,,6/15/2003 0:00:00,12/30/1899 8:45:00,"D- Property Damage","F- Driver",,,"K- Private Cars","S- Driver's Negligence",2.00
12181,39145.00,"4- Demerara- Mahaica",,"Mandela Avenue",,"-58.1601","6.7919",,,6/21/2003 0:00:00,12/30/1899 19:45:00,"B- Serious Injury","F- Driver",29.00,,"J- Minibus;K- Private Cars","S- Driver's Negligence",3.00
12182,39146.00,"4- Demerara- Mahaica",,"Mandela Avenue",,"-58.1601","6.7919",,,6/23/2003 0:00:00,,"C- Minor Injury","G- Rider",,,"M- Hire Cars;V-Motor Cycle","U- Cyclist's Negligence",2.00
12183,39147.00,"4- Demerara- Mahaica",,"Mandela Avenue",,"-58.1601","6.7919",,,,12/30/1899 17:45:00,"D- Property Damage","F- Driver",30.00,"Male","J- Minibus;M- Hire Cars","S- Driver's Negligence",2.00
12184,39148.00,"4- Demerara- Mahaica",,"Avocado Place",,"-58.1458","6.7904",,,6/13/2003 0:00:00,12/30/1899 22:15:00,"C- Minor Injury","G- Rider",45.00,"Male","K- Private Cars;V-Motor Cycle","U- Cyclist's Negligence",2.00
12185,39149.00,"4- Demerara- Mahaica",,"Aubrey Barker Road",,"-58.1388","6.7858",,,6/17/2003 0:00:00,12/30/1899 12:15:00,"D- Property Damage","F- Driver",29.00,"Female","K- Private Cars","S- Driver's Negligence",2.00
12186,39150.00,"4- Demerara- Mahaica",,"Norton Street",,"-58.1519","6.8017",,,7/20/2003 0:00:00,12/30/1899 15:30:00,"B- Serious Injury","G- Rider",19.00,"Male","V-Motor Cycle;W-Pedal Cycle","U- Cyclist's Negligence",2.00
12187,39151.00,"4- Demerara- Mahaica",,"Savage Street",,"-58.1534","6.7972",,,7/17/2003 0:00:00,,"D- Property Damage","F- Driver",,"Male","K- Private Cars;N- Pickup","P- Speeding",2.00
12188,39152.00,"4- Demerara- Mahaica",,"East Ruimveldt Front Road",,"-58.1489","6.7920",,,7/26/2003 0:00:00,12/30/1899 15:00:00,"A- Fatal","F- Driver",17.00,"Male","V-Motor Cycle;W-Pedal Cycle","U- Cyclist's Negligence",2.00
12189,39153.00,"4- Demerara- Mahaica",,"Home Stretch Ave. & Vlissengen Rd.",,"-58.1508","6.8058",,,7/28/2003 0:00:00,12/30/1899 20:00:00,"C- Minor Injury","F- Driver",24.00,"Male","J- Minibus;K- Private Cars","S- Driver's Negligence",2.00
12190,39154.00,"4- Demerara- Mahaica",,"Aubrey Barker Road",,"-58.1388","6.7858",,,8/8/2003 0:00:00,12/30/1899 17:45:00,"B- Serious Injury","G- Rider",30.00,"Male","K- Private Cars;W-Pedal Cycle","U- Cyclist's Negligence",3.00
12191,39155.00,"4- Demerara- Mahaica",,"Norton Street",,"-58.1519","6.8017",,,8/9/2003 0:00:00,12/30/1899 21:15:00,"B- Serious Injury","E- Pedestrian",23.00,"Male","M- Hire Cars","T-Pedestrian's Negligence",2.00
12192,39156.00,"4- Demerara- Mahaica",,"Mandela Avenue",,"-58.1601","6.7919",,,8/14/2003 0:00:00,12/30/1899 18:30:00,"C- Minor Injury","E- Pedestrian",,"Female","K- Private Cars","T-Pedestrian's Negligence",2.00
12193,39157.00,"4- Demerara- Mahaica",,"Joseph Pollydore Street",,"-58.1404","6.7987",,,8/10/2003 0:00:00,12/30/1899 18:15:00,"D- Property Damage","G- Rider",26.00,"Female","M- Hire Cars;V-Motor Cycle","S- Driver's Negligence",2.00
12194,39158.00,"4- Demerara- Mahaica",,"Mandela Avenue",,"-58.1601","6.7919",,,8/22/2003 0:00:00,12/30/1899 20:00:00,"A- Fatal","F- Driver",28.00,"Male","J- Minibus;L- Lorries Van","S- Driver's Negligence",2.00
12195,39159.00,"4- Demerara- Mahaica",,"Mandela Avenue",,"-58.1601","6.7919",,,8/11/2003 0:00:00,12/30/1899 3:00:00,"C- Minor Injury","F- Driver",,,"K- Private Cars;L- Lorries Van","S- Driver's Negligence",2.00
12196,39160.00,"4- Demerara- Mahaica",,"North Rumiveldt",,"-58.1275","6.7867",,,8/31/2003 0:00:00,12/30/1899 10:45:00,"C- Minor Injury","G- Rider",,,"V-Motor Cycle","O- Lost Control & Runoff",2.00
12197,39161.00,"4- Demerara- Mahaica",,"Mandela & Vlissengen Road",,"-58.1537","6.7903",,,8/30/2003 0:00:00,12/30/1899 12:00:00,"C- Minor Injury","F- Driver",,,"M- Hire Cars;V-Motor Cycle","U- Cyclist's Negligence",2.00
12198,39162.00,"4- Demerara- Mahaica",,"East Ruimveldt Front Road",,"-58.1489","6.7920",,,9/5/2003 0:00:00,12/30/1899 7:00:00,"A- Fatal","E- Pedestrian",28.00,"Female","V-Motor Cycle","U- Cyclist's Negligence",2.00
12199,39163.00,"4- Demerara- Mahaica",,"Sophia Sq. Area",,"-58.1326","6.8079",,,9/4/2003 0:00:00,12/30/1899 20:10:00,"D- Property Damage","G- Rider",25.00,"Male","V-Motor Cycle","U- Cyclist's Negligence",2.00
12200,39164.00,"4- Demerara- Mahaica",,"Home Stretch Ave.",,"-58.1428","6.8038",,,9/6/2003 0:00:00,12/30/1899 9:45:00,"B- Serious Injury","G- Rider",50.00,"Male","M- Hire Cars;W-Pedal Cycle","S- Driver's Negligence",2.00
12201,39165.00,"4- Demerara- Mahaica",,"Durban Street & Vlissengen",,"-58.1511","6.8025",,,9/6/2003 0:00:00,12/30/1899 12:27:00,"D- Property Damage","F- Driver",53.00,"Male","K- Private Cars","S- Driver's Negligence",2.00
12202,39166.00,"4- Demerara- Mahaica",,"Jackson Street",,"-58.1394","6.7920",,,9/2/2003 0:00:00,12/30/1899 7:45:00,"D- Property Damage","G- Rider",38.00,"Male","K- Private Cars;V-Motor Cycle","U- Cyclist's Negligence",2.00
12203,39167.00,"4- Demerara- Mahaica",,"Mandela Avenue",,"-58.1601","6.7919",,,9/4/2003 0:00:00,,"D- Property Damage","F- Driver",,,"M- Hire Cars","O- Lost Control & Runoff",2.00
12204,39168.00,"4- Demerara- Mahaica",,"Mandela Avenue",,"-58.1601","6.7919",,,9/10/2003 0:00:00,12/30/1899 18:40:00,"B- Serious Injury","F- Driver",,,"M- Hire Cars","O- Lost Control & Runoff",2.00
12205,39169.00,"4- Demerara- Mahaica",,"Mandela Avenue",,"-58.1601","6.7919",,,9/13/2003 0:00:00,12/30/1899 9:50:00,"D- Property Damage","F- Driver",,,"K- Private Cars;L- Lorries Van","S- Driver's Negligence",2.00
12206,39170.00,"4- Demerara- Mahaica",,"Aubrey Barker & Greenheart Street",,"-58.1450","6.7874",,,9/16/2003 0:00:00,12/30/1899 10:30:00,"D- Property Damage","F- Driver",,,"K- Private Cars","S- Driver's Negligence",2.00
12207,39171.00,"4- Demerara- Mahaica",,"Mandela Avenue",,"-58.1601","6.7919",,,9/9/2003 0:00:00,12/30/1899 8:30:00,"D- Property Damage","F- Driver",32.00,"Male","J- Minibus;K- Private Cars","S- Driver's Negligence",2.00
12208,39172.00,"4- Demerara- Mahaica",,"Aubrey Barker Road",,"-58.1388","6.7858",,,9/8/2003 0:00:00,12/30/1899 7:20:00,"D- Property Damage","G- Rider",31.00,"Male","M- Hire Cars;V-Motor Cycle","U- Cyclist's Negligence",2.00
12209,39173.00,"4- Demerara- Mahaica",,"Mandela Avenue",,"-58.1601","6.7919",,,9/17/2003 0:00:00,12/30/1899 6:15:00,"D- Property Damage","F- Driver",31.00,"Male","K- Private Cars;M- Hire Cars","S- Driver's Negligence",2.00
12210,39174.00,"4- Demerara- Mahaica",,"Home Stretch Ave.",,"-58.1428","6.8038",,,9/3/2003 0:00:00,12/30/1899 1:45:00,"D- Property Damage","F- Driver",,"Male","K- Private Cars;L- Lorries Van","S- Driver's Negligence",2.00
12211,39175.00,"4- Demerara- Mahaica",,"Joseph Pollydore Street",,"-58.1404","6.7987",,,9/21/2003 0:00:00,12/30/1899 12:30:00,"C- Minor Injury","F- Driver",16.00,"Male","J- Minibus","O- Lost Control & Runoff",2.00
12212,39176.00,"4- Demerara- Mahaica",,"Mandela Avenue",,"-58.1601","6.7919",,,9/29/2003 0:00:00,12/30/1899 15:50:00,"C- Minor Injury","F- Driver",37.00,"Female","K- Private Cars","S- Driver's Negligence",2.00
12213,39177.00,"4- Demerara- Mahaica",,"Mandela Avenue",,"-58.1601","6.7919",,,9/24/2003 0:00:00,12/30/1899 7:34:00,"D- Property Damage","F- Driver",,"Male","M- Hire Cars","O- Lost Control & Runoff",2.00
12214,39178.00,"4- Demerara- Mahaica",,"Mandela Avenue",,"-58.1601","6.7919",,,10/2/2003 0:00:00,12/30/1899 8:00:00,"D- Property Damage","F- Driver",,"Male","L- Lorries Van","S- Driver's Negligence",2.00
12215,39179.00,"4- Demerara- Mahaica",,"Vlissengen Road",,"-58.1474","6.8108",,,10/15/2003 0:00:00,12/30/1899 19:30:00,"C- Minor Injury","G- Rider",38.00,"Male","K- Private Cars","U- Cyclist's Negligence",2.00
12216,39180.00,"4- Demerara- Mahaica",,"Mandela Avenue",,"-58.1601","6.7919",,,10/16/2003 0:00:00,12/30/1899 12:18:00,"B- Serious Injury","G- Rider",35.00,"Male","V-Motor Cycle","S- Driver's Negligence",2.00
12217,39181.00,"4- Demerara- Mahaica",,"Mandela Avenue",,"-58.1601","6.7919",,,10/17/2003 0:00:00,12/30/1899 3:00:00,"D- Property Damage","F- Driver",31.00,"Male","L- Lorries Van;W-Pedal Cycle","S- Driver's Negligence",2.00
12218,39182.00,"4- Demerara- Mahaica",,"Mandela Avenue",,"-58.1601","6.7919",,,10/20/2003 0:00:00,12/30/1899 8:45:00,"C- Minor Injury","F- Driver",32.00,"Male","J- Minibus;M- Hire Cars","S- Driver's Negligence",2.00
12219,39183.00,"4- Demerara- Mahaica",,"Aubrey Barker Road",,"-58.1388","6.7858",,,10/20/2003 0:00:00,12/30/1899 17:35:00,"C- Minor Injury","G- Rider",21.00,"Male","K- Private Cars;N- Pickup","S- Driver's Negligence",2.00
12220,39184.00,"4- Demerara- Mahaica",,"Mandela Avenue",,"-58.1601","6.7919",,,10/22/2003 0:00:00,12/30/1899 7:55:00,"B- Serious Injury","F- Driver",,"Male","M- Hire Cars;V-Motor Cycle","U- Cyclist's Negligence",2.00
12221,39185.00,"4- Demerara- Mahaica",,"Mandela Avenue",,"-58.1601","6.7919",,,10/28/2003 0:00:00,12/30/1899 12:55:00,"D- Property Damage","F- Driver",,"Male","K- Private Cars;V-Motor Cycle","S- Driver's Negligence",2.00
12222,39186.00,"4- Demerara- Mahaica",,"Mandela Avenue",,"-58.1601","6.7919",,,10/29/2003 0:00:00,12/30/1899 3:35:00,"D- Property Damage","F- Driver",39.00,"Male","K- Private Cars;L- Lorries Van","S- Driver's Negligence",2.00
12223,39187.00,"4- Demerara- Mahaica",,"Mandela Avenue",,"-58.1601","6.7919",,,10/30/2003 0:00:00,12/30/1899 5:30:00,"D- Property Damage","F- Driver",,"Male","K- Private Cars;M- Hire Cars","S- Driver's Negligence",2.00
12224,39188.00,"4- Demerara- Mahaica",,"Latchmin Singh Road",,"-58.1394","6.7865",,,10/31/2003 0:00:00,12/30/1899 8:00:00,"D- Property Damage","G- Rider",,"Male","K- Private Cars;L- Lorries Van","U- Cyclist's Negligence",2.00
12225,39189.00,"4- Demerara- Mahaica",,"Aubrey Barker Road",,"-58.1388","6.7858",,,10/29/2003 0:00:00,12/30/1899 19:05:00,"C- Minor Injury","F- Driver",17.00,"Male","J- Minibus;V-Motor Cycle","P- Speeding",2.00
12226,39190.00,"4- Demerara- Mahaica",,"Joseph Pollydore & Victor Street",,"-58.1469","6.7999",,,,,"C- Minor Injury","F- Driver",42.00,"Male","J- Minibus","S- Driver's Negligence",2.00
12227,39191.00,"4- Demerara- Mahaica",,"Vlissengen Road",,"-58.1474","6.8108",,,11/11/2003 0:00:00,12/30/1899 17:35:00,"D- Property Damage","F- Driver",,"Male","J- Minibus","S- Driver's Negligence",2.00
12228,39192.00,"4- Demerara- Mahaica",,"Durban Street",,"-58.1526","6.8028",,,11/8/2003 0:00:00,12/30/1899 4:55:00,"C- Minor Injury","F- Driver",62.00,"Male","J- Minibus;M- Hire Cars","S- Driver's Negligence",2.00
12229,39193.00,"4- Demerara- Mahaica",,"Mandela Avenue",,"-58.1601","6.7919",,,11/8/2003 0:00:00,12/30/1899 5:30:00,"C- Minor Injury","F- Driver",43.00,"Male","M- Hire Cars;W-Pedal Cycle","S- Driver's Negligence",2.00
12230,39194.00,"4- Demerara- Mahaica",,"Arapaima & Mandela Avenue",,"-58.1445","6.7919",,,11/8/2003 0:00:00,12/30/1899 13:15:00,"D- Property Damage","F- Driver",45.00,"Female","K- Private Cars","S- Driver's Negligence",2.00
12231,39195.00,"4- Demerara- Mahaica",,"Mandela Avenue",,"-58.1601","6.7919",,,11/11/2003 0:00:00,12/30/1899 15:30:00,"C- Minor Injury","F- Driver",23.00,"Male","V-Motor Cycle","P- Speeding",2.00
12232,39196.00,"4- Demerara- Mahaica",,"Mandela Avenue",,"-58.1601","6.7919",,,11/12/2003 0:00:00,12/30/1899 16:40:00,"D- Property Damage","F- Driver",,"Female","K- Private Cars;M- Hire Cars","S- Driver's Negligence",2.00
12233,39197.00,"4- Demerara- Mahaica",,"Aubrey Barker Road",,"-58.1388","6.7858",,,11/17/2003 0:00:00,12/30/1899 15:30:00,"C- Minor Injury","F- Driver",40.00,"Male","M- Hire Cars","S- Driver's Negligence",2.00
12234,39198.00,"4- Demerara- Mahaica",,"Mandela Avenue",,"-58.1601","6.7919",,,11/26/2003 0:00:00,12/30/1899 14:00:00,"B- Serious Injury","F- Driver",,"Male","J- Minibus","S- Driver's Negligence",2.00
12235,39199.00,"4- Demerara- Mahaica",,"Aubrey Barker Road",,"-58.1388","6.7858",,,11/26/2003 0:00:00,12/30/1899 18:00:00,"D- Property Damage","F- Driver",40.00,"Male","K- Private Cars","P- Speeding",3.00
12236,39200.00,"4- Demerara- Mahaica",,"Mandela Avenue",,"-58.1601","6.7919",,,11/30/2003 0:00:00,12/30/1899 11:30:00,"B- Serious Injury","F- Driver",23.00,"Female","K- Private Cars;W-Pedal Cycle","U- Cyclist's Negligence",2.00