"ID","Accident ID","Region Number","Corridor ID","Location (Intersection/Road/Street)","Corridor","Location- longitude/ X","Location- latitude/  Y","Mile Marker","Village","Date of Accident","Time of Accident","Type of Accident","Class of Road User","Age/DOB","Gender","Class of Vehicles Involved","Contributing Factor","Number of Persons Involved"
12237,39201.00,"4- Demerara- Mahaica",,"Durban & Mandela Avenue",,"-58.1401","6.7996",,,11/28/2003 0:00:00,12/30/1899 20:00:00,"D- Property Damage","F- Driver",,"Male","K- Private Cars;L- Lorries Van","S- Driver's Negligence",2.00
12238,39202.00,"4- Demerara- Mahaica",,"Victor & Durban Street",,"-58.1500","6.8022",,,11/29/2003 0:00:00,12/30/1899 19:00:00,"C- Minor Injury","G- Rider",,"Male","V-Motor Cycle;W-Pedal Cycle","P- Speeding",2.00
12239,39203.00,"4- Demerara- Mahaica",,"Mandela Avenue",,"-58.1601","6.7919",,,12/6/2003 0:00:00,12/30/1899 13:50:00,"B- Serious Injury","E- Pedestrian",49.00,"Male","K- Private Cars","P- Speeding",2.00
12240,39204.00,"4- Demerara- Mahaica",,"Home Stretch Ave.",,"-58.1428","6.8038",,,9/12/2003 0:00:00,12/30/1899 19:30:00,"B- Serious Injury","F- Driver",49.00,"Male","J- Minibus;K- Private Cars","S- Driver's Negligence",2.00
12241,39205.00,"4- Demerara- Mahaica",,"Wren Avenue",,"-58.1484","6.7872",,,12/14/2003 0:00:00,12/30/1899 1:05:00,"D- Property Damage","F- Driver",,"Male","K- Private Cars","S- Driver's Negligence",2.00
12242,39206.00,"4- Demerara- Mahaica",,"Aubrey Barker & Len Drive",,"-58.1427","6.7869",,,12/18/2003 0:00:00,12/30/1899 16:20:00,"B- Serious Injury","F- Driver",,"Male","J- Minibus;M- Hire Cars","S- Driver's Negligence",2.00
12243,39207.00,"4- Demerara- Mahaica",,"Aubrey Barker Road",,"-58.1388","6.7858",,,12/12/2003 0:00:00,12/30/1899 14:00:00,"D- Property Damage","F- Driver",,"Male","J- Minibus;N- Pickup","P- Speeding",2.00
12244,39208.00,"4- Demerara- Mahaica",,"Mandela Avenue",,"-58.1601","6.7919",,,12/19/2003 0:00:00,12/30/1899 4:55:00,"D- Property Damage","F- Driver",,"Male","J- Minibus;M- Hire Cars","S- Driver's Negligence",2.00
12245,39209.00,"4- Demerara- Mahaica",,"Mandela Avenue",,"-58.1601","6.7919",,,12/23/2003 0:00:00,12/30/1899 12:00:00,"D- Property Damage","F- Driver",26.00,"Male","K- Private Cars;M- Hire Cars","S- Driver's Negligence",2.00
12246,39210.00,"4- Demerara- Mahaica",,"Mandela Avenue",,"-58.1601","6.7919",,,12/25/2003 0:00:00,12/30/1899 19:00:00,"D- Property Damage","F- Driver",84.00,"Male","M- Hire Cars;V-Motor Cycle","U- Cyclist's Negligence",2.00
12247,39211.00,"4- Demerara- Mahaica",,"Mandela Avenue",,"-58.1601","6.7919",,,12/24/2003 0:00:00,12/30/1899 21:00:00,"D- Property Damage","F- Driver",37.00,"Male","V-Motor Cycle","P- Speeding",2.00
12248,39212.00,"4- Demerara- Mahaica",,"Vlissengen Road",,"-58.1474","6.8108",,,12/29/2003 0:00:00,12/30/1899 1:30:00,"D- Property Damage","F- Driver",30.00,"Male","K- Private Cars;M- Hire Cars","P- Speeding",2.00
12249,39213.00,"4- Demerara- Mahaica",,"Vlissengen Road",,"-58.1474","6.8108",,,12/29/2003 0:00:00,12/30/1899 17:00:00,"B- Serious Injury","G- Rider",24.00,"Male","V-Motor Cycle","S- Driver's Negligence",2.00
12250,39214.00,"4- Demerara- Mahaica",,"Aubrey Barker Road",,"-58.1388","6.7858",,,12/27/2003 0:00:00,12/30/1899 14:15:00,"C- Minor Injury","F- Driver",30.00,"Female","M- Hire Cars;V-Motor Cycle","P- Speeding",2.00
12251,39215.00,"4- Demerara- Mahaica",,"Aubrey Barker Road",,"-58.1388","6.7858",,,12/27/2003 0:00:00,12/30/1899 20:30:00,"C- Minor Injury","F- Driver",40.00,"Male","K- Private Cars;V-Motor Cycle","S- Driver's Negligence",2.00
12252,39216.00,"4- Demerara- Mahaica",,"Aubrey Barker Road",,"-58.1388","6.7858",,,1/4/2004 0:00:00,12/30/1899 18:30:00,"D- Property Damage","F- Driver",,"Male","J- Minibus","P- Speeding",2.00
12253,39217.00,"4- Demerara- Mahaica",,"Aubrey Barker Road",,"-58.1388","6.7858",,,,12/30/1899 10:15:00,"D- Property Damage","F- Driver",36.00,"Male","J- Minibus","S- Driver's Negligence",2.00
12254,39218.00,"4- Demerara- Mahaica",,"East Ruimveldt Front Road",,"-58.1489","6.7920",,,1/9/2004 0:00:00,12/30/1899 16:00:00,"B- Serious Injury","F- Driver",25.00,"Male","J- Minibus;W-Pedal Cycle","S- Driver's Negligence",2.00
12255,39219.00,"4- Demerara- Mahaica",,"Baramita & Aubrey Barker Road",,"-58.1423","6.7867",,,1/9/2004 0:00:00,,"B- Serious Injury","F- Driver",25.00,,"J- Minibus;V-Motor Cycle","P- Speeding",2.00
12256,39220.00,"4- Demerara- Mahaica",,"Aubrey Barker Road",,"-58.1388","6.7858",,,,12/30/1899 19:00:00,"D- Property Damage","F- Driver",30.00,"Male","K- Private Cars;M- Hire Cars","S- Driver's Negligence",2.00
12257,39221.00,"4- Demerara- Mahaica",,"Mandela Avenue",,"-58.1601","6.7919",,,1/4/2004 0:00:00,12/30/1899 20:00:00,"C- Minor Injury","F- Driver",33.00,"Male","K- Private Cars;W-Pedal Cycle","P- Speeding",2.00
12258,39222.00,"4- Demerara- Mahaica",,"Mandela Avenue",,"-58.1601","6.7919",,,1/15/2004 0:00:00,12/30/1899 17:00:00,"C- Minor Injury","F- Driver",,"Male","K- Private Cars;N- Pickup","S- Driver's Negligence",2.00
12259,39223.00,"4- Demerara- Mahaica",,"East Ruimveldt Front Road",,"-58.1489","6.7920",,,1/5/2004 0:00:00,12/30/1899 19:45:00,"B- Serious Injury","E- Pedestrian",17.00,"Male","V-Motor Cycle","U- Cyclist's Negligence",2.00
12260,39224.00,"4- Demerara- Mahaica",,"Aubrey Barker Road",,"-58.1388","6.7858",,,1/8/2004 0:00:00,12/30/1899 8:45:00,"C- Minor Injury","F- Driver",32.00,"Male","K- Private Cars","P- Speeding",2.00
12261,39225.00,"4- Demerara- Mahaica",,"Mandela Avenue",,"-58.1601","6.7919",,,1/20/2004 0:00:00,12/30/1899 20:50:00,"C- Minor Injury","G- Rider",22.00,"Male","V-Motor Cycle","S- Driver's Negligence",2.00
12262,39226.00,"4- Demerara- Mahaica",,"Vlissengen Road",,"-58.1474","6.8108",,,1/26/2004 0:00:00,12/30/1899 16:15:00,"C- Minor Injury","G- Rider",,,"V-Motor Cycle","P- Speeding",1.00
12263,39227.00,"4- Demerara- Mahaica",,"Norton Street",,"-58.1519","6.8017",,,2/8/2004 0:00:00,12/30/1899 1:45:00,"C- Minor Injury","F- Driver",20.00,"Male","K- Private Cars;M- Hire Cars","S- Driver's Negligence",2.00
12264,39228.00,"4- Demerara- Mahaica",,"Mandela Avenue",,"-58.1601","6.7919",,,2/9/2004 0:00:00,12/30/1899 9:10:00,"D- Property Damage","F- Driver",,"Male","J- Minibus;L- Lorries Van","P- Speeding",2.00
12265,39229.00,"4- Demerara- Mahaica",,"Brickdam St.",,"-58.1589","6.8070",,,2/11/2004 0:00:00,12/30/1899 15:00:00,"D- Property Damage","F- Driver",25.00,"Male","K- Private Cars;L- Lorries Van","S- Driver's Negligence",2.00
12266,39230.00,"4- Demerara- Mahaica",,"Freeman Street",,"-58.1479","6.7928",,,2/12/2004 0:00:00,12/30/1899 14:30:00,"C- Minor Injury","E- Pedestrian",,"Male","V-Motor Cycle","T-Pedestrian's Negligence",2.00
12267,39231.00,"4- Demerara- Mahaica",,"Durban & Chapel Street",,"-58.1636","6.8057",,,2/15/2004 0:00:00,12/30/1899 8:30:00,"D- Property Damage","F- Driver",38.00,"Male","K- Private Cars;M- Hire Cars","S- Driver's Negligence",2.00
12268,39232.00,"4- Demerara- Mahaica",,"Aubrey Barker Road",,"-58.1388","6.7858",,,2/7/2004 0:00:00,12/30/1899 10:45:00,"C- Minor Injury","E- Pedestrian",25.00,"Female","M- Hire Cars","P- Speeding",2.00
12269,39233.00,"4- Demerara- Mahaica",,"Home Stretch Ave.",,"-58.1428","6.8038",,,2/13/2004 0:00:00,12/30/1899 18:30:00,"C- Minor Injury","F- Driver",,"Male","K- Private Cars;V-Motor Cycle","S- Driver's Negligence",2.00
12270,39234.00,"4- Demerara- Mahaica",,"Mandela Avenue & Hadfield Street",,"-58.1397","6.8012",,,2/16/2004 0:00:00,,"C- Minor Injury","F- Driver",,"Male","J- Minibus;M- Hire Cars","S- Driver's Negligence",2.00
12271,39235.00,"4- Demerara- Mahaica",,"Norton Street",,"-58.1519","6.8017",,,2/21/2004 0:00:00,12/30/1899 15:30:00,"C- Minor Injury","E- Pedestrian",13.00,"Male","K- Private Cars","S- Driver's Negligence",2.00
12272,39236.00,"4- Demerara- Mahaica",,"Mandela Avenue",,"-58.1601","6.7919",,,2/23/2004 0:00:00,12/30/1899 23:00:00,"B- Serious Injury","F- Driver",,"Male","K- Private Cars;N- Pickup;V-Motor Cycle","P- Speeding",2.00
12273,39237.00,"4- Demerara- Mahaica",,"Mandela Avenue",,"-58.1601","6.7919",,,2/28/2004 0:00:00,12/30/1899 18:00:00,"D- Property Damage","F- Driver",39.00,"Male","K- Private Cars;N- Pickup","S- Driver's Negligence",2.00
12274,39238.00,"4- Demerara- Mahaica",,"Meadow Brook Drive",,"-58.1700","6.7898",,,2/27/2004 0:00:00,12/30/1899 15:00:00,"B- Serious Injury","G- Rider",15.00,"Female","V-Motor Cycle;W-Pedal Cycle","S- Driver's Negligence",2.00
12275,39239.00,"4- Demerara- Mahaica",,"Home Stretch Ave.",,"-58.1428","6.8038",,,2/23/2004 0:00:00,12/30/1899 22:15:00,"D- Property Damage","F- Driver",,"Male","K- Private Cars;M- Hire Cars","P- Speeding",1.00
12276,39240.00,"4- Demerara- Mahaica",,"Aubrey Barker Road",,"-58.1388","6.7858",,,2/23/2003 0:00:00,12/30/1899 12:30:00,"D- Property Damage","F- Driver",,"Male","K- Private Cars","P- Speeding",2.00
12277,39241.00,"4- Demerara- Mahaica",,"Aubrey Barker Road",,"-58.1388","6.7858",,,3/2/2004 0:00:00,12/30/1899 14:50:00,"C- Minor Injury","F- Driver",,"Male","J- Minibus;V-Motor Cycle","S- Driver's Negligence",2.00
12278,39242.00,"4- Demerara- Mahaica",,"Savage Street",,"-58.1534","6.7972",,,3/4/2004 0:00:00,12/30/1899 9:35:00,"D- Property Damage","F- Driver",,"Male","K- Private Cars","S- Driver's Negligence",2.00
12279,39243.00,"4- Demerara- Mahaica",,"Mandela Avenue",,"-58.1601","6.7919",,,3/7/2004 0:00:00,12/30/1899 18:45:00,"C- Minor Injury","F- Driver",41.00,"Male","J- Minibus;M- Hire Cars","S- Driver's Negligence",2.00
12280,39244.00,"4- Demerara- Mahaica",,"Aubrey Barker Road",,"-58.1388","6.7858",,,3/10/2004 0:00:00,12/30/1899 8:15:00,"D- Property Damage","F- Driver",,"Male","J- Minibus;K- Private Cars","S- Driver's Negligence",2.00
12281,39245.00,"4- Demerara- Mahaica",,"Aubrey Barker Road",,"-58.1388","6.7858",,,3/5/2004 0:00:00,12/30/1899 19:00:00,"D- Property Damage","F- Driver",,"Male","J- Minibus;K- Private Cars","P- Speeding",2.00
12282,39246.00,"4- Demerara- Mahaica",,"Joseph Pollydore Street",,"-58.1404","6.7987",,,3/10/2004 0:00:00,12/30/1899 18:00:00,"B- Serious Injury","F- Driver",,"Male","M- Hire Cars;V-Motor Cycle","S- Driver's Negligence",2.00
12283,39247.00,"4- Demerara- Mahaica",,"Arapaima & Mandela Avenue",,"-58.1445","6.7919",,,3/13/2004 0:00:00,12/30/1899 22:30:00,"B- Serious Injury","E- Pedestrian",58.00,"Male","J- Minibus","T-Pedestrian's Negligence",2.00
12284,39248.00,"4- Demerara- Mahaica",,"Mandela Avenue",,"-58.1601","6.7919",,,3/15/2004 0:00:00,12/30/1899 8:30:00,"C- Minor Injury","F- Driver",33.00,"Male","M- Hire Cars;V-Motor Cycle","S- Driver's Negligence",2.00
12285,39249.00,"4- Demerara- Mahaica",,"Mandela Avenue",,"-58.1601","6.7919",,,3/18/2004 0:00:00,12/30/1899 21:10:00,"B- Serious Injury","F- Driver",60.00,"Male","K- Private Cars;W-Pedal Cycle","S- Driver's Negligence",2.00
12286,39250.00,"4- Demerara- Mahaica",,"Durban Street",,"-58.1526","6.8028",,,3/18/2004 0:00:00,12/30/1899 21:30:00,"B- Serious Injury","F- Driver",24.00,"Male","K- Private Cars;W-Pedal Cycle","S- Driver's Negligence",2.00
12287,39251.00,"4- Demerara- Mahaica",,"Aubrey Barker Road",,"-58.1388","6.7858",,,3/16/2004 0:00:00,12/30/1899 9:10:00,"C- Minor Injury","F- Driver",27.00,"Male","K- Private Cars","P- Speeding",2.00
12288,39252.00,"4- Demerara- Mahaica",,"Durban Street",,"-58.1526","6.8028",,,3/20/2004 0:00:00,12/30/1899 12:15:00,"D- Property Damage","F- Driver",,"Male","N- Pickup;V-Motor Cycle","P- Speeding",2.00
12289,39253.00,"4- Demerara- Mahaica",,"Aubrey Barker Road",,"-58.1388","6.7858",,,3/22/2004 0:00:00,12/30/1899 10:30:00,"C- Minor Injury","F- Driver",42.00,"Male","J- Minibus","P- Speeding",2.00
12290,39254.00,"4- Demerara- Mahaica",,"Durban Street",,"-58.1526","6.8028",,,3/26/2004 0:00:00,12/30/1899 16:45:00,"D- Property Damage","F- Driver",,"Male","K- Private Cars","R- Improper Overtaking",2.00
12291,39255.00,"4- Demerara- Mahaica",,"Mandela Avenue",,"-58.1601","6.7919",,,3/27/2004 0:00:00,12/30/1899 14:00:00,"D- Property Damage","F- Driver",,"Male","K- Private Cars;M- Hire Cars","S- Driver's Negligence",2.00
12292,39256.00,"4- Demerara- Mahaica",,"Aubrey Barker Road",,"-58.1388","6.7858",,,3/29/2004 0:00:00,12/30/1899 10:30:00,"C- Minor Injury","F- Driver",,"Male","J- Minibus","S- Driver's Negligence",2.00
12293,39257.00,"4- Demerara- Mahaica",,"Mandela Avenue",,"-58.1601","6.7919",,,3/30/2004 0:00:00,12/30/1899 16:30:00,"B- Serious Injury","E- Pedestrian",51.00,"Male","J- Minibus","S- Driver's Negligence",2.00
12294,39258.00,"4- Demerara- Mahaica",,"Aubrey Barker Road",,"-58.1388","6.7858",,,4/2/2004 0:00:00,12/30/1899 10:45:00,"D- Property Damage","F- Driver",,"Male","J- Minibus;L- Lorries Van","S- Driver's Negligence",2.00
12295,39259.00,"4- Demerara- Mahaica",,"Norton Street",,"-58.1519","6.8017",,,4/2/2004 0:00:00,12/30/1899 8:30:00,"B- Serious Injury","F- Driver",37.00,"Male","K- Private Cars;V-Motor Cycle","P- Speeding",2.00
12296,39260.00,"4- Demerara- Mahaica",,"Mandela Avenue",,"-58.1601","6.7919",,,4/6/2004 0:00:00,12/30/1899 17:15:00,"A- Fatal","F- Driver",41.00,"Male","K- Private Cars;W-Pedal Cycle","S- Driver's Negligence",2.00
12297,39261.00,"4- Demerara- Mahaica",,"Mandela & Home Stretch Avenue",,"-58.1390","6.8028",,,4/4/2004 0:00:00,12/30/1899 16:45:00,"B- Serious Injury","F- Driver",28.00,"Male","K- Private Cars;M- Hire Cars","S- Driver's Negligence",2.00
12298,39262.00,"4- Demerara- Mahaica",,"Home Stretch Ave.",,"-58.1428","6.8038",,,4/7/2004 0:00:00,12/30/1899 9:00:00,"D- Property Damage","F- Driver",38.00,"Male","K- Private Cars;V-Motor Cycle","P- Speeding",2.00
12299,39263.00,"4- Demerara- Mahaica",,"Joseph Pollydore Street",,"-58.1404","6.7987",,,4/8/2004 0:00:00,12/30/1899 16:30:00,"C- Minor Injury","F- Driver",32.00,"Female","M- Hire Cars;W-Pedal Cycle","S- Driver's Negligence",2.00
12300,39264.00,"4- Demerara- Mahaica",,"Durban Street",,"-58.1526","6.8028",,,4/7/2004 0:00:00,12/30/1899 17:45:00,"C- Minor Injury","G- Rider",28.00,"Male","V-Motor Cycle","P- Speeding",3.00
12301,39265.00,"4- Demerara- Mahaica",,"Aubrey Barker Road",,"-58.1388","6.7858",,,4/17/2004 0:00:00,12/30/1899 18:45:00,"D- Property Damage","F- Driver",31.00,"Male","J- Minibus","P- Speeding",1.00
12302,39266.00,"4- Demerara- Mahaica",,"Mandela Avenue",,"-58.1601","6.7919",,,4/21/2004 0:00:00,12/30/1899 20:10:00,"C- Minor Injury","F- Driver",43.00,"Male","J- Minibus;V-Motor Cycle","S- Driver's Negligence",2.00
12303,39267.00,"4- Demerara- Mahaica",,"Durban Street",,"-58.1526","6.8028",,,4/22/2004 0:00:00,12/30/1899 16:45:00,"B- Serious Injury","E- Pedestrian",53.00,"Male","J- Minibus","S- Driver's Negligence",1.00
12304,39268.00,"4- Demerara- Mahaica",,"Aubrey Barker Road",,"-58.1388","6.7858",,,4/28/2004 0:00:00,12/30/1899 19:45:00,"B- Serious Injury","F- Driver",31.00,"Male","J- Minibus;M- Hire Cars","P- Speeding",3.00
12305,39269.00,"4- Demerara- Mahaica",,"Home Stretch Ave.",,"-58.1428","6.8038",,,5/1/2004 0:00:00,12/30/1899 19:00:00,"C- Minor Injury","E- Pedestrian",78.00,"Male","N- Pickup","P- Speeding",2.00
12306,39270.00,"4- Demerara- Mahaica",,"Mandela Avenue",,"-58.1601","6.7919",,,5/18/2004 0:00:00,12/30/1899 21:20:00,"D- Property Damage","F- Driver",,"Male","K- Private Cars;N- Pickup","S- Driver's Negligence",2.00
12307,39271.00,"4- Demerara- Mahaica",,"Mandela Avenue",,"-58.1601","6.7919",,,5/8/2004 0:00:00,12/30/1899 19:00:00,"D- Property Damage","F- Driver",35.00,"Male","K- Private Cars","S- Driver's Negligence",2.00
12308,39272.00,"4- Demerara- Mahaica",,"Mandela Avenue",,"-58.1601","6.7919",,,5/10/2004 0:00:00,12/30/1899 15:50:00,"D- Property Damage","F- Driver",47.00,"Male","L- Lorries Van;M- Hire Cars","S- Driver's Negligence",2.00
12309,39273.00,"4- Demerara- Mahaica",,"Aubrey Barker Road",,"-58.1388","6.7858",,,5/13/2004 0:00:00,12/30/1899 8:00:00,"B- Serious Injury","F- Driver",60.00,"Male","M- Hire Cars;N- Pickup","S- Driver's Negligence",2.00
12310,39274.00,"4- Demerara- Mahaica",,"Mandela Avenue & Durban Street",,"-58.1401","6.7996",,,5/7/2004 0:00:00,12/30/1899 19:00:00,"D- Property Damage","F- Driver",56.00,"Male","M- Hire Cars;N- Pickup","S- Driver's Negligence",2.00
12311,39275.00,"4- Demerara- Mahaica",,"Mandela Avenue & Home Stretch Avenue",,"-58.1390","6.8028",,,5/21/2004 0:00:00,12/30/1899 23:30:00,"D- Property Damage","F- Driver",,"Male","K- Private Cars","S- Driver's Negligence",2.00
12312,39276.00,"4- Demerara- Mahaica",,"Durban Street",,"-58.1526","6.8028",,,5/25/2004 0:00:00,12/30/1899 13:45:00,"A- Fatal","F- Driver",,,"J- Minibus","P- Speeding",2.00
12313,39277.00,"4- Demerara- Mahaica",,"Joseph Pollydore Street",,"-58.1404","6.7987",,,,,"D- Property Damage","F- Driver",,,"K- Private Cars","S- Driver's Negligence",2.00
12314,39278.00,"4- Demerara- Mahaica",,"Williamsted  Road",,"-58.1340","6.7877",,,5/23/2004 0:00:00,12/30/1899 16:30:00,"D- Property Damage","F- Driver",36.00,"Male","K- Private Cars;M- Hire Cars","S- Driver's Negligence",2.00
12315,39279.00,"4- Demerara- Mahaica",,"Norton & Vlissengen Rd.",,"-58.1479","6.8084",,,4/26/2004 0:00:00,12/30/1899 13:30:00,"C- Minor Injury","F- Driver",39.00,"Male","M- Hire Cars;V-Motor Cycle","P- Speeding",2.00
12316,39280.00,"4- Demerara- Mahaica",,"Chapel & Durban St.",,"-58.1636","6.8057",,,5/25/2004 0:00:00,12/30/1899 23:30:00,"C- Minor Injury","F- Driver",,"Male","M- Hire Cars;W-Pedal Cycle","U- Cyclist's Negligence",2.00
12317,39281.00,"4- Demerara- Mahaica",,"Mandela Avenue",,"-58.1601","6.7919",,,6/1/2004 0:00:00,12/30/1899 21:00:00,"B- Serious Injury","F- Driver",53.00,"Male","K- Private Cars;V-Motor Cycle","S- Driver's Negligence",2.00
12318,39282.00,"4- Demerara- Mahaica",,"Mandela Avenue",,"-58.1601","6.7919",,,6/4/2004 0:00:00,12/30/1899 21:05:00,"D- Property Damage","F- Driver",27.00,"Male","J- Minibus;V-Motor Cycle","P- Speeding",2.00
12319,39283.00,"4- Demerara- Mahaica",,"Mandela Avenue",,"-58.1601","6.7919",,,6/6/2004 0:00:00,12/30/1899 1:30:00,"C- Minor Injury","F- Driver",28.00,"Male","K- Private Cars","S- Driver's Negligence",4.00
12320,39284.00,"4- Demerara- Mahaica",,"Mandela Avenue",,"-58.1601","6.7919",,,6/11/2004 0:00:00,12/30/1899 8:30:00,,"E- Pedestrian",34.00,"Male","M- Hire Cars","S- Driver's Negligence",2.00
12321,39285.00,"4- Demerara- Mahaica",,"Mandela Avenue",,"-58.1601","6.7919",,,6/3/2004 0:00:00,12/30/1899 14:30:00,,"F- Driver",,"Male","K- Private Cars;L- Lorries Van","S- Driver's Negligence",2.00
12322,39286.00,"4- Demerara- Mahaica",,"Mandela Avenue",,"-58.1601","6.7919",,,6/12/2004 0:00:00,12/30/1899 17:00:00,"D- Property Damage","E- Pedestrian",21.00,"Male","V-Motor Cycle","U- Cyclist's Negligence",2.00
12323,39287.00,"4- Demerara- Mahaica",,"Mandela Avenue",,"-58.1601","6.7919",,,6/16/2004 0:00:00,12/30/1899 11:15:00,"D- Property Damage","F- Driver",,"Male","K- Private Cars;V-Motor Cycle","U- Cyclist's Negligence",2.00
12324,39288.00,"4- Demerara- Mahaica",,"Mandela Avenue",,"-58.1601","6.7919",,,6/18/2004 0:00:00,12/30/1899 8:45:00,"D- Property Damage","F- Driver",,"Male","J- Minibus;N- Pickup","S- Driver's Negligence",2.00
12325,39289.00,"4- Demerara- Mahaica",,"Mandela Avenue",,"-58.1601","6.7919",,,6/17/2004 0:00:00,12/30/1899 18:30:00,"C- Minor Injury","F- Driver",49.00,"Male","V-Motor Cycle;W-Pedal Cycle","U- Cyclist's Negligence",2.00
12326,39290.00,"4- Demerara- Mahaica",,"Mandela Avenue",,"-58.1601","6.7919",,,6/18/2004 0:00:00,12/30/1899 18:30:00,"C- Minor Injury","E- Pedestrian",24.00,"Male","K- Private Cars","T-Pedestrian's Negligence",2.00
12327,39291.00,"4- Demerara- Mahaica",,"Mandela Avenue & Home Stretch Avenue",,"-58.1390","6.8028",,,6/19/2004 0:00:00,12/30/1899 23:00:00,"D- Property Damage","F- Driver",,"Male","K- Private Cars;N- Pickup","P- Speeding",2.00
12328,39292.00,"4- Demerara- Mahaica",,"Durban & Chapel Street",,"-58.1636","6.8057",,,6/18/2004 0:00:00,12/30/1899 14:45:00,"C- Minor Injury","E- Pedestrian",,"Male","V-Motor Cycle","P- Speeding",2.00
12329,39293.00,"4- Demerara- Mahaica",,"Mandela Avenue",,"-58.1601","6.7919",,,6/21/2004 0:00:00,12/30/1899 18:45:00,"C- Minor Injury","F- Driver",,"Male","M- Hire Cars;V-Motor Cycle","S- Driver's Negligence",2.00
12330,39294.00,"4- Demerara- Mahaica",,"Norton Street",,"-58.1519","6.8017",,,6/23/2004 0:00:00,12/30/1899 21:10:00,"D- Property Damage","F- Driver",,"Male","K- Private Cars;M- Hire Cars","S- Driver's Negligence",2.00
12331,39295.00,"4- Demerara- Mahaica",,"Mandela Avenue & Durban Street",,"-58.1401","6.7996",,,6/27/2004 0:00:00,12/30/1899 0:23:00,"D- Property Damage","F- Driver",24.00,,"K- Private Cars;V-Motor Cycle","S- Driver's Negligence",2.00
12332,39296.00,"4- Demerara- Mahaica",,"Mandela Avenue",,"-58.1601","6.7919",,,6/27/2004 0:00:00,12/30/1899 6:30:00,"D- Property Damage","F- Driver",27.00,"Male","K- Private Cars","S- Driver's Negligence",2.00
12333,39297.00,"4- Demerara- Mahaica",,"Aubrey Barker Road",,"-58.1388","6.7858",,,6/26/2004 0:00:00,12/30/1899 17:30:00,"D- Property Damage","F- Driver",27.00,"Male","M- Hire Cars;V-Motor Cycle","P- Speeding",2.00
12334,39298.00,"4- Demerara- Mahaica",,"Mandela Avenue",,"-58.1601","6.7919",,,6/27/2004 0:00:00,12/30/1899 10:45:00,"D- Property Damage","F- Driver",44.00,,"J- Minibus;N- Pickup","S- Driver's Negligence",2.00
12335,39299.00,"4- Demerara- Mahaica",,"Pineapple Street",,"-58.1511","6.7909",,,6/27/2004 0:00:00,12/30/1899 9:30:00,"B- Serious Injury","F- Driver",,"Male","V-Motor Cycle;W-Pedal Cycle","S- Driver's Negligence",2.00
12336,39300.00,"4- Demerara- Mahaica",,"Aubrey Barker Road & High Palm Street",,"-58.1406","6.7863",,,6/28/2004 0:00:00,,"C- Minor Injury","E- Pedestrian",,"Female","N- Pickup","P- Speeding",2.00
12337,39301.00,"4- Demerara- Mahaica",,"Mandela Avenue",,"-58.1601","6.7919",,,6/30/2004 0:00:00,12/30/1899 8:45:00,"D- Property Damage","F- Driver",,"Male","K- Private Cars;M- Hire Cars","S- Driver's Negligence",2.00
12338,39302.00,"4- Demerara- Mahaica",,"Self Help Square",,"-58.1487","6.7912",,,6/29/2004 0:00:00,12/30/1899 16:05:00,"C- Minor Injury","F- Driver",,"Male","N- Pickup;V-Motor Cycle","P- Speeding",2.00
12339,39303.00,"4- Demerara- Mahaica",,"Aubrey Barker Road",,"-58.1388","6.7858",,,7/4/2004 0:00:00,12/30/1899 10:30:00,"D- Property Damage","F- Driver",,"Female","J- Minibus;K- Private Cars","P- Speeding",2.00
12340,39304.00,"4- Demerara- Mahaica",,"Aubrey Barker & Penny Lane Road",,"-58.1382","6.7856",,,7/2/2004 0:00:00,12/30/1899 22:30:00,"D- Property Damage","F- Driver",,"Male","K- Private Cars;V-Motor Cycle","P- Speeding",2.00
12341,39305.00,"4- Demerara- Mahaica",,"Norton Street & Cemetary Road",,"-58.1477","6.8088",,,7/4/2004 0:00:00,12/30/1899 22:00:00,"D- Property Damage","F- Driver",,"Male","K- Private Cars;N- Pickup","P- Speeding",2.00
12342,39306.00,"4- Demerara- Mahaica",,"Baramita & Aubrey Barker Road",,"-58.1423","6.7867",,,6/30/2004 0:00:00,12/30/1899 23:55:00,"D- Property Damage","F- Driver",,"Male","J- Minibus;M- Hire Cars","S- Driver's Negligence",2.00
12343,39307.00,"4- Demerara- Mahaica",,"Aubrey Barker Road",,"-58.1388","6.7858",,,7/9/2004 0:00:00,,"B- Serious Injury","F- Driver",,,"M- Hire Cars;V-Motor Cycle","S- Driver's Negligence",2.00
12344,39308.00,"4- Demerara- Mahaica",,"Aubrey Barker Road",,"-58.1388","6.7858",,,7/14/2004 0:00:00,12/30/1899 11:35:00,"C- Minor Injury","F- Driver",35.00,"Male","M- Hire Cars;V-Motor Cycle","S- Driver's Negligence",2.00
12345,39309.00,"4- Demerara- Mahaica",,"Durban Street",,"-58.1526","6.8028",,,7/19/2004 0:00:00,12/30/1899 14:00:00,"C- Minor Injury","F- Driver",21.00,"Male","J- Minibus;L- Lorries Van","S- Driver's Negligence",2.00
12346,39310.00,"4- Demerara- Mahaica",,"Mandela Avenue",,"-58.1601","6.7919",,,7/21/2004 0:00:00,12/30/1899 0:33:00,"C- Minor Injury","F- Driver",,,,"S- Driver's Negligence",2.00
12347,39311.00,"4- Demerara- Mahaica",,"Cemetary Road & West Front Road",,"-58.1533","6.7932",,,7/20/2004 0:00:00,12/30/1899 4:30:00,"D- Property Damage","F- Driver",17.00,"Male","L- Lorries Van;V-Motor Cycle","S- Driver's Negligence",2.00
12348,39312.00,"4- Demerara- Mahaica",,"West Ruimveldt Front Road",,"-58.1648","6.7934",,,7/20/2004 0:00:00,12/30/1899 16:45:00,"C- Minor Injury","F- Driver",,,"M- Hire Cars","S- Driver's Negligence",2.00
12349,39313.00,"4- Demerara- Mahaica",,"Mandela Avenue & Home Stretch Avenue",,"-58.1390","6.8028",,,7/21/2004 0:00:00,12/30/1899 11:40:00,"B- Serious Injury","F- Driver",23.00,"Male","N- Pickup;V-Motor Cycle","P- Speeding",2.00
12350,39314.00,"4- Demerara- Mahaica",,"Pineapple & Front Road",,"-58.1507","6.7925",,,7/23/2004 0:00:00,,"B- Serious Injury","F- Driver",22.00,"Male","K- Private Cars;V-Motor Cycle","P- Speeding",2.00
12351,39315.00,"4- Demerara- Mahaica",,"Sophia Sq. Area",,"-58.1326","6.8079",,,7/26/2004 0:00:00,12/30/1899 14:50:00,"D- Property Damage","F- Driver",,"Male","J- Minibus;K- Private Cars","P- Speeding",2.00