"ID","Accident ID","Region Number","Corridor ID","Location (Intersection/Road/Street)","Corridor","Location- longitude/ X","Location- latitude/  Y","Mile Marker","Village","Date of Accident","Time of Accident","Type of Accident","Class of Road User","Age/DOB","Gender","Class of Vehicles Involved","Contributing Factor","Number of Persons Involved"
12352,39316.00,"4- Demerara- Mahaica",,"Aubrey Barker Road",,"-58.1388","6.7858",,,7/27/2004 0:00:00,12/30/1899 20:00:00,"D- Property Damage","F- Driver",,"Male","J- Minibus","P- Speeding",2.00
12353,39317.00,"4- Demerara- Mahaica",,"Arapaima Street",,"-58.1426","6.7914",,,8/1/2004 0:00:00,12/30/1899 18:00:00,"C- Minor Injury","F- Driver",,"Male","K- Private Cars;W-Pedal Cycle","U- Cyclist's Negligence",2.00
12354,39318.00,"4- Demerara- Mahaica",,"Mandela Avenue",,"-58.1601","6.7919",,,8/2/2004 0:00:00,12/30/1899 21:00:00,"D- Property Damage","F- Driver",,"Male","J- Minibus;K- Private Cars","S- Driver's Negligence",2.00
12355,39319.00,"4- Demerara- Mahaica",,"Mandela Avenue",,"-58.1601","6.7919",,,8/3/2004 0:00:00,12/30/1899 17:45:00,"D- Property Damage","F- Driver",,"Male","J- Minibus","S- Driver's Negligence",2.00
12356,39320.00,"4- Demerara- Mahaica",,"East Ruimveldt Front Road",,"-58.1489","6.7920",,,8/6/2004 0:00:00,12/30/1899 18:45:00,"D- Property Damage","G- Rider",,,"V-Motor Cycle","S- Driver's Negligence",2.00
12357,39321.00,"4- Demerara- Mahaica",,"Mandela Avenue",,"-58.1601","6.7919",,,8/8/2004 0:00:00,12/30/1899 19:35:00,"D- Property Damage","F- Driver",,"Male","K- Private Cars;V-Motor Cycle","S- Driver's Negligence",2.00
12358,39322.00,"4- Demerara- Mahaica",,"Back Circle",,"-58.1477","6.7895",,,8/8/2004 0:00:00,12/30/1899 14:00:00,"D- Property Damage","F- Driver",48.00,"Male","K- Private Cars","S- Driver's Negligence",2.00
12359,39323.00,"4- Demerara- Mahaica",,"Cemetary  Road",,"-58.1524","6.7963",,,8/9/2004 0:00:00,12/30/1899 16:00:00,"D- Property Damage","F- Driver",,,"K- Private Cars","S- Driver's Negligence",2.00
12360,39324.00,"4- Demerara- Mahaica",,"Aubrey Barker Road",,"-58.1388","6.7858",,,8/13/2004 0:00:00,12/30/1899 1:15:00,"D- Property Damage","F- Driver",27.00,"Male","K- Private Cars","Y-Animal",2.00
12361,39325.00,"4- Demerara- Mahaica",,"Aubrey Barker Road",,"-58.1388","6.7858",,,8/15/2004 0:00:00,12/30/1899 11:15:00,"D- Property Damage","F- Driver",,"Male","K- Private Cars","Y-Animal",1.00
12362,39326.00,"4- Demerara- Mahaica",,"Aubrey Barker Road",,"-58.1388","6.7858",,,8/16/2004 0:00:00,12/30/1899 9:00:00,"D- Property Damage","F- Driver",40.00,"Female","J- Minibus;K- Private Cars;M- Hire Cars","S- Driver's Negligence",3.00
12363,39327.00,"4- Demerara- Mahaica",,"Aubrey Barker Road & High Palm Street",,"-58.1406","6.7863",,,8/20/2004 0:00:00,12/30/1899 2:20:00,"D- Property Damage","F- Driver",,"Male","K- Private Cars;N- Pickup","P- Speeding",2.00
12364,39328.00,"4- Demerara- Mahaica",,"Aubrey Barker Road",,"-58.1388","6.7858",,,8/23/2004 0:00:00,12/30/1899 1:00:00,"D- Property Damage","F- Driver",,"Male","M- Hire Cars","S- Driver's Negligence",2.00
12365,39329.00,"4- Demerara- Mahaica",,"Mandela Avenue & Durban Street",,"-58.1401","6.7996",,,8/26/2004 0:00:00,12/30/1899 21:00:00,"D- Property Damage","F- Driver",,"Male","N- Pickup;V-Motor Cycle","O- Lost Control & Runoff",2.00
12366,39330.00,"4- Demerara- Mahaica",,"Vlissengen Road",,"-58.1474","6.8108",,,8/22/2004 0:00:00,12/30/1899 8:00:00,"D- Property Damage","F- Driver",,"Male","K- Private Cars","S- Driver's Negligence",2.00
12367,39331.00,"4- Demerara- Mahaica",,"Mandela Avenue",,"-58.1601","6.7919",,,8/22/2004 0:00:00,12/30/1899 18:30:00,"C- Minor Injury","F- Driver",,"Male","K- Private Cars;V-Motor Cycle","P- Speeding",2.00
12368,39332.00,"4- Demerara- Mahaica",,"Takuba Road",,"-58.1385","6.7951",,,8/31/2004 0:00:00,,"D- Property Damage","F- Driver",,"Male","M- Hire Cars","P- Speeding",2.00
12369,39333.00,"4- Demerara- Mahaica",,"Chapel Street",,"-58.1577","6.8036",,,9/4/2004 0:00:00,12/30/1899 13:00:00,"D- Property Damage","F- Driver",,"Male","K- Private Cars;M- Hire Cars","S- Driver's Negligence",2.00
12370,39334.00,"4- Demerara- Mahaica",,"Mandela Avenue",,"-58.1601","6.7919",,,9/12/2004 0:00:00,12/30/1899 3:15:00,"A- Fatal","F- Driver",34.00,"Male","M- Hire Cars;W-Pedal Cycle","S- Driver's Negligence",2.00
12371,39335.00,"4- Demerara- Mahaica",,"Norton Street & Cemetary Road",,"-58.1477","6.8088",,,9/12/2004 0:00:00,12/30/1899 15:00:00,"D- Property Damage","F- Driver",37.00,"Male","J- Minibus;K- Private Cars","S- Driver's Negligence",2.00
12372,39336.00,"4- Demerara- Mahaica",,"Home Stretch Ave.",,"-58.1428","6.8038",,,9/12/2004 0:00:00,12/30/1899 0:30:00,"D- Property Damage","F- Driver",27.00,"Male","K- Private Cars;M- Hire Cars","S- Driver's Negligence",2.00
12373,39337.00,"4- Demerara- Mahaica",,"Durban Street",,"-58.1526","6.8028",,,9/14/2004 0:00:00,12/30/1899 14:30:00,"C- Minor Injury","E- Pedestrian",8.00,"Male","V-Motor Cycle","U- Cyclist's Negligence",2.00
12374,39338.00,"4- Demerara- Mahaica",,"Aubrey Barker Road",,"-58.1388","6.7858",,,9/15/2004 0:00:00,12/30/1899 17:00:00,"D- Property Damage","F- Driver",21.00,"Male","K- Private Cars;N- Pickup","S- Driver's Negligence",2.00
12375,39339.00,"4- Demerara- Mahaica",,"Mandela Avenue",,"-58.1601","6.7919",,,9/20/2004 0:00:00,12/30/1899 21:00:00,"B- Serious Injury","E- Pedestrian",26.00,"Female","J- Minibus","S- Driver's Negligence",2.00
12376,39340.00,"4- Demerara- Mahaica",,"Aubrey Barker Road",,"-58.1388","6.7858",,,9/23/2004 0:00:00,12/30/1899 18:30:00,"B- Serious Injury","E- Pedestrian",44.00,"Female","J- Minibus","S- Driver's Negligence",2.00
12377,39341.00,"4- Demerara- Mahaica",,"Blue Sackie Drive",,"-58.1335","6.7834",,,9/26/2004 0:00:00,12/30/1899 16:30:00,"D- Property Damage","F- Driver",72.00,"Male","J- Minibus;K- Private Cars","P- Speeding",2.00
12378,39342.00,"4- Demerara- Mahaica",,"Mandela Avenue",,"-58.1601","6.7919",,,9/28/2004 0:00:00,12/30/1899 9:30:00,"D- Property Damage","F- Driver",,"Male","J- Minibus;K- Private Cars","S- Driver's Negligence",2.00
12379,39343.00,"4- Demerara- Mahaica",,"Aubrey Barker Road",,"-58.1388","6.7858",,,9/29/2004 0:00:00,12/30/1899 6:30:00,"C- Minor Injury","F- Driver",43.00,"Male","M- Hire Cars;V-Motor Cycle","P- Speeding",2.00
12380,39344.00,"4- Demerara- Mahaica",,"Mandela Avenue",,"-58.1601","6.7919",,,9/27/2004 0:00:00,12/30/1899 19:45:00,"C- Minor Injury","E- Pedestrian",41.00,"Male","M- Hire Cars","P- Speeding",2.00
12381,39345.00,"4- Demerara- Mahaica",,"Mandela Avenue",,"-58.1601","6.7919",,,9/30/2004 0:00:00,12/30/1899 7:30:00,"C- Minor Injury","F- Driver",45.00,"Male","M- Hire Cars;V-Motor Cycle","S- Driver's Negligence",2.00
12382,39346.00,"4- Demerara- Mahaica",,"Durban & Chapel Street",,"-58.1636","6.8057",,,9/30/2004 0:00:00,12/30/1899 8:45:00,"B- Serious Injury","F- Driver",72.00,"Male","J- Minibus;K- Private Cars;V-Motor Cycle","P- Speeding",2.00
12383,39347.00,"4- Demerara- Mahaica",,"Home Stretch Ave.",,"-58.1428","6.8038",,,10/2/2004 0:00:00,12/30/1899 18:20:00,"B- Serious Injury","F- Driver",,"Male","K- Private Cars;V-Motor Cycle","S- Driver's Negligence",2.00
12384,39348.00,"4- Demerara- Mahaica",,"Mandela Avenue",,"-58.1601","6.7919",,,10/3/2004 0:00:00,12/30/1899 22:05:00,"B- Serious Injury","E- Pedestrian",42.00,"Male","K- Private Cars","T-Pedestrian's Negligence",2.00
12385,39349.00,"4- Demerara- Mahaica",,"Aubrey Barker & Tucville Bridge",,"-58.1406","6.7863",,,10/13/2004 0:00:00,12/30/1899 21:25:00,"D- Property Damage","F- Driver",,"Male","K- Private Cars","S- Driver's Negligence",2.00
12386,39350.00,"4- Demerara- Mahaica",,"Cemetary  Road",,"-58.1524","6.7963",,,10/14/2004 0:00:00,12/30/1899 12:00:00,"D- Property Damage","F- Driver",,"Male","K- Private Cars;M- Hire Cars","S- Driver's Negligence",2.00
12387,39351.00,"4- Demerara- Mahaica",,"Mandela Avenue & Meadow Brook Drive",,"-58.1413","6.7962",,,10/10/2004 0:00:00,12/30/1899 13:00:00,"C- Minor Injury","F- Driver",,"Male","K- Private Cars;V-Motor Cycle","S- Driver's Negligence;U- Cyclist's Negligence",2.00
12388,39352.00,"4- Demerara- Mahaica",,"Mandela Avenue",,"-58.1601","6.7919",,,10/15/2004 0:00:00,12/30/1899 11:50:00,"D- Property Damage","F- Driver",,"Male","J- Minibus;L- Lorries Van","S- Driver's Negligence",2.00
12389,39353.00,"4- Demerara- Mahaica",,"Mandela Avenue",,"-58.1601","6.7919",,,9/27/2004 0:00:00,12/30/1899 11:50:00,"C- Minor Injury","F- Driver",,"Male","J- Minibus","S- Driver's Negligence",2.00
12390,39354.00,"4- Demerara- Mahaica",,"Mandela & Home Stretch Avenue",,"-58.1390","6.8028",,,10/22/2004 0:00:00,12/30/1899 10:00:00,"C- Minor Injury","G- Rider",57.00,"Male","V-Motor Cycle;W-Pedal Cycle","U- Cyclist's Negligence",2.00
12391,39355.00,"4- Demerara- Mahaica",,"Cane View Ave.",,"-58.1419","6.7834",,,10/22/2004 0:00:00,12/30/1899 12:15:00,"D- Property Damage","F- Driver",,"Male","J- Minibus;K- Private Cars","S- Driver's Negligence",2.00
12392,39356.00,"4- Demerara- Mahaica",,"Aubrey Barker Road",,"-58.1388","6.7858",,,10/22/2004 0:00:00,12/30/1899 21:45:00,"D- Property Damage","G- Rider",20.00,"Male","K- Private Cars;V-Motor Cycle","U- Cyclist's Negligence",2.00
12393,39357.00,"4- Demerara- Mahaica",,"Mandela Avenue & East Ruimveldt Front Road",,"-58.1489","6.7890",,,10/25/2004 0:00:00,12/30/1899 13:00:00,"D- Property Damage","F- Driver",,"Male","J- Minibus;M- Hire Cars","S- Driver's Negligence",2.00
12394,39358.00,"4- Demerara- Mahaica",,"Cemetary  Road",,"-58.1524","6.7963",,,10/29/2004 0:00:00,12/30/1899 10:15:00,"D- Property Damage","F- Driver",,"Male","N- Pickup;V-Motor Cycle","U- Cyclist's Negligence",2.00
12395,39359.00,"4- Demerara- Mahaica",,"Mandela Avenue",,"-58.1601","6.7919",,,10/31/2004 0:00:00,12/30/1899 23:15:00,"B- Serious Injury","E- Pedestrian",29.00,"Male","K- Private Cars","S- Driver's Negligence",2.00
12396,39360.00,"4- Demerara- Mahaica",,"Mandela Avenue",,"-58.1601","6.7919",,,11/1/2004 0:00:00,12/30/1899 3:30:00,"B- Serious Injury","F- Driver",35.00,"Male","L- Lorries Van","S- Driver's Negligence",5.00
12397,39361.00,"4- Demerara- Mahaica",,"Mandela Avenue",,"-58.1601","6.7919",,,11/6/2004 0:00:00,12/30/1899 18:30:00,"B- Serious Injury","F- Driver",32.00,"Male","M- Hire Cars","S- Driver's Negligence",2.00
12398,39362.00,"4- Demerara- Mahaica",,"Mandela Avenue",,"-58.1601","6.7919",,,11/10/2004 0:00:00,12/30/1899 19:50:00,"D- Property Damage","F- Driver",,"Male","K- Private Cars;N- Pickup","S- Driver's Negligence",2.00
12399,39363.00,"4- Demerara- Mahaica",,"Aubrey Barker Road",,"-58.1388","6.7858",,,11/11/2004 0:00:00,12/30/1899 14:00:00,"B- Serious Injury","F- Driver",36.00,"Male","K- Private Cars;W-Pedal Cycle","S- Driver's Negligence",3.00
12400,39364.00,"4- Demerara- Mahaica",,"Jackson Street",,"-58.1394","6.7920",,,11/9/2004 0:00:00,12/30/1899 1:30:00,"D- Property Damage","F- Driver",47.00,"Male","M- Hire Cars","S- Driver's Negligence",1.00
12401,39365.00,"4- Demerara- Mahaica",,"Mandela Avenue & Hadfield Street",,"-58.1397","6.8012",,,11/16/2004 0:00:00,12/30/1899 2:40:00,"C- Minor Injury","F- Driver",,"Male","K- Private Cars","O- Lost Control & Runoff",1.00
12402,39366.00,"4- Demerara- Mahaica",,"Mazaruni Street",,"-58.1212","6.7885",,,11/14/2004 0:00:00,12/30/1899 19:00:00,"D- Property Damage","F- Driver",,"Male","K- Private Cars","S- Driver's Negligence",2.00
12403,39367.00,"4- Demerara- Mahaica",,"Mandela Avenue & Cemetary Road",,"-58.1541","6.7904",,,11/18/2004 0:00:00,12/30/1899 14:30:00,"B- Serious Injury","F- Driver",41.00,"Male","M- Hire Cars;V-Motor Cycle","S- Driver's Negligence",2.00
12404,39368.00,"4- Demerara- Mahaica",,"Durban & Chapel Street",,"-58.1636","6.8057",,,11/20/2004 0:00:00,12/30/1899 16:45:00,"C- Minor Injury","F- Driver",21.00,"Male","J- Minibus;K- Private Cars","S- Driver's Negligence",2.00
12405,39369.00,"4- Demerara- Mahaica",,"Aubrey Barker Road",,"-58.1388","6.7858",,,11/21/2004 0:00:00,12/30/1899 23:00:00,"D- Property Damage","F- Driver",,"Female","J- Minibus;K- Private Cars","S- Driver's Negligence",2.00
12406,39370.00,"4- Demerara- Mahaica",,"Aubrey Barker Road",,"-58.1388","6.7858",,,11/29/2004 0:00:00,12/30/1899 14:30:00,"D- Property Damage","F- Driver",23.00,"Male","K- Private Cars","Y-Animal",1.00
12407,39371.00,"4- Demerara- Mahaica",,"West Ruimveldt Front Road",,"-58.1648","6.7934",,,11/21/2004 0:00:00,12/30/1899 19:00:00,"B- Serious Injury","E- Pedestrian",24.00,"Female","J- Minibus","S- Driver's Negligence",2.00
12408,39372.00,"4- Demerara- Mahaica",,"Aubrey Barker Road & Tucville Bridge",,"-58.1406","6.7863",,,12/7/2004 0:00:00,12/30/1899 13:15:00,"D- Property Damage","G- Rider",18.00,"Female","J- Minibus;V-Motor Cycle","S- Driver's Negligence",2.00
12409,39373.00,"4- Demerara- Mahaica",,"Mandela Avenue",,"-58.1601","6.7919",,,12/9/2004 0:00:00,12/30/1899 18:20:00,"C- Minor Injury","F- Driver",52.00,"Male","K- Private Cars;V-Motor Cycle","S- Driver's Negligence",2.00
12410,39374.00,"4- Demerara- Mahaica",,"Durban Street",,"-58.1526","6.8028",,,12/10/2004 0:00:00,12/30/1899 19:00:00,"C- Minor Injury","F- Driver",66.00,"Male","K- Private Cars;M- Hire Cars","S- Driver's Negligence",2.00
12411,39375.00,"4- Demerara- Mahaica",,"Durban Street",,"-58.1526","6.8028",,,12/14/2004 0:00:00,12/30/1899 11:45:00,"D- Property Damage","F- Driver",43.00,"Male","J- Minibus;K- Private Cars","S- Driver's Negligence",2.00
12412,39376.00,"4- Demerara- Mahaica",,"Kaikan Street & Aubrey Barker Road",,"-58.1283","6.7831",,,12/15/2004 0:00:00,12/30/1899 10:00:00,"D- Property Damage","F- Driver",28.00,"Male","N- Pickup","S- Driver's Negligence",2.00
12413,39377.00,"4- Demerara- Mahaica",,"Vlissengen Road & Lane Avenue",,"-58.1533","6.7937",,,12/15/2004 0:00:00,12/30/1899 12:00:00,"D- Property Damage","F- Driver",,"Male","M- Hire Cars;N- Pickup","S- Driver's Negligence",2.00
12414,39378.00,"4- Demerara- Mahaica",,"Go Slow & Mandela Avenue",,"-58.1427","6.7936",,,12/19/2004 0:00:00,12/30/1899 19:30:00,"B- Serious Injury","F- Driver",40.00,"Male","K- Private Cars;W-Pedal Cycle","S- Driver's Negligence",2.00
12415,39379.00,"4- Demerara- Mahaica",,"Mandela Avenue & Arapaima Street",,"-58.1445","6.7919",,,12/20/2004 0:00:00,12/30/1899 19:45:00,"B- Serious Injury","F- Driver",35.00,"Male","L- Lorries Van","S- Driver's Negligence",2.00
12416,39380.00,"4- Demerara- Mahaica",,"Norton Street",,"-58.1519","6.8017",,,12/27/2004 0:00:00,12/30/1899 13:10:00,"B- Serious Injury","F- Driver",44.00,"Male","N- Pickup","S- Driver's Negligence",2.00
12417,39381.00,"4- Demerara- Mahaica",,"Cemetary  Road",,"-58.1524","6.7963",,,12/27/2004 0:00:00,12/30/1899 16:00:00,"D- Property Damage","F- Driver",39.00,"Female","K- Private Cars","S- Driver's Negligence",1.00
12418,39382.00,"4- Demerara- Mahaica",,"Mandela Avenue",,"-58.1601","6.7919",,,12/4/2004 0:00:00,12/30/1899 14:30:00,"D- Property Damage","F- Driver",34.00,"Female","K- Private Cars","S- Driver's Negligence",2.00
12419,39383.00,"4- Demerara- Mahaica",,"Aubrey Barker & Tucville Bridge",,"-58.1406","6.7863",,,10/13/2004 0:00:00,12/30/1899 21:25:00,"D- Property Damage","F- Driver",,"Male","K- Private Cars","S- Driver's Negligence",2.00
12420,39384.00,"4- Demerara- Mahaica",,"Cemetary  Road",,"-58.1524","6.7963",,,10/14/2004 0:00:00,12/30/1899 12:00:00,"D- Property Damage","F- Driver",43.00,"Male","K- Private Cars;M- Hire Cars","S- Driver's Negligence",2.00
12421,39385.00,"4- Demerara- Mahaica",,"Mandela Avenue & Meadow Brook Drive",,"-58.1413","6.7962",,,10/10/2004 0:00:00,12/30/1899 13:00:00,"C- Minor Injury","F- Driver",,"Male","K- Private Cars;V-Motor Cycle","S- Driver's Negligence",2.00
12422,39386.00,"4- Demerara- Mahaica",,"Mandela Avenue",,"-58.1601","6.7919",,,10/15/2004 0:00:00,,"D- Property Damage","E- Pedestrian",,"Male","J- Minibus;L- Lorries Van","S- Driver's Negligence",2.00
12423,39387.00,"4- Demerara- Mahaica",,"Mandela Avenue",,"-58.1601","6.7919",,,9/27/2004 0:00:00,,"C- Minor Injury","G- Rider",83.00,"Male","J- Minibus","S- Driver's Negligence",2.00
12424,39388.00,"4- Demerara- Mahaica",,"Mandela & Home Stretch Avenue",,"-58.1390","6.8028",,,10/22/2004 0:00:00,12/30/1899 10:00:00,"C- Minor Injury","F- Driver",41.00,"Male","V-Motor Cycle;W-Pedal Cycle","S- Driver's Negligence",2.00
12425,39389.00,"4- Demerara- Mahaica",,"Cane View Ave.",,"-58.1419","6.7834",,,10/22/2004 0:00:00,,"D- Property Damage","F- Driver",,"Male","J- Minibus;K- Private Cars","S- Driver's Negligence",2.00
12426,39390.00,"4- Demerara- Mahaica",,"Aubrey Barker Road",,"-58.1388","6.7858",,,10/22/2004 0:00:00,12/30/1899 21:45:00,"D- Property Damage","F- Driver",23.00,"Male","K- Private Cars;V-Motor Cycle","U- Cyclist's Negligence",2.00
12427,39391.00,"4- Demerara- Mahaica",,"Mandela Avenue & East Ruimveldt Front Road",,"-58.1489","6.7890",,,10/25/2004 0:00:00,12/30/1899 13:00:00,"D- Property Damage","F- Driver",,"Male","J- Minibus;M- Hire Cars","S- Driver's Negligence",2.00
12428,39392.00,"4- Demerara- Mahaica",,"Cemetary  Road",,"-58.1524","6.7963",,,10/29/2004 0:00:00,12/30/1899 10:15:00,"D- Property Damage","E- Pedestrian",,"Male","N- Pickup;V-Motor Cycle","S- Driver's Negligence",2.00
12429,39393.00,"4- Demerara- Mahaica",,"Mandela Avenue",,"-58.1601","6.7919",,,10/31/2004 0:00:00,12/30/1899 23:15:00,"B- Serious Injury","F- Driver",,"Male","K- Private Cars","P- Speeding",2.00
12430,39394.00,"4- Demerara- Mahaica",,"Mandela Avenue",,"-58.1601","6.7919",,,11/1/2004 0:00:00,12/30/1899 3:30:00,"B- Serious Injury","F- Driver",35.00,"Male","L- Lorries Van","P- Speeding",6.00
12431,39395.00,"4- Demerara- Mahaica",,"Mandela Avenue",,"-58.1601","6.7919",,,11/6/2004 0:00:00,12/30/1899 18:30:00,"B- Serious Injury","F- Driver",,"Male","M- Hire Cars;W-Pedal Cycle","P- Speeding",2.00
12432,39396.00,"4- Demerara- Mahaica",,"Aubrey Barker Road",,"-58.1388","6.7858",,,11/11/2004 0:00:00,12/30/1899 14:00:00,"B- Serious Injury","F- Driver",36.00,"Male","K- Private Cars;W-Pedal Cycle","U- Cyclist's Negligence",2.00
12433,39397.00,"4- Demerara- Mahaica",,"Jackson Street",,"-58.1394","6.7920",,,11/9/2004 0:00:00,12/30/1899 1:30:00,"D- Property Damage","F- Driver",,"Male","M- Hire Cars","Y-Animal",2.00
12434,39398.00,"4- Demerara- Mahaica",,"Mandela Avenue",,"-58.1601","6.7919",,,11/16/2004 0:00:00,12/30/1899 12:40:00,"C- Minor Injury","F- Driver",,"Male","K- Private Cars","P- Speeding",2.00
12435,39400.00,"4- Demerara- Mahaica",,"Mazaruni Street",,"-58.1212","6.7885",,,11/14/2004 0:00:00,12/30/1899 19:00:00,"D- Property Damage","F- Driver",,"Male","K- Private Cars","S- Driver's Negligence",2.00
12436,39401.00,"4- Demerara- Mahaica",,"Mandela Avenue & Cemetary Road",,"-58.1541","6.7904",,,11/8/2004 0:00:00,12/30/1899 14:30:00,"B- Serious Injury","F- Driver",41.00,"Male","M- Hire Cars;V-Motor Cycle","S- Driver's Negligence",2.00
12437,39402.00,"4- Demerara- Mahaica",,"Durban & Chapel Street",,"-58.1636","6.8057",,,11/20/2004 0:00:00,12/30/1899 16:45:00,"C- Minor Injury","F- Driver",21.00,"Male","J- Minibus;K- Private Cars","S- Driver's Negligence",2.00
12438,39403.00,"4- Demerara- Mahaica",,"Aubrey Barker Road",,"-58.1388","6.7858",,,11/21/2004 0:00:00,12/30/1899 23:00:00,"D- Property Damage","F- Driver",,"Female","J- Minibus;K- Private Cars","S- Driver's Negligence",2.00
12439,39404.00,"4- Demerara- Mahaica",,"Aubrey Barker Road",,"-58.1388","6.7858",,,11/28/2004 0:00:00,12/30/1899 17:30:00,"D- Property Damage","F- Driver",23.00,"Male","K- Private Cars","S- Driver's Negligence",1.00
12440,39405.00,"4- Demerara- Mahaica",,"West Ruimveldt Front Road",,"-58.1648","6.7934",,,11/21/2004 0:00:00,12/30/1899 19:00:00,"B- Serious Injury","E- Pedestrian",24.00,"Female","J- Minibus","P- Speeding",2.00
12441,39406.00,"4- Demerara- Mahaica",,"Aubrey Barker Road & Tucville Bridge",,"-58.1406","6.7863",,,12/7/2004 0:00:00,12/30/1899 13:15:00,"D- Property Damage","F- Driver",18.00,"Female","J- Minibus;V-Motor Cycle","S- Driver's Negligence",2.00
12442,39407.00,"4- Demerara- Mahaica",,"Mandela Avenue",,"-58.1601","6.7919",,,12/9/2004 0:00:00,12/30/1899 18:20:00,"C- Minor Injury","F- Driver",52.00,"Male","K- Private Cars;V-Motor Cycle","P- Speeding",2.00
12443,39408.00,"4- Demerara- Mahaica",,"Durban Street",,"-58.1526","6.8028",,,12/10/2004 0:00:00,12/30/1899 18:00:00,"C- Minor Injury","F- Driver",27.00,"Male","K- Private Cars;M- Hire Cars","S- Driver's Negligence",2.00
12444,39409.00,"4- Demerara- Mahaica",,"Durban Street",,"-58.1526","6.8028",,,12/14/2004 0:00:00,12/30/1899 11:45:00,"D- Property Damage","F- Driver",43.00,"Female","M- Hire Cars","S- Driver's Negligence",2.00
12445,39410.00,"4- Demerara- Mahaica",,"Kaikan Street & Aubrey Barker Road",,"-58.1283","6.7831",,,12/5/2004 0:00:00,12/30/1899 10:00:00,"D- Property Damage","F- Driver",28.00,"Male","M- Hire Cars;N- Pickup","P- Speeding",2.00
12446,39411.00,"4- Demerara- Mahaica",,"Vlissengen Road & Lane Avenue",,"-58.1533","6.7937",,,12/15/2004 0:00:00,12/30/1899 12:00:00,"D- Property Damage","F- Driver",,"Male","K- Private Cars;W-Pedal Cycle","P- Speeding",2.00
12447,39412.00,"4- Demerara- Mahaica",,"Go Slow & Mandela Avenue",,"-58.1427","6.7936",,,12/19/2004 0:00:00,12/30/1899 19:30:00,"B- Serious Injury","F- Driver",40.00,"Male","L- Lorries Van","U- Cyclist's Negligence",2.00
12448,39413.00,"4- Demerara- Mahaica",,"Mandela Avenue",,"-58.1601","6.7919",,,12/20/2004 0:00:00,12/30/1899 19:45:00,"B- Serious Injury","E- Pedestrian",35.00,"Male","N- Pickup","P- Speeding",2.00
12449,39414.00,"4- Demerara- Mahaica",,"Norton Street",,"-58.1519","6.8017",,,12/27/2004 0:00:00,12/30/1899 13:10:00,"B- Serious Injury","E- Pedestrian",44.00,"Male","L- Lorries Van","S- Driver's Negligence",2.00
12450,39415.00,"4- Demerara- Mahaica",,"Cemetary  Road",,"-58.1524","6.7963",,,12/27/2004 0:00:00,12/30/1899 16:00:00,"D- Property Damage","F- Driver",72.00,"Female","N- Pickup","P- Speeding",2.00
12451,39416.00,"4- Demerara- Mahaica",,"Mandela Avenue",,"-58.1601","6.7919",,,12/14/2004 0:00:00,12/30/1899 14:30:00,"D- Property Damage","F- Driver",34.00,"Female","K- Private Cars","S- Driver's Negligence",2.00
12452,39417.00,"4- Demerara- Mahaica",,"Mandela Avenue",,"-58.1601","6.7919",,,1/3/2004 0:00:00,12/30/1899 14:10:00,"B- Serious Injury","E- Pedestrian",45.00,"Male","M- Hire Cars","P- Speeding",2.00
12453,39418.00,"4- Demerara- Mahaica",,"Mandela Avenue",,"-58.1601","6.7919",,,1/3/2005 0:00:00,12/30/1899 14:00:00,"B- Serious Injury","F- Driver",42.00,"Male","M- Hire Cars","S- Driver's Negligence",2.00
12454,39419.00,"4- Demerara- Mahaica",,"Vlissengen & Hadfield Street",,"-58.1513","6.8042",,,1/10/2005 0:00:00,12/30/1899 18:25:00,"C- Minor Injury","F- Driver",58.00,"Male","J- Minibus","S- Driver's Negligence",2.00
12455,39420.00,"4- Demerara- Mahaica",,"Mandela Avenue & Norton Street",,"-58.1402","6.7987",,,1/12/2005 0:00:00,12/30/1899 21:35:00,"D- Property Damage","F- Driver",35.00,"Male","K- Private Cars","S- Driver's Negligence",2.00
12456,39421.00,"4- Demerara- Mahaica",,"Mandela Avenue",,"-58.1601","6.7919",,,1/13/2005 0:00:00,12/30/1899 9:00:00,"C- Minor Injury","F- Driver",27.00,"Male","J- Minibus;L- Lorries Van","S- Driver's Negligence",2.00
12457,39422.00,"4- Demerara- Mahaica",,"Arapaima & Mandela Avenue",,"-58.1445","6.7919",,,1/13/2005 0:00:00,12/30/1899 17:20:00,"C- Minor Injury","F- Driver",68.00,"Male","M- Hire Cars;W-Pedal Cycle","U- Cyclist's Negligence",2.00
12458,39423.00,"4- Demerara- Mahaica",,"Norton Street",,"-58.1519","6.8017",,,1/23/2005 0:00:00,12/30/1899 23:55:00,"A- Fatal","F- Driver",43.00,"Male",,"S- Driver's Negligence",2.00
12459,39424.00,"4- Demerara- Mahaica",,"Mandela Avenue & Home Stretch Avenue",,"-58.1390","6.8028",,,1/28/2005 0:00:00,12/30/1899 12:00:00,"D- Property Damage","F- Driver",31.00,"Male","J- Minibus;K- Private Cars","S- Driver's Negligence",2.00
12460,39425.00,"4- Demerara- Mahaica",,"Mandela Avenue & Cemetary Road",,"-58.1541","6.7904",,,1/28/2005 0:00:00,12/30/1899 18:30:00,"D- Property Damage","F- Driver",23.00,"Male","K- Private Cars;V-Motor Cycle","S- Driver's Negligence",2.00
12461,39426.00,"4- Demerara- Mahaica",,"Mandela Avenue",,"-58.1601","6.7919",,,2/5/2005 0:00:00,12/30/1899 22:30:00,"B- Serious Injury","F- Driver",27.00,"Male","J- Minibus","S- Driver's Negligence",2.00
12462,39427.00,"4- Demerara- Mahaica",,"Mandela & Home Stretch Avenue",,"-58.1390","6.8028",,,2/5/2005 0:00:00,12/30/1899 13:30:00,"B- Serious Injury","F- Driver",66.00,"Male","K- Private Cars;V-Motor Cycle","S- Driver's Negligence",2.00
12463,39428.00,"4- Demerara- Mahaica",,"Mandela Avenue",,"-58.1601","6.7919",,,2/9/2005 0:00:00,12/30/1899 8:05:00,"B- Serious Injury","F- Driver",30.00,"Male","K- Private Cars","T-Pedestrian's Negligence",2.00