"ID","Accident ID","Region Number","Corridor ID","Location (Intersection/Road/Street)","Corridor","Location- longitude/ X","Location- latitude/  Y","Mile Marker","Village","Date of Accident","Time of Accident","Type of Accident","Class of Road User","Age/DOB","Gender","Class of Vehicles Involved","Contributing Factor","Number of Persons Involved"
12464,39429.00,"4- Demerara- Mahaica",,"Mandela Avenue",,"-58.1601","6.7919",,,2/10/2005 0:00:00,12/30/1899 16:30:00,"D- Property Damage","F- Driver",64.00,"Male","L- Lorries Van;M- Hire Cars","S- Driver's Negligence",2.00
12465,39430.00,"4- Demerara- Mahaica",,"Durban Street",,"-58.1526","6.8028",,,2/11/2005 0:00:00,12/30/1899 19:30:00,"B- Serious Injury","F- Driver",28.00,"Male","L- Lorries Van","S- Driver's Negligence",2.00
12466,39431.00,"4- Demerara- Mahaica",,"Mandela Ave & Meadow Brook Drive",,"-58.1413","6.7962",,,2/13/2005 0:00:00,12/30/1899 1:10:00,"B- Serious Injury","G- Rider",37.00,"Male","W-Pedal Cycle",,2.00
12467,39432.00,"4- Demerara- Mahaica",,"Durban & Hill Street",,"-58.1641","6.8058",,,2/12/2005 0:00:00,12/30/1899 15:00:00,"D- Property Damage","G- Rider",27.00,"Male","J- Minibus;V-Motor Cycle","S- Driver's Negligence",2.00
12468,39433.00,"4- Demerara- Mahaica",,"Vlissengen Road",,"-58.1474","6.8108",,,2/19/2005 0:00:00,12/30/1899 17:00:00,"D- Property Damage","F- Driver",25.00,"Male","J- Minibus;K- Private Cars;M- Hire Cars","S- Driver's Negligence",2.00
12469,39434.00,"4- Demerara- Mahaica",,"Arapaima Street",,"-58.1426","6.7914",,,2/23/2005 0:00:00,12/30/1899 22:00:00,"D- Property Damage","F- Driver",29.00,"Male","K- Private Cars;M- Hire Cars","S- Driver's Negligence",2.00
12470,39435.00,"4- Demerara- Mahaica",,"Mandela Avenue",,"-58.1601","6.7919",,,2/24/2005 0:00:00,12/30/1899 1:30:00,"B- Serious Injury","F- Driver",29.00,"Female","K- Private Cars;W-Pedal Cycle","U- Cyclist's Negligence",2.00
12471,39436.00,"4- Demerara- Mahaica",,"Mandela Avenue",,"-58.1601","6.7919",,,2/27/2005 0:00:00,12/30/1899 10:00:00,"B- Serious Injury","F- Driver",,"Male","J- Minibus;V-Motor Cycle","S- Driver's Negligence",2.00
12472,39437.00,"4- Demerara- Mahaica",,"Norton Street",,"-58.1519","6.8017",,,2/28/2005 0:00:00,12/30/1899 16:45:00,"C- Minor Injury","F- Driver",65.00,"Female","K- Private Cars;V-Motor Cycle","U- Cyclist's Negligence",2.00
12473,39438.00,"4- Demerara- Mahaica",,"Mandela Avenue & Meadow Brook Drive",,"-58.1413","6.7962",,,3/1/2005 0:00:00,12/30/1899 17:00:00,"C- Minor Injury","F- Driver",35.00,"Male","K- Private Cars;V-Motor Cycle","U- Cyclist's Negligence",2.00
12474,39439.00,"4- Demerara- Mahaica",,"Aubrey Barker Road",,"-58.1388","6.7858",,,3/1/2005 0:00:00,12/30/1899 16:00:00,"B- Serious Injury","F- Driver",36.00,"Female","J- Minibus;M- Hire Cars","S- Driver's Negligence",3.00
12475,39440.00,"4- Demerara- Mahaica",,"Vlissengen Road & Home Stretch Avenue",,"-58.1508","6.8058",,,3/3/2005 0:00:00,12/30/1899 14:45:00,"B- Serious Injury","G- Rider",39.00,"Male","J- Minibus;V-Motor Cycle","S- Driver's Negligence",2.00
12476,39441.00,"4- Demerara- Mahaica",,"Mandela Avenue & Arapaima Street",,"-58.1445","6.7919",,,3/18/2005 0:00:00,12/30/1899 21:55:00,"C- Minor Injury","F- Driver",27.00,"Male","W-Pedal Cycle","S- Driver's Negligence",2.00
12477,39442.00,"4- Demerara- Mahaica",,"Home Stretch Ave.",,"-58.1428","6.8038",,,3/19/2005 0:00:00,12/30/1899 14:30:00,"B- Serious Injury","F- Driver",31.00,"Female","K- Private Cars;V-Motor Cycle","S- Driver's Negligence",2.00
12478,39443.00,"4- Demerara- Mahaica",,"Aubrey Barker Road",,"-58.1388","6.7858",,,3/22/2005 0:00:00,12/30/1899 16:30:00,"B- Serious Injury","G- Rider",20.00,"Male","V-Motor Cycle","U- Cyclist's Negligence",4.00
12479,39444.00,"4- Demerara- Mahaica",,"Mandela Avenue",,"-58.1601","6.7919",,,3/26/2005 0:00:00,12/30/1899 17:00:00,"C- Minor Injury","F- Driver",25.00,"Male","M- Hire Cars;V-Motor Cycle","U- Cyclist's Negligence",2.00
12480,39445.00,"4- Demerara- Mahaica",,"Home Stretch Ave.",,"-58.1428","6.8038",,,3/20/2005 0:00:00,12/30/1899 19:00:00,"A- Fatal","F- Driver",25.00,"Male","M- Hire Cars","S- Driver's Negligence",2.00
12481,39446.00,"4- Demerara- Mahaica",,"Mandela Avenue",,"-58.1601","6.7919",,,3/29/2005 0:00:00,12/30/1899 16:50:00,"C- Minor Injury","F- Driver",,"Male","J- Minibus;K- Private Cars","S- Driver's Negligence",2.00
12482,39447.00,"4- Demerara- Mahaica",,"Aubrey Barker Road & National Avenue",,"-58.1261","6.7825",,,3/31/2005 0:00:00,12/30/1899 9:30:00,"C- Minor Injury","F- Driver",34.00,"Male","J- Minibus;K- Private Cars","S- Driver's Negligence",3.00
12483,39448.00,"4- Demerara- Mahaica",,"Vlissengen & East Ruimveldt Front Road",,"-58.1532","6.7932",,,3/28/2005 0:00:00,12/30/1899 1:15:00,"D- Property Damage","F- Driver",38.00,"Male","M- Hire Cars;N- Pickup","S- Driver's Negligence",2.00
12484,39449.00,"4- Demerara- Mahaica",,"Aubrey Barker Road & Tucville Bridge",,"-58.1406","6.7863",,,4/6/2005 0:00:00,12/30/1899 17:00:00,"D- Property Damage","F- Driver",37.00,"Male","J- Minibus;K- Private Cars","S- Driver's Negligence",2.00
12485,39450.00,"4- Demerara- Mahaica",,"Mandela Avenue",,"-58.1601","6.7919",,,4/9/2005 0:00:00,12/30/1899 18:05:00,"B- Serious Injury","F- Driver",66.00,"Male","M- Hire Cars;V-Motor Cycle","U- Cyclist's Negligence",2.00
12486,39451.00,"4- Demerara- Mahaica",,"Aubrey Barker Road",,"-58.1388","6.7858",,,4/9/2005 0:00:00,12/30/1899 19:30:00,"C- Minor Injury","G- Rider",44.00,,"J- Minibus;V-Motor Cycle","S- Driver's Negligence",2.00
12487,39452.00,"4- Demerara- Mahaica",,"Aubrey Barker Road",,"-58.1388","6.7858",,,2/1/2005 0:00:00,12/30/1899 15:00:00,"D- Property Damage","F- Driver",25.00,"Male","J- Minibus;L- Lorries Van","S- Driver's Negligence",2.00
12488,39453.00,"4- Demerara- Mahaica",,"Aubrey Barker & Penny Lane Road",,"-58.1382","6.7856",,,4/15/2005 0:00:00,12/30/1899 11:55:00,"D- Property Damage","F- Driver",28.00,"Male","J- Minibus;N- Pickup","S- Driver's Negligence",2.00
12489,39454.00,"4- Demerara- Mahaica",,"Mandela Avenue",,"-58.1601","6.7919",,,4/18/2005 0:00:00,12/30/1899 23:10:00,"C- Minor Injury","G- Rider",34.00,"Male","V-Motor Cycle;W-Pedal Cycle","U- Cyclist's Negligence",2.00
12490,39455.00,"4- Demerara- Mahaica",,"Aubrey Barker Road",,"-58.1388","6.7858",,,4/17/2005 0:00:00,12/30/1899 12:10:00,"C- Minor Injury","F- Driver",39.00,"Male","J- Minibus;M- Hire Cars;V-Motor Cycle","U- Cyclist's Negligence",3.00
12491,39456.00,"4- Demerara- Mahaica",,"Vlissengen Road",,"-58.1474","6.8108",,,4/20/2005 0:00:00,12/30/1899 8:30:00,"D- Property Damage","F- Driver",34.00,"Male","M- Hire Cars;V-Motor Cycle","S- Driver's Negligence;U- Cyclist's Negligence",2.00
12492,39457.00,"4- Demerara- Mahaica",,"Vlissengen Road",,"-58.1474","6.8108",,,4/24/2005 0:00:00,12/30/1899 22:05:00,"D- Property Damage","F- Driver",41.00,"Male","K- Private Cars","S- Driver's Negligence",2.00
12493,39458.00,"4- Demerara- Mahaica",,"Mandela Avenue",,"-58.1601","6.7919",,,4/20/2005 0:00:00,12/30/1899 22:55:00,"B- Serious Injury","G- Rider",47.00,"Male","K- Private Cars;V-Motor Cycle","S- Driver's Negligence",3.00
12494,39459.00,"4- Demerara- Mahaica",,"Norton Street",,"-58.1519","6.8017",,,4/26/2005 0:00:00,12/30/1899 2:00:00,"D- Property Damage","F- Driver",16.00,"Male","K- Private Cars;M- Hire Cars","U- Cyclist's Negligence",2.00
12495,39460.00,"4- Demerara- Mahaica",,"Durban Street",,"-58.1526","6.8028",,,4/25/2005 0:00:00,12/30/1899 22:00:00,"D- Property Damage","G- Rider",32.00,"Male","V-Motor Cycle","S- Driver's Negligence",2.00
12496,39461.00,"4- Demerara- Mahaica",,"Aubrey Barker Road",,"-58.1388","6.7858",,,4/26/2005 0:00:00,12/30/1899 13:45:00,"D- Property Damage","F- Driver",31.00,"Male","J- Minibus;K- Private Cars","S- Driver's Negligence",2.00
12497,39462.00,"4- Demerara- Mahaica",,"Mandela Avenue",,"-58.1601","6.7919",,,4/25/2005 0:00:00,12/30/1899 19:15:00,"D- Property Damage","F- Driver",28.00,"Male","J- Minibus","S- Driver's Negligence",2.00
12498,39463.00,"4- Demerara- Mahaica",,"Arapaima Street",,"-58.1426","6.7914",,,4/26/2005 0:00:00,12/30/1899 11:00:00,"D- Property Damage","F- Driver",28.00,"Male","K- Private Cars;M- Hire Cars","S- Driver's Negligence",2.00
12499,39464.00,"4- Demerara- Mahaica",,"Durban Street",,"-58.1526","6.8028",,,4/29/2005 0:00:00,12/30/1899 11:55:00,"D- Property Damage","F- Driver",62.00,"Male","K- Private Cars;L- Lorries Van","S- Driver's Negligence",3.00
12500,39465.00,"4- Demerara- Mahaica",,"Aubrey Barker Road",,"-58.1388","6.7858",,,5/2/2005 0:00:00,12/30/1899 21:30:00,"D- Property Damage","F- Driver",56.00,"Male","J- Minibus","S- Driver's Negligence",2.00
12501,39466.00,"4- Demerara- Mahaica",,"Mandela Avenue",,"-58.1601","6.7919",,,4/28/2005 0:00:00,12/30/1899 11:15:00,"D- Property Damage","F- Driver",30.00,"Male","J- Minibus;M- Hire Cars","S- Driver's Negligence",2.00
12502,39467.00,"4- Demerara- Mahaica",,"Vlissengen & East Ruimveldt Front Road",,"-58.1532","6.7932",,,5/4/2005 0:00:00,12/30/1899 22:00:00,"C- Minor Injury","F- Driver",38.00,"Male","K- Private Cars;V-Motor Cycle","S- Driver's Negligence",2.00
12503,39468.00,"4- Demerara- Mahaica",,"Norton Street",,"-58.1519","6.8017",,,5/4/2005 0:00:00,12/30/1899 13:15:00,"C- Minor Injury","F- Driver",30.00,"Male","J- Minibus;V-Motor Cycle","S- Driver's Negligence",2.00
12504,39469.00,"4- Demerara- Mahaica",,"Aubrey Barker Road",,"-58.1388","6.7858",,,5/2/2005 0:00:00,12/30/1899 10:05:00,"D- Property Damage","F- Driver",41.00,"Female","K- Private Cars;V-Motor Cycle","U- Cyclist's Negligence",2.00
12505,39470.00,"4- Demerara- Mahaica",,"Norton Street & Vlissengen Road",,"-58.1479","6.8084",,,5/10/2005 0:00:00,12/30/1899 7:30:00,"D- Property Damage","F- Driver",22.00,"Male","K- Private Cars","S- Driver's Negligence",2.00
12506,39471.00,"4- Demerara- Mahaica",,"Aubrey Barker Road & Tucville Bridge",,"-58.1406","6.7863",,,5/11/2005 0:00:00,12/30/1899 16:15:00,"C- Minor Injury","F- Driver",52.00,"Male","K- Private Cars;V-Motor Cycle","U- Cyclist's Negligence",3.00
12507,39472.00,"4- Demerara- Mahaica",,"Mandela Avenue",,"-58.1601","6.7919",,,5/12/2005 0:00:00,12/30/1899 15:10:00,"D- Property Damage","F- Driver",27.00,"Male","J- Minibus;N- Pickup","S- Driver's Negligence",2.00
12508,39473.00,"4- Demerara- Mahaica",,"Mandela Avenue",,"-58.1601","6.7919",,,5/14/2005 0:00:00,12/30/1899 11:45:00,"B- Serious Injury","F- Driver",41.00,"Male","K- Private Cars;M- Hire Cars","S- Driver's Negligence",2.00
12509,39474.00,"4- Demerara- Mahaica",,"Mandela Avenue",,"-58.1601","6.7919",,,5/15/2005 0:00:00,12/30/1899 16:45:00,"B- Serious Injury","F- Driver",46.00,"Male","M- Hire Cars;V-Motor Cycle","S- Driver's Negligence;U- Cyclist's Negligence",2.00
12510,39475.00,"4- Demerara- Mahaica",,"Joseph Pollydore Street",,"-58.1404","6.7987",,,5/24/2005 0:00:00,12/30/1899 22:00:00,"D- Property Damage","F- Driver",,,"M- Hire Cars;N- Pickup","S- Driver's Negligence",2.00
12511,39476.00,"4- Demerara- Mahaica",,"Mandela Avenue",,"-58.1601","6.7919",,,5/28/2005 0:00:00,,"B- Serious Injury","G- Rider",48.00,"48","V-Motor Cycle;W-Pedal Cycle","U- Cyclist's Negligence",2.00
12512,39477.00,"4- Demerara- Mahaica",,"Baramita & Aubrey Barker Road",,"-58.1423","6.7867",,,5/29/2005 0:00:00,12/30/1899 10:30:00,"D- Property Damage","F- Driver",,,"K- Private Cars;M- Hire Cars","S- Driver's Negligence",2.00
12513,39478.00,"4- Demerara- Mahaica",,"Mandela Avenue",,"-58.1601","6.7919",,,6/3/2005 0:00:00,12/30/1899 21:30:00,"C- Minor Injury","F- Driver",33.00,"33","J- Minibus;V-Motor Cycle","S- Driver's Negligence",2.00
12514,39479.00,"4- Demerara- Mahaica",,"Aubrey Barker Road",,"-58.1388","6.7858",,,6/4/2005 0:00:00,12/30/1899 23:00:00,"D- Property Damage","F- Driver",25.00,"25","K- Private Cars","S- Driver's Negligence",2.00
12515,39480.00,"4- Demerara- Mahaica",,"Arapaima Street",,"-58.1426","6.7914",,,6/14/2005 0:00:00,12/30/1899 9:15:00,"D- Property Damage","F- Driver",58.00,"58","J- Minibus;K- Private Cars","S- Driver's Negligence",2.00
12516,39481.00,"4- Demerara- Mahaica",,"Mandela Avenue",,"-58.1601","6.7919",,,6/11/2005 0:00:00,12/30/1899 20:00:00,"C- Minor Injury","G- Rider",18.00,"18","V-Motor Cycle","U- Cyclist's Negligence",2.00
12517,39482.00,"4- Demerara- Mahaica",,"Aubrey Barker Road",,"-58.1388","6.7858",,,6/18/2005 0:00:00,12/30/1899 9:45:00,"C- Minor Injury","F- Driver",,,"M- Hire Cars;V-Motor Cycle","S- Driver's Negligence;U- Cyclist's Negligence",2.00
12518,39483.00,"4- Demerara- Mahaica",,"Mandela Avenue",,"-58.1601","6.7919",,,6/19/2005 0:00:00,12/30/1899 8:45:00,"D- Property Damage","F- Driver",51.00,"51","J- Minibus;M- Hire Cars","S- Driver's Negligence",2.00
12519,39484.00,"4- Demerara- Mahaica",,"Mandela Avenue  & Joseph Pollydore Street",,"-58.1402","6.7987",,,6/27/2005 0:00:00,12/30/1899 0:30:00,"C- Minor Injury","F- Driver",27.00,"27","K- Private Cars;N- Pickup","S- Driver's Negligence",2.00
12520,39485.00,"4- Demerara- Mahaica",,"Aubrey Barker Road & Plaza Bridge",,"-58.1406","6.7863",,,6/24/2005 0:00:00,12/30/1899 8:45:00,"C- Minor Injury","F- Driver",26.00,"26","L- Lorries Van","S- Driver's Negligence",2.00
12521,39486.00,"4- Demerara- Mahaica",,"Aubrey Barker Road",,"-58.1388","6.7858",,,6/27/2005 0:00:00,12/30/1899 22:30:00,"C- Minor Injury","G- Rider",22.00,"Female","V-Motor Cycle","U- Cyclist's Negligence",2.00
12522,39487.00,"4- Demerara- Mahaica",,"East Ruimveldt Front Road",,"-58.1489","6.7920",,,6/28/2005 0:00:00,12/30/1899 18:15:00,"C- Minor Injury","F- Driver",56.00,"Male","K- Private Cars","S- Driver's Negligence",2.00
12523,39488.00,"4- Demerara- Mahaica",,"Arapaima Street",,"-58.1426","6.7914",,,6/29/2005 0:00:00,12/30/1899 13:30:00,"C- Minor Injury","F- Driver",34.00,"Male","K- Private Cars;V-Motor Cycle","S- Driver's Negligence;U- Cyclist's Negligence",2.00
12524,39489.00,"4- Demerara- Mahaica",,"Hadfield and Chapel Street",,"-58.1497","6.8037",,,6/29/2005 0:00:00,12/30/1899 16:30:00,"D- Property Damage","F- Driver",56.00,"Male","J- Minibus;M- Hire Cars","U- Cyclist's Negligence",2.00
12525,39490.00,"4- Demerara- Mahaica",,"Vlissengen &  Norton Street",,"-58.1479","6.8084",,,7/5/2005 0:00:00,12/30/1899 22:30:00,"D- Property Damage","F- Driver",35.00,"Male","J- Minibus;K- Private Cars","U- Cyclist's Negligence",2.00
12526,39491.00,"4- Demerara- Mahaica",,"Princess Street & Cemetry Road",,"-58.1513","6.8006",,,7/10/2005 0:00:00,12/30/1899 18:20:00,"D- Property Damage","F- Driver",24.00,"Male","K- Private Cars;V-Motor Cycle","U- Cyclist's Negligence",2.00
12527,39492.00,"4- Demerara- Mahaica",,"Mandela Avenue",,"-58.1601","6.7919",,,7/17/2005 0:00:00,12/30/1899 21:10:00,"C- Minor Injury","F- Driver",28.00,"Male","J- Minibus;V-Motor Cycle","S- Driver's Negligence",2.00
12528,39493.00,"4- Demerara- Mahaica",,"Arapaima Street",,"-58.1426","6.7914",,,7/17/2005 0:00:00,12/30/1899 21:45:00,"B- Serious Injury","G- Rider",37.00,"Male","V-Motor Cycle","S- Driver's Negligence",2.00
12529,39494.00,"4- Demerara- Mahaica",,"Mandela Avenue",,"-58.1601","6.7919",,,7/23/2005 0:00:00,12/30/1899 0:30:00,"D- Property Damage","F- Driver",37.00,"Male","M- Hire Cars;N- Pickup","S- Driver's Negligence",2.00
12530,39495.00,"4- Demerara- Mahaica",,"Aubrey Barker Road",,"-58.1388","6.7858",,,7/21/2005 0:00:00,12/30/1899 19:30:00,"D- Property Damage","F- Driver",32.00,"Male","J- Minibus;K- Private Cars","S- Driver's Negligence",2.00
12531,39496.00,"4- Demerara- Mahaica",,"Mandela Avenue & Home Stretch Avenue",,"-58.1390","6.8028",,,7/26/2005 0:00:00,12/30/1899 9:45:00,"D- Property Damage","F- Driver",24.00,"Male","K- Private Cars;M- Hire Cars","S- Driver's Negligence",2.00
12532,39497.00,"4- Demerara- Mahaica",,"Aubrey Barker Road & High Palm Street",,"-58.1406","6.7863",,,7/26/2005 0:00:00,12/30/1899 21:30:00,"D- Property Damage","F- Driver",27.00,"Male","K- Private Cars","S- Driver's Negligence",2.00
12533,39498.00,"4- Demerara- Mahaica",,"Norton Street",,"-58.1519","6.8017",,,7/29/2005 0:00:00,12/30/1899 22:45:00,"A- Fatal","F- Driver",52.00,"Male","K- Private Cars","S- Driver's Negligence",2.00
12534,39499.00,"4- Demerara- Mahaica",,"East Front Road & Vlissengen Road",,"-58.1532","6.7932",,,7/30/2005 0:00:00,12/30/1899 15:15:00,"D- Property Damage","F- Driver",40.00,"Male","K- Private Cars;L- Lorries Van","S- Driver's Negligence",2.00
12535,39500.00,"4- Demerara- Mahaica",,"Vlissengen Road & Norton Street",,"-58.1479","6.8084",,,7/30/2005 0:00:00,12/30/1899 2:30:00,"C- Minor Injury","F- Driver",22.00,"Male","K- Private Cars;M- Hire Cars","S- Driver's Negligence",2.00
12536,39501.00,"4- Demerara- Mahaica",,"Aubrey Barker Road",,"-58.1388","6.7858",,,7/31/2005 0:00:00,12/30/1899 9:30:00,"D- Property Damage","F- Driver",40.00,"Male","J- Minibus","S- Driver's Negligence",2.00
12537,39502.00,"4- Demerara- Mahaica",,"Aubrey Barker Road",,"-58.1388","6.7858",,,8/2/2005 0:00:00,12/30/1899 1:30:00,"D- Property Damage","F- Driver",,"Male","M- Hire Cars","S- Driver's Negligence",2.00
12538,39503.00,"4- Demerara- Mahaica",,"Mandela Avenue",,"-58.1601","6.7919",,,8/8/2005 0:00:00,12/30/1899 9:10:00,"C- Minor Injury","F- Driver",51.00,"Male","J- Minibus;V-Motor Cycle","S- Driver's Negligence",2.00
12539,39504.00,"4- Demerara- Mahaica",,"Home Stretch Ave.",,"-58.1428","6.8038",,,8/6/2005 0:00:00,12/30/1899 18:00:00,"D- Property Damage","F- Driver",48.00,"Male","K- Private Cars","S- Driver's Negligence",2.00
12540,39505.00,"4- Demerara- Mahaica",,"Mandela Avenue",,"-58.1601","6.7919",,,8/12/2005 0:00:00,12/30/1899 17:30:00,"C- Minor Injury","F- Driver",,"Male","K- Private Cars;W-Pedal Cycle","S- Driver's Negligence",2.00
12541,39506.00,"4- Demerara- Mahaica",,"Durban Street",,"-58.1526","6.8028",,,8/13/2005 0:00:00,12/30/1899 20:30:00,"B- Serious Injury","F- Driver",28.00,"Male","M- Hire Cars","S- Driver's Negligence",2.00
12542,39507.00,"4- Demerara- Mahaica",,"Mittelholzer Street",,"-58.1328","6.7861",,,8/14/2005 0:00:00,12/30/1899 13:08:00,"D- Property Damage","F- Driver",31.00,"Male","K- Private Cars;M- Hire Cars","S- Driver's Negligence",2.00
12543,39508.00,"4- Demerara- Mahaica",,"Mandela Avenue",,"-58.1601","6.7919",,,8/13/2005 0:00:00,12/30/1899 16:30:00,"C- Minor Injury","F- Driver",28.00,"Male","M- Hire Cars","S- Driver's Negligence",2.00
12544,39509.00,"4- Demerara- Mahaica",,"Essequibo & George Street",,"-58.1225","6.7879",,,8/15/2005 0:00:00,12/30/1899 11:00:00,"D- Property Damage","F- Driver",46.00,"Male","J- Minibus;N- Pickup","S- Driver's Negligence",2.00
12545,39510.00,"4- Demerara- Mahaica",,"Vlissengen Road",,"-58.1474","6.8108",,,8/23/2005 0:00:00,12/30/1899 8:30:00,"D- Property Damage","F- Driver",36.00,"Male","M- Hire Cars","S- Driver's Negligence",2.00
12546,39511.00,"4- Demerara- Mahaica",,"Mandela Avenue",,"-58.1601","6.7919",,,8/23/2005 0:00:00,12/30/1899 17:05:00,"C- Minor Injury","F- Driver",39.00,"Male","J- Minibus;W-Pedal Cycle","S- Driver's Negligence;U- Cyclist's Negligence",2.00
12547,39512.00,"4- Demerara- Mahaica",,"Home Stretch Ave.",,"-58.1428","6.8038",,,8/28/2005 0:00:00,12/30/1899 11:10:00,"C- Minor Injury","F- Driver",36.00,"Male","M- Hire Cars;V-Motor Cycle","S- Driver's Negligence",2.00
12548,39513.00,"4- Demerara- Mahaica",,"Norton Street",,"-58.1519","6.8017",,,8/19/2005 0:00:00,12/30/1899 8:25:00,"C- Minor Injury","F- Driver",47.00,"Male","K- Private Cars;V-Motor Cycle","S- Driver's Negligence",2.00
12549,39514.00,"4- Demerara- Mahaica",,"Mandela Avenue",,"-58.1601","6.7919",,,8/19/2005 0:00:00,12/30/1899 17:50:00,"B- Serious Injury","F- Driver",60.00,"Male","K- Private Cars;V-Motor Cycle","S- Driver's Negligence",2.00
12550,39515.00,"4- Demerara- Mahaica",,"Home Stretch Ave.",,"-58.1428","6.8038",,,8/28/2005 0:00:00,12/30/1899 20:30:00,"B- Serious Injury","F- Driver",25.00,"Male","K- Private Cars;V-Motor Cycle","S- Driver's Negligence",2.00
12551,39516.00,"4- Demerara- Mahaica",,"Arapiama Road & Jackson Street",,"-58.1395","6.7907",,,8/28/2005 0:00:00,12/30/1899 17:00:00,"D- Property Damage","F- Driver",44.00,"Male","K- Private Cars","S- Driver's Negligence",2.00
12552,39517.00,"4- Demerara- Mahaica",,"Norton Street",,"-58.1519","6.8017",,,9/4/2005 0:00:00,12/30/1899 12:30:00,"B- Serious Injury","F- Driver",49.00,"Male","L- Lorries Van;M- Hire Cars","S- Driver's Negligence",2.00
12553,39518.00,"4- Demerara- Mahaica",,"Aubrey Barker Road & Kaikan Street",,"-58.1283","6.7831",,,9/6/2005 0:00:00,12/30/1899 9:00:00,"D- Property Damage","F- Driver",,"Male","J- Minibus;M- Hire Cars","S- Driver's Negligence",2.00
12554,39519.00,"4- Demerara- Mahaica",,"Beever Street",,"-58.1229","6.7824",,,9/7/2005 0:00:00,12/30/1899 16:30:00,"B- Serious Injury","F- Driver",39.00,"Male","K- Private Cars","S- Driver's Negligence",2.00
12555,39524.00,"4- Demerara- Mahaica",,"Vlissengen & Hadfield Street",,"-58.1513","6.8042",,,1/10/2005 0:00:00,12/30/1899 18:25:00,"C- Minor Injury","F- Driver",58.00,"Male","J- Minibus;W-Pedal Cycle","S- Driver's Negligence",2.00
12556,39525.00,"4- Demerara- Mahaica",,"Mandela Avenue & Norton Street",,"-58.1402","6.7987",,,1/12/2005 0:00:00,12/30/1899 21:35:00,"D- Property Damage","F- Driver",35.00,"Male","K- Private Cars","S- Driver's Negligence",2.00
12557,39526.00,"4- Demerara- Mahaica",,"Mandela Avenue & East Ruimveldt Front Road",,"-58.1489","6.7890",,,1/13/2005 0:00:00,12/30/1899 9:00:00,"C- Minor Injury","F- Driver",27.00,"Male","J- Minibus;L- Lorries Van","S- Driver's Negligence",2.00
12558,39527.00,"4- Demerara- Mahaica",,"Arapaima & Mandela Avenue",,"-58.1445","6.7919",,,1/13/2005 0:00:00,12/30/1899 19:20:00,"C- Minor Injury","F- Driver",68.00,"Male","M- Hire Cars;W-Pedal Cycle","S- Driver's Negligence",2.00
12559,39528.00,"4- Demerara- Mahaica",,"Norton Street",,"-58.1519","6.8017",,,1/23/2005 0:00:00,12/30/1899 23:55:00,"A- Fatal","E- Pedestrian",43.00,"Male","W-Pedal Cycle","S- Driver's Negligence",2.00
12560,39529.00,"4- Demerara- Mahaica",,"Mandela Avenue & Home Stretch Avenue",,"-58.1390","6.8028",,,1/28/2005 0:00:00,12/30/1899 12:00:00,"D- Property Damage","F- Driver",31.00,"Male","J- Minibus;K- Private Cars","S- Driver's Negligence",2.00
12561,39530.00,"4- Demerara- Mahaica",,"Mandela Avenue & Cemetary Road",,"-58.1541","6.7904",,,1/28/2005 0:00:00,12/30/1899 10:30:00,"D- Property Damage","F- Driver",23.00,"Male","K- Private Cars;V-Motor Cycle","S- Driver's Negligence",2.00
12562,39531.00,"4- Demerara- Mahaica",,"Home Stretch Ave.",,"-58.1428","6.8038",,,1/31/2005 0:00:00,12/30/1899 20:10:00,"D- Property Damage","F- Driver",65.00,"Male","J- Minibus;K- Private Cars","S- Driver's Negligence",2.00
12563,39532.00,"4- Demerara- Mahaica",,"Mandela Avenue",,"-58.1601","6.7919",,,2/5/2005 0:00:00,12/30/1899 23:30:00,"B- Serious Injury","F- Driver",27.00,"Male","J- Minibus","S- Driver's Negligence",2.00
12564,39533.00,"4- Demerara- Mahaica",,"Mandela & Home Stretch Avenue",,"-58.1390","6.8028",,,2/5/2005 0:00:00,12/30/1899 13:30:00,"B- Serious Injury","F- Driver",66.00,"Male","K- Private Cars;V-Motor Cycle","P- Speeding",2.00
12565,39535.00,"4- Demerara- Mahaica",,"Mandela Avenue",,"-58.1601","6.7919",,,2/9/2005 0:00:00,12/30/1899 8:05:00,"B- Serious Injury","E- Pedestrian",30.00,"Male","K- Private Cars","S- Driver's Negligence",2.00
12566,39536.00,"4- Demerara- Mahaica",,"Mandela Avenue",,"-58.1601","6.7919",,,2/10/2005 0:00:00,12/30/1899 16:30:00,"D- Property Damage","F- Driver",64.00,"Male","L- Lorries Van;M- Hire Cars","P- Speeding",2.00
12567,39537.00,"4- Demerara- Mahaica",,"Durban Street",,"-58.1526","6.8028",,,2/11/2005 0:00:00,12/30/1899 19:30:00,"B- Serious Injury","F- Driver",63.00,"Male","L- Lorries Van","S- Driver's Negligence",2.00
12568,39538.00,"4- Demerara- Mahaica",,"Mandela Avenue & Meadow Brook Drive",,"-58.1413","6.7962",,,2/13/2005 0:00:00,12/30/1899 1:00:00,"B- Serious Injury","F- Driver",,"Male",,,2.00
12569,39539.00,"4- Demerara- Mahaica",,"Durban & Hill Street",,"-58.1641","6.8058",,,2/12/2005 0:00:00,12/30/1899 15:00:00,"D- Property Damage","F- Driver",27.00,"Male","J- Minibus;K- Private Cars","T-Pedestrian's Negligence",2.00
12570,39540.00,"4- Demerara- Mahaica",,"Vlissengen Road",,"-58.1474","6.8108",,,2/19/2005 0:00:00,12/30/1899 17:00:00,"D- Property Damage","F- Driver",28.00,"Male","K- Private Cars","S- Driver's Negligence",2.00
12571,39541.00,"4- Demerara- Mahaica",,"Arapaima Street",,"-58.1426","6.7914",,,2/23/2005 0:00:00,12/30/1899 22:00:00,"D- Property Damage","F- Driver",28.00,"Male","K- Private Cars;M- Hire Cars","S- Driver's Negligence",2.00
12572,39542.00,"4- Demerara- Mahaica",,"Vlissengen Road",,"-58.1474","6.8108",,,2/19/2005 0:00:00,12/30/1899 17:00:00,"D- Property Damage","F- Driver",28.00,"Male","K- Private Cars;M- Hire Cars","P- Speeding",2.00