"ID","Accident ID","Region Number","Corridor ID","Location (Intersection/Road/Street)","Corridor","Location- longitude/ X","Location- latitude/  Y","Mile Marker","Village","Date of Accident","Time of Accident","Type of Accident","Class of Road User","Age/DOB","Gender","Class of Vehicles Involved","Contributing Factor","Number of Persons Involved"
12573,39543.00,"4- Demerara- Mahaica",,"Arapaima Street",,"-58.1426","6.7914",,,2/23/2005 0:00:00,12/30/1899 22:00:00,"D- Property Damage","F- Driver",28.00,"Male","K- Private Cars;M- Hire Cars","S- Driver's Negligence",2.00
12574,39544.00,"4- Demerara- Mahaica",,"Mandela Avenue",,"-58.1601","6.7919",,,2/24/2005 0:00:00,12/30/1899 13:00:00,"B- Serious Injury","F- Driver",29.00,"Male","K- Private Cars;W-Pedal Cycle","S- Driver's Negligence",2.00
12575,39545.00,"4- Demerara- Mahaica",,"Mandela Avenue",,"-58.1601","6.7919",,,2/27/2005 0:00:00,12/30/1899 10:00:00,"B- Serious Injury","F- Driver",31.00,"Female","J- Minibus;V-Motor Cycle","P- Speeding",2.00
12576,39546.00,"4- Demerara- Mahaica",,"Norton Street & Cemetary Road",,"-58.1477","6.8088",,,2/28/2005 0:00:00,12/30/1899 16:45:00,"C- Minor Injury","F- Driver",65.00,"Female","K- Private Cars;V-Motor Cycle","U- Cyclist's Negligence",2.00
12577,39547.00,"4- Demerara- Mahaica",,"Mandela Avenue & Meadow Brook Drive",,"-58.1413","6.7962",,,3/1/2005 0:00:00,12/30/1899 17:00:00,"C- Minor Injury","F- Driver",35.00,"Male","K- Private Cars;V-Motor Cycle","P- Speeding",2.00
12578,39548.00,"4- Demerara- Mahaica",,"Aubrey Barker Road",,"-58.1388","6.7858",,,3/1/2005 0:00:00,12/30/1899 16:00:00,"A- Fatal","F- Driver",36.00,"Male","J- Minibus;M- Hire Cars","P- Speeding",3.00
12579,39549.00,"4- Demerara- Mahaica",,"Vlissengen Road & Home Stretch Avenue",,"-58.1508","6.8058",,,3/3/2005 0:00:00,12/30/1899 14:45:00,"B- Serious Injury","F- Driver",39.00,"Male","J- Minibus;V-Motor Cycle","P- Speeding",2.00
12580,39550.00,"4- Demerara- Mahaica",,"Mandela Avenue & Arapaima Street",,"-58.1445","6.7919",,,3/18/2005 0:00:00,12/30/1899 2:55:00,"C- Minor Injury","F- Driver",27.00,"Male","K- Private Cars;W-Pedal Cycle","S- Driver's Negligence",2.00
12581,39551.00,"4- Demerara- Mahaica",,"Home Stretch Ave.",,"-58.1428","6.8038",,,3/19/2005 0:00:00,12/30/1899 14:30:00,"B- Serious Injury","F- Driver",31.00,"Female","K- Private Cars;V-Motor Cycle","S- Driver's Negligence",2.00
12582,39552.00,"4- Demerara- Mahaica",,"Aubrey Barker Road",,"-58.1388","6.7858",,,3/22/2005 0:00:00,12/30/1899 16:30:00,"B- Serious Injury","F- Driver",20.00,"Male","V-Motor Cycle","U- Cyclist's Negligence",3.00
12583,39553.00,"4- Demerara- Mahaica",,"Mandela Avenue & Hadfield Street",,"-58.1397","6.8012",,,3/26/2005 0:00:00,12/30/1899 17:00:00,"C- Minor Injury","F- Driver",25.00,"Male","M- Hire Cars;V-Motor Cycle","P- Speeding",2.00
12584,39554.00,"4- Demerara- Mahaica",,"Home Stretch Ave.",,"-58.1428","6.8038",,,3/28/2005 0:00:00,12/30/1899 19:00:00,"A- Fatal","F- Driver",25.00,"Male","M- Hire Cars","T-Pedestrian's Negligence",2.00
12585,39555.00,"4- Demerara- Mahaica",,"Mandela Avenue",,"-58.1601","6.7919",,,3/29/2005 0:00:00,12/30/1899 16:50:00,"C- Minor Injury","F- Driver",,"Male","J- Minibus;K- Private Cars","S- Driver's Negligence",2.00
12586,39556.00,"4- Demerara- Mahaica",,"Aubrey Barker Road",,"-58.1388","6.7858",,,3/31/2005 0:00:00,12/30/1899 9:30:00,"C- Minor Injury","F- Driver",30.00,"Male","J- Minibus;K- Private Cars","S- Driver's Negligence",2.00
12587,39557.00,"4- Demerara- Mahaica",,"Vlissengen Road",,"-58.1474","6.8108",,,3/28/2005 0:00:00,12/30/1899 1:15:00,"D- Property Damage","F- Driver",38.00,"Male","M- Hire Cars;N- Pickup","S- Driver's Negligence",2.00
12588,39558.00,"4- Demerara- Mahaica",,"Aubrey Barker Road",,"-58.1388","6.7858",,,4/6/2005 0:00:00,12/30/1899 17:00:00,"D- Property Damage","F- Driver",,"Male","J- Minibus;K- Private Cars","S- Driver's Negligence",2.00
12589,39559.00,"4- Demerara- Mahaica",,"Mandela Avenue",,"-58.1601","6.7919",,,4/9/2005 0:00:00,12/30/1899 18:05:00,"B- Serious Injury","F- Driver",66.00,"Male","M- Hire Cars;W-Pedal Cycle","U- Cyclist's Negligence",2.00
12590,39560.00,"4- Demerara- Mahaica",,"Aubrey Barker Road",,"-58.1388","6.7858",,,4/9/2005 0:00:00,12/30/1899 19:30:00,"C- Minor Injury","F- Driver",,"Male","J- Minibus;V-Motor Cycle","P- Speeding",2.00
12591,39561.00,"4- Demerara- Mahaica",,"Aubrey Barker Road",,"-58.1388","6.7858",,,4/12/2005 0:00:00,12/30/1899 15:00:00,"D- Property Damage","F- Driver",44.00,"Male","J- Minibus;L- Lorries Van","P- Speeding",2.00
12592,39562.00,"4- Demerara- Mahaica",,"Aubrey Barker & Penny Lane Road",,"-58.1382","6.7856",,,4/18/2005 0:00:00,12/30/1899 11:55:00,"D- Property Damage","F- Driver",25.00,"Male","J- Minibus;N- Pickup","P- Speeding",2.00
12593,39563.00,"4- Demerara- Mahaica",,"Mandela Avenue",,"-58.1601","6.7919",,,4/15/2005 0:00:00,12/30/1899 23:10:00,"C- Minor Injury","G- Rider",28.00,"Male","V-Motor Cycle;W-Pedal Cycle","P- Speeding",2.00
12594,39564.00,"4- Demerara- Mahaica",,"Aubrey Barker Road",,"-58.1388","6.7858",,,4/18/2005 0:00:00,12/30/1899 12:10:00,"C- Minor Injury","F- Driver",34.00,"Male","J- Minibus;M- Hire Cars;V-Motor Cycle","U- Cyclist's Negligence",2.00
12595,39565.00,"4- Demerara- Mahaica",,"Vlissengen Road",,"-58.1474","6.8108",,,4/17/2005 0:00:00,12/30/1899 8:30:00,"D- Property Damage","F- Driver",39.00,"Male","M- Hire Cars;V-Motor Cycle","P- Speeding",2.00
12596,39566.00,"4- Demerara- Mahaica",,"Vlissengen Road",,"-58.1474","6.8108",,,4/20/2005 0:00:00,12/30/1899 20:05:00,"D- Property Damage","F- Driver",34.00,"Male","K- Private Cars","P- Speeding",2.00
12597,39568.00,"4- Demerara- Mahaica",,"Mandela Avenue",,"-58.1601","6.7919",,,4/24/2005 0:00:00,12/30/1899 22:55:00,"B- Serious Injury","F- Driver",41.00,"Male","K- Private Cars;V-Motor Cycle","S- Driver's Negligence",2.00
12598,39569.00,"4- Demerara- Mahaica",,"Norton Street",,"-58.1519","6.8017",,,4/20/2005 0:00:00,12/30/1899 2:00:00,"D- Property Damage","F- Driver",,"Male","K- Private Cars;M- Hire Cars","P- Speeding",2.00
12599,39570.00,"4- Demerara- Mahaica",,"Durban Street",,"-58.1526","6.8028",,,4/26/2005 0:00:00,12/30/1899 22:05:00,"D- Property Damage","G- Rider",16.00,"Male","V-Motor Cycle","S- Driver's Negligence",2.00
12600,39571.00,"4- Demerara- Mahaica",,"Kaikan Street & Aubrey Barker Road",,"-58.1283","6.7831",,,4/25/2005 0:00:00,12/30/1899 13:45:00,"D- Property Damage","F- Driver",32.00,"Male","J- Minibus;K- Private Cars","S- Driver's Negligence",2.00
12601,39572.00,"4- Demerara- Mahaica",,"Mandela Avenue",,"-58.1601","6.7919",,,4/26/2005 0:00:00,12/30/1899 19:15:00,"C- Minor Injury","E- Pedestrian",,"Male","J- Minibus","S- Driver's Negligence",2.00
12602,39573.00,"4- Demerara- Mahaica",,"Arapaima Street",,"-58.1426","6.7914",,,4/29/2005 0:00:00,12/30/1899 11:00:00,"D- Property Damage","F- Driver",36.00,"Male","K- Private Cars;M- Hire Cars","S- Driver's Negligence",2.00
12603,39574.00,"4- Demerara- Mahaica",,"Durban Street",,"-58.1526","6.8028",,,4/29/2005 0:00:00,12/30/1899 11:55:00,"D- Property Damage","F- Driver",47.00,"Female","K- Private Cars","S- Driver's Negligence",3.00
12604,39575.00,"4- Demerara- Mahaica",,"Aubrey Barker Road",,"-58.1388","6.7858",,,4/29/2005 0:00:00,12/30/1899 21:30:00,"D- Property Damage","F- Driver",56.00,"Male","J- Minibus","Y-Animal",1.00
12605,39576.00,"4- Demerara- Mahaica",,"Mandela Avenue",,"-58.1601","6.7919",,,4/29/2005 0:00:00,12/30/1899 11:15:00,"D- Property Damage","F- Driver",27.00,"Male","J- Minibus;M- Hire Cars","S- Driver's Negligence",2.00
12606,39577.00,"4- Demerara- Mahaica",,"Vlissengen & East Ruimveldt Front Road",,"-58.1532","6.7932",,,5/4/2005 0:00:00,12/30/1899 22:00:00,"C- Minor Injury","F- Driver",37.00,"Male","K- Private Cars;V-Motor Cycle","P- Speeding",2.00
12607,39578.00,"4- Demerara- Mahaica",,"Norton Street",,"-58.1519","6.8017",,,5/4/2005 0:00:00,12/30/1899 13:15:00,"C- Minor Injury","F- Driver",,"Male","J- Minibus;V-Motor Cycle","S- Driver's Negligence",2.00
12608,39579.00,"4- Demerara- Mahaica",,"Aubrey Barker Road",,"-58.1388","6.7858",,,5/2/2005 0:00:00,12/30/1899 10:05:00,"D- Property Damage","F- Driver",41.00,"Male","K- Private Cars;V-Motor Cycle","P- Speeding",2.00
12609,39580.00,"4- Demerara- Mahaica",,"Norton Street & Vlissengen Road",,"-58.1479","6.8084",,,5/10/2005 0:00:00,12/30/1899 7:30:00,"D- Property Damage","F- Driver",22.00,"Male","K- Private Cars;V-Motor Cycle","S- Driver's Negligence",2.00
12610,39581.00,"4- Demerara- Mahaica",,"Aubrey Barker Road",,"-58.1388","6.7858",,,5/11/2005 0:00:00,12/30/1899 16:15:00,"C- Minor Injury","F- Driver",52.00,"Male","J- Minibus;N- Pickup","P- Speeding",3.00
12611,39582.00,"4- Demerara- Mahaica",,"Mandela Avenue",,"-58.1601","6.7919",,,5/12/2005 0:00:00,12/30/1899 15:10:00,"D- Property Damage","F- Driver",27.00,"Male","M- Hire Cars","S- Driver's Negligence",2.00
12612,39583.00,"4- Demerara- Mahaica",,"Mandela Avenue",,"-58.1601","6.7919",,,5/14/2005 0:00:00,12/30/1899 11:45:00,"B- Serious Injury","F- Driver",41.00,"Male","M- Hire Cars;V-Motor Cycle","P- Speeding",2.00
12613,39584.00,"4- Demerara- Mahaica",,"Mandela Avenue",,"-58.1601","6.7919",,,5/15/2005 0:00:00,12/30/1899 16:45:00,"B- Serious Injury","F- Driver",46.00,"Male","M- Hire Cars;N- Pickup","U- Cyclist's Negligence",2.00
12614,39585.00,"4- Demerara- Mahaica",,"Joseph Pollydore Street",,"-58.1404","6.7987",,,5/26/2005 0:00:00,12/30/1899 22:00:00,"D- Property Damage","F- Driver",,"Male","V-Motor Cycle;W-Pedal Cycle","P- Speeding",4.00
12615,39586.00,"4- Demerara- Mahaica",,"Mandela Avenue",,"-58.1601","6.7919",,,5/28/2005 0:00:00,,"B- Serious Injury","F- Driver",48.00,"Male","K- Private Cars;M- Hire Cars","U- Cyclist's Negligence",2.00
12616,39587.00,"4- Demerara- Mahaica",,"Aubrey Barker Road",,"-58.1388","6.7858",,,5/29/2005 0:00:00,12/30/1899 10:30:00,"D- Property Damage","F- Driver",,"Female","J- Minibus;V-Motor Cycle","S- Driver's Negligence",2.00
12617,39588.00,"4- Demerara- Mahaica",,"Mandela Avenue",,"-58.1601","6.7919",,,6/3/2005 0:00:00,12/30/1899 21:30:00,"C- Minor Injury","G- Rider",26.00,"Male","K- Private Cars","P- Speeding",2.00
12618,39589.00,"4- Demerara- Mahaica",,"Baramita & Aubrey Barker Road",,"-58.1423","6.7867",,,6/4/2005 0:00:00,12/30/1899 23:00:00,"D- Property Damage","F- Driver",54.00,"Male","K- Private Cars","P- Speeding",2.00
12619,39590.00,"4- Demerara- Mahaica",,"Arapaima Street",,"-58.1426","6.7914",,,6/14/2005 0:00:00,12/30/1899 9:15:00,"D- Property Damage","F- Driver",,"Male","J- Minibus;K- Private Cars","P- Speeding",2.00
12620,39591.00,"4- Demerara- Mahaica",,"Mandela Avenue",,"-58.1601","6.7919",,,6/11/2005 0:00:00,12/30/1899 2:00:00,"C- Minor Injury","E- Pedestrian",18.00,"Male","V-Motor Cycle","T-Pedestrian's Negligence",2.00
12621,39592.00,"4- Demerara- Mahaica",,"Aubrey Barker Road",,"-58.1388","6.7858",,,6/18/2005 0:00:00,12/30/1899 9:45:00,"C- Minor Injury","F- Driver",,"Female","K- Private Cars;V-Motor Cycle","S- Driver's Negligence;U- Cyclist's Negligence",2.00
12622,39593.00,"4- Demerara- Mahaica",,"Mandela Avenue",,"-58.1601","6.7919",,,6/19/2005 0:00:00,12/30/1899 18:45:00,"D- Property Damage","F- Driver",51.00,"Male","J- Minibus;M- Hire Cars","S- Driver's Negligence",2.00
12623,39594.00,"4- Demerara- Mahaica",,"Mandela Avenue  & Joseph Pollydore Street",,"-58.1402","6.7987",,,6/27/2005 0:00:00,12/30/1899 0:30:00,"C- Minor Injury","F- Driver",,"Male","N- Pickup","S- Driver's Negligence",2.00
12624,39595.00,"4- Demerara- Mahaica",,"Aubrey Barker Road",,"-58.1388","6.7858",,,6/24/2005 0:00:00,12/30/1899 8:45:00,"C- Minor Injury","E- Pedestrian",65.00,"Male","L- Lorries Van","P- Speeding",2.00
12625,39596.00,"4- Demerara- Mahaica",,"Aubrey Barker Road",,"-58.1388","6.7858",,,6/27/2005 0:00:00,12/30/1899 22:30:00,"C- Minor Injury","E- Pedestrian",22.00,"Female","V-Motor Cycle","S- Driver's Negligence",2.00
12626,39597.00,"4- Demerara- Mahaica",,"East Ruimveldt Front Road",,"-58.1489","6.7920",,,6/28/2005 0:00:00,12/30/1899 18:15:00,"C- Minor Injury","E- Pedestrian",10.00,"Male","K- Private Cars","S- Driver's Negligence",2.00
12627,39598.00,"4- Demerara- Mahaica",,"Arapaima Street",,"-58.1426","6.7914",,,6/27/2005 0:00:00,12/30/1899 13:30:00,"C- Minor Injury","F- Driver",31.00,"Male","K- Private Cars;V-Motor Cycle","S- Driver's Negligence",2.00
12628,39599.00,"4- Demerara- Mahaica",,"Hadfield and Chapel Street",,"-58.1497","6.8037",,,6/29/2005 0:00:00,12/30/1899 16:30:00,"D- Property Damage","F- Driver",56.00,"Male","J- Minibus;M- Hire Cars","S- Driver's Negligence",2.00
12629,39600.00,"4- Demerara- Mahaica",,"Vlissengen & North Road",,"-58.1479","6.8085",,,7/5/2005 0:00:00,12/30/1899 22:30:00,"D- Property Damage","F- Driver",35.00,"Male","J- Minibus;K- Private Cars","S- Driver's Negligence",2.00
12630,39601.00,"4- Demerara- Mahaica",,"Princess Street & Cemetry Road",,"-58.1513","6.8006",,,7/10/2005 0:00:00,12/30/1899 18:20:00,"D- Property Damage","F- Driver",24.00,"Male","K- Private Cars;V-Motor Cycle","S- Driver's Negligence",2.00
12631,39602.00,"4- Demerara- Mahaica",,"Mandela Avenue",,"-58.1601","6.7919",,,7/17/2005 0:00:00,12/30/1899 21:10:00,"C- Minor Injury","F- Driver",28.00,"Male","J- Minibus;V-Motor Cycle","S- Driver's Negligence",2.00
12632,39603.00,"4- Demerara- Mahaica",,"Arapaima Street",,"-58.1426","6.7914",,,7/17/2005 0:00:00,12/30/1899 21:45:00,"B- Serious Injury","G- Rider",32.00,"Male","V-Motor Cycle","U- Cyclist's Negligence",3.00
12633,39604.00,"4- Demerara- Mahaica",,"Mandela Avenue",,"-58.1601","6.7919",,,7/23/2005 0:00:00,12/30/1899 0:30:00,"D- Property Damage","F- Driver",29.00,"Male","M- Hire Cars;N- Pickup","S- Driver's Negligence",2.00
12634,39605.00,"4- Demerara- Mahaica",,"Aubrey Barker Road",,"-58.1388","6.7858",,,7/21/2005 0:00:00,12/30/1899 19:30:00,"D- Property Damage","F- Driver",,"Male","J- Minibus;K- Private Cars","P- Speeding",2.00
12635,39606.00,"4- Demerara- Mahaica",,"Mandela Avenue & Home Stretch Avenue",,"-58.1390","6.8028",,,7/26/2005 0:00:00,12/30/1899 9:45:00,"D- Property Damage","F- Driver",24.00,"Male","K- Private Cars;M- Hire Cars","S- Driver's Negligence",2.00
12636,39607.00,"4- Demerara- Mahaica",,"Aubrey Barker Road",,"-58.1388","6.7858",,,7/26/2005 0:00:00,12/30/1899 21:30:00,"D- Property Damage","F- Driver",27.00,"Male","K- Private Cars","S- Driver's Negligence",2.00
12637,39608.00,"4- Demerara- Mahaica",,"Norton Street",,"-58.1519","6.8017",,,7/29/2005 0:00:00,12/30/1899 22:45:00,"A- Fatal","E- Pedestrian",52.00,,"K- Private Cars","P- Speeding",2.00
12638,39609.00,"4- Demerara- Mahaica",,"East Ruimveldt Front Road",,"-58.1489","6.7920",,,7/30/2005 0:00:00,12/30/1899 15:15:00,"D- Property Damage","F- Driver",63.00,,"K- Private Cars","S- Driver's Negligence",2.00
12639,39610.00,"4- Demerara- Mahaica",,"Vlissengen Road",,"-58.1474","6.8108",,,7/30/2005 0:00:00,12/30/1899 2:30:00,"C- Minor Injury","F- Driver",,"Male","M- Hire Cars","P- Speeding",2.00
12640,39611.00,"4- Demerara- Mahaica",,"Beever Street",,"-58.1229","6.7824",,,9/7/2005 0:00:00,12/30/1899 16:30:00,"B- Serious Injury","F- Driver",39.00,"Female","J- Minibus;K- Private Cars","S- Driver's Negligence",2.00
12641,39612.00,"4- Demerara- Mahaica",,"Mandela Avenue",,"-58.1601","6.7919",,,9/13/2005 0:00:00,12/30/1899 12:30:00,"B- Serious Injury","F- Driver",33.00,,"W-Pedal Cycle","S- Driver's Negligence",2.00
12642,39613.00,"4- Demerara- Mahaica",,"Home Stretch Ave.",,"-58.1428","6.8038",,,9/14/2005 0:00:00,12/30/1899 15:45:00,"C- Minor Injury","F- Driver",65.00,"Male","M- Hire Cars;W-Pedal Cycle","S- Driver's Negligence",2.00
12643,39614.00,"4- Demerara- Mahaica",,"Home Stretch Ave.",,"-58.1428","6.8038",,,9/13/2005 0:00:00,12/30/1899 8:15:00,"C- Minor Injury","F- Driver",28.00,"Male","J- Minibus;K- Private Cars","P- Speeding",2.00
12644,39615.00,"4- Demerara- Mahaica",,"Aubrey Barker Road",,"-58.1388","6.7858",,,9/19/2005 0:00:00,12/30/1899 12:30:00,"C- Minor Injury","E- Pedestrian",,"Male","V-Motor Cycle","S- Driver's Negligence",2.00
12645,39616.00,"4- Demerara- Mahaica",,"Home Stretch Ave.",,"-58.1428","6.8038",,,8/6/2005 0:00:00,12/30/1899 14:30:00,"D- Property Damage","F- Driver",69.00,"Male","K- Private Cars;M- Hire Cars","S- Driver's Negligence",2.00
12646,39617.00,"4- Demerara- Mahaica",,"Mandela Avenue",,"-58.1601","6.7919",,,7/10/2008 0:00:00,,"D- Property Damage","F- Driver",38.00,"Male","K- Private Cars","O- Lost Control & Runoff",2.00
12647,39618.00,"4- Demerara- Mahaica",,"Meadow Brook Drive",,"-58.1700","6.7898",,,7/15/2008 0:00:00,,"D- Property Damage","F- Driver",40.00,"Male","K- Private Cars;L- Lorries Van","S- Driver's Negligence",2.00
12648,39619.00,"4- Demerara- Mahaica",,"Vlissengen Road & Princess Street",,"-58.1514","6.8007",,,7/22/2008 0:00:00,12/30/1899 19:15:00,"D- Property Damage","F- Driver",50.00,"Male","K- Private Cars","S- Driver's Negligence",2.00
12649,39620.00,"4- Demerara- Mahaica",,"Norton Street",,"-58.1519","6.8017",,,7/23/2005 0:00:00,,"D- Property Damage","F- Driver",48.00,"Male","L- Lorries Van","S- Driver's Negligence",2.00
12650,39621.00,"4- Demerara- Mahaica",,"Mandela Avenue & Meadow Brook Drive",,"-58.1413","6.7962",,,7/26/2008 0:00:00,12/30/1899 16:00:00,"D- Property Damage","G- Rider",35.00,"Male","M- Hire Cars;V-Motor Cycle","U- Cyclist's Negligence",2.00
12651,39622.00,"4- Demerara- Mahaica",,"Mandela Avenue",,"-58.1601","6.7919",,,7/11/2008 0:00:00,12/30/1899 2:45:00,"D- Property Damage","E- Pedestrian",31.00,"Male","N- Pickup","O- Lost Control & Runoff",2.00
12652,39623.00,"4- Demerara- Mahaica",,"Mandela Avenue",,"-58.1601","6.7919",,,8/28/2008 0:00:00,12/30/1899 13:20:00,"D- Property Damage","F- Driver",55.00,"Male","K- Private Cars;L- Lorries Van","S- Driver's Negligence",2.00
12653,39624.00,"4- Demerara- Mahaica",,"Vlissengen Road",,"-58.1474","6.8108",,,8/30/2008 0:00:00,12/30/1899 18:45:00,"D- Property Damage","F- Driver",35.00,"Male","K- Private Cars;M- Hire Cars","S- Driver's Negligence",3.00
12654,39625.00,"4- Demerara- Mahaica",,"Mandela Avenue & Durban Street",,"-58.1401","6.7996",,,9/30/2008 0:00:00,12/30/1899 13:00:00,"D- Property Damage","F- Driver",32.00,"Male","J- Minibus;N- Pickup","S- Driver's Negligence",2.00
12655,39626.00,"4- Demerara- Mahaica",,"Aubrey Barker Road",,"-58.1388","6.7858",,,10/15/2008 0:00:00,12/30/1899 2:30:00,"B- Serious Injury","F- Driver",45.00,"Male","K- Private Cars","O- Lost Control & Runoff",1.00
12656,39627.00,"4- Demerara- Mahaica",,"Arapaima Street",,"-58.1426","6.7914",,,10/6/2008 0:00:00,12/30/1899 2:30:00,"C- Minor Injury","E- Pedestrian",22.00,"Male","K- Private Cars","P- Speeding",3.00
12657,39628.00,"4- Demerara- Mahaica",,"Aubrey Barker Road",,"-58.1388","6.7858",,,10/17/2008 0:00:00,12/30/1899 21:25:00,"A- Fatal","G- Rider",29.00,"Male","L- Lorries Van;V-Motor Cycle","U- Cyclist's Negligence",2.00
12658,39629.00,"4- Demerara- Mahaica",,"Norton Street",,"-58.1519","6.8017",,,10/22/2008 0:00:00,12/30/1899 17:00:00,"D- Property Damage","F- Driver",18.00,"Male","J- Minibus;K- Private Cars","S- Driver's Negligence",2.00
12659,39630.00,"4- Demerara- Mahaica",,"Norton Street",,"-58.1519","6.8017",,,11/9/2008 0:00:00,12/30/1899 15:45:00,"B- Serious Injury","G- Rider",51.00,"Male","N- Pickup;V-Motor Cycle","U- Cyclist's Negligence",2.00
12660,39631.00,"4- Demerara- Mahaica",,"Jackson Street",,"-58.1394","6.7920",,,11/17/2008 0:00:00,12/30/1899 15:15:00,"B- Serious Injury","E- Pedestrian",6.00,"Male","K- Private Cars","S- Driver's Negligence",2.00
12661,39632.00,"4- Demerara- Mahaica",,"Aubrey Barker Road",,"-58.1388","6.7858",,,11/25/2008 0:00:00,12/30/1899 6:50:00,"A- Fatal","F- Driver",58.00,"Male","J- Minibus;V-Motor Cycle","U- Cyclist's Negligence",3.00
12662,39633.00,"4- Demerara- Mahaica",,"Home Stretch Ave.",,"-58.1428","6.8038",,,11/21/2008 0:00:00,12/30/1899 16:00:00,"D- Property Damage","F- Driver",15.00,"Male","K- Private Cars","S- Driver's Negligence",3.00
12663,39634.00,"4- Demerara- Mahaica",,"Joseph Pollydore Street",,"-58.1404","6.7987",,,12/25/2008 0:00:00,12/30/1899 2:45:00,"A- Fatal","E- Pedestrian",51.00,"Male","J- Minibus","S- Driver's Negligence",2.00
12664,39635.00,"4- Demerara- Mahaica",,"Aubrey Barker Road",,"-58.1388","6.7858",,,12/31/2008 0:00:00,12/30/1899 0:34:00,"D- Property Damage","F- Driver",40.00,"Male","N- Pickup","O- Lost Control & Runoff",1.00
12665,39636.00,"4- Demerara- Mahaica",,"Aubrey Barker Road",,"-58.1388","6.7858",,,12/31/2008 0:00:00,12/30/1899 3:00:00,"D- Property Damage","F- Driver",31.00,"Male","J- Minibus;K- Private Cars","S- Driver's Negligence",2.00
12666,39637.00,"4- Demerara- Mahaica",,"Arapaima & Mandela Avenue",,"-58.1445","6.7919",,,1/1/2009 0:00:00,12/30/1899 8:30:00,"D- Property Damage","F- Driver",,"Male","K- Private Cars","S- Driver's Negligence",2.00
12667,39638.00,"4- Demerara- Mahaica",,"Joseph Pollydore Street",,"-58.1404","6.7987",,,1/3/2009 0:00:00,12/30/1899 16:30:00,"D- Property Damage","F- Driver",48.00,"Male","K- Private Cars;N- Pickup","S- Driver's Negligence",4.00
12668,39639.00,"4- Demerara- Mahaica",,"Mandela Avenue",,"-58.1601","6.7919",,,1/7/2009 0:00:00,12/30/1899 21:45:00,"B- Serious Injury","G- Rider",51.00,"Male","K- Private Cars;V-Motor Cycle","U- Cyclist's Negligence",2.00
12669,39640.00,"4- Demerara- Mahaica",,"Mandela Avenue",,"-58.1601","6.7919",,,1/17/2009 0:00:00,12/30/1899 20:20:00,"B- Serious Injury","G- Rider",52.00,"Male","V-Motor Cycle","U- Cyclist's Negligence",3.00
12670,39641.00,"4- Demerara- Mahaica",,"Jackson Street",,"-58.1394","6.7920",,,1/19/2009 0:00:00,12/30/1899 12:30:00,"D- Property Damage","F- Driver",26.00,"Male","K- Private Cars;N- Pickup","S- Driver's Negligence",2.00
12671,39642.00,"4- Demerara- Mahaica",,"Aubrey Barker Road",,"-58.1388","6.7858",,,1/22/2009 0:00:00,12/30/1899 16:05:00,"C- Minor Injury","F- Driver",23.00,"Male","K- Private Cars;V-Motor Cycle","U- Cyclist's Negligence",2.00
12672,39643.00,"4- Demerara- Mahaica",,"Mandela Avenue & Meadow Brook Drive",,"-58.1413","6.7962",,,1/23/2009 0:00:00,12/30/1899 17:15:00,"D- Property Damage","F- Driver",33.00,"Male","K- Private Cars","S- Driver's Negligence",2.00
12673,39644.00,"4- Demerara- Mahaica",,"Mandela Avenue",,"-58.1601","6.7919",,,1/29/2009 0:00:00,12/30/1899 19:45:00,"D- Property Damage","F- Driver",27.00,"Male","M- Hire Cars","S- Driver's Negligence",2.00
12674,39645.00,"4- Demerara- Mahaica",,"Jackson Street",,"-58.1394","6.7920",,,1/29/2009 0:00:00,12/30/1899 19:45:00,"D- Property Damage","F- Driver",45.00,"Male","M- Hire Cars;N- Pickup","S- Driver's Negligence",2.00
12675,39646.00,"4- Demerara- Mahaica",,"Vlissengen Road",,"-58.1474","6.8108",,,2/4/2009 0:00:00,12/30/1899 19:45:00,"D- Property Damage","F- Driver",34.00,"Male","J- Minibus","O- Lost Control & Runoff",2.00
12676,39647.00,"4- Demerara- Mahaica",,"Stevedore Housing Scheme",,"-58.1402","6.7880",,,2/11/2009 0:00:00,12/30/1899 19:45:00,"D- Property Damage","F- Driver",40.00,"Female","N- Pickup","O- Lost Control & Runoff",1.00
12677,39648.00,"4- Demerara- Mahaica",,"Home Stretch Ave. & Vlissengen Rd.",,"-58.1508","6.8058",,,2/11/2009 0:00:00,12/30/1899 18:50:00,"B- Serious Injury","G- Rider",57.00,"Male","K- Private Cars;V-Motor Cycle","U- Cyclist's Negligence",2.00
12678,39649.00,"4- Demerara- Mahaica",,"Robb Street",,"-58.1598","6.8108",,,11/14/2009 0:00:00,12/30/1899 20:20:00,"C- Minor Injury","F- Driver",60.00,"Male","N- Pickup","S- Driver's Negligence",2.00
12679,39650.00,"4- Demerara- Mahaica",,"Joseph Pollydore & John Street",,"-58.1407","6.8116",,,12/14/2009 0:00:00,12/30/1899 22:30:00,"C- Minor Injury","F- Driver",37.00,,"K- Private Cars;V-Motor Cycle","S- Driver's Negligence",2.00
12680,39651.00,"4- Demerara- Mahaica",,"Home Stretch Ave.",,"-58.1428","6.8038",,,2/14/2009 0:00:00,12/30/1899 19:15:00,"D- Property Damage","F- Driver",30.00,"Male","K- Private Cars","S- Driver's Negligence",2.00
12681,39652.00,"4- Demerara- Mahaica",,"Mandela Avenue",,"-58.1601","6.7919",,,2/21/2009 0:00:00,12/30/1899 21:35:00,"A- Fatal","E- Pedestrian",42.00,"Male","K- Private Cars","P- Speeding",2.00
12682,39653.00,"4- Demerara- Mahaica",,"Mandela Avenue",,"-58.1601","6.7919",,,2/24/2009 0:00:00,12/30/1899 22:05:00,"B- Serious Injury","E- Pedestrian",39.00,"Male","N- Pickup","P- Speeding",2.00
12683,39654.00,"4- Demerara- Mahaica",,"Mandela Avenue & Hadfield Street",,"-58.1397","6.8012",,,2/28/2009 0:00:00,12/30/1899 15:00:00,"B- Serious Injury","G- Rider",22.00,"Male","K- Private Cars;V-Motor Cycle","S- Driver's Negligence",2.00
12684,39655.00,"4- Demerara- Mahaica",,"Joseph Pollydore Street",,"-58.1404","6.7987",,,2/23/2009 0:00:00,12/30/1899 11:30:00,"A- Fatal","E- Pedestrian",7.00,"Male","K- Private Cars","P- Speeding",2.00