"ID","Accident ID","Region Number","Corridor ID","Location (Intersection/Road/Street)","Corridor","Location- longitude/ X","Location- latitude/  Y","Mile Marker","Village","Date of Accident","Time of Accident","Type of Accident","Class of Road User","Age/DOB","Gender","Class of Vehicles Involved","Contributing Factor","Number of Persons Involved"
12685,39656.00,"4- Demerara- Mahaica",,"Norton Street",,"-58.1519","6.8017",,,3/3/2009 0:00:00,12/30/1899 15:00:00,"C- Minor Injury","G- Rider",80.00,"Male","K- Private Cars;V-Motor Cycle","U- Cyclist's Negligence",2.00
12686,39657.00,"4- Demerara- Mahaica",,"Mandela Avenue",,"-58.1601","6.7919",,,3/17/2009 0:00:00,12/30/1899 20:45:00,"B- Serious Injury","E- Pedestrian",34.00,"Male","K- Private Cars","S- Driver's Negligence",2.00
12687,39658.00,"4- Demerara- Mahaica",,"Meadow Brook & Takubu",,"-58.1384","6.7954",,,3/18/2009 0:00:00,12/30/1899 20:14:00,"C- Minor Injury","F- Driver",26.00,"Male","N- Pickup;V-Motor Cycle","U- Cyclist's Negligence",2.00
12688,39659.00,"4- Demerara- Mahaica",,"Aubrey Barker & David Rose Street",,"-58.1475","6.7880",,,3/19/2009 0:00:00,12/30/1899 17:45:00,"B- Serious Injury","G- Rider",67.00,"Male","M- Hire Cars;V-Motor Cycle","S- Driver's Negligence",2.00
12689,39660.00,"4- Demerara- Mahaica",,"Avocado Place",,"-58.1458","6.7904",,,4/4/2009 0:00:00,12/30/1899 13:30:00,"C- Minor Injury","E- Pedestrian",45.00,"Female","K- Private Cars","S- Driver's Negligence",2.00
12690,39661.00,"4- Demerara- Mahaica",,"Durban Street",,"-58.1526","6.8028",,,4/15/2009 0:00:00,12/30/1899 10:45:00,"B- Serious Injury","E- Pedestrian",39.00,"Male","M- Hire Cars","P- Speeding",2.00
12691,39662.00,"4- Demerara- Mahaica",,"Mandela Avenue",,"-58.1601","6.7919",,,4/15/2009 0:00:00,12/30/1899 11:45:00,"D- Property Damage","F- Driver",45.00,"Male","K- Private Cars;L- Lorries Van","S- Driver's Negligence",2.00
12692,39663.00,"4- Demerara- Mahaica",,"National Avenue",,"-58.1266","6.7809",,,4/27/2009 0:00:00,12/30/1899 6:45:00,"B- Serious Injury","E- Pedestrian",39.00,"Female","M- Hire Cars","S- Driver's Negligence",2.00
12693,39664.00,"4- Demerara- Mahaica",,"Joseph Pollydore & John Street",,"-58.1407","6.8116",,,4/28/2009 0:00:00,12/30/1899 15:45:00,"D- Property Damage","F- Driver",38.00,"Male","K- Private Cars;V-Motor Cycle","U- Cyclist's Negligence",2.00
12694,39665.00,"4- Demerara- Mahaica",,"Mandela Avenue",,"-58.1601","6.7919",,,5/1/2009 0:00:00,12/30/1899 22:00:00,"D- Property Damage","F- Driver",45.00,"Male","N- Pickup;V-Motor Cycle","S- Driver's Negligence",2.00
12695,39666.00,"4- Demerara- Mahaica",,"Mandela Avenue & Durban Street",,"-58.1401","6.7996",,,5/8/2009 0:00:00,12/30/1899 16:00:00,"D- Property Damage","F- Driver",28.00,"Male","K- Private Cars;M- Hire Cars;N- Pickup","S- Driver's Negligence",3.00
12696,39668.00,"4- Demerara- Mahaica",,"Durban Street",,"-58.1526","6.8028",,,5/9/2009 0:00:00,12/30/1899 13:30:00,"B- Serious Injury","G- Rider",17.00,"Male","V-Motor Cycle;W-Pedal Cycle","U- Cyclist's Negligence",2.00
12697,39669.00,"4- Demerara- Mahaica",,"Mandela Avenue",,"-58.1601","6.7919",,,5/25/2009 0:00:00,12/30/1899 16:00:00,"C- Minor Injury","F- Driver",34.00,"Female","K- Private Cars;N- Pickup","S- Driver's Negligence",2.00
12698,39670.00,"4- Demerara- Mahaica",,"Mandela Avenue",,"-58.1601","6.7919",,,6/2/2009 0:00:00,12/30/1899 14:30:00,"C- Minor Injury","G- Rider",36.00,"Male","K- Private Cars;W-Pedal Cycle","U- Cyclist's Negligence",2.00
12699,39671.00,"4- Demerara- Mahaica",,"Sheriff Street",,"-58.1359","6.8156",,,6/10/2009 0:00:00,12/30/1899 17:30:00,"C- Minor Injury","F- Driver",21.00,"Male","K- Private Cars","P- Speeding",2.00
12700,39672.00,"4- Demerara- Mahaica",,"North & Vlissengen Road",,"-58.1479","6.8085",,,6/14/2009 0:00:00,12/30/1899 11:30:00,"D- Property Damage","F- Driver",31.00,"Male","K- Private Cars;N- Pickup","S- Driver's Negligence",2.00
12701,39673.00,"4- Demerara- Mahaica",,"Aubrey Barker Road",,"-58.1388","6.7858",,,6/11/2009 0:00:00,12/30/1899 21:00:00,"D- Property Damage","F- Driver",29.00,"Male","N- Pickup","S- Driver's Negligence",2.00
12702,39674.00,"4- Demerara- Mahaica",,"Durban & Chapel Street",,"-58.1636","6.8057",,,5/29/2009 0:00:00,12/30/1899 14:20:00,"C- Minor Injury","F- Driver",28.00,"Male","J- Minibus","S- Driver's Negligence",2.00
12703,39675.00,"4- Demerara- Mahaica",,"North Street",,"-58.1569","6.8108",,,6/17/2009 0:00:00,12/30/1899 15:20:00,"D- Property Damage","F- Driver",27.00,"Male","K- Private Cars;N- Pickup","S- Driver's Negligence",2.00
12704,39676.00,"4- Demerara- Mahaica",,"Arapaima Street",,"-58.1426","6.7914",,,6/14/2009 0:00:00,12/30/1899 14:15:00,"D- Property Damage","F- Driver",51.00,"Male","K- Private Cars;M- Hire Cars","S- Driver's Negligence",2.00
12705,39677.00,"4- Demerara- Mahaica",,"Mandela Avenue & Meadow Brook Drive",,"-58.1413","6.7962",,,6/10/2009 0:00:00,12/30/1899 8:30:00,"D- Property Damage","F- Driver",29.00,"Male","K- Private Cars;N- Pickup","S- Driver's Negligence",2.00
12706,39678.00,"4- Demerara- Mahaica",,"Norton Street",,"-58.1519","6.8017",,,6/27/2009 0:00:00,12/30/1899 13:45:00,"D- Property Damage","F- Driver",28.00,"Male","J- Minibus;K- Private Cars","S- Driver's Negligence",2.00
12707,39679.00,"4- Demerara- Mahaica",,"Hadfield Street",,"-58.1650","6.8079",,,7/2/2009 0:00:00,12/30/1899 17:45:00,"C- Minor Injury","E- Pedestrian",35.00,"Male","M- Hire Cars","S- Driver's Negligence",2.00
12708,39680.00,"4- Demerara- Mahaica",,"Mandela Avenue",,"-58.1601","6.7919",,,7/13/2009 0:00:00,12/30/1899 13:00:00,"D- Property Damage","F- Driver",32.00,"Male","K- Private Cars;M- Hire Cars;N- Pickup","S- Driver's Negligence",3.00
12709,39681.00,"4- Demerara- Mahaica",,"Durban Street",,"-58.1526","6.8028",,,7/19/2009 0:00:00,12/30/1899 23:20:00,"D- Property Damage","F- Driver",36.00,"Male","K- Private Cars;M- Hire Cars","S- Driver's Negligence",2.00
12710,39682.00,"4- Demerara- Mahaica",,"Durban Street",,"-58.1526","6.8028",,,7/20/2009 0:00:00,12/30/1899 19:45:00,"B- Serious Injury","E- Pedestrian",18.00,"Male","J- Minibus","S- Driver's Negligence",2.00
12711,39683.00,"4- Demerara- Mahaica",,"Home Stretch & Mandela Avenue",,"-58.1390","6.8028",,,7/20/2009 0:00:00,12/30/1899 8:40:00,"D- Property Damage","G- Rider",28.00,"Male","K- Private Cars;V-Motor Cycle","S- Driver's Negligence",2.00
12712,39684.00,"4- Demerara- Mahaica",,"Mandela Avenue",,"-58.1601","6.7919",,,8/7/2009 0:00:00,12/30/1899 10:30:00,"B- Serious Injury","G- Rider",49.00,"Male","J- Minibus;V-Motor Cycle","U- Cyclist's Negligence",2.00
12713,39685.00,"4- Demerara- Mahaica",,"Mandela Avenue",,"-58.1601","6.7919",,,8/10/2009 0:00:00,12/30/1899 10:20:00,,"G- Rider",21.00,"Male","K- Private Cars;M- Hire Cars","S- Driver's Negligence",2.00
12714,39686.00,"4- Demerara- Mahaica",,"Norton Street",,"-58.1519","6.8017",,,8/12/2009 0:00:00,12/30/1899 13:00:00,"C- Minor Injury","F- Driver",36.00,"Male","J- Minibus;M- Hire Cars","S- Driver's Negligence",2.00
12715,39687.00,"4- Demerara- Mahaica",,"Aubrey Barker & Well Road",,"-58.1423","6.8185",,,8/14/2009 0:00:00,12/30/1899 8:30:00,"C- Minor Injury","G- Rider",33.00,"Male","J- Minibus;V-Motor Cycle","S- Driver's Negligence",2.00
12716,39688.00,"4- Demerara- Mahaica",,"Aubrey Barker Road",,"-58.1388","6.7858",,,8/10/2009 0:00:00,12/30/1899 9:45:00,"D- Property Damage","F- Driver",22.00,"Male","L- Lorries Van;M- Hire Cars","S- Driver's Negligence",2.00
12717,39689.00,"4- Demerara- Mahaica",,"Vlissengen Road",,"-58.1474","6.8108",,,8/20/2009 0:00:00,12/30/1899 19:30:00,"C- Minor Injury","E- Pedestrian",,"Male","K- Private Cars","P- Speeding",2.00
12718,39690.00,"4- Demerara- Mahaica",,"Norton & Cemetry Road",,"-58.1477","6.8088",,,8/22/2009 0:00:00,12/30/1899 8:30:00,"D- Property Damage","F- Driver",37.00,"Male","K- Private Cars","S- Driver's Negligence",2.00
12719,39691.00,"4- Demerara- Mahaica",,"Pineapple & Front Road",,"-58.1507","6.7925",,,8/22/2009 0:00:00,12/30/1899 19:35:00,"B- Serious Injury","F- Driver",31.00,"Male","K- Private Cars","S- Driver's Negligence",2.00
12720,39692.00,"4- Demerara- Mahaica",,"Go Slow & Mandela Avenue",,"-58.1427","6.7936",,,8/24/2009 0:00:00,12/30/1899 17:00:00,"D- Property Damage","F- Driver",44.00,"Male","M- Hire Cars;V-Motor Cycle","U- Cyclist's Negligence",2.00
12721,39693.00,"4- Demerara- Mahaica",,"Mandela Avenue & Pineapple Street",,"-58.1514","6.7896",,,9/6/2009 0:00:00,12/30/1899 18:30:00,"D- Property Damage","E- Pedestrian",21.00,"Male","K- Private Cars","S- Driver's Negligence",2.00
12722,39694.00,"4- Demerara- Mahaica",,"Mandela Avenue",,"-58.1601","6.7919",,,9/8/2009 0:00:00,12/30/1899 17:50:00,"D- Property Damage","F- Driver",26.00,"Male","K- Private Cars","S- Driver's Negligence",2.00
12723,39695.00,"4- Demerara- Mahaica",,"Home Stretch Ave.",,"-58.1428","6.8038",,,9/11/2009 0:00:00,,"C- Minor Injury","G- Rider",54.00,"Male","J- Minibus;W-Pedal Cycle","U- Cyclist's Negligence",2.00
12724,39696.00,"4- Demerara- Mahaica",,"Aubrey Barker Road",,"-58.1388","6.7858",,,9/11/2009 0:00:00,12/30/1899 18:05:00,"C- Minor Injury","F- Driver",38.00,"Male","J- Minibus;K- Private Cars","S- Driver's Negligence",2.00
12725,39697.00,"4- Demerara- Mahaica",,"Mandela Avenue & Meadow Brook Drive",,"-58.1413","6.7962",,,9/24/2009 0:00:00,12/30/1899 17:40:00,"D- Property Damage","F- Driver",26.00,"Male","K- Private Cars;L- Lorries Van","S- Driver's Negligence",2.00
12726,39698.00,"4- Demerara- Mahaica",,"Norton Street",,"-58.1519","6.8017",,,9/25/2009 0:00:00,12/30/1899 22:50:00,"B- Serious Injury","G- Rider",46.00,"Male","K- Private Cars;V-Motor Cycle","U- Cyclist's Negligence",2.00
12727,39699.00,"4- Demerara- Mahaica",,"Hadfield Street",,"-58.1650","6.8079",,,9/21/2009 0:00:00,12/30/1899 20:30:00,"C- Minor Injury","E- Pedestrian",24.00,"Male","M- Hire Cars","S- Driver's Negligence",2.00
12728,39700.00,"4- Demerara- Mahaica",,"Jackson Street",,"-58.1394","6.7920",,,9/11/2009 0:00:00,12/30/1899 12:10:00,"D- Property Damage","F- Driver",25.00,"Male","K- Private Cars;M- Hire Cars","S- Driver's Negligence",2.00
12729,39701.00,"4- Demerara- Mahaica",,"Takuba Road",,"-58.1385","6.7951",,,10/10/2009 0:00:00,12/30/1899 22:45:00,"D- Property Damage","F- Driver",29.00,"Male","M- Hire Cars;N- Pickup","S- Driver's Negligence",2.00
12730,39702.00,"4- Demerara- Mahaica",,"Mandela Avenue",,"-58.1601","6.7919",,,10/9/2009 0:00:00,12/30/1899 18:25:00,"D- Property Damage","F- Driver",41.00,"Male","K- Private Cars","S- Driver's Negligence",2.00
12731,39703.00,"4- Demerara- Mahaica",,"Home Stretch Ave.",,"-58.1428","6.8038",,,10/17/2009 0:00:00,12/30/1899 22:00:00,"C- Minor Injury","F- Driver",40.00,"Male","K- Private Cars","S- Driver's Negligence",2.00
12732,39704.00,"4- Demerara- Mahaica",,"Aubrey Barker Road",,"-58.1388","6.7858",,,10/14/2009 0:00:00,12/30/1899 9:30:00,"C- Minor Injury","E- Pedestrian",30.00,"Male","K- Private Cars","S- Driver's Negligence",2.00
12733,39705.00,"4- Demerara- Mahaica",,"Norton Street & Cemetary Road",,"-58.1477","6.8088",,,10/10/2009 0:00:00,,"D- Property Damage","F- Driver",39.00,"Male","K- Private Cars;N- Pickup","S- Driver's Negligence",2.00
12734,39706.00,"4- Demerara- Mahaica",,"Mandela Avenue",,"-58.1601","6.7919",,,10/24/2009 0:00:00,12/30/1899 14:30:00,"D- Property Damage","F- Driver",25.00,"Male","J- Minibus;K- Private Cars","S- Driver's Negligence",3.00
12735,39707.00,"4- Demerara- Mahaica",,"Norton Street",,"-58.1519","6.8017",,,11/2/2009 0:00:00,12/30/1899 18:30:00,"B- Serious Injury","F- Driver",32.00,"Female","J- Minibus","S- Driver's Negligence",5.00
12736,39708.00,"4- Demerara- Mahaica",,"Durban Street",,"-58.1526","6.8028",,,11/2/2009 0:00:00,12/30/1899 15:00:00,"D- Property Damage","F- Driver",40.00,"Male","K- Private Cars","S- Driver's Negligence",3.00
12737,39709.00,"4- Demerara- Mahaica",,"Mandela Avenue",,"-58.1601","6.7919",,,11/9/2009 0:00:00,12/30/1899 7:20:00,"B- Serious Injury","G- Rider",34.00,"Male","K- Private Cars;V-Motor Cycle","U- Cyclist's Negligence",2.00
12738,39710.00,"4- Demerara- Mahaica",,"Mandela Avenue",,"-58.1601","6.7919",,,11/10/2009 0:00:00,12/30/1899 4:00:00,"D- Property Damage","F- Driver",42.00,"Male","K- Private Cars;M- Hire Cars","S- Driver's Negligence",2.00
12739,39711.00,"4- Demerara- Mahaica",,"Arapaima Street",,"-58.1426","6.7914",,,11/18/2009 0:00:00,12/30/1899 22:32:00,"D- Property Damage","F- Driver",73.00,"Male","K- Private Cars","S- Driver's Negligence",2.00
12740,39712.00,"4- Demerara- Mahaica",,"Home Stretch Ave.",,"-58.1428","6.8038",,,11/20/2009 0:00:00,12/30/1899 16:45:00,"D- Property Damage","F- Driver",29.00,"Male","J- Minibus","S- Driver's Negligence",2.00
12741,39713.00,"4- Demerara- Mahaica",,"Mandela Avenue",,"-58.1601","6.7919",,,11/21/2009 0:00:00,12/30/1899 20:00:00,"B- Serious Injury","F- Driver",24.00,"Male","K- Private Cars","P- Speeding",3.00
12742,39714.00,"4- Demerara- Mahaica",,"Freeman Street",,"-58.1479","6.7928",,,11/21/2009 0:00:00,12/30/1899 16:30:00,"C- Minor Injury","F- Driver",43.00,"Male","K- Private Cars","S- Driver's Negligence",2.00
12743,39715.00,"4- Demerara- Mahaica",,"Mandela Avenue & Norton Street",,"-58.1402","6.7987",,,11/25/2009 0:00:00,12/30/1899 18:00:00,"D- Property Damage","E- Pedestrian",58.00,"Male","K- Private Cars;M- Hire Cars","S- Driver's Negligence",2.00
12744,39716.00,"4- Demerara- Mahaica",,"Mandela Avenue",,"-58.1601","6.7919",,,11/28/2009 0:00:00,12/30/1899 22:30:00,"D- Property Damage","F- Driver",27.00,"Male","W-Pedal Cycle","U- Cyclist's Negligence",2.00
12745,39717.00,"4- Demerara- Mahaica",,"Mandela Avenue",,"-58.1601","6.7919",,,11/29/2009 0:00:00,12/30/1899 20:00:00,"B- Serious Injury","G- Rider",24.00,"Male","N- Pickup","P- Speeding",4.00
12746,39718.00,"4- Demerara- Mahaica",,"Hadfield Street",,"-58.1650","6.8079",,,12/3/2009 0:00:00,12/30/1899 7:55:00,"B- Serious Injury","E- Pedestrian",27.00,"Male","M- Hire Cars;V-Motor Cycle","U- Cyclist's Negligence",2.00
12747,39719.00,"4- Demerara- Mahaica",,"Aubrey Barker Road",,"-58.1388","6.7858",,,12/6/2009 0:00:00,12/30/1899 18:15:00,"B- Serious Injury","G- Rider",20.00,"Female","K- Private Cars","P- Speeding",2.00
12748,39720.00,"4- Demerara- Mahaica",,"Mandela Avenue & Arapaima Street",,"-58.1445","6.7919",,,12/10/2009 0:00:00,12/30/1899 21:45:00,"C- Minor Injury","E- Pedestrian",75.00,"Male","K- Private Cars;V-Motor Cycle","S- Driver's Negligence",2.00
12749,39721.00,"4- Demerara- Mahaica",,"Aubrey Barker Road",,"-58.1388","6.7858",,,12/12/2009 0:00:00,12/30/1899 11:00:00,"C- Minor Injury","F- Driver",34.00,"Male","J- Minibus;L- Lorries Van","S- Driver's Negligence",2.00
12750,39722.00,"4- Demerara- Mahaica",,"Mandela Avenue",,"-58.1601","6.7919",,,12/27/2009 0:00:00,12/30/1899 5:45:00,"B- Serious Injury","F- Driver",49.00,"Male","K- Private Cars;V-Motor Cycle","S- Driver's Negligence",2.00
12751,39723.00,"4- Demerara- Mahaica",,"Cemetary Road & Princess Street",,"-58.1513","6.8006",,,12/28/2009 0:00:00,12/30/1899 18:30:00,"D- Property Damage","G- Rider",33.00,"Male","M- Hire Cars;V-Motor Cycle","U- Cyclist's Negligence",2.00
12752,39724.00,"4- Demerara- Mahaica",,"Aubrey Barker & Penny Lane Road",,"-58.1382","6.7856",,,12/28/2009 0:00:00,12/30/1899 8:30:00,"C- Minor Injury","E- Pedestrian",41.00,"Male","V-Motor Cycle","U- Cyclist's Negligence",4.00
12753,39725.00,"4- Demerara- Mahaica",,"Cemetary  Road",,"-58.1524","6.7963",,,12/28/2009 0:00:00,12/30/1899 13:45:00,"B- Serious Injury","E- Pedestrian",37.00,"Male","K- Private Cars","P- Speeding",3.00
12754,39726.00,"4- Demerara- Mahaica",,"Cemetary  Road",,"-58.1524","6.7963",,,12/28/2009 0:00:00,12/30/1899 19:45:00,"B- Serious Injury","E- Pedestrian",35.00,"Female","K- Private Cars","P- Speeding",3.00
12755,39727.00,"4- Demerara- Mahaica",,"Norton & Chapel Street",,"-58.1501","6.8013",,,1/7/2010 0:00:00,12/30/1899 11:10:00,"A- Fatal","G- Rider",42.00,"Male","L- Lorries Van;W-Pedal Cycle","U- Cyclist's Negligence",2.00
12756,39728.00,"4- Demerara- Mahaica",,"Norton & Cemetry Road",,"-58.1477","6.8088",,,1/11/2010 0:00:00,12/30/1899 22:30:00,"D- Property Damage","F- Driver",30.00,"Male","K- Private Cars;L- Lorries Van","S- Driver's Negligence",2.00
12757,39729.00,"4- Demerara- Mahaica",,"Edun Street",,"-58.1384","6.7897",,,1/11/2010 0:00:00,12/30/1899 20:30:00,"B- Serious Injury","E- Pedestrian",53.00,"Male","V-Motor Cycle","S- Driver's Negligence",2.00
12758,39730.00,"4- Demerara- Mahaica",,"Mandela Avenue",,"-58.1601","6.7919",,,1/12/2010 0:00:00,12/30/1899 14:30:00,"D- Property Damage","G- Rider",41.00,"Male","L- Lorries Van;V-Motor Cycle","U- Cyclist's Negligence",2.00
12759,39731.00,"4- Demerara- Mahaica",,"Freeman & Mandela Avenue",,"-58.1445","6.7920",,,1/19/2010 0:00:00,12/30/1899 16:00:00,"D- Property Damage","F- Driver",43.00,"Male","L- Lorries Van;N- Pickup","S- Driver's Negligence",2.00
12760,39732.00,"4- Demerara- Mahaica",,"Mandela Avenue",,"-58.1601","6.7919",,,1/20/2010 0:00:00,,"B- Serious Injury","F- Driver",62.00,"Male","K- Private Cars;L- Lorries Van","S- Driver's Negligence",2.00
12761,39733.00,"4- Demerara- Mahaica",,"Durban & Mandela Avenue",,"-58.1401","6.7996",,,1/21/2010 0:00:00,12/30/1899 12:30:00,"B- Serious Injury","G- Rider",39.00,"Male","K- Private Cars;V-Motor Cycle","U- Cyclist's Negligence",2.00
12762,39734.00,"4- Demerara- Mahaica",,"Mandela Avenue",,"-58.1601","6.7919",,,1/25/2010 0:00:00,12/30/1899 4:30:00,"B- Serious Injury","E- Pedestrian",56.00,"Male","K- Private Cars","S- Driver's Negligence",2.00
12763,39735.00,"4- Demerara- Mahaica",,"Norton Street & Cemetary Road",,"-58.1477","6.8088",,,1/27/2010 0:00:00,12/30/1899 15:10:00,"C- Minor Injury","G- Rider",31.00,"Male","K- Private Cars;V-Motor Cycle","U- Cyclist's Negligence",2.00
12764,39736.00,"4- Demerara- Mahaica",,"Jackson Street",,"-58.1394","6.7920",,,1/31/2010 0:00:00,12/30/1899 4:30:00,"D- Property Damage","F- Driver",31.00,"Male","K- Private Cars","S- Driver's Negligence",2.00
12765,39737.00,"4- Demerara- Mahaica",,"Mandela Avenue",,"-58.1601","6.7919",,,1/28/2010 0:00:00,12/30/1899 23:00:00,"D- Property Damage","F- Driver",37.00,"Male","K- Private Cars;M- Hire Cars","S- Driver's Negligence",2.00
12766,39738.00,"4- Demerara- Mahaica",,"Mandela Avenue",,"-58.1601","6.7919",,,1/30/2010 0:00:00,12/30/1899 8:50:00,"C- Minor Injury","G- Rider",65.00,"Male","K- Private Cars;V-Motor Cycle","U- Cyclist's Negligence",2.00
12767,39739.00,"4- Demerara- Mahaica",,"Aubrey Barker Road",,"-58.1388","6.7858",,,2/3/2010 0:00:00,,"B- Serious Injury","E- Pedestrian",25.00,"Male","V-Motor Cycle","U- Cyclist's Negligence",2.00
12768,39740.00,"4- Demerara- Mahaica",,"Mandela & Home Stretch Avenue",,"-58.1390","6.8028",,,2/8/2010 0:00:00,12/30/1899 16:00:00,"D- Property Damage","F- Driver",32.00,"Male","J- Minibus;K- Private Cars","U- Cyclist's Negligence",2.00
12769,39741.00,"4- Demerara- Mahaica",,"East Ruimveldt Front Road",,"-58.1489","6.7920",,,2/14/2010 0:00:00,12/30/1899 2:45:00,"A- Fatal","H- Passenger",36.00,"Female","J- Minibus;K- Private Cars","P- Speeding",4.00
12770,39742.00,"4- Demerara- Mahaica",,"Mandela Avenue",,"-58.1601","6.7919",,,2/14/2010 0:00:00,12/30/1899 21:45:00,"D- Property Damage","F- Driver",20.00,"Male","K- Private Cars","S- Driver's Negligence",3.00
12771,39743.00,"4- Demerara- Mahaica",,"Vlissengen Road",,"-58.1474","6.8108",,,12/14/2010 0:00:00,12/30/1899 17:30:00,"D- Property Damage","G- Rider",33.00,"Female","V-Motor Cycle","O- Lost Control & Runoff",1.00
12772,39744.00,"4- Demerara- Mahaica",,"Mandela Avenue",,"-58.1601","6.7919",,,2/23/2010 0:00:00,12/30/1899 19:40:00,"D- Property Damage","F- Driver",40.00,"Male","J- Minibus;K- Private Cars","S- Driver's Negligence",2.00
12773,39745.00,"4- Demerara- Mahaica",,"Savage Street",,"-58.1534","6.7972",,,2/28/2010 0:00:00,12/30/1899 4:30:00,"D- Property Damage","F- Driver",29.00,"Male","K- Private Cars","S- Driver's Negligence",2.00
12774,39746.00,"4- Demerara- Mahaica",,"Norton Street",,"-58.1519","6.8017",,,3/5/2010 0:00:00,12/30/1899 8:30:00,"C- Minor Injury","H- Passenger",,"Female","J- Minibus","S- Driver's Negligence",2.00
12775,39747.00,"4- Demerara- Mahaica",,"Mandela Avenue",,"-58.1601","6.7919",,,3/7/2010 0:00:00,12/30/1899 17:10:00,"D- Property Damage","F- Driver",27.00,"Male","K- Private Cars","S- Driver's Negligence",3.00
12776,39748.00,"4- Demerara- Mahaica",,"Kaikan Street",,"-58.1280","6.7846",,,3/14/2010 0:00:00,12/30/1899 21:45:00,"C- Minor Injury","G- Rider",51.00,"Male","J- Minibus","U- Cyclist's Negligence",2.00
12777,39749.00,"4- Demerara- Mahaica",,"Arapaima Street",,"-58.1426","6.7914",,,3/13/2010 0:00:00,,"D- Property Damage","F- Driver",39.00,"Male","K- Private Cars","S- Driver's Negligence",2.00
12778,39750.00,"4- Demerara- Mahaica",,"Norton & Victor Street",,"-58.1468","6.8004",,,3/16/2010 0:00:00,12/30/1899 21:00:00,"D- Property Damage","F- Driver",59.00,"Male","N- Pickup;W-Pedal Cycle","S- Driver's Negligence",2.00
12779,39751.00,"4- Demerara- Mahaica",,"Middle & Pineapple Street",,"-58.1503","6.7938",,,3/22/2010 0:00:00,12/30/1899 13:20:00,"D- Property Damage","F- Driver",45.00,"Male","K- Private Cars;N- Pickup","S- Driver's Negligence",2.00
12780,39752.00,"4- Demerara- Mahaica",,"Aubrey Barker Road",,"-58.1388","6.7858",,,4/5/2010 0:00:00,12/30/1899 11:45:00,"B- Serious Injury","F- Driver",21.00,"Male","K- Private Cars;M- Hire Cars","S- Driver's Negligence",2.00
12781,39753.00,"4- Demerara- Mahaica",,"Mandela Avenue",,"-58.1601","6.7919",,,4/5/2010 0:00:00,12/30/1899 21:30:00,"C- Minor Injury","F- Driver",29.00,"Male","K- Private Cars;V-Motor Cycle","S- Driver's Negligence",2.00
12782,39754.00,"4- Demerara- Mahaica",,"Durban Street",,"-58.1526","6.8028",,,4/6/2010 0:00:00,12/30/1899 21:55:00,"D- Property Damage","F- Driver",58.00,"Male","M- Hire Cars;N- Pickup","S- Driver's Negligence",2.00
12783,39755.00,"4- Demerara- Mahaica",,"Mandela Ave & Meadow Brook Drive",,"-58.1413","6.7962",,,4/12/2010 0:00:00,12/30/1899 16:46:00,"D- Property Damage","F- Driver",47.00,"Male","K- Private Cars","S- Driver's Negligence",2.00
12784,39756.00,"4- Demerara- Mahaica",,"Mandela Avenue",,"-58.1601","6.7919",,,4/15/2010 0:00:00,12/30/1899 21:30:00,"B- Serious Injury","E- Pedestrian",25.00,"Male","K- Private Cars;L- Lorries Van","S- Driver's Negligence",2.00
12785,39757.00,"4- Demerara- Mahaica",,"Aubrey Barker Road",,"-58.1388","6.7858",,,4/17/2010 0:00:00,12/30/1899 18:55:00,"D- Property Damage","F- Driver",53.00,"Male","K- Private Cars","S- Driver's Negligence",2.00
12786,39758.00,"4- Demerara- Mahaica",,"Freeman Street & Cemetary Road",,"-58.1528","6.7946",,,12/20/2010 0:00:00,12/30/1899 18:15:00,"B- Serious Injury","F- Driver",,,"M- Hire Cars","O- Lost Control & Runoff",2.00
12787,39759.00,"4- Demerara- Mahaica",,"Freeman Street",,"-58.1479","6.7928",,,12/25/2010 0:00:00,12/30/1899 10:00:00,"D- Property Damage","F- Driver",24.00,"Male","K- Private Cars","S- Driver's Negligence",2.00
12788,39760.00,"4- Demerara- Mahaica",,"Tucville Road",,"-58.1394","6.7920",,,12/28/2010 0:00:00,12/30/1899 17:00:00,"C- Minor Injury","G- Rider",27.00,"Male","V-Motor Cycle","T-Pedestrian's Negligence",3.00
12789,39761.00,"4- Demerara- Mahaica",,"Mandela Avenue  & Joseph Pollydore Street",,"-58.1402","6.7987",,,1/6/2011 0:00:00,12/30/1899 16:30:00,"C- Minor Injury","F- Driver",29.00,"Male","J- Minibus;K- Private Cars;M- Hire Cars","S- Driver's Negligence",3.00
12790,39762.00,"4- Demerara- Mahaica",,"Norton Street",,"-58.1519","6.8017",,,1/6/2011 0:00:00,12/30/1899 20:15:00,"B- Serious Injury","F- Driver",26.00,"Male","J- Minibus;V-Motor Cycle","U- Cyclist's Negligence",2.00
12791,39763.00,"4- Demerara- Mahaica",,"Arapaima & Mandela Avenue",,"-58.1445","6.7919",,,1/17/2011 0:00:00,12/30/1899 22:15:00,"B- Serious Injury","F- Driver",34.00,"Male","M- Hire Cars;V-Motor Cycle","S- Driver's Negligence",3.00
12792,39764.00,"4- Demerara- Mahaica",,"Mandela Avenue",,"-58.1601","6.7919",,,1/20/2011 0:00:00,12/30/1899 18:40:00,"D- Property Damage","F- Driver",35.00,"Male","J- Minibus;V-Motor Cycle","S- Driver's Negligence;Y-Animal",3.00
12793,39765.00,"4- Demerara- Mahaica",,"Norton Street & Cemetary Road",,"-58.1477","6.8088",,,1/21/2011 0:00:00,12/30/1899 22:15:00,"D- Property Damage","F- Driver",25.00,"Male","K- Private Cars","S- Driver's Negligence",2.00
12794,39766.00,"4- Demerara- Mahaica",,"Mandela & Vlissengen Road",,"-58.1537","6.7903",,,1/28/2011 0:00:00,12/30/1899 16:15:00,"C- Minor Injury","F- Driver",23.00,"Male","M- Hire Cars;V-Motor Cycle","S- Driver's Negligence",3.00
12795,39767.00,"4- Demerara- Mahaica",,"Norton Street & Cemetary Road",,"-58.1477","6.8088",,,2/4/2011 0:00:00,12/30/1899 13:50:00,"C- Minor Injury","F- Driver",,"Male","K- Private Cars;V-Motor Cycle","S- Driver's Negligence",3.00