"ID","Accident ID","Region Number","Corridor ID","Location (Intersection/Road/Street)","Corridor","Location- longitude/ X","Location- latitude/  Y","Mile Marker","Village","Date of Accident","Time of Accident","Type of Accident","Class of Road User","Age/DOB","Gender","Class of Vehicles Involved","Contributing Factor","Number of Persons Involved"
12796,39768.00,"4- Demerara- Mahaica",,"Mandela Avenue",,"-58.1601","6.7919",,,2/13/2011 0:00:00,12/30/1899 18:50:00,"C- Minor Injury","F- Driver",39.00,"Male","J- Minibus;L- Lorries Van","S- Driver's Negligence",3.00
12797,39769.00,"4- Demerara- Mahaica",,"Joseph Pollydore Street",,"-58.1404","6.7987",,,2/16/2011 0:00:00,12/30/1899 16:30:00,"D- Property Damage","F- Driver",30.00,"Male","K- Private Cars","S- Driver's Negligence",3.00
12798,39770.00,"4- Demerara- Mahaica",,"Home Stretch Ave.",,"-58.1428","6.8038",,,2/23/2011 0:00:00,12/30/1899 12:45:00,"B- Serious Injury","F- Driver",38.00,"Male","M- Hire Cars","T-Pedestrian's Negligence",3.00
12799,39771.00,"4- Demerara- Mahaica",,"Aubrey Barker Road",,"-58.1388","6.7858",,,2/20/2011 0:00:00,12/30/1899 13:50:00,"D- Property Damage","F- Driver",31.00,"Male","M- Hire Cars","S- Driver's Negligence",2.00
12800,39772.00,"4- Demerara- Mahaica",,"Mandela Avenue",,"-58.1601","6.7919",,,3/8/2011 0:00:00,12/30/1899 18:40:00,"D- Property Damage","F- Driver",54.00,"Male","K- Private Cars","Y-Animal",1.00
12801,39773.00,"4- Demerara- Mahaica",,"Aubrey Barker Road",,"-58.1388","6.7858",,,3/8/2011 0:00:00,12/30/1899 0:45:00,"B- Serious Injury","F- Driver",28.00,"Male","N- Pickup;V-Motor Cycle","S- Driver's Negligence",2.00
12802,39774.00,"4- Demerara- Mahaica",,"Arapaima Street",,"-58.1426","6.7914",,,3/7/2011 0:00:00,12/30/1899 18:08:00,"D- Property Damage","F- Driver",41.00,"Male","M- Hire Cars","Y-Animal",1.00
12803,39775.00,"4- Demerara- Mahaica",,"Mandela Avenue",,"-58.1601","6.7919",,,3/10/2011 0:00:00,12/30/1899 20:40:00,"C- Minor Injury","F- Driver",28.00,"Male","K- Private Cars;W-Pedal Cycle","U- Cyclist's Negligence",2.00
12804,39776.00,"4- Demerara- Mahaica",,"Arapaima Street",,"-58.1426","6.7914",,,3/4/2011 0:00:00,12/30/1899 23:50:00,"C- Minor Injury","F- Driver",46.00,"Male","N- Pickup","T-Pedestrian's Negligence",3.00
12805,39777.00,"4- Demerara- Mahaica",,"Norton Street & Cemetary Road",,"-58.1477","6.8088",,,3/13/2011 0:00:00,12/30/1899 12:35:00,"D- Property Damage","F- Driver",58.00,"Male","K- Private Cars","S- Driver's Negligence",2.00
12806,39778.00,"4- Demerara- Mahaica",,"Durban Street",,"-58.1526","6.8028",,,3/12/2011 0:00:00,12/30/1899 8:00:00,"D- Property Damage","F- Driver",48.00,"Male","J- Minibus;K- Private Cars","S- Driver's Negligence",2.00
12807,39779.00,"4- Demerara- Mahaica",,"Arapaima Street",,"-58.1426","6.7914",,,3/13/2011 0:00:00,12/30/1899 20:50:00,"C- Minor Injury","F- Driver",30.00,"Male","J- Minibus","T-Pedestrian's Negligence",3.00
12808,39780.00,"4- Demerara- Mahaica",,"Mandela Avenue",,"-58.1601","6.7919",,,3/13/2011 0:00:00,12/30/1899 13:20:00,"D- Property Damage","F- Driver",31.00,"Male","J- Minibus;M- Hire Cars","S- Driver's Negligence",2.00
12809,39781.00,"4- Demerara- Mahaica",,"Mandela Avenue & Norton Street",,"-58.1402","6.7987",,,3/21/2011 0:00:00,12/30/1899 0:30:00,"C- Minor Injury","F- Driver",18.00,"Male","M- Hire Cars;V-Motor Cycle","S- Driver's Negligence",3.00
12810,39782.00,"4- Demerara- Mahaica",,"Norton Street",,"-58.1519","6.8017",,,3/21/2011 0:00:00,12/30/1899 23:15:00,"D- Property Damage","G- Rider",30.00,"Male","K- Private Cars","S- Driver's Negligence",3.00
12811,39783.00,"4- Demerara- Mahaica",,"Norton Street & Cemetary Road",,"-58.1477","6.8088",,,3/18/2011 0:00:00,12/30/1899 23:40:00,"D- Property Damage","F- Driver",33.00,"Male","J- Minibus;N- Pickup","S- Driver's Negligence",2.00
12812,39784.00,"4- Demerara- Mahaica",,"Mandela Avenue",,"-58.1601","6.7919",,,3/20/2011 0:00:00,12/30/1899 4:30:00,"D- Property Damage","F- Driver",33.00,"Male","K- Private Cars","Q- Alcohol",1.00
12813,39785.00,"4- Demerara- Mahaica",,"Durban Street",,"-58.1526","6.8028",,,3/21/2011 0:00:00,12/30/1899 23:30:00,"D- Property Damage","F- Driver",34.00,"Male","K- Private Cars;M- Hire Cars;N- Pickup","O- Lost Control & Runoff;P- Speeding",2.00
12814,39786.00,"4- Demerara- Mahaica",,"Aubrey Barker Road",,"-58.1388","6.7858",,,4/2/2011 0:00:00,12/30/1899 13:45:00,"C- Minor Injury","F- Driver",32.00,"Male","K- Private Cars;L- Lorries Van;V-Motor Cycle","O- Lost Control & Runoff;S- Driver's Negligence",2.00
12815,39787.00,"4- Demerara- Mahaica",,"Cemetary  Road",,"-58.1524","6.7963",,,4/2/2011 0:00:00,12/30/1899 18:40:00,"B- Serious Injury","F- Driver",32.00,"Male","W-Pedal Cycle","S- Driver's Negligence",2.00
12816,39788.00,"4- Demerara- Mahaica",,"Aubrey Barker & Jackson Street",,"-58.1395","6.7907",,,4/10/2011 0:00:00,12/30/1899 23:30:00,"C- Minor Injury","F- Driver",32.00,"Male","K- Private Cars;M- Hire Cars","P- Speeding;Q- Alcohol;S- Driver's Negligence",2.00
12817,39789.00,"4- Demerara- Mahaica",,"Mandela Avenue & Durban Street",,"-58.1401","6.7996",,,4/16/2011 0:00:00,12/30/1899 21:35:00,"B- Serious Injury","F- Driver",63.00,"Male","K- Private Cars;V-Motor Cycle","Q- Alcohol",2.00
12818,39790.00,"4- Demerara- Mahaica",,"Clay Brick Road & Mandela Avenue",,"-58.1586","6.7916",,,4/12/2011 0:00:00,12/30/1899 13:20:00,"C- Minor Injury","F- Driver",58.00,"Male","K- Private Cars;M- Hire Cars","S- Driver's Negligence",2.00
12819,39791.00,"4- Demerara- Mahaica",,"Mandela Avenue",,"-58.1601","6.7919",,,4/18/2011 0:00:00,12/30/1899 4:00:00,"A- Fatal","F- Driver",40.00,"Male","J- Minibus;V-Motor Cycle","O- Lost Control & Runoff;P- Speeding",2.00
12820,39792.00,"4- Demerara- Mahaica",,"Mandela Avenue",,"-58.1601","6.7919",,,4/24/2011 0:00:00,12/30/1899 23:10:00,"B- Serious Injury","F- Driver",76.00,"Male","K- Private Cars","T-Pedestrian's Negligence",2.00
12821,39793.00,"4- Demerara- Mahaica",,"Mandela Avenue",,"-58.1601","6.7919",,,4/25/2011 0:00:00,12/30/1899 4:00:00,"D- Property Damage","F- Driver",37.00,"Male","K- Private Cars;M- Hire Cars","S- Driver's Negligence",2.00
12822,39794.00,"4- Demerara- Mahaica",,"Vlissengen Road",,"-58.1474","6.8108",,,4/25/2011 0:00:00,12/30/1899 6:15:00,"D- Property Damage","F- Driver",61.00,"Male","M- Hire Cars","O- Lost Control & Runoff",1.00
12823,39795.00,"4- Demerara- Mahaica",,"Meadow Brook Drive",,"-58.1700","6.7898",,,4/20/2011 0:00:00,12/30/1899 8:55:00,"D- Property Damage","F- Driver",31.00,"Male","K- Private Cars;M- Hire Cars","S- Driver's Negligence",2.00
12824,39796.00,"4- Demerara- Mahaica",,"Mandela Avenue & East Ruimveldt Front Road",,"-58.1489","6.7890",,,5/1/2011 0:00:00,12/30/1899 20:30:00,"D- Property Damage","F- Driver",22.00,"Male","K- Private Cars;N- Pickup","S- Driver's Negligence",2.00
12825,39797.00,"4- Demerara- Mahaica",,"Mandela Avenue",,"-58.1601","6.7919",,,5/15/2011 0:00:00,12/30/1899 8:10:00,"D- Property Damage","F- Driver",34.00,"Female","K- Private Cars","S- Driver's Negligence",2.00
12826,39798.00,"4- Demerara- Mahaica",,"Aubrey Barker Road",,"-58.1388","6.7858",,,5/21/2011 0:00:00,12/30/1899 18:10:00,"B- Serious Injury","G- Rider",22.00,"Male","N- Pickup;V-Motor Cycle","S- Driver's Negligence",2.00
12827,39799.00,"4- Demerara- Mahaica",,"Durban Street",,"-58.1526","6.8028",,,5/30/2011 0:00:00,12/30/1899 20:50:00,"D- Property Damage","F- Driver",28.00,"Male","J- Minibus;K- Private Cars","S- Driver's Negligence",2.00
12828,39800.00,"4- Demerara- Mahaica",,"Norton Street & Cemetary Road",,"-58.1477","6.8088",,,6/18/2011 0:00:00,12/30/1899 12:00:00,"D- Property Damage","F- Driver",23.00,"Male","K- Private Cars;L- Lorries Van","S- Driver's Negligence",2.00
12829,39801.00,"4- Demerara- Mahaica",,"Go Slow & Mandela Avenue",,"-58.1427","6.7936",,,6/24/2011 0:00:00,12/30/1899 8:30:00,"C- Minor Injury","F- Driver",30.00,"Male","M- Hire Cars;V-Motor Cycle","S- Driver's Negligence",2.00
12830,39802.00,"4- Demerara- Mahaica",,"Aubrey Barker Road",,"-58.1388","6.7858",,,6/20/2011 0:00:00,12/30/1899 16:30:00,"D- Property Damage","F- Driver",60.00,"Male","J- Minibus;K- Private Cars","S- Driver's Negligence",2.00
12831,39803.00,"4- Demerara- Mahaica",,"Arapaima Road & Jackson Street",,"-58.1395","6.7907",,,6/26/2011 0:00:00,12/30/1899 12:00:00,"D- Property Damage","G- Rider",13.00,"Male","V-Motor Cycle;W-Pedal Cycle","U- Cyclist's Negligence",2.00
12832,39804.00,"4- Demerara- Mahaica",,"Mandela Avenue",,"-58.1601","6.7919",,,6/28/2011 0:00:00,12/30/1899 1:00:00,"C- Minor Injury","F- Driver",25.00,"Male","M- Hire Cars","S- Driver's Negligence",2.00
12833,39805.00,"4- Demerara- Mahaica",,"Mandela Avenue",,"-58.1601","6.7919",,,2/4/2011 0:00:00,12/30/1899 23:40:00,"B- Serious Injury","F- Driver",67.00,"Male","K- Private Cars;M- Hire Cars","S- Driver's Negligence",2.00
12834,39806.00,"4- Demerara- Mahaica",,"Mandela Avenue",,"-58.1601","6.7919",,,2/4/2011 0:00:00,12/30/1899 22:40:00,"D- Property Damage","F- Driver",18.00,"Male","K- Private Cars;M- Hire Cars","S- Driver's Negligence",1.00
12835,39807.00,"4- Demerara- Mahaica",,"Mandela Avenue",,"-58.1601","6.7919",,,7/7/2011 0:00:00,12/30/1899 5:25:00,"B- Serious Injury","F- Driver",32.00,"Male","K- Private Cars","O- Lost Control & Runoff",2.00
12836,39808.00,"4- Demerara- Mahaica",,"Go Slow & Mandela Avenue",,"-58.1427","6.7936",,,7/10/2011 0:00:00,12/30/1899 2:35:00,"D- Property Damage","F- Driver",31.00,"Male","K- Private Cars;M- Hire Cars","S- Driver's Negligence",2.00
12837,39809.00,"4- Demerara- Mahaica",,"Norton Street",,"-58.1519","6.8017",,,7/13/2011 0:00:00,12/30/1899 20:40:00,"C- Minor Injury","G- Rider",38.00,"Male","V-Motor Cycle","S- Driver's Negligence",2.00
12838,39810.00,"4- Demerara- Mahaica",,"Vlissengen Road",,"-58.1474","6.8108",,,7/15/2011 0:00:00,12/30/1899 20:30:00,"D- Property Damage","F- Driver",27.00,"Female","K- Private Cars;V-Motor Cycle","S- Driver's Negligence",2.00
12839,39811.00,"4- Demerara- Mahaica",,"Vlissengen Road",,"-58.1474","6.8108",,,7/13/2011 0:00:00,12/30/1899 23:45:00,"D- Property Damage","F- Driver",28.00,"Male","J- Minibus;K- Private Cars","S- Driver's Negligence",1.00
12840,39812.00,"4- Demerara- Mahaica",,"Home Stretch Ave.",,"-58.1428","6.8038",,,7/18/2011 0:00:00,12/30/1899 12:10:00,"A- Fatal","F- Driver",28.00,"Male","J- Minibus","Y-Animal",12.00
12841,39813.00,"4- Demerara- Mahaica",,"Durban Street",,"-58.1526","6.8028",,,7/24/2011 0:00:00,12/30/1899 23:45:00,"B- Serious Injury","F- Driver",27.00,"Male","J- Minibus","O- Lost Control & Runoff;S- Driver's Negligence",3.00
12842,39814.00,"4- Demerara- Mahaica",,"Mandela Avenue",,"-58.1601","6.7919",,,7/31/2011 0:00:00,12/30/1899 18:00:00,"D- Property Damage","F- Driver",34.00,"Male","K- Private Cars","S- Driver's Negligence",2.00
12843,39815.00,"4- Demerara- Mahaica",,"Norton Street & Cemetary Road",,"-58.1477","6.8088",,,8/8/2011 0:00:00,12/30/1899 23:45:00,"C- Minor Injury","F- Driver",40.00,"Male","M- Hire Cars","S- Driver's Negligence",3.00
12844,39816.00,"4- Demerara- Mahaica",,"Mandela Avenue & Pineapple Street",,"-58.1514","6.7896",,,8/11/2011 0:00:00,12/30/1899 3:45:00,"D- Property Damage","F- Driver",27.00,"Male","K- Private Cars","S- Driver's Negligence",2.00
12845,39817.00,"4- Demerara- Mahaica",,"Home Stretch & Mandela Avenue",,"-58.1390","6.8028",,,8/13/2011 0:00:00,12/30/1899 16:20:00,"D- Property Damage","F- Driver",30.00,"Male","K- Private Cars;V-Motor Cycle","U- Cyclist's Negligence",2.00
12846,39818.00,"4- Demerara- Mahaica",,"Durban & Chapel Street",,"-58.1636","6.8057",,,8/13/2011 0:00:00,12/30/1899 18:30:00,"C- Minor Injury","F- Driver",34.00,"Male","K- Private Cars","S- Driver's Negligence",2.00
12847,39819.00,"4- Demerara- Mahaica",,"Go Slow & Mandela Avenue",,"-58.1427","6.7936",,,8/20/2011 0:00:00,12/30/1899 17:15:00,"D- Property Damage","F- Driver",57.00,"Male","K- Private Cars;V-Motor Cycle","S- Driver's Negligence",2.00
12848,39820.00,"4- Demerara- Mahaica",,"Go Slow & Mandela Avenue",,"-58.1427","6.7936",,,8/28/2011 0:00:00,12/30/1899 10:05:00,"B- Serious Injury","F- Driver",,"Male","J- Minibus;M- Hire Cars","S- Driver's Negligence;U- Cyclist's Negligence",2.00
12849,39821.00,"4- Demerara- Mahaica",,"Mandela Avenue",,"-58.1601","6.7919",,,8/31/2011 0:00:00,12/30/1899 18:20:00,"B- Serious Injury","F- Driver",52.00,"Male","K- Private Cars;W-Pedal Cycle","U- Cyclist's Negligence",2.00
12850,39822.00,"4- Demerara- Mahaica",,"Mandela Avenue",,"-58.1601","6.7919",,,8/3/2011 0:00:00,12/30/1899 10:45:00,"D- Property Damage","F- Driver",46.00,"Male","N- Pickup;V-Motor Cycle","Q- Alcohol",2.00
12851,39823.00,"4- Demerara- Mahaica",,"Mandela Avenue",,"-58.1601","6.7919",,,8/1/2011 0:00:00,,"D- Property Damage","G- Rider",27.00,"Male","K- Private Cars;N- Pickup","S- Driver's Negligence;U- Cyclist's Negligence",2.00
12852,39824.00,"4- Demerara- Mahaica",,"Mandela Avenue  & Joseph Pollydore Street",,"-58.1402","6.7987",,,8/4/2011 0:00:00,12/30/1899 13:30:00,"D- Property Damage","F- Driver",38.00,"Male","M- Hire Cars;V-Motor Cycle","S- Driver's Negligence",2.00
12853,39825.00,"4- Demerara- Mahaica",,"Victor & Norton Street",,"-58.1468","6.8004",,,8/3/2011 0:00:00,12/30/1899 8:15:00,"A- Fatal","F- Driver",20.00,"Male","K- Private Cars;N- Pickup","S- Driver's Negligence",2.00
12854,39826.00,"4- Demerara- Mahaica",,"Go Slow & Mandela Avenue",,"-58.1427","6.7936",,,8/13/2013 0:00:00,12/30/1899 18:30:00,"B- Serious Injury","G- Rider",48.00,"Male","V-Motor Cycle","T-Pedestrian's Negligence",2.00
12855,39827.00,"4- Demerara- Mahaica",,"Arapaima & Mandela Avenue",,"-58.1445","6.7919",,,9/17/2011 0:00:00,12/30/1899 1:35:00,"D- Property Damage","F- Driver",34.00,"Male","K- Private Cars","O- Lost Control & Runoff",1.00
12856,39828.00,"4- Demerara- Mahaica",,"Aubrey Barker Road",,"-58.1388","6.7858",,,9/24/2011 0:00:00,12/30/1899 16:00:00,"D- Property Damage","F- Driver",32.00,"Male","J- Minibus","S- Driver's Negligence",2.00
12857,39829.00,"4- Demerara- Mahaica",,"Home Stretch Ave.",,"-58.1428","6.8038",,,9/25/2011 0:00:00,12/30/1899 10:15:00,"B- Serious Injury","F- Driver",42.00,"Male","K- Private Cars","O- Lost Control & Runoff;P- Speeding",5.00
12858,39830.00,"4- Demerara- Mahaica",,"Norton & Victor Street",,"-58.1468","6.8004",,,9/28/2011 0:00:00,12/30/1899 18:15:00,"B- Serious Injury","G- Rider",28.00,"Male","V-Motor Cycle","P- Speeding;T-Pedestrian's Negligence",2.00
12859,39831.00,"4- Demerara- Mahaica",,"Mandela Avenue & Hadfield Street",,"-58.1397","6.8012",,,9/30/2011 0:00:00,12/30/1899 7:10:00,"D- Property Damage","F- Driver",50.00,"Female","K- Private Cars;L- Lorries Van","S- Driver's Negligence",2.00
12860,39832.00,"4- Demerara- Mahaica",,"Arapaima Street",,"-58.1426","6.7914",,,10/2/2011 0:00:00,12/30/1899 3:30:00,"C- Minor Injury","F- Driver",30.00,"Male","K- Private Cars","T-Pedestrian's Negligence",2.00
12861,39833.00,"4- Demerara- Mahaica",,"Norton & Victor Street",,"-58.1468","6.8004",,,10/8/2011 0:00:00,12/30/1899 18:05:00,"B- Serious Injury","F- Driver",,,"K- Private Cars;W-Pedal Cycle","S- Driver's Negligence",2.00
12862,39834.00,"4- Demerara- Mahaica",,"Durban Street",,"-58.1526","6.8028",,,8/23/2011 0:00:00,12/30/1899 22:30:00,"D- Property Damage","F- Driver",50.00,"Male","K- Private Cars","S- Driver's Negligence",2.00
12863,39835.00,"4- Demerara- Mahaica",,"Mandela Avenue",,"-58.1601","6.7919",,,10/8/2011 0:00:00,12/30/1899 21:00:00,"B- Serious Injury","F- Driver",39.00,"Male","K- Private Cars;M- Hire Cars","O- Lost Control & Runoff;P- Speeding",5.00
12864,39836.00,"4- Demerara- Mahaica",,"Jackson Street",,"-58.1394","6.7920",,,10/11/2011 0:00:00,12/30/1899 8:30:00,"C- Minor Injury","F- Driver",25.00,"Male","K- Private Cars;W-Pedal Cycle","S- Driver's Negligence",2.00
12865,39837.00,"4- Demerara- Mahaica",,"Norton Street & Cemetary Road",,"-58.1477","6.8088",,,10/27/2011 0:00:00,12/30/1899 6:00:00,"B- Serious Injury","F- Driver",40.00,"Male","K- Private Cars","S- Driver's Negligence",3.00
12866,39838.00,"4- Demerara- Mahaica",,"Mandela Avenue",,"-58.1601","6.7919",,,11/3/2011 0:00:00,12/30/1899 4:30:00,"D- Property Damage","F- Driver",30.00,"Male","K- Private Cars;N- Pickup","S- Driver's Negligence",2.00
12867,39839.00,"4- Demerara- Mahaica",,"Aubrey Barker Road",,"-58.1388","6.7858",,,11/5/2011 0:00:00,12/30/1899 15:30:00,"D- Property Damage","F- Driver",38.00,"Male","M- Hire Cars;V-Motor Cycle","S- Driver's Negligence",2.00
12868,39840.00,"4- Demerara- Mahaica",,"Market Street",,"-58.1516","6.7911",,,11/3/2011 0:00:00,12/30/1899 18:30:00,"D- Property Damage","F- Driver",,"Male","J- Minibus;K- Private Cars","S- Driver's Negligence",2.00
12869,39841.00,"4- Demerara- Mahaica",,"Mandela Avenue",,"-58.1601","6.7919",,,11/8/2011 0:00:00,12/30/1899 16:30:00,"D- Property Damage","F- Driver",40.00,"Male","K- Private Cars;M- Hire Cars","S- Driver's Negligence",3.00
12870,39842.00,"4- Demerara- Mahaica",,"Aubrey Barker Road",,"-58.1388","6.7858",,,11/13/2011 0:00:00,12/30/1899 10:00:00,"A- Fatal","G- Rider",41.00,"Male","J- Minibus;V-Motor Cycle","S- Driver's Negligence",2.00
12871,39843.00,"4- Demerara- Mahaica",,"Princess Street & Cemetry Road",,"-58.1513","6.8006",,,12/18/2011 0:00:00,12/30/1899 11:30:00,"C- Minor Injury","F- Driver",27.00,"Male","K- Private Cars","P- Speeding;U- Cyclist's Negligence",4.00
12872,39844.00,"4- Demerara- Mahaica",,"Go Slow & Mandela Avenue",,"-58.1427","6.7936",,,1/13/2012 0:00:00,12/30/1899 16:45:00,"C- Minor Injury","F- Driver",,,"K- Private Cars","S- Driver's Negligence",2.00
12873,39845.00,"4- Demerara- Mahaica",,"Norton Street",,"-58.1519","6.8017",,,1/8/2012 0:00:00,12/30/1899 1:25:00,"A- Fatal","F- Driver",33.00,"Male","J- Minibus","S- Driver's Negligence",3.00
12874,39846.00,"4- Demerara- Mahaica",,"Mandela Avenue",,"-58.1601","6.7919",,,1/11/2012 0:00:00,12/30/1899 15:10:00,"B- Serious Injury","F- Driver",41.00,"Male","J- Minibus","S- Driver's Negligence",2.00
12875,39847.00,"4- Demerara- Mahaica",,"Norton Street & Cemetary Road",,"-58.1477","6.8088",,,1/12/2012 0:00:00,12/30/1899 8:30:00,"C- Minor Injury","F- Driver",47.00,"Male","K- Private Cars","S- Driver's Negligence",2.00
12876,39848.00,"4- Demerara- Mahaica",,"Aubrey Barker Road",,"-58.1388","6.7858",,,1/16/2012 0:00:00,12/30/1899 22:10:00,"C- Minor Injury","G- Rider",38.00,"Male","V-Motor Cycle","U- Cyclist's Negligence",2.00
12877,39849.00,"4- Demerara- Mahaica",,"Takaba Road & Go Slow Avenue",,"-58.1392","6.7925",,,1/21/2012 0:00:00,12/30/1899 0:30:00,"B- Serious Injury","F- Driver",41.00,"Male","V-Motor Cycle","U- Cyclist's Negligence",4.00
12878,39850.00,"4- Demerara- Mahaica",,"Mandela Avenue",,"-58.1601","6.7919",,,1/27/2012 0:00:00,12/30/1899 8:15:00,"D- Property Damage","F- Driver",30.00,"Male","K- Private Cars","S- Driver's Negligence",2.00
12879,39851.00,"4- Demerara- Mahaica",,"Aubrey Barker Road",,"-58.1388","6.7858",,,2/10/2012 0:00:00,12/30/1899 11:00:00,"D- Property Damage","F- Driver",36.00,"Male","J- Minibus;K- Private Cars","S- Driver's Negligence",2.00
12880,39852.00,"4- Demerara- Mahaica",,"Aubrey Barker Road",,"-58.1388","6.7858",,,2/1/2012 0:00:00,12/30/1899 22:30:00,"B- Serious Injury","E- Pedestrian",43.00,"Male","V-Motor Cycle","T-Pedestrian's Negligence",3.00
12881,39853.00,"4- Demerara- Mahaica",,"Aubrey Barker Road",,"-58.1388","6.7858",,,2/12/2012 0:00:00,12/30/1899 3:00:00,"B- Serious Injury","F- Driver",28.00,"Male","N- Pickup","O- Lost Control & Runoff",3.00
12882,39854.00,"4- Demerara- Mahaica",,"Aubrey Barker Road",,"-58.1388","6.7858",,,2/9/2012 0:00:00,12/30/1899 20:30:00,"B- Serious Injury","G- Rider",17.00,"Male","V-Motor Cycle;W-Pedal Cycle","U- Cyclist's Negligence",3.00
12883,39855.00,"4- Demerara- Mahaica",,"Mandela Avenue",,"-58.1601","6.7919",,,2/13/2012 0:00:00,12/30/1899 3:00:00,"D- Property Damage","F- Driver",31.00,"Male","N- Pickup","P- Speeding",1.00
12884,39856.00,"4- Demerara- Mahaica",,"East Ruimveldt Front Road",,"-58.1489","6.7920",,,2/21/2012 0:00:00,12/30/1899 10:25:00,"A- Fatal","F- Driver",28.00,"Male","K- Private Cars","P- Speeding",2.00
12885,39857.00,"4- Demerara- Mahaica",,"Aubrey Barker Road",,"-58.1388","6.7858",,,3/8/2012 0:00:00,12/30/1899 8:00:00,"D- Property Damage","F- Driver",,"Male","L- Lorries Van;M- Hire Cars","S- Driver's Negligence",2.00
12886,39858.00,"4- Demerara- Mahaica",,"Mandela Avenue",,"-58.1601","6.7919",,,3/8/2012 0:00:00,12/30/1899 21:30:00,"B- Serious Injury","F- Driver",48.00,"Male","L- Lorries Van;N- Pickup","S- Driver's Negligence",2.00
12887,39859.00,"4- Demerara- Mahaica",,"Jackson Street",,"-58.1394","6.7920",,,3/14/2012 0:00:00,12/30/1899 8:50:00,"D- Property Damage","G- Rider",25.00,"Male","V-Motor Cycle","T-Pedestrian's Negligence",2.00
12888,39860.00,"4- Demerara- Mahaica",,"Mandela Avenue",,"-58.1601","6.7919",,,3/11/2012 0:00:00,12/30/1899 0:30:00,"B- Serious Injury","F- Driver",,"Male","K- Private Cars","O- Lost Control & Runoff;P- Speeding",2.00
12889,39861.00,"4- Demerara- Mahaica",,"Aubrey Barker Road",,"-58.1388","6.7858",,,3/13/2012 0:00:00,12/30/1899 18:03:00,"C- Minor Injury","F- Driver",37.00,"Male","J- Minibus","S- Driver's Negligence",2.00
12890,39862.00,"4- Demerara- Mahaica",,"Mandela Avenue & Meadow Brook Drive",,"-58.1413","6.7962",,,3/20/2012 0:00:00,12/30/1899 13:35:00,"D- Property Damage","F- Driver",56.00,"Male","N- Pickup","S- Driver's Negligence",2.00
12891,39863.00,"4- Demerara- Mahaica",,"Jackson Street",,"-58.1394","6.7920",,,3/21/2012 0:00:00,12/30/1899 15:15:00,"B- Serious Injury","F- Driver",34.00,"Male","J- Minibus","T-Pedestrian's Negligence",2.00
12892,39864.00,"4- Demerara- Mahaica",,"Mandela Avenue",,"-58.1601","6.7919",,,3/22/2012 0:00:00,12/30/1899 19:00:00,"D- Property Damage","F- Driver",33.00,"Male","J- Minibus;M- Hire Cars","S- Driver's Negligence",2.00
12893,39865.00,"4- Demerara- Mahaica",,"East Ruimveldt Front Road",,"-58.1489","6.7920",,,3/24/2012 0:00:00,12/30/1899 20:20:00,"B- Serious Injury","G- Rider",30.00,"Male","V-Motor Cycle;W-Pedal Cycle","U- Cyclist's Negligence",2.00
12894,39866.00,"4- Demerara- Mahaica",,"Mandela & Market Street",,"-58.1519","6.7898",,,3/29/2012 0:00:00,12/30/1899 13:30:00,"C- Minor Injury","F- Driver",32.00,"Male","K- Private Cars;V-Motor Cycle","U- Cyclist's Negligence",2.00
12895,39867.00,"4- Demerara- Mahaica",,"Durban & Chapel Street",,"-58.1636","6.8057",,,4/8/2012 0:00:00,12/30/1899 17:10:00,"D- Property Damage","F- Driver",22.00,"Male","J- Minibus;K- Private Cars","S- Driver's Negligence",2.00
12896,39868.00,"4- Demerara- Mahaica",,"Jackson Street",,"-58.1394","6.7920",,,4/15/2012 0:00:00,12/30/1899 11:45:00,"B- Serious Injury","F- Driver",39.00,"Male","M- Hire Cars;W-Pedal Cycle","S- Driver's Negligence",2.00
12897,39869.00,"4- Demerara- Mahaica",,"Takuba Road",,"-58.1385","6.7951",,,4/16/2012 0:00:00,12/30/1899 15:05:00,"D- Property Damage","F- Driver",38.00,"Male","J- Minibus;L- Lorries Van","S- Driver's Negligence",2.00
12898,39870.00,"4- Demerara- Mahaica",,"Cemetary  Road",,"-58.1524","6.7963",,,5/5/2012 0:00:00,12/30/1899 18:30:00,"A- Fatal","F- Driver",43.00,"Male","M- Hire Cars","S- Driver's Negligence",3.00
12899,39871.00,"4- Demerara- Mahaica",,"Mandela Avenue & Meadow Brook Drive",,"-58.1413","6.7962",,,5/8/2012 0:00:00,12/30/1899 9:15:00,"B- Serious Injury","F- Driver",37.00,"Male","M- Hire Cars;V-Motor Cycle","S- Driver's Negligence",2.00
12900,39872.00,"4- Demerara- Mahaica",,"Aubrey Barker Road",,"-58.1388","6.7858",,,5/13/2012 0:00:00,12/30/1899 0:00:00,"C- Minor Injury","F- Driver",24.00,"Male","K- Private Cars","S- Driver's Negligence",2.00
12901,39873.00,"4- Demerara- Mahaica",,"Jackson Street",,"-58.1394","6.7920",,,5/11/2012 0:00:00,12/30/1899 8:00:00,"C- Minor Injury","F- Driver",25.00,"Male","K- Private Cars","T-Pedestrian's Negligence",2.00
12902,39874.00,"4- Demerara- Mahaica",,"Mandela Avenue & Go Slow Avenue",,"-58.1427","6.7936",,,5/27/2012 0:00:00,12/30/1899 13:05:00,"C- Minor Injury","F- Driver",36.00,"Male","K- Private Cars;W-Pedal Cycle","U- Cyclist's Negligence",2.00
12903,39875.00,"4- Demerara- Mahaica",,"Lamaha Park Public Road",,"-58.1426","6.7935",,,5/28/2012 0:00:00,12/30/1899 17:15:00,"B- Serious Injury","F- Driver",30.00,"Female","K- Private Cars","S- Driver's Negligence",2.00
12904,39876.00,"4- Demerara- Mahaica",,"Mandela Avenue",,"-58.1601","6.7919",,,6/1/2012 0:00:00,12/30/1899 16:30:00,"C- Minor Injury","G- Rider",45.00,"Male","K- Private Cars;V-Motor Cycle","P- Speeding",2.00
12905,39877.00,"4- Demerara- Mahaica",,"Norton Street",,"-58.1519","6.8017",,,6/3/2012 0:00:00,12/30/1899 13:30:00,"D- Property Damage","F- Driver",31.00,"Male","K- Private Cars;M- Hire Cars","S- Driver's Negligence",2.00