"ID","Accident ID","Region Number","Corridor ID","Location (Intersection/Road/Street)","Corridor","Location- longitude/ X","Location- latitude/  Y","Mile Marker","Village","Date of Accident","Time of Accident","Type of Accident","Class of Road User","Age/DOB","Gender","Class of Vehicles Involved","Contributing Factor","Number of Persons Involved"
12906,39878.00,"4- Demerara- Mahaica",,"Mandela Avenue",,"-58.1601","6.7919",,,6/5/2012 0:00:00,12/30/1899 14:45:00,"B- Serious Injury","F- Driver",30.00,"Male","L- Lorries Van","O- Lost Control & Runoff",2.00
12907,39879.00,"4- Demerara- Mahaica",,"Aubrey Barker Road",,"-58.1388","6.7858",,,6/9/2012 0:00:00,12/30/1899 21:30:00,"D- Property Damage","F- Driver",35.00,"Male","J- Minibus;K- Private Cars;M- Hire Cars","S- Driver's Negligence",3.00
12908,39880.00,"4- Demerara- Mahaica",,"Durban Street",,"-58.1526","6.8028",,,6/9/2012 0:00:00,12/30/1899 20:45:00,"D- Property Damage","F- Driver",26.00,"Male","K- Private Cars","S- Driver's Negligence",2.00
12909,39881.00,"4- Demerara- Mahaica",,"Mandela Avenue & Home Stretch Avenue",,"-58.1390","6.8028",,,6/9/2012 0:00:00,12/30/1899 23:45:00,"D- Property Damage","F- Driver",31.00,"Male","K- Private Cars;L- Lorries Van","S- Driver's Negligence",2.00
12910,39882.00,"4- Demerara- Mahaica",,"Takuba Road",,"-58.1385","6.7951",,,6/11/2012 0:00:00,12/30/1899 18:25:00,"D- Property Damage","F- Driver",30.00,"Male","K- Private Cars","S- Driver's Negligence",2.00
12911,39883.00,"4- Demerara- Mahaica",,"Home Stretch Ave.",,"-58.1428","6.8038",,,7/4/2012 0:00:00,12/30/1899 8:05:00,"D- Property Damage","F- Driver",31.00,"Female","K- Private Cars","S- Driver's Negligence",2.00
12912,39884.00,"4- Demerara- Mahaica",,"Aubrey Barker Road",,"-58.1388","6.7858",,,5/26/2012 0:00:00,12/30/1899 17:25:00,"D- Property Damage","F- Driver",26.00,"Female","V-Motor Cycle","U- Cyclist's Negligence",2.00
12913,39885.00,"4- Demerara- Mahaica",,"Freeman Street",,"-58.1479","6.7928",,,6/15/2012 0:00:00,12/30/1899 19:00:00,"C- Minor Injury","G- Rider",50.00,"Female","K- Private Cars;W-Pedal Cycle","U- Cyclist's Negligence",2.00
12914,39886.00,"4- Demerara- Mahaica",,"Mandela Avenue",,"-58.1601","6.7919",,,6/20/2012 0:00:00,12/30/1899 15:15:00,"C- Minor Injury","F- Driver",43.00,"Male","M- Hire Cars","S- Driver's Negligence",2.00
12915,39887.00,"4- Demerara- Mahaica",,"Aubrey Barker Road",,"-58.1388","6.7858",,,6/20/2012 0:00:00,12/30/1899 19:30:00,"C- Minor Injury","F- Driver",21.00,"Male","K- Private Cars;V-Motor Cycle","U- Cyclist's Negligence",2.00
12916,39888.00,"4- Demerara- Mahaica",,"Aubrey Barker Road",,"-58.1388","6.7858",,,6/23/2012 0:00:00,12/30/1899 5:10:00,"D- Property Damage","F- Driver",35.00,"Male","K- Private Cars;M- Hire Cars","S- Driver's Negligence",2.00
12917,39889.00,"4- Demerara- Mahaica",,"Mandela Avenue",,"-58.1601","6.7919",,,6/27/2012 0:00:00,12/30/1899 13:45:00,"D- Property Damage","F- Driver",59.00,"Male","J- Minibus;M- Hire Cars","P- Speeding",2.00
12918,39890.00,"4- Demerara- Mahaica",,"Mandela Avenue",,"-58.1601","6.7919",,,6/29/2012 0:00:00,12/30/1899 11:30:00,"C- Minor Injury","F- Driver",36.00,"Male","K- Private Cars;N- Pickup","S- Driver's Negligence",2.00
12919,39891.00,"4- Demerara- Mahaica",,"Mandela Avenue",,"-58.1601","6.7919",,,6/30/2012 0:00:00,12/30/1899 19:15:00,"D- Property Damage","F- Driver",23.00,"Male","K- Private Cars","T-Pedestrian's Negligence",2.00
12920,39892.00,"4- Demerara- Mahaica",,"Mandela Avenue",,"-58.1601","6.7919",,,7/8/2012 0:00:00,12/30/1899 21:00:00,"B- Serious Injury","F- Driver",38.00,"Male","K- Private Cars;M- Hire Cars","S- Driver's Negligence",2.00
12921,39893.00,"4- Demerara- Mahaica",,"Aubrey Barker Road",,"-58.1388","6.7858",,,7/9/2012 0:00:00,12/30/1899 0:20:00,"D- Property Damage","F- Driver",55.00,"Male","K- Private Cars;V-Motor Cycle","S- Driver's Negligence",2.00
12922,39894.00,"4- Demerara- Mahaica",,"Home Stretch Ave.",,"-58.1428","6.8038",,,7/11/2012 0:00:00,12/30/1899 23:45:00,"D- Property Damage","F- Driver",24.00,"Male","K- Private Cars;W-Pedal Cycle","S- Driver's Negligence",2.00
12923,39895.00,"4- Demerara- Mahaica",,"Mandela Avenue",,"-58.1601","6.7919",,,7/28/2012 0:00:00,12/30/1899 16:38:00,"B- Serious Injury","F- Driver",32.00,"Male","M- Hire Cars;V-Motor Cycle","S- Driver's Negligence",2.00
12924,39896.00,"4- Demerara- Mahaica",,"Mandela Avenue",,"-58.1601","6.7919",,,7/31/2012 0:00:00,12/30/1899 12:30:00,"D- Property Damage","F- Driver",,"Male","K- Private Cars;N- Pickup","S- Driver's Negligence",2.00
12925,39897.00,"4- Demerara- Mahaica",,"Mandela Avenue",,"-58.1601","6.7919",,,7/28/2012 0:00:00,12/30/1899 21:45:00,"D- Property Damage","F- Driver",31.00,"Male","K- Private Cars;M- Hire Cars","P- Speeding",2.00
12926,39898.00,"4- Demerara- Mahaica",,"Cemetary  Road",,"-58.1524","6.7963",,,7/28/2012 0:00:00,12/30/1899 21:45:00,"B- Serious Injury","E- Pedestrian",24.00,"Female","K- Private Cars","T-Pedestrian's Negligence",2.00
12927,39899.00,"4- Demerara- Mahaica",,"Mandela Avenue",,"-58.1601","6.7919",,,8/3/2012 0:00:00,12/30/1899 20:30:00,"C- Minor Injury","G- Rider",31.00,"Male","K- Private Cars;W-Pedal Cycle","S- Driver's Negligence",2.00
12928,39900.00,"4- Demerara- Mahaica",,"Mandela Avenue",,"-58.1601","6.7919",,,8/4/2012 0:00:00,12/30/1899 15:30:00,"B- Serious Injury","F- Driver",39.00,"Male","M- Hire Cars;V-Motor Cycle","S- Driver's Negligence",2.00
12929,39901.00,"4- Demerara- Mahaica",,"Aubrey Barker Road",,"-58.1388","6.7858",,,8/6/2012 0:00:00,12/30/1899 8:30:00,"D- Property Damage","F- Driver",63.00,"Male","K- Private Cars","S- Driver's Negligence",2.00
12930,39902.00,"4- Demerara- Mahaica",,"Mandela Avenue",,"-58.1601","6.7919",,,8/13/2012 0:00:00,12/30/1899 1:15:00,"B- Serious Injury","F- Driver",22.00,"Male","K- Private Cars;V-Motor Cycle","U- Cyclist's Negligence",2.00
12931,39903.00,"4- Demerara- Mahaica",,"Mandela Avenue",,"-58.1601","6.7919",,,8/15/2012 0:00:00,12/30/1899 18:20:00,"A- Fatal","F- Driver",37.00,"Male","K- Private Cars","T-Pedestrian's Negligence",2.00
12932,39904.00,"4- Demerara- Mahaica",,"Vlissengen Road",,"-58.1474","6.8108",,,8/13/2012 0:00:00,12/30/1899 15:30:00,"D- Property Damage","F- Driver",40.00,"Female","K- Private Cars;M- Hire Cars","S- Driver's Negligence",2.00
12933,39905.00,"4- Demerara- Mahaica",,"Aubrey Barker Road",,"-58.1388","6.7858",,,8/14/2012 0:00:00,12/30/1899 17:20:00,"D- Property Damage","F- Driver",30.00,"Male","K- Private Cars;L- Lorries Van","S- Driver's Negligence",2.00
12934,39906.00,"4- Demerara- Mahaica",,"Aubrey Barker Road",,"-58.1388","6.7858",,,8/14/2012 0:00:00,12/30/1899 8:00:00,"C- Minor Injury","F- Driver",14.00,"Female","K- Private Cars","S- Driver's Negligence",2.00
12935,39907.00,"4- Demerara- Mahaica",,"Norton & Victor Street",,"-58.1468","6.8004",,,8/18/2012 0:00:00,12/30/1899 14:04:00,"B- Serious Injury","G- Rider",64.00,"Male","K- Private Cars;V-Motor Cycle","U- Cyclist's Negligence",2.00
12936,39908.00,"4- Demerara- Mahaica",,"Home Stretch Ave.",,"-58.1428","6.8038",,,8/25/2012 0:00:00,12/30/1899 2:00:00,"D- Property Damage","F- Driver",38.00,"Male","K- Private Cars","S- Driver's Negligence",1.00
12937,39909.00,"4- Demerara- Mahaica",,"Norton Street",,"-58.1519","6.8017",,,8/26/2012 0:00:00,12/30/1899 17:30:00,"C- Minor Injury","F- Driver",40.00,"Male","M- Hire Cars;V-Motor Cycle","S- Driver's Negligence",2.00
12938,39910.00,"4- Demerara- Mahaica",,"Norton Street",,"-58.1519","6.8017",,,9/16/2012 0:00:00,12/30/1899 9:00:00,"D- Property Damage","F- Driver",,"Male","K- Private Cars","S- Driver's Negligence",1.00
12939,39911.00,"4- Demerara- Mahaica",,"Mandela Avenue",,"-58.1601","6.7919",,,9/7/2012 0:00:00,12/30/1899 12:00:00,"D- Property Damage","F- Driver",29.00,"Male","J- Minibus;K- Private Cars","S- Driver's Negligence",2.00
12940,39912.00,"4- Demerara- Mahaica",,"Durban Street",,"-58.1526","6.8028",,,9/7/2012 0:00:00,12/30/1899 17:30:00,"B- Serious Injury","E- Pedestrian",37.00,"Female","V-Motor Cycle","U- Cyclist's Negligence",2.00
12941,39913.00,"4- Demerara- Mahaica",,"Durban Street",,"-58.1526","6.8028",,,9/12/2012 0:00:00,12/30/1899 15:20:00,"B- Serious Injury","E- Pedestrian",11.00,"Female","J- Minibus","T-Pedestrian's Negligence",2.00
12942,39914.00,"4- Demerara- Mahaica",,"Aubrey Barker Road",,"-58.1388","6.7858",,,9/17/2012 0:00:00,12/30/1899 11:30:00,"B- Serious Injury","F- Driver",28.00,"Male","K- Private Cars;W-Pedal Cycle","S- Driver's Negligence",2.00
12943,39915.00,"4- Demerara- Mahaica",,"Mandela Avenue",,"-58.1601","6.7919",,,9/6/2012 0:00:00,12/30/1899 21:30:00,"B- Serious Injury","F- Driver",51.00,"Female","J- Minibus;K- Private Cars","S- Driver's Negligence",2.00
12944,39916.00,"4- Demerara- Mahaica",,"Durban & Chapel Street",,"-58.1636","6.8057",,,9/6/2012 0:00:00,12/30/1899 7:15:00,"B- Serious Injury","F- Driver",65.00,"Male","J- Minibus;V-Motor Cycle","U- Cyclist's Negligence",2.00
12945,39917.00,"4- Demerara- Mahaica",,"Mandela Avenue",,"-58.1601","6.7919",,,10/10/2012 0:00:00,12/30/1899 11:30:00,"D- Property Damage","F- Driver",45.00,"Male","J- Minibus;V-Motor Cycle","S- Driver's Negligence",2.00
12946,39918.00,"4- Demerara- Mahaica",,"Nutmeg Street",,"-58.1342","6.7884",,,9/7/2012 0:00:00,12/30/1899 12:00:00,"D- Property Damage","F- Driver",57.00,"Male","K- Private Cars;M- Hire Cars","P- Speeding",2.00
12947,39919.00,"4- Demerara- Mahaica",,"Norton Street & Cemetary Road",,"-58.1477","6.8088",,,10/15/2012 0:00:00,12/30/1899 23:00:00,"B- Serious Injury","G- Rider",,"Male","J- Minibus;V-Motor Cycle","U- Cyclist's Negligence",2.00
12948,39920.00,"4- Demerara- Mahaica",,"Mandela Avenue",,"-58.1601","6.7919",,,10/19/2012 0:00:00,12/30/1899 17:30:00,"D- Property Damage","F- Driver",28.00,"Male","L- Lorries Van;M- Hire Cars","P- Speeding",2.00
12949,39921.00,"4- Demerara- Mahaica",,"Mandela Avenue",,"-58.1601","6.7919",,,10/22/2012 0:00:00,12/30/1899 22:30:00,"D- Property Damage","F- Driver",46.00,"Male","K- Private Cars;V-Motor Cycle","S- Driver's Negligence",2.00
12950,39922.00,"4- Demerara- Mahaica",,"David Rose Street",,"-58.1479","6.7867",,,10/19/2012 0:00:00,12/30/1899 22:30:00,"D- Property Damage","F- Driver",29.00,"Female","K- Private Cars","S- Driver's Negligence",2.00
12951,39923.00,"4- Demerara- Mahaica",,"Wren Avenue",,"-58.1484","6.7872",,,10/17/2012 0:00:00,12/30/1899 17:30:00,"C- Minor Injury","F- Driver",12.00,"Male","J- Minibus","S- Driver's Negligence",2.00
12952,39924.00,"4- Demerara- Mahaica",,"Mandela Avenue",,"-58.1601","6.7919",,,10/25/2012 0:00:00,12/30/1899 8:50:00,"D- Property Damage","F- Driver",28.00,"Male","J- Minibus;K- Private Cars","S- Driver's Negligence",2.00
12953,39925.00,"4- Demerara- Mahaica",,"East Ruimveldt Front Road",,"-58.1489","6.7920",,,10/26/2012 0:00:00,12/30/1899 13:30:00,"B- Serious Injury","G- Rider",25.00,"Female","V-Motor Cycle;W-Pedal Cycle","U- Cyclist's Negligence",2.00
12954,39926.00,"4- Demerara- Mahaica",,"Cemetary  Road",,"-58.1524","6.7963",,,11/12/2012 0:00:00,12/30/1899 12:25:00,"B- Serious Injury","F- Driver",19.00,"Male","K- Private Cars;V-Motor Cycle","S- Driver's Negligence",2.00
12955,39927.00,"4- Demerara- Mahaica",,"Vlissengen Road",,"-58.1474","6.8108",,,11/10/2012 0:00:00,12/30/1899 20:45:00,"C- Minor Injury","F- Driver",64.00,"Female","K- Private Cars","T-Pedestrian's Negligence",2.00
12956,39928.00,"4- Demerara- Mahaica",,"Durban & Chapel Street",,"-58.1636","6.8057",,,11/15/2012 0:00:00,12/30/1899 7:15:00,"B- Serious Injury","F- Driver",17.00,"Male","K- Private Cars;V-Motor Cycle","S- Driver's Negligence",2.00
12957,39929.00,"4- Demerara- Mahaica",,"Home Stretch Ave.",,"-58.1428","6.8038",,,11/19/2012 0:00:00,12/30/1899 10:15:00,"D- Property Damage","F- Driver",,"Male","K- Private Cars;M- Hire Cars","S- Driver's Negligence",2.00
12958,39930.00,"4- Demerara- Mahaica",,"Durban & Vlissengen",,"-58.1511","6.8025",,,11/27/2012 0:00:00,12/30/1899 11:30:00,"D- Property Damage","F- Driver",21.00,"Male","K- Private Cars;M- Hire Cars","S- Driver's Negligence",3.00
12959,39931.00,"4- Demerara- Mahaica",,"Norton Street",,"-58.1519","6.8017",,,12/6/2012 0:00:00,12/30/1899 23:30:00,"D- Property Damage","F- Driver",47.00,"Male","K- Private Cars;M- Hire Cars","S- Driver's Negligence",2.00
12960,39932.00,"4- Demerara- Mahaica",,"Mandela Avenue",,"-58.1601","6.7919",,,9/3/2012 0:00:00,12/30/1899 12:00:00,"D- Property Damage","F- Driver",33.00,"Male","K- Private Cars","S- Driver's Negligence",1.00
12961,39933.00,"4- Demerara- Mahaica",,"Aubrey Barker Road",,"-58.1388","6.7858",,,12/13/2012 0:00:00,12/30/1899 13:30:00,"B- Serious Injury","F- Driver",19.00,"Male","J- Minibus","T-Pedestrian's Negligence",2.00
12962,39934.00,"4- Demerara- Mahaica",,"Mandela Avenue",,"-58.1601","6.7919",,,12/14/2012 0:00:00,12/30/1899 4:20:00,"B- Serious Injury","F- Driver",40.00,"Male","K- Private Cars;M- Hire Cars","S- Driver's Negligence",2.00
12963,39935.00,"4- Demerara- Mahaica",,"Aubrey Barker Road",,"-58.1388","6.7858",,,12/16/2012 0:00:00,12/30/1899 1:00:00,"A- Fatal","F- Driver",30.00,"Male","K- Private Cars","P- Speeding",2.00
12964,39936.00,"4- Demerara- Mahaica",,"Mandela Avenue",,"-58.1601","6.7919",,,12/16/2012 0:00:00,12/30/1899 4:45:00,"C- Minor Injury","F- Driver",30.00,"Male","K- Private Cars;M- Hire Cars","S- Driver's Negligence",2.00
12965,39937.00,"4- Demerara- Mahaica",,"Home Stretch Ave.",,"-58.1428","6.8038",,,12/16/2012 0:00:00,12/30/1899 22:55:00,"C- Minor Injury","F- Driver",57.00,"Male","N- Pickup","S- Driver's Negligence",2.00
12966,39938.00,"4- Demerara- Mahaica",,"Takuba Road",,"-58.1385","6.7951",,,12/21/2012 0:00:00,12/30/1899 12:00:00,"D- Property Damage","F- Driver",40.00,"Male","K- Private Cars;L- Lorries Van","S- Driver's Negligence",2.00
12967,39939.00,"4- Demerara- Mahaica",,"Mandela Avenue",,"-58.1601","6.7919",,,12/21/2012 0:00:00,12/30/1899 19:10:00,"C- Minor Injury","F- Driver",42.00,"Male","K- Private Cars;L- Lorries Van","P- Speeding",2.00
12968,39940.00,"4- Demerara- Mahaica",,"Norton Street & Cemetary Road",,"-58.1477","6.8088",,,12/22/2012 0:00:00,12/30/1899 22:00:00,"B- Serious Injury","F- Driver",57.00,"Male","J- Minibus;K- Private Cars","S- Driver's Negligence",2.00
12969,39941.00,"4- Demerara- Mahaica",,"Mandela Avenue",,"-58.1601","6.7919",,,12/27/2012 0:00:00,12/30/1899 5:35:00,"A- Fatal","F- Driver",28.00,"Male","K- Private Cars;V-Motor Cycle","S- Driver's Negligence",2.00
12970,39942.00,"4- Demerara- Mahaica",,"Aubrey Barker Road",,"-58.1388","6.7858",,,12/30/2012 0:00:00,12/30/1899 19:30:00,"A- Fatal","F- Driver",46.00,"Male","M- Hire Cars;V-Motor Cycle","U- Cyclist's Negligence",2.00
12971,39943.00,"4- Demerara- Mahaica",,"Durban Street",,"-58.1526","6.8028",,,12/30/2012 0:00:00,12/30/1899 18:00:00,"B- Serious Injury","F- Driver",26.00,"Male","J- Minibus;V-Motor Cycle","P- Speeding",2.00
12972,39944.00,"4- Demerara- Mahaica",,"Barr & Alexander St.",,"-58.1421","6.8192",,"Kitty",7/19/2003 0:00:00,12/30/1899 12:00:00,"D- Property Damage","F- Driver",27.00,"Male","J- Minibus;K- Private Cars","S- Driver's Negligence",2.00
12973,39945.00,"4- Demerara- Mahaica",,"Garnett St.",,"-58.1414","6.8133",,"Kitty",7/23/2003 0:00:00,12/30/1899 0:00:00,"B- Serious Injury","F- Driver",35.00,"Male","J- Minibus;K- Private Cars;V-Motor Cycle","S- Driver's Negligence",3.00
12974,39946.00,"4- Demerara- Mahaica",,"Eastern Highway",,"-58.1349","6.8192",,"Kitty",6/13/2003 0:00:00,12/30/1899 18:30:00,"C- Minor Injury","G- Rider",,"Male","K- Private Cars;W-Pedal Cycle","U- Cyclist's Negligence",2.00
12975,39947.00,"4- Demerara- Mahaica",,"Sheriff St.",,"-58.1359","6.8156",,"Kitty",7/25/2003 0:00:00,12/30/1899 16:35:00,"D- Property Damage","F- Driver",32.00,"Male","K- Private Cars;V-Motor Cycle","S- Driver's Negligence",2.00
12976,39948.00,"4- Demerara- Mahaica",,"Vlissengen Rd.",,"-58.1474","6.8108",,"Kitty",7/29/2003 0:00:00,12/30/1899 9:30:00,"D- Property Damage","F- Driver",28.00,"Female","J- Minibus;K- Private Cars","S- Driver's Negligence",2.00
12977,39949.00,"4- Demerara- Mahaica",,"Barr St.",,"-58.1643","6.7993",,"Kitty",7/29/2003 0:00:00,12/30/1899 19:35:00,"D- Property Damage","F- Driver",26.00,"Female","K- Private Cars","S- Driver's Negligence",2.00
12978,39950.00,"4- Demerara- Mahaica",,"Alexander St.",,"-58.1592","6.8102",,"Kitty",7/30/2003 0:00:00,12/30/1899 12:30:00,"D- Property Damage","F- Driver",54.00,"Male","K- Private Cars","P- Speeding",2.00
12979,39951.00,"4- Demerara- Mahaica",,"Vlissengen Rd.",,"-58.1474","6.8108",,"Kitty",7/30/2003 0:00:00,12/30/1899 14:42:00,"D- Property Damage","F- Driver",44.00,"Male","K- Private Cars;M- Hire Cars","S- Driver's Negligence",2.00
12980,39952.00,"4- Demerara- Mahaica",,"Bel Air",,"-58.1432","6.8092",,"Kitty",8/6/2003 0:00:00,12/30/1899 7:30:00,"D- Property Damage","F- Driver",21.00,"Female","K- Private Cars;M- Hire Cars","S- Driver's Negligence",2.00
12981,39953.00,"4- Demerara- Mahaica",,"J.B. Singh Rd.",,"-58.1449","6.8203",,"Kitty",8/6/2003 0:00:00,12/30/1899 19:10:00,"C- Minor Injury","F- Driver",41.00,"Male","K- Private Cars;L- Lorries Van;V-Motor Cycle","S- Driver's Negligence",3.00
12982,39954.00,"4- Demerara- Mahaica",,"Sheriff & Dennis St.",,"-58.1366","6.8130",,"Kitty",8/8/2003 0:00:00,12/30/1899 23:45:00,"C- Minor Injury","F- Driver",33.00,"Male","K- Private Cars;M- Hire Cars","P- Speeding",2.00
12983,39955.00,"4- Demerara- Mahaica",,"Sheriff St.",,"-58.1359","6.8156",,"Kitty",8/10/2003 0:00:00,12/30/1899 3:00:00,"D- Property Damage","F- Driver",36.00,"Male","K- Private Cars;L- Lorries Van","P- Speeding",2.00
12984,39956.00,"4- Demerara- Mahaica",,"Sheriff St.",,"-58.1359","6.8156",,"Kitty",8/10/2003 0:00:00,12/30/1899 4:00:00,"C- Minor Injury","F- Driver",,"Male","K- Private Cars;V-Motor Cycle","P- Speeding",2.00
12985,39957.00,"4- Demerara- Mahaica",,"Stone Ave.",,"-58.1343","6.8147",,"Kitty",8/13/2003 0:00:00,12/30/1899 18:35:00,"C- Minor Injury","F- Driver",,"Male","K- Private Cars;V-Motor Cycle","S- Driver's Negligence",2.00
12986,39958.00,"4- Demerara- Mahaica",,"Sandy Babb St.",,"-58.1422","6.8174",,"Kitty",8/14/2003 0:00:00,12/30/1899 10:30:00,"B- Serious Injury","F- Driver",52.00,"Male","M- Hire Cars;V-Motor Cycle","S- Driver's Negligence",3.00
12987,39959.00,"4- Demerara- Mahaica",,"J.B. Singh Rd. & Sandy Babb St.",,"-58.1451","6.8183",,"Kitty",8/16/2003 0:00:00,12/30/1899 18:35:00,"C- Minor Injury","F- Driver",53.00,"Male","M- Hire Cars;V-Motor Cycle","S- Driver's Negligence",2.00
12988,39960.00,"4- Demerara- Mahaica",,"J.B. Singh Rd.",,"-58.1449","6.8203",,"Kitty",8/25/2003 0:00:00,12/30/1899 20:00:00,"B- Serious Injury","G- Rider",46.00,"Male","K- Private Cars;V-Motor Cycle","U- Cyclist's Negligence",2.00
12989,39961.00,"4- Demerara- Mahaica",,"Sheriff St.",,"-58.1359","6.8156",,"Kitty",8/31/2003 0:00:00,12/30/1899 1:15:00,"D- Property Damage","F- Driver",,"Male","K- Private Cars","S- Driver's Negligence",1.00
12990,39962.00,"4- Demerara- Mahaica",,"Lamaha St.",,"-58.1601","6.8190",,"Kitty",8/31/2003 0:00:00,12/30/1899 18:40:00,"D- Property Damage","F- Driver",46.00,"Male","K- Private Cars;L- Lorries Van","S- Driver's Negligence",2.00
12991,39963.00,"4- Demerara- Mahaica",,"Barr & Alexander St.",,"-58.1421","6.8192",,"Kitty",8/29/2003 0:00:00,12/30/1899 4:20:00,"C- Minor Injury","F- Driver",,"Male","K- Private Cars","S- Driver's Negligence",2.00
12992,39964.00,"4- Demerara- Mahaica",,"Garnett St.",,"-58.1414","6.8133",,"Kitty",9/3/2003 0:00:00,12/30/1899 23:30:00,"A- Fatal","F- Driver",31.00,"Male","M- Hire Cars;V-Motor Cycle","S- Driver's Negligence",2.00
12993,39965.00,"4- Demerara- Mahaica",,"Sheriff St.",,"-58.1359","6.8156",,"Kitty",9/8/2003 0:00:00,12/30/1899 3:30:00,"C- Minor Injury","F- Driver",38.00,"Female","K- Private Cars","S- Driver's Negligence",2.00
12994,39966.00,"4- Demerara- Mahaica",,"Lsprin Ave.",,,,,"Kitty",9/5/2003 0:00:00,12/30/1899 12:00:00,"C- Minor Injury","F- Driver",41.00,"Male","K- Private Cars","S- Driver's Negligence",2.00
12995,39967.00,"4- Demerara- Mahaica",,"Rupert Craig Highway",,"-58.1150","6.8254",,"Kitty",9/5/2003 0:00:00,12/30/1899 9:43:00,"C- Minor Injury","F- Driver",29.00,"Male","J- Minibus","P- Speeding",3.00
12996,39968.00,"4- Demerara- Mahaica",,"Barr St. & Vlissengen Rd.",,"-58.1447","6.8198",,"Kitty",9/10/2003 0:00:00,12/30/1899 20:30:00,"D- Property Damage","F- Driver",39.00,"Male","K- Private Cars","S- Driver's Negligence",2.00
12997,39969.00,"4- Demerara- Mahaica",,"Rupert Craig Highway",,"-58.1150","6.8254",,"Kitty",9/14/2003 0:00:00,12/30/1899 17:30:00,"A- Fatal","E- Pedestrian",70.00,"Male","J- Minibus","T-Pedestrian's Negligence",2.00
12998,39970.00,"4- Demerara- Mahaica",,"Sheriff St.",,"-58.1359","6.8156",,"Kitty",9/7/2003 0:00:00,12/30/1899 3:30:00,"D- Property Damage","F- Driver",38.00,"Male","K- Private Cars","S- Driver's Negligence",2.00
12999,39971.00,"4- Demerara- Mahaica",,"Railway Embankment & Conversation Tree Rd.",,"-58.1300","6.8238",,"Kitty",9/11/2003 0:00:00,,"B- Serious Injury","F- Driver",24.00,"Male","K- Private Cars;M- Hire Cars","S- Driver's Negligence",2.00
13000,39972.00,"4- Demerara- Mahaica",,"David & Alexander St.",,"-58.1411","6.8224",,"Kitty",9/17/2003 0:00:00,12/30/1899 12:30:00,"D- Property Damage","F- Driver",30.00,"Female","J- Minibus;K- Private Cars","S- Driver's Negligence",2.00
13001,39973.00,"4- Demerara- Mahaica",,"Garnett St.",,"-58.1414","6.8133",,"Kitty",9/18/2003 0:00:00,12/30/1899 4:08:00,"D- Property Damage","F- Driver",28.00,"Male","K- Private Cars","S- Driver's Negligence",1.00
13002,39974.00,"4- Demerara- Mahaica",,"Sheriff St.",,"-58.1359","6.8156",,"Kitty",9/24/2003 0:00:00,12/30/1899 9:00:00,"C- Minor Injury","F- Driver",,"Female","K- Private Cars;N- Pickup","S- Driver's Negligence",2.00
13003,39975.00,"4- Demerara- Mahaica",,"Garnett St.",,"-58.1414","6.8133",,"Kitty",9/27/2003 0:00:00,12/30/1899 10:30:00,"D- Property Damage","F- Driver",27.00,"Male","J- Minibus;K- Private Cars","P- Speeding",2.00
13004,39976.00,"4- Demerara- Mahaica",,"David & Alexander St.",,"-58.1411","6.8224",,"Kitty",9/26/2003 0:00:00,12/30/1899 10:30:00,"D- Property Damage","F- Driver",44.00,"Male","J- Minibus;N- Pickup","P- Speeding",2.00
13005,39977.00,"4- Demerara- Mahaica",,"Garnett St.",,"-58.1414","6.8133",,"Kitty",9/27/2003 0:00:00,12/30/1899 14:30:00,"D- Property Damage","F- Driver",,"Male","K- Private Cars","P- Speeding",2.00
13006,39978.00,"4- Demerara- Mahaica",,"Alexander & Pike St.",,"-58.1417","6.8208",,"Kitty",9/27/2003 0:00:00,12/30/1899 12:00:00,"C- Minor Injury","F- Driver",,"Male","K- Private Cars;V-Motor Cycle","S- Driver's Negligence",2.00
13007,39979.00,"4- Demerara- Mahaica",,"Vlissengen Rd. & Sandy Babb St.",,"-58.1453","6.8183",,"Kitty",9/30/2003 0:00:00,12/30/1899 17:00:00,"D- Property Damage","F- Driver",,"Male","L- Lorries Van","S- Driver's Negligence",2.00
13008,39980.00,"4- Demerara- Mahaica",,"Sheriff St.",,"-58.1359","6.8156",,"Kitty",10/7/2003 0:00:00,12/30/1899 8:15:00,"D- Property Damage","G- Rider",29.00,"Female","M- Hire Cars;V-Motor Cycle","P- Speeding",2.00
13009,39981.00,"4- Demerara- Mahaica",,"Sheriff St.",,"-58.1359","6.8156",,"Kitty",10/18/2003 0:00:00,12/30/1899 9:30:00,"D- Property Damage","F- Driver",,"Male","L- Lorries Van","P- Speeding",2.00
13010,39982.00,"4- Demerara- Mahaica",,"Sheriff St. & Rupert Craig Highway",,"-58.1331","6.8254",,"Kitty",10/23/2003 0:00:00,12/30/1899 8:15:00,"C- Minor Injury","F- Driver",,"Female","K- Private Cars","P- Speeding",2.00
13011,39983.00,"4- Demerara- Mahaica",,"Garnett St.",,"-58.1414","6.8133",,"Kitty",10/27/2003 0:00:00,12/30/1899 13:00:00,"B- Serious Injury","F- Driver",41.00,"Male","K- Private Cars;W-Pedal Cycle","P- Speeding",2.00
13012,39984.00,"4- Demerara- Mahaica",,"Sheriff St.",,"-58.1359","6.8156",,"Kitty",11/3/2003 0:00:00,12/30/1899 12:15:00,"C- Minor Injury","F- Driver",,"Male","K- Private Cars;V-Motor Cycle","S- Driver's Negligence",2.00
13013,39985.00,"4- Demerara- Mahaica",,"Vlissengen Rd.",,"-58.1474","6.8108",,"Kitty",11/3/2003 0:00:00,12/30/1899 22:20:00,"C- Minor Injury","F- Driver",37.00,"Male","K- Private Cars;V-Motor Cycle","P- Speeding",2.00
13014,39986.00,"4- Demerara- Mahaica",,"Lamaha & Vlissengen Rd.",,"-58.1462","6.8153",,"Kitty",11/21/2003 0:00:00,12/30/1899 12:45:00,"C- Minor Injury","F- Driver",55.00,"Male","K- Private Cars;M- Hire Cars","S- Driver's Negligence",2.00
13015,39987.00,"4- Demerara- Mahaica",,"Sheriff St.",,"-58.1359","6.8156",,"Kitty",11/20/2003 0:00:00,12/30/1899 4:15:00,"C- Minor Injury","F- Driver",57.00,"Male","K- Private Cars;V-Motor Cycle","S- Driver's Negligence",2.00
13016,39988.00,"4- Demerara- Mahaica",,"Sheriff St. & Rupert St.",,"-58.1331","6.8254",,"Kitty",11/27/2003 0:00:00,12/30/1899 14:35:00,"D- Property Damage","F- Driver",50.00,"Male","K- Private Cars;L- Lorries Van","P- Speeding",2.00