"ID","Accident ID","Region Number","Corridor ID","Location (Intersection/Road/Street)","Corridor","Location- longitude/ X","Location- latitude/  Y","Mile Marker","Village","Date of Accident","Time of Accident","Type of Accident","Class of Road User","Age/DOB","Gender","Class of Vehicles Involved","Contributing Factor","Number of Persons Involved"
13017,39989.00,"4- Demerara- Mahaica",,"Sandy Babb St.",,"-58.1422","6.8174",,"Kitty",11/25/2003 0:00:00,12/30/1899 10:31:00,"C- Minor Injury","F- Driver",31.00,"Male","K- Private Cars;W-Pedal Cycle","S- Driver's Negligence",2.00
13018,39990.00,"4- Demerara- Mahaica",,"Rupert Craig Highway",,"-58.1150","6.8254",,"Kitty",12/1/2003 0:00:00,12/30/1899 7:35:00,"D- Property Damage","F- Driver",28.00,"Male","J- Minibus","P- Speeding",2.00
13019,39991.00,"4- Demerara- Mahaica",,"Rupert Craig Highway",,"-58.1150","6.8254",,"Kitty",12/2/2003 0:00:00,12/30/1899 18:15:00,"D- Property Damage","F- Driver",65.00,"Male","K- Private Cars","S- Driver's Negligence",2.00
13020,39992.00,"4- Demerara- Mahaica",,"Garnett St.",,"-58.1414","6.8133",,"Kitty",12/5/2003 0:00:00,12/30/1899 3:00:00,"D- Property Damage","F- Driver",23.00,"Male","J- Minibus;K- Private Cars","S- Driver's Negligence",2.00
13021,39993.00,"4- Demerara- Mahaica",,"Garnett & Sheriff St.",,"-58.1369","6.8121",,"Kitty",12/8/2003 0:00:00,12/30/1899 8:15:00,"D- Property Damage","F- Driver",43.00,"Male","K- Private Cars","S- Driver's Negligence",2.00
13022,39994.00,"4- Demerara- Mahaica",,"Sheriff St.",,"-58.1359","6.8156",,"Kitty",12/8/2003 0:00:00,,"D- Property Damage","F- Driver",30.00,"Male","K- Private Cars;M- Hire Cars","S- Driver's Negligence",2.00
13023,39995.00,"4- Demerara- Mahaica",,"Carifesta Ave.",,"-58.1483","6.8240",,"Kitty",12/11/2003 0:00:00,12/30/1899 15:40:00,"D- Property Damage","F- Driver",25.00,"Female","K- Private Cars;M- Hire Cars","P- Speeding",2.00
13024,39996.00,"4- Demerara- Mahaica",,"Carifesta Ave.",,"-58.1483","6.8240",,"Kitty",12/13/2003 0:00:00,12/30/1899 11:30:00,"D- Property Damage","F- Driver",50.00,"Male","L- Lorries Van;M- Hire Cars","S- Driver's Negligence",2.00
13025,39997.00,"4- Demerara- Mahaica",,"Stone Ave.",,"-58.1343","6.8147",,"Kitty",,12/30/1899 16:30:00,"D- Property Damage","F- Driver",41.00,"Male","K- Private Cars","P- Speeding",2.00
13026,39998.00,"4- Demerara- Mahaica",,"Railway Embankment",,"-58.1334","6.8216",,"Kitty",12/16/2003 0:00:00,12/30/1899 12:00:00,"D- Property Damage","F- Driver",47.00,"Female","K- Private Cars;L- Lorries Van","S- Driver's Negligence",2.00
13027,39999.00,"4- Demerara- Mahaica",,"Stone Ave.",,"-58.1343","6.8147",,"Kitty",12/14/2003 0:00:00,12/30/1899 12:00:00,"C- Minor Injury","F- Driver",43.00,"Male","K- Private Cars","S- Driver's Negligence",2.00
13028,40000.00,"4- Demerara- Mahaica",,"Garnett St.",,"-58.1414","6.8133",,"Kitty",12/17/2003 0:00:00,12/30/1899 18:00:00,"D- Property Damage","F- Driver",,"Male","M- Hire Cars","S- Driver's Negligence",2.00
13029,40001.00,"4- Demerara- Mahaica",,"Rupert Craig Highway",,"-58.1150","6.8254",,"Kitty",1/4/2004 0:00:00,12/30/1899 3:00:00,"D- Property Damage","F- Driver",,"Male","K- Private Cars;M- Hire Cars","P- Speeding",2.00
13030,40002.00,"4- Demerara- Mahaica",,"David & Alexander St.",,"-58.1400","6.8222",,"Kitty",1/10/2004 0:00:00,12/30/1899 22:45:00,"C- Minor Injury","F- Driver",19.00,"Male","K- Private Cars","P- Speeding",2.00
13031,40003.00,"4- Demerara- Mahaica",,"Garnett St.",,"-58.1414","6.8133",,"Kitty",1/12/2004 0:00:00,12/30/1899 19:45:00,"A- Fatal","F- Driver",32.00,"Male","M- Hire Cars","S- Driver's Negligence",2.00
13032,40004.00,"4- Demerara- Mahaica",,"Rupert Craig Highway",,"-58.1150","6.8254",,"Kitty",1/14/2004 0:00:00,12/30/1899 8:00:00,"C- Minor Injury","F- Driver",23.00,"Female","K- Private Cars;M- Hire Cars","S- Driver's Negligence",2.00
13033,40005.00,"4- Demerara- Mahaica",,"David St.",,"-58.1397","6.8221",,"Kitty",1/9/2004 0:00:00,12/30/1899 7:30:00,"D- Property Damage","F- Driver",40.00,"Male","K- Private Cars;V-Motor Cycle","P- Speeding",2.00
13034,40006.00,"4- Demerara- Mahaica",,"Sheriff & Duncan St.",,"-58.1377","6.8093",,"Kitty",1/13/2004 0:00:00,12/30/1899 12:10:00,"D- Property Damage","F- Driver",,"Male","L- Lorries Van;N- Pickup","S- Driver's Negligence",2.00
13035,40007.00,"4- Demerara- Mahaica",,"Stone Ave.",,"-58.1343","6.8147",,"Kitty",1/24/2004 0:00:00,12/30/1899 16:30:00,"C- Minor Injury","F- Driver",42.00,"Male","K- Private Cars;M- Hire Cars","S- Driver's Negligence",2.00
13036,40008.00,"4- Demerara- Mahaica",,"Public Rd. Kitty",,"-58.1399","6.8246",,"Kitty",1/27/2004 0:00:00,12/30/1899 15:00:00,"C- Minor Injury","F- Driver",,"Male","K- Private Cars","S- Driver's Negligence",1.00
13037,40009.00,"4- Demerara- Mahaica",,"Sheriff St.",,"-58.1359","6.8156",,"Kitty",1/27/2004 0:00:00,12/30/1899 18:00:00,"B- Serious Injury","F- Driver",23.00,"Female","K- Private Cars","S- Driver's Negligence",2.00
13038,40010.00,"4- Demerara- Mahaica",,"Alexander & Sandy Babb St.",,"-58.1426","6.8176",,"Kitty",1/27/2004 0:00:00,12/30/1899 9:30:00,"C- Minor Injury","F- Driver",41.00,"Female","K- Private Cars;M- Hire Cars","S- Driver's Negligence",2.00
13039,40011.00,"4- Demerara- Mahaica",,"Vlissengen Rd.",,"-58.1474","6.8108",,"Kitty",1/31/2004 0:00:00,12/30/1899 11:55:00,"D- Property Damage","F- Driver",58.00,"Male","K- Private Cars","S- Driver's Negligence",1.00
13040,40012.00,"4- Demerara- Mahaica",,"Millington & Garnett St.",,"-58.1403","6.8130",,"Kitty",1/26/2004 0:00:00,12/30/1899 13:45:00,"D- Property Damage","F- Driver",57.00,"Male","K- Private Cars;V-Motor Cycle","S- Driver's Negligence",2.00
13041,40013.00,"4- Demerara- Mahaica",,"Vlissengen Rd.",,"-58.1474","6.8108",,"Kitty",1/11/2004 0:00:00,12/30/1899 12:00:00,"D- Property Damage","F- Driver",27.00,"Female","K- Private Cars;N- Pickup","S- Driver's Negligence",2.00
13042,40014.00,"4- Demerara- Mahaica",,"Rupert Craig Highway",,"-58.1150","6.8254",,"Kitty",2/6/2004 0:00:00,12/30/1899 8:50:00,"D- Property Damage","F- Driver",42.00,"Male","K- Private Cars;N- Pickup","S- Driver's Negligence",2.00
13043,40015.00,"4- Demerara- Mahaica",,"Sheriff St.",,"-58.1359","6.8156",,"Kitty",2/17/2004 0:00:00,12/30/1899 9:00:00,"D- Property Damage","F- Driver",29.00,"Male","K- Private Cars;L- Lorries Van","S- Driver's Negligence",2.00
13044,40016.00,"4- Demerara- Mahaica",,"Lamaha & Irving St.",,"-58.1516","6.8166",,"Kitty",2/12/2004 0:00:00,12/30/1899 15:50:00,"D- Property Damage","F- Driver",24.00,"Male","K- Private Cars","S- Driver's Negligence",2.00
13045,40017.00,"4- Demerara- Mahaica",,"Vlissengen Rd.",,"-58.1474","6.8108",,"Kitty",2/16/2004 0:00:00,12/30/1899 8:20:00,"D- Property Damage","F- Driver",42.00,"Male","K- Private Cars;N- Pickup","P- Speeding",2.00
13046,40018.00,"4- Demerara- Mahaica",,"Conversation Tree Road",,"-58.1295","6.8257",,"Kitty",2/24/2004 0:00:00,12/30/1899 17:00:00,"D- Property Damage","F- Driver",24.00,"Male","K- Private Cars","S- Driver's Negligence",2.00
13047,40019.00,"4- Demerara- Mahaica",,"Public Rd. Kitty",,"-58.1399","6.8246",,"Kitty",2/26/2004 0:00:00,12/30/1899 12:00:00,"C- Minor Injury","F- Driver",29.00,"Male","J- Minibus;M- Hire Cars","S- Driver's Negligence",2.00
13048,40020.00,"4- Demerara- Mahaica",,"Middleton St.",,"-58.1395","6.8162",,"Kitty",3/4/2004 0:00:00,12/30/1899 17:15:00,"C- Minor Injury","F- Driver",32.00,"Male","J- Minibus;K- Private Cars","P- Speeding",2.00
13049,40021.00,"4- Demerara- Mahaica",,"Railway Embankment",,"-58.1334","6.8216",,"Kitty",3/9/2004 0:00:00,12/30/1899 7:15:00,"C- Minor Injury","F- Driver",48.00,"Female","K- Private Cars","S- Driver's Negligence",2.00
13050,40022.00,"4- Demerara- Mahaica",,"Rupert Craig Highway",,"-58.1150","6.8254",,"Kitty",3/11/2004 0:00:00,12/30/1899 20:20:00,"B- Serious Injury","F- Driver",28.00,"Male","J- Minibus;K- Private Cars","R- Improper Overtaking",2.00
13051,40023.00,"4- Demerara- Mahaica",,"Sheriff St.",,"-58.1359","6.8156",,"Kitty",3/15/2004 0:00:00,12/30/1899 12:45:00,"B- Serious Injury","G- Rider",23.00,"Male","K- Private Cars;V-Motor Cycle","U- Cyclist's Negligence",2.00
13052,40024.00,"4- Demerara- Mahaica",,"Alexander & Thomas St.",,"-58.1586","6.8118",,"Kitty",3/22/2004 0:00:00,12/30/1899 20:00:00,"C- Minor Injury","E- Pedestrian",23.00,"Male","K- Private Cars","T-Pedestrian's Negligence",2.00
13053,40025.00,"4- Demerara- Mahaica",,"Sheriff St.",,"-58.1359","6.8156",,"Kitty",3/19/2004 0:00:00,12/30/1899 5:30:00,"B- Serious Injury","F- Driver",32.00,"Male","L- Lorries Van;M- Hire Cars","S- Driver's Negligence",2.00
13054,40026.00,"4- Demerara- Mahaica",,"J.B. Singh Rd.",,"-58.1449","6.8203",,"Kitty",3/16/2004 0:00:00,12/30/1899 12:20:00,"D- Property Damage","F- Driver",40.00,"Male","K- Private Cars;M- Hire Cars","S- Driver's Negligence",2.00
13055,40027.00,"4- Demerara- Mahaica",,"Clive Lloyd Dr.",,"-58.1433","6.8255",,"Kitty",3/23/2004 0:00:00,12/30/1899 10:00:00,"D- Property Damage","F- Driver",22.00,"Male","J- Minibus;K- Private Cars","S- Driver's Negligence",2.00
13056,40028.00,"4- Demerara- Mahaica",,"Garnett St.",,"-58.1414","6.8133",,"Kitty",3/24/2004 0:00:00,12/30/1899 7:40:00,"D- Property Damage","F- Driver",65.00,"Male","M- Hire Cars;N- Pickup","S- Driver's Negligence",2.00
13057,40029.00,"4- Demerara- Mahaica",,"Alexander St.",,"-58.1592","6.8102",,"Kitty",3/29/2004 0:00:00,12/30/1899 18:30:00,"D- Property Damage","F- Driver",41.00,"Male","J- Minibus;K- Private Cars","S- Driver's Negligence",2.00
13058,40030.00,"4- Demerara- Mahaica",,"Rupert Craig Highway",,"-58.1150","6.8254",,"Kitty",3/31/2004 0:00:00,12/30/1899 7:00:00,"B- Serious Injury","F- Driver",41.00,"Male","J- Minibus;L- Lorries Van","S- Driver's Negligence",2.00
13059,40031.00,"4- Demerara- Mahaica",,"Rupert Craig Highway",,"-58.1150","6.8254",,"Kitty",3/29/2004 0:00:00,12/30/1899 23:45:00,"D- Property Damage","F- Driver",,"Male","N- Pickup","S- Driver's Negligence",2.00
13060,40032.00,"4- Demerara- Mahaica",,"Sheriff & Akawini St.",,"-58.1377","6.8089",,"Kitty",4/8/2004 0:00:00,12/30/1899 6:40:00,"C- Minor Injury","F- Driver",48.00,"Male","K- Private Cars;V-Motor Cycle","S- Driver's Negligence",2.00
13061,40033.00,"4- Demerara- Mahaica",,"Public Rd. Kitty",,"-58.1399","6.8246",,"Kitty",4/13/2004 0:00:00,12/30/1899 15:15:00,"B- Serious Injury","E- Pedestrian",,"Female","N- Pickup","T-Pedestrian's Negligence",2.00
13062,40034.00,"4- Demerara- Mahaica",,"Vlissengen Rd.",,"-58.1474","6.8108",,"Kitty",4/16/2004 0:00:00,12/30/1899 11:00:00,"D- Property Damage","F- Driver",30.00,"Male","K- Private Cars;N- Pickup","S- Driver's Negligence",2.00
13063,40035.00,"4- Demerara- Mahaica",,"Vlissengen Rd.",,"-58.1474","6.8108",,"Kitty",4/19/2004 0:00:00,12/30/1899 22:30:00,"A- Fatal","E- Pedestrian",,"Female","M- Hire Cars","T-Pedestrian's Negligence",2.00
13064,40036.00,"4- Demerara- Mahaica",,"Rupert Craig Highway",,"-58.1150","6.8254",,"Kitty",4/18/2004 0:00:00,12/30/1899 19:30:00,"C- Minor Injury","F- Driver",29.00,"Male","J- Minibus;K- Private Cars","S- Driver's Negligence",2.00
13065,40037.00,"4- Demerara- Mahaica",,"Sheriff St.",,"-58.1359","6.8156",,"Kitty",4/22/2004 0:00:00,12/30/1899 19:00:00,"D- Property Damage","F- Driver",,"Male","K- Private Cars;M- Hire Cars","S- Driver's Negligence",2.00
13066,40038.00,"4- Demerara- Mahaica",,"Vlissengen Rd.",,"-58.1474","6.8108",,"Kitty",4/30/2004 0:00:00,12/30/1899 15:23:00,"D- Property Damage","F- Driver",39.00,"Male","K- Private Cars","S- Driver's Negligence",2.00
13067,40039.00,"4- Demerara- Mahaica",,"Sheriff St.",,"-58.1359","6.8156",,"Kitty",4/25/2004 0:00:00,12/30/1899 11:55:00,"D- Property Damage","F- Driver",31.00,"Male","K- Private Cars;V-Motor Cycle","S- Driver's Negligence",2.00
13068,40040.00,"4- Demerara- Mahaica",,"Conversation Tree Road",,"-58.1295","6.8257",,"Kitty",5/6/2004 0:00:00,12/30/1899 12:00:00,"D- Property Damage","F- Driver",28.00,"Male","K- Private Cars;M- Hire Cars","S- Driver's Negligence",2.00
13069,40041.00,"4- Demerara- Mahaica",,"Sheriff & Garnett St.",,"-58.1369","6.8121",,"Kitty",5/8/2004 0:00:00,12/30/1899 13:30:00,"C- Minor Injury","F- Driver",27.00,"Male","K- Private Cars","S- Driver's Negligence",2.00
13070,40042.00,"4- Demerara- Mahaica",,"David & Church Rd.",,"-58.1361","6.8213",,"Kitty",5/10/2004 0:00:00,12/30/1899 13:40:00,"D- Property Damage","F- Driver",38.00,"Male","J- Minibus;L- Lorries Van","S- Driver's Negligence",2.00
13071,40043.00,"4- Demerara- Mahaica",,"Delph Ave.",,"-58.1377","6.8151",,"Kitty",5/11/2004 0:00:00,12/30/1899 10:40:00,"C- Minor Injury","F- Driver",40.00,"Male","J- Minibus;K- Private Cars","S- Driver's Negligence",2.00
13072,40044.00,"4- Demerara- Mahaica",,"Chandra Nagar St.",,"-58.1310","6.8179",,"Kitty",5/11/2004 0:00:00,12/30/1899 17:45:00,"D- Property Damage","F- Driver",32.00,"Male","K- Private Cars;M- Hire Cars","S- Driver's Negligence",2.00
13073,40045.00,"4- Demerara- Mahaica",,"Garnett St.",,"-58.1414","6.8133",,"Kitty",5/16/2004 0:00:00,12/30/1899 15:30:00,"D- Property Damage","F- Driver",18.00,"Male","N- Pickup","S- Driver's Negligence",2.00
13074,40046.00,"4- Demerara- Mahaica",,"Sheriff St.",,"-58.1359","6.8156",,"Kitty",5/15/2004 0:00:00,12/30/1899 15:20:00,"C- Minor Injury","E- Pedestrian",26.00,"Male","K- Private Cars","T-Pedestrian's Negligence",2.00
13075,40047.00,"4- Demerara- Mahaica",,"Middleton St.",,"-58.1395","6.8162",,"Kitty",5/18/2004 0:00:00,12/30/1899 9:00:00,"D- Property Damage","F- Driver",31.00,"Female","K- Private Cars","S- Driver's Negligence",2.00
13076,40048.00,"4- Demerara- Mahaica",,"Sheriff St.",,"-58.1359","6.8156",,"Kitty",5/17/2004 0:00:00,12/30/1899 18:00:00,"C- Minor Injury","F- Driver",20.00,"Male","K- Private Cars;M- Hire Cars","S- Driver's Negligence",2.00
13077,40049.00,"4- Demerara- Mahaica",,"Sheriff St.",,"-58.1359","6.8156",,"Kitty",5/22/2004 0:00:00,12/30/1899 15:30:00,"B- Serious Injury","F- Driver",25.00,"Male","K- Private Cars;V-Motor Cycle","S- Driver's Negligence",2.00
13078,40050.00,"4- Demerara- Mahaica",,"Conversation Tree Road",,"-58.1295","6.8257",,"Kitty",5/7/2004 0:00:00,12/30/1899 12:00:00,"D- Property Damage","F- Driver",42.00,"Male","K- Private Cars","S- Driver's Negligence",2.00
13079,40051.00,"4- Demerara- Mahaica",,"Dennis St.",,"-58.1336","6.8122",,"Kitty",5/23/2004 0:00:00,12/30/1899 13:00:00,"D- Property Damage","F- Driver",50.00,"Female","J- Minibus;K- Private Cars","S- Driver's Negligence",2.00
13080,40052.00,"4- Demerara- Mahaica",,"Rupert Craig Highway",,"-58.1150","6.8254",,"Kitty",5/25/2004 0:00:00,12/30/1899 21:30:00,"D- Property Damage","F- Driver",18.00,"Male","J- Minibus;M- Hire Cars","S- Driver's Negligence",2.00
13081,40053.00,"4- Demerara- Mahaica",,"Conversation Tree Road",,"-58.1295","6.8257",,"Kitty",5/20/2004 0:00:00,12/30/1899 12:00:00,"D- Property Damage","F- Driver",,"Male","K- Private Cars;M- Hire Cars","S- Driver's Negligence",2.00
13082,40054.00,"4- Demerara- Mahaica",,"Rupert Craig Highway",,"-58.1150","6.8254",,"Kitty",5/31/2004 0:00:00,12/30/1899 16:00:00,"D- Property Damage","F- Driver",42.00,"Male","K- Private Cars;L- Lorries Van","P- Speeding",2.00
13083,40055.00,"4- Demerara- Mahaica",,"Barr St.",,"-58.1643","6.7993",,"Kitty",6/6/2004 0:00:00,12/30/1899 8:00:00,"C- Minor Injury","G- Rider",24.00,"Male","L- Lorries Van;V-Motor Cycle","U- Cyclist's Negligence",2.00
13084,40056.00,"4- Demerara- Mahaica",,"Crown St.",,"-58.1491","6.8131",,"Kitty",6/2/2004 0:00:00,12/30/1899 16:00:00,"D- Property Damage","F- Driver",29.00,"Male","K- Private Cars;N- Pickup","S- Driver's Negligence",2.00
13085,40057.00,"4- Demerara- Mahaica",,"David St.",,"-58.1397","6.8221",,"Kitty",6/2/2004 0:00:00,12/30/1899 14:30:00,"C- Minor Injury","E- Pedestrian",39.00,"Male","J- Minibus","T-Pedestrian's Negligence",2.00
13086,40058.00,"4- Demerara- Mahaica",,"Middleton St.",,"-58.1395","6.8162",,"Kitty",6/3/2004 0:00:00,12/30/1899 16:00:00,"D- Property Damage","F- Driver",40.00,"Male","K- Private Cars;M- Hire Cars","S- Driver's Negligence",2.00
13087,40059.00,"4- Demerara- Mahaica",,"David St.",,"-58.1397","6.8221",,"Kitty",6/4/2004 0:00:00,12/30/1899 7:30:00,"B- Serious Injury","G- Rider",32.00,"Male","J- Minibus;W-Pedal Cycle","U- Cyclist's Negligence",2.00
13088,40060.00,"4- Demerara- Mahaica",,"Vlissengen Rd.",,"-58.1474","6.8108",,"Kitty",6/9/2004 0:00:00,12/30/1899 0:10:00,"D- Property Damage","F- Driver",24.00,"Male","K- Private Cars;M- Hire Cars","S- Driver's Negligence",2.00
13089,40061.00,"4- Demerara- Mahaica",,"Lamaha St.",,"-58.1564","6.8181",,"Kitty",6/9/2004 0:00:00,12/30/1899 18:00:00,"D- Property Damage","F- Driver",28.00,"Male","K- Private Cars","S- Driver's Negligence",2.00
13090,40062.00,"4- Demerara- Mahaica",,"Rupert Craig Highway",,"-58.1150","6.8254",,"Kitty",6/9/2004 0:00:00,12/30/1899 15:00:00,"D- Property Damage","F- Driver",34.00,"Male","K- Private Cars;L- Lorries Van","S- Driver's Negligence",2.00
13091,40063.00,"4- Demerara- Mahaica",,"Barima Ave.",,"-58.1429","6.8099",,"Kitty",6/9/2004 0:00:00,12/30/1899 8:45:00,"D- Property Damage","F- Driver",,"Male","K- Private Cars;L- Lorries Van","S- Driver's Negligence",2.00
13092,40064.00,"4- Demerara- Mahaica",,"Alexander & David St.",,"-58.1411","6.8224",,"Kitty",6/11/2004 0:00:00,12/30/1899 16:50:00,"D- Property Damage","F- Driver",25.00,"Male","K- Private Cars","S- Driver's Negligence",2.00
13093,40065.00,"4- Demerara- Mahaica",,"Vlissengen Rd. & Barr St.",,"-58.1447","6.8199",,"Kitty",6/12/2004 0:00:00,12/30/1899 14:00:00,"C- Minor Injury","F- Driver",43.00,"Male","M- Hire Cars;V-Motor Cycle","S- Driver's Negligence",2.00
13094,40066.00,"4- Demerara- Mahaica",,"Rupert Craig Highway",,"-58.1150","6.8254",,"Kitty",6/22/2004 0:00:00,12/30/1899 7:50:00,"C- Minor Injury","F- Driver",,"Male","M- Hire Cars;N- Pickup","O- Lost Control & Runoff",2.00
13095,40067.00,"4- Demerara- Mahaica",,"Vlissengen Rd.",,"-58.1474","6.8108",,"Kitty",6/23/2004 0:00:00,12/30/1899 15:03:00,"D- Property Damage","F- Driver",27.00,"Male","J- Minibus;K- Private Cars","S- Driver's Negligence",2.00
13096,40068.00,"4- Demerara- Mahaica",,"Garnette & Sheriff St.",,"-58.1369","6.8121",,"Kitty",6/24/2004 0:00:00,12/30/1899 9:15:00,"C- Minor Injury","F- Driver",35.00,"Male","K- Private Cars","S- Driver's Negligence",2.00
13097,40069.00,"4- Demerara- Mahaica",,"Alexander St.",,"-58.1592","6.8102",,"Kitty",6/23/2004 0:00:00,12/30/1899 21:30:00,"C- Minor Injury","F- Driver",35.00,"Male","M- Hire Cars;V-Motor Cycle","S- Driver's Negligence",2.00
13098,40070.00,"4- Demerara- Mahaica",,"Sheriff St.",,"-58.1359","6.8156",,"Kitty",6/27/2004 0:00:00,12/30/1899 10:00:00,"D- Property Damage","F- Driver",27.00,"Male","K- Private Cars;M- Hire Cars","S- Driver's Negligence",2.00
13099,40071.00,"4- Demerara- Mahaica",,"Carifesta Ave. & J.B. Singh Rd.",,"-58.1435","6.8251",,"Kitty",7/1/2004 0:00:00,12/30/1899 15:45:00,"D- Property Damage","F- Driver",36.00,"Male","J- Minibus;K- Private Cars","S- Driver's Negligence",2.00
13100,40072.00,"4- Demerara- Mahaica",,"Rupert Craig Highway",,"-58.1150","6.8254",,"Kitty",7/1/2004 0:00:00,12/30/1899 6:08:00,"D- Property Damage","F- Driver",25.00,"Male","K- Private Cars;M- Hire Cars","S- Driver's Negligence",2.00
13101,40073.00,"4- Demerara- Mahaica",,"Garnett St.",,"-58.1414","6.8133",,"Kitty",7/4/2004 0:00:00,12/30/1899 23:20:00,"B- Serious Injury","F- Driver",45.00,"Male","J- Minibus;M- Hire Cars","S- Driver's Negligence",5.00
13102,40074.00,"4- Demerara- Mahaica",,"Rupert Craig Highway",,"-58.1150","6.8254",,"Kitty",7/5/2004 0:00:00,12/30/1899 13:15:00,"B- Serious Injury","F- Driver",47.00,"Male","J- Minibus;V-Motor Cycle","S- Driver's Negligence",3.00
13103,40075.00,"4- Demerara- Mahaica",,"Garnett St.",,"-58.1414","6.8133",,"Kitty",7/5/2004 0:00:00,12/30/1899 20:15:00,"B- Serious Injury","F- Driver",43.00,"Male","J- Minibus","S- Driver's Negligence",2.00
13104,40076.00,"4- Demerara- Mahaica",,"Da Silva & Republic St.",,"-58.1445","6.8122",,"Kitty",7/5/2004 0:00:00,12/30/1899 14:50:00,"C- Minor Injury","F- Driver",26.00,"Male","K- Private Cars","S- Driver's Negligence",2.00
13105,40077.00,"4- Demerara- Mahaica",,"J.B. Singh Rd.",,"-58.1449","6.8203",,"Kitty",7/6/2004 0:00:00,12/30/1899 17:00:00,"B- Serious Injury","G- Rider",75.00,"Male","K- Private Cars;W-Pedal Cycle","U- Cyclist's Negligence",2.00
13106,40078.00,"4- Demerara- Mahaica",,"Railway Embankment",,"-58.1334","6.8216",,"Kitty",7/10/2004 0:00:00,12/30/1899 20:30:00,"D- Property Damage","F- Driver",78.00,"Male","K- Private Cars;M- Hire Cars","S- Driver's Negligence",2.00
13107,40079.00,"4- Demerara- Mahaica",,"Sheriff St. & Campbell Ave.",,"-58.1358","6.8157",,"Kitty",7/11/2004 0:00:00,,"C- Minor Injury","G- Rider",23.00,"Male","M- Hire Cars;V-Motor Cycle","U- Cyclist's Negligence",2.00
13108,40080.00,"4- Demerara- Mahaica",,"David St.",,"-58.1397","6.8221",,"Kitty",7/18/2004 0:00:00,,"D- Property Damage","F- Driver",27.00,"Male","K- Private Cars","S- Driver's Negligence",2.00
13109,40081.00,"4- Demerara- Mahaica",,"Garnett St.",,"-58.1414","6.8133",,"Kitty",7/18/2004 0:00:00,12/30/1899 0:30:00,"D- Property Damage","F- Driver",48.00,"Male","J- Minibus","O- Lost Control & Runoff",2.00
13110,40082.00,"4- Demerara- Mahaica",,"Conversation Tree Road",,"-58.1295","6.8257",,"Kitty",7/18/2004 0:00:00,,"D- Property Damage","F- Driver",75.00,"Male","K- Private Cars;M- Hire Cars","S- Driver's Negligence",2.00
13111,40083.00,"4- Demerara- Mahaica",,"Garnett St.",,"-58.1414","6.8133",,"Kitty",7/19/2004 0:00:00,12/30/1899 21:45:00,"C- Minor Injury","F- Driver",46.00,"Male","K- Private Cars;N- Pickup","S- Driver's Negligence",2.00
13112,40084.00,"4- Demerara- Mahaica",,"Vlissengen Rd. & Church St.",,"-58.1479","6.8089",,"Kitty",7/20/2004 0:00:00,12/30/1899 16:00:00,"D- Property Damage","F- Driver",27.00,"Male","K- Private Cars;M- Hire Cars","S- Driver's Negligence",2.00
13113,40085.00,"4- Demerara- Mahaica",,"Sheriff & Duncan St.",,"-58.1377","6.8093",,"Kitty",7/22/2004 0:00:00,,"D- Property Damage","F- Driver",29.00,"Male","J- Minibus;M- Hire Cars","S- Driver's Negligence",2.00
13114,40086.00,"4- Demerara- Mahaica",,"Sandy Babb & Railway St.",,"-58.1393","6.8167",,"Kitty",7/5/2004 0:00:00,12/30/1899 19:30:00,"D- Property Damage","F- Driver",,"Male","K- Private Cars;M- Hire Cars","S- Driver's Negligence",2.00
13115,40087.00,"4- Demerara- Mahaica",,"Barr St. & Stanley Pl.",,"-58.1444","6.8198",,"Kitty",7/27/2004 0:00:00,12/30/1899 14:45:00,"C- Minor Injury","F- Driver",27.00,"Male","K- Private Cars;M- Hire Cars","S- Driver's Negligence",2.00
13116,40088.00,"4- Demerara- Mahaica",,"Garnett St.",,"-58.1414","6.8133",,"Kitty",7/28/2004 0:00:00,,"D- Property Damage","F- Driver",24.00,"Male","K- Private Cars;M- Hire Cars","S- Driver's Negligence",2.00
13117,40089.00,"4- Demerara- Mahaica",,"John St. & Delph Ave.",,"-58.1388","6.8111",,"Kitty",7/29/2004 0:00:00,12/30/1899 9:45:00,"D- Property Damage","F- Driver",42.00,"Male","J- Minibus","S- Driver's Negligence",2.00
13118,40090.00,"4- Demerara- Mahaica",,"Sheriff & Bonasika St.",,"-58.1378","6.8085",,"Kitty",7/28/2004 0:00:00,,"D- Property Damage","F- Driver",47.00,"Male","L- Lorries Van;M- Hire Cars","S- Driver's Negligence",2.00
13119,40091.00,"4- Demerara- Mahaica",,"Rupert Craig Highway",,"-58.1150","6.8254",,"Kitty",8/2/2004 0:00:00,,"D- Property Damage","F- Driver",41.00,"Male","K- Private Cars","S- Driver's Negligence",3.00
13120,40092.00,"4- Demerara- Mahaica",,"Sheriff St.",,"-58.1359","6.8156",,"Kitty",8/23/2004 0:00:00,12/30/1899 8:55:00,"D- Property Damage","F- Driver",25.00,"Male","K- Private Cars;L- Lorries Van","S- Driver's Negligence",2.00
13121,40093.00,"4- Demerara- Mahaica",,"Lamaha St.",,"-58.1564","6.8181",,"Kitty",8/4/2004 0:00:00,,"C- Minor Injury","G- Rider",28.00,"Female","V-Motor Cycle","U- Cyclist's Negligence",2.00
13122,40094.00,"4- Demerara- Mahaica",,"Sheriff St.",,"-58.1359","6.8156",,"Kitty",8/8/2004 0:00:00,12/30/1899 1:45:00,"D- Property Damage","F- Driver",40.00,"Male","M- Hire Cars","S- Driver's Negligence",2.00
13123,40095.00,"4- Demerara- Mahaica",,"Sheriff St.",,"-58.1359","6.8156",,"Kitty",8/8/2004 0:00:00,12/30/1899 1:30:00,"D- Property Damage","F- Driver",29.00,"Male","K- Private Cars;L- Lorries Van","S- Driver's Negligence",1.00
13124,40096.00,"4- Demerara- Mahaica",,"Rupert Craig Highway",,"-58.1150","6.8254",,"Kitty",8/9/2004 0:00:00,12/30/1899 15:30:00,"C- Minor Injury","E- Pedestrian",27.00,"Male","N- Pickup","T-Pedestrian's Negligence",2.00
13125,40097.00,"4- Demerara- Mahaica",,"Lamaha St.",,"-58.1564","6.8181",,"Kitty",8/25/2004 0:00:00,12/30/1899 18:05:00,"D- Property Damage","F- Driver",,"Male","K- Private Cars;N- Pickup","S- Driver's Negligence",2.00