"ID","Accident ID","Region Number","Corridor ID","Location (Intersection/Road/Street)","Corridor","Location- longitude/ X","Location- latitude/  Y","Mile Marker","Village","Date of Accident","Time of Accident","Type of Accident","Class of Road User","Age/DOB","Gender","Class of Vehicles Involved","Contributing Factor","Number of Persons Involved"
13126,40098.00,"4- Demerara- Mahaica",,"Sheriff St.",,"-58.1359","6.8156",,"Kitty",8/21/2004 0:00:00,,"D- Property Damage","F- Driver",33.00,"Male","K- Private Cars","S- Driver's Negligence",2.00
13127,40099.00,"4- Demerara- Mahaica",,"Stone Ave. & First St. C/Ville",,"-58.1346","6.8136",,"Kitty",8/16/2004 0:00:00,12/30/1899 7:45:00,"D- Property Damage","G- Rider",60.00,"Male","K- Private Cars;V-Motor Cycle","U- Cyclist's Negligence",2.00
13128,40100.00,"4- Demerara- Mahaica",,"Stone Ave.",,"-58.1343","6.8147",,"Kitty",8/23/2004 0:00:00,12/30/1899 12:30:00,"D- Property Damage","F- Driver",40.00,"Male","K- Private Cars;M- Hire Cars","S- Driver's Negligence",2.00
13129,40101.00,"4- Demerara- Mahaica",,"Sheriff St.",,"-58.1359","6.8156",,"Kitty",8/25/2004 0:00:00,12/30/1899 12:05:00,"C- Minor Injury","F- Driver",39.00,"Male","J- Minibus;L- Lorries Van","S- Driver's Negligence",2.00
13130,40102.00,"4- Demerara- Mahaica",,"Dennis St. & Delph Ave.",,"-58.1382","6.8133",,"Kitty",8/27/2004 0:00:00,,"D- Property Damage","G- Rider",,"Male","K- Private Cars;V-Motor Cycle","U- Cyclist's Negligence",2.00
13131,40103.00,"4- Demerara- Mahaica",,"Alexander St.",,"-58.1592","6.8102",,"Kitty",8/30/2004 0:00:00,12/30/1899 10:00:00,"D- Property Damage","F- Driver",33.00,"Female","J- Minibus;K- Private Cars","S- Driver's Negligence",3.00
13132,40104.00,"4- Demerara- Mahaica",,"Vlissengen Rd.",,"-58.1474","6.8108",,"Kitty",9/3/2004 0:00:00,12/30/1899 15:00:00,"D- Property Damage","F- Driver",58.00,"Male","J- Minibus;K- Private Cars","S- Driver's Negligence",2.00
13133,40105.00,"4- Demerara- Mahaica",,"Pike St.",,"-58.1404","6.8205",,"Kitty",9/3/2004 0:00:00,12/30/1899 16:30:00,"C- Minor Injury","F- Driver",26.00,"Male","M- Hire Cars","S- Driver's Negligence",2.00
13134,40106.00,"4- Demerara- Mahaica",,"Dennis St.",,"-58.1336","6.8122",,"Kitty",9/6/2004 0:00:00,,"D- Property Damage","F- Driver",56.00,"Male","J- Minibus;L- Lorries Van","S- Driver's Negligence",2.00
13135,40107.00,"4- Demerara- Mahaica",,"Alexander & David St.",,"-58.1411","6.8224",,"Kitty",9/7/2004 0:00:00,,"D- Property Damage","F- Driver",23.00,"Male","K- Private Cars","S- Driver's Negligence",2.00
13136,40108.00,"4- Demerara- Mahaica",,"Vlissengen Rd.",,"-58.1474","6.8108",,"Kitty",9/8/2004 0:00:00,12/30/1899 16:00:00,"B- Serious Injury","G- Rider",28.00,"Male","K- Private Cars;V-Motor Cycle","U- Cyclist's Negligence",2.00
13137,40109.00,"4- Demerara- Mahaica",,"Garnett & Republic St.",,"-58.1440","6.8139",,"Kitty",9/11/2004 0:00:00,12/30/1899 8:45:00,"D- Property Damage","F- Driver",29.00,"Male","K- Private Cars","S- Driver's Negligence",2.00
13138,40110.00,"4- Demerara- Mahaica",,"Rupert Craig Highway & Sheriff St.",,"-58.1331","6.8254",,"Kitty",9/13/2004 0:00:00,12/30/1899 18:00:00,"B- Serious Injury","F- Driver",28.00,"Male","J- Minibus;K- Private Cars","S- Driver's Negligence",2.00
13139,40111.00,"4- Demerara- Mahaica",,"Delhi St.",,"-58.1312","6.8188",,"Kitty",9/16/2004 0:00:00,12/30/1899 14:00:00,"B- Serious Injury","F- Driver",,"Male","N- Pickup;V-Motor Cycle","S- Driver's Negligence",2.00
13140,40112.00,"4- Demerara- Mahaica",,"Omai & First St.",,,,,"Kitty",9/15/2004 0:00:00,12/30/1899 21:00:00,"B- Serious Injury","F- Driver",27.00,"Male","K- Private Cars;M- Hire Cars","S- Driver's Negligence",2.00
13141,40113.00,"4- Demerara- Mahaica",,"Rupert Craig Highway & Sheriff St.",,"-58.1331","6.8254",,"Kitty",9/20/2004 0:00:00,12/30/1899 18:20:00,"A- Fatal","F- Driver",,"Female","K- Private Cars","P- Speeding",2.00
13142,40114.00,"4- Demerara- Mahaica",,"Duncan & Eastern Highway",,"-58.1376","6.8093",,"Kitty",9/21/2004 0:00:00,12/30/1899 17:45:00,"B- Serious Injury","F- Driver",55.00,"Male","M- Hire Cars;W-Pedal Cycle","S- Driver's Negligence",2.00
13143,40115.00,"4- Demerara- Mahaica",,"Rupert Craig Highway & Sheriff St.",,"-58.1331","6.8254",,"Kitty",9/21/2004 0:00:00,12/30/1899 20:30:00,"D- Property Damage","F- Driver",20.00,"Male","K- Private Cars;M- Hire Cars","S- Driver's Negligence",2.00
13144,40116.00,"4- Demerara- Mahaica",,"Sheriff St.",,"-58.1359","6.8156",,"Kitty",9/24/2004 0:00:00,12/30/1899 7:50:00,"D- Property Damage","F- Driver",44.00,"Female","J- Minibus;K- Private Cars","S- Driver's Negligence",2.00
13145,40117.00,"4- Demerara- Mahaica",,"Sheriff St.",,"-58.1359","6.8156",,"Kitty",9/24/2004 0:00:00,12/30/1899 6:30:00,"D- Property Damage","F- Driver",35.00,"Male","K- Private Cars;X-Tractor","S- Driver's Negligence",2.00
13146,40118.00,"4- Demerara- Mahaica",,"Garnett St.",,"-58.1414","6.8133",,"Kitty",9/30/2004 0:00:00,12/30/1899 8:30:00,"C- Minor Injury","E- Pedestrian",14.00,"Male","J- Minibus","T-Pedestrian's Negligence",2.00
13147,40119.00,"4- Demerara- Mahaica",,"Middleton & Lamaha St.",,"-58.1402","6.8138",,"Kitty",9/30/2004 0:00:00,12/30/1899 13:00:00,"B- Serious Injury","F- Driver",34.00,"Male","K- Private Cars;L- Lorries Van","S- Driver's Negligence",2.00
13148,40120.00,"4- Demerara- Mahaica",,"Duncan St.",,"-58.1348","6.8085",,"Kitty",9/30/2004 0:00:00,12/30/1899 18:00:00,"D- Property Damage","F- Driver",51.00,"Female","K- Private Cars;M- Hire Cars","S- Driver's Negligence",2.00
13149,40121.00,"4- Demerara- Mahaica",,"Lamaha St.",,"-58.1564","6.8181",,"Kitty",10/18/2004 0:00:00,12/30/1899 0:25:00,"D- Property Damage","F- Driver",,"Male","K- Private Cars","S- Driver's Negligence",2.00
13150,40122.00,"4- Demerara- Mahaica",,"Sheriff St.",,"-58.1359","6.8156",,"Kitty",10/18/2004 0:00:00,12/30/1899 1:30:00,"B- Serious Injury","F- Driver",29.00,"Female","K- Private Cars","O- Lost Control & Runoff",2.00
13151,40123.00,"4- Demerara- Mahaica",,"Garnett St.",,"-58.1414","6.8133",,"Kitty",10/25/2004 0:00:00,12/30/1899 22:00:00,"C- Minor Injury","F- Driver",,"Male","K- Private Cars","S- Driver's Negligence",2.00
13152,40124.00,"4- Demerara- Mahaica",,"J.B. Singh Rd.",,"-58.1449","6.8203",,"Kitty",10/2/2004 0:00:00,12/30/1899 21:00:00,"C- Minor Injury","F- Driver",52.00,"Male","J- Minibus;K- Private Cars","S- Driver's Negligence",3.00
13153,40125.00,"4- Demerara- Mahaica",,"Garnett St.",,"-58.1414","6.8133",,"Kitty",10/5/2004 0:00:00,12/30/1899 14:00:00,"C- Minor Injury","F- Driver",44.00,"Male","J- Minibus","S- Driver's Negligence",2.00
13154,40126.00,"4- Demerara- Mahaica",,"Alexander St.",,"-58.1592","6.8102",,"Kitty",10/7/2004 0:00:00,12/30/1899 8:00:00,"D- Property Damage","F- Driver",27.00,"Male","K- Private Cars;M- Hire Cars","S- Driver's Negligence",2.00
13155,40127.00,"4- Demerara- Mahaica",,"Public Rd. Kitty",,"-58.1399","6.8246",,"Kitty",10/11/2004 0:00:00,12/30/1899 21:15:00,"C- Minor Injury","G- Rider",30.00,"Male","J- Minibus;V-Motor Cycle","U- Cyclist's Negligence",2.00
13156,40128.00,"4- Demerara- Mahaica",,"Sandy Babb St.",,"-58.1422","6.8174",,"Kitty",10/11/2004 0:00:00,12/30/1899 17:30:00,"D- Property Damage","F- Driver",,"Male","J- Minibus;N- Pickup","S- Driver's Negligence",2.00
13157,40129.00,"4- Demerara- Mahaica",,"Vlissengen Rd. & Lamaha St.",,"-58.1462","6.8153",,"Kitty",10/9/2004 0:00:00,12/30/1899 9:20:00,"D- Property Damage","F- Driver",45.00,"Female","K- Private Cars;M- Hire Cars","S- Driver's Negligence",2.00
13158,40130.00,"4- Demerara- Mahaica",,"Railway St.",,"-58.1374","6.8186",,"Kitty",10/15/2004 0:00:00,12/30/1899 23:00:00,"D- Property Damage","F- Driver",23.00,"Male","K- Private Cars","S- Driver's Negligence",2.00
13159,40131.00,"4- Demerara- Mahaica",,"Sandy Babb St.",,"-58.1422","6.8174",,"Kitty",10/16/2004 0:00:00,12/30/1899 9:30:00,"D- Property Damage","F- Driver",45.00,"Male","N- Pickup;V-Motor Cycle","S- Driver's Negligence",2.00
13160,40132.00,"4- Demerara- Mahaica",,"Lamaha St.",,"-58.1564","6.8181",,"Kitty",10/18/2004 0:00:00,,"D- Property Damage","F- Driver",51.00,"Male","J- Minibus;K- Private Cars","S- Driver's Negligence",2.00
13161,40133.00,"4- Demerara- Mahaica",,"Rupert Craig Highway & Sheriff St.",,"-58.1331","6.8254",,"Kitty",10/21/2004 0:00:00,12/30/1899 20:30:00,"C- Minor Injury","F- Driver",24.00,"Male","K- Private Cars;N- Pickup","P- Speeding",2.00
13162,40134.00,"4- Demerara- Mahaica",,"David St.",,"-58.1397","6.8221",,"Kitty",10/26/2004 0:00:00,12/30/1899 8:30:00,"D- Property Damage","F- Driver",,"Male","J- Minibus;K- Private Cars","S- Driver's Negligence",2.00
13163,40135.00,"4- Demerara- Mahaica",,"Lamaha St.",,"-58.1564","6.8181",,"Kitty",10/26/2004 0:00:00,12/30/1899 19:00:00,"B- Serious Injury","G- Rider",60.00,"Male","V-Motor Cycle","U- Cyclist's Negligence",2.00
13164,40136.00,"4- Demerara- Mahaica",,"William St.",,"-58.1380","6.8102",,"Kitty",10/29/2004 0:00:00,12/30/1899 12:45:00,"B- Serious Injury","G- Rider",14.00,"Female","J- Minibus;W-Pedal Cycle","U- Cyclist's Negligence",2.00
13165,40137.00,"4- Demerara- Mahaica",,"Rupert Craig Highway & Sheriff St.",,"-58.1331","6.8254",,"Kitty",10/30/2004 0:00:00,12/30/1899 17:45:00,"B- Serious Injury","F- Driver",33.00,"Male","K- Private Cars","S- Driver's Negligence",2.00
13166,40138.00,"4- Demerara- Mahaica",,"Alexander & Gordon St.",,"-58.1414","6.8216",,"Kitty",11/4/2004 0:00:00,12/30/1899 16:30:00,"D- Property Damage","F- Driver",31.00,"Male","J- Minibus;K- Private Cars","S- Driver's Negligence",2.00
13167,40139.00,"4- Demerara- Mahaica",,"Shell Rd. & Alexander St.",,"-58.1436","6.8188",,"Kitty",11/4/2004 0:00:00,12/30/1899 16:00:00,"B- Serious Injury","G- Rider",12.00,"Male","M- Hire Cars;W-Pedal Cycle","U- Cyclist's Negligence",2.00
13168,40140.00,"4- Demerara- Mahaica",,"Duncan & Ituni St.",,"-58.1340","6.8083",,"Kitty",11/8/2004 0:00:00,12/30/1899 12:30:00,"C- Minor Injury","G- Rider",20.00,"Male","K- Private Cars;V-Motor Cycle","U- Cyclist's Negligence",2.00
13169,40141.00,"4- Demerara- Mahaica",,"Rupert Craig Highway",,"-58.1150","6.8254",,"Kitty",11/6/2004 0:00:00,12/30/1899 18:15:00,"C- Minor Injury","F- Driver",28.00,"Male","K- Private Cars;V-Motor Cycle","S- Driver's Negligence",2.00
13170,40142.00,"4- Demerara- Mahaica",,"Sheriff St.",,"-58.1359","6.8156",,"Kitty",11/12/2004 0:00:00,12/30/1899 2:15:00,"B- Serious Injury","F- Driver",21.00,"Male","M- Hire Cars;V-Motor Cycle","S- Driver's Negligence",2.00
13171,40143.00,"4- Demerara- Mahaica",,"Sheriff St.",,"-58.1359","6.8156",,"Kitty",11/12/2004 0:00:00,12/30/1899 3:15:00,"B- Serious Injury","F- Driver",30.00,"Female","K- Private Cars;M- Hire Cars","S- Driver's Negligence",3.00
13172,40144.00,"4- Demerara- Mahaica",,"Barr St.",,"-58.1643","6.7993",,"Kitty",11/14/2004 0:00:00,12/30/1899 8:30:00,"D- Property Damage","F- Driver",51.00,"Male","M- Hire Cars","O- Lost Control & Runoff",1.00
13173,40145.00,"4- Demerara- Mahaica",,"Sheriff St.",,"-58.1359","6.8156",,"Kitty",11/12/2004 0:00:00,12/30/1899 4:00:00,"B- Serious Injury","F- Driver",39.00,"Male","K- Private Cars;V-Motor Cycle","P- Speeding",2.00
13174,40146.00,"4- Demerara- Mahaica",,"Queen St. & Public Rd. Kitty",,"-58.1406","6.8247",,"Kitty",11/14/2004 0:00:00,12/30/1899 9:30:00,"D- Property Damage","F- Driver",23.00,"Female","K- Private Cars;M- Hire Cars","S- Driver's Negligence",2.00
13175,40147.00,"4- Demerara- Mahaica",,"Vlissengen Rd. & Crown St.",,"-58.1469","6.8125",,"Kitty",11/8/2004 0:00:00,12/30/1899 15:15:00,"D- Property Damage","F- Driver",40.00,"Male","J- Minibus","S- Driver's Negligence",2.00
13176,40148.00,"4- Demerara- Mahaica",,"Clive Lloyd Dr.",,"-58.1433","6.8255",,"Kitty",11/26/2004 0:00:00,12/30/1899 21:50:00,"B- Serious Injury","F- Driver",25.00,"Male","K- Private Cars","S- Driver's Negligence",2.00
13177,40149.00,"4- Demerara- Mahaica",,"Vlissengen Rd. & Barr St.",,"-58.1447","6.8199",,"Kitty",11/27/2004 0:00:00,12/30/1899 22:00:00,"D- Property Damage","F- Driver",29.00,"Male","K- Private Cars","S- Driver's Negligence",2.00
13178,40150.00,"4- Demerara- Mahaica",,"Vlissengen Rd.",,"-58.1474","6.8108",,"Kitty",12/3/2004 0:00:00,12/30/1899 12:30:00,"D- Property Damage","F- Driver",33.00,"Male","J- Minibus;K- Private Cars","S- Driver's Negligence",2.00
13179,40151.00,"4- Demerara- Mahaica",,"Vlissengen Rd. & Crown St.",,"-58.1469","6.8125",,"Kitty",12/6/2004 0:00:00,12/30/1899 13:30:00,"D- Property Damage","F- Driver",49.00,"Male","K- Private Cars;L- Lorries Van","S- Driver's Negligence",2.00
13180,40152.00,"4- Demerara- Mahaica",,"Queen St.",,"-58.1656","6.8160",,"Kitty",12/9/2004 0:00:00,12/30/1899 9:30:00,"D- Property Damage","F- Driver",39.00,"Male","K- Private Cars;M- Hire Cars","S- Driver's Negligence",2.00
13181,40153.00,"4- Demerara- Mahaica",,"Sheriff St.",,"-58.1359","6.8156",,"Kitty",12/10/2004 0:00:00,12/30/1899 7:10:00,"B- Serious Injury","G- Rider",28.00,"Male","J- Minibus;V-Motor Cycle","U- Cyclist's Negligence",2.00
13182,40154.00,"4- Demerara- Mahaica",,"Rupert Craig Highway",,"-58.1150","6.8254",,"Kitty",12/11/2004 0:00:00,12/30/1899 22:30:00,"B- Serious Injury","F- Driver",36.00,"Male","K- Private Cars;N- Pickup","S- Driver's Negligence",2.00
13183,40155.00,"4- Demerara- Mahaica",,"Sandy Babb & Alexander St.",,"-58.1426","6.8176",,"Kitty",12/12/2004 0:00:00,12/30/1899 19:15:00,"B- Serious Injury","F- Driver",36.00,"Male","M- Hire Cars;W-Pedal Cycle","S- Driver's Negligence",2.00
13184,40156.00,"4- Demerara- Mahaica",,"Alexander St.",,"-58.1592","6.8102",,"Kitty",12/14/2004 0:00:00,12/30/1899 9:30:00,"B- Serious Injury","F- Driver",24.00,"Female","K- Private Cars","S- Driver's Negligence",2.00
13185,40157.00,"4- Demerara- Mahaica",,"Duncan St.",,"-58.1348","6.8085",,"Kitty",12/16/2004 0:00:00,12/30/1899 16:30:00,"A- Fatal","F- Driver",71.00,"Male","J- Minibus;V-Motor Cycle","P- Speeding",2.00
13186,40158.00,"4- Demerara- Mahaica",,"Conversation Tree Road",,"-58.1295","6.8257",,"Kitty",12/13/2004 0:00:00,12/30/1899 8:00:00,"C- Minor Injury","F- Driver",25.00,"Male","L- Lorries Van;V-Motor Cycle","S- Driver's Negligence",2.00
13187,40159.00,"4- Demerara- Mahaica",,"Lamaha & Vlissengen Rd.",,"-58.1462","6.8153",,"Kitty",12/24/2004 0:00:00,12/30/1899 13:30:00,"D- Property Damage","G- Rider",18.00,"Male","L- Lorries Van;V-Motor Cycle","U- Cyclist's Negligence",2.00
13188,40160.00,"4- Demerara- Mahaica",,"Sandy Babb St.",,"-58.1422","6.8174",,"Kitty",12/23/2004 0:00:00,12/30/1899 14:00:00,"B- Serious Injury","G- Rider",,"Male","V-Motor Cycle","U- Cyclist's Negligence",2.00
13189,40161.00,"4- Demerara- Mahaica",,"Da Silva St.",,"-58.1434","6.8118",,"Kitty",12/25/2004 0:00:00,12/30/1899 17:30:00,"B- Serious Injury","F- Driver",33.00,"Female","K- Private Cars;N- Pickup","S- Driver's Negligence",2.00
13190,40162.00,"4- Demerara- Mahaica",,"Bel Air",,"-58.1432","6.8092",,"Kitty",12/28/2004 0:00:00,12/30/1899 14:45:00,"D- Property Damage","F- Driver",47.00,"Male","K- Private Cars","S- Driver's Negligence",2.00
13191,40163.00,"4- Demerara- Mahaica",,"Railway Embankment",,"-58.1334","6.8216",,"Kitty",12/29/2004 0:00:00,12/30/1899 19:00:00,"D- Property Damage","F- Driver",25.00,"Male","K- Private Cars;M- Hire Cars","S- Driver's Negligence",2.00
13192,40164.00,"4- Demerara- Mahaica",,"Duncan & Stone Ave.",,"-58.1360","6.8089",,"Kitty",12/29/2004 0:00:00,12/30/1899 20:00:00,"D- Property Damage","F- Driver",39.00,"Male","M- Hire Cars","S- Driver's Negligence",2.00
13193,40165.00,"4- Demerara- Mahaica",,"Sheriff St.",,"-58.1359","6.8156",,"Kitty",12/31/2004 0:00:00,12/30/1899 8:30:00,"D- Property Damage","F- Driver",30.00,"Male","J- Minibus;M- Hire Cars","S- Driver's Negligence",2.00
13194,40166.00,"4- Demerara- Mahaica",,"Sheriff & Garnett St.",,"-58.1369","6.8121",,"Kitty",12/20/2004 0:00:00,12/30/1899 10:30:00,"D- Property Damage","F- Driver",47.00,"Male","K- Private Cars;L- Lorries Van","S- Driver's Negligence",2.00
13195,40167.00,"4- Demerara- Mahaica",,"Alexander St.",,"-58.1592","6.8102",,"Kitty",12/23/2004 0:00:00,12/30/1899 22:00:00,"D- Property Damage","F- Driver",27.00,"Male","K- Private Cars","S- Driver's Negligence",2.00
13196,40168.00,"4- Demerara- Mahaica",,"Fifth Ave. Subryanville",,"-58.1352","6.8217",,"Kitty",1/6/2004 0:00:00,12/30/1899 7:20:00,"D- Property Damage","F- Driver",53.00,"Male","J- Minibus;K- Private Cars","S- Driver's Negligence",2.00
13197,40169.00,"4- Demerara- Mahaica",,"Pere St.",,"-58.1385","6.8234",,"Kitty",12/19/2004 0:00:00,12/30/1899 18:19:00,"D- Property Damage","F- Driver",25.00,"Male","K- Private Cars;M- Hire Cars","S- Driver's Negligence",2.00
13198,40170.00,"4- Demerara- Mahaica",,"J.B. Singh Rd.",,"-58.1449","6.8203",,"Kitty",1/13/2005 0:00:00,12/30/1899 9:30:00,"D- Property Damage","F- Driver",23.00,"Male","M- Hire Cars;N- Pickup","S- Driver's Negligence",2.00
13199,40171.00,"4- Demerara- Mahaica",,"Sheriff St.",,"-58.1359","6.8156",,"Kitty",1/14/2005 0:00:00,12/30/1899 13:40:00,"D- Property Damage","F- Driver",34.00,"Male","J- Minibus;K- Private Cars","S- Driver's Negligence",2.00
13200,40172.00,"4- Demerara- Mahaica",,"Rupert Craig Highway",,"-58.1150","6.8254",,"Kitty",1/17/2005 0:00:00,12/30/1899 7:30:00,"D- Property Damage","F- Driver",41.00,"Male","K- Private Cars;N- Pickup","S- Driver's Negligence",2.00
13201,40173.00,"4- Demerara- Mahaica",,"Public Rd. Kitty",,"-58.1399","6.8246",,"Kitty",1/17/2005 0:00:00,12/30/1899 10:30:00,"A- Fatal","F- Driver",49.00,"Male","J- Minibus;K- Private Cars","P- Speeding",2.00
13202,40174.00,"4- Demerara- Mahaica",,"Bel Air Rd.",,"-58.1432","6.8092",,"Kitty",1/14/2005 0:00:00,12/30/1899 16:30:00,"C- Minor Injury","F- Driver",,"Male","K- Private Cars","P- Speeding",2.00
13203,40175.00,"4- Demerara- Mahaica",,"Sheriff St.",,"-58.1359","6.8156",,"Kitty",1/25/2005 0:00:00,12/30/1899 0:15:00,"D- Property Damage","F- Driver",32.00,"Male","M- Hire Cars","O- Lost Control & Runoff",1.00
13204,40176.00,"4- Demerara- Mahaica",,"'B' Field Sophia",,"-58.1232","6.8091",,"Kitty",1/28/2005 0:00:00,12/30/1899 16:30:00,"D- Property Damage","F- Driver",43.00,"Male","K- Private Cars","O- Lost Control & Runoff",1.00
13205,40177.00,"4- Demerara- Mahaica",,"Sheriff St.",,"-58.1359","6.8156",,"Kitty",1/27/2005 0:00:00,12/30/1899 16:30:00,"D- Property Damage","F- Driver",49.00,"Male","J- Minibus;K- Private Cars;L- Lorries Van","S- Driver's Negligence",3.00
13206,40178.00,"4- Demerara- Mahaica",,"Barr & Alexander St.",,"-58.1421","6.8192",,"Kitty",1/30/2005 0:00:00,12/30/1899 13:30:00,"C- Minor Injury","F- Driver",26.00,"Male","K- Private Cars;V-Motor Cycle","S- Driver's Negligence",2.00
13207,40179.00,"4- Demerara- Mahaica",,"Clive Lloyd Dr.",,"-58.1433","6.8255",,"Kitty",2/17/2005 0:00:00,12/30/1899 19:45:00,"D- Property Damage","F- Driver",42.00,"Male","K- Private Cars","S- Driver's Negligence",2.00
13208,40180.00,"4- Demerara- Mahaica",,"Carifesta Ave.",,"-58.1483","6.8240",,"Kitty",2/22/2005 0:00:00,12/30/1899 21:00:00,"D- Property Damage","F- Driver",30.00,"Male","K- Private Cars","S- Driver's Negligence",2.00
13209,40181.00,"4- Demerara- Mahaica",,"Middleton St.",,"-58.1395","6.8162",,"Kitty",2/23/2005 0:00:00,12/30/1899 0:40:00,"D- Property Damage","F- Driver",35.00,"Male","K- Private Cars;N- Pickup","S- Driver's Negligence",2.00
13210,40182.00,"4- Demerara- Mahaica",,"David St.",,"-58.1397","6.8221",,"Kitty",2/27/2005 0:00:00,12/30/1899 3:15:00,"A- Fatal","F- Driver",28.00,"Male","K- Private Cars","S- Driver's Negligence",3.00
13211,40183.00,"4- Demerara- Mahaica",,"Vlissengen Rd.",,"-58.1474","6.8108",,"Kitty",2/28/2005 0:00:00,12/30/1899 20:00:00,"C- Minor Injury","F- Driver",50.00,"Male","K- Private Cars;M- Hire Cars;W-Pedal Cycle","S- Driver's Negligence",3.00
13212,40184.00,"4- Demerara- Mahaica",,"Sheriff St.",,"-58.1359","6.8156",,"Kitty",2/27/2005 0:00:00,12/30/1899 2:15:00,"D- Property Damage","F- Driver",50.00,"Male","K- Private Cars","S- Driver's Negligence",2.00
13213,40185.00,"4- Demerara- Mahaica",,"David & Alexander St.",,"-58.1400","6.8222",,"Kitty",3/3/2005 0:00:00,12/30/1899 21:20:00,"D- Property Damage","F- Driver",41.00,"Male","J- Minibus;M- Hire Cars","S- Driver's Negligence",3.00
13214,40186.00,"4- Demerara- Mahaica",,"Public Rd. Kitty",,"-58.1399","6.8246",,"Kitty",,12/30/1899 23:05:00,"A- Fatal","G- Rider",,"Male","V-Motor Cycle","O- Lost Control & Runoff",2.00
13215,40187.00,"4- Demerara- Mahaica",,"Eping Ave.",,"-58.1429","6.8091",,"Kitty",3/8/2005 0:00:00,12/30/1899 10:30:00,"C- Minor Injury","G- Rider",56.00,"Male","N- Pickup;W-Pedal Cycle","U- Cyclist's Negligence",2.00
13216,40188.00,"4- Demerara- Mahaica",,"Railway Embankment",,"-58.1334","6.8216",,"Kitty",3/14/2005 0:00:00,12/30/1899 0:10:00,"B- Serious Injury","F- Driver",31.00,"Male","M- Hire Cars","S- Driver's Negligence",2.00
13217,40189.00,"4- Demerara- Mahaica",,"Sheriff St.",,"-58.1359","6.8156",,"Kitty",3/23/2005 0:00:00,12/30/1899 17:45:00,"B- Serious Injury","G- Rider",58.00,"Male","M- Hire Cars;W-Pedal Cycle","U- Cyclist's Negligence",2.00
13218,40190.00,"4- Demerara- Mahaica",,"Sheriff St.",,"-58.1359","6.8156",,"Kitty",3/30/2005 0:00:00,12/30/1899 20:00:00,"C- Minor Injury","F- Driver",51.00,"Male","K- Private Cars;V-Motor Cycle","S- Driver's Negligence",3.00
13219,40191.00,"4- Demerara- Mahaica",,"J.B. Singh Rd.",,"-58.1449","6.8203",,"Kitty",4/6/2005 0:00:00,12/30/1899 16:10:00,"B- Serious Injury","F- Driver",37.00,"Male","K- Private Cars;V-Motor Cycle","S- Driver's Negligence",4.00
13220,40192.00,"4- Demerara- Mahaica",,"Carifesta Ave. & J.B. Singh Rd.",,"-58.1435","6.8251",,"Kitty",4/3/2005 0:00:00,12/30/1899 18:45:00,"D- Property Damage","F- Driver",56.00,"Male","J- Minibus","S- Driver's Negligence",2.00
13221,40193.00,"4- Demerara- Mahaica",,"Sheriff St.",,"-58.1359","6.8156",,"Kitty",4/9/2005 0:00:00,12/30/1899 0:00:00,"B- Serious Injury","F- Driver",35.00,"Male","K- Private Cars;M- Hire Cars","O- Lost Control & Runoff",2.00
13222,40194.00,"4- Demerara- Mahaica",,"Duncan St.",,"-58.1348","6.8085",,"Kitty",4/10/2005 0:00:00,12/30/1899 20:15:00,"A- Fatal","F- Driver",40.00,"Male","J- Minibus","O- Lost Control & Runoff",10.00
13223,40195.00,"4- Demerara- Mahaica",,"Queen St.",,"-58.1656","6.8160",,"Kitty",4/16/2005 0:00:00,12/30/1899 17:30:00,"D- Property Damage","F- Driver",45.00,"Male","K- Private Cars;M- Hire Cars","S- Driver's Negligence",2.00
13224,40196.00,"4- Demerara- Mahaica",,"Sandy Babb St.",,"-58.1422","6.8174",,"Kitty",4/20/2005 0:00:00,12/30/1899 16:50:00,"D- Property Damage","F- Driver",29.00,"Male","M- Hire Cars;N- Pickup","S- Driver's Negligence",2.00
13225,40197.00,"4- Demerara- Mahaica",,"Republic Ave.",,"-58.1653","6.8112",,"Kitty",4/21/2005 0:00:00,12/30/1899 18:00:00,"D- Property Damage","F- Driver",69.00,"Male","L- Lorries Van;N- Pickup","S- Driver's Negligence",2.00
13226,40198.00,"4- Demerara- Mahaica",,"David St.",,"-58.1397","6.8221",,"Kitty",4/24/2005 0:00:00,12/30/1899 15:50:00,"C- Minor Injury","F- Driver",43.00,"Male","J- Minibus;M- Hire Cars","S- Driver's Negligence",2.00
13227,40199.00,"4- Demerara- Mahaica",,"Sheriff & John Smith St.",,"-58.1373","6.8107",,"Kitty",4/24/2005 0:00:00,12/30/1899 17:10:00,"D- Property Damage","F- Driver",26.00,"Male","K- Private Cars;M- Hire Cars","S- Driver's Negligence",2.00
13228,40200.00,"4- Demerara- Mahaica",,"Vlissengen Rd. & Eping Ave.",,"-58.1473","6.8103",,"Kitty",4/29/2005 0:00:00,12/30/1899 14:30:00,"B- Serious Injury","G- Rider",50.00,"Male","K- Private Cars;V-Motor Cycle","U- Cyclist's Negligence",2.00
13229,40201.00,"4- Demerara- Mahaica",,"Rupert Craig Highway",,"-58.1150","6.8254",,"Kitty",5/1/2005 0:00:00,12/30/1899 19:45:00,"D- Property Damage","F- Driver",20.00,"Male","K- Private Cars","O- Lost Control & Runoff",1.00
13230,40202.00,"4- Demerara- Mahaica",,"Garnett St.",,"-58.1414","6.8133",,"Kitty",5/2/2005 0:00:00,12/30/1899 19:00:00,"B- Serious Injury","F- Driver",,"Male","N- Pickup;V-Motor Cycle","S- Driver's Negligence",2.00
13231,40203.00,"4- Demerara- Mahaica",,"Dennis St.",,"-58.1336","6.8122",,"Kitty",5/4/2005 0:00:00,12/30/1899 22:00:00,"B- Serious Injury","G- Rider",40.00,"Male","K- Private Cars;V-Motor Cycle","U- Cyclist's Negligence",2.00
13232,40204.00,"4- Demerara- Mahaica",,"Sheriff St.",,"-58.1359","6.8156",,"Kitty",5/6/2005 0:00:00,12/30/1899 1:30:00,"D- Property Damage","F- Driver",30.00,"Male","M- Hire Cars","Y- Animal",1.00
13233,40205.00,"4- Demerara- Mahaica",,"Alexander St.",,"-58.1592","6.8102",,"Kitty",5/8/2005 0:00:00,12/30/1899 10:10:00,"D- Property Damage","F- Driver",26.00,"Male","M- Hire Cars","Y- Animal",1.00
13234,40206.00,"4- Demerara- Mahaica",,"Dennis St.",,"-58.1336","6.8122",,"Kitty",5/9/2005 0:00:00,12/30/1899 9:30:00,"D- Property Damage","F- Driver",37.00,"Male","J- Minibus;L- Lorries Van","S- Driver's Negligence",2.00