"ID","Accident ID","Region Number","Corridor ID","Location (Intersection/Road/Street)","Corridor","Location- longitude/ X","Location- latitude/  Y","Mile Marker","Village","Date of Accident","Time of Accident","Type of Accident","Class of Road User","Age/DOB","Gender","Class of Vehicles Involved","Contributing Factor","Number of Persons Involved"
13235,40207.00,"4- Demerara- Mahaica",,"Garnett St.",,"-58.1414","6.8133",,"Kitty",5/9/2005 0:00:00,12/30/1899 7:45:00,"D- Property Damage","F- Driver",52.00,"Male","M- Hire Cars","S- Driver's Negligence",2.00
13236,40208.00,"4- Demerara- Mahaica",,"Alexander St.",,"-58.1592","6.8102",,"Kitty",5/9/2005 0:00:00,12/30/1899 15:35:00,"C- Minor Injury","F- Driver",,"Male","M- Hire Cars;Z-Animal- Drawn","S- Driver's Negligence",2.00
13237,40209.00,"4- Demerara- Mahaica",,"Stone Ave.",,"-58.1343","6.8147",,"Kitty",5/3/2005 0:00:00,12/30/1899 11:30:00,"C- Minor Injury","E- Pedestrian",6.00,"Female","K- Private Cars","T-Pedestrian's Negligence",2.00
13238,40210.00,"4- Demerara- Mahaica",,"Sheriff St.",,"-58.1359","6.8156",,"Kitty",5/6/2005 0:00:00,12/30/1899 11:30:00,"D- Property Damage","F- Driver",58.00,"Male","J- Minibus;M- Hire Cars","S- Driver's Negligence",2.00
13239,40211.00,"4- Demerara- Mahaica",,"David St.",,"-58.1397","6.8221",,"Kitty",4/20/2005 0:00:00,12/30/1899 16:30:00,"D- Property Damage","F- Driver",55.00,"Male","J- Minibus;K- Private Cars","S- Driver's Negligence",2.00
13240,40212.00,"4- Demerara- Mahaica",,"Sheriff St.",,"-58.1359","6.8156",,"Kitty",5/13/2005 0:00:00,12/30/1899 15:30:00,"D- Property Damage","F- Driver",,"Male","M- Hire Cars","S- Driver's Negligence",2.00
13241,40213.00,"4- Demerara- Mahaica",,"Sheriff St.",,"-58.1359","6.8156",,"Kitty",5/13/2005 0:00:00,12/30/1899 16:50:00,"D- Property Damage","F- Driver",,"Male","J- Minibus;M- Hire Cars","S- Driver's Negligence",2.00
13242,40214.00,"4- Demerara- Mahaica",,"Railway Embankment",,"-58.1334","6.8216",,"Kitty",5/14/2005 0:00:00,12/30/1899 22:50:00,"B- Serious Injury","F- Driver",25.00,"Male","K- Private Cars","S- Driver's Negligence",3.00
13243,40215.00,"4- Demerara- Mahaica",,"Sandy Babb St.",,"-58.1422","6.8174",,"Kitty",5/17/2005 0:00:00,12/30/1899 9:30:00,"D- Property Damage","F- Driver",31.00,"Male","K- Private Cars","Y- Animal",1.00
13244,40216.00,"4- Demerara- Mahaica",,"Sandy Babb St.",,"-58.1422","6.8174",,"Kitty",5/19/2005 0:00:00,12/30/1899 14:30:00,"B- Serious Injury","G- Rider",,"Male","K- Private Cars;V-Motor Cycle","U- Cyclist's Negligence",2.00
13245,40217.00,"4- Demerara- Mahaica",,"David St.",,"-58.1397","6.8221",,"Kitty",5/20/2005 0:00:00,12/30/1899 16:50:00,"C- Minor Injury","F- Driver",,"Female","K- Private Cars;M- Hire Cars","S- Driver's Negligence",2.00
13246,40218.00,"4- Demerara- Mahaica",,"Garnett St.",,"-58.1414","6.8133",,"Kitty",5/21/2005 0:00:00,12/30/1899 12:45:00,"C- Minor Injury","F- Driver",20.00,"Female","J- Minibus;K- Private Cars","S- Driver's Negligence",2.00
13247,40219.00,"4- Demerara- Mahaica",,"Sheriff St.",,"-58.1359","6.8156",,"Kitty",5/25/2005 0:00:00,12/30/1899 1:45:00,"D- Property Damage","F- Driver",30.00,"Male","K- Private Cars;M- Hire Cars","O- Lost Control & Runoff",2.00
13248,40220.00,"4- Demerara- Mahaica",,"Sheriff & Duncan St.",,"-58.1377","6.8093",,"Kitty",5/27/2005 0:00:00,,"D- Property Damage","F- Driver",32.00,"Female","K- Private Cars;M- Hire Cars","S- Driver's Negligence",2.00
13249,40221.00,"4- Demerara- Mahaica",,"Rupert Craig Highway & Sheriff St.",,"-58.1331","6.8254",,"Kitty",5/26/2005 0:00:00,12/30/1899 23:30:00,"D- Property Damage","G- Rider",,"Male","N- Pickup;V-Motor Cycle","U- Cyclist's Negligence",2.00
13250,40222.00,"4- Demerara- Mahaica",,"Sheriff St.",,"-58.1359","6.8156",,"Kitty",5/27/2005 0:00:00,12/30/1899 21:05:00,"C- Minor Injury","F- Driver",29.00,"Male","K- Private Cars;V-Motor Cycle","R- Improper Overtaking",2.00
13251,40223.00,"4- Demerara- Mahaica",,"Garnett St.",,"-58.1414","6.8133",,"Kitty",5/28/2005 0:00:00,12/30/1899 23:45:00,"D- Property Damage","F- Driver",34.00,"Male","J- Minibus;K- Private Cars","S- Driver's Negligence",2.00
13252,40224.00,"4- Demerara- Mahaica",,"Garnett St.",,"-58.1414","6.8133",,"Kitty",5/17/2005 0:00:00,12/30/1899 8:00:00,"B- Serious Injury","F- Driver",26.00,"Male","M- Hire Cars","S- Driver's Negligence",2.00
13253,40225.00,"4- Demerara- Mahaica",,"Railway Embankment",,"-58.1334","6.8216",,"Kitty",5/30/2005 0:00:00,12/30/1899 13:40:00,"D- Property Damage","F- Driver",25.00,"Male","K- Private Cars","S- Driver's Negligence",2.00
13254,40226.00,"4- Demerara- Mahaica",,"Garnett St.",,"-58.1414","6.8133",,"Kitty",5/30/2005 0:00:00,12/30/1899 12:30:00,"C- Minor Injury","F- Driver",,"Male","J- Minibus;V-Motor Cycle","S- Driver's Negligence",2.00
13255,40227.00,"4- Demerara- Mahaica",,"Sheriff St.",,"-58.1359","6.8156",,"Kitty",6/4/2005 0:00:00,12/30/1899 3:45:00,"D- Property Damage","F- Driver",39.00,"Male","M- Hire Cars","R- Improper Overtaking",2.00
13256,40228.00,"4- Demerara- Mahaica",,"John St.",,"-58.1374","6.8107",,"Kitty",6/5/2005 0:00:00,12/30/1899 11:00:00,"D- Property Damage","F- Driver",39.00,"Male","K- Private Cars;L- Lorries Van","S- Driver's Negligence",3.00
13257,40229.00,"4- Demerara- Mahaica",,"Vlissengen Rd. & Crown St.",,"-58.1469","6.8125",,"Kitty",6/7/2005 0:00:00,12/30/1899 15:15:00,"D- Property Damage","F- Driver",39.00,"Female","L- Lorries Van;N- Pickup","S- Driver's Negligence",2.00
13258,40230.00,"4- Demerara- Mahaica",,"Clive Lloyd Dr. & J.B. Singh Rd.",,"-58.1433","6.8254",,"Kitty",6/9/2005 0:00:00,12/30/1899 18:30:00,"A- Fatal","G- Rider",51.00,"Male","J- Minibus;W-Pedal Cycle","U- Cyclist's Negligence",2.00
13259,40231.00,"4- Demerara- Mahaica",,"Rupert Craig Highway",,"-58.1150","6.8254",,"Kitty",6/12/2005 0:00:00,12/30/1899 5:10:00,"A- Fatal","E- Pedestrian",23.00,"Male","J- Minibus","T-Pedestrian's Negligence",2.00
13260,40232.00,"4- Demerara- Mahaica",,"Stone Ave. & Garnett St.",,"-58.1352","6.8116",,"Kitty",6/14/2005 0:00:00,12/30/1899 17:00:00,"C- Minor Injury","F- Driver",29.00,"Male","K- Private Cars;V-Motor Cycle","S- Driver's Negligence",2.00
13261,40233.00,"4- Demerara- Mahaica",,"Thomas Rd. & J.B. Singh Rd.",,"-58.1578","6.8150",,"Kitty",6/10/2005 0:00:00,12/30/1899 17:38:00,"D- Property Damage","F- Driver",52.00,"Male","K- Private Cars;N- Pickup","S- Driver's Negligence",2.00
13262,40234.00,"4- Demerara- Mahaica",,"Sheriff St.",,"-58.1359","6.8156",,"Kitty",6/20/2005 0:00:00,12/30/1899 14:20:00,"D- Property Damage","F- Driver",68.00,"Male","J- Minibus;L- Lorries Van","S- Driver's Negligence",2.00
13263,40235.00,"4- Demerara- Mahaica",,"Middleton St.",,"-58.1395","6.8162",,"Kitty",6/20/2005 0:00:00,12/30/1899 17:10:00,"C- Minor Injury","F- Driver",55.00,"Male","M- Hire Cars","O- Lost Control & Runoff",2.00
13264,40236.00,"4- Demerara- Mahaica",,"Clive Lloyd Dr.",,"-58.1433","6.8255",,"Kitty",6/24/2005 0:00:00,12/30/1899 8:30:00,"A- Fatal","F- Driver",35.00,"Male","J- Minibus","P- Speeding",3.00
13265,40237.00,"4- Demerara- Mahaica",,"Railway Embankment",,"-58.1334","6.8216",,"Kitty",6/24/2005 0:00:00,12/30/1899 11:50:00,"D- Property Damage","F- Driver",32.00,"Male","J- Minibus;M- Hire Cars","S- Driver's Negligence",2.00
13266,40238.00,"4- Demerara- Mahaica",,"Campbell Ave.",,"-58.1349","6.8155",,"Kitty",6/17/2005 0:00:00,12/30/1899 17:30:00,"C- Minor Injury","F- Driver",28.00,"Male","L- Lorries Van;V-Motor Cycle","S- Driver's Negligence",2.00
13267,40239.00,"4- Demerara- Mahaica",,"Sheriff St.",,"-58.1359","6.8156",,"Kitty",6/28/2005 0:00:00,12/30/1899 12:45:00,"D- Property Damage","F- Driver",32.00,"Male","K- Private Cars;M- Hire Cars","S- Driver's Negligence",2.00
13268,40240.00,"4- Demerara- Mahaica",,"Sheriff St.",,"-58.1359","6.8156",,"Kitty",6/26/2005 0:00:00,12/30/1899 3:00:00,"B- Serious Injury","F- Driver",32.00,"Male","N- Pickup","S- Driver's Negligence",2.00
13269,40241.00,"4- Demerara- Mahaica",,"Vlissengen Rd.",,"-58.1474","6.8108",,"Kitty",6/25/2005 0:00:00,12/30/1899 19:30:00,"C- Minor Injury","F- Driver",28.00,"Male","K- Private Cars;V-Motor Cycle","S- Driver's Negligence",2.00
13270,40242.00,"4- Demerara- Mahaica",,"Vlissengen Rd.",,"-58.1474","6.8108",,"Kitty",6/1/2005 0:00:00,12/30/1899 9:30:00,"D- Property Damage","F- Driver",30.00,"Male","K- Private Cars;M- Hire Cars","S- Driver's Negligence",2.00
13271,40243.00,"4- Demerara- Mahaica",,"Middleton & Garnett St.",,"-58.1403","6.8130",,"Kitty",7/3/2005 0:00:00,12/30/1899 16:45:00,"D- Property Damage","F- Driver",49.00,"Male","K- Private Cars","S- Driver's Negligence",2.00
13272,40244.00,"4- Demerara- Mahaica",,"Sheriff St.",,"-58.1359","6.8156",,"Kitty",7/3/2005 0:00:00,12/30/1899 20:00:00,"A- Fatal","F- Driver",34.00,"Male","K- Private Cars","S- Driver's Negligence",2.00
13273,40245.00,"4- Demerara- Mahaica",,"Duncan St.",,"-58.1348","6.8085",,"Kitty",7/4/2005 0:00:00,12/30/1899 3:30:00,"D- Property Damage","F- Driver",26.00,"Male","M- Hire Cars","O- Lost Control & Runoff",1.00
13274,40246.00,"4- Demerara- Mahaica",,"Barr St.",,"-58.1643","6.7993",,"Kitty",7/5/2005 0:00:00,12/30/1899 19:15:00,"C- Minor Injury","F- Driver",39.00,"Male","J- Minibus;K- Private Cars","S- Driver's Negligence",2.00
13275,40247.00,"4- Demerara- Mahaica",,"Rupert Craig Highway",,"-58.1150","6.8254",,"Kitty",7/6/2005 0:00:00,12/30/1899 20:30:00,"B- Serious Injury","E- Pedestrian",57.00,"Male","J- Minibus","T-Pedestrian's Negligence",2.00
13276,40248.00,"4- Demerara- Mahaica",,"Public Rd. Kitty",,"-58.1399","6.8246",,"Kitty",7/8/2005 0:00:00,12/30/1899 7:00:00,"D- Property Damage","F- Driver",34.00,"Male","J- Minibus;K- Private Cars;M- Hire Cars","S- Driver's Negligence",3.00
13277,40249.00,"4- Demerara- Mahaica",,"D'Andrade Street",,"-58.1450","6.8132",,"Kitty",7/7/2005 0:00:00,12/30/1899 20:50:00,"D- Property Damage","F- Driver",20.00,"Male","N- Pickup","S- Driver's Negligence",2.00
13278,40250.00,"4- Demerara- Mahaica",,"Sheriff St.",,"-58.1359","6.8156",,"Kitty",7/11/2005 0:00:00,12/30/1899 22:40:00,"D- Property Damage","F- Driver",30.00,"Male","K- Private Cars;N- Pickup","S- Driver's Negligence",2.00
13279,40251.00,"4- Demerara- Mahaica",,"Thomas St.",,"-58.1577","6.8148",,"Kitty",7/11/2005 0:00:00,12/30/1899 10:30:00,"B- Serious Injury","F- Driver",45.00,"Male","M- Hire Cars","S- Driver's Negligence",2.00
13280,40252.00,"4- Demerara- Mahaica",,"Sandy Babb St.",,"-58.1422","6.8174",,"Kitty",7/15/2005 0:00:00,12/30/1899 18:05:00,"D- Property Damage","G- Rider",,"Male","K- Private Cars;V-Motor Cycle","U- Cyclist's Negligence",2.00
13281,40253.00,"4- Demerara- Mahaica",,"Middleton St.",,"-58.1395","6.8162",,"Kitty",7/16/2005 0:00:00,12/30/1899 18:25:00,"D- Property Damage","F- Driver",29.00,"Male","K- Private Cars;M- Hire Cars","S- Driver's Negligence",2.00
13282,40254.00,"4- Demerara- Mahaica",,"Station St.",,"-58.1432","6.8158",,"Kitty",7/21/2005 0:00:00,12/30/1899 3:15:00,"D- Property Damage","F- Driver",,"Male","M- Hire Cars","O- Lost Control & Runoff",1.00
13283,40255.00,"4- Demerara- Mahaica",,"Vlissengen Rd.",,"-58.1474","6.8108",,"Kitty",7/28/2005 0:00:00,,"D- Property Damage","F- Driver",30.00,"Male","K- Private Cars;M- Hire Cars","S- Driver's Negligence",2.00
13284,40256.00,"4- Demerara- Mahaica",,"Rupert Craig Highway",,"-58.1150","6.8254",,"Kitty",7/25/2005 0:00:00,12/30/1899 12:30:00,"D- Property Damage","F- Driver",41.00,"Male","J- Minibus;L- Lorries Van","S- Driver's Negligence",2.00
13285,40257.00,"4- Demerara- Mahaica",,"Vlissengen Rd. & Brown St.",,"-58.1453","6.8176",,"Kitty",7/29/2005 0:00:00,12/30/1899 18:00:00,"D- Property Damage","F- Driver",57.00,"Male","K- Private Cars;N- Pickup","S- Driver's Negligence",2.00
13286,40258.00,"4- Demerara- Mahaica",,"Dennis St.",,"-58.1336","6.8122",,"Kitty",7/29/2005 0:00:00,12/30/1899 22:00:00,"C- Minor Injury","G- Rider",22.00,"Male","V-Motor Cycle","P- Speeding",2.00
13287,40259.00,"4- Demerara- Mahaica",,"Sheriff St.",,"-58.1359","6.8156",,"Kitty",7/31/2005 0:00:00,12/30/1899 3:15:00,"C- Minor Injury","F- Driver",28.00,"Male","K- Private Cars;N- Pickup","S- Driver's Negligence",2.00
13288,40260.00,"4- Demerara- Mahaica",,"Sheriff St. & David St.",,"-58.1345","6.8208",,"Kitty",8/2/2005 0:00:00,12/30/1899 5:45:00,"D- Property Damage","F- Driver",40.00,"Male","J- Minibus;L- Lorries Van","S- Driver's Negligence",2.00
13289,40261.00,"4- Demerara- Mahaica",,"John Smith St.",,"-58.1334","6.8198",,"Kitty",8/3/2005 0:00:00,12/30/1899 16:30:00,"C- Minor Injury","G- Rider",23.00,"Male","K- Private Cars;V-Motor Cycle","U- Cyclist's Negligence",2.00
13290,40262.00,"4- Demerara- Mahaica",,"Vlissengen Rd. & Lamaha St.",,"-58.1462","6.8153",,"Kitty",8/4/2005 0:00:00,12/30/1899 19:15:00,"D- Property Damage","F- Driver",,"Male","K- Private Cars;M- Hire Cars","S- Driver's Negligence",2.00
13291,40263.00,"4- Demerara- Mahaica",,"David St.",,"-58.1397","6.8221",,"Kitty",8/5/2005 0:00:00,12/30/1899 17:45:00,"D- Property Damage","F- Driver",31.00,"Male","M- Hire Cars;N- Pickup","S- Driver's Negligence",2.00
13292,40264.00,"4- Demerara- Mahaica",,"Sheriff St.",,"-58.1359","6.8156",,"Kitty",8/14/2005 0:00:00,12/30/1899 2:15:00,"D- Property Damage","F- Driver",21.00,"Male","K- Private Cars","S- Driver's Negligence",2.00
13293,40265.00,"4- Demerara- Mahaica",,"Sheriff St. & Railway Embankment",,"-58.1345","6.8208",,"Kitty",8/14/2005 0:00:00,12/30/1899 2:30:00,"C- Minor Injury","F- Driver",27.00,"Male","K- Private Cars;V-Motor Cycle","S- Driver's Negligence",2.00
13294,40266.00,"4- Demerara- Mahaica",,"Lamaha St.",,"-58.1601","6.8190",,"Kitty",8/15/2005 0:00:00,12/30/1899 10:30:00,"B- Serious Injury","F- Driver",32.00,"Male","M- Hire Cars","S- Driver's Negligence",2.00
13295,40267.00,"4- Demerara- Mahaica",,"Public Rd. Kitty",,"-58.1399","6.8246",,"Kitty",8/13/2005 0:00:00,12/30/1899 9:00:00,"C- Minor Injury","F- Driver",40.00,"Male","J- Minibus;W-Pedal Cycle","S- Driver's Negligence",2.00
13296,40268.00,"4- Demerara- Mahaica",,"Sheriff & David St.",,"-58.1345","6.8208",,"Kitty",8/18/2005 0:00:00,12/30/1899 1:10:00,"B- Serious Injury","F- Driver",45.00,"Male","J- Minibus;V-Motor Cycle","S- Driver's Negligence",2.00
13297,40269.00,"4- Demerara- Mahaica",,"David & Alexander St.",,"-58.1400","6.8222",,"Kitty",8/14/2005 0:00:00,12/30/1899 16:20:00,"D- Property Damage","F- Driver",50.00,"Male","K- Private Cars","S- Driver's Negligence",2.00
13298,40270.00,"4- Demerara- Mahaica",,"Vlissengen Rd. & Thomas St.",,"-58.1444","6.8207",,"Kitty",8/19/2005 0:00:00,12/30/1899 16:30:00,"D- Property Damage","F- Driver",20.00,"Female","J- Minibus;K- Private Cars","S- Driver's Negligence",2.00
13299,40271.00,"4- Demerara- Mahaica",,"Sheriff & David St.",,"-58.1345","6.8208",,"Kitty",8/31/2005 0:00:00,12/30/1899 9:50:00,"D- Property Damage","F- Driver",39.00,"Male","J- Minibus;M- Hire Cars","S- Driver's Negligence",2.00
13300,40272.00,"4- Demerara- Mahaica",,"Sandy Babb St.",,"-58.1422","6.8174",,"Kitty",8/28/2005 0:00:00,12/30/1899 22:30:00,"D- Property Damage","F- Driver",27.00,"Male","J- Minibus;K- Private Cars","S- Driver's Negligence",2.00
13301,40273.00,"4- Demerara- Mahaica",,"Sheriff St.",,"-58.1359","6.8156",,"Kitty",8/31/2005 0:00:00,12/30/1899 18:00:00,"C- Minor Injury","F- Driver",29.00,"Female","K- Private Cars;W-Pedal Cycle","S- Driver's Negligence",2.00
13302,40274.00,"4- Demerara- Mahaica",,"Lamaha St.",,"-58.1601","6.8190",,"Kitty",9/3/2005 0:00:00,12/30/1899 7:55:00,"C- Minor Injury","E- Pedestrian",5.00,"Male","M- Hire Cars","T-Pedestrian's Negligence",2.00
13303,40275.00,"4- Demerara- Mahaica",,"Mandela Ave.",,"-58.1601","6.7919",,"Kitty",9/1/2005 0:00:00,,"C- Minor Injury","F- Driver",49.00,"Male","J- Minibus;K- Private Cars","S- Driver's Negligence",2.00
13304,40276.00,"4- Demerara- Mahaica",,"Rupert Craig Highway",,"-58.1150","6.8254",,"Kitty",9/5/2005 0:00:00,12/30/1899 7:35:00,"A- Fatal","F- Driver",83.00,"Female","K- Private Cars","S- Driver's Negligence",2.00
13305,40277.00,"4- Demerara- Mahaica",,"Duncan St.",,"-58.1348","6.8085",,"Kitty",9/14/2005 0:00:00,12/30/1899 20:05:00,"D- Property Damage","F- Driver",50.00,"Female","J- Minibus;K- Private Cars","S- Driver's Negligence",2.00
13306,40278.00,"4- Demerara- Mahaica",,"Garnett St. & Stone Ave.",,"-58.1352","6.8116",,"Kitty",9/15/2005 0:00:00,12/30/1899 15:30:00,"D- Property Damage","F- Driver",,"Male","N- Pickup","S- Driver's Negligence",2.00
13307,40279.00,"4- Demerara- Mahaica",,"Sheriff St.",,"-58.1359","6.8156",,"Kitty",9/4/2005 0:00:00,12/30/1899 20:30:00,"D- Property Damage","F- Driver",50.00,"Male","J- Minibus;K- Private Cars","S- Driver's Negligence",4.00
13308,40280.00,"4- Demerara- Mahaica",,"Delph & William St.",,"-58.1379","6.8148",,"Kitty",9/19/2005 0:00:00,12/30/1899 15:11:00,"D- Property Damage","F- Driver",17.00,"Male","K- Private Cars;M- Hire Cars","S- Driver's Negligence",2.00
13309,40281.00,"4- Demerara- Mahaica",,"Vlissengen Rd.",,"-58.1474","6.8108",,"Kitty",9/19/2005 0:00:00,12/30/1899 8:30:00,"B- Serious Injury","F- Driver",31.00,"Male","M- Hire Cars;V-Motor Cycle","S- Driver's Negligence",2.00
13310,40282.00,"4- Demerara- Mahaica",,"Sheriff St.",,"-58.1359","6.8156",,"Kitty",9/20/2005 0:00:00,12/30/1899 15:15:00,"B- Serious Injury","G- Rider",56.00,"Female","V-Motor Cycle","U- Cyclist's Negligence",2.00
13311,40283.00,"4- Demerara- Mahaica",,"Sheriff St.",,"-58.1359","6.8156",,"Kitty",9/26/2005 0:00:00,12/30/1899 13:30:00,"D- Property Damage","F- Driver",32.00,"Male","M- Hire Cars","S- Driver's Negligence",2.00
13312,40284.00,"4- Demerara- Mahaica",,"Sheriff St.",,"-58.1359","6.8156",,"Kitty",9/26/2005 0:00:00,12/30/1899 19:35:00,"B- Serious Injury","F- Driver",36.00,"Male","J- Minibus","S- Driver's Negligence",2.00
13313,40285.00,"4- Demerara- Mahaica",,"Sheriff St.",,"-58.1359","6.8156",,"Kitty",9/28/2005 0:00:00,12/30/1899 19:45:00,"D- Property Damage","F- Driver",35.00,"Male","K- Private Cars;M- Hire Cars","S- Driver's Negligence",3.00
13314,40286.00,"4- Demerara- Mahaica",,"Ketley St.",,"-58.1662","6.8021",,"Kitty",9/29/2005 0:00:00,12/30/1899 8:25:00,"D- Property Damage","F- Driver",66.00,"Male","J- Minibus;K- Private Cars","S- Driver's Negligence",2.00
13315,40287.00,"4- Demerara- Mahaica",,"David & Alexander St.",,"-58.1400","6.8222",,"Kitty",10/3/2005 0:00:00,,"D- Property Damage","F- Driver",49.00,"Male","M- Hire Cars","S- Driver's Negligence",2.00
13316,40288.00,"4- Demerara- Mahaica",,"David St.",,"-58.1397","6.8221",,"Kitty",10/4/2005 0:00:00,12/30/1899 12:00:00,"D- Property Damage","F- Driver",66.00,"Male","M- Hire Cars;N- Pickup","S- Driver's Negligence",2.00
13317,40289.00,"4- Demerara- Mahaica",,"Bel Air",,"-58.1432","6.8092",,"Kitty",10/5/2005 0:00:00,12/30/1899 8:00:00,"D- Property Damage","F- Driver",37.00,"Male","M- Hire Cars;N- Pickup","S- Driver's Negligence",2.00
13318,40290.00,"4- Demerara- Mahaica",,"Rupert Craig Highway",,"-58.1150","6.8254",,"Kitty",9/18/2005 0:00:00,12/30/1899 10:45:00,"D- Property Damage","F- Driver",28.00,"Male","K- Private Cars;M- Hire Cars","S- Driver's Negligence",2.00
13319,40291.00,"4- Demerara- Mahaica",,"Alexander St.",,"-58.1592","6.8102",,"Kitty",10/8/2005 0:00:00,12/30/1899 14:45:00,"C- Minor Injury","G- Rider",21.00,"Male","J- Minibus;W-Pedal Cycle","U- Cyclist's Negligence",2.00
13320,40292.00,"4- Demerara- Mahaica",,"Public Rd. Kitty & Vlissengen Rd.",,"-58.1429","6.8254",,"Kitty",10/9/2005 0:00:00,12/30/1899 8:05:00,"B- Serious Injury","G- Rider",26.00,"Female","J- Minibus;V-Motor Cycle","U- Cyclist's Negligence",2.00
13321,40293.00,"4- Demerara- Mahaica",,"Bissessar Ave. & Delhi St.",,"-58.1323","6.8148",,"Kitty",9/24/2005 0:00:00,12/30/1899 21:45:00,"D- Property Damage","F- Driver",19.00,"Female","K- Private Cars","S- Driver's Negligence",2.00
13322,40294.00,"4- Demerara- Mahaica",,"Akawini & Sheriff St.",,"-58.1377","6.8089",,"Kitty",10/7/2005 0:00:00,,"D- Property Damage","F- Driver",34.00,"Male","M- Hire Cars;V-Motor Cycle","S- Driver's Negligence",2.00
13323,40295.00,"4- Demerara- Mahaica",,"J.B. Singh Rd.",,"-58.1449","6.8203",,"Kitty",10/14/2005 0:00:00,12/30/1899 17:05:00,"D- Property Damage","F- Driver",72.00,"Male","M- Hire Cars","S- Driver's Negligence",2.00
13324,40296.00,"4- Demerara- Mahaica",,"Rupert Craig Highway",,"-58.1150","6.8254",,"Kitty",10/16/2005 0:00:00,12/30/1899 19:45:00,"C- Minor Injury","F- Driver",37.00,"Male","J- Minibus","S- Driver's Negligence",2.00
13325,40297.00,"4- Demerara- Mahaica",,"Durey Lane",,"-58.1377","6.8137",,"Kitty",10/10/2005 0:00:00,12/30/1899 12:10:00,"D- Property Damage","F- Driver",50.00,"Male","J- Minibus;K- Private Cars","S- Driver's Negligence",2.00
13326,40298.00,"4- Demerara- Mahaica",,"Sheriff & David St.",,"-58.1345","6.8208",,"Kitty",10/18/2005 0:00:00,12/30/1899 14:30:00,"D- Property Damage","F- Driver",35.00,"Male","J- Minibus;K- Private Cars","S- Driver's Negligence",2.00
13327,40299.00,"4- Demerara- Mahaica",,"Garnett St.",,"-58.1414","6.8133",,"Kitty",10/26/2005 0:00:00,12/30/1899 15:30:00,"D- Property Damage","F- Driver",57.00,"Male","K- Private Cars;N- Pickup","S- Driver's Negligence",2.00
13328,40300.00,"4- Demerara- Mahaica",,"Da Silva & D'Abreu Street",,"-58.1427","6.8116",,"Kitty",10/28/2005 0:00:00,12/30/1899 16:30:00,"D- Property Damage","F- Driver",21.00,"Male","K- Private Cars","S- Driver's Negligence",2.00
13329,40301.00,"4- Demerara- Mahaica",,"Sheriff St.",,"-58.1359","6.8156",,"Kitty",10/30/2005 0:00:00,12/30/1899 0:05:00,"B- Serious Injury","E- Pedestrian",31.00,"Male",,,2.00
13330,40302.00,"4- Demerara- Mahaica",,"Sheriff St.",,"-58.1359","6.8156",,"Kitty",11/6/2005 0:00:00,12/30/1899 14:00:00,"B- Serious Injury","G- Rider",31.00,"Male","M- Hire Cars;V-Motor Cycle","U- Cyclist's Negligence",2.00
13331,40303.00,"4- Demerara- Mahaica",,"Sheriff St.",,"-58.1359","6.8156",,"Kitty",11/6/2005 0:00:00,12/30/1899 20:30:00,"C- Minor Injury","F- Driver",25.00,"Male","K- Private Cars;M- Hire Cars","S- Driver's Negligence",3.00
13332,40304.00,"4- Demerara- Mahaica",,"Vlissengen Rd.",,"-58.1474","6.8108",,"Kitty",11/10/2005 0:00:00,12/30/1899 12:00:00,"D- Property Damage","F- Driver",35.00,"Male","J- Minibus;L- Lorries Van","S- Driver's Negligence",2.00
13333,40305.00,"4- Demerara- Mahaica",,"Sheriff St.",,"-58.1359","6.8156",,"Kitty",11/3/2005 0:00:00,12/30/1899 8:00:00,"C- Minor Injury","F- Driver",35.00,"Male","L- Lorries Van;W-Pedal Cycle","S- Driver's Negligence",2.00
13334,40306.00,"4- Demerara- Mahaica",,"Public Rd. Kitty",,"-58.1399","6.8246",,"Kitty",11/12/2005 0:00:00,12/30/1899 6:00:00,"D- Property Damage","F- Driver",60.00,"Male","K- Private Cars","S- Driver's Negligence",2.00
13335,40307.00,"4- Demerara- Mahaica",,"Campbell Ave. & Sheriff St.",,"-58.1358","6.8157",,"Kitty",11/15/2005 0:00:00,12/30/1899 9:45:00,"D- Property Damage","F- Driver",37.00,"Male","J- Minibus;M- Hire Cars","S- Driver's Negligence",2.00
13336,40308.00,"4- Demerara- Mahaica",,"Sandy Babb & Alexander St",,"-58.1426","6.8176",,"Kitty",11/19/2005 0:00:00,12/30/1899 13:00:00,"D- Property Damage","F- Driver",52.00,"Male","K- Private Cars;M- Hire Cars","S- Driver's Negligence",2.00
13337,40309.00,"4- Demerara- Mahaica",,"Fourth St. Campbellville",,"-58.1347","6.8164",,"Kitty",11/17/2005 0:00:00,12/30/1899 17:45:00,"D- Property Damage","F- Driver",36.00,"Male","M- Hire Cars;Z-Animal- Drawn","S- Driver's Negligence",2.00
13338,40310.00,"4- Demerara- Mahaica",,"Sheriff & Garnett St.",,"-58.1369","6.8121",,"Kitty",12/2/2005 0:00:00,12/30/1899 8:00:00,"D- Property Damage","F- Driver",,"Male","K- Private Cars","S- Driver's Negligence",2.00
13339,40311.00,"4- Demerara- Mahaica",,"Vlissengen Rd. &  Sandy Babb St.",,"-58.1453","6.8183",,"Kitty",12/2/2005 0:00:00,12/30/1899 15:00:00,"D- Property Damage","F- Driver",,"Male","J- Minibus;K- Private Cars","S- Driver's Negligence",2.00
13340,40312.00,"4- Demerara- Mahaica",,"Pike St. & Stone Ave.",,"-58.1332","6.8185",,"Kitty",12/7/2005 0:00:00,12/30/1899 15:45:00,"D- Property Damage","F- Driver",30.00,"Male","J- Minibus;M- Hire Cars","S- Driver's Negligence",2.00
13341,40313.00,"4- Demerara- Mahaica",,"Sheriff St.",,"-58.1359","6.8156",,"Kitty",12/11/2005 0:00:00,12/30/1899 23:45:00,"D- Property Damage","F- Driver",30.00,"Male","K- Private Cars;L- Lorries Van","S- Driver's Negligence",2.00
13342,40314.00,"4- Demerara- Mahaica",,"Irving St.",,"-58.1455","6.8177",,"Kitty",12/16/2005 0:00:00,12/30/1899 13:00:00,"B- Serious Injury","G- Rider",26.00,"Male","W-Pedal Cycle","U- Cyclist's Negligence",2.00
13343,40315.00,"4- Demerara- Mahaica",,"Dennis & Sheriff St.",,"-58.1366","6.8130",,"Kitty",12/18/2005 0:00:00,12/30/1899 7:00:00,"D- Property Damage","F- Driver",25.00,"Male","K- Private Cars","S- Driver's Negligence",2.00