"ID","Accident ID","Region Number","Corridor ID","Location (Intersection/Road/Street)","Corridor","Location- longitude/ X","Location- latitude/  Y","Mile Marker","Village","Date of Accident","Time of Accident","Type of Accident","Class of Road User","Age/DOB","Gender","Class of Vehicles Involved","Contributing Factor","Number of Persons Involved"
13344,40316.00,"4- Demerara- Mahaica",,"Rupert Craig Highway & Sheriff St.",,"-58.1331","6.8254",,"Kitty",12/18/2005 0:00:00,12/30/1899 9:30:00,"B- Serious Injury","F- Driver",30.00,"Male","N- Pickup","P- Speeding",2.00
13345,40317.00,"4- Demerara- Mahaica",,"Sheriff St.",,"-58.1359","6.8156",,"Kitty",12/22/2005 0:00:00,12/30/1899 4:00:00,"A- Fatal","E- Pedestrian",39.00,"Female","L- Lorries Van","T-Pedestrian's Negligence",2.00
13346,40318.00,"4- Demerara- Mahaica",,"Alexander & Pike St.",,"-58.1417","6.8208",,"Kitty",12/29/2005 0:00:00,12/30/1899 15:20:00,"D- Property Damage","F- Driver",24.00,"Male","K- Private Cars;M- Hire Cars","S- Driver's Negligence",2.00
13347,40319.00,"4- Demerara- Mahaica",,"Embankment & Sheriff St.",,"-58.1345","6.8208",,"Kitty",12/26/2005 0:00:00,12/30/1899 16:30:00,"C- Minor Injury","F- Driver",,"Male","N- Pickup;V-Motor Cycle","S- Driver's Negligence",3.00
13348,40320.00,"4- Demerara- Mahaica",,"Sheriff & Campbell Ave.",,"-58.1358","6.8157",,"Kitty",12/19/2005 0:00:00,12/30/1899 19:25:00,"D- Property Damage","F- Driver",32.00,"Male","K- Private Cars","S- Driver's Negligence",2.00
13349,40321.00,"4- Demerara- Mahaica",,"Clive Lloyd Dr. & J.B. Singh Rd.",,"-58.1433","6.8254",,"Kitty",12/24/2005 0:00:00,12/30/1899 11:45:00,"D- Property Damage","F- Driver",35.00,"Male","K- Private Cars;L- Lorries Van","S- Driver's Negligence",2.00
13350,40322.00,"4- Demerara- Mahaica",,"Dennis & Sheriff St.",,"-58.1366","6.8130",,"Kitty",12/25/2005 0:00:00,12/30/1899 18:45:00,"D- Property Damage","F- Driver",,"Female","K- Private Cars;V-Motor Cycle","S- Driver's Negligence",2.00
13351,40323.00,"4- Demerara- Mahaica",,"Dennis St.",,"-58.1336","6.8122",,"Kitty",12/28/2005 0:00:00,12/30/1899 18:10:00,"D- Property Damage","F- Driver",65.00,"Male","K- Private Cars","S- Driver's Negligence",2.00
13352,40324.00,"4- Demerara- Mahaica",,"Sheriff St.",,"-58.1359","6.8156",,"Kitty",1/5/2006 0:00:00,12/30/1899 8:00:00,"D- Property Damage","F- Driver",29.00,"Male","L- Lorries Van;N- Pickup","S- Driver's Negligence",2.00
13353,40325.00,"4- Demerara- Mahaica",,"Vlissengen Rd.",,"-58.1474","6.8108",,"Kitty",1/5/2006 0:00:00,12/30/1899 6:30:00,"D- Property Damage","F- Driver",,"Male","J- Minibus;L- Lorries Van","S- Driver's Negligence",2.00
13354,40326.00,"4- Demerara- Mahaica",,"Thomas & J.B. Singh Rd.",,"-58.1578","6.8150",,"Kitty",1/7/2006 0:00:00,12/30/1899 12:45:00,"D- Property Damage","F- Driver",36.00,"Male","K- Private Cars;M- Hire Cars","S- Driver's Negligence",2.00
13355,40327.00,"4- Demerara- Mahaica",,"Sheriff St.",,"-58.1359","6.8156",,"Kitty",1/13/2006 0:00:00,12/30/1899 20:00:00,"C- Minor Injury","F- Driver",26.00,"Female","K- Private Cars;V-Motor Cycle","S- Driver's Negligence",2.00
13356,40328.00,"4- Demerara- Mahaica",,"Sheriff St.",,"-58.1359","6.8156",,"Kitty",1/13/2006 0:00:00,12/30/1899 12:00:00,"C- Minor Injury","F- Driver",33.00,"Male","J- Minibus;K- Private Cars;M- Hire Cars","S- Driver's Negligence",3.00
13357,40329.00,"4- Demerara- Mahaica",,"Sheriff St.",,"-58.1359","6.8156",,"Kitty",1/16/2006 0:00:00,12/30/1899 14:30:00,"D- Property Damage","F- Driver",35.00,"Male","J- Minibus;M- Hire Cars","S- Driver's Negligence",2.00
13358,40330.00,"4- Demerara- Mahaica",,"David & Lamaha St.",,"-58.1380","6.8217",,"Kitty",1/20/2006 0:00:00,12/30/1899 10:30:00,"D- Property Damage","F- Driver",25.00,"Male","K- Private Cars;L- Lorries Van","S- Driver's Negligence",2.00
13359,40331.00,"4- Demerara- Mahaica",,"Vlissengen Rd.",,"-58.1474","6.8108",,"Kitty",1/21/2006 0:00:00,12/30/1899 12:45:00,"D- Property Damage","F- Driver",53.00,"Female","K- Private Cars","S- Driver's Negligence",2.00
13360,40332.00,"4- Demerara- Mahaica",,"Sheriff St.",,"-58.1359","6.8156",,"Kitty",1/23/2006 0:00:00,12/30/1899 4:30:00,"B- Serious Injury","F- Driver",,"Male","J- Minibus","S- Driver's Negligence",2.00
13361,40333.00,"4- Demerara- Mahaica",,"Vlissengen Rd. & Almond St.",,"-58.1472","6.8114",,"Kitty",1/23/2006 0:00:00,12/30/1899 5:55:00,"D- Property Damage","F- Driver",35.00,"Male","J- Minibus;M- Hire Cars","R- Improper Overtaking",2.00
13362,40334.00,"4- Demerara- Mahaica",,"Sheriff St.",,"-58.1359","6.8156",,"Kitty",1/21/2006 0:00:00,12/30/1899 16:30:00,"D- Property Damage","G- Rider",24.00,"Male","M- Hire Cars;V-Motor Cycle","U- Cyclist's Negligence",2.00
13363,40335.00,"4- Demerara- Mahaica",,"Garnett St.",,"-58.1414","6.8133",,"Kitty",1/26/2006 0:00:00,12/30/1899 14:15:00,"D- Property Damage","F- Driver",54.00,"Male","L- Lorries Van;N- Pickup","R- Improper Overtaking",2.00
13364,40336.00,"4- Demerara- Mahaica",,"Garnett & Sheriff St.",,"-58.1369","6.8121",,"Kitty",1/26/2006 0:00:00,12/30/1899 8:45:00,"D- Property Damage","F- Driver",54.00,"Male","J- Minibus;K- Private Cars","R- Improper Overtaking",2.00
13365,40337.00,"4- Demerara- Mahaica",,"Lamaha St.",,"-58.1564","6.8181",,"Kitty",1/22/2006 0:00:00,12/30/1899 11:30:00,"C- Minor Injury","F- Driver",,"Male","K- Private Cars","S- Driver's Negligence",3.00
13366,40338.00,"4- Demerara- Mahaica",,"Sheriff St.",,"-58.1359","6.8156",,"Kitty",1/14/2006 0:00:00,12/30/1899 11:40:00,"D- Property Damage","F- Driver",30.00,"Male","J- Minibus;M- Hire Cars","S- Driver's Negligence",2.00
13367,40339.00,"4- Demerara- Mahaica",,"Campbell Ave. & Sheriff St.",,"-58.1358","6.8158",,"Kitty",1/27/2006 0:00:00,12/30/1899 20:15:00,"C- Minor Injury","F- Driver",20.00,"Male","K- Private Cars","S- Driver's Negligence",2.00
13368,40340.00,"4- Demerara- Mahaica",,"Sheriff St.",,"-58.1359","6.8156",,"Kitty",1/26/2006 0:00:00,12/30/1899 17:45:00,"D- Property Damage","F- Driver",31.00,"Male","J- Minibus;K- Private Cars;M- Hire Cars","R- Improper Overtaking",3.00
13369,40341.00,"4- Demerara- Mahaica",,"Sheriff St.",,"-58.1359","6.8156",,"Kitty",1/29/2006 0:00:00,12/30/1899 22:20:00,"D- Property Damage","F- Driver",49.00,"Male","M- Hire Cars","S- Driver's Negligence",2.00
13370,40342.00,"4- Demerara- Mahaica",,"Railway Embankment & Conversation Tree Rd.",,"-58.1300","6.8238",,"Kitty",1/30/2006 0:00:00,12/30/1899 21:30:00,"D- Property Damage","F- Driver",46.00,"Male","K- Private Cars","S- Driver's Negligence",2.00
13371,40343.00,"4- Demerara- Mahaica",,"Sheriff St. & Durey Lane",,"-58.1365","6.8133",,"Kitty",2/2/2006 0:00:00,12/30/1899 0:20:00,"D- Property Damage","F- Driver",35.00,"Male","J- Minibus;M- Hire Cars","S- Driver's Negligence",2.00
13372,40344.00,"4- Demerara- Mahaica",,"Russian Embassy Turn",,"-58.1374","6.8241",,"Kitty",2/3/2006 0:00:00,12/30/1899 21:30:00,"B- Serious Injury","F- Driver",23.00,"Male","K- Private Cars","P- Speeding",5.00
13373,40345.00,"4- Demerara- Mahaica",,"Eastern Highway",,"-58.1349","6.8192",,"Kitty",2/3/2006 0:00:00,12/30/1899 11:45:00,"D- Property Damage","F- Driver",29.00,"Male","J- Minibus;K- Private Cars","S- Driver's Negligence",2.00
13374,40346.00,"4- Demerara- Mahaica",,"Dennis St.",,"-58.1336","6.8122",,"Kitty",2/9/2006 0:00:00,12/30/1899 20:15:00,"D- Property Damage","F- Driver",62.00,"Male","J- Minibus;N- Pickup","S- Driver's Negligence",2.00
13375,40347.00,"4- Demerara- Mahaica",,"First St. Campbellville",,"-58.1355","6.8138",,"Kitty",2/16/2006 0:00:00,12/30/1899 9:30:00,"B- Serious Injury","G- Rider",,"Male","W-Pedal Cycle","U- Cyclist's Negligence",2.00
13376,40349.00,"4- Demerara- Mahaica",,"Sheriff St.",,"-58.1359","6.8156",,"Kitty",2/17/2006 0:00:00,12/30/1899 7:35:00,"B- Serious Injury","G- Rider",20.00,"Male","N- Pickup;W-Pedal Cycle","U- Cyclist's Negligence",2.00
13377,40350.00,"4- Demerara- Mahaica",,"Railway Embankment",,"-58.1334","6.8216",,"Kitty",2/19/2006 0:00:00,12/30/1899 15:30:00,"D- Property Damage","F- Driver",33.00,"Female","K- Private Cars;M- Hire Cars;N- Pickup","S- Driver's Negligence",3.00
13378,40351.00,"4- Demerara- Mahaica",,"Sheriff & Duncan St.",,"-58.1377","6.8093",,"Kitty",2/19/2006 0:00:00,,"D- Property Damage","F- Driver",40.00,"Female","K- Private Cars","S- Driver's Negligence",3.00
13379,40352.00,"4- Demerara- Mahaica",,"Railway Embankment",,"-58.1334","6.8216",,"Kitty",2/12/2006 0:00:00,12/30/1899 19:50:00,"D- Property Damage","F- Driver",,"Male","N- Pickup","S- Driver's Negligence",1.00
13380,40353.00,"4- Demerara- Mahaica",,"Middleton & Sandy Babb St.",,"-58.1393","6.8167",,"Kitty",2/19/2006 0:00:00,12/30/1899 19:00:00,"B- Serious Injury","G- Rider",26.00,"Male","M- Hire Cars;V-Motor Cycle","U- Cyclist's Negligence",2.00
13381,40354.00,"4- Demerara- Mahaica",,"Pike St.",,"-58.1404","6.8205",,"Kitty",2/18/2006 0:00:00,12/30/1899 22:30:00,"C- Minor Injury","F- Driver",,"Male","K- Private Cars","S- Driver's Negligence",2.00
13382,40355.00,"4- Demerara- Mahaica",,"Rupert Craig Highway",,"-58.1150","6.8254",,"Kitty",2/20/2006 0:00:00,12/30/1899 16:45:00,"D- Property Damage","F- Driver",23.00,"Male","K- Private Cars;N- Pickup","P- Speeding",3.00
13383,40356.00,"4- Demerara- Mahaica",,"Garnett St. & Stone Ave.",,"-58.1352","6.8116",,"Kitty",2/24/2006 0:00:00,12/30/1899 23:30:00,"B- Serious Injury","G- Rider",37.00,"Male","K- Private Cars;V-Motor Cycle","U- Cyclist's Negligence",2.00
13384,40357.00,"4- Demerara- Mahaica",,"Garnett St.",,"-58.1414","6.8133",,"Kitty",2/21/2006 0:00:00,12/30/1899 8:30:00,"D- Property Damage","F- Driver",,"Female","J- Minibus;K- Private Cars","S- Driver's Negligence",2.00
13385,40358.00,"4- Demerara- Mahaica",,"Durey Lane",,"-58.1377","6.8137",,"Kitty",2/24/2006 0:00:00,,"D- Property Damage","F- Driver",34.00,"Male","K- Private Cars;L- Lorries Van","S- Driver's Negligence",2.00
13386,40359.00,"4- Demerara- Mahaica",,"Campbell Ave. & Garnett St.",,"-58.1405","6.8130",,"Kitty",2/24/2006 0:00:00,12/30/1899 17:30:00,"C- Minor Injury","F- Driver",42.00,"Male","K- Private Cars;V-Motor Cycle","S- Driver's Negligence",2.00
13387,40360.00,"4- Demerara- Mahaica",,"Garnett & Sheriff St.",,"-58.1369","6.8121",,"Kitty",2/28/2006 0:00:00,12/30/1899 11:55:00,"D- Property Damage","F- Driver",25.00,"Male","J- Minibus;K- Private Cars","R- Improper Overtaking",2.00
13388,40361.00,"4- Demerara- Mahaica",,"Sheriff St.",,"-58.1359","6.8156",,"Kitty",2/28/2006 0:00:00,12/30/1899 14:00:00,"C- Minor Injury","E- Pedestrian",44.00,"Male","J- Minibus","T-Pedestrian's Negligence",2.00
13389,40362.00,"4- Demerara- Mahaica",,"Rupert Craig Highway",,"-58.1150","6.8254",,"Kitty",3/10/2006 0:00:00,12/30/1899 12:45:00,"D- Property Damage","F- Driver",,"Female","K- Private Cars;L- Lorries Van","R- Improper Overtaking",2.00
13390,40363.00,"4- Demerara- Mahaica",,"Alexander & Barr St.",,"-58.1421","6.8192",,"Kitty",3/10/2006 0:00:00,12/30/1899 16:45:00,"D- Property Damage","F- Driver",,"Female","N- Pickup","S- Driver's Negligence",2.00
13391,40364.00,"4- Demerara- Mahaica",,"Sheriff St.",,"-58.1359","6.8156",,"Kitty",3/14/2006 0:00:00,12/30/1899 18:30:00,"B- Serious Injury","E- Pedestrian",24.00,"Male","L- Lorries Van","T-Pedestrian's Negligence",2.00
13392,40365.00,"4- Demerara- Mahaica",,"Vlissengen Rd.",,"-58.1474","6.8108",,"Kitty",3/14/2006 0:00:00,12/30/1899 14:30:00,"D- Property Damage","F- Driver",68.00,"Male","K- Private Cars;N- Pickup","S- Driver's Negligence",2.00
13393,40366.00,"4- Demerara- Mahaica",,"Sheriff & Campbell Ave.",,"-58.1358","6.8157",,"Kitty",3/16/2006 0:00:00,12/30/1899 15:10:00,"D- Property Damage","F- Driver",47.00,"Female","K- Private Cars;N- Pickup","R- Improper Overtaking",2.00
13394,40367.00,"4- Demerara- Mahaica",,"Sheriff & Garnett St.",,"-58.1369","6.8121",,"Kitty",3/28/2006 0:00:00,12/30/1899 20:00:00,"D- Property Damage","F- Driver",,"Female","K- Private Cars;M- Hire Cars","S- Driver's Negligence",3.00
13395,40368.00,"4- Demerara- Mahaica",,"Vlissengen Rd.",,"-58.1474","6.8108",,"Kitty",3/29/2006 0:00:00,12/30/1899 8:15:00,"C- Minor Injury","G- Rider",20.00,"Male","J- Minibus;N- Pickup;W-Pedal Cycle","U- Cyclist's Negligence",3.00
13396,40369.00,"4- Demerara- Mahaica",,"Sandy Babb St.",,"-58.1422","6.8174",,"Kitty",3/30/2006 0:00:00,12/30/1899 9:00:00,"B- Serious Injury","F- Driver",39.00,"Male","K- Private Cars","S- Driver's Negligence",2.00
13397,40370.00,"4- Demerara- Mahaica",,"Thomas & Alexander St.",,"-58.1586","6.8118",,"Kitty",3/30/2006 0:00:00,12/30/1899 19:00:00,"B- Serious Injury","G- Rider",20.00,"Male","K- Private Cars;V-Motor Cycle","U- Cyclist's Negligence",2.00
13398,40371.00,"4- Demerara- Mahaica",,"Rupert Craig Highway",,"-58.1150","6.8254",,"Kitty",4/6/2006 0:00:00,12/30/1899 16:30:00,"D- Property Damage","F- Driver",34.00,"Male","M- Hire Cars;N- Pickup","R- Improper Overtaking",2.00
13399,40372.00,"4- Demerara- Mahaica",,"Sheriff St.",,"-58.1359","6.8156",,"Kitty",4/8/2006 0:00:00,12/30/1899 18:50:00,"C- Minor Injury","F- Driver",28.00,"Male","J- Minibus;V-Motor Cycle","S- Driver's Negligence",2.00
13400,40373.00,"4- Demerara- Mahaica",,"Barr St.",,"-58.1643","6.7993",,"Kitty",4/10/2006 0:00:00,12/30/1899 17:40:00,"D- Property Damage","F- Driver",34.00,"Male","K- Private Cars;V-Motor Cycle","R- Improper Overtaking",2.00
13401,40374.00,"4- Demerara- Mahaica",,"Alexander & Pike St.",,"-58.1417","6.8208",,"Kitty",4/11/2006 0:00:00,12/30/1899 22:35:00,"B- Serious Injury","G- Rider",29.00,"Male","N- Pickup;V-Motor Cycle","U- Cyclist's Negligence",2.00
13402,40375.00,"4- Demerara- Mahaica",,"Vlissengen Rd. & Lamaha St.",,"-58.1462","6.8153",,"Kitty",4/14/2006 0:00:00,12/30/1899 14:00:00,"D- Property Damage","F- Driver",34.00,"Male","K- Private Cars","P- Speeding",2.00
13403,40376.00,"4- Demerara- Mahaica",,"Sheriff St.",,"-58.1359","6.8156",,"Kitty",4/17/2006 0:00:00,12/30/1899 0:30:00,"B- Serious Injury","F- Driver",30.00,"Male","K- Private Cars;N- Pickup","S- Driver's Negligence",3.00
13404,40377.00,"4- Demerara- Mahaica",,"Rupert Craig Highway",,"-58.1150","6.8254",,"Kitty",4/17/2006 0:00:00,12/30/1899 0:45:00,"B- Serious Injury","F- Driver",32.00,"Male","M- Hire Cars","P- Speeding",2.00
13405,40378.00,"4- Demerara- Mahaica",,"Garnett St.",,"-58.1414","6.8133",,"Kitty",4/22/2006 0:00:00,12/30/1899 18:30:00,"C- Minor Injury","F- Driver",,"Male","J- Minibus","S- Driver's Negligence",2.00
13406,40379.00,"4- Demerara- Mahaica",,"Sheriff & Fourth St.",,"-58.1356","6.8166",,"Kitty",4/29/2006 0:00:00,12/30/1899 13:30:00,"D- Property Damage","F- Driver",30.00,"Male","J- Minibus;M- Hire Cars","S- Driver's Negligence",2.00
13407,40380.00,"4- Demerara- Mahaica",,"David St.",,"-58.1397","6.8221",,"Kitty",4/24/2006 0:00:00,12/30/1899 15:50:00,"D- Property Damage","F- Driver",28.00,"Male","J- Minibus;K- Private Cars","S- Driver's Negligence",2.00
13408,40381.00,"4- Demerara- Mahaica",,"Duncan & Stone Avenue",,"-58.1360","6.8089",,"Kitty",4/23/2006 0:00:00,12/30/1899 10:35:00,"D- Property Damage","F- Driver",30.00,"Male","J- Minibus;L- Lorries Van;M- Hire Cars","S- Driver's Negligence",3.00
13409,40382.00,"4- Demerara- Mahaica",,"Sheriff St.",,"-58.1359","6.8156",,"Kitty",5/4/2006 0:00:00,12/30/1899 11:15:00,"D- Property Damage","F- Driver",23.00,"Male","K- Private Cars;N- Pickup","S- Driver's Negligence",3.00
13410,40383.00,"4- Demerara- Mahaica",,"Sheriff St.",,"-58.1359","6.8156",,"Kitty",5/6/2006 0:00:00,12/30/1899 11:30:00,"D- Property Damage","F- Driver",37.00,"Male","K- Private Cars;M- Hire Cars","S- Driver's Negligence",2.00
13411,40384.00,"4- Demerara- Mahaica",,"Duncan St.",,"-58.1348","6.8085",,"Kitty",5/1/2006 0:00:00,12/30/1899 2:00:00,"D- Property Damage","F- Driver",27.00,"Male","N- Pickup","O- Lost Control & Runoff",2.00
13412,40385.00,"4- Demerara- Mahaica",,"Thomas St.",,"-58.1577","6.8148",,"Kitty",5/6/2006 0:00:00,12/30/1899 20:30:00,"D- Property Damage","F- Driver",,"Male","J- Minibus;K- Private Cars","S- Driver's Negligence",2.00
13413,40386.00,"4- Demerara- Mahaica",,"Sheriff & Craig St.",,"-58.1371","6.8114",,"Kitty",5/6/2006 0:00:00,12/30/1899 20:55:00,"D- Property Damage","F- Driver",35.00,"Male","K- Private Cars","S- Driver's Negligence",2.00
13414,40387.00,"4- Demerara- Mahaica",,"Republic & Da Silva St.",,"-58.1445","6.8121",,"Kitty",5/9/2006 0:00:00,12/30/1899 14:05:00,"D- Property Damage","F- Driver",31.00,"Male","J- Minibus;M- Hire Cars","S- Driver's Negligence",2.00
13415,40388.00,"4- Demerara- Mahaica",,"Sheriff & Campbell Ave.",,"-58.1358","6.8157",,"Kitty",5/19/2006 0:00:00,12/30/1899 19:30:00,"D- Property Damage","F- Driver",41.00,"Male","M- Hire Cars;N- Pickup","R- Improper Overtaking",2.00
13416,40389.00,"4- Demerara- Mahaica",,"Railway Embankment",,"-58.1334","6.8216",,"Kitty",5/20/2006 0:00:00,12/30/1899 18:35:00,"B- Serious Injury","G- Rider",41.00,"Male","J- Minibus;W-Pedal Cycle","U- Cyclist's Negligence",2.00
13417,40390.00,"4- Demerara- Mahaica",,"Rupert Craig Highway",,"-58.1150","6.8254",,"Kitty",5/25/2006 0:00:00,,"D- Property Damage","F- Driver",26.00,"Male","K- Private Cars;N- Pickup","S- Driver's Negligence",2.00
13418,40391.00,"4- Demerara- Mahaica",,"Sheriff St.",,"-58.1359","6.8156",,"Kitty",5/16/2006 0:00:00,,"D- Property Damage","F- Driver",,"Male","J- Minibus;N- Pickup","R- Improper Overtaking",2.00
13419,40392.00,"4- Demerara- Mahaica",,"Railway Embankment & Conversation Tree Rd.",,"-58.1300","6.8238",,"Kitty",5/25/2006 0:00:00,12/30/1899 11:30:00,"D- Property Damage","F- Driver",25.00,"Male","K- Private Cars;M- Hire Cars","R- Improper Overtaking",2.00
13420,40393.00,"4- Demerara- Mahaica",,"Rupert Craig Highway & Conversation Tree Rd.",,"-58.1295","6.8257",,"Kitty",5/27/2006 0:00:00,12/30/1899 20:45:00,"D- Property Damage","F- Driver",33.00,"Male","K- Private Cars;M- Hire Cars","S- Driver's Negligence",2.00
13421,40394.00,"4- Demerara- Mahaica",,"Vlissengen Rd.",,"-58.1474","6.8108",,"Kitty",6/1/2006 0:00:00,12/30/1899 18:40:00,"C- Minor Injury","F- Driver",,"Male","K- Private Cars","R- Improper Overtaking",2.00
13422,40395.00,"4- Demerara- Mahaica",,"Railway Embankment",,"-58.1334","6.8216",,"Kitty",6/2/2006 0:00:00,12/30/1899 21:25:00,"D- Property Damage","F- Driver",54.00,"Male","K- Private Cars;M- Hire Cars","S- Driver's Negligence",2.00
13423,40396.00,"4- Demerara- Mahaica",,"Russian Embassy Turn",,"-58.1374","6.8241",,"Kitty",6/6/2006 0:00:00,12/30/1899 0:30:00,"D- Property Damage","F- Driver",38.00,"Male","K- Private Cars","O- Lost Control & Runoff",1.00
13424,40397.00,"4- Demerara- Mahaica",,"Republic St.",,"-58.1653","6.8112",,"Kitty",6/3/2006 0:00:00,12/30/1899 18:30:00,"D- Property Damage","F- Driver",24.00,"Male","K- Private Cars","S- Driver's Negligence",2.00
13425,40398.00,"4- Demerara- Mahaica",,"Sandy Babb St.",,"-58.1422","6.8174",,"Kitty",6/8/2006 0:00:00,12/30/1899 21:40:00,"B- Serious Injury","G- Rider",,"Male","J- Minibus;V-Motor Cycle","U- Cyclist's Negligence",2.00
13426,40399.00,"4- Demerara- Mahaica",,"Sheriff St.",,"-58.1359","6.8156",,"Kitty",6/5/2006 0:00:00,12/30/1899 1:30:00,"D- Property Damage","F- Driver",41.00,"Male","K- Private Cars;M- Hire Cars","S- Driver's Negligence",2.00
13427,40400.00,"4- Demerara- Mahaica",,"Rupert Craig Highway",,"-58.1150","6.8254",,"Kitty",6/13/2006 0:00:00,,"C- Minor Injury","F- Driver",64.00,"Male","K- Private Cars","P- Speeding",2.00
13428,40401.00,"4- Demerara- Mahaica",,"Public Rd. Kitty",,"-58.1399","6.8246",,"Kitty",6/14/2006 0:00:00,,"C- Minor Injury","F- Driver",59.00,"Male","J- Minibus;N- Pickup","S- Driver's Negligence",4.00
13429,40402.00,"4- Demerara- Mahaica",,"Duncan St.",,"-58.1348","6.8085",,"Kitty",6/15/2006 0:00:00,12/30/1899 7:25:00,"C- Minor Injury","F- Driver",47.00,"Male","J- Minibus;K- Private Cars","S- Driver's Negligence",2.00
13430,40403.00,"4- Demerara- Mahaica",,"Dennis St. & 'A' Field Sophia",,"-58.1265","6.8101",,"Kitty",6/11/2006 0:00:00,12/30/1899 17:00:00,"D- Property Damage","F- Driver",57.00,"Male","J- Minibus;M- Hire Cars","S- Driver's Negligence",2.00
13431,40404.00,"4- Demerara- Mahaica",,"Railway Embankment",,"-58.1334","6.8216",,"Kitty",6/16/2006 0:00:00,12/30/1899 10:30:00,"B- Serious Injury","F- Driver",22.00,"Male","K- Private Cars;V-Motor Cycle","S- Driver's Negligence",3.00
13432,40405.00,"4- Demerara- Mahaica",,"David St.",,"-58.1397","6.8221",,"Kitty",6/7/2006 0:00:00,12/30/1899 8:00:00,"B- Serious Injury","E- Pedestrian",22.00,"Male","V-Motor Cycle","T-Pedestrian's Negligence",2.00
13433,40406.00,"4- Demerara- Mahaica",,"Sheriff St.",,"-58.1359","6.8156",,"Kitty",6/20/2006 0:00:00,12/30/1899 12:30:00,"D- Property Damage","F- Driver",28.00,"Male","K- Private Cars;N- Pickup","R- Improper Overtaking",2.00
13434,40407.00,"4- Demerara- Mahaica",,"Sheriff St.",,"-58.1359","6.8156",,"Kitty",6/21/2006 0:00:00,12/30/1899 22:00:00,"B- Serious Injury","F- Driver",,"Male","K- Private Cars;V-Motor Cycle","R- Improper Overtaking",2.00
13435,40408.00,"4- Demerara- Mahaica",,"Stone Ave.",,"-58.1343","6.8147",,"Kitty",6/23/2006 0:00:00,12/30/1899 15:30:00,"D- Property Damage","F- Driver",51.00,"Male","N- Pickup;V-Motor Cycle","O- Lost Control & Runoff",2.00
13436,40409.00,"4- Demerara- Mahaica",,"Sandy Babb St.",,"-58.1422","6.8174",,"Kitty",6/22/2006 0:00:00,12/30/1899 21:30:00,"D- Property Damage","F- Driver",33.00,"Male","K- Private Cars","S- Driver's Negligence",2.00
13437,40410.00,"4- Demerara- Mahaica",,"Sheriff St.",,"-58.1359","6.8156",,"Kitty",6/25/2006 0:00:00,12/30/1899 5:00:00,"C- Minor Injury","E- Pedestrian",44.00,"Male","K- Private Cars","T-Pedestrian's Negligence",2.00
13438,40411.00,"4- Demerara- Mahaica",,"Vlissengen Rd.",,"-58.1474","6.8108",,"Kitty",6/28/2006 0:00:00,12/30/1899 8:00:00,"D- Property Damage","F- Driver",35.00,"Female","K- Private Cars","S- Driver's Negligence",3.00
13439,40412.00,"4- Demerara- Mahaica",,"Sheriff St.",,"-58.1359","6.8156",,"Kitty",6/28/2006 0:00:00,12/30/1899 14:35:00,"B- Serious Injury","G- Rider",45.00,"Male","N- Pickup;W-Pedal Cycle","U- Cyclist's Negligence",2.00
13440,40413.00,"4- Demerara- Mahaica",,"Dennis St & Stone Ave.",,"-58.1349","6.8125",,"Kitty",6/30/2006 0:00:00,12/30/1899 8:05:00,"D- Property Damage","F- Driver",,"Male","L- Lorries Van","S- Driver's Negligence",2.00
13441,40414.00,"4- Demerara- Mahaica",,"Durey Lane",,"-58.1377","6.8137",,"Kitty",6/30/2006 0:00:00,12/30/1899 9:00:00,"D- Property Damage","F- Driver",27.00,"Male","J- Minibus;M- Hire Cars","R- Improper Overtaking",2.00
13442,40415.00,"4- Demerara- Mahaica",,"Vlissengen Rd.",,"-58.1474","6.8108",,"Kitty",7/2/2006 0:00:00,12/30/1899 20:40:00,"C- Minor Injury","G- Rider",34.00,"Male","V-Motor Cycle;W-Pedal Cycle","U- Cyclist's Negligence",2.00
13443,40416.00,"4- Demerara- Mahaica",,"Sheriff St.",,"-58.1359","6.8156",,"Kitty",7/5/2006 0:00:00,12/30/1899 10:50:00,"D- Property Damage","F- Driver",30.00,"Male","J- Minibus;K- Private Cars","S- Driver's Negligence",2.00
13444,40417.00,"4- Demerara- Mahaica",,"Sheriff St.",,"-58.1359","6.8156",,"Kitty",7/8/2006 0:00:00,12/30/1899 7:35:00,"D- Property Damage","F- Driver",28.00,"Male","M- Hire Cars","P- Speeding",2.00
13445,40418.00,"4- Demerara- Mahaica",,"Rupert Craig Highway",,"-58.1150","6.8254",,"Kitty",7/5/2006 0:00:00,12/30/1899 7:30:00,"C- Minor Injury","F- Driver",29.00,"Male","J- Minibus;L- Lorries Van","S- Driver's Negligence",3.00
13446,40419.00,"4- Demerara- Mahaica",,"Rupert Craig Highway",,"-58.1150","6.8254",,"Kitty",7/12/2006 0:00:00,12/30/1899 15:20:00,"C- Minor Injury","F- Driver",60.00,"Male","K- Private Cars;N- Pickup","P- Speeding",2.00
13447,40420.00,"4- Demerara- Mahaica",,"Rupert Craig Highway",,"-58.1150","6.8254",,"Kitty",7/13/2006 0:00:00,12/30/1899 20:20:00,"C- Minor Injury","F- Driver",19.00,"Male","K- Private Cars;M- Hire Cars","S- Driver's Negligence",2.00
13448,40421.00,"4- Demerara- Mahaica",,"Sheriff St.",,"-58.1359","6.8156",,"Kitty",7/14/2006 0:00:00,12/30/1899 19:30:00,"B- Serious Injury","G- Rider",,"Male","M- Hire Cars;V-Motor Cycle","U- Cyclist's Negligence",2.00
13449,40422.00,"4- Demerara- Mahaica",,"Vlissengen Rd.",,"-58.1474","6.8108",,"Kitty",7/17/2006 0:00:00,12/30/1899 3:00:00,"D- Property Damage","F- Driver",,"Male","K- Private Cars","P- Speeding",1.00
13450,40423.00,"4- Demerara- Mahaica",,"Sheriff St.",,"-58.1359","6.8156",,"Kitty",7/17/2006 0:00:00,,"D- Property Damage","F- Driver",38.00,"Male","K- Private Cars","S- Driver's Negligence",2.00
13451,40424.00,"4- Demerara- Mahaica",,"Vlissengen Rd.",,"-58.1474","6.8108",,"Kitty",7/14/2006 0:00:00,12/30/1899 15:30:00,"B- Serious Injury","G- Rider",30.00,"Male","J- Minibus;V-Motor Cycle","U- Cyclist's Negligence",2.00