"ID","Accident ID","Region Number","Corridor ID","Location (Intersection/Road/Street)","Corridor","Location- longitude/ X","Location- latitude/  Y","Mile Marker","Village","Date of Accident","Time of Accident","Type of Accident","Class of Road User","Age/DOB","Gender","Class of Vehicles Involved","Contributing Factor","Number of Persons Involved"
13452,40425.00,"4- Demerara- Mahaica",,"Sheriff St.",,"-58.1359","6.8156",,"Kitty",7/20/2006 0:00:00,12/30/1899 12:30:00,"D- Property Damage","F- Driver",44.00,"Male","L- Lorries Van;N- Pickup","S- Driver's Negligence",2.00
13453,40426.00,"4- Demerara- Mahaica",,"Stone Ave.",,"-58.1343","6.8147",,"Kitty",7/21/2006 0:00:00,12/30/1899 19:10:00,"B- Serious Injury","G- Rider",34.00,"Male","V-Motor Cycle;W-Pedal Cycle","U- Cyclist's Negligence",2.00
13454,40427.00,"4- Demerara- Mahaica",,"Sheriff St.",,"-58.1359","6.8156",,"Kitty",7/22/2006 0:00:00,12/30/1899 11:00:00,"D- Property Damage","F- Driver",46.00,"Male","K- Private Cars;N- Pickup","S- Driver's Negligence",2.00
13455,40428.00,"4- Demerara- Mahaica",,"Vlissengen Rd.",,"-58.1474","6.8108",,"Kitty",7/22/2006 0:00:00,12/30/1899 15:00:00,"C- Minor Injury","F- Driver",,"Female","J- Minibus;K- Private Cars","S- Driver's Negligence",2.00
13456,40429.00,"4- Demerara- Mahaica",,"Sheriff St.",,"-58.1359","6.8156",,"Kitty",7/28/2006 0:00:00,12/30/1899 22:20:00,"D- Property Damage","F- Driver",23.00,"Male","J- Minibus;K- Private Cars","S- Driver's Negligence",2.00
13457,40430.00,"4- Demerara- Mahaica",,"Sheriff St.",,"-58.1359","6.8156",,"Kitty",7/29/2006 0:00:00,12/30/1899 0:10:00,"D- Property Damage","F- Driver",43.00,"Male","M- Hire Cars;N- Pickup","S- Driver's Negligence",2.00
13458,40431.00,"4- Demerara- Mahaica",,"Railway Embankment",,"-58.1334","6.8216",,"Kitty",7/29/2006 0:00:00,,"C- Minor Injury","F- Driver",42.00,"Male","K- Private Cars;V-Motor Cycle","S- Driver's Negligence",2.00
13459,40432.00,"4- Demerara- Mahaica",,"Sheriff St. & Eping Ave.",,"-58.1381","6.8078",,"Kitty",7/30/2006 0:00:00,12/30/1899 22:30:00,"D- Property Damage","F- Driver",65.00,"Male","K- Private Cars","S- Driver's Negligence",2.00
13460,40433.00,"4- Demerara- Mahaica",,"Rupert Craig Highway",,"-58.1150","6.8254",,"Kitty",8/3/2006 0:00:00,12/30/1899 8:50:00,"C- Minor Injury","F- Driver",46.00,"Male","J- Minibus;K- Private Cars;N- Pickup","S- Driver's Negligence",3.00
13461,40434.00,"4- Demerara- Mahaica",,"Duncan St.",,"-58.1348","6.8085",,"Kitty",8/3/2006 0:00:00,12/30/1899 14:30:00,"C- Minor Injury","F- Driver",28.00,"Male","J- Minibus;N- Pickup","S- Driver's Negligence",2.00
13462,40435.00,"4- Demerara- Mahaica",,"Sheriff St.",,"-58.1359","6.8156",,"Kitty",8/7/2006 0:00:00,12/30/1899 1:00:00,"C- Minor Injury","F- Driver",28.00,"Male","M- Hire Cars;V-Motor Cycle","S- Driver's Negligence",2.00
13463,40436.00,"4- Demerara- Mahaica",,"Sheriff St.",,"-58.1359","6.8156",,"Kitty",8/8/2006 0:00:00,12/30/1899 19:30:00,"D- Property Damage","F- Driver",46.00,"Male","K- Private Cars;M- Hire Cars","S- Driver's Negligence",2.00
13464,40437.00,"4- Demerara- Mahaica",,"J.B. Singh Rd.",,"-58.1449","6.8203",,"Kitty",8/9/2006 0:00:00,12/30/1899 21:15:00,"D- Property Damage","F- Driver",25.00,"Male","J- Minibus;K- Private Cars","S- Driver's Negligence",2.00
13465,40438.00,"4- Demerara- Mahaica",,"Sheriff St.",,"-58.1359","6.8156",,"Kitty",8/13/2006 0:00:00,12/30/1899 11:20:00,"D- Property Damage","F- Driver",24.00,"Male","K- Private Cars;L- Lorries Van","S- Driver's Negligence",2.00
13466,40439.00,"4- Demerara- Mahaica",,"Lamaha St. & Vlissengen Rd.",,"-58.1462","6.8153",,"Kitty",8/15/2006 0:00:00,12/30/1899 22:00:00,"C- Minor Injury","F- Driver",40.00,"Male","K- Private Cars;W-Pedal Cycle","S- Driver's Negligence",2.00
13467,40440.00,"4- Demerara- Mahaica",,"Sheriff St.",,"-58.1359","6.8156",,"Kitty",8/16/2006 0:00:00,12/30/1899 22:45:00,"D- Property Damage","F- Driver",40.00,"Male","M- Hire Cars",,1.00
13468,40441.00,"4- Demerara- Mahaica",,"Rupert Craig Highway",,"-58.1150","6.8254",,"Kitty",8/16/2006 0:00:00,12/30/1899 7:55:00,"C- Minor Injury","F- Driver",58.00,"Male","K- Private Cars;V-Motor Cycle","S- Driver's Negligence",2.00
13469,40442.00,"4- Demerara- Mahaica",,"Vlissengen Rd.",,"-58.1474","6.8108",,"Kitty",8/20/2006 0:00:00,12/30/1899 4:45:00,"A- Fatal","F- Driver",,"Male","J- Minibus;L- Lorries Van","O- Lost Control & Runoff",2.00
13470,40443.00,"4- Demerara- Mahaica",,"J.B. Singh Rd.",,"-58.1449","6.8203",,"Kitty",8/27/2006 0:00:00,12/30/1899 19:00:00,"D- Property Damage","F- Driver",40.00,"Male","K- Private Cars;N- Pickup","S- Driver's Negligence",2.00
13471,40444.00,"4- Demerara- Mahaica",,"Sheriff St.",,"-58.1359","6.8156",,"Kitty",8/26/2006 0:00:00,12/30/1899 7:55:00,"C- Minor Injury","F- Driver",30.00,"Male","M- Hire Cars;V-Motor Cycle","S- Driver's Negligence",2.00
13472,40445.00,"4- Demerara- Mahaica",,"Sheriff St.",,"-58.1359","6.8156",,"Kitty",8/31/2006 0:00:00,12/30/1899 18:45:00,"D- Property Damage","F- Driver",42.00,"Male","K- Private Cars","S- Driver's Negligence",2.00
13473,40446.00,"4- Demerara- Mahaica",,"Middleton St.",,"-58.1395","6.8162",,"Kitty",8/31/2006 0:00:00,12/30/1899 13:30:00,"C- Minor Injury","G- Rider",40.00,"Male","K- Private Cars;W-Pedal Cycle","U- Cyclist's Negligence",2.00
13474,40447.00,"4- Demerara- Mahaica",,"Middleton St.",,"-58.1395","6.8162",,"Kitty",9/1/2006 0:00:00,12/30/1899 20:00:00,"C- Minor Injury","F- Driver",,"Male","K- Private Cars","S- Driver's Negligence",2.00
13475,40448.00,"4- Demerara- Mahaica",,"Vlissengen Rd.",,"-58.1474","6.8108",,"Kitty",9/5/2006 0:00:00,12/30/1899 14:00:00,"C- Minor Injury","F- Driver",,"Male","K- Private Cars;V-Motor Cycle","O- Lost Control & Runoff",2.00
13476,40449.00,"4- Demerara- Mahaica",,"J.B. Singh Rd.",,"-58.1449","6.8203",,"Kitty",9/3/2006 0:00:00,12/30/1899 17:20:00,"D- Property Damage","F- Driver",35.00,"Male","K- Private Cars","S- Driver's Negligence",1.00
13477,40450.00,"4- Demerara- Mahaica",,"Sandy Babb St.",,"-58.1422","6.8174",,"Kitty",9/8/2006 0:00:00,12/30/1899 17:30:00,"C- Minor Injury","F- Driver",,"Male","M- Hire Cars","S- Driver's Negligence",2.00
13478,40451.00,"4- Demerara- Mahaica",,"Queen St.",,"-58.1656","6.8160",,"Kitty",9/8/2006 0:00:00,12/30/1899 17:00:00,"B- Serious Injury","G- Rider",23.00,"Male","K- Private Cars;V-Motor Cycle","U- Cyclist's Negligence",2.00
13479,40452.00,"4- Demerara- Mahaica",,"David St.",,"-58.1397","6.8221",,"Kitty",9/9/2006 0:00:00,12/30/1899 3:20:00,"D- Property Damage","F- Driver",24.00,"Male","K- Private Cars;N- Pickup","S- Driver's Negligence",2.00
13480,40453.00,"4- Demerara- Mahaica",,"Lamaha St.",,"-58.1564","6.8181",,"Kitty",9/10/2006 0:00:00,12/30/1899 17:45:00,"D- Property Damage","F- Driver",67.00,"Male","K- Private Cars;V-Motor Cycle","S- Driver's Negligence",2.00
13481,40454.00,"4- Demerara- Mahaica",,"Sheriff St.",,"-58.1359","6.8156",,"Kitty",9/10/2006 0:00:00,12/30/1899 20:15:00,"D- Property Damage","F- Driver",,"Male","J- Minibus;L- Lorries Van","S- Driver's Negligence",2.00
13482,40455.00,"4- Demerara- Mahaica",,"Cedar Court Lamaha Gardens",,,,,"Kitty",9/10/2006 0:00:00,12/30/1899 15:30:00,"D- Property Damage","F- Driver",16.00,"Male","K- Private Cars","O- Lost Control & Runoff",1.00
13483,40456.00,"4- Demerara- Mahaica",,"Sheriff St.",,"-58.1359","6.8156",,"Kitty",9/12/2006 0:00:00,12/30/1899 7:40:00,"C- Minor Injury","F- Driver",50.00,"Male","J- Minibus;V-Motor Cycle","S- Driver's Negligence",2.00
13484,40457.00,"4- Demerara- Mahaica",,"David St.",,"-58.1397","6.8221",,"Kitty",9/15/2006 0:00:00,12/30/1899 8:15:00,"D- Property Damage","F- Driver",,"Male","K- Private Cars;L- Lorries Van","S- Driver's Negligence",2.00
13485,40458.00,"4- Demerara- Mahaica",,"Sandy Babb St.",,"-58.1422","6.8174",,"Kitty",9/16/2006 0:00:00,12/30/1899 4:40:00,"D- Property Damage","F- Driver",27.00,"Male","K- Private Cars;L- Lorries Van","S- Driver's Negligence",2.00
13486,40459.00,"4- Demerara- Mahaica",,"Railway Embankment",,"-58.1334","6.8216",,"Kitty",9/17/2006 0:00:00,12/30/1899 20:30:00,"D- Property Damage","F- Driver",,"Male","J- Minibus;K- Private Cars","S- Driver's Negligence",2.00
13487,40460.00,"4- Demerara- Mahaica",,"Rupert Craig Highway",,"-58.1150","6.8254",,"Kitty",9/20/2006 0:00:00,12/30/1899 14:15:00,"B- Serious Injury","F- Driver",,"Male","K- Private Cars;V-Motor Cycle","S- Driver's Negligence",2.00
13488,40461.00,"4- Demerara- Mahaica",,"Sheriff St.",,"-58.1359","6.8156",,"Kitty",9/20/2006 0:00:00,12/30/1899 18:45:00,"C- Minor Injury","F- Driver",41.00,"Male","K- Private Cars;L- Lorries Van","S- Driver's Negligence",3.00
13489,40462.00,"4- Demerara- Mahaica",,"David & Sheriff St.",,"-58.1345","6.8208",,"Kitty",9/21/2006 0:00:00,12/30/1899 9:00:00,"D- Property Damage","F- Driver",41.00,"Male","L- Lorries Van;M- Hire Cars","S- Driver's Negligence",2.00
13490,40463.00,"4- Demerara- Mahaica",,"Dennis St.",,"-58.1336","6.8122",,"Kitty",9/27/2006 0:00:00,12/30/1899 15:30:00,"D- Property Damage","F- Driver",,"Male","K- Private Cars;M- Hire Cars;N- Pickup","S- Driver's Negligence",3.00
13491,40464.00,"4- Demerara- Mahaica",,"Rupert Craig Highway",,"-58.1150","6.8254",,"Kitty",9/28/2006 0:00:00,12/30/1899 9:15:00,"D- Property Damage","F- Driver",,"Female","N- Pickup;V-Motor Cycle","S- Driver's Negligence",2.00
13492,40465.00,"4- Demerara- Mahaica",,"Clive Lloyd Dr.",,"-58.1433","6.8255",,"Kitty",9/28/2006 0:00:00,12/30/1899 21:10:00,"D- Property Damage","F- Driver",,"Male","J- Minibus;K- Private Cars","S- Driver's Negligence",2.00
13493,40466.00,"4- Demerara- Mahaica",,"Rupert Craig Highway",,"-58.1150","6.8254",,"Kitty",9/28/2006 0:00:00,12/30/1899 20:30:00,"A- Fatal","G- Rider",,"Male","M- Hire Cars;V-Motor Cycle","U- Cyclist's Negligence",2.00
13494,40467.00,"4- Demerara- Mahaica",,"Sheriff St. & Durey Lane",,"-58.1365","6.8133",,"Kitty",9/30/2006 0:00:00,12/30/1899 18:40:00,"D- Property Damage","F- Driver",,"Male","M- Hire Cars;V-Motor Cycle","S- Driver's Negligence",2.00
13495,40468.00,"4- Demerara- Mahaica",,"Garnett St.",,"-58.1414","6.8133",,"Kitty",9/30/2006 0:00:00,12/30/1899 10:15:00,"D- Property Damage","F- Driver",,"Male","M- Hire Cars;V-Motor Cycle","S- Driver's Negligence",2.00
13496,40469.00,"4- Demerara- Mahaica",,"Delph Ave.",,"-58.1377","6.8151",,"Kitty",9/30/2006 0:00:00,,"D- Property Damage","F- Driver",,"Male","K- Private Cars;M- Hire Cars","S- Driver's Negligence",2.00
13497,40470.00,"4- Demerara- Mahaica",,"Sheriff St.",,"-58.1359","6.8156",,"Kitty",10/3/2006 0:00:00,12/30/1899 17:35:00,"D- Property Damage","F- Driver",46.00,"Male","K- Private Cars;N- Pickup","S- Driver's Negligence",2.00
13498,40471.00,"4- Demerara- Mahaica",,"Sandy Babb St.",,"-58.1422","6.8174",,"Kitty",10/4/2006 0:00:00,12/30/1899 12:30:00,"D- Property Damage","G- Rider",,"Male","K- Private Cars;V-Motor Cycle","U- Cyclist's Negligence",2.00
13499,40472.00,"4- Demerara- Mahaica",,"Sheriff St.",,"-58.1359","6.8156",,"Kitty",10/5/2006 0:00:00,12/30/1899 16:30:00,"D- Property Damage","F- Driver",31.00,"Male","K- Private Cars","S- Driver's Negligence",2.00
13500,40473.00,"4- Demerara- Mahaica",,"Pike St.",,"-58.1404","6.8205",,"Kitty",10/7/2006 0:00:00,12/30/1899 8:00:00,"D- Property Damage","F- Driver",,"Male","K- Private Cars;M- Hire Cars","S- Driver's Negligence",2.00
13501,40474.00,"4- Demerara- Mahaica",,"Sheriff St.",,"-58.1359","6.8156",,"Kitty",10/7/2006 0:00:00,,"D- Property Damage","F- Driver",,"Male","M- Hire Cars;N- Pickup","S- Driver's Negligence",2.00
13502,40475.00,"4- Demerara- Mahaica",,"Railway Embankment & Sheriff St.",,"-58.1345","6.8208",,"Kitty",10/7/2006 0:00:00,12/30/1899 20:10:00,"B- Serious Injury","F- Driver",,"Male","K- Private Cars;M- Hire Cars","S- Driver's Negligence",2.00
13503,40476.00,"4- Demerara- Mahaica",,"Clive Lloyd Dr.",,"-58.1433","6.8255",,"Kitty",10/8/2006 0:00:00,12/30/1899 2:30:00,"B- Serious Injury","F- Driver",29.00,"Male","K- Private Cars","O- Lost Control & Runoff",1.00
13504,40477.00,"4- Demerara- Mahaica",,"David St.",,"-58.1397","6.8221",,"Kitty",10/7/2006 0:00:00,12/30/1899 9:30:00,"C- Minor Injury","F- Driver",,"Male","J- Minibus;K- Private Cars","R- Improper Overtaking",1.00
13505,40478.00,"4- Demerara- Mahaica",,"Barr St.",,"-58.1643","6.7993",,"Kitty",10/18/2006 0:00:00,12/30/1899 13:50:00,"D- Property Damage","F- Driver",,"Female","J- Minibus;K- Private Cars","S- Driver's Negligence",3.00
13506,40479.00,"4- Demerara- Mahaica",,"David & Alexander St.",,"-58.1400","6.8222",,"Kitty",10/19/2006 0:00:00,12/30/1899 15:20:00,"C- Minor Injury","F- Driver",,"Male","M- Hire Cars;N- Pickup","S- Driver's Negligence",2.00
13507,40480.00,"4- Demerara- Mahaica",,"Garnett & Middleton St.",,"-58.1403","6.8130",,"Kitty",10/22/2006 0:00:00,12/30/1899 7:00:00,"B- Serious Injury","G- Rider",,"Male","J- Minibus;V-Motor Cycle","U- Cyclist's Negligence",2.00
13508,40481.00,"4- Demerara- Mahaica",,"Garnett St. & Stone Ave.",,"-58.1352","6.8116",,"Kitty",10/12/2006 0:00:00,12/30/1899 8:05:00,"D- Property Damage","F- Driver",,"Male","K- Private Cars;N- Pickup","S- Driver's Negligence",2.00
13509,40482.00,"4- Demerara- Mahaica",,"J.B. Singh Rd. & David St.",,"-58.1437","6.8231",,"Kitty",10/31/2006 0:00:00,12/30/1899 14:55:00,"D- Property Damage","F- Driver",,"Male","J- Minibus;L- Lorries Van","S- Driver's Negligence",2.00
13510,40483.00,"4- Demerara- Mahaica",,"Sheriff St.",,"-58.1359","6.8156",,"Kitty",10/9/2006 0:00:00,12/30/1899 17:30:00,"D- Property Damage","F- Driver",,"Male","J- Minibus;K- Private Cars","S- Driver's Negligence",2.00
13511,40484.00,"4- Demerara- Mahaica",,"Public Rd. Kitty",,"-58.1399","6.8246",,"Kitty",10/31/2006 0:00:00,12/30/1899 8:00:00,"D- Property Damage","F- Driver",41.00,"Male","J- Minibus;N- Pickup","S- Driver's Negligence",2.00
13512,40485.00,"4- Demerara- Mahaica",,"Vlissengen Rd. & Sandy Babb St.",,"-58.1453","6.8183",,"Kitty",10/31/2006 0:00:00,12/30/1899 15:00:00,"C- Minor Injury","G- Rider",,"Male","M- Hire Cars;N- Pickup;V-Motor Cycle","U- Cyclist's Negligence",3.00
13513,40486.00,"4- Demerara- Mahaica",,"Rupert Craig Highway",,"-58.1150","6.8254",,"Kitty",11/2/2006 0:00:00,12/30/1899 8:00:00,"B- Serious Injury","G- Rider",,"Male","V-Motor Cycle","U- Cyclist's Negligence",2.00
13514,40487.00,"4- Demerara- Mahaica",,"Middleton St. & Campbell Ave.",,"-58.1393","6.8167",,"Kitty",11/3/2006 0:00:00,12/30/1899 8:45:00,"C- Minor Injury","G- Rider",,"Male","N- Pickup;V-Motor Cycle","U- Cyclist's Negligence",2.00
13515,40488.00,"4- Demerara- Mahaica",,"Sheriff St.",,"-58.1359","6.8156",,"Kitty",11/5/2006 0:00:00,,"D- Property Damage","F- Driver",,"Male","K- Private Cars;M- Hire Cars","Q- Alcohol",3.00
13516,40489.00,"4- Demerara- Mahaica",,"Duncan St.",,"-58.1348","6.8085",,"Kitty",11/2/2006 0:00:00,12/30/1899 19:40:00,"D- Property Damage","G- Rider",,"Male","K- Private Cars;V-Motor Cycle","U- Cyclist's Negligence",2.00
13517,40490.00,"4- Demerara- Mahaica",,"Alexander St.",,"-58.1592","6.8102",,"Kitty",11/7/2006 0:00:00,12/30/1899 13:00:00,"D- Property Damage","F- Driver",,"Female","K- Private Cars","S- Driver's Negligence",2.00
13518,40491.00,"4- Demerara- Mahaica",,"Sheriff St.",,"-58.1359","6.8156",,"Kitty",11/7/2006 0:00:00,12/30/1899 13:44:00,"D- Property Damage","F- Driver",,"Male","J- Minibus;M- Hire Cars","R- Improper Overtaking",2.00
13519,40492.00,"4- Demerara- Mahaica",,"Rupert Craig Highway",,"-58.1150","6.8254",,"Kitty",11/8/2006 0:00:00,12/30/1899 17:30:00,"C- Minor Injury","F- Driver",,"Male","J- Minibus","S- Driver's Negligence",2.00
13520,40493.00,"4- Demerara- Mahaica",,"Public Rd. Kitty",,"-58.1399","6.8246",,"Kitty",11/9/2006 0:00:00,12/30/1899 14:10:00,"C- Minor Injury","F- Driver",,"Male","K- Private Cars","S- Driver's Negligence",3.00
13521,40494.00,"4- Demerara- Mahaica",,"Public Rd. Kitty",,"-58.1399","6.8246",,"Kitty",11/11/2006 0:00:00,12/30/1899 6:05:00,"D- Property Damage","F- Driver",,"Male","J- Minibus;K- Private Cars","S- Driver's Negligence",2.00
13522,40495.00,"4- Demerara- Mahaica",,"Sheriff St.",,"-58.1359","6.8156",,"Kitty",11/12/2006 0:00:00,12/30/1899 19:00:00,"D- Property Damage","F- Driver",,"Male","K- Private Cars","S- Driver's Negligence",2.00
13523,40496.00,"4- Demerara- Mahaica",,"Sheriff St.",,"-58.1359","6.8156",,"Kitty",11/9/2006 0:00:00,12/30/1899 14:00:00,"D- Property Damage","F- Driver",,"Female","K- Private Cars;M- Hire Cars","S- Driver's Negligence",2.00
13524,40497.00,"4- Demerara- Mahaica",,"D'Abreu Street",,"-58.1421","6.8138",,"Kitty",11/14/2006 0:00:00,12/30/1899 12:30:00,"D- Property Damage","F- Driver",,"Male","K- Private Cars;L- Lorries Van","O- Lost Control & Runoff",2.00
13525,40498.00,"4- Demerara- Mahaica",,"Sheriff St.",,"-58.1359","6.8156",,"Kitty",11/15/2006 0:00:00,12/30/1899 8:50:00,"C- Minor Injury","F- Driver",,"Male","K- Private Cars;N- Pickup","S- Driver's Negligence",2.00
13526,40499.00,"4- Demerara- Mahaica",,"William St. & Delph Ave.",,"-58.1379","6.8148",,"Kitty",11/24/2006 0:00:00,12/30/1899 20:30:00,"C- Minor Injury","F- Driver",,"Male","J- Minibus;W-Pedal Cycle","S- Driver's Negligence",2.00
13527,40500.00,"4- Demerara- Mahaica",,"Railway Embankment & Conversation Tree",,"-58.1300","6.8238",,"Kitty",11/26/2006 0:00:00,12/30/1899 13:30:00,"D- Property Damage","F- Driver",,"Female","K- Private Cars","R- Improper Overtaking",2.00
13528,40501.00,"4- Demerara- Mahaica",,"Rupert Craig Highway",,"-58.1150","6.8254",,"Kitty",11/22/2006 0:00:00,12/30/1899 8:00:00,"D- Property Damage","F- Driver",,"Male","M- Hire Cars;N- Pickup","S- Driver's Negligence",2.00
13529,40502.00,"4- Demerara- Mahaica",,"Sandy Babb & Middleton St.",,"-58.1393","6.8167",,"Kitty",12/3/2006 0:00:00,,"D- Property Damage","F- Driver",,"Female","J- Minibus;K- Private Cars","S- Driver's Negligence",2.00
13530,40503.00,"4- Demerara- Mahaica",,"Vlissengen Rd. & Eping Ave.",,"-58.1473","6.8103",,"Kitty",12/4/2006 0:00:00,12/30/1899 9:20:00,"C- Minor Injury","F- Driver",,"Female","K- Private Cars;V-Motor Cycle","S- Driver's Negligence",2.00
13531,40504.00,"4- Demerara- Mahaica",,"Sheriff St.",,"-58.1359","6.8156",,"Kitty",12/7/2006 0:00:00,12/30/1899 7:30:00,"C- Minor Injury","F- Driver",,"Male","K- Private Cars;L- Lorries Van","S- Driver's Negligence",2.00
13532,40505.00,"4- Demerara- Mahaica",,"Campbell Ave.",,"-58.1349","6.8155",,"Kitty",12/8/2006 0:00:00,12/30/1899 13:45:00,"C- Minor Injury","F- Driver",,"Male","K- Private Cars;L- Lorries Van;M- Hire Cars","S- Driver's Negligence",3.00
13533,40506.00,"4- Demerara- Mahaica",,"Sheriff St.",,"-58.1359","6.8156",,"Kitty",12/10/2006 0:00:00,12/30/1899 17:45:00,"D- Property Damage","F- Driver",,"Male","K- Private Cars;M- Hire Cars","S- Driver's Negligence",2.00
13534,40507.00,"4- Demerara- Mahaica",,"Rupert Craig Highway",,"-58.1150","6.8254",,"Kitty",12/27/2006 0:00:00,12/30/1899 2:30:00,"D- Property Damage","F- Driver",,"Male","K- Private Cars","S- Driver's Negligence",2.00
13535,40508.00,"4- Demerara- Mahaica",,"Railway Embankment",,"-58.1334","6.8216",,"Kitty",12/28/2006 0:00:00,12/30/1899 7:30:00,"B- Serious Injury","F- Driver",,"Male","N- Pickup;W-Pedal Cycle","S- Driver's Negligence",2.00
13536,40509.00,"4- Demerara- Mahaica",,"Vlissengen Rd.",,"-58.1474","6.8108",,"Kitty",,12/30/1899 8:45:00,"B- Serious Injury","F- Driver",,"Male","K- Private Cars;V-Motor Cycle","S- Driver's Negligence",2.00
13537,40510.00,"4- Demerara- Mahaica",,"Sheriff St.",,"-58.1359","6.8156",,"Kitty",12/29/2006 0:00:00,12/30/1899 12:40:00,"D- Property Damage","F- Driver",,"Female","J- Minibus;N- Pickup","S- Driver's Negligence",1.00
13538,40511.00,"4- Demerara- Mahaica",,"Sheriff St.",,"-58.1359","6.8156",,"Kitty",12/30/2006 0:00:00,12/30/1899 17:30:00,"D- Property Damage","F- Driver",,"Male","K- Private Cars;N- Pickup","S- Driver's Negligence",2.00
13539,40512.00,"4- Demerara- Mahaica",,"Sheriff St.",,"-58.1359","6.8156",,"Kitty",1/25/2006 0:00:00,12/30/1899 11:45:00,"A- Fatal","F- Driver",32.00,"Male","N- Pickup;V-Motor Cycle","S- Driver's Negligence",2.00
13540,40513.00,"4- Demerara- Mahaica",,"Public Rd. Kitty",,"-58.1399","6.8246",,"Kitty",1/25/2006 0:00:00,12/30/1899 21:45:00,"C- Minor Injury","F- Driver",32.00,"Male","J- Minibus;K- Private Cars","S- Driver's Negligence",2.00
13541,40514.00,"4- Demerara- Mahaica",,"J.B. Singh Rd. & Public Rd. Kitty",,"-58.1429","6.8254",,"Kitty",1/28/2006 0:00:00,12/30/1899 22:00:00,"D- Property Damage","F- Driver",36.00,"Male","K- Private Cars","S- Driver's Negligence",2.00
13542,40515.00,"4- Demerara- Mahaica",,"Rupert Craig Highway",,"-58.1150","6.8254",,"Kitty",2/1/2006 0:00:00,12/30/1899 7:45:00,"D- Property Damage","F- Driver",47.00,"Male","K- Private Cars","S- Driver's Negligence",2.00
13543,40516.00,"4- Demerara- Mahaica",,"Sheriff St. & Campbell Ave.",,"-58.1358","6.8157",,"Kitty",2/1/2006 0:00:00,,"D- Property Damage","F- Driver",23.00,"Female","N- Pickup","S- Driver's Negligence",2.00
13544,40517.00,"4- Demerara- Mahaica",,"Sheriff St. & John Smith St.",,"-58.1373","6.8107",,"Kitty",2/11/2006 0:00:00,12/30/1899 23:30:00,"B- Serious Injury","F- Driver",26.00,"Male","M- Hire Cars","S- Driver's Negligence",2.00
13545,40518.00,"4- Demerara- Mahaica",,"Rupert Craig Highway & Church Rd.",,"-58.1351","6.8251",,"Kitty",2/27/2006 0:00:00,12/30/1899 23:30:00,"D- Property Damage","F- Driver",41.00,"Male","K- Private Cars;M- Hire Cars","S- Driver's Negligence",2.00
13546,40519.00,"4- Demerara- Mahaica",,"Sheriff St.",,"-58.1359","6.8156",,"Kitty",2/26/2006 0:00:00,12/30/1899 16:00:00,"D- Property Damage","G- Rider",19.00,"Male","K- Private Cars;V-Motor Cycle","U- Cyclist's Negligence",2.00
13547,40520.00,"4- Demerara- Mahaica",,"Sheriff St.",,"-58.1359","6.8156",,"Kitty",2/24/2006 0:00:00,12/30/1899 14:50:00,"D- Property Damage","F- Driver",48.00,"Male","K- Private Cars;N- Pickup","S- Driver's Negligence",2.00
13548,40521.00,"4- Demerara- Mahaica",,"Stone Ave.",,"-58.1343","6.8147",,"Kitty",2/28/2006 0:00:00,12/30/1899 14:45:00,"C- Minor Injury","F- Driver",31.00,"Male","K- Private Cars;M- Hire Cars","S- Driver's Negligence",3.00
13549,40522.00,"4- Demerara- Mahaica",,"Pere St.",,"-58.1385","6.8234",,"Kitty",3/7/2006 0:00:00,,"D- Property Damage","F- Driver",46.00,"Male","J- Minibus;N- Pickup","S- Driver's Negligence",2.00
13550,40523.00,"4- Demerara- Mahaica",,"Rupert Craig Highway",,"-58.1150","6.8254",,"Kitty",3/11/2006 0:00:00,12/30/1899 21:30:00,"B- Serious Injury","F- Driver",,"Male","K- Private Cars","S- Driver's Negligence",3.00
13551,40524.00,"4- Demerara- Mahaica",,"J.B. Singh Rd.",,"-58.1449","6.8203",,"Kitty",3/11/2006 0:00:00,12/30/1899 9:30:00,"D- Property Damage","F- Driver",,"Male","K- Private Cars;M- Hire Cars","S- Driver's Negligence",2.00
13552,40525.00,"4- Demerara- Mahaica",,"Sheriff & Duncan St.",,"-58.1377","6.8093",,"Kitty",1/4/2007 0:00:00,12/30/1899 20:30:00,"C- Minor Injury","F- Driver",,"Male","K- Private Cars;M- Hire Cars","S- Driver's Negligence",2.00
13553,40526.00,"4- Demerara- Mahaica",,"Garnett St.",,"-58.1414","6.8133",,"Kitty",1/9/2007 0:00:00,12/30/1899 8:30:00,"D- Property Damage","F- Driver",,"Male","K- Private Cars;M- Hire Cars","S- Driver's Negligence",2.00
13554,40527.00,"4- Demerara- Mahaica",,"Sheriff St.",,"-58.1359","6.8156",,"Kitty",1/7/2007 0:00:00,12/30/1899 17:05:00,"C- Minor Injury","G- Rider",,"Male","K- Private Cars;W-Pedal Cycle","U- Cyclist's Negligence",2.00
13555,40528.00,"4- Demerara- Mahaica",,"J.B. Singh & Thomas Rd.",,"-58.1578","6.8150",,"Kitty",1/9/2007 0:00:00,12/30/1899 8:00:00,"D- Property Damage","F- Driver",,"Female","K- Private Cars;V-Motor Cycle","S- Driver's Negligence",2.00
13556,40529.00,"4- Demerara- Mahaica",,"Railway Embankment Rd.",,"-58.1334","6.8216",,"Kitty",1/12/2007 0:00:00,12/30/1899 23:00:00,"D- Property Damage","F- Driver",,"Male","K- Private Cars;N- Pickup","S- Driver's Negligence",2.00
13557,40530.00,"4- Demerara- Mahaica",,"Vlissengen Rd.",,"-58.1474","6.8108",,"Kitty",1/12/2007 0:00:00,,"D- Property Damage","F- Driver",,"Male","M- Hire Cars;N- Pickup","S- Driver's Negligence",2.00
13558,40531.00,"4- Demerara- Mahaica",,"Dennis St.",,"-58.1336","6.8122",,"Kitty",1/16/2007 0:00:00,12/30/1899 16:30:00,"B- Serious Injury","F- Driver",,"Male","K- Private Cars;V-Motor Cycle","S- Driver's Negligence",2.00
13559,40532.00,"4- Demerara- Mahaica",,"Alexander St.",,"-58.1592","6.8102",,"Kitty",3/31/2007 0:00:00,12/30/1899 15:20:00,"C- Minor Injury","F- Driver",,"Male","K- Private Cars;W-Pedal Cycle","S- Driver's Negligence",2.00
13560,40533.00,"4- Demerara- Mahaica",,"Sheriff St.",,"-58.1359","6.8156",,"Kitty",4/18/2007 0:00:00,12/30/1899 23:45:00,"C- Minor Injury","F- Driver",,"Male","J- Minibus;V-Motor Cycle","S- Driver's Negligence",2.00