"ID","Accident ID","Region Number","Corridor ID","Location (Intersection/Road/Street)","Corridor","Location- longitude/ X","Location- latitude/  Y","Mile Marker","Village","Date of Accident","Time of Accident","Type of Accident","Class of Road User","Age/DOB","Gender","Class of Vehicles Involved","Contributing Factor","Number of Persons Involved"
13561,40534.00,"4- Demerara- Mahaica",,"Rupert Craig Highway",,"-58.1150","6.8254",,"Kitty",4/2/2007 0:00:00,12/30/1899 14:00:00,"C- Minor Injury","F- Driver",31.00,"Male","K- Private Cars;N- Pickup","S- Driver's Negligence",2.00
13562,40535.00,"4- Demerara- Mahaica",,"Alexander St.",,"-58.1592","6.8102",,"Kitty",4/10/2007 0:00:00,12/30/1899 9:15:00,"D- Property Damage","F- Driver",55.00,"Male","N- Pickup","S- Driver's Negligence",2.00
13563,40536.00,"4- Demerara- Mahaica",,"Sheriff St.",,"-58.1359","6.8156",,"Kitty",4/10/2007 0:00:00,12/30/1899 18:00:00,"D- Property Damage","F- Driver",47.00,"Female","K- Private Cars","S- Driver's Negligence",2.00
13564,40537.00,"4- Demerara- Mahaica",,"Vlissengen Rd. & Lamaha St.",,"-58.1462","6.8153",,"Kitty",4/14/2007 0:00:00,12/30/1899 13:55:00,"D- Property Damage","F- Driver",45.00,"Male","J- Minibus;L- Lorries Van","S- Driver's Negligence",2.00
13565,40538.00,"4- Demerara- Mahaica",,"Sheriff St.",,"-58.1359","6.8156",,"Kitty",4/16/2007 0:00:00,12/30/1899 20:30:00,"B- Serious Injury","G- Rider",21.00,"Male","N- Pickup;W-Pedal Cycle","U- Cyclist's Negligence",2.00
13566,40539.00,"4- Demerara- Mahaica",,"Vlissengen Rd.",,"-58.1474","6.8108",,"Kitty",4/27/2007 0:00:00,12/30/1899 15:30:00,"B- Serious Injury","F- Driver",31.00,"Male","N- Pickup;V-Motor Cycle","S- Driver's Negligence",2.00
13567,40540.00,"4- Demerara- Mahaica",,"Sheriff St.",,"-58.1359","6.8156",,"Kitty",4/27/2007 0:00:00,12/30/1899 13:45:00,"C- Minor Injury","G- Rider",30.00,"Male","K- Private Cars;V-Motor Cycle","U- Cyclist's Negligence",2.00
13568,40541.00,"4- Demerara- Mahaica",,"Stone Ave.",,"-58.1343","6.8147",,"Kitty",4/28/2007 0:00:00,12/30/1899 19:00:00,"C- Minor Injury","F- Driver",21.00,"Male","K- Private Cars","S- Driver's Negligence",2.00
13569,40542.00,"4- Demerara- Mahaica",,"J.B. Singh Rd.",,"-58.1449","6.8203",,"Kitty",4/30/2007 0:00:00,12/30/1899 18:10:00,"D- Property Damage","F- Driver",,"Male","K- Private Cars","S- Driver's Negligence",2.00
13570,40543.00,"4- Demerara- Mahaica",,"Sheriff St.",,"-58.1359","6.8156",,"Kitty",4/30/2007 0:00:00,12/30/1899 9:55:00,"B- Serious Injury","F- Driver",31.00,"Male","J- Minibus;M- Hire Cars","S- Driver's Negligence",2.00
13571,40544.00,"4- Demerara- Mahaica",,"Duncan & Middleton St.",,"-58.1411","6.8102",,"Kitty",5/4/2007 0:00:00,12/30/1899 9:10:00,"C- Minor Injury","F- Driver",,"Male","K- Private Cars","S- Driver's Negligence",3.00
13572,40545.00,"4- Demerara- Mahaica",,"Sheriff St.",,"-58.1359","6.8156",,"Kitty",5/4/2007 0:00:00,12/30/1899 20:00:00,"C- Minor Injury","G- Rider",26.00,"Male","V-Motor Cycle","U- Cyclist's Negligence",2.00
13573,40546.00,"4- Demerara- Mahaica",,"Rupert Craig Highway",,"-58.1150","6.8254",,"Kitty",5/10/2007 0:00:00,12/30/1899 7:10:00,"B- Serious Injury","F- Driver",27.00,"Male","J- Minibus;K- Private Cars","S- Driver's Negligence",8.00
13574,40547.00,"4- Demerara- Mahaica",,"Duncan St.",,"-58.1348","6.8085",,"Kitty",5/12/2007 0:00:00,12/30/1899 21:05:00,"A- Fatal","F- Driver",47.00,"Male","M- Hire Cars","S- Driver's Negligence",2.00
13575,40548.00,"4- Demerara- Mahaica",,"Sheriff St.",,"-58.1359","6.8156",,"Kitty",5/14/2007 0:00:00,12/30/1899 3:20:00,"C- Minor Injury","G- Rider",,"Male","K- Private Cars;V-Motor Cycle","U- Cyclist's Negligence",2.00
13576,40549.00,"4- Demerara- Mahaica",,"Vlissengen Rd.",,"-58.1474","6.8108",,"Kitty",5/15/2007 0:00:00,12/30/1899 7:00:00,"C- Minor Injury","F- Driver",30.00,"Male","K- Private Cars;V-Motor Cycle","S- Driver's Negligence",2.00
13577,40550.00,"4- Demerara- Mahaica",,"Sheriff St.",,"-58.1359","6.8156",,"Kitty",5/16/2007 0:00:00,12/30/1899 23:00:00,"B- Serious Injury","G- Rider",41.00,"Male","K- Private Cars;V-Motor Cycle","U- Cyclist's Negligence",2.00
13578,40551.00,"4- Demerara- Mahaica",,"David & Alexander St.",,"-58.1400","6.8222",,"Kitty",5/21/2007 0:00:00,12/30/1899 13:00:00,"D- Property Damage","F- Driver",27.00,"Female","K- Private Cars;M- Hire Cars","S- Driver's Negligence",2.00
13579,40552.00,"4- Demerara- Mahaica",,"Rupert Craig Highway",,"-58.1150","6.8254",,"Kitty",5/27/2007 0:00:00,12/30/1899 3:30:00,"A- Fatal","F- Driver",23.00,"Male","K- Private Cars","P- Speeding",2.00
13580,40553.00,"4- Demerara- Mahaica",,"David St.",,"-58.1397","6.8221",,"Kitty",5/30/2007 0:00:00,12/30/1899 10:30:00,"C- Minor Injury","G- Rider",,"Male","N- Pickup;V-Motor Cycle","U- Cyclist's Negligence",2.00
13581,40554.00,"4- Demerara- Mahaica",,"Sheriff St.",,"-58.1359","6.8156",,"Kitty",5/29/2007 0:00:00,12/30/1899 15:30:00,"C- Minor Injury","F- Driver",37.00,"Male","M- Hire Cars;V-Motor Cycle","S- Driver's Negligence",2.00
13582,40555.00,"4- Demerara- Mahaica",,"Blygezight Gardens",,"-58.1301","6.8234",,"Kitty",6/2/2007 0:00:00,12/30/1899 17:55:00,"D- Property Damage","G- Rider",,"Male","K- Private Cars;V-Motor Cycle","U- Cyclist's Negligence",2.00
13583,40556.00,"4- Demerara- Mahaica",,"Stone Ave. & Pike St.",,"-58.1350","6.8190",,"Kitty",6/8/2007 0:00:00,12/30/1899 5:45:00,"D- Property Damage","F- Driver",,"Male","K- Private Cars;V-Motor Cycle","S- Driver's Negligence",2.00
13584,40557.00,"4- Demerara- Mahaica",,"Clive Lloyd Dr.",,"-58.1433","6.8255",,"Kitty",6/9/2007 0:00:00,12/30/1899 4:00:00,"A- Fatal","F- Driver",25.00,"Female","K- Private Cars","P- Speeding",1.00
13585,40558.00,"4- Demerara- Mahaica",,"Conversation Tree Rd.",,"-58.1295","6.8257",,"Kitty",6/9/2007 0:00:00,,"C- Minor Injury","F- Driver",,"Male","J- Minibus;V-Motor Cycle","S- Driver's Negligence",2.00
13586,40559.00,"4- Demerara- Mahaica",,"Church Rd. & Fourth St. Subryanville",,"-58.1358","6.8227",,"Kitty",6/13/2007 0:00:00,,"D- Property Damage","F- Driver",20.00,"Male","K- Private Cars;M- Hire Cars","S- Driver's Negligence",2.00
13587,40560.00,"4- Demerara- Mahaica",,"Sheriff St.",,"-58.1359","6.8156",,"Kitty",6/15/2007 0:00:00,12/30/1899 12:00:00,"D- Property Damage","F- Driver",,"Male","J- Minibus","S- Driver's Negligence",2.00
13588,40561.00,"4- Demerara- Mahaica",,"Rupert Craig Highway & Sheriff St.",,"-58.1331","6.8254",,"Kitty",6/15/2007 0:00:00,12/30/1899 16:30:00,"C- Minor Injury","F- Driver",36.00,"Female","J- Minibus;K- Private Cars","S- Driver's Negligence",2.00
13589,40562.00,"4- Demerara- Mahaica",,"Lamaha St.",,"-58.1527","6.8170",,"Kitty",6/26/2007 0:00:00,12/30/1899 11:30:00,"C- Minor Injury","F- Driver",55.00,"Male","K- Private Cars;L- Lorries Van","S- Driver's Negligence",2.00
13590,40563.00,"4- Demerara- Mahaica",,"Sheriff St.",,"-58.1359","6.8156",,"Kitty",6/29/2007 0:00:00,12/30/1899 8:30:00,"D- Property Damage","F- Driver",30.00,"Female","K- Private Cars;V-Motor Cycle","S- Driver's Negligence",2.00
13591,40564.00,"4- Demerara- Mahaica",,"Sheriff St.",,"-58.1359","6.8156",,"Kitty",7/1/2007 0:00:00,12/30/1899 14:45:00,"C- Minor Injury","F- Driver",,"Female","K- Private Cars;N- Pickup","S- Driver's Negligence",2.00
13592,40565.00,"4- Demerara- Mahaica",,"Sheriff St.",,"-58.1359","6.8156",,"Kitty",7/5/2007 0:00:00,12/30/1899 4:00:00,"D- Property Damage","F- Driver",35.00,"Male","K- Private Cars;N- Pickup","S- Driver's Negligence",3.00
13593,40566.00,"4- Demerara- Mahaica",,"J.B. Singh & Thomas Rd.",,"-58.1578","6.8150",,"Kitty",7/6/2007 0:00:00,12/30/1899 16:30:00,"D- Property Damage","F- Driver",47.00,"Male","K- Private Cars;L- Lorries Van","S- Driver's Negligence",2.00
13594,40567.00,"4- Demerara- Mahaica",,"Sheriff & Garnett St.",,"-58.1369","6.8121",,"Kitty",7/6/2007 0:00:00,12/30/1899 16:30:00,"B- Serious Injury","G- Rider",,"Male","K- Private Cars;V-Motor Cycle","U- Cyclist's Negligence",2.00
13595,40568.00,"4- Demerara- Mahaica",,"Garnett St.",,"-58.1414","6.8133",,"Kitty",,,"D- Property Damage","F- Driver",34.00,"Male","J- Minibus;K- Private Cars","S- Driver's Negligence",2.00
13596,40569.00,"4- Demerara- Mahaica",,"Rupert Craig Highway",,"-58.1150","6.8254",,"Kitty",7/18/2007 0:00:00,12/30/1899 11:00:00,"D- Property Damage","F- Driver",,"Male","L- Lorries Van;M- Hire Cars","S- Driver's Negligence",2.00
13597,40570.00,"4- Demerara- Mahaica",,"Middleton & Garnett St.",,"-58.1403","6.8130",,"Kitty",7/21/2007 0:00:00,12/30/1899 14:45:00,"B- Serious Injury","G- Rider",33.00,"Male","M- Hire Cars;V-Motor Cycle","P- Speeding",2.00
13598,40571.00,"4- Demerara- Mahaica",,"David St.",,"-58.1397","6.8221",,"Kitty",7/23/2007 0:00:00,12/30/1899 11:45:00,"D- Property Damage","F- Driver",36.00,"Male","K- Private Cars;M- Hire Cars","S- Driver's Negligence",2.00
13599,40572.00,"4- Demerara- Mahaica",,"Stone Ave. & Dennis St.",,"-58.1349","6.8125",,"Kitty",7/23/2007 0:00:00,12/30/1899 15:35:00,"C- Minor Injury","F- Driver",44.00,"Male","N- Pickup;V-Motor Cycle","S- Driver's Negligence",3.00
13600,40573.00,"4- Demerara- Mahaica",,"Sheriff St.",,"-58.1359","6.8156",,"Kitty",7/26/2007 0:00:00,12/30/1899 16:15:00,"D- Property Damage","F- Driver",36.00,"Male","K- Private Cars;N- Pickup","S- Driver's Negligence",2.00
13601,40574.00,"4- Demerara- Mahaica",,"Sheriff St.",,"-58.1359","6.8156",,"Kitty",7/27/2007 0:00:00,12/30/1899 1:00:00,"D- Property Damage","F- Driver",,"Female","K- Private Cars;M- Hire Cars","S- Driver's Negligence",3.00
13602,40575.00,"4- Demerara- Mahaica",,"Sheriff St.",,"-58.1359","6.8156",,"Kitty",7/29/2007 0:00:00,,"D- Property Damage","F- Driver",31.00,"Male","K- Private Cars","S- Driver's Negligence",2.00
13603,40576.00,"4- Demerara- Mahaica",,"David St.",,"-58.1397","6.8221",,"Kitty",7/30/2007 0:00:00,12/30/1899 8:15:00,"A- Fatal","F- Driver",30.00,"Male","K- Private Cars;V-Motor Cycle","S- Driver's Negligence",2.00
13604,40577.00,"4- Demerara- Mahaica",,"Vlissengen Rd.",,"-58.1474","6.8108",,"Kitty",7/30/2007 0:00:00,,"C- Minor Injury","F- Driver",,"Male","K- Private Cars","S- Driver's Negligence",2.00
13605,40578.00,"4- Demerara- Mahaica",,"Vlissengen Rd.",,"-58.1474","6.8108",,"Kitty",8/1/2007 0:00:00,12/30/1899 14:15:00,"D- Property Damage","F- Driver",40.00,"Male","M- Hire Cars;N- Pickup","S- Driver's Negligence",2.00
13606,40579.00,"4- Demerara- Mahaica",,"Rupert Craig Highway",,"-58.1150","6.8254",,"Kitty",8/3/2007 0:00:00,12/30/1899 7:45:00,"D- Property Damage","F- Driver",33.00,"Female","K- Private Cars;N- Pickup","S- Driver's Negligence",2.00
13607,40580.00,"4- Demerara- Mahaica",,"Pike St. & Stone Ave.",,"-58.1332","6.8185",,"Kitty",8/12/2007 0:00:00,12/30/1899 4:30:00,"D- Property Damage","F- Driver",26.00,"Male","M- Hire Cars;N- Pickup","S- Driver's Negligence",2.00
13608,40581.00,"4- Demerara- Mahaica",,"Sheriff St.",,"-58.1359","6.8156",,"Kitty",8/15/2007 0:00:00,12/30/1899 11:00:00,"B- Serious Injury","E- Pedestrian",23.00,"Female","J- Minibus","T-Pedestrian's Negligence",2.00
13609,40582.00,"4- Demerara- Mahaica",,"J.B. Singh Rd.",,"-58.1449","6.8203",,"Kitty",8/15/2007 0:00:00,12/30/1899 16:00:00,"C- Minor Injury","F- Driver",39.00,"Male","J- Minibus;K- Private Cars","S- Driver's Negligence",2.00
13610,40583.00,"4- Demerara- Mahaica",,"D'Andrade Street",,"-58.1450","6.8132",,"Kitty",8/18/2007 0:00:00,12/30/1899 11:45:00,"B- Serious Injury","F- Driver",47.00,"Male","J- Minibus","S- Driver's Negligence",2.00
13611,40584.00,"4- Demerara- Mahaica",,"Delhi St. Prashad Nagar",,"-58.1312","6.8188",,"Kitty",8/18/2007 0:00:00,12/30/1899 14:55:00,"D- Property Damage","F- Driver",38.00,"Male","K- Private Cars;M- Hire Cars","S- Driver's Negligence",3.00
13612,40585.00,"4- Demerara- Mahaica",,"J.B. Singh Rd.",,"-58.1449","6.8203",,"Kitty",8/20/2007 0:00:00,12/30/1899 8:00:00,"C- Minor Injury","F- Driver",58.00,"Male","J- Minibus;K- Private Cars","S- Driver's Negligence",2.00
13613,40586.00,"4- Demerara- Mahaica",,"Vlissengen Rd. & Sandy Babb St.",,"-58.1453","6.8183",,"Kitty",8/22/2007 0:00:00,,"D- Property Damage","F- Driver",25.00,"Male","K- Private Cars;N- Pickup","S- Driver's Negligence",2.00
13614,40587.00,"4- Demerara- Mahaica",,"Sheriff St.",,"-58.1359","6.8156",,"Kitty",8/22/2007 0:00:00,12/30/1899 1:00:00,"D- Property Damage","F- Driver",27.00,"Male","K- Private Cars","S- Driver's Negligence",2.00
13615,40588.00,"4- Demerara- Mahaica",,"J.B. Singh & Thomas Rd.",,"-58.1578","6.8150",,"Kitty",8/24/2007 0:00:00,12/30/1899 12:00:00,"D- Property Damage","F- Driver",25.00,"Male","L- Lorries Van;M- Hire Cars;N- Pickup","S- Driver's Negligence",3.00
13616,40589.00,"4- Demerara- Mahaica",,"Delph Ave.",,"-58.1377","6.8151",,"Kitty",8/24/2007 0:00:00,12/30/1899 14:20:00,"D- Property Damage","F- Driver",24.00,"Female","K- Private Cars;M- Hire Cars","S- Driver's Negligence",2.00
13617,40590.00,"4- Demerara- Mahaica",,"Railway Embankment & Conversation Tree Road",,"-58.1300","6.8238",,"Kitty",8/25/2007 0:00:00,12/30/1899 15:40:00,"D- Property Damage","F- Driver",47.00,"Male","K- Private Cars;N- Pickup","S- Driver's Negligence",2.00
13618,40591.00,"4- Demerara- Mahaica",,"Garnett & Middleton St.",,"-58.1403","6.8130",,"Kitty",8/27/2007 0:00:00,12/30/1899 15:35:00,"D- Property Damage","F- Driver",28.00,"Male","M- Hire Cars;N- Pickup","S- Driver's Negligence",2.00
13619,40592.00,"4- Demerara- Mahaica",,"Campbell Ave. & Middleton St.",,"-58.1393","6.8167",,"Kitty",8/27/2007 0:00:00,12/30/1899 15:30:00,"D- Property Damage","F- Driver",26.00,"Male","K- Private Cars","S- Driver's Negligence",2.00
13620,40593.00,"4- Demerara- Mahaica",,"Vlissengen Rd. & William St.",,"-58.1467","6.8124",,"Kitty",8/29/2007 0:00:00,12/30/1899 10:30:00,"C- Minor Injury","G- Rider",29.00,"Male","N- Pickup;V-Motor Cycle","U- Cyclist's Negligence",2.00
13621,40594.00,"4- Demerara- Mahaica",,"Durey lane & Middleton St.",,"-58.1400","6.8142",,"Kitty",8/29/2007 0:00:00,12/30/1899 20:45:00,"D- Property Damage","F- Driver",27.00,"Male","N- Pickup;V-Motor Cycle","S- Driver's Negligence",2.00
13622,40595.00,"4- Demerara- Mahaica",,"Vlissengen Rd. & Sandy Babb St.",,"-58.1453","6.8183",,"Kitty",8/30/2007 0:00:00,12/30/1899 13:00:00,"D- Property Damage","F- Driver",53.00,"Male","L- Lorries Van;N- Pickup","S- Driver's Negligence",2.00
13623,40596.00,"4- Demerara- Mahaica",,"Rupert Craig Highway & Conversation Tree Rd.",,"-58.1332","6.8185",,"Kitty",9/2/2007 0:00:00,12/30/1899 7:10:00,"C- Minor Injury","F- Driver",33.00,"Male","L- Lorries Van;N- Pickup","S- Driver's Negligence",2.00
13624,40597.00,"4- Demerara- Mahaica",,"Stone Ave.",,"-58.1343","6.8147",,"Kitty",9/2/2007 0:00:00,12/30/1899 10:00:00,"C- Minor Injury","F- Driver",47.00,"Male","K- Private Cars","S- Driver's Negligence",2.00
13625,40598.00,"4- Demerara- Mahaica",,"J.B. Singh Rd.",,"-58.1449","6.8203",,"Kitty",9/3/2007 0:00:00,12/30/1899 17:00:00,"C- Minor Injury","G- Rider",,"Male","J- Minibus;V-Motor Cycle","U- Cyclist's Negligence",3.00
13626,40599.00,"4- Demerara- Mahaica",,"Begonia Ave. Bel Air",,"-58.1441","6.8094",,"Kitty",9/6/2007 0:00:00,12/30/1899 0:15:00,"D- Property Damage","F- Driver",47.00,"Female","K- Private Cars","S- Driver's Negligence",2.00
13627,40600.00,"4- Demerara- Mahaica",,"Sheriff St.",,"-58.1359","6.8156",,"Kitty",9/9/2007 0:00:00,12/30/1899 22:45:00,"D- Property Damage","F- Driver",18.00,"Male","K- Private Cars","S- Driver's Negligence",2.00
13628,40601.00,"4- Demerara- Mahaica",,"Rupert Craig Highway",,"-58.1150","6.8254",,"Kitty",5/28/2010 0:00:00,12/30/1899 10:20:00,"A- Fatal","F- Driver",34.00,"Male","J- Minibus",,2.00
13629,40602.00,"4- Demerara- Mahaica",,"Delph Ave.",,"-58.1377","6.8151",,"Kitty",6/18/2010 0:00:00,12/30/1899 9:10:00,"B- Serious Injury","G- Rider",17.00,"Male","J- Minibus;W-Pedal Cycle","U- Cyclist's Negligence",2.00
13630,40603.00,"4- Demerara- Mahaica",,"J.B. Singh Rd. & Carifesta Ave.",,"-58.1436","6.8251",,"Kitty",6/6/2010 0:00:00,12/30/1899 2:20:00,"D- Property Damage","F- Driver",41.00,"Male","K- Private Cars;M- Hire Cars","S- Driver's Negligence",2.00
13631,40604.00,"4- Demerara- Mahaica",,"Carifesta Ave.",,"-58.1483","6.8240",,"Kitty",6/21/2010 0:00:00,12/30/1899 18:30:00,"D- Property Damage","F- Driver",,"Male","K- Private Cars;V-Motor Cycle","S- Driver's Negligence",2.00
13632,40605.00,"4- Demerara- Mahaica",,"J.B. Singh Rd.",,"-58.1449","6.8203",,"Kitty",7/2/2010 0:00:00,,"D- Property Damage","F- Driver",42.00,"Male","K- Private Cars;L- Lorries Van",,2.00
13633,40606.00,"4- Demerara- Mahaica",,"Vlissengen Rd.",,"-58.1474","6.8108",,"Kitty",7/2/2010 0:00:00,12/30/1899 7:30:00,"C- Minor Injury","F- Driver",46.00,"Male","K- Private Cars;W-Pedal Cycle","S- Driver's Negligence",2.00
13634,40607.00,"4- Demerara- Mahaica",,"Sheriff St.",,"-58.1359","6.8156",,"Kitty",7/18/2010 0:00:00,12/30/1899 11:55:00,,"F- Driver",27.00,"Male","K- Private Cars;N- Pickup","S- Driver's Negligence",2.00
13635,40608.00,"4- Demerara- Mahaica",,"Public Rd. Kitty",,"-58.1399","6.8246",,"Kitty",7/1/2010 0:00:00,12/30/1899 14:30:00,,"F- Driver",,"Male","K- Private Cars","S- Driver's Negligence",2.00
13636,40609.00,"4- Demerara- Mahaica",,"Sheriff St.",,"-58.1359","6.8156",,"Kitty",8/2/2010 0:00:00,12/30/1899 4:00:00,,"F- Driver",,"Male","M- Hire Cars","S- Driver's Negligence",2.00
13637,40610.00,"4- Demerara- Mahaica",,"Carifesta Ave. & Vlissengen Rd.",,"-58.1436","6.8252",,"Kitty",1/17/2011 0:00:00,12/30/1899 21:30:00,"B- Serious Injury","F- Driver",35.00,"Male","K- Private Cars;N- Pickup","S- Driver's Negligence",2.00
13638,40611.00,"4- Demerara- Mahaica",,"Dennis St.",,"-58.1336","6.8122",,"Kitty",1/21/2011 0:00:00,12/30/1899 20:30:00,"B- Serious Injury","F- Driver",,"Male","J- Minibus;K- Private Cars;V-Motor Cycle","O- Lost Control & Runoff",3.00
13639,40612.00,"4- Demerara- Mahaica",,"Duncan St.",,"-58.1348","6.8085",,"Kitty",1/22/2011 0:00:00,12/30/1899 22:30:00,"B- Serious Injury","G- Rider",35.00,"Male","V-Motor Cycle","U- Cyclist's Negligence",2.00
13640,40613.00,"4- Demerara- Mahaica",,"Stone Ave.",,"-58.1343","6.8147",,"Kitty",1/28/2011 0:00:00,12/30/1899 21:00:00,"B- Serious Injury","F- Driver",,"Male","K- Private Cars","P- Speeding",4.00
13641,40614.00,"4- Demerara- Mahaica",,"Sheriff St.",,"-58.1359","6.8156",,"Kitty",2/2/2011 0:00:00,12/30/1899 5:30:00,"B- Serious Injury","F- Driver",,"Male","K- Private Cars;W-Pedal Cycle","S- Driver's Negligence",2.00
13642,40615.00,"4- Demerara- Mahaica",,"Middleton St.",,"-58.1395","6.8162",,"Kitty",2/8/2011 0:00:00,12/30/1899 14:00:00,"D- Property Damage","F- Driver",29.00,"Male","K- Private Cars;N- Pickup","S- Driver's Negligence",2.00
13643,40616.00,"4- Demerara- Mahaica",,"Sheriff St.",,"-58.1359","6.8156",,"Kitty",2/17/2011 0:00:00,12/30/1899 21:30:00,"C- Minor Injury","F- Driver",33.00,"Male","M- Hire Cars","S- Driver's Negligence",2.00
13644,40617.00,"4- Demerara- Mahaica",,"Rupert Craig Highway",,"-58.1150","6.8254",,"Kitty",2/4/2011 0:00:00,12/30/1899 20:30:00,"D- Property Damage","F- Driver",23.00,"Male","K- Private Cars;L- Lorries Van;V-Motor Cycle","S- Driver's Negligence",4.00
13645,40618.00,"4- Demerara- Mahaica",,"Duncan & Sheriff St.",,"-58.1377","6.8093",,"Kitty",2/5/2011 0:00:00,12/30/1899 1:00:00,"D- Property Damage","F- Driver",29.00,"Male","J- Minibus;K- Private Cars","S- Driver's Negligence",2.00
13646,40619.00,"4- Demerara- Mahaica",,"Sheriff St.",,"-58.1359","6.8156",,"Kitty",2/6/2011 0:00:00,12/30/1899 21:15:00,"D- Property Damage","F- Driver",25.00,"Male","K- Private Cars;V-Motor Cycle","S- Driver's Negligence",2.00
13647,40620.00,"4- Demerara- Mahaica",,"Public Rd. Kitty",,"-58.1399","6.8246",,"Kitty",3/14/2011 0:00:00,12/30/1899 11:45:00,"D- Property Damage","F- Driver",37.00,"Male","K- Private Cars;M- Hire Cars","S- Driver's Negligence",2.00
13648,40621.00,"4- Demerara- Mahaica",,"Rupert Craig Highway",,"-58.1150","6.8254",,"Kitty",3/15/2011 0:00:00,12/30/1899 16:15:00,"D- Property Damage","F- Driver",59.00,"Male","K- Private Cars;L- Lorries Van","S- Driver's Negligence",2.00
13649,40622.00,"4- Demerara- Mahaica",,"J.B. Singh Rd.",,"-58.1449","6.8203",,"Kitty",3/17/2011 0:00:00,,"D- Property Damage","F- Driver",36.00,"Male","J- Minibus;Z-Animal- Drawn","S- Driver's Negligence",2.00
13650,40623.00,"4- Demerara- Mahaica",,"Barr St.",,"-58.1643","6.7993",,"Kitty",3/17/2011 0:00:00,12/30/1899 8:00:00,"C- Minor Injury","G- Rider",22.00,"Male","V-Motor Cycle","U- Cyclist's Negligence",2.00
13651,40624.00,"4- Demerara- Mahaica",,"Thomas Rd.",,"-58.1578","6.8152",,"Kitty",3/30/2011 0:00:00,12/30/1899 8:00:00,"B- Serious Injury","G- Rider",13.00,"Female","J- Minibus;W-Pedal Cycle","U- Cyclist's Negligence",3.00
13652,40625.00,"4- Demerara- Mahaica",,"Barr St.",,"-58.1643","6.7993",,"Kitty",4/4/2011 0:00:00,12/30/1899 10:30:00,"A- Fatal","F- Driver",40.00,"Male","L- Lorries Van","S- Driver's Negligence",2.00
13653,40626.00,"4- Demerara- Mahaica",,"Blygezight Gardens",,"-58.1301","6.8234",,"Kitty",3/3/2011 0:00:00,12/30/1899 11:00:00,"D- Property Damage","F- Driver",37.00,"Male","M- Hire Cars;N- Pickup","S- Driver's Negligence",2.00
13654,40627.00,"4- Demerara- Mahaica",,"Lamaha St. & Vlissengen Rd.",,"-58.1462","6.8153",,"Kitty",3/24/2011 0:00:00,12/30/1899 9:30:00,"D- Property Damage","F- Driver",31.00,"Female","K- Private Cars","S- Driver's Negligence",2.00
13655,40628.00,"4- Demerara- Mahaica",,"Irving St.",,"-58.1455","6.8177",,"Kitty",3/29/2011 0:00:00,12/30/1899 18:25:00,"D- Property Damage","F- Driver",46.00,"Male","J- Minibus;M- Hire Cars","S- Driver's Negligence",2.00
13656,40629.00,"4- Demerara- Mahaica",,"Campbell Ave. & Middleton St.",,"-58.1393","6.8167",,"Kitty",5/3/2011 0:00:00,12/30/1899 18:30:00,"A- Fatal","F- Driver",48.00,"Male","N- Pickup;W-Pedal Cycle","S- Driver's Negligence",2.00
13657,40630.00,"4- Demerara- Mahaica",,"Sheriff & Dennis St.",,"-58.1366","6.8130",,"Kitty",5/5/2011 0:00:00,12/30/1899 19:30:00,"C- Minor Injury","G- Rider",34.00,"Male","K- Private Cars;V-Motor Cycle","U- Cyclist's Negligence",2.00
13658,40631.00,"4- Demerara- Mahaica",,"Rupert Craig Highway",,"-58.1150","6.8254",,"Kitty",5/4/2011 0:00:00,12/30/1899 23:11:00,"C- Minor Injury","F- Driver",30.00,"Male","N- Pickup;V-Motor Cycle","S- Driver's Negligence",2.00
13659,40632.00,"4- Demerara- Mahaica",,"David & Alexander St.",,"-58.1400","6.8222",,"Kitty",5/6/2011 0:00:00,12/30/1899 0:15:00,"D- Property Damage","F- Driver",19.00,"Male","K- Private Cars","S- Driver's Negligence",2.00
13660,40633.00,"4- Demerara- Mahaica",,"Garnett St.",,"-58.1414","6.8133",,"Kitty",5/13/2011 0:00:00,,"D- Property Damage","F- Driver",49.00,"Male","J- Minibus;K- Private Cars","S- Driver's Negligence",2.00
13661,40634.00,"4- Demerara- Mahaica",,"Rupert Craig Highway",,"-58.1150","6.8254",,"Kitty",2/20/2011 0:00:00,,"D- Property Damage","F- Driver",37.00,"Male","N- Pickup","P- Speeding",2.00
13662,40635.00,"4- Demerara- Mahaica",,"Pere St.",,"-58.1385","6.8234",,"Kitty",5/12/2011 0:00:00,12/30/1899 4:00:00,"D- Property Damage","F- Driver",36.00,"Male","N- Pickup","S- Driver's Negligence",1.00
13663,40636.00,"4- Demerara- Mahaica",,"Middleton & Sandy Babb St.",,"-58.1393","6.8167",,"Kitty",5/17/2011 0:00:00,12/30/1899 21:23:00,"D- Property Damage","F- Driver",26.00,"Female","K- Private Cars;M- Hire Cars","S- Driver's Negligence",2.00
13664,40637.00,"4- Demerara- Mahaica",,"Rupert Craig Highway",,"-58.1150","6.8254",,"Kitty",,12/30/1899 15:30:00,"D- Property Damage","F- Driver",36.00,"Male","L- Lorries Van;M- Hire Cars;N- Pickup","S- Driver's Negligence",3.00
13665,40638.00,"4- Demerara- Mahaica",,"Alexander St.",,"-58.1592","6.8102",,"Kitty",6/6/2011 0:00:00,12/30/1899 13:10:00,"D- Property Damage","F- Driver",20.00,"Male","J- Minibus;K- Private Cars","S- Driver's Negligence",2.00
13666,40639.00,"4- Demerara- Mahaica",,"Duncan St.",,"-58.1348","6.8085",,"Kitty",6/8/2011 0:00:00,12/30/1899 17:00:00,"C- Minor Injury","G- Rider",41.00,"Male","N- Pickup;V-Motor Cycle","U- Cyclist's Negligence",2.00
13667,40640.00,"4- Demerara- Mahaica",,"Sheriff St.",,"-58.1359","6.8156",,"Kitty",6/9/2011 0:00:00,12/30/1899 11:50:00,"D- Property Damage","F- Driver",33.00,"Male","M- Hire Cars;N- Pickup","S- Driver's Negligence",2.00
13668,40641.00,"4- Demerara- Mahaica",,"Carifesta Ave.",,"-58.1483","6.8240",,"Kitty",6/3/2011 0:00:00,12/30/1899 11:35:00,"D- Property Damage","F- Driver",49.00,"Male","N- Pickup","S- Driver's Negligence",2.00
13669,40642.00,"4- Demerara- Mahaica",,"Sheriff & Craig St.",,"-58.1371","6.8114",,"Kitty",6/16/2011 0:00:00,,"C- Minor Injury","F- Driver",25.00,"Male","K- Private Cars;V-Motor Cycle","S- Driver's Negligence",2.00
13670,40643.00,"4- Demerara- Mahaica",,"Sheriff St.",,"-58.1359","6.8156",,"Kitty",6/26/2011 0:00:00,12/30/1899 4:25:00,"A- Fatal","F- Driver",32.00,"Male","K- Private Cars","Q- Alcohol",2.00