"ID","Accident ID","Region Number","Corridor ID","Location (Intersection/Road/Street)","Corridor","Location- longitude/ X","Location- latitude/  Y","Mile Marker","Village","Date of Accident","Time of Accident","Type of Accident","Class of Road User","Age/DOB","Gender","Class of Vehicles Involved","Contributing Factor","Number of Persons Involved"
13671,40644.00,"4- Demerara- Mahaica",,"Alexander St. & Shell Rd.",,"-58.1423","6.8185",,"Kitty",7/3/2011 0:00:00,12/30/1899 14:43:00,"C- Minor Injury","F- Driver",23.00,"Male","K- Private Cars;V-Motor Cycle","P- Speeding",2.00
13672,40645.00,"4- Demerara- Mahaica",,"Sheriff St.",,"-58.1359","6.8156",,"Kitty",7/13/2011 0:00:00,12/30/1899 22:20:00,"D- Property Damage","F- Driver",21.00,"Male","J- Minibus;N- Pickup","S- Driver's Negligence",2.00
13673,40646.00,"4- Demerara- Mahaica",,"Rupert Craig Highway",,"-58.1150","6.8254",,"Kitty",7/16/2011 0:00:00,12/30/1899 12:30:00,"D- Property Damage","F- Driver",21.00,"Male","J- Minibus;K- Private Cars;L- Lorries Van;M- Hire Cars","S- Driver's Negligence",4.00
13674,40647.00,"4- Demerara- Mahaica",,"Vlissengen Rd.",,"-58.1474","6.8108",,"Kitty",7/17/2011 0:00:00,12/30/1899 22:40:00,"B- Serious Injury","G- Rider",32.00,"Male","V-Motor Cycle;W-Pedal Cycle","U- Cyclist's Negligence",2.00
13675,40648.00,"4- Demerara- Mahaica",,"Duncan & Middleton St.",,"-58.1411","6.8102",,"Kitty",7/19/2011 0:00:00,12/30/1899 23:30:00,"B- Serious Injury","F- Driver",37.00,"Male","K- Private Cars;V-Motor Cycle","S- Driver's Negligence",2.00
13676,40649.00,"4- Demerara- Mahaica",,"Garnett St.",,"-58.1414","6.8133",,"Kitty",7/21/2011 0:00:00,12/30/1899 8:45:00,"D- Property Damage","F- Driver",24.00,"Male","K- Private Cars","S- Driver's Negligence",2.00
13677,40650.00,"4- Demerara- Mahaica",,"Eping Ave. & Vlissengen Rd.",,"-58.1473","6.8103",,"Kitty",7/21/2011 0:00:00,12/30/1899 9:50:00,"C- Minor Injury","F- Driver",37.00,"Male","N- Pickup;V-Motor Cycle","S- Driver's Negligence",2.00
13678,40651.00,"4- Demerara- Mahaica",,"Alexander & Garden St.",,"-58.1588","6.8117",,"Kitty",7/21/2011 0:00:00,12/30/1899 8:50:00,"C- Minor Injury","F- Driver",46.00,"Male","N- Pickup","S- Driver's Negligence",2.00
13679,40652.00,"4- Demerara- Mahaica",,"Queen & William St.",,"-58.1409","6.8232",,"Kitty",7/22/2011 0:00:00,12/30/1899 11:30:00,"D- Property Damage","F- Driver",24.00,"Male","K- Private Cars","S- Driver's Negligence",2.00
13680,40653.00,"4- Demerara- Mahaica",,"David & Lamaha St.",,"-58.1380","6.8217",,"Kitty",8/11/2011 0:00:00,12/30/1899 1:00:00,"A- Fatal","F- Driver",40.00,"Male","K- Private Cars","P- Speeding",4.00
13681,40654.00,"4- Demerara- Mahaica",,"David & Alexander St.",,"-58.1400","6.8222",,"Kitty",8/25/2011 0:00:00,12/30/1899 11:50:00,"D- Property Damage","F- Driver",27.00,"Male","J- Minibus;K- Private Cars","S- Driver's Negligence",3.00
13682,40655.00,"4- Demerara- Mahaica",,"Garnett & Sheriff St.",,"-58.1369","6.8121",,"Kitty",8/27/2011 0:00:00,12/30/1899 11:15:00,"D- Property Damage","F- Driver",28.00,"Male","K- Private Cars;M- Hire Cars","S- Driver's Negligence",2.00
13683,40656.00,"4- Demerara- Mahaica",,"Rupert Craig Highway",,"-58.1150","6.8254",,"Kitty",9/10/2011 0:00:00,,"B- Serious Injury","F- Driver",,"Male","K- Private Cars;V-Motor Cycle","S- Driver's Negligence",2.00
13684,40657.00,"4- Demerara- Mahaica",,"Vlissengen & Carifesta Ave.",,"-58.1436","6.8252",,"Kitty",9/15/2011 0:00:00,12/30/1899 11:10:00,"D- Property Damage","F- Driver",54.00,"Male","K- Private Cars;L- Lorries Van","S- Driver's Negligence",2.00
13685,40658.00,"4- Demerara- Mahaica",,"J.B. Singh Rd. & Thomas Lands",,"-58.1578","6.8150",,"Kitty",9/18/2011 0:00:00,12/30/1899 9:52:00,"D- Property Damage","F- Driver",34.00,"Female","K- Private Cars","S- Driver's Negligence",3.00
13686,40659.00,"4- Demerara- Mahaica",,"Public Rd. Kitty & Vlissengen Rd.",,"-58.1429","6.8254",,"Kitty",9/19/2011 0:00:00,12/30/1899 7:35:00,"D- Property Damage","F- Driver",38.00,"Male","J- Minibus;K- Private Cars;M- Hire Cars","S- Driver's Negligence",3.00
13687,40660.00,"4- Demerara- Mahaica",,"Sheriff St.",,"-58.1359","6.8156",,"Kitty",9/21/2011 0:00:00,12/30/1899 11:58:00,"D- Property Damage","F- Driver",45.00,"Male","L- Lorries Van;M- Hire Cars","S- Driver's Negligence",2.00
13688,40661.00,"4- Demerara- Mahaica",,"David St. & Vlissengen Rd.",,"-58.1437","6.8232",,"Kitty",9/27/2011 0:00:00,12/30/1899 8:48:00,"B- Serious Injury","F- Driver",20.00,"Male","K- Private Cars;M- Hire Cars","S- Driver's Negligence",2.00
13689,40662.00,"4- Demerara- Mahaica",,"Sheriff St.",,"-58.1359","6.8156",,"Kitty",9/22/2011 0:00:00,12/30/1899 15:30:00,"C- Minor Injury","F- Driver",,"Male","K- Private Cars;V-Motor Cycle","S- Driver's Negligence",2.00
13690,40663.00,"4- Demerara- Mahaica",,"Sheriff & Garnett St.",,"-58.1369","6.8121",,"Kitty",10/1/2011 0:00:00,12/30/1899 18:30:00,"D- Property Damage","F- Driver",38.00,"Male","K- Private Cars;N- Pickup","S- Driver's Negligence",2.00
13691,40664.00,"4- Demerara- Mahaica",,"David St. & Vlissengen Rd.",,"-58.1437","6.8232",,"Kitty",10/2/2011 0:00:00,12/30/1899 11:20:00,"B- Serious Injury","E- Pedestrian",23.00,"Male","M- Hire Cars","T-Pedestrian's Negligence",2.00
13692,40665.00,"4- Demerara- Mahaica",,"Clive Lloyd Dr.",,"-58.1433","6.8255",,"Kitty",10/14/2011 0:00:00,12/30/1899 18:45:00,"D- Property Damage","F- Driver",24.00,"Male","K- Private Cars;N- Pickup","S- Driver's Negligence",2.00
13693,40666.00,"4- Demerara- Mahaica",,"Sheriff St.",,"-58.1359","6.8156",,"Kitty",10/16/2011 0:00:00,12/30/1899 1:00:00,"D- Property Damage","F- Driver",22.00,"Male","K- Private Cars","S- Driver's Negligence",2.00
13694,40667.00,"4- Demerara- Mahaica",,"Fifth Ave. Subryanville",,"-58.1352","6.8217",,"Kitty",10/25/2011 0:00:00,12/30/1899 12:40:00,"D- Property Damage","F- Driver",34.00,"Male","K- Private Cars","S- Driver's Negligence",2.00
13695,40668.00,"4- Demerara- Mahaica",,"Rupert Craig Highway",,"-58.1150","6.8254",,"Kitty",10/25/2011 0:00:00,12/30/1899 23:30:00,"B- Serious Injury","G- Rider",46.00,"Male","N- Pickup;V-Motor Cycle","U- Cyclist's Negligence",4.00
13696,40669.00,"4- Demerara- Mahaica",,"Clive Lloyd Dr.",,"-58.1433","6.8255",,"Kitty",10/28/2011 0:00:00,12/30/1899 11:30:00,"D- Property Damage","F- Driver",18.00,"Male","K- Private Cars","S- Driver's Negligence",2.00
13697,40670.00,"4- Demerara- Mahaica",,"David St.",,"-58.1397","6.8221",,"Kitty",10/21/2011 0:00:00,12/30/1899 18:30:00,"C- Minor Injury","F- Driver",49.00,"Male","K- Private Cars;W-Pedal Cycle","S- Driver's Negligence",2.00
13698,40671.00,"4- Demerara- Mahaica",,"William St.",,"-58.1380","6.8102",,"Kitty",10/31/2011 0:00:00,12/30/1899 9:20:00,"D- Property Damage","F- Driver",30.00,"Female","K- Private Cars;M- Hire Cars","S- Driver's Negligence",2.00
13699,40672.00,"4- Demerara- Mahaica",,"Dennis St.",,"-58.1336","6.8122",,"Kitty",10/17/2011 0:00:00,12/30/1899 12:45:00,"C- Minor Injury","F- Driver",32.00,"Male","K- Private Cars;W-Pedal Cycle","S- Driver's Negligence",2.00
13700,40673.00,"4- Demerara- Mahaica",,"J.B. Singh Rd.",,"-58.1449","6.8203",,"Kitty",11/4/2011 0:00:00,12/30/1899 12:00:00,"D- Property Damage","F- Driver",23.00,"Female","K- Private Cars","S- Driver's Negligence",2.00
13701,40674.00,"4- Demerara- Mahaica",,"David St. & Railway Line",,"-58.1345","6.8208",,"Kitty",11/3/2011 0:00:00,12/30/1899 21:10:00,"D- Property Damage","F- Driver",,"Male","K- Private Cars","S- Driver's Negligence",2.00
13702,40675.00,"4- Demerara- Mahaica",,"Garnett St.",,"-58.1414","6.8133",,"Kitty",11/2/2011 0:00:00,12/30/1899 18:30:00,"B- Serious Injury","F- Driver",29.00,"Male","K- Private Cars;V-Motor Cycle","S- Driver's Negligence",2.00
13703,40676.00,"4- Demerara- Mahaica",,"Delhi St.",,"-58.1312","6.8188",,"Kitty",11/18/2011 0:00:00,12/30/1899 21:10:00,"D- Property Damage","F- Driver",,"Male","K- Private Cars;V-Motor Cycle","S- Driver's Negligence",2.00
13704,40677.00,"4- Demerara- Mahaica",,"Pike St.",,"-58.1404","6.8205",,"Kitty",11/12/2011 0:00:00,12/30/1899 20:15:00,"C- Minor Injury","F- Driver",37.00,"Male","K- Private Cars","S- Driver's Negligence",2.00
13705,40678.00,"4- Demerara- Mahaica",,"Garnett & Sheriff St.",,"-58.1369","6.8121",,"Kitty",11/28/2011 0:00:00,12/30/1899 0:45:00,"D- Property Damage","F- Driver",23.00,"Male","K- Private Cars","O- Lost Control & Runoff",1.00
13706,40679.00,"4- Demerara- Mahaica",,"Duncan St.",,"-58.1348","6.8085",,"Kitty",12/8/2011 0:00:00,12/30/1899 23:55:00,"D- Property Damage","F- Driver",,"Male","K- Private Cars","O- Lost Control & Runoff",1.00
13707,40680.00,"4- Demerara- Mahaica",,"Duncan & Sheriff St.",,"-58.1377","6.8093",,"Kitty",12/8/2011 0:00:00,12/30/1899 8:30:00,"D- Property Damage","F- Driver",27.00,"Male","J- Minibus;V-Motor Cycle","S- Driver's Negligence",2.00
13708,40681.00,"4- Demerara- Mahaica",,"Sheriff & Duncan St.",,"-58.1377","6.8093",,"Kitty",12/8/2011 0:00:00,12/30/1899 9:50:00,"D- Property Damage","F- Driver",32.00,"Male","J- Minibus;K- Private Cars","S- Driver's Negligence",2.00
13709,40682.00,"4- Demerara- Mahaica",,"Duncan & Sheriff St.",,"-58.1377","6.8093",,"Kitty",12/9/2011 0:00:00,12/30/1899 12:45:00,"D- Property Damage","F- Driver",24.00,"Male","K- Private Cars;L- Lorries Van","S- Driver's Negligence",2.00
13710,40683.00,"4- Demerara- Mahaica",,"Sheriff St. & Campbell Ave.",,"-58.1358","6.8157",,"Kitty",12/13/2011 0:00:00,12/30/1899 12:45:00,"D- Property Damage","F- Driver",39.00,"Male","K- Private Cars;N- Pickup","S- Driver's Negligence",2.00
13711,40684.00,"4- Demerara- Mahaica",,"Dennis St.",,"-58.1336","6.8122",,"Kitty",12/24/2011 0:00:00,12/30/1899 20:30:00,"C- Minor Injury","F- Driver",29.00,"Male","K- Private Cars;M- Hire Cars","Q- Alcohol",2.00
13712,40685.00,"4- Demerara- Mahaica",,"Sheriff St.",,"-58.1359","6.8156",,"Kitty",12/1/2011 0:00:00,12/30/1899 19:50:00,"C- Minor Injury","G- Rider",,"Female","K- Private Cars;V-Motor Cycle","U- Cyclist's Negligence",4.00
13713,40686.00,"4- Demerara- Mahaica",,"Sheriff & Bonasika St.",,"-58.1378","6.8085",,"Kitty",12/24/2011 0:00:00,12/30/1899 17:30:00,"D- Property Damage","F- Driver",23.00,"Male","K- Private Cars","S- Driver's Negligence",2.00
13714,40687.00,"4- Demerara- Mahaica",,"Rupert Craig Highway",,"-58.1150","6.8254",,"Kitty",12/28/2011 0:00:00,12/30/1899 14:50:00,"D- Property Damage","F- Driver",34.00,"Male","J- Minibus;M- Hire Cars","S- Driver's Negligence",2.00
13715,40688.00,"4- Demerara- Mahaica",,"Sheriff & Garnett St.",,"-58.1369","6.8121",,"Kitty",12/29/2011 0:00:00,12/30/1899 17:00:00,"B- Serious Injury","F- Driver",21.00,"Male","J- Minibus;W-Pedal Cycle","S- Driver's Negligence",2.00
13716,40689.00,"4- Demerara- Mahaica",,"Public Rd. Kitty",,"-58.1399","6.8246",,"Kitty",12/31/2011 0:00:00,12/30/1899 4:45:00,"D- Property Damage","F- Driver",37.00,"Female","K- Private Cars","S- Driver's Negligence",2.00
13717,40690.00,"4- Demerara- Mahaica",,"Rupert Craig Highway & Conversation Tree Rd.",,"-58.1295","6.8257",,"Kitty",12/31/2011 0:00:00,12/30/1899 19:30:00,"B- Serious Injury","G- Rider",16.00,"Male","J- Minibus;W-Pedal Cycle","U- Cyclist's Negligence",2.00
13718,40691.00,"4- Demerara- Mahaica",,"William St.",,"-58.1380","6.8102",,"Kitty",1/5/2012 0:00:00,12/30/1899 23:15:00,"C- Minor Injury","G- Rider",,"Male","K- Private Cars;V-Motor Cycle","U- Cyclist's Negligence",2.00
13719,40692.00,"4- Demerara- Mahaica",,"Garnett & Sheriff St.",,"-58.1369","6.8121",,"Kitty",1/6/2012 0:00:00,12/30/1899 9:00:00,"D- Property Damage","F- Driver",47.00,"Male","K- Private Cars","S- Driver's Negligence",2.00
13720,40693.00,"4- Demerara- Mahaica",,"Carifesta Ave.",,"-58.1483","6.8240",,"Kitty",1/8/2012 0:00:00,12/30/1899 12:45:00,"C- Minor Injury","F- Driver",27.00,"Male","J- Minibus;Z-Animal- Drawn","S- Driver's Negligence",2.00
13721,40694.00,"4- Demerara- Mahaica",,"Campbell Ave. & Sheriff St.",,"-58.1358","6.8157",,"Kitty",1/2/2012 0:00:00,12/30/1899 8:50:00,"D- Property Damage","F- Driver",24.00,"Female","K- Private Cars;M- Hire Cars","S- Driver's Negligence",2.00
13722,40695.00,"4- Demerara- Mahaica",,"Queen St.",,"-58.1656","6.8160",,"Kitty",1/13/2012 0:00:00,12/30/1899 10:30:00,"D- Property Damage","F- Driver",33.00,"Male","K- Private Cars;L- Lorries Van","S- Driver's Negligence",2.00
13723,40696.00,"4- Demerara- Mahaica",,"Rupert Craig Highway & Sheriff St.",,"-58.1331","6.8254",,"Kitty",1/6/2012 0:00:00,12/30/1899 16:30:00,"D- Property Damage","F- Driver",,"Male","K- Private Cars;L- Lorries Van","S- Driver's Negligence",2.00
13724,40697.00,"4- Demerara- Mahaica",,"Sheriff St.",,"-58.1359","6.8156",,"Kitty",1/7/2012 0:00:00,12/30/1899 13:40:00,"D- Property Damage","F- Driver",26.00,"Male","K- Private Cars;M- Hire Cars","S- Driver's Negligence",2.00
13725,40698.00,"4- Demerara- Mahaica",,"Rupert Craig Highway",,"-58.1150","6.8254",,"Kitty",1/15/2012 0:00:00,12/30/1899 23:00:00,"C- Minor Injury","F- Driver",18.00,"Male","K- Private Cars;V-Motor Cycle","S- Driver's Negligence",2.00
13726,40699.00,"4- Demerara- Mahaica",,"Lamaha & Irving St.",,"-58.1462","6.8153",,"Kitty",1/10/2012 0:00:00,12/30/1899 17:00:00,"D- Property Damage","F- Driver",42.00,"Male","J- Minibus;K- Private Cars","S- Driver's Negligence",2.00
13727,40700.00,"4- Demerara- Mahaica",,"David & Alexander St.",,"-58.1400","6.8222+E5374",,"Kitty",1/10/2012 0:00:00,12/30/1899 7:30:00,"D- Property Damage","F- Driver",29.00,"Male","K- Private Cars","P- Speeding",2.00
13728,40701.00,"4- Demerara- Mahaica",,"Delph Ave. & Dennis St.",,"-58.1382","6.8133",,"Kitty",1/23/2012 0:00:00,12/30/1899 8:30:00,"D- Property Damage","F- Driver",35.00,"Male","K- Private Cars;L- Lorries Van","S- Driver's Negligence",2.00
13729,40702.00,"4- Demerara- Mahaica",,"Ituni St. & Barima Ave.",,"-58.1413","6.8094",,"Kitty",1/24/2012 0:00:00,12/30/1899 18:30:00,"D- Property Damage","F- Driver",53.00,"Male","K- Private Cars;N- Pickup","S- Driver's Negligence",2.00
13730,40703.00,"4- Demerara- Mahaica",,"Sheriff St.",,"-58.1359","6.8156",,"Kitty",1/24/2012 0:00:00,12/30/1899 18:35:00,"D- Property Damage","F- Driver",29.00,"Female","J- Minibus;K- Private Cars;M- Hire Cars","S- Driver's Negligence",3.00
13731,40704.00,"4- Demerara- Mahaica",,"Bel Air North Sophia",,"-58.1283","6.8236",,"Kitty",1/24/2012 0:00:00,12/30/1899 8:30:00,"D- Property Damage","F- Driver",38.00,"Male","K- Private Cars;L- Lorries Van","S- Driver's Negligence",2.00
13732,40705.00,"4- Demerara- Mahaica",,"Sheriff & David St.",,"-58.1345","6.8208",,"Kitty",1/26/2012 0:00:00,12/30/1899 20:30:00,"D- Property Damage","F- Driver",,"Male","K- Private Cars;N- Pickup","S- Driver's Negligence",2.00
13733,40706.00,"4- Demerara- Mahaica",,"Duncan St.",,"-58.1348","6.8085",,"Kitty",2/3/2012 0:00:00,12/30/1899 8:50:00,"C- Minor Injury","F- Driver",48.00,"Male","M- Hire Cars;W-Pedal Cycle","R- Improper Overtaking",2.00
13734,40707.00,"4- Demerara- Mahaica",,"Stone Ave.",,"-58.1343","6.8147",,"Kitty",2/6/2012 0:00:00,,"B- Serious Injury","F- Driver",28.00,"Male","K- Private Cars;M- Hire Cars","S- Driver's Negligence",2.00
13735,40708.00,"4- Demerara- Mahaica",,"Garnett St. & Eastern Highway",,"-58.1369","6.8120",,"Kitty",2/9/2012 0:00:00,12/30/1899 12:45:00,"D- Property Damage","F- Driver",25.00,"Male","K- Private Cars;M- Hire Cars","S- Driver's Negligence",2.00
13736,40709.00,"4- Demerara- Mahaica",,"Conversation Tree Rd. & Rupert Craig highway",,"-58.1295","6.8257",,"Kitty",2/4/2012 0:00:00,12/30/1899 23:30:00,"C- Minor Injury","F- Driver",40.00,"Female","K- Private Cars;N- Pickup","S- Driver's Negligence",2.00
13737,40710.00,"4- Demerara- Mahaica",,"Sandy Babb & Railway St.",,"-58.1393","6.8167",,"Kitty",2/20/2012 0:00:00,12/30/1899 0:20:00,"C- Minor Injury","F- Driver",34.00,"Male","K- Private Cars;V-Motor Cycle","S- Driver's Negligence",2.00
13738,40711.00,"4- Demerara- Mahaica",,"Cedar Court Lamaha Gardens",,"-58.1326","6.8086",,"Kitty",2/16/2012 0:00:00,12/30/1899 8:45:00,"D- Property Damage","F- Driver",48.00,"Female","N- Pickup","S- Driver's Negligence",2.00
13739,40712.00,"4- Demerara- Mahaica",,"Sheriff St.",,"-58.1359","6.8156",,"Kitty",2/20/2012 0:00:00,12/30/1899 7:45:00,"C- Minor Injury","F- Driver",46.00,"Female","K- Private Cars;V-Motor Cycle","S- Driver's Negligence",2.00
13740,40713.00,"4- Demerara- Mahaica",,"Sheriff & Dennis St.",,"-58.1366","6.8130",,"Kitty",2/25/2012 0:00:00,12/30/1899 21:30:00,"D- Property Damage","F- Driver",23.00,"Male","K- Private Cars;M- Hire Cars","S- Driver's Negligence",2.00
13741,40714.00,"4- Demerara- Mahaica",,"Rupert Craig Highway",,"-58.1150","6.8254",,"Kitty",2/18/2012 0:00:00,12/30/1899 13:00:00,"D- Property Damage","F- Driver",57.00,"Male","J- Minibus;N- Pickup","S- Driver's Negligence",2.00
13742,40715.00,"4- Demerara- Mahaica",,"Garnett St.",,"-58.1414","6.8133",,"Kitty",2/17/2012 0:00:00,12/30/1899 9:05:00,"C- Minor Injury","F- Driver",66.00,"Male","L- Lorries Van;V-Motor Cycle","S- Driver's Negligence",2.00
13743,40716.00,"4- Demerara- Mahaica",,"David & Alexander St.",,"-58.1400","6.8222",,"Kitty",2/27/2012 0:00:00,12/30/1899 12:30:00,"D- Property Damage","F- Driver",34.00,"Male","K- Private Cars;N- Pickup","S- Driver's Negligence",2.00
13744,40717.00,"4- Demerara- Mahaica",,"Dennis & Sheriff St.",,"-58.1366","6.8130",,"Kitty",2/28/2012 0:00:00,12/30/1899 8:45:00,"D- Property Damage","F- Driver",29.00,"Male","K- Private Cars;L- Lorries Van;M- Hire Cars","S- Driver's Negligence",3.00
13745,40718.00,"4- Demerara- Mahaica",,"Lamaha & Middleton St.",,"-58.1402","6.8138",,"Kitty",3/2/2012 0:00:00,12/30/1899 15:50:00,"B- Serious Injury","G- Rider",30.00,"Male","J- Minibus;V-Motor Cycle","U- Cyclist's Negligence",2.00
13746,40719.00,"4- Demerara- Mahaica",,"Sheriff & Dennis St.",,"-58.1366","6.8130",,"Kitty",3/5/2012 0:00:00,12/30/1899 10:30:00,"D- Property Damage","F- Driver",32.00,"Male","K- Private Cars;M- Hire Cars","S- Driver's Negligence",2.00
13747,40720.00,"4- Demerara- Mahaica",,"Barr St.",,"-58.1643","6.7993",,"Kitty",3/6/2012 0:00:00,12/30/1899 10:30:00,"D- Property Damage","F- Driver",45.00,"Male","K- Private Cars;W-Pedal Cycle","S- Driver's Negligence",2.00
13748,40721.00,"4- Demerara- Mahaica",,"Rupert Craig Highway",,"-58.1150","6.8254",,"Kitty",3/7/2012 0:00:00,12/30/1899 8:05:00,"D- Property Damage","F- Driver",51.00,"Male","K- Private Cars","S- Driver's Negligence",2.00
13749,40722.00,"4- Demerara- Mahaica",,"Duncan St.",,"-58.1348","6.8085",,"Kitty",3/21/2012 0:00:00,12/30/1899 20:45:00,"D- Property Damage","F- Driver",34.00,"Male","K- Private Cars;M- Hire Cars","S- Driver's Negligence",2.00
13750,40723.00,"4- Demerara- Mahaica",,"Rupert Craig Highway",,"-58.1150","6.8254",,"Kitty",3/25/2012 0:00:00,12/30/1899 8:35:00,"C- Minor Injury","G- Rider",29.00,"Male","J- Minibus;V-Motor Cycle","U- Cyclist's Negligence",3.00
13751,40724.00,"4- Demerara- Mahaica",,"William St.",,"-58.1380","6.8102",,"Kitty",3/6/2012 0:00:00,12/30/1899 16:15:00,"C- Minor Injury","F- Driver",27.00,"Male","K- Private Cars;V-Motor Cycle","S- Driver's Negligence",2.00
13752,40725.00,"4- Demerara- Mahaica",,"Barr & Alexander St.",,"-58.1421","6.8192",,"Kitty",3/8/2012 0:00:00,12/30/1899 17:55:00,"D- Property Damage","F- Driver",72.00,"Male","K- Private Cars;M- Hire Cars","S- Driver's Negligence",2.00
13753,40726.00,"4- Demerara- Mahaica",,"Rupert Craig Highway",,"-58.1150","6.8254",,"Kitty",3/14/2012 0:00:00,12/30/1899 22:53:00,"B- Serious Injury","F- Driver",21.00,"Male","K- Private Cars;L- Lorries Van;V-Motor Cycle","S- Driver's Negligence",4.00
13754,40727.00,"4- Demerara- Mahaica",,"Duncan & Rupununi St.",,"-58.1325","6.8079",,"Kitty",3/14/2012 0:00:00,12/30/1899 10:00:00,"D- Property Damage","F- Driver",40.00,"Male","J- Minibus;M- Hire Cars","S- Driver's Negligence",2.00
13755,40728.00,"4- Demerara- Mahaica",,"Alexander & David St.",,"-58.1411","6.8224",,"Kitty",3/28/2012 0:00:00,12/30/1899 10:00:00,"D- Property Damage","F- Driver",26.00,"Male","N- Pickup","S- Driver's Negligence",2.00
13756,40729.00,"4- Demerara- Mahaica",,"Rupert Craig Highway",,"-58.1150","6.8254",,"Kitty",3/13/2012 0:00:00,12/30/1899 7:45:00,"D- Property Damage","F- Driver",60.00,"Male","K- Private Cars;M- Hire Cars","S- Driver's Negligence",2.00
13757,40730.00,"4- Demerara- Mahaica",,"Sheriff St. & Railway Embankment",,"-58.1345","6.8208",,"Kitty",2/28/2012 0:00:00,12/30/1899 19:40:00,"D- Property Damage","F- Driver",43.00,"Female","K- Private Cars;M- Hire Cars","S- Driver's Negligence",2.00
13758,40731.00,"4- Demerara- Mahaica",,"Middleton & Garnett St.",,"-58.1403","6.8130",,"Kitty",3/28/2012 0:00:00,12/30/1899 10:45:00,"D- Property Damage","F- Driver",31.00,"Male","K- Private Cars;L- Lorries Van","S- Driver's Negligence",2.00
13759,40732.00,"4- Demerara- Mahaica",,"Bissessar St. & Alma Ave.",,"-58.1309","6.8144",,"Kitty",4/18/2012 0:00:00,12/30/1899 12:45:00,"D- Property Damage","F- Driver",31.00,"Male","N- Pickup","S- Driver's Negligence",2.00
13760,40733.00,"4- Demerara- Mahaica",,"Sandy Babb St.",,"-58.1422","6.8174",,"Kitty",3/30/2012 0:00:00,12/30/1899 17:45:00,"D- Property Damage","F- Driver",37.00,"Male","K- Private Cars;V-Motor Cycle","S- Driver's Negligence",2.00
13761,40734.00,"4- Demerara- Mahaica",,"J.B. Singh & Thomas Rd.",,"-58.1454","6.8183",,"Kitty",4/13/2012 0:00:00,12/30/1899 15:20:00,"D- Property Damage","F- Driver",27.00,"Female","K- Private Cars;N- Pickup","S- Driver's Negligence",2.00
13762,40735.00,"4- Demerara- Mahaica",,"Lamaha & Middleton St.",,"-58.1402","6.8138",,"Kitty",4/3/2012 0:00:00,12/30/1899 3:45:00,"D- Property Damage","F- Driver",70.00,"Female","K- Private Cars","S- Driver's Negligence",2.00
13763,40736.00,"4- Demerara- Mahaica",,"David & Alexander St.",,"-58.1400","6.8222",,"Kitty",4/7/2012 0:00:00,12/30/1899 19:00:00,"D- Property Damage","F- Driver",50.00,"Female","M- Hire Cars","S- Driver's Negligence",2.00
13764,40737.00,"4- Demerara- Mahaica",,"David & Alexander St.",,"-58.1400","6.8222",,"Kitty",4/15/2012 0:00:00,12/30/1899 12:45:00,"C- Minor Injury","F- Driver",35.00,"Male","J- Minibus;V-Motor Cycle","S- Driver's Negligence",2.00
13765,40738.00,"4- Demerara- Mahaica",,"Garnett & Middleton St.",,"-58.1403","6.8130",,"Kitty",4/21/2012 0:00:00,12/30/1899 11:00:00,"D- Property Damage","F- Driver",66.00,"Male","K- Private Cars;N- Pickup","S- Driver's Negligence",2.00
13766,40739.00,"4- Demerara- Mahaica",,"Sheriff St.",,"-58.1359","6.8156",,"Kitty",4/30/2012 0:00:00,12/30/1899 1:53:00,"D- Property Damage","F- Driver",30.00,"Male","K- Private Cars;N- Pickup","S- Driver's Negligence",3.00
13767,40740.00,"4- Demerara- Mahaica",,"Sheriff St.",,"-58.1359","6.8156",,"Kitty",4/19/2012 0:00:00,12/30/1899 12:45:00,"D- Property Damage","F- Driver",41.00,"Male","L- Lorries Van;M- Hire Cars","S- Driver's Negligence",2.00
13768,40741.00,"4- Demerara- Mahaica",,"Thomas St.",,"-58.1577","6.8146",,"Kitty",5/4/2012 0:00:00,12/30/1899 20:00:00,"B- Serious Injury","G- Rider",40.00,"Male","V-Motor Cycle","U- Cyclist's Negligence",2.00
13769,40742.00,"4- Demerara- Mahaica",,"Rupert Craig Highway",,"-58.1150","6.8254",,"Kitty",5/7/2012 0:00:00,12/30/1899 0:10:00,"B- Serious Injury","G- Rider",23.00,"Male","V-Motor Cycle","U- Cyclist's Negligence",2.00
13770,40743.00,"4- Demerara- Mahaica",,"Sheriff St.",,"-58.1359","6.8156",,"Kitty",5/8/2012 0:00:00,12/30/1899 6:20:00,"B- Serious Injury","F- Driver",28.00,"Male","M- Hire Cars","S- Driver's Negligence",2.00
13771,40744.00,"4- Demerara- Mahaica",,"Sheriff St.",,"-58.1359","6.8156",,"Kitty",5/9/2012 0:00:00,12/30/1899 11:30:00,"D- Property Damage","F- Driver",46.00,"Male","M- Hire Cars;N- Pickup","S- Driver's Negligence",2.00
13772,40745.00,"4- Demerara- Mahaica",,"Bel Air Springs Entrance",,"-58.1301","6.8234",,"Kitty",5/9/2012 0:00:00,12/30/1899 16:40:00,"D- Property Damage","F- Driver",39.00,"Male","K- Private Cars;N- Pickup","S- Driver's Negligence",2.00
13773,40746.00,"4- Demerara- Mahaica",,"Sandy Babb St. & Vlissengen Rd.",,"-58.1453","6.8183",,"Kitty",5/10/2012 0:00:00,12/30/1899 2:45:00,"D- Property Damage","F- Driver",55.00,"Male","K- Private Cars;N- Pickup","S- Driver's Negligence",2.00
13774,40747.00,"4- Demerara- Mahaica",,"Public Rd. Kitty",,"-58.1399","6.8246",,"Kitty",5/22/2012 0:00:00,12/30/1899 8:30:00,"D- Property Damage","F- Driver",32.00,"Male","K- Private Cars;N- Pickup","S- Driver's Negligence",3.00
13775,40748.00,"4- Demerara- Mahaica",,"Barr St.",,"-58.1643","6.7993",,"Kitty",5/23/2012 0:00:00,12/30/1899 0:30:00,"C- Minor Injury","F- Driver",56.00,"Male","K- Private Cars","S- Driver's Negligence",2.00
13776,40749.00,"4- Demerara- Mahaica",,"Sheriff St.",,"-58.1359","6.8156",,"Kitty",5/27/2012 0:00:00,12/30/1899 21:30:00,"C- Minor Injury","F- Driver",,"Male","K- Private Cars;V-Motor Cycle","S- Driver's Negligence",3.00