"ID","Accident ID","Region Number","Corridor ID","Location (Intersection/Road/Street)","Corridor","Location- longitude/ X","Location- latitude/  Y","Mile Marker","Village","Date of Accident","Time of Accident","Type of Accident","Class of Road User","Age/DOB","Gender","Class of Vehicles Involved","Contributing Factor","Number of Persons Involved"
13777,40750.00,"4- Demerara- Mahaica",,"Kamoa & Lamaha Gardens",,"-58.1332","6.8054",,"Kitty",5/3/2012 0:00:00,,"C- Minor Injury","F- Driver",44.00,"Female","M- Hire Cars;V-Motor Cycle","S- Driver's Negligence",2.00
13778,40751.00,"4- Demerara- Mahaica",,"Rupert Craig Highway",,"-58.1150","6.8254",,"Kitty",5/28/2012 0:00:00,12/30/1899 13:30:00,"D- Property Damage","F- Driver",46.00,"Male","J- Minibus;K- Private Cars","S- Driver's Negligence",2.00
13779,40752.00,"4- Demerara- Mahaica",,"Sheriff St.",,"-58.1359","6.8156",,"Kitty",5/31/2012 0:00:00,12/30/1899 12:30:00,"D- Property Damage","F- Driver",29.00,"Male","K- Private Cars;M- Hire Cars","S- Driver's Negligence",2.00
13780,40753.00,"4- Demerara- Mahaica",,"Thomas Lands & J.B. Singh Rd.",,"-58.1454","6.8183",,"Kitty",6/1/2012 0:00:00,12/30/1899 19:00:00,"C- Minor Injury","F- Driver",20.00,"Male","K- Private Cars","S- Driver's Negligence",2.00
13781,40754.00,"4- Demerara- Mahaica",,"Duncan & Bel Air Ave.",,"-58.1421","6.8106",,"Kitty",6/6/2012 0:00:00,12/30/1899 12:00:00,"D- Property Damage","F- Driver",63.00,"Male","J- Minibus;M- Hire Cars;N- Pickup","S- Driver's Negligence",4.00
13782,40755.00,"4- Demerara- Mahaica",,"Railway Embankment",,"-58.1334","6.8216",,"Kitty",6/15/2012 0:00:00,12/30/1899 8:30:00,"B- Serious Injury","F- Driver",45.00,"Male","K- Private Cars;V-Motor Cycle","S- Driver's Negligence",2.00
13783,40756.00,"4- Demerara- Mahaica",,"Middleton St.",,"-58.1395","6.8162",,"Kitty",6/15/2012 0:00:00,12/30/1899 15:30:00,"D- Property Damage","F- Driver",29.00,"Male","K- Private Cars;N- Pickup","S- Driver's Negligence",2.00
13784,40757.00,"4- Demerara- Mahaica",,"David & Alexander St.",,"-58.1400","6.8222",,"Kitty",6/16/2012 0:00:00,12/30/1899 5:10:00,"D- Property Damage","F- Driver",34.00,"Male","M- Hire Cars","S- Driver's Negligence",2.00
13785,40758.00,"4- Demerara- Mahaica",,"Sheriff St.",,"-58.1359","6.8156",,"Kitty",6/18/2012 0:00:00,12/30/1899 17:50:00,"D- Property Damage","F- Driver",26.00,"Male","J- Minibus;K- Private Cars","S- Driver's Negligence",2.00
13786,40759.00,"4- Demerara- Mahaica",,"David & Vlissengen Rd.",,"-58.1437","6.8232",,"Kitty",6/16/2012 0:00:00,12/30/1899 15:00:00,"D- Property Damage","F- Driver",28.00,"Female","J- Minibus;K- Private Cars","S- Driver's Negligence",2.00
13787,40760.00,"4- Demerara- Mahaica",,"Delph & Campbell Ave.",,"-58.1374","6.8162",,"Kitty",6/23/2012 0:00:00,12/30/1899 18:30:00,"D- Property Damage","F- Driver",55.00,"Male","L- Lorries Van;M- Hire Cars","S- Driver's Negligence",2.00
13788,40761.00,"4- Demerara- Mahaica",,"Eastern Highway & Garnett St",,"-58.1369","6.8120",,"Kitty",6/23/2012 0:00:00,12/30/1899 13:00:00,"C- Minor Injury","F- Driver",46.00,"Male","K- Private Cars;V-Motor Cycle","U- Cyclist's Negligence",2.00
13789,40762.00,"4- Demerara- Mahaica",,"Fisheries Public Rd. Houston",,"-58.1699","6.7828",,,6/2/2004 0:00:00,12/30/1899 10:00:00,"C- Minor Injury","F- Driver",54.00,"Male","L- Lorries Van","P- Speeding",2.00
13790,40763.00,"4- Demerara- Mahaica",,"Ruimveldt Public Rd.",,"-58.1545","6.7927",,,6/11/2004 0:00:00,12/30/1899 16:30:00,"B- Serious Injury","F- Driver",23.00,"Male","K- Private Cars;V-Motor Cycle","P- Speeding",2.00
13791,40764.00,"4- Demerara- Mahaica",,"Houston Public Rd.",,"-58.1710","6.7830",,,6/10/2004 0:00:00,12/30/1899 12:10:00,"C- Minor Injury","E- Pedestrian",15.00,"Male","K- Private Cars","T-Pedestrian's Negligence",2.00
13792,40765.00,"4- Demerara- Mahaica",,"Mandela Ave.",,"-58.1601","6.7919",,,6/15/2004 0:00:00,12/30/1899 9:00:00,"C- Minor Injury","F- Driver",34.00,"Male","M- Hire Cars","S- Driver's Negligence",1.00
13793,40766.00,"4- Demerara- Mahaica",,"Agricola Public Rd.",,"-58.1693","6.7824",,,6/15/2004 0:00:00,12/30/1899 17:45:00,"B- Serious Injury","E- Pedestrian",35.00,"Male","J- Minibus","T-Pedestrian's Negligence",2.00
13794,40767.00,"4- Demerara- Mahaica",,"Middle Rd.",,"-58.1596","6.8155",,,6/23/2004 0:00:00,12/30/1899 8:00:00,"C- Minor Injury","F- Driver",,"Male","K- Private Cars;V-Motor Cycle","S- Driver's Negligence",2.00
13795,40768.00,"4- Demerara- Mahaica",,"Middle Rd.",,"-58.1596","6.8155",,,6/23/2004 0:00:00,12/30/1899 15:45:00,"B- Serious Injury","F- Driver",29.00,"Male","M- Hire Cars","S- Driver's Negligence",2.00
13796,40769.00,"4- Demerara- Mahaica",,"Ruimveldt Public Rd.",,"-58.1545","6.7927",,,7/2/2004 0:00:00,12/30/1899 7:30:00,"D- Property Damage","G- Rider",,"Male","V-Motor Cycle","U- Cyclist's Negligence",2.00
13797,40770.00,"4- Demerara- Mahaica",,"Agricola Public Rd.",,"-58.1693","6.7824",,,,12/30/1899 8:00:00,"C- Minor Injury","F- Driver",52.00,"Female","K- Private Cars","S- Driver's Negligence",2.00
13798,40771.00,"4- Demerara- Mahaica",,"Ruimveldt Public Rd.",,"-58.1545","6.7927",,,7/8/2004 0:00:00,12/30/1899 8:40:00,"D- Property Damage","F- Driver",33.00,"Male","M- Hire Cars","S- Driver's Negligence",2.00
13799,40772.00,"4- Demerara- Mahaica",,"Agricola Public Rd.",,"-58.1693","6.7824",,,7/11/2004 0:00:00,12/30/1899 18:15:00,"D- Property Damage","F- Driver",32.00,"Male","K- Private Cars;M- Hire Cars","S- Driver's Negligence",2.00
13800,40773.00,"4- Demerara- Mahaica",,"Broad St.",,"-58.1645","6.8022",,,7/10/2004 0:00:00,12/30/1899 23:10:00,"D- Property Damage","F- Driver",39.00,"Male","K- Private Cars;M- Hire Cars","S- Driver's Negligence",2.00
13801,40774.00,"4- Demerara- Mahaica",,"Mc Doom Public Rd.",,"-58.1701","6.7817",,,7/16/2004 0:00:00,12/30/1899 9:00:00,"D- Property Damage","G- Rider",39.00,"Male","K- Private Cars;V-Motor Cycle","U- Cyclist's Negligence",2.00
13802,40775.00,"4- Demerara- Mahaica",,"Brutus St.",,"-58.1680","6.7770",,,7/18/2004 0:00:00,12/30/1899 17:50:00,"B- Serious Injury","F- Driver",26.00,"Male","K- Private Cars;M- Hire Cars","S- Driver's Negligence",2.00
13803,40776.00,"4- Demerara- Mahaica",,"Mandela Ave.",,"-58.1601","6.7919",,,7/19/2004 0:00:00,12/30/1899 13:45:00,"A- Fatal","E- Pedestrian",28.00,"Male","J- Minibus","T-Pedestrian's Negligence",2.00
13804,40777.00,"4- Demerara- Mahaica",,"Mandela Ave.",,"-58.1601","6.7919",,,7/25/2004 0:00:00,12/30/1899 21:40:00,"D- Property Damage","F- Driver",50.00,"Male","J- Minibus","S- Driver's Negligence",1.00
13805,40778.00,"4- Demerara- Mahaica",,"Agricola Public Rd.",,"-58.1693","6.7824",,,7/25/2004 0:00:00,12/30/1899 21:50:00,"C- Minor Injury","F- Driver",39.00,"Male","K- Private Cars;M- Hire Cars","P- Speeding",2.00
13806,40779.00,"4- Demerara- Mahaica",,"Mandela Ave.",,"-58.1601","6.7919",,,7/19/2004 0:00:00,12/30/1899 19:20:00,"D- Property Damage","F- Driver",51.00,"Male","M- Hire Cars","S- Driver's Negligence",2.00
13807,40780.00,"4- Demerara- Mahaica",,"Ruimveldt Public Rd.",,"-58.1545","6.7927",,,7/28/2004 0:00:00,12/30/1899 20:00:00,"D- Property Damage","F- Driver",45.00,"Male","J- Minibus","S- Driver's Negligence",1.00
13808,40781.00,"4- Demerara- Mahaica",,"High St.",,"-58.1669","6.8063",,,7/30/2004 0:00:00,12/30/1899 14:15:00,"C- Minor Injury","F- Driver",24.00,"Male","J- Minibus;V-Motor Cycle","S- Driver's Negligence",2.00
13809,40782.00,"4- Demerara- Mahaica",,"Mandela Ave.",,"-58.1601","6.7919",,,7/31/2004 0:00:00,12/30/1899 20:30:00,"D- Property Damage","F- Driver",34.00,"Male","K- Private Cars","P- Speeding",2.00
13810,40783.00,"4- Demerara- Mahaica",,"Broad St.",,"-58.1645","6.8022",,,8/6/2004 0:00:00,12/30/1899 10:00:00,"C- Minor Injury","E- Pedestrian",58.00,"Female","L- Lorries Van","T-Pedestrian's Negligence",2.00
13811,40784.00,"4- Demerara- Mahaica",,"Houston Public Rd.",,"-58.1710","6.7830",,,8/9/2004 0:00:00,12/30/1899 11:00:00,"B- Serious Injury","F- Driver",42.00,"Male","J- Minibus;K- Private Cars","P- Speeding",2.00
13812,40785.00,"4- Demerara- Mahaica",,"Mandela Ave. & Houston Access Rd.",,"-58.1685","6.7871",,,8/9/2004 0:00:00,12/30/1899 16:45:00,"D- Property Damage","F- Driver",21.00,"Male","N- Pickup","S- Driver's Negligence",2.00
13813,40786.00,"4- Demerara- Mahaica",,"Ruimveldt Public Rd.",,"-58.1545","6.7927",,,8/14/2004 0:00:00,12/30/1899 12:45:00,"D- Property Damage","F- Driver",70.00,"Male","J- Minibus;M- Hire Cars","S- Driver's Negligence",2.00
13814,40787.00,"4- Demerara- Mahaica",,"Houston Public Rd.",,"-58.1710","6.7830",,,8/13/2004 0:00:00,12/30/1899 14:10:00,"D- Property Damage","F- Driver",48.00,"Male","J- Minibus;K- Private Cars","P- Speeding",2.00
13815,40788.00,"4- Demerara- Mahaica",,"Saffon St.",,"-58.1680","6.8003",,,8/15/2004 0:00:00,12/30/1899 1:45:00,"D- Property Damage","F- Driver",63.00,"Male","J- Minibus","S- Driver's Negligence",2.00
13816,40789.00,"4- Demerara- Mahaica",,"Hunter St.",,"-58.1638","6.7984",,,8/16/2004 0:00:00,12/30/1899 19:15:00,"D- Property Damage","F- Driver",30.00,"Male","J- Minibus;K- Private Cars","S- Driver's Negligence",2.00
13817,40790.00,"4- Demerara- Mahaica",,"Mandela Ave.",,"-58.1601","6.7919",,,8/25/2004 0:00:00,12/30/1899 9:30:00,"D- Property Damage","F- Driver",31.00,"Female","L- Lorries Van;V-Motor Cycle","S- Driver's Negligence",2.00
13818,40791.00,"4- Demerara- Mahaica",,"Houston Public Rd.",,"-58.1710","6.7830",,,8/30/2004 0:00:00,12/30/1899 17:30:00,"A- Fatal","F- Driver",,"Male","L- Lorries Van;V-Motor Cycle","S- Driver's Negligence",2.00
13819,40792.00,"4- Demerara- Mahaica",,"Houston Access Rd.",,"-58.1698","6.7863",,,8/26/2004 0:00:00,12/30/1899 9:05:00,"C- Minor Injury","F- Driver",23.00,"Male","K- Private Cars","S- Driver's Negligence",2.00
13820,40793.00,"4- Demerara- Mahaica",,"Agricola Public Rd.",,"-58.1693","6.7824",,,9/4/2004 0:00:00,12/30/1899 23:10:00,"C- Minor Injury","F- Driver",51.00,"Male","K- Private Cars;L- Lorries Van","P- Speeding",2.00
13821,40794.00,"4- Demerara- Mahaica",,"Mandela Ave.",,"-58.1601","6.7919",,,9/4/2004 0:00:00,12/30/1899 1:30:00,"D- Property Damage","F- Driver",45.00,"Male","K- Private Cars","S- Driver's Negligence",2.00
13822,40795.00,"4- Demerara- Mahaica",,"Houston Public Rd.",,"-58.1710","6.7830",,,9/6/2004 0:00:00,12/30/1899 19:00:00,"D- Property Damage","F- Driver",,"Male","K- Private Cars;N- Pickup","S- Driver's Negligence",2.00
13823,40796.00,"4- Demerara- Mahaica",,"Houston Access Rd.",,"-58.1698","6.7863",,,9/7/2004 0:00:00,12/30/1899 17:33:00,"D- Property Damage","F- Driver",29.00,"Male","K- Private Cars;L- Lorries Van","P- Speeding",2.00
13824,40797.00,"4- Demerara- Mahaica",,"Mc Doom Public Rd.",,"-58.1701","6.7817",,,9/9/2004 0:00:00,12/30/1899 21:10:00,"D- Property Damage","F- Driver",25.00,"Female","K- Private Cars;M- Hire Cars","P- Speeding",2.00
13825,40798.00,"4- Demerara- Mahaica",,"Houston Access Rd.",,"-58.1698","6.7863",,,9/13/2004 0:00:00,12/30/1899 16:30:00,"D- Property Damage","F- Driver",43.00,"Male","J- Minibus;L- Lorries Van","S- Driver's Negligence",2.00
13826,40799.00,"4- Demerara- Mahaica",,"Mandela Ave.",,"-58.1601","6.7919",,,9/26/2004 0:00:00,12/30/1899 6:05:00,"C- Minor Injury","G- Rider",37.00,"Male","K- Private Cars;V-Motor Cycle","U- Cyclist's Negligence",2.00
13827,40800.00,"4- Demerara- Mahaica",,"Mc Doom Public Rd.",,"-58.1701","6.7817",,,9/28/2004 0:00:00,12/30/1899 7:40:00,"D- Property Damage","F- Driver",52.00,"Male","K- Private Cars;N- Pickup","P- Speeding",2.00
13828,40801.00,"4- Demerara- Mahaica",,"Agricola Public Rd.",,"-58.1693","6.7824",,,11/22/2005 0:00:00,12/30/1899 18:50:00,"B- Serious Injury","G- Rider",30.00,"Male","V-Motor Cycle;W-Pedal Cycle","U- Cyclist's Negligence",2.00
13829,40802.00,"4- Demerara- Mahaica",,"Mandela Ave.",,"-58.1601","6.7919",,,11/21/2005 0:00:00,12/30/1899 20:00:00,"D- Property Damage","F- Driver",48.00,"Male","K- Private Cars;N- Pickup","S- Driver's Negligence",2.00
13830,40803.00,"4- Demerara- Mahaica",,"Eccles Public Rd.",,"-58.1706","6.7802",,,12/1/2005 0:00:00,12/30/1899 9:30:00,"D- Property Damage","F- Driver",38.00,"Male","K- Private Cars;L- Lorries Van","S- Driver's Negligence",2.00
13831,40804.00,"4- Demerara- Mahaica",,"West Ruimveldt Front Rd.",,"-58.1648","6.7934",,,12/5/2005 0:00:00,12/30/1899 14:05:00,"D- Property Damage","F- Driver",43.00,"Male","J- Minibus;M- Hire Cars","S- Driver's Negligence",2.00
13832,40805.00,"4- Demerara- Mahaica",,"Brutus St.",,"-58.1680","6.7770",,,12/7/2005 0:00:00,12/30/1899 10:00:00,"D- Property Damage","F- Driver",22.00,"Male","L- Lorries Van;M- Hire Cars","S- Driver's Negligence",2.00
13833,40806.00,"4- Demerara- Mahaica",,"Houston Public Rd.",,"-58.1710","6.7830",,,12/9/2005 0:00:00,12/30/1899 18:30:00,"D- Property Damage","F- Driver",29.00,"Male","J- Minibus;M- Hire Cars","S- Driver's Negligence",2.00
13834,40807.00,"4- Demerara- Mahaica",,"West Ruimveldt Front Rd.",,"-58.1648","6.7934",,,12/7/2005 0:00:00,12/30/1899 21:30:00,"D- Property Damage","F- Driver",45.00,"Male","K- Private Cars","S- Driver's Negligence",2.00
13835,40808.00,"4- Demerara- Mahaica",,"Broad St. & Lombard St.",,"-58.1682","6.8032",,,12/10/2005 0:00:00,12/30/1899 12:00:00,"D- Property Damage","F- Driver",35.00,"Male","J- Minibus;K- Private Cars","S- Driver's Negligence",3.00
13836,40809.00,"4- Demerara- Mahaica",,"West Ruimveldt Front Rd.",,"-58.1648","6.7934",,,12/15/2005 0:00:00,12/30/1899 16:45:00,"D- Property Damage","F- Driver",34.00,"Male","K- Private Cars;M- Hire Cars","S- Driver's Negligence",2.00
13837,40810.00,"4- Demerara- Mahaica",,"Houston Public Rd.",,"-58.1710","6.7830",,,12/17/2005 0:00:00,12/30/1899 13:10:00,"B- Serious Injury","E- Pedestrian",60.00,"Male","V-Motor Cycle","T-Pedestrian's Negligence",2.00
13838,40811.00,"4- Demerara- Mahaica",,"Ruimveldt Public Rd.",,"-58.1545","6.7927",,,12/17/2005 0:00:00,12/30/1899 19:25:00,"D- Property Damage","F- Driver",49.00,"Male","L- Lorries Van","Y- Animal",1.00
13839,40812.00,"4- Demerara- Mahaica",,"Houston Public Rd.",,"-58.1710","6.7830",,,12/15/2005 0:00:00,12/30/1899 13:30:00,"D- Property Damage","F- Driver",52.00,"Male","K- Private Cars;M- Hire Cars","S- Driver's Negligence",2.00
13840,40813.00,"4- Demerara- Mahaica",,"Houston Public Rd.",,"-58.1710","6.7830",,,12/20/2005 0:00:00,12/30/1899 7:45:00,"D- Property Damage","F- Driver",51.00,"Male","J- Minibus;N- Pickup","S- Driver's Negligence",2.00
13841,40814.00,"4- Demerara- Mahaica",,"Mandela Ave.",,"-58.1601","6.7919",,,12/9/2005 0:00:00,12/30/1899 22:00:00,"B- Serious Injury","F- Driver",,"Male","J- Minibus;V-Motor Cycle","S- Driver's Negligence",2.00
13842,40815.00,"4- Demerara- Mahaica",,"James St. & Hogg St.",,"-58.1668","6.8000",,,12/21/2005 0:00:00,12/30/1899 18:30:00,"B- Serious Injury","F- Driver",36.00,"Male","J- Minibus;W-Pedal Cycle","S- Driver's Negligence",2.00
13843,40816.00,"4- Demerara- Mahaica",,"Houston Public Rd.",,"-58.1710","6.7830",,,12/24/2005 0:00:00,12/30/1899 14:15:00,"D- Property Damage","F- Driver",29.00,"Male","K- Private Cars;L- Lorries Van;M- Hire Cars","S- Driver's Negligence",4.00
13844,40817.00,"4- Demerara- Mahaica",,"Mc Doom Public Rd.",,"-58.1701","6.7817",,,12/29/2005 0:00:00,12/30/1899 11:30:00,"D- Property Damage","F- Driver",73.00,"Male","L- Lorries Van","S- Driver's Negligence",2.00
13845,40818.00,"4- Demerara- Mahaica",,"Houston Access Rd.",,"-58.1698","6.7863",,,1/2/2006 0:00:00,12/30/1899 8:45:00,"B- Serious Injury","F- Driver",,,"K- Private Cars;W-Pedal Cycle","S- Driver's Negligence",2.00
13846,40819.00,"4- Demerara- Mahaica",,"Hunter St.",,"-58.1638","6.7984",,,1/5/2006 0:00:00,12/30/1899 13:00:00,"D- Property Damage","F- Driver",32.00,"Male","J- Minibus;L- Lorries Van","S- Driver's Negligence",2.00
13847,40820.00,"4- Demerara- Mahaica",,"Ketley St.",,"-58.1662","6.8021",,,1/7/2006 0:00:00,12/30/1899 12:10:00,"C- Minor Injury","G- Rider",,,"V-Motor Cycle","U- Cyclist's Negligence",2.00
13848,40821.00,"4- Demerara- Mahaica",,"Agricola Public Rd.",,"-58.1693","6.7824",,,12/31/2006 0:00:00,12/30/1899 21:10:00,"D- Property Damage","F- Driver",22.00,"Male","L- Lorries Van;M- Hire Cars","S- Driver's Negligence",3.00
13849,40822.00,"4- Demerara- Mahaica",,"Mandela Ave.",,"-58.1601","6.7919",,,1/7/2006 0:00:00,12/30/1899 13:00:00,"C- Minor Injury","G- Rider",21.00,"Male","V-Motor Cycle;Z-Animal- Drawn","U- Cyclist's Negligence",2.00
13850,40823.00,"4- Demerara- Mahaica",,"Sussex St.",,"-58.1608","6.7995",,,1/15/2006 0:00:00,,"D- Property Damage","F- Driver",,,"K- Private Cars","S- Driver's Negligence",1.00
13851,40824.00,"4- Demerara- Mahaica",,"Broad St. & Lombard St.",,"-58.1682","6.8032",,,1/15/2006 0:00:00,12/30/1899 17:40:00,"C- Minor Injury","E- Pedestrian",20.00,"Male","J- Minibus","T-Pedestrian's Negligence",2.00
13852,40825.00,"4- Demerara- Mahaica",,"Mandela Ave.",,"-58.1601","6.7919",,,1/20/2006 0:00:00,12/30/1899 12:40:00,"D- Property Damage","F- Driver",23.00,"Male","K- Private Cars;N- Pickup","S- Driver's Negligence",2.00
13853,40826.00,"4- Demerara- Mahaica",,"La Penitence Public Rd.",,"-58.1492","6.7934",,,1/21/2006 0:00:00,12/30/1899 22:40:00,"D- Property Damage","F- Driver",36.00,"Male","M- Hire Cars;N- Pickup","S- Driver's Negligence",2.00
13854,40827.00,"4- Demerara- Mahaica",,"Mc Doom Public Rd.",,"-58.1701","6.7817",,,1/22/2006 0:00:00,12/30/1899 8:50:00,"C- Minor Injury","F- Driver",40.00,"Female","K- Private Cars;V-Motor Cycle","S- Driver's Negligence",2.00
13855,40828.00,"4- Demerara- Mahaica",,"Sussex & Hunter Street",,"-58.1634","6.8001",,,1/22/2006 0:00:00,12/30/1899 17:05:00,"D- Property Damage","F- Driver",,,"K- Private Cars;M- Hire Cars","S- Driver's Negligence",2.00
13856,40829.00,"4- Demerara- Mahaica",,"Houston Access Rd.",,"-58.1698","6.7863",,,1/17/2006 0:00:00,12/30/1899 6:30:00,"D- Property Damage","F- Driver",,,"L- Lorries Van;M- Hire Cars","S- Driver's Negligence",2.00
13857,40830.00,"4- Demerara- Mahaica",,"Ruimveldt Public Rd.",,"-58.1545","6.7927",,,1/24/2006 0:00:00,,"D- Property Damage","F- Driver",47.00,"Male","K- Private Cars;L- Lorries Van","S- Driver's Negligence",2.00
13858,40831.00,"4- Demerara- Mahaica",,"Russell St.",,"-58.1638","6.8045",,,1/19/2006 0:00:00,12/30/1899 17:01:00,"D- Property Damage","F- Driver",,,"K- Private Cars;V-Motor Cycle","S- Driver's Negligence",2.00
13859,40832.00,"4- Demerara- Mahaica",,"Drysdale Street",,"-58.1660","6.8037",,,1/20/2006 0:00:00,12/30/1899 16:10:00,"D- Property Damage","F- Driver",37.00,"Male","L- Lorries Van;M- Hire Cars","S- Driver's Negligence",2.00
13860,40833.00,"4- Demerara- Mahaica",,"Ruimveldt Public Rd.",,"-58.1545","6.7927",,,1/25/2006 0:00:00,12/30/1899 9:40:00,"D- Property Damage","F- Driver",36.00,"Male","J- Minibus;K- Private Cars","S- Driver's Negligence",2.00
13861,40834.00,"4- Demerara- Mahaica",,"Ruimveldt Public Rd.",,"-58.1545","6.7927",,,1/26/2006 0:00:00,12/30/1899 17:15:00,"D- Property Damage","F- Driver",30.00,"Male","J- Minibus","S- Driver's Negligence",2.00
13862,40835.00,"4- Demerara- Mahaica",,"Hunter St.",,"-58.1638","6.7984",,,1/27/2006 0:00:00,12/30/1899 9:30:00,"D- Property Damage","F- Driver",36.00,"Male","J- Minibus;M- Hire Cars","S- Driver's Negligence",2.00
13863,40836.00,"4- Demerara- Mahaica",,"Charles St.",,"-58.1648","6.8029",,,1/18/2006 0:00:00,12/30/1899 9:00:00,"C- Minor Injury","F- Driver",,"Male","K- Private Cars;V-Motor Cycle","S- Driver's Negligence",2.00
13864,40837.00,"4- Demerara- Mahaica",,"La Penitence & James St.",,"-58.1690","6.7997",,,1/27/2006 0:00:00,12/30/1899 20:30:00,"B- Serious Injury","F- Driver",,"Male","K- Private Cars;V-Motor Cycle","S- Driver's Negligence",2.00
13865,40838.00,"4- Demerara- Mahaica",,"Agricola Public Rd.",,"-58.1693","6.7824",,,2/7/2006 0:00:00,12/30/1899 8:20:00,"C- Minor Injury","F- Driver",30.00,"Female","K- Private Cars;V-Motor Cycle","O- Lost Control & Runoff",2.00
13866,40839.00,"4- Demerara- Mahaica",,"Lombard St.",,"-58.1675","6.8071",,,2/9/2006 0:00:00,12/30/1899 0:30:00,"D- Property Damage","F- Driver",,,"K- Private Cars;M- Hire Cars","S- Driver's Negligence",2.00
13867,40840.00,"4- Demerara- Mahaica",,"Ruimveldt Public Rd.",,"-58.1545","6.7927",,,2/6/2006 0:00:00,12/30/1899 12:55:00,"D- Property Damage","F- Driver",28.00,"Male","K- Private Cars;N- Pickup","S- Driver's Negligence",2.00
13868,40841.00,"4- Demerara- Mahaica",,"Cemetary Road",,"-58.1524","6.7963",,,2/13/2006 0:00:00,12/30/1899 9:55:00,"A- Fatal","G- Rider",25.00,"Male","V-Motor Cycle","O- Lost Control & Runoff",1.00
13869,40842.00,"4- Demerara- Mahaica",,"Ruimveldt Public Rd.",,"-58.1545","6.7927",,,2/17/2006 0:00:00,,"D- Property Damage","F- Driver",28.00,"Male","K- Private Cars","S- Driver's Negligence",2.00
13870,40843.00,"4- Demerara- Mahaica",,"Ruimveldt Public Rd.",,"-58.1545","6.7927",,,2/18/2006 0:00:00,12/30/1899 16:30:00,"B- Serious Injury","F- Driver",25.00,"Male","J- Minibus","S- Driver's Negligence",2.00
13871,40844.00,"4- Demerara- Mahaica",,"Mc Doom Public Rd.",,"-58.1701","6.7817",,,2/19/2006 0:00:00,12/30/1899 20:00:00,"B- Serious Injury","G- Rider",39.00,"Female","N- Pickup;V-Motor Cycle","U- Cyclist's Negligence",2.00
13872,40845.00,"4- Demerara- Mahaica",,"Bel Air St. & James St.",,"-58.1622","6.7988",,,2/24/2006 0:00:00,12/30/1899 14:15:00,"B- Serious Injury","F- Driver",32.00,"Male","L- Lorries Van;V-Motor Cycle","S- Driver's Negligence",2.00
13873,40846.00,"4- Demerara- Mahaica",,"1st St. Alexander Valley & Cross St.",,"-58.1595","6.8090",,,2/24/2006 0:00:00,12/30/1899 14:15:00,"D- Property Damage","F- Driver",38.00,"Male","K- Private Cars;M- Hire Cars","S- Driver's Negligence",2.00
13874,40847.00,"4- Demerara- Mahaica",,"Mc Doom Public Rd.",,"-58.1701","6.7817",,,2/25/2006 0:00:00,12/30/1899 13:45:00,"D- Property Damage","F- Driver",67.00,"Male","K- Private Cars","S- Driver's Negligence",2.00
13875,40848.00,"4- Demerara- Mahaica",,"Ruimveldt Public Rd. & Mandela Ave.",,"-58.1573","6.7912",,,2/28/2006 0:00:00,12/30/1899 14:30:00,"D- Property Damage","F- Driver",34.00,"Male","K- Private Cars;L- Lorries Van","S- Driver's Negligence",2.00
13876,40849.00,"4- Demerara- Mahaica",,"Houston Access Rd.",,"-58.1698","6.7863",,,3/1/2006 0:00:00,12/30/1899 13:30:00,"D- Property Damage","F- Driver",63.00,"Male","K- Private Cars","S- Driver's Negligence",2.00
13877,40850.00,"4- Demerara- Mahaica",,"Houston Public Rd.",,"-58.1710","6.7830",,,3/2/2006 0:00:00,12/30/1899 12:00:00,"D- Property Damage","F- Driver",,"Male","J- Minibus","S- Driver's Negligence",2.00
13878,40851.00,"4- Demerara- Mahaica",,"Agricola Public Rd.",,"-58.1693","6.7824",,,3/3/2006 0:00:00,12/30/1899 9:30:00,"B- Serious Injury","F- Driver",,,"J- Minibus","S- Driver's Negligence",2.00
13879,40852.00,"4- Demerara- Mahaica",,"West Ruimveldt Front Rd.",,"-58.1648","6.7934",,,3/3/2006 0:00:00,12/30/1899 18:30:00,"C- Minor Injury","F- Driver",63.00,"Male","M- Hire Cars;V-Motor Cycle","S- Driver's Negligence",2.00
13880,40853.00,"4- Demerara- Mahaica",,"Flour Mill Road",,"-58.1894","6.7370",,,3/10/2006 0:00:00,12/30/1899 10:45:00,"D- Property Damage","F- Driver",,,"L- Lorries Van","S- Driver's Negligence",2.00
13881,40854.00,"4- Demerara- Mahaica",,"Charles St. & Broad St.",,"-58.1649","6.8023",,,3/9/2006 0:00:00,12/30/1899 11:15:00,"D- Property Damage","F- Driver",,,"K- Private Cars;Z-Animal- Drawn","S- Driver's Negligence",2.00
13882,40855.00,"4- Demerara- Mahaica",,"Mandela Ave.",,"-58.1601","6.7919",,,3/11/2006 0:00:00,12/30/1899 13:55:00,"D- Property Damage","F- Driver",35.00,"Male","L- Lorries Van","S- Driver's Negligence",2.00
13883,40856.00,"4- Demerara- Mahaica",,"Houston Access Rd.",,"-58.1698","6.7863",,,3/13/2006 0:00:00,12/30/1899 16:15:00,"D- Property Damage","F- Driver",42.00,"Male","N- Pickup","Q- Alcohol",1.00
13884,40857.00,"4- Demerara- Mahaica",,"Houston Public Rd.",,"-58.1710","6.7830",,,3/14/2006 0:00:00,12/30/1899 21:00:00,"D- Property Damage","F- Driver",,"Male","J- Minibus;L- Lorries Van","S- Driver's Negligence",2.00
13885,40858.00,"4- Demerara- Mahaica",,"Broad St. & Lombard St.",,"-58.1682","6.8032",,,3/15/2006 0:00:00,12/30/1899 20:00:00,"D- Property Damage","F- Driver",31.00,"Male","K- Private Cars;M- Hire Cars","S- Driver's Negligence",2.00
13886,40859.00,"4- Demerara- Mahaica",,"West Ruimveldt Front Rd.",,"-58.1648","6.7934",,,3/15/2006 0:00:00,12/30/1899 15:30:00,"B- Serious Injury","F- Driver",22.00,"Male","L- Lorries Van","S- Driver's Negligence",2.00
13887,40860.00,"4- Demerara- Mahaica",,"Mandela Ave.",,"-58.1601","6.7919",,,3/18/2006 0:00:00,12/30/1899 14:00:00,"B- Serious Injury","G- Rider",,"Male","L- Lorries Van;V-Motor Cycle","U- Cyclist's Negligence",2.00