"ID","Accident ID","Region Number","Corridor ID","Location (Intersection/Road/Street)","Corridor","Location- longitude/ X","Location- latitude/  Y","Mile Marker","Village","Date of Accident","Time of Accident","Type of Accident","Class of Road User","Age/DOB","Gender","Class of Vehicles Involved","Contributing Factor","Number of Persons Involved"
13888,40861.00,"4- Demerara- Mahaica",,"Houston Access Rd.",,"-58.1698","6.7863",,,3/18/2006 0:00:00,,"D- Property Damage","F- Driver",,"Male","K- Private Cars;M- Hire Cars","S- Driver's Negligence",2.00
13889,40862.00,"4- Demerara- Mahaica",,"Houston Access Rd.",,"-58.1698","6.7863",,,3/20/2006 0:00:00,12/30/1899 14:15:00,"D- Property Damage","F- Driver",,"Male","K- Private Cars;L- Lorries Van","S- Driver's Negligence",2.00
13890,40863.00,"4- Demerara- Mahaica",,"Houston Access Rd.",,"-58.1698","6.7863",,,3/22/2006 0:00:00,12/30/1899 14:45:00,"C- Minor Injury","F- Driver",45.00,"Male","K- Private Cars","S- Driver's Negligence",2.00
13891,40864.00,"4- Demerara- Mahaica",,"Water Lilly St.",,"-58.1639","6.7939",,,3/24/2006 0:00:00,12/30/1899 6:50:00,"D- Property Damage","G- Rider",27.00,"Male","M- Hire Cars;W-Pedal Cycle","U- Cyclist's Negligence",2.00
13892,40865.00,"4- Demerara- Mahaica",,"Hunter St. & Water Lilly St.",,"-58.1646","6.7941",,,3/27/2006 0:00:00,12/30/1899 12:20:00,"D- Property Damage","G- Rider",47.00,"Male","V-Motor Cycle","U- Cyclist's Negligence",2.00
13893,40866.00,"4- Demerara- Mahaica",,"Houston Public Rd.",,"-58.1710","6.7830",,,3/30/2006 0:00:00,12/30/1899 8:30:00,"C- Minor Injury","F- Driver",48.00,"Male","L- Lorries Van;V-Motor Cycle","S- Driver's Negligence",2.00
13894,40867.00,"4- Demerara- Mahaica",,"West Ruimveldt Front Rd.",,"-58.1648","6.7934",,,3/31/2006 0:00:00,12/30/1899 18:50:00,"D- Property Damage","F- Driver",22.00,"Male","J- Minibus;K- Private Cars","S- Driver's Negligence",2.00
13895,40868.00,"4- Demerara- Mahaica",,"West Ruimveldt Front Rd.",,"-58.1648","6.7934",,,3/30/2006 0:00:00,12/30/1899 22:55:00,"B- Serious Injury","G- Rider",,,"V-Motor Cycle;W-Pedal Cycle","U- Cyclist's Negligence",3.00
13896,40869.00,"4- Demerara- Mahaica",,"Mandela Ave.",,"-58.1601","6.7919",,,3/26/2006 0:00:00,12/30/1899 7:00:00,"D- Property Damage","F- Driver",,"Male","M- Hire Cars;N- Pickup","S- Driver's Negligence",2.00
13897,40870.00,"4- Demerara- Mahaica",,"Mandela Ave.",,"-58.1601","6.7919",,,3/30/2006 0:00:00,12/30/1899 20:50:00,"D- Property Damage","F- Driver",46.00,"Male","M- Hire Cars;Z-Animal- Drawn","S- Driver's Negligence",2.00
13898,40871.00,"4- Demerara- Mahaica",,"Agricola Public Rd.",,"-58.1693","6.7824",,,4/2/2006 0:00:00,12/30/1899 17:05:00,"C- Minor Injury","E- Pedestrian",53.00,"Female","K- Private Cars","T-Pedestrian's Negligence",2.00
13899,40872.00,"4- Demerara- Mahaica",,"West Ruimveldt Front Rd.",,"-58.1648","6.7934",,,3/31/2006 0:00:00,12/30/1899 7:45:00,"B- Serious Injury","F- Driver",,,"J- Minibus","S- Driver's Negligence",2.00
13900,40873.00,"4- Demerara- Mahaica",,"West Ruimveldt Front Rd.",,"-58.1648","6.7934",,,4/5/2006 0:00:00,12/30/1899 18:45:00,"B- Serious Injury","F- Driver",,,"K- Private Cars;W-Pedal Cycle","S- Driver's Negligence",2.00
13901,40874.00,"4- Demerara- Mahaica",,"Agricola Public Rd.",,"-58.1693","6.7824",,,4/10/2006 0:00:00,12/30/1899 19:15:00,"A- Fatal","F- Driver",30.00,"Male","M- Hire Cars;W-Pedal Cycle","P- Speeding",3.00
13902,40875.00,"4- Demerara- Mahaica",,"Playfield St. West Ruimveldt",,"-58.1631","6.7941",,,4/12/2006 0:00:00,12/30/1899 11:30:00,"D- Property Damage","F- Driver",31.00,"Male","J- Minibus","S- Driver's Negligence",2.00
13903,40876.00,"4- Demerara- Mahaica",,"West Ruimveldt Front Rd.",,"-58.1648","6.7934",,,4/10/2006 0:00:00,12/30/1899 13:30:00,"A- Fatal","G- Rider",21.00,"Male","V-Motor Cycle","O- Lost Control & Runoff",1.00
13904,40877.00,"4- Demerara- Mahaica",,"West Ruimveldt Front Rd.",,"-58.1648","6.7934",,,4/13/2006 0:00:00,12/30/1899 18:00:00,"B- Serious Injury","G- Rider",48.00,"Male","V-Motor Cycle;W-Pedal Cycle","U- Cyclist's Negligence",2.00
13905,40878.00,"4- Demerara- Mahaica",,"West Ruimveldt Front Rd.",,"-58.1648","6.7934",,,4/16/2006 0:00:00,12/30/1899 9:00:00,"D- Property Damage","F- Driver",53.00,"Male","J- Minibus","S- Driver's Negligence",2.00
13906,40879.00,"4- Demerara- Mahaica",,"Ruimveldt Public Rd.",,"-58.1545","6.7927",,,4/18/2006 0:00:00,12/30/1899 12:45:00,"C- Minor Injury","F- Driver",54.00,"Male","K- Private Cars;V-Motor Cycle","S- Driver's Negligence",2.00
13907,40880.00,"4- Demerara- Mahaica",,"Agricola Public Rd.",,"-58.1693","6.7824",,,4/23/2006 0:00:00,12/30/1899 17:00:00,"A- Fatal","G- Rider",18.00,"Male","J- Minibus;W-Pedal Cycle","U- Cyclist's Negligence",2.00
13908,40881.00,"4- Demerara- Mahaica",,"Mandela Ave.",,"-58.1601","6.7919",,,5/1/2006 0:00:00,12/30/1899 8:45:00,"D- Property Damage","F- Driver",32.00,"Male","L- Lorries Van","S- Driver's Negligence",2.00
13909,40882.00,"4- Demerara- Mahaica",,"Broad St.",,"-58.1645","6.8022",,,4/27/2006 0:00:00,12/30/1899 14:45:00,"D- Property Damage","F- Driver",58.00,"Male","K- Private Cars;L- Lorries Van","S- Driver's Negligence",2.00
13910,40883.00,"4- Demerara- Mahaica",,"Broad St.",,"-58.1645","6.8022",,,5/2/2006 0:00:00,,"D- Property Damage","F- Driver",38.00,"Male","K- Private Cars;N- Pickup","S- Driver's Negligence",2.00
13911,40884.00,"4- Demerara- Mahaica",,"Mc Doom Public Rd.",,"-58.1701","6.7817",,,5/11/2006 0:00:00,12/30/1899 22:30:00,"D- Property Damage","E- Pedestrian",,"Male","J- Minibus;K- Private Cars","S- Driver's Negligence",3.00
13912,40885.00,"4- Demerara- Mahaica",,"Ruimveldt Public Rd.",,"-58.1545","6.7927",,,5/19/2006 0:00:00,12/30/1899 11:20:00,"D- Property Damage","F- Driver",68.00,"Male","L- Lorries Van;M- Hire Cars","S- Driver's Negligence",2.00
13913,40886.00,"4- Demerara- Mahaica",,"Lombard St.",,"-58.1675","6.8071",,,5/26/2006 0:00:00,12/30/1899 2:40:00,"D- Property Damage","F- Driver",,"Male","K- Private Cars","O- Lost Control & Runoff",1.00
13914,40887.00,"4- Demerara- Mahaica",,"West Ruimveldt Front Rd.",,"-58.1648","6.7934",,,5/29/2006 0:00:00,12/30/1899 23:30:00,"B- Serious Injury","F- Driver",,"Male","K- Private Cars","S- Driver's Negligence",2.00
13915,40888.00,"4- Demerara- Mahaica",,"Agricola Public Rd.",,"-58.1693","6.7824",,,4/28/2006 0:00:00,,"D- Property Damage","G- Rider",53.00,"Male","J- Minibus;W-Pedal Cycle","U- Cyclist's Negligence",2.00
13916,40889.00,"4- Demerara- Mahaica",,"Mandela Ave.",,"-58.1601","6.7919",,,5/31/2006 0:00:00,12/30/1899 21:30:00,"D- Property Damage","F- Driver",31.00,"Male","K- Private Cars;L- Lorries Van;M- Hire Cars","S- Driver's Negligence",3.00
13917,40890.00,"4- Demerara- Mahaica",,"Agricola Public Rd.",,"-58.1693","6.7824",,,6/3/2006 0:00:00,12/30/1899 10:30:00,"D- Property Damage","F- Driver",,,"N- Pickup","S- Driver's Negligence",2.00
13918,40891.00,"4- Demerara- Mahaica",,"Mc Doom Public Rd.",,"-58.1701","6.7817",,,6/3/2006 0:00:00,12/30/1899 21:15:00,"A- Fatal","F- Driver",52.00,"Female","K- Private Cars","P- Speeding",2.00
13919,40892.00,"4- Demerara- Mahaica",,"Agricola Public Rd.",,"-58.1693","6.7824",,,6/5/2006 0:00:00,12/30/1899 8:50:00,"A- Fatal","F- Driver",,"Male","L- Lorries Van;W-Pedal Cycle","S- Driver's Negligence",2.00
13920,40893.00,"4- Demerara- Mahaica",,"La Penitence Public Rd.",,"-58.1492","6.7934",,,6/10/2006 0:00:00,12/30/1899 12:10:00,"D- Property Damage","F- Driver",40.00,"Male","K- Private Cars;L- Lorries Van","S- Driver's Negligence",2.00
13921,40894.00,"4- Demerara- Mahaica",,"Houston Public Rd.",,"-58.1710","6.7830",,,6/8/2006 0:00:00,12/30/1899 14:40:00,"B- Serious Injury","F- Driver",25.00,"Female","N- Pickup","S- Driver's Negligence",2.00
13922,40895.00,"4- Demerara- Mahaica",,"Agricola Public Rd.",,"-58.1693","6.7824",,,6/13/2006 0:00:00,12/30/1899 16:00:00,"D- Property Damage","F- Driver",29.00,"Male","J- Minibus","S- Driver's Negligence",2.00
13923,40896.00,"4- Demerara- Mahaica",,"Mc Doom Public Rd.",,"-58.1701","6.7817",,,6/23/2006 0:00:00,12/30/1899 19:05:00,"C- Minor Injury","G- Rider",,"Male","V-Motor Cycle;W-Pedal Cycle","U- Cyclist's Negligence",2.00
13924,40897.00,"4- Demerara- Mahaica",,"Houston Public Rd.",,"-58.1710","6.7830",,,6/19/2006 0:00:00,12/30/1899 3:30:00,"C- Minor Injury","F- Driver",19.00,"Male","N- Pickup","S- Driver's Negligence",2.00
13925,40898.00,"4- Demerara- Mahaica",,"Mc Doom Public Rd.",,"-58.1701","6.7817",,,6/27/2006 0:00:00,12/30/1899 20:30:00,"B- Serious Injury","F- Driver",56.00,"Male","N- Pickup","P- Speeding",1.00
13926,40899.00,"4- Demerara- Mahaica",,"Ketley St.",,"-58.1662","6.8021",,,6/22/2006 0:00:00,12/30/1899 8:30:00,"D- Property Damage","F- Driver",36.00,"Male","K- Private Cars","O- Lost Control & Runoff",1.00
13927,40900.00,"4- Demerara- Mahaica",,"Houston Public Rd.",,"-58.1710","6.7830",,,1/26/2007 0:00:00,12/30/1899 16:20:00,"A- Fatal","F- Driver",35.00,"Male","N- Pickup;W-Pedal Cycle","S- Driver's Negligence",2.00
13928,40901.00,"4- Demerara- Mahaica",,"Independence Ave.",,"-58.1677","6.8004",,,1/27/2007 0:00:00,12/30/1899 10:30:00,"D- Property Damage","F- Driver",53.00,"Male","K- Private Cars;L- Lorries Van","S- Driver's Negligence",2.00
13929,40902.00,"4- Demerara- Mahaica",,"Agricola Public Rd.",,"-58.1693","6.7824",,,1/29/2007 0:00:00,12/30/1899 18:30:00,"D- Property Damage","F- Driver",50.00,"Female","K- Private Cars;V-Motor Cycle","S- Driver's Negligence",2.00
13930,40903.00,"4- Demerara- Mahaica",,"Agricola Public Rd.",,"-58.1693","6.7824",,,1/31/2007 0:00:00,12/30/1899 12:45:00,"D- Property Damage","F- Driver",32.00,"Male","J- Minibus;K- Private Cars;M- Hire Cars","S- Driver's Negligence",3.00
13931,40904.00,"4- Demerara- Mahaica",,"Cemetary Road",,"-58.1524","6.7963",,,2/4/2007 0:00:00,12/30/1899 14:50:00,"D- Property Damage","F- Driver",30.00,"Male","M- Hire Cars;Z-Animal- Drawn","S- Driver's Negligence",2.00
13932,40905.00,"4- Demerara- Mahaica",,"Ruimveldt Public Rd.",,"-58.1545","6.7927",,,2/12/2007 0:00:00,12/30/1899 8:15:00,"D- Property Damage","F- Driver",34.00,"Female","J- Minibus;K- Private Cars","S- Driver's Negligence",2.00
13933,40906.00,"4- Demerara- Mahaica",,"Mandela Ave.",,"-58.1601","6.7919",,,2/2/2007 0:00:00,12/30/1899 10:00:00,"D- Property Damage","F- Driver",39.00,"Male","L- Lorries Van;N- Pickup","S- Driver's Negligence",2.00
13934,40907.00,"4- Demerara- Mahaica",,"Princess St. & High St.",,"-58.1671","6.8048",,,2/13/2007 0:00:00,12/30/1899 13:55:00,"D- Property Damage","F- Driver",49.00,"Male","K- Private Cars","S- Driver's Negligence",2.00
13935,40908.00,"4- Demerara- Mahaica",,"Broad St.",,"-58.1645","6.8022",,,2/15/2007 0:00:00,12/30/1899 10:45:00,"D- Property Damage","F- Driver",59.00,"Male","J- Minibus;L- Lorries Van","S- Driver's Negligence",2.00
13936,40909.00,"4- Demerara- Mahaica",,"Broad St.",,"-58.1645","6.8022",,,2/14/2007 0:00:00,12/30/1899 17:30:00,"D- Property Damage","F- Driver",39.00,"Male","K- Private Cars;M- Hire Cars","S- Driver's Negligence",2.00
13937,40910.00,"4- Demerara- Mahaica",,"Broad St. & Smyth St.",,"-58.1649","6.8023",,,2/24/2007 0:00:00,12/30/1899 16:30:00,"D- Property Damage","F- Driver",23.00,"Male","J- Minibus;K- Private Cars","S- Driver's Negligence",2.00
13938,40911.00,"4- Demerara- Mahaica",,"Lying St. & Broad St.",,"-58.1638","6.8020",,,2/22/2007 0:00:00,12/30/1899 13:20:00,"D- Property Damage","F- Driver",47.00,"Male","J- Minibus;M- Hire Cars","S- Driver's Negligence",2.00
13939,40912.00,"4- Demerara- Mahaica",,"Houston Access Rd.",,"-58.1698","6.7863",,,2/27/2007 0:00:00,12/30/1899 21:30:00,"D- Property Damage","F- Driver",61.00,"Male","N- Pickup","S- Driver's Negligence",2.00
13940,40913.00,"4- Demerara- Mahaica",,"Brutus St.",,"-58.1680","6.7770",,,2/21/2007 0:00:00,12/30/1899 20:45:00,"C- Minor Injury","F- Driver",,"Male","K- Private Cars;W-Pedal Cycle","S- Driver's Negligence",2.00
13941,40914.00,"4- Demerara- Mahaica",,"High St.",,"-58.1669","6.8063",,,2/28/2007 0:00:00,12/30/1899 11:30:00,"D- Property Damage","F- Driver",28.00,"Male","J- Minibus;N- Pickup","S- Driver's Negligence",2.00
13942,40915.00,"4- Demerara- Mahaica",,"Agricola Public Rd.",,"-58.1693","6.7824",,,3/5/2007 0:00:00,12/30/1899 20:15:00,"B- Serious Injury","E- Pedestrian",42.00,"Male","J- Minibus","T-Pedestrian's Negligence",2.00
13943,40916.00,"4- Demerara- Mahaica",,"Mc Doom Public Rd.",,"-58.1701","6.7817",,,3/27/2007 0:00:00,12/30/1899 7:00:00,"D- Property Damage","F- Driver",59.00,"Male","J- Minibus;K- Private Cars","S- Driver's Negligence",2.00
13944,40917.00,"4- Demerara- Mahaica",,"Broad St. & Link St.",,"-58.1638","6.8020",,,3/6/2007 0:00:00,12/30/1899 18:30:00,"C- Minor Injury","G- Rider",21.00,"Male","K- Private Cars;V-Motor Cycle","U- Cyclist's Negligence",2.00
13945,40918.00,"4- Demerara- Mahaica",,"La Penitence Public Rd. & Independence Boulevard",,"-58.1647","6.7987",,,3/6/2007 0:00:00,12/30/1899 15:30:00,"D- Property Damage","G- Rider",52.00,"Male","K- Private Cars;W-Pedal Cycle","U- Cyclist's Negligence",2.00
13946,40919.00,"4- Demerara- Mahaica",,"James St.",,"-58.1618","6.7988",,,3/9/2007 0:00:00,12/30/1899 8:15:00,"B- Serious Injury","F- Driver",37.00,"Male","J- Minibus","S- Driver's Negligence",2.00
13947,40920.00,"4- Demerara- Mahaica",,"James St. & Barr St.",,"-58.1643","6.7994",,,3/9/2007 0:00:00,12/30/1899 12:45:00,"D- Property Damage","F- Driver",54.00,"Male","J- Minibus;K- Private Cars","S- Driver's Negligence",2.00
13948,40921.00,"4- Demerara- Mahaica",,"Houston Access Rd. & Hunter St.",,"-58.1642","6.7957",,,3/8/2007 0:00:00,12/30/1899 16:45:00,"D- Property Damage","G- Rider",34.00,"Male","N- Pickup;V-Motor Cycle","U- Cyclist's Negligence",2.00
13949,40922.00,"4- Demerara- Mahaica",,"Meadow Bank Public Rd.",,"-58.1700","6.7898",,,3/20/2007 0:00:00,12/30/1899 18:15:00,"B- Serious Injury","F- Driver",30.00,"Male","K- Private Cars;W-Pedal Cycle","S- Driver's Negligence",2.00
13950,40923.00,"4- Demerara- Mahaica",,"Princess St.",,"-58.1662","6.8045",,,3/13/2007 0:00:00,12/30/1899 7:05:00,"D- Property Damage","F- Driver",36.00,"Male","K- Private Cars;N- Pickup","S- Driver's Negligence",2.00
13951,40924.00,"4- Demerara- Mahaica",,"Ruimveldt Public Rd.",,"-58.1545","6.7927",,,3/22/2007 0:00:00,12/30/1899 16:15:00,"B- Serious Injury","F- Driver",26.00,"Male","N- Pickup","S- Driver's Negligence",2.00
13952,40925.00,"4- Demerara- Mahaica",,"Meadow Bank Public Rd.",,"-58.1700","6.7898",,,3/21/2007 0:00:00,12/30/1899 16:40:00,"D- Property Damage","F- Driver",24.00,"Male","K- Private Cars","S- Driver's Negligence",2.00
13953,40926.00,"4- Demerara- Mahaica",,"Houston Public Rd.",,"-58.1710","6.7830",,,4/3/2007 0:00:00,12/30/1899 10:00:00,"B- Serious Injury","E- Pedestrian",23.00,"Male","J- Minibus","T-Pedestrian's Negligence",2.00
13954,40927.00,"4- Demerara- Mahaica",,"Saffon St.",,"-58.1680","6.8003",,,3/30/2007 0:00:00,12/30/1899 19:30:00,"D- Property Damage","F- Driver",35.00,"Male","J- Minibus;K- Private Cars","S- Driver's Negligence",2.00
13955,40928.00,"4- Demerara- Mahaica",,"Middle St.",,"-58.1596","6.8155",,,4/6/2007 0:00:00,12/30/1899 17:30:00,"D- Property Damage","F- Driver",32.00,"Male","M- Hire Cars","S- Driver's Negligence",2.00
13956,40929.00,"4- Demerara- Mahaica",,"Mandela Ave.",,"-58.1601","6.7919",,,4/7/2007 0:00:00,12/30/1899 21:00:00,"D- Property Damage","F- Driver",26.00,"Male","K- Private Cars;Z-Animal- Drawn","S- Driver's Negligence",2.00
13957,40930.00,"4- Demerara- Mahaica",,"Ruimveldt Public Rd.",,"-58.1545","6.7927",,,4/7/2007 0:00:00,12/30/1899 19:30:00,"B- Serious Injury","F- Driver",51.00,"Male","J- Minibus","S- Driver's Negligence",2.00
13958,40931.00,"4- Demerara- Mahaica",,"Ruimveldt Public Rd.",,"-58.1545","6.7927",,,4/13/2007 0:00:00,12/30/1899 7:30:00,"D- Property Damage","F- Driver",41.00,"Male","J- Minibus;V-Motor Cycle","S- Driver's Negligence",2.00
13959,40932.00,"4- Demerara- Mahaica",,"Mc Doom Public Rd.",,"-58.1701","6.7817",,,4/16/2007 0:00:00,12/30/1899 17:20:00,"D- Property Damage","F- Driver",34.00,"Male","K- Private Cars;M- Hire Cars","S- Driver's Negligence",2.00
13960,40933.00,"4- Demerara- Mahaica",,"Broad St. & Charles St.",,"-58.1649","6.8023",,,4/20/2007 0:00:00,12/30/1899 8:00:00,"D- Property Damage","F- Driver",24.00,"Male","M- Hire Cars","S- Driver's Negligence",2.00
13961,40934.00,"4- Demerara- Mahaica",,"James St. & Barr St.",,"-58.1643","6.7994",,,4/27/2007 0:00:00,12/30/1899 16:30:00,"D- Property Damage","G- Rider",17.00,"Male","K- Private Cars;V-Motor Cycle","U- Cyclist's Negligence",2.00
13962,40935.00,"4- Demerara- Mahaica",,"Broad St. & Charles St.",,"-58.1649","6.8023",,,4/28/2007 0:00:00,12/30/1899 10:30:00,"B- Serious Injury","G- Rider",32.00,"Male","L- Lorries Van;V-Motor Cycle","U- Cyclist's Negligence",2.00
13963,40936.00,"4- Demerara- Mahaica",,"Houston Public Rd.",,"-58.1710","6.7830",,,5/3/2007 0:00:00,12/30/1899 10:45:00,"C- Minor Injury","G- Rider",40.00,"Male","J- Minibus;W-Pedal Cycle","U- Cyclist's Negligence",2.00
13964,40937.00,"4- Demerara- Mahaica",,"Broad St. & Lombard St.",,"-58.1682","6.8032",,,5/6/2007 0:00:00,12/30/1899 1:30:00,"D- Property Damage","F- Driver",49.00,"Male","K- Private Cars;N- Pickup","S- Driver's Negligence",2.00
13965,40938.00,"4- Demerara- Mahaica",,"Houston Access Rd.",,"-58.1698","6.7863",,,5/6/2007 0:00:00,,"D- Property Damage","F- Driver",48.00,"Male","M- Hire Cars","S- Driver's Negligence",2.00
13966,40939.00,"4- Demerara- Mahaica",,"Agricola Public Rd.",,"-58.1693","6.7824",,,5/7/2007 0:00:00,12/30/1899 10:45:00,"B- Serious Injury","F- Driver",,"Male","J- Minibus;K- Private Cars","S- Driver's Negligence",2.00
13967,40940.00,"4- Demerara- Mahaica",,"Houston Public Rd.",,"-58.1710","6.7830",,,5/8/2007 0:00:00,12/30/1899 23:30:00,"D- Property Damage","F- Driver",47.00,"Male","K- Private Cars;N- Pickup","S- Driver's Negligence",2.00
13968,40941.00,"4- Demerara- Mahaica",,"Mc Doom Public Rd.",,"-58.1701","6.7817",,,5/9/2007 0:00:00,12/30/1899 8:05:00,"D- Property Damage","F- Driver",31.00,"Male","J- Minibus;K- Private Cars","S- Driver's Negligence",3.00
13969,40942.00,"4- Demerara- Mahaica",,"Houston Public Rd.",,"-58.1710","6.7830",,,5/10/2007 0:00:00,12/30/1899 8:10:00,"D- Property Damage","F- Driver",23.00,"Male","K- Private Cars","S- Driver's Negligence",2.00
13970,40943.00,"4- Demerara- Mahaica",,"Agricola Public Rd.",,"-58.1693","6.7824",,,5/11/2007 0:00:00,12/30/1899 9:20:00,"D- Property Damage","F- Driver",30.00,"Male","J- Minibus;N- Pickup","S- Driver's Negligence",2.00
13971,40944.00,"4- Demerara- Mahaica",,"Agricola Public Rd.",,"-58.1693","6.7824",,,5/13/2007 0:00:00,12/30/1899 19:15:00,"C- Minor Injury","F- Driver",22.00,"Male","K- Private Cars;V-Motor Cycle","S- Driver's Negligence",2.00
13972,40945.00,"4- Demerara- Mahaica",,"Houston Public Rd.",,"-58.1710","6.7830",,,5/15/2007 0:00:00,12/30/1899 8:45:00,"C- Minor Injury","F- Driver",47.00,"Male","J- Minibus;K- Private Cars","S- Driver's Negligence",2.00
13973,40946.00,"4- Demerara- Mahaica",,"Ruimveldt Public Rd.",,"-58.1545","6.7927",,,5/20/2007 0:00:00,12/30/1899 0:10:00,"D- Property Damage","F- Driver",33.00,"Male","K- Private Cars","S- Driver's Negligence",2.00
13974,40947.00,"4- Demerara- Mahaica",,"Agricola Public Rd.",,"-58.1693","6.7824",,,5/21/2007 0:00:00,12/30/1899 17:30:00,"D- Property Damage","F- Driver",31.00,"Female","K- Private Cars;M- Hire Cars","S- Driver's Negligence",2.00
13975,40948.00,"4- Demerara- Mahaica",,"Broad St. & Link St.",,"-58.1638","6.8020",,,5/22/2007 0:00:00,12/30/1899 16:30:00,"D- Property Damage","F- Driver",,"Male","J- Minibus;M- Hire Cars","S- Driver's Negligence",2.00
13976,40949.00,"4- Demerara- Mahaica",,"Mandela Ave.",,"-58.1601","6.7919",,,5/22/2007 0:00:00,12/30/1899 5:30:00,"C- Minor Injury","F- Driver",42.00,"Male","J- Minibus","S- Driver's Negligence",2.00
13977,40950.00,"4- Demerara- Mahaica",,"Mc Doom Public Rd.",,"-58.1701","6.7817",,,5/28/2007 0:00:00,12/30/1899 12:40:00,"D- Property Damage","G- Rider",39.00,"Male","K- Private Cars;V-Motor Cycle","S- Driver's Negligence",2.00
13978,40951.00,"4- Demerara- Mahaica",,"Houston Public Rd.",,"-58.1710","6.7830",,,5/28/2007 0:00:00,12/30/1899 11:45:00,"D- Property Damage","F- Driver",31.00,"Male","L- Lorries Van;N- Pickup","S- Driver's Negligence",2.00
13979,40952.00,"4- Demerara- Mahaica",,"Agricola Public Rd.",,"-58.1693","6.7824",,,5/29/2007 0:00:00,12/30/1899 17:30:00,"C- Minor Injury","F- Driver",59.00,"Male","J- Minibus;V-Motor Cycle","S- Driver's Negligence",2.00
13980,40953.00,"4- Demerara- Mahaica",,"Houston Public Rd.",,"-58.1710","6.7830",,,5/31/2007 0:00:00,12/30/1899 18:30:00,"C- Minor Injury","F- Driver",84.00,"Male","K- Private Cars;M- Hire Cars","S- Driver's Negligence",2.00
13981,40954.00,"4- Demerara- Mahaica",,"Cemetary Road",,"-58.1524","6.7963",,,6/1/2007 0:00:00,,"D- Property Damage","F- Driver",27.00,"Male","K- Private Cars;M- Hire Cars","S- Driver's Negligence",4.00
13982,40955.00,"4- Demerara- Mahaica",,"Mandela Ave. & Ruimveldt Public Rd.",,"-58.1573","6.7912",,,6/1/2007 0:00:00,12/30/1899 15:15:00,"D- Property Damage","F- Driver",,"Male","J- Minibus;L- Lorries Van","S- Driver's Negligence",2.00
13983,40956.00,"4- Demerara- Mahaica",,"Broad St. & Link St.",,"-58.1638","6.8020",,,6/1/2007 0:00:00,,"D- Property Damage","F- Driver",49.00,"Male","K- Private Cars;M- Hire Cars","S- Driver's Negligence",2.00
13984,40957.00,"4- Demerara- Mahaica",,"West Ruimveldt Front Rd.",,"-58.1648","6.7934",,,6/7/2007 0:00:00,12/30/1899 8:30:00,"D- Property Damage","F- Driver",58.00,"Male","J- Minibus;M- Hire Cars","S- Driver's Negligence",2.00
13985,40958.00,"4- Demerara- Mahaica",,"West Ruimveldt Front Rd.",,"-58.1648","6.7934",,,6/4/2007 0:00:00,12/30/1899 11:50:00,"D- Property Damage","F- Driver",,,"M- Hire Cars;V-Motor Cycle","S- Driver's Negligence",2.00
13986,40959.00,"4- Demerara- Mahaica",,"Charles St.",,"-58.1648","6.8029",,,6/7/2007 0:00:00,12/30/1899 12:15:00,"B- Serious Injury","E- Pedestrian",6.00,"Male","M- Hire Cars","T-Pedestrian's Negligence",2.00
13987,40960.00,"4- Demerara- Mahaica",,"Adelaide St.",,"-58.1637","6.8050",,,6/13/2007 0:00:00,12/30/1899 11:30:00,"D- Property Damage","F- Driver",53.00,"Male","J- Minibus;N- Pickup","S- Driver's Negligence",2.00
13988,40961.00,"4- Demerara- Mahaica",,"Mandela Ave. & Houston Access Rd.",,"-58.1685","6.7871",,,6/13/2007 0:00:00,12/30/1899 16:35:00,"D- Property Damage","G- Rider",23.00,"Male","K- Private Cars;V-Motor Cycle","U- Cyclist's Negligence",2.00
13989,40962.00,"4- Demerara- Mahaica",,"Houston Public Rd.",,"-58.1710","6.7830",,,6/14/2007 0:00:00,12/30/1899 16:00:00,"D- Property Damage","F- Driver",,"Male","J- Minibus;N- Pickup","S- Driver's Negligence",2.00
13990,40963.00,"4- Demerara- Mahaica",,"Mandela Ave.",,"-58.1601","6.7919",,,6/15/2007 0:00:00,12/30/1899 10:00:00,"D- Property Damage","F- Driver",31.00,"Male","J- Minibus;L- Lorries Van","S- Driver's Negligence",3.00
13991,40964.00,"4- Demerara- Mahaica",,"Mandela Ave.",,"-58.1601","6.7919",,,6/18/2007 0:00:00,12/30/1899 14:20:00,"C- Minor Injury","G- Rider",57.00,"Male","J- Minibus;W-Pedal Cycle","O- Lost Control & Runoff;U- Cyclist's Negligence",2.00
13992,40965.00,"4- Demerara- Mahaica",,"Mc Doom Public Rd.",,"-58.1701","6.7817",,,6/17/2007 0:00:00,12/30/1899 11:30:00,"D- Property Damage","F- Driver",48.00,"Male","K- Private Cars;N- Pickup","S- Driver's Negligence",3.00
13993,40966.00,"4- Demerara- Mahaica",,"La Penitence Public Rd.",,"-58.1492","6.7934",,,6/18/2007 0:00:00,12/30/1899 13:15:00,"C- Minor Injury","G- Rider",23.00,"Male","L- Lorries Van;V-Motor Cycle","U- Cyclist's Negligence",2.00
13994,40967.00,"4- Demerara- Mahaica",,"Agricola Public Rd.",,"-58.1693","6.7824",,,6/20/2007 0:00:00,12/30/1899 8:15:00,"D- Property Damage","F- Driver",31.00,"Female","J- Minibus;K- Private Cars","S- Driver's Negligence",2.00
13995,40968.00,"4- Demerara- Mahaica",,"James St. & Barr St.",,"-58.1643","6.7994",,,6/20/2007 0:00:00,12/30/1899 11:05:00,"D- Property Damage","F- Driver",32.00,"Male","K- Private Cars;V-Motor Cycle","S- Driver's Negligence",2.00
13996,40969.00,"4- Demerara- Mahaica",,"Water Lilly St.",,"-58.1639","6.7939",,,6/20/2007 0:00:00,12/30/1899 17:00:00,"D- Property Damage","F- Driver",32.00,"Male","J- Minibus","S- Driver's Negligence",2.00
13997,40970.00,"4- Demerara- Mahaica",,"Houston Public Rd.",,"-58.1710","6.7830",,,6/21/2007 0:00:00,12/30/1899 8:00:00,"D- Property Damage","F- Driver",38.00,"Male","J- Minibus;M- Hire Cars","S- Driver's Negligence",2.00
13998,40971.00,"4- Demerara- Mahaica",,"Mc Doom Public Rd.",,"-58.1701","6.7817",,,6/21/2007 0:00:00,12/30/1899 12:00:00,"D- Property Damage","F- Driver",39.00,"Male","K- Private Cars","S- Driver's Negligence",2.00