"ID","Accident ID","Region Number","Corridor ID","Location (Intersection/Road/Street)","Corridor","Location- longitude/ X","Location- latitude/  Y","Mile Marker","Village","Date of Accident","Time of Accident","Type of Accident","Class of Road User","Age/DOB","Gender","Class of Vehicles Involved","Contributing Factor","Number of Persons Involved"
13999,40972.00,"4- Demerara- Mahaica",,"Saffon St.",,"-58.1680","6.8003",,,6/18/2007 0:00:00,12/30/1899 7:40:00,"C- Minor Injury","G- Rider",10.00,"Male","M- Hire Cars;W-Pedal Cycle","U- Cyclist's Negligence",2.00
14000,40973.00,"4- Demerara- Mahaica",,"Eccles Public Rd.",,"-58.1706","6.7802",,,6/22/2007 0:00:00,12/30/1899 8:00:00,"D- Property Damage","F- Driver",55.00,"Female","K- Private Cars;M- Hire Cars","S- Driver's Negligence",2.00
14001,40974.00,"4- Demerara- Mahaica",,"James St.",,"-58.1618","6.7988",,,6/23/2007 0:00:00,12/30/1899 9:50:00,"C- Minor Injury","G- Rider",,,"V-Motor Cycle","U- Cyclist's Negligence",2.00
14002,40975.00,"4- Demerara- Mahaica",,"Agricola Public Rd.",,"-58.1693","6.7824",,,6/28/2007 0:00:00,12/30/1899 8:10:00,"C- Minor Injury","F- Driver",38.00,"Male","J- Minibus;K- Private Cars","S- Driver's Negligence",2.00
14003,40976.00,"4- Demerara- Mahaica",,"Broad St. & Charles St.",,"-58.1649","6.8023",,,9/27/2007 0:00:00,12/30/1899 12:45:00,"C- Minor Injury","F- Driver",23.00,"Male","L- Lorries Van;W-Pedal Cycle","S- Driver's Negligence",2.00
14004,40977.00,"4- Demerara- Mahaica",,"Ruimveldt Public Rd. & Mandela Ave.",,"-58.1573","6.7912",,,9/26/2007 0:00:00,12/30/1899 16:00:00,"D- Property Damage","F- Driver",39.00,"Male","J- Minibus;K- Private Cars","S- Driver's Negligence",2.00
14005,40978.00,"4- Demerara- Mahaica",,"Houston Public Rd.",,"-58.1710","6.7830",,,9/29/2007 0:00:00,12/30/1899 18:50:00,"D- Property Damage","F- Driver",43.00,"Male","L- Lorries Van;N- Pickup","S- Driver's Negligence",2.00
14006,40979.00,"4- Demerara- Mahaica",,"Middle Rd.",,"-58.1596","6.8155",,,10/2/2007 0:00:00,12/30/1899 9:30:00,"C- Minor Injury","F- Driver",44.00,"Male","K- Private Cars;M- Hire Cars","S- Driver's Negligence",2.00
14007,40980.00,"4- Demerara- Mahaica",,"Mandela Ave.",,"-58.1601","6.7919",,,10/1/2007 0:00:00,,"D- Property Damage","G- Rider",51.00,"Male","L- Lorries Van;V-Motor Cycle","U- Cyclist's Negligence",2.00
14008,40981.00,"4- Demerara- Mahaica",,"Hunter St.",,"-58.1638","6.7984",,,10/31/2007 0:00:00,12/30/1899 13:20:00,"D- Property Damage","F- Driver",38.00,"Male","M- Hire Cars;N- Pickup","S- Driver's Negligence",2.00
14009,40982.00,"4- Demerara- Mahaica",,"Houston Public Rd.",,"-58.1710","6.7830",,,10/5/2007 0:00:00,12/30/1899 8:31:00,"D- Property Damage","F- Driver",34.00,"Female","K- Private Cars;X-Tractor","S- Driver's Negligence",2.00
14010,40983.00,"4- Demerara- Mahaica",,"Douglas St. & Broad St.",,"-58.1617","6.8015",,,10/6/2007 0:00:00,12/30/1899 16:45:00,"C- Minor Injury","F- Driver",31.00,"Male","J- Minibus;K- Private Cars","S- Driver's Negligence",2.00
14011,40984.00,"4- Demerara- Mahaica",,"11th St. Alexander Village",,"-58.1593","6.8100",,,10/8/2007 0:00:00,12/30/1899 8:15:00,"D- Property Damage","F- Driver",58.00,"Male","L- Lorries Van","S- Driver's Negligence",2.00
14012,40985.00,"4- Demerara- Mahaica",,"La Penitence Public Rd.",,"-58.1492","6.7934",,,10/11/2007 0:00:00,12/30/1899 14:15:00,"D- Property Damage","F- Driver",49.00,"Male","N- Pickup","S- Driver's Negligence",2.00
14013,40986.00,"4- Demerara- Mahaica",,"Saffon St.",,"-58.1680","6.8003",,,10/8/2007 0:00:00,12/30/1899 23:00:00,"D- Property Damage","F- Driver",,"Male","M- Hire Cars","O- Lost Control & Runoff",1.00
14014,40987.00,"4- Demerara- Mahaica",,"West Ruimveldt Front Rd.",,"-58.1648","6.7934",,,10/16/2007 0:00:00,12/30/1899 9:30:00,"D- Property Damage","F- Driver",30.00,"Male","J- Minibus;L- Lorries Van","P- Speeding",2.00
14015,40988.00,"4- Demerara- Mahaica",,"Houston Public Rd.",,"-58.1710","6.7830",,,10/15/2007 0:00:00,,"D- Property Damage","F- Driver",,"Male","L- Lorries Van;M- Hire Cars","S- Driver's Negligence",2.00
14016,40989.00,"4- Demerara- Mahaica",,"Houston Public Rd.",,"-58.1710","6.7830",,,10/26/2007 0:00:00,12/30/1899 15:40:00,"C- Minor Injury","F- Driver",45.00,"Male","L- Lorries Van;M- Hire Cars","S- Driver's Negligence",2.00
14017,40990.00,"4- Demerara- Mahaica",,"La Penitence Public Rd.",,"-58.1492","6.7934",,,10/27/2007 0:00:00,12/30/1899 14:00:00,"C- Minor Injury","F- Driver",46.00,"Male","K- Private Cars","S- Driver's Negligence",2.00
14018,40991.00,"4- Demerara- Mahaica",,"Mandela Ave.",,"-58.1601","6.7919",,,10/31/2007 0:00:00,12/30/1899 8:00:00,"C- Minor Injury","G- Rider",26.00,"Male","K- Private Cars;V-Motor Cycle","U- Cyclist's Negligence",2.00
14019,40992.00,"4- Demerara- Mahaica",,"Agricola Public Rd.",,"-58.1693","6.7824",,,11/6/2007 0:00:00,,"D- Property Damage","F- Driver",42.00,,"N- Pickup","O- Lost Control & Runoff",1.00
14020,40993.00,"4- Demerara- Mahaica",,"Ruimveldt Public Rd.",,"-58.1545","6.7927",,,11/7/2009 0:00:00,12/30/1899 19:45:00,"B- Serious Injury","F- Driver",37.00,"Female","J- Minibus;W-Pedal Cycle","S- Driver's Negligence",2.00
14021,40994.00,"4- Demerara- Mahaica",,"Houston Public Rd.",,"-58.1710","6.7830",,,11/9/2007 0:00:00,12/30/1899 1:45:00,"A- Fatal","G- Rider",52.00,"Male","V-Motor Cycle","O- Lost Control & Runoff",1.00
14022,40995.00,"4- Demerara- Mahaica",,"Agricola Public Rd.",,"-58.1693","6.7824",,,11/15/2007 0:00:00,,"D- Property Damage","F- Driver",36.00,"Female","K- Private Cars;L- Lorries Van","S- Driver's Negligence",2.00
14023,40996.00,"4- Demerara- Mahaica",,"Mc Doom Public Rd.",,"-58.1701","6.7817",,,11/16/2007 0:00:00,12/30/1899 18:00:00,"D- Property Damage","F- Driver",52.00,"Male","J- Minibus;V-Motor Cycle","S- Driver's Negligence",2.00
14024,40997.00,"4- Demerara- Mahaica",,"Mc Doom Public Rd.",,"-58.1701","6.7817",,,11/19/2007 0:00:00,12/30/1899 11:10:00,"D- Property Damage","F- Driver",29.00,"Male","K- Private Cars;L- Lorries Van","S- Driver's Negligence",2.00
14025,40998.00,"4- Demerara- Mahaica",,"Houston Public Rd.",,"-58.1710","6.7830",,,11/20/2007 0:00:00,12/30/1899 11:00:00,"D- Property Damage","F- Driver",33.00,"Male","K- Private Cars;N- Pickup","S- Driver's Negligence",2.00
14026,40999.00,"4- Demerara- Mahaica",,"Mandela Ave.",,"-58.1601","6.7919",,,11/18/2007 0:00:00,12/30/1899 21:35:00,"B- Serious Injury","F- Driver",20.00,"Male","K- Private Cars;V-Motor Cycle","S- Driver's Negligence",2.00
14027,41000.00,"4- Demerara- Mahaica",,"Mandela Ave.",,"-58.1601","6.7919",,,11/20/2007 0:00:00,12/30/1899 10:45:00,"D- Property Damage","F- Driver",55.00,"Male","J- Minibus;L- Lorries Van","S- Driver's Negligence",2.00
14028,41001.00,"4- Demerara- Mahaica",,"Mc Doom Public Rd.",,"-58.1701","6.7817",,,11/20/2007 0:00:00,12/30/1899 10:30:00,"D- Property Damage","F- Driver",32.00,"Male","J- Minibus;K- Private Cars","S- Driver's Negligence",2.00
14029,41002.00,"4- Demerara- Mahaica",,"Agricola Public Rd.",,"-58.1693","6.7824",,,11/21/2007 0:00:00,12/30/1899 21:30:00,"B- Serious Injury","F- Driver",46.00,"Male","M- Hire Cars","S- Driver's Negligence",2.00
14030,41003.00,"4- Demerara- Mahaica",,"James St. & Hunter St.",,"-58.1636","6.7992",,,11/21/2007 0:00:00,12/30/1899 5:50:00,"B- Serious Injury","G- Rider",39.00,"Male","K- Private Cars;V-Motor Cycle","U- Cyclist's Negligence",2.00
14031,41004.00,"4- Demerara- Mahaica",,"Lynk Evans St.",,"-58.1466","6.8138",,,11/27/2007 0:00:00,,"C- Minor Injury","F- Driver",35.00,"Male","K- Private Cars","O- Lost Control & Runoff",1.00
14032,41005.00,"4- Demerara- Mahaica",,"Second Ave.",,"-58.1352","6.8241",,,11/29/2007 0:00:00,12/30/1899 15:00:00,"C- Minor Injury","G- Rider",23.00,"Male","V-Motor Cycle","U- Cyclist's Negligence",2.00
14033,41006.00,"4- Demerara- Mahaica",,"Mc Doom Public Rd.",,"-58.1701","6.7817",,,12/3/2007 0:00:00,12/30/1899 7:30:00,"D- Property Damage","F- Driver",60.00,"Male","K- Private Cars;L- Lorries Van","S- Driver's Negligence",2.00
14034,41007.00,"4- Demerara- Mahaica",,"Norton St. & Cemetary Rd.",,"-58.1477","6.8088",,,12/5/2007 0:00:00,12/30/1899 11:15:00,"C- Minor Injury","G- Rider",25.00,"Male","K- Private Cars;V-Motor Cycle","U- Cyclist's Negligence",2.00
14035,41008.00,"4- Demerara- Mahaica",,"Mc Doom Public Rd.",,"-58.1701","6.7817",,,12/5/2007 0:00:00,12/30/1899 19:30:00,"B- Serious Injury","F- Driver",28.00,"Female","K- Private Cars","O- Lost Control & Runoff",2.00
14036,41009.00,"4- Demerara- Mahaica",,"Mc Doom Public Rd.",,"-58.1701","6.7817",,,12/6/2007 0:00:00,12/30/1899 19:35:00,"B- Serious Injury","G- Rider",35.00,"Male","L- Lorries Van;V-Motor Cycle","U- Cyclist's Negligence",2.00
14037,41010.00,"4- Demerara- Mahaica",,"Houston Public Rd.",,"-58.1710","6.7830",,,12/9/2007 0:00:00,12/30/1899 20:50:00,"C- Minor Injury","G- Rider",33.00,"Female","K- Private Cars;V-Motor Cycle","U- Cyclist's Negligence",2.00
14038,41011.00,"4- Demerara- Mahaica",,"Houston Public Rd.",,"-58.1710","6.7830",,,12/12/2007 0:00:00,12/30/1899 10:55:00,"B- Serious Injury","G- Rider",35.00,"Male","M- Hire Cars;W-Pedal Cycle","U- Cyclist's Negligence",2.00
14039,41012.00,"4- Demerara- Mahaica",,"Ruimveldt Public Rd.",,"-58.1545","6.7927",,,12/13/2007 0:00:00,12/30/1899 7:20:00,"C- Minor Injury","F- Driver",38.00,"Male","N- Pickup;W-Pedal Cycle","S- Driver's Negligence",2.00
14040,41013.00,"4- Demerara- Mahaica",,"Agricola Public Rd.",,"-58.1693","6.7824",,,12/14/2007 0:00:00,12/30/1899 16:45:00,"B- Serious Injury","F- Driver",35.00,"Male","J- Minibus;K- Private Cars","S- Driver's Negligence",2.00
14041,41014.00,"4- Demerara- Mahaica",,"Agricola Public Rd.",,"-58.1693","6.7824",,,12/17/2007 0:00:00,12/30/1899 14:30:00,"B- Serious Injury","F- Driver",57.00,"Male","J- Minibus;W-Pedal Cycle","S- Driver's Negligence",2.00
14042,41015.00,"4- Demerara- Mahaica",,"Agricola Public Rd.",,"-58.1693","6.7824",,,12/20/2007 0:00:00,12/30/1899 13:15:00,"C- Minor Injury","F- Driver",24.00,"Male","M- Hire Cars;N- Pickup","S- Driver's Negligence",2.00
14043,41016.00,"4- Demerara- Mahaica",,"Ruimveldt Public Rd.",,"-58.1545","6.7927",,,12/21/2007 0:00:00,12/30/1899 5:50:00,"D- Property Damage","F- Driver",37.00,"Male","M- Hire Cars","S- Driver's Negligence",2.00
14044,41017.00,"4- Demerara- Mahaica",,"Princess St.",,"-58.1662","6.8045",,,12/21/2007 0:00:00,12/30/1899 11:50:00,"D- Property Damage","F- Driver",30.00,"Male","J- Minibus;M- Hire Cars","S- Driver's Negligence",2.00
14045,41018.00,"4- Demerara- Mahaica",,"Mandela Ave.",,"-58.1601","6.7919",,,12/21/2007 0:00:00,12/30/1899 21:00:00,"D- Property Damage","F- Driver",43.00,"Male","K- Private Cars;N- Pickup","S- Driver's Negligence",2.00
14046,41019.00,"4- Demerara- Mahaica",,"Broad St. & Russell St.",,"-58.1618","6.8015",,,12/21/2007 0:00:00,12/30/1899 21:00:00,"B- Serious Injury","F- Driver",56.00,"Male","M- Hire Cars;N- Pickup","S- Driver's Negligence",2.00
14047,41020.00,"4- Demerara- Mahaica",,"Houston Public Rd.",,"-58.1710","6.7830",,,12/22/2007 0:00:00,12/30/1899 2:00:00,"D- Property Damage","F- Driver",35.00,"Male","K- Private Cars;M- Hire Cars","S- Driver's Negligence",2.00
14048,41021.00,"4- Demerara- Mahaica",,"Agricola Public Rd.",,"-58.1693","6.7824",,,12/24/2007 0:00:00,12/30/1899 23:45:00,"D- Property Damage","F- Driver",26.00,"Male","J- Minibus;K- Private Cars","S- Driver's Negligence",2.00
14049,41022.00,"4- Demerara- Mahaica",,"Agricola Public Rd.",,"-58.1693","6.7824",,,12/26/2007 0:00:00,12/30/1899 16:00:00,"B- Serious Injury","F- Driver",34.00,"Male","K- Private Cars","S- Driver's Negligence",2.00
14050,41023.00,"4- Demerara- Mahaica",,"Agricola Public Rd.",,"-58.1693","6.7824",,,12/28/2007 0:00:00,12/30/1899 20:47:00,"D- Property Damage","F- Driver",52.00,"Male","K- Private Cars","S- Driver's Negligence",2.00
14051,41024.00,"4- Demerara- Mahaica",,"Houston Public Rd.",,"-58.1710","6.7830",,,12/28/2007 0:00:00,12/30/1899 22:30:00,"D- Property Damage","F- Driver",53.00,"Male","M- Hire Cars;N- Pickup","S- Driver's Negligence",2.00
14052,41025.00,"4- Demerara- Mahaica",,"Mc Doom Public Rd.",,"-58.1701","6.7817",,,12/29/2007 0:00:00,12/30/1899 11:15:00,"C- Minor Injury","F- Driver",71.00,"Male","K- Private Cars","S- Driver's Negligence",2.00
14053,41026.00,"4- Demerara- Mahaica",,"Agricola Public Rd.",,"-58.1693","6.7824",,,1/2/2008 0:00:00,12/30/1899 10:30:00,"D- Property Damage","F- Driver",36.00,"Male","J- Minibus;K- Private Cars","S- Driver's Negligence",2.00
14054,41027.00,"4- Demerara- Mahaica",,"Ebenezer Road",,"-58.1461","6.7926",,,1/3/2008 0:00:00,,"D- Property Damage","F- Driver",56.00,"Male","J- Minibus;K- Private Cars","S- Driver's Negligence",2.00
14055,41028.00,"4- Demerara- Mahaica",,"Hunter St.",,"-58.1638","6.7984",,,1/7/2008 0:00:00,12/30/1899 10:40:00,"D- Property Damage","F- Driver",30.00,"Male","J- Minibus;N- Pickup","S- Driver's Negligence",2.00
14056,41029.00,"4- Demerara- Mahaica",,"Mandela Ave.",,"-58.1601","6.7919",,,1/12/2008 0:00:00,12/30/1899 10:45:00,"D- Property Damage","F- Driver",50.00,"Male","K- Private Cars;M- Hire Cars","S- Driver's Negligence",2.00
14057,41030.00,"4- Demerara- Mahaica",,"Mandela Ave.",,"-58.1601","6.7919",,,1/11/2008 0:00:00,12/30/1899 10:30:00,"D- Property Damage","F- Driver",59.00,"Male","L- Lorries Van;N- Pickup","S- Driver's Negligence",2.00
14058,41031.00,"4- Demerara- Mahaica",,"Lynk Evans St.",,"-58.1466","6.8138",,,1/12/2008 0:00:00,12/30/1899 10:30:00,"D- Property Damage","F- Driver",56.00,"Male","N- Pickup;V-Motor Cycle","S- Driver's Negligence",2.00
14059,41032.00,"4- Demerara- Mahaica",,"Agricola Public Rd.",,"-58.1693","6.7824",,,1/18/2008 0:00:00,12/30/1899 12:15:00,"D- Property Damage","F- Driver",37.00,"Male","L- Lorries Van;M- Hire Cars","S- Driver's Negligence",2.00
14060,41033.00,"4- Demerara- Mahaica",,"Mandela Ave.",,"-58.1601","6.7919",,,1/24/2008 0:00:00,12/30/1899 17:45:00,"D- Property Damage","F- Driver",45.00,"Male","K- Private Cars;L- Lorries Van","S- Driver's Negligence",2.00
14061,41034.00,"4- Demerara- Mahaica",,"Houston Public Rd.",,"-58.1710","6.7830",,,1/25/2008 0:00:00,12/30/1899 19:30:00,"D- Property Damage","F- Driver",41.00,"Male","K- Private Cars","S- Driver's Negligence",2.00
14062,41035.00,"4- Demerara- Mahaica",,"Mandela Ave.",,"-58.1601","6.7919",,,1/26/2008 0:00:00,12/30/1899 18:30:00,"D- Property Damage","F- Driver",34.00,"Male","J- Minibus;M- Hire Cars","S- Driver's Negligence",2.00
14063,41036.00,"4- Demerara- Mahaica",,"Broad St.",,"-58.1645","6.8022",,,1/26/2008 0:00:00,12/30/1899 12:15:00,"D- Property Damage","F- Driver",29.00,"Male","L- Lorries Van;N- Pickup","S- Driver's Negligence",2.00
14064,41037.00,"4- Demerara- Mahaica",,"Broad St.",,"-58.1645","6.8022",,,1/29/2008 0:00:00,12/30/1899 6:30:00,"D- Property Damage","F- Driver",49.00,"Male","M- Hire Cars;N- Pickup","S- Driver's Negligence",2.00
14065,41038.00,"4- Demerara- Mahaica",,"Mandela Ave.",,"-58.1601","6.7919",,,1/31/2008 0:00:00,12/30/1899 14:30:00,"D- Property Damage","F- Driver",31.00,"Male","K- Private Cars;L- Lorries Van","S- Driver's Negligence",2.00
14066,41039.00,"4- Demerara- Mahaica",,"Mandela Ave.",,"-58.1601","6.7919",,,2/1/2008 0:00:00,12/30/1899 17:40:00,"A- Fatal","G- Rider",17.00,"Male","L- Lorries Van;V-Motor Cycle","S- Driver's Negligence",2.00
14067,41040.00,"4- Demerara- Mahaica",,"James St. & Independence St.",,"-58.1633","6.7991",,,2/12/2008 0:00:00,12/30/1899 15:30:00,"C- Minor Injury","G- Rider",18.00,"Male","K- Private Cars;V-Motor Cycle","U- Cyclist's Negligence",3.00
14068,41041.00,"4- Demerara- Mahaica",,"Charles St. & Broad St.",,"-58.1649","6.8023",,,2/14/2008 0:00:00,12/30/1899 9:20:00,"D- Property Damage","F- Driver",33.00,"Male","J- Minibus","S- Driver's Negligence",2.00
14069,41042.00,"4- Demerara- Mahaica",,"Hunter St.",,"-58.1638","6.7984",,,2/12/2008 0:00:00,12/30/1899 7:00:00,"B- Serious Injury","F- Driver",,,"K- Private Cars","S- Driver's Negligence",2.00
14070,41043.00,"4- Demerara- Mahaica",,"Agricola Public Rd.",,"-58.1693","6.7824",,,2/21/2008 0:00:00,12/30/1899 13:35:00,"D- Property Damage","F- Driver",23.00,"Female","J- Minibus;K- Private Cars","S- Driver's Negligence",2.00
14071,41044.00,"4- Demerara- Mahaica",,"Agricola Public Rd.",,"-58.1693","6.7824",,,2/20/2008 0:00:00,12/30/1899 10:00:00,"D- Property Damage","F- Driver",28.00,"Male","L- Lorries Van;N- Pickup","S- Driver's Negligence",2.00
14072,41045.00,"4- Demerara- Mahaica",,"Laing & Broad Street",,"-58.1654","6.8025",,,2/24/2008 0:00:00,12/30/1899 8:30:00,"D- Property Damage","G- Rider",74.00,"Male","K- Private Cars;V-Motor Cycle","U- Cyclist's Negligence",2.00
14073,41046.00,"4- Demerara- Mahaica",,"Mc Doom Public Rd.",,"-58.1701","6.7817",,,2/22/2008 0:00:00,12/30/1899 13:00:00,"C- Minor Injury","F- Driver",,"Female","L- Lorries Van","S- Driver's Negligence",2.00
14074,41047.00,"4- Demerara- Mahaica",,"Russell St. & Broad St.",,"-58.1618","6.8015",,,2/25/2008 0:00:00,12/30/1899 14:45:00,"B- Serious Injury","F- Driver",34.00,"Male","J- Minibus;K- Private Cars","S- Driver's Negligence",2.00
14075,41048.00,"4- Demerara- Mahaica",,"Princess St. & Lombard St.",,"-58.1678","6.8049",,,2/28/2008 0:00:00,12/30/1899 9:15:00,"D- Property Damage","F- Driver",58.00,"Male","K- Private Cars;N- Pickup","S- Driver's Negligence",2.00
14076,41049.00,"4- Demerara- Mahaica",,"High St. & Princess St.",,"-58.1671","6.8047",,,3/1/2008 0:00:00,12/30/1899 7:30:00,"C- Minor Injury","G- Rider",33.00,"Male","V-Motor Cycle","U- Cyclist's Negligence",2.00
14077,41050.00,"4- Demerara- Mahaica",,"Agricola Public Rd.",,"-58.1693","6.7824",,,3/3/2008 0:00:00,12/30/1899 7:30:00,"C- Minor Injury","G- Rider",62.00,"Male","J- Minibus;V-Motor Cycle","U- Cyclist's Negligence",2.00
14078,41051.00,"4- Demerara- Mahaica",,"Agricola Public Rd.",,"-58.1693","6.7824",,,3/8/2008 0:00:00,12/30/1899 17:45:00,"D- Property Damage","F- Driver",37.00,"Male","J- Minibus;K- Private Cars","S- Driver's Negligence",2.00
14079,41052.00,"4- Demerara- Mahaica",,"Mc Doom Public Rd.",,"-58.1701","6.7817",,,3/8/2008 0:00:00,12/30/1899 22:30:00,"C- Minor Injury","F- Driver",,,,"S- Driver's Negligence",2.00
14080,41053.00,"4- Demerara- Mahaica",,"James St. & Barr St.",,"-58.1643","6.7994",,,3/17/2008 0:00:00,12/30/1899 12:00:00,"C- Minor Injury","F- Driver",30.00,"Male","J- Minibus;K- Private Cars","S- Driver's Negligence",2.00
14081,41054.00,"4- Demerara- Mahaica",,"Independence Boulevard",,"-58.1647","6.7987",,,3/28/2008 0:00:00,12/30/1899 2:20:00,"D- Property Damage","F- Driver",47.00,"Male","J- Minibus","S- Driver's Negligence",2.00
14082,41055.00,"4- Demerara- Mahaica",,"Houston Public Rd.",,"-58.1710","6.7830",,,3/31/2008 0:00:00,12/30/1899 7:30:00,"B- Serious Injury","G- Rider",,,"V-Motor Cycle;W-Pedal Cycle","U- Cyclist's Negligence",2.00
14083,41056.00,"4- Demerara- Mahaica",,"High St. & Princess St.",,"-58.1671","6.8047",,,4/8/2008 0:00:00,12/30/1899 20:15:00,"B- Serious Injury","F- Driver",30.00,"Male","K- Private Cars","S- Driver's Negligence",2.00
14084,41057.00,"4- Demerara- Mahaica",,"Ruimveldt Public Rd.",,"-58.1545","6.7927",,,4/11/2008 0:00:00,12/30/1899 8:18:00,"C- Minor Injury","G- Rider",22.00,"Male","L- Lorries Van;V-Motor Cycle","U- Cyclist's Negligence",2.00
14085,41058.00,"4- Demerara- Mahaica",,"Houston Public Rd.",,"-58.1710","6.7830",,,4/11/2008 0:00:00,12/30/1899 16:00:00,"D- Property Damage","F- Driver",42.00,"Male","J- Minibus;L- Lorries Van","S- Driver's Negligence",2.00
14086,41059.00,"4- Demerara- Mahaica",,"Meadow Bank Public Rd.",,"-58.1700","6.7898",,,4/11/2008 0:00:00,12/30/1899 20:45:00,"B- Serious Injury","F- Driver",27.00,"Male","J- Minibus","S- Driver's Negligence",3.00
14087,41060.00,"4- Demerara- Mahaica",,"Broad St.",,"-58.1645","6.8022",,,4/12/2008 0:00:00,12/30/1899 13:30:00,"B- Serious Injury","G- Rider",27.00,"Male","J- Minibus;V-Motor Cycle","U- Cyclist's Negligence",2.00
14088,41061.00,"4- Demerara- Mahaica",,"Agricola Public Rd.",,"-58.1693","6.7824",,,4/23/2008 0:00:00,12/30/1899 9:45:00,"C- Minor Injury","G- Rider",37.00,"Male","L- Lorries Van;V-Motor Cycle","U- Cyclist's Negligence",2.00
14089,41062.00,"4- Demerara- Mahaica",,"Agricola Public Rd.",,"-58.1693","6.7824",,,4/23/2008 0:00:00,,"C- Minor Injury","F- Driver",45.00,"Male","K- Private Cars;L- Lorries Van","S- Driver's Negligence",4.00
14090,41063.00,"4- Demerara- Mahaica",,"Mc Doom Public Rd.",,"-58.1701","6.7817",,,5/3/2008 0:00:00,12/30/1899 12:00:00,"C- Minor Injury","G- Rider",30.00,"Male","L- Lorries Van;W-Pedal Cycle","U- Cyclist's Negligence",2.00
14091,41064.00,"4- Demerara- Mahaica",,"Agricola Public Rd.",,"-58.1693","6.7824",,,5/10/2008 0:00:00,12/30/1899 7:45:00,"D- Property Damage","G- Rider",31.00,"Male","M- Hire Cars;N- Pickup;V-Motor Cycle","U- Cyclist's Negligence",3.00
14092,41065.00,"4- Demerara- Mahaica",,"Ruimveldt Public Rd.",,"-58.1545","6.7927",,,5/16/2008 0:00:00,12/30/1899 7:38:00,"D- Property Damage","F- Driver",39.00,"Male","J- Minibus;N- Pickup","S- Driver's Negligence",2.00
14093,41066.00,"4- Demerara- Mahaica",,"Mandela Ave.",,"-58.1601","6.7919",,,5/20/2008 0:00:00,12/30/1899 2:50:00,"A- Fatal","F- Driver",21.00,"Male","N- Pickup","O- Lost Control & Runoff",6.00
14094,41067.00,"4- Demerara- Mahaica",,"Houston Public Rd.",,"-58.1710","6.7830",,,5/27/2008 0:00:00,12/30/1899 17:00:00,"C- Minor Injury","F- Driver",29.00,"Male","J- Minibus","S- Driver's Negligence",2.00
14095,41068.00,"4- Demerara- Mahaica",,"Agricola Public Rd.",,"-58.1693","6.7824",,,5/23/2008 0:00:00,12/30/1899 11:30:00,"D- Property Damage","F- Driver",58.00,"Male","J- Minibus;L- Lorries Van","S- Driver's Negligence",2.00
14096,41069.00,"4- Demerara- Mahaica",,"Broad St.",,"-58.1645","6.8022",,,5/14/2008 0:00:00,12/30/1899 11:00:00,"D- Property Damage","F- Driver",45.00,"Male","L- Lorries Van;V-Motor Cycle","S- Driver's Negligence",2.00
14097,41070.00,"4- Demerara- Mahaica",,"Meadow Bank Public Rd.",,"-58.1700","6.7898",,,5/30/2008 0:00:00,12/30/1899 22:00:00,"B- Serious Injury","F- Driver",61.00,"Male","K- Private Cars","S- Driver's Negligence",2.00
14098,41071.00,"4- Demerara- Mahaica",,"Sussex St.",,"-58.1608","6.7995",,,6/3/2008 0:00:00,12/30/1899 15:10:00,"B- Serious Injury","G- Rider",26.00,"Male","V-Motor Cycle","U- Cyclist's Negligence",2.00
14099,41072.00,"4- Demerara- Mahaica",,"Houston Public Rd.",,"-58.1710","6.7830",,,6/6/2008 0:00:00,12/30/1899 11:30:00,"C- Minor Injury","F- Driver",42.00,"Male","K- Private Cars;L- Lorries Van","S- Driver's Negligence",2.00
14100,41073.00,"4- Demerara- Mahaica",,"James St.",,"-58.1618","6.7988",,,6/13/2008 0:00:00,12/30/1899 8:30:00,"B- Serious Injury","F- Driver",34.00,"Male","K- Private Cars;V-Motor Cycle","S- Driver's Negligence",2.00
14101,41074.00,"4- Demerara- Mahaica",,"Mc Doom Public Rd.",,"-58.1701","6.7817",,,6/20/2008 0:00:00,12/30/1899 14:30:00,"D- Property Damage","F- Driver",25.00,"Male","K- Private Cars;L- Lorries Van","S- Driver's Negligence",2.00
14102,41075.00,"4- Demerara- Mahaica",,"James St. & Hunter St.",,"-58.1636","6.7992",,,7/3/2008 0:00:00,12/30/1899 14:30:00,"B- Serious Injury","F- Driver",25.00,"Male","J- Minibus;W-Pedal Cycle","S- Driver's Negligence",2.00
14103,41076.00,"4- Demerara- Mahaica",,"Hunter St.",,"-58.1638","6.7984",,,7/8/2008 0:00:00,12/30/1899 8:20:00,"D- Property Damage","G- Rider",24.00,"Female","M- Hire Cars;V-Motor Cycle","U- Cyclist's Negligence",2.00
14104,41077.00,"4- Demerara- Mahaica",,"High St.",,"-58.1669","6.8063",,,7/8/2008 0:00:00,12/30/1899 11:15:00,"D- Property Damage","F- Driver",,"Male","J- Minibus;N- Pickup","S- Driver's Negligence",2.00
14105,41078.00,"4- Demerara- Mahaica",,"Houston Public Rd.",,"-58.1710","6.7830",,,7/17/2008 0:00:00,,"C- Minor Injury","G- Rider",67.00,"Male","J- Minibus;V-Motor Cycle","U- Cyclist's Negligence",3.00
14106,41079.00,"4- Demerara- Mahaica",,"Ruimveldt Public Rd.",,"-58.1545","6.7927",,,7/17/2008 0:00:00,12/30/1899 11:40:00,"C- Minor Injury","E- Pedestrian",39.00,"Female","K- Private Cars","T-Pedestrian's Negligence",2.00
14107,41080.00,"4- Demerara- Mahaica",,"Mandela Ave.",,"-58.1601","6.7919",,,7/8/2008 0:00:00,12/30/1899 14:00:00,"C- Minor Injury","E- Pedestrian",14.00,"Male","K- Private Cars","T-Pedestrian's Negligence",2.00
14108,41081.00,"4- Demerara- Mahaica",,"Russell St. & Princess St.",,"-58.1624","6.8035",,,7/22/2008 0:00:00,12/30/1899 9:30:00,"D- Property Damage","F- Driver",47.00,"Male","J- Minibus;K- Private Cars;N- Pickup","S- Driver's Negligence",3.00
14109,41082.00,"4- Demerara- Mahaica",,"1st St. Alexander Village",,"-58.1670","6.7964",,,8/4/2008 0:00:00,12/30/1899 7:30:00,"D- Property Damage","F- Driver",24.00,"Male","K- Private Cars;M- Hire Cars","S- Driver's Negligence",2.00