"ID","Accident ID","Region Number","Corridor ID","Location (Intersection/Road/Street)","Corridor","Location- longitude/ X","Location- latitude/  Y","Mile Marker","Village","Date of Accident","Time of Accident","Type of Accident","Class of Road User","Age/DOB","Gender","Class of Vehicles Involved","Contributing Factor","Number of Persons Involved"
14110,41083.00,"4- Demerara- Mahaica",,"Smyth St.",,"-58.1643","6.8048",,,8/7/2008 0:00:00,12/30/1899 22:10:00,"D- Property Damage","F- Driver",23.00,"Male","K- Private Cars;L- Lorries Van","S- Driver's Negligence",2.00
14111,41084.00,"4- Demerara- Mahaica",,"Broad St. & Russell St.",,"-58.1618","6.8015",,,8/14/2008 0:00:00,12/30/1899 19:30:00,"D- Property Damage","F- Driver",42.00,"Male","J- Minibus;K- Private Cars","S- Driver's Negligence",2.00
14112,41085.00,"4- Demerara- Mahaica",,"Broad St. & Russell St.",,"-58.1618","6.8015",,,8/14/2008 0:00:00,12/30/1899 22:00:00,"C- Minor Injury","G- Rider",23.00,"Male","V-Motor Cycle;W-Pedal Cycle","U- Cyclist's Negligence",2.00
14113,41086.00,"4- Demerara- Mahaica",,"Mandela Ave.",,"-58.1601","6.7919",,,8/30/2008 0:00:00,12/30/1899 2:00:00,"D- Property Damage","F- Driver",34.00,"Male","K- Private Cars;M- Hire Cars","O- Lost Control & Runoff",2.00
14114,41087.00,"4- Demerara- Mahaica",,"Sussex St. & Cemetry Rd.",,"-58.1523","6.7992",,,8/28/2008 0:00:00,12/30/1899 14:30:00,"D- Property Damage","F- Driver",27.00,"Male","J- Minibus;K- Private Cars","S- Driver's Negligence",2.00
14115,41088.00,"4- Demerara- Mahaica",,"Ruimveldt Public Rd.",,"-58.1545","6.7927",,,8/15/2008 0:00:00,12/30/1899 14:20:00,"D- Property Damage","F- Driver",,"Male","K- Private Cars","S- Driver's Negligence",2.00
14116,41089.00,"4- Demerara- Mahaica",,"Ruimveldt Public Rd.",,"-58.1545","6.7927",,,8/31/2008 0:00:00,12/30/1899 23:30:00,"B- Serious Injury","E- Pedestrian",19.00,"Male","M- Hire Cars","T-Pedestrian's Negligence",2.00
14117,41090.00,"4- Demerara- Mahaica",,"Mc Doom Public Rd.",,"-58.1701","6.7817",,,9/2/2008 0:00:00,12/30/1899 15:30:00,"D- Property Damage","F- Driver",24.00,"Male","J- Minibus","S- Driver's Negligence",2.00
14118,41091.00,"4- Demerara- Mahaica",,"Houston Public Rd.",,"-58.1710","6.7830",,,9/11/2008 0:00:00,12/30/1899 14:30:00,"D- Property Damage","F- Driver",34.00,"Female","J- Minibus;K- Private Cars;N- Pickup","O- Lost Control & Runoff",3.00
14119,41092.00,"4- Demerara- Mahaica",,"Saffon St.",,"-58.1680","6.8003",,,9/11/2008 0:00:00,12/30/1899 18:30:00,"B- Serious Injury","G- Rider",33.00,"Male","V-Motor Cycle;W-Pedal Cycle","U- Cyclist's Negligence",3.00
14120,41093.00,"4- Demerara- Mahaica",,"Hogg St. & James St.",,"-58.1668","6.8000",,,9/21/2008 0:00:00,12/30/1899 10:00:00,"C- Minor Injury","F- Driver",44.00,"Male","J- Minibus;W-Pedal Cycle","S- Driver's Negligence",2.00
14121,41094.00,"4- Demerara- Mahaica",,"Mandela Ave.",,"-58.1601","6.7919",,,9/27/2008 0:00:00,12/30/1899 1:30:00,"D- Property Damage","F- Driver",23.00,"Male","J- Minibus;K- Private Cars","S- Driver's Negligence",3.00
14122,41095.00,"4- Demerara- Mahaica",,"Broad St. & Russell St.",,"-58.1618","6.8015",,,,12/30/1899 18:15:00,"C- Minor Injury","F- Driver",26.00,"Male","K- Private Cars;V-Motor Cycle","S- Driver's Negligence",3.00
14123,41096.00,"4- Demerara- Mahaica",,"Mc Doom Public Rd.",,"-58.1701","6.7817",,,9/29/2008 0:00:00,12/30/1899 23:30:00,"B- Serious Injury","F- Driver",42.00,"Male","M- Hire Cars;V-Motor Cycle","S- Driver's Negligence",2.00
14124,41097.00,"4- Demerara- Mahaica",,"Mc Doom Public Rd.",,"-58.1701","6.7817",,,10/1/2008 0:00:00,12/30/1899 9:40:00,"B- Serious Injury","G- Rider",29.00,"Male","K- Private Cars;V-Motor Cycle","U- Cyclist's Negligence",2.00
14125,41098.00,"4- Demerara- Mahaica",,"Mandela Ave.",,"-58.1601","6.7919",,,10/2/2008 0:00:00,12/30/1899 19:15:00,"C- Minor Injury","F- Driver",,"Male","J- Minibus;K- Private Cars","S- Driver's Negligence",5.00
14126,41099.00,"4- Demerara- Mahaica",,"Mc Doom Public Rd.",,"-58.1701","6.7817",,,10/7/2008 0:00:00,12/30/1899 6:45:00,"C- Minor Injury","E- Pedestrian",21.00,"Female","K- Private Cars","T-Pedestrian's Negligence",2.00
14127,41100.00,"4- Demerara- Mahaica",,"Lombard St. & Broad St.",,"-58.1682","6.8032",,,10/10/2008 0:00:00,12/30/1899 12:15:00,"D- Property Damage","F- Driver",,"Male","J- Minibus;K- Private Cars;N- Pickup","S- Driver's Negligence",3.00
14128,41101.00,"4- Demerara- Mahaica",,"Mc Doom Public Rd.",,"-58.1701","6.7817",,,10/9/2008 0:00:00,12/30/1899 11:45:00,"C- Minor Injury","F- Driver",27.00,"Male","J- Minibus;K- Private Cars","P- Speeding",2.00
14129,41102.00,"4- Demerara- Mahaica",,"Mc Doom Public Rd.",,"-58.1701","6.7817",,,10/10/2008 0:00:00,12/30/1899 19:45:00,"A- Fatal","E- Pedestrian",,"Male","J- Minibus","T-Pedestrian's Negligence",2.00
14130,41103.00,"4- Demerara- Mahaica",,"Houston Access Rd.",,"-58.1698","6.7863",,,10/14/2008 0:00:00,12/30/1899 6:30:00,"B- Serious Injury","F- Driver",20.00,"Male","L- Lorries Van","R- Improper Overtaking",3.00
14131,41104.00,"4- Demerara- Mahaica",,"Houston Public Rd.",,"-58.1710","6.7830",,,10/18/2008 0:00:00,12/30/1899 15:15:00,"C- Minor Injury","F- Driver",21.00,"Male","J- Minibus;K- Private Cars","S- Driver's Negligence",2.00
14132,41105.00,"4- Demerara- Mahaica",,"Houston Access Rd.",,"-58.1698","6.7863",,,10/19/2008 0:00:00,12/30/1899 20:00:00,"D- Property Damage","F- Driver",26.00,"Male","K- Private Cars","O- Lost Control & Runoff",1.00
14133,41106.00,"4- Demerara- Mahaica",,"Mandela Ave.",,"-58.1601","6.7919",,,10/6/2008 0:00:00,12/30/1899 6:45:00,"D- Property Damage","F- Driver",,"Male","K- Private Cars","Y- Animal",1.00
14134,41107.00,"4- Demerara- Mahaica",,"Russell St. & Broad St.",,"-58.1618","6.8015",,,10/22/2008 0:00:00,12/30/1899 7:00:00,"C- Minor Injury","F- Driver",,"Male","M- Hire Cars","S- Driver's Negligence",2.00
14135,41108.00,"4- Demerara- Mahaica",,"Agricola Public Rd.",,"-58.1693","6.7824",,,10/26/2008 0:00:00,12/30/1899 18:00:00,"D- Property Damage","F- Driver",39.00,"Male","N- Pickup","S- Driver's Negligence",1.00
14136,41109.00,"4- Demerara- Mahaica",,"Houston Public Rd.",,"-58.1710","6.7830",,,10/27/2008 0:00:00,12/30/1899 11:45:00,"C- Minor Injury","F- Driver",62.00,"Male","J- Minibus;V-Motor Cycle","S- Driver's Negligence",2.00
14137,41110.00,"4- Demerara- Mahaica",,"Houston Public Rd.",,"-58.1710","6.7830",,,10/28/2008 0:00:00,12/30/1899 18:15:00,"C- Minor Injury","G- Rider",40.00,"Male","M- Hire Cars;V-Motor Cycle","U- Cyclist's Negligence",2.00
14138,41111.00,"4- Demerara- Mahaica",,"Houston Access Rd.",,"-58.1698","6.7863",,,10/29/2008 0:00:00,12/30/1899 11:00:00,"D- Property Damage","F- Driver",27.00,"Male","K- Private Cars;M- Hire Cars","S- Driver's Negligence",2.00
14139,41112.00,"4- Demerara- Mahaica",,"Houston Public Rd.",,"-58.1710","6.7830",,,11/2/2008 0:00:00,12/30/1899 14:50:00,"B- Serious Injury","E- Pedestrian",32.00,"Male","L- Lorries Van","T-Pedestrian's Negligence",2.00
14140,41113.00,"4- Demerara- Mahaica",,"Agricola Public Rd.",,"-58.1693","6.7824",,,11/3/2008 0:00:00,12/30/1899 16:50:00,"B- Serious Injury","F- Driver",33.00,"Male","N- Pickup","S- Driver's Negligence",2.00
14141,41114.00,"4- Demerara- Mahaica",,"Houston Public Rd.",,"-58.1710","6.7830",,,11/3/2008 0:00:00,12/30/1899 18:25:00,"B- Serious Injury","E- Pedestrian",45.00,"Male",,,
14142,41115.00,"4- Demerara- Mahaica",,"Mandela Ave.",,"-58.1601","6.7919",,,11/5/2008 0:00:00,12/30/1899 12:40:00,"B- Serious Injury","F- Driver",67.00,"Male","K- Private Cars;M- Hire Cars;N- Pickup","S- Driver's Negligence",4.00
14143,41116.00,"4- Demerara- Mahaica",,"Mandela Ave.",,"-58.1601","6.7919",,,11/12/2008 0:00:00,12/30/1899 15:00:00,"D- Property Damage","F- Driver",49.00,"Male","K- Private Cars;L- Lorries Van","S- Driver's Negligence",2.00
14144,41117.00,"4- Demerara- Mahaica",,"Houston Access Rd.",,"-58.1698","6.7863",,,11/15/2008 0:00:00,12/30/1899 11:30:00,"D- Property Damage","F- Driver",53.00,"Male","J- Minibus;K- Private Cars","P- Speeding",2.00
14145,41118.00,"4- Demerara- Mahaica",,"Mc Doom Public Rd.",,"-58.1701","6.7817",,,11/15/2008 0:00:00,12/30/1899 19:00:00,"D- Property Damage","F- Driver",48.00,"Male","K- Private Cars","S- Driver's Negligence",2.00
14146,41119.00,"4- Demerara- Mahaica",,"Lombard St.",,"-58.1675","6.8071",,,11/16/2008 0:00:00,12/30/1899 3:45:00,"A- Fatal","F- Driver",42.00,"Male","L- Lorries Van","S- Driver's Negligence",2.00
14147,41120.00,"4- Demerara- Mahaica",,"Hunter St. & Middle Rd.",,"-58.1641","6.7975",,,11/17/2008 0:00:00,12/30/1899 6:45:00,"C- Minor Injury","G- Rider",18.00,"Male","K- Private Cars;V-Motor Cycle","U- Cyclist's Negligence",2.00
14148,41121.00,"4- Demerara- Mahaica",,"Mandela Ave.",,"-58.1601","6.7919",,,11/17/2008 0:00:00,12/30/1899 11:45:00,"D- Property Damage","G- Rider",25.00,"Male","V-Motor Cycle","U- Cyclist's Negligence",2.00
14149,41122.00,"4- Demerara- Mahaica",,"Houston Public Rd.",,"-58.1710","6.7830",,,11/23/2008 0:00:00,12/30/1899 19:20:00,"B- Serious Injury","F- Driver",29.00,"Male","K- Private Cars;W-Pedal Cycle","S- Driver's Negligence",2.00
14150,41123.00,"4- Demerara- Mahaica",,"Broad St. & Russell St.",,"-58.1618","6.8015",,,11/26/2008 0:00:00,12/30/1899 13:50:00,"B- Serious Injury","F- Driver",20.00,"Female","N- Pickup;V-Motor Cycle","S- Driver's Negligence",2.00
14151,41124.00,"4- Demerara- Mahaica",,"Broad St. & Charles St.",,"-58.1649","6.8023",,,12/5/2008 0:00:00,12/30/1899 14:30:00,"D- Property Damage","F- Driver",51.00,"Male","K- Private Cars","S- Driver's Negligence",2.00
14152,41125.00,"4- Demerara- Mahaica",,"La Penitence Public Rd.",,"-58.1492","6.7934",,,12/12/2008 0:00:00,12/30/1899 13:30:00,"D- Property Damage","F- Driver",33.00,"Male","N- Pickup;V-Motor Cycle","S- Driver's Negligence",2.00
14153,41126.00,"4- Demerara- Mahaica",,"Houston Access Rd.",,"-58.1698","6.7863",,,12/12/2008 0:00:00,12/30/1899 14:30:00,"D- Property Damage","F- Driver",61.00,"Male","K- Private Cars;L- Lorries Van","S- Driver's Negligence",2.00
14154,41127.00,"4- Demerara- Mahaica",,"Mc Doom Public Rd.",,"-58.1701","6.7817",,,12/19/2008 0:00:00,12/30/1899 7:45:00,"D- Property Damage","F- Driver",28.00,"Male","K- Private Cars","S- Driver's Negligence",2.00
14155,41128.00,"4- Demerara- Mahaica",,"Houston Public Rd.",,"-58.1710","6.7830",,,12/19/2008 0:00:00,12/30/1899 15:00:00,"B- Serious Injury","G- Rider",59.00,"Male","V-Motor Cycle;W-Pedal Cycle","U- Cyclist's Negligence",2.00
14156,41129.00,"4- Demerara- Mahaica",,"Mandela Ave.",,"-58.1601","6.7919",,,12/22/2008 0:00:00,12/30/1899 13:30:00,"D- Property Damage","F- Driver",43.00,"Male","M- Hire Cars;N- Pickup","S- Driver's Negligence",2.00
14157,41130.00,"4- Demerara- Mahaica",,"Broad St. & Charles St.",,"-58.1649","6.8023",,,12/22/2008 0:00:00,12/30/1899 11:15:00,"D- Property Damage","F- Driver",46.00,"Male","K- Private Cars;N- Pickup","P- Speeding",2.00
14158,41131.00,"4- Demerara- Mahaica",,"Mandela Ave.",,"-58.1601","6.7919",,,12/23/2008 0:00:00,12/30/1899 17:00:00,"D- Property Damage","F- Driver",41.00,"Male","K- Private Cars;L- Lorries Van","S- Driver's Negligence",2.00
14159,41132.00,"4- Demerara- Mahaica",,"Mc Doom Public Rd.",,"-58.1701","6.7817",,,12/24/2008 0:00:00,12/30/1899 18:45:00,"D- Property Damage","F- Driver",31.00,"Male","K- Private Cars;L- Lorries Van","S- Driver's Negligence",2.00
14160,41133.00,"4- Demerara- Mahaica",,"Howes St.",,"-58.1641","6.7975",,,12/26/2008 0:00:00,12/30/1899 14:00:00,"D- Property Damage","F- Driver",28.00,"Male","J- Minibus;K- Private Cars","S- Driver's Negligence",2.00
14161,41134.00,"4- Demerara- Mahaica",,"Mandela Ave.",,"-58.1601","6.7919",,,12/26/2008 0:00:00,12/30/1899 19:15:00,"B- Serious Injury","F- Driver",40.00,"Male","K- Private Cars;W-Pedal Cycle","P- Speeding",2.00
14162,41135.00,"4- Demerara- Mahaica",,"Mc Doom Public Rd.",,"-58.1701","6.7817",,,12/26/2008 0:00:00,12/30/1899 22:30:00,"D- Property Damage","F- Driver",29.00,"Male","J- Minibus;K- Private Cars","S- Driver's Negligence",2.00
14163,41136.00,"4- Demerara- Mahaica",,"Mc Doom Public Rd.",,"-58.1701","6.7817",,,12/26/2008 0:00:00,12/30/1899 4:10:00,"C- Minor Injury","F- Driver",25.00,"Male","K- Private Cars;V-Motor Cycle","S- Driver's Negligence",3.00
14164,41137.00,"4- Demerara- Mahaica",,"Mc Doom Public Rd.",,"-58.1701","6.7817",,,1/1/2009 0:00:00,12/30/1899 20:15:00,"D- Property Damage","F- Driver",27.00,"Male","K- Private Cars","P- Speeding",2.00
14165,41138.00,"4- Demerara- Mahaica",,"Houston Public Rd.",,"-58.1710","6.7830",,,1/10/2009 0:00:00,12/30/1899 1:00:00,"D- Property Damage","F- Driver",,"Male","M- Hire Cars;N- Pickup","S- Driver's Negligence",2.00
14166,41139.00,"4- Demerara- Mahaica",,"Houston Public Rd.",,"-58.1710","6.7830",,,1/10/2009 0:00:00,12/30/1899 22:00:00,"B- Serious Injury","F- Driver",32.00,"Male","K- Private Cars","S- Driver's Negligence",2.00
14167,41140.00,"4- Demerara- Mahaica",,"Laing Ave. Access Rd.",,"-58.1591","6.7953",,,1/9/2009 0:00:00,12/30/1899 16:50:00,"B- Serious Injury","G- Rider",20.00,"Male","V-Motor Cycle","U- Cyclist's Negligence",2.00
14168,41141.00,"4- Demerara- Mahaica",,"Broad St. & Lombard St.",,"-58.1682","6.8032",,,1/6/2009 0:00:00,12/30/1899 11:35:00,"D- Property Damage","F- Driver",41.00,"Male","K- Private Cars","S- Driver's Negligence",2.00
14169,41142.00,"4- Demerara- Mahaica",,"Houston Public Rd.",,"-58.1710","6.7830",,,3/26/2010 0:00:00,12/30/1899 9:00:00,"B- Serious Injury","F- Driver",,"Female","K- Private Cars","O- Lost Control & Runoff",1.00
14170,41143.00,"4- Demerara- Mahaica",,"Hunter St.",,"-58.1638","6.7984",,,4/2/2010 0:00:00,12/30/1899 12:15:00,"C- Minor Injury","G- Rider",,"Male","W-Pedal Cycle","U- Cyclist's Negligence",2.00
14171,41144.00,"4- Demerara- Mahaica",,"Mc Doom Public Rd.",,"-58.1701","6.7817",,,4/3/2010 0:00:00,12/30/1899 11:30:00,"C- Minor Injury","F- Driver",46.00,"Male","J- Minibus;K- Private Cars","P- Speeding",2.00
14172,41145.00,"4- Demerara- Mahaica",,"Russell St.",,"-58.1638","6.8045",,,4/8/2010 0:00:00,,"B- Serious Injury","F- Driver",38.00,"Male","L- Lorries Van","S- Driver's Negligence",2.00
14173,41146.00,"4- Demerara- Mahaica",,"Houston Public Rd.",,"-58.1710","6.7830",,,4/16/2010 0:00:00,12/30/1899 0:30:00,"D- Property Damage","F- Driver",,"Male","L- Lorries Van","O- Lost Control & Runoff",1.00
14174,41147.00,"4- Demerara- Mahaica",,"Vlissengen Rd.",,"-58.1474","6.8108",,,4/18/2010 0:00:00,12/30/1899 13:00:00,"D- Property Damage","F- Driver",,"Male","M- Hire Cars;N- Pickup","S- Driver's Negligence",2.00
14175,41148.00,"4- Demerara- Mahaica",,"Mandela Ave.",,"-58.1601","6.7919",,,4/17/2010 0:00:00,12/30/1899 19:30:00,"A- Fatal","G- Rider",,"Male","V-Motor Cycle","O- Lost Control & Runoff",1.00
14176,41149.00,"4- Demerara- Mahaica",,"Mc Doom Public Rd.",,"-58.1701","6.7817",,,5/7/2010 0:00:00,12/30/1899 15:00:00,"D- Property Damage","F- Driver",43.00,"Female","J- Minibus;K- Private Cars","S- Driver's Negligence",2.00
14177,41150.00,"4- Demerara- Mahaica",,"Mandela Ave.",,"-58.1601","6.7919",,,5/17/2010 0:00:00,12/30/1899 14:30:00,"D- Property Damage","F- Driver",54.00,"Male","N- Pickup;V-Motor Cycle","P- Speeding",2.00
14178,41151.00,"4- Demerara- Mahaica",,"Broad St. & Charles St.",,"-58.1649","6.8023",,,5/17/2010 0:00:00,12/30/1899 11:30:00,"D- Property Damage","F- Driver",24.00,"Male","K- Private Cars","S- Driver's Negligence",2.00
14179,41152.00,"4- Demerara- Mahaica",,"Broad St. & Charles St.",,"-58.1649","6.8023",,,6/2/2010 0:00:00,12/30/1899 19:30:00,"D- Property Damage","F- Driver",,"Male","K- Private Cars","S- Driver's Negligence",2.00
14180,41153.00,"4- Demerara- Mahaica",,"Hunter St.",,"-58.1638","6.7984",,,6/8/2010 0:00:00,12/30/1899 8:30:00,"D- Property Damage","F- Driver",25.00,"Male","J- Minibus;K- Private Cars","S- Driver's Negligence",2.00
14181,41154.00,"4- Demerara- Mahaica",,"Houston Public Rd.",,"-58.1710","6.7830",,,1/13/2009 0:00:00,12/30/1899 16:00:00,"D- Property Damage","F- Driver",38.00,"Male","J- Minibus;K- Private Cars","S- Driver's Negligence",2.00
14182,41155.00,"4- Demerara- Mahaica",,"West Ruimveldt Front Rd.",,"-58.1648","6.7934",,,1/13/2009 0:00:00,12/30/1899 16:00:00,"D- Property Damage","F- Driver",41.00,"Male","J- Minibus;M- Hire Cars;N- Pickup","S- Driver's Negligence",3.00
14183,41156.00,"4- Demerara- Mahaica",,"Agricola Public Rd.",,"-58.1693","6.7824",,,1/14/2009 0:00:00,,"D- Property Damage","F- Driver",42.00,"Male","K- Private Cars","S- Driver's Negligence",2.00
14184,41157.00,"4- Demerara- Mahaica",,"Hunter St. & James St.",,"-58.1636","6.7992",,,1/16/2009 0:00:00,12/30/1899 18:00:00,"D- Property Damage","F- Driver",19.00,"Female","M- Hire Cars;N- Pickup","S- Driver's Negligence",2.00
14185,41158.00,"4- Demerara- Mahaica",,"Mc Doom Public Rd.",,"-58.1701","6.7817",,,1/10/2009 0:00:00,12/30/1899 14:30:00,"D- Property Damage","F- Driver",,"Male","J- Minibus;M- Hire Cars","S- Driver's Negligence",2.00
14186,41159.00,"4- Demerara- Mahaica",,"La Penitence Public Rd.",,"-58.1492","6.7934",,,1/22/2009 0:00:00,12/30/1899 19:30:00,"C- Minor Injury","F- Driver",,,,"S- Driver's Negligence",2.00
14187,41160.00,"4- Demerara- Mahaica",,"Agricola Public Rd.",,"-58.1693","6.7824",,,1/27/2009 0:00:00,12/30/1899 18:30:00,"A- Fatal","F- Driver",22.00,"Male","N- Pickup","S- Driver's Negligence",2.00
14188,41161.00,"4- Demerara- Mahaica",,"Mc Doom Public Rd.",,"-58.1701","6.7817",,,1/29/2009 0:00:00,12/30/1899 1:45:00,"C- Minor Injury","F- Driver",37.00,"Male","J- Minibus;N- Pickup","S- Driver's Negligence",2.00
14189,41162.00,"4- Demerara- Mahaica",,"Sussex St.",,"-58.1608","6.7995",,,1/23/2009 0:00:00,12/30/1899 20:15:00,"D- Property Damage","G- Rider",29.00,"Male","V-Motor Cycle","U- Cyclist's Negligence",1.00
14190,41163.00,"4- Demerara- Mahaica",,"Mc Doom Public Rd.",,"-58.1701","6.7817",,,1/29/2009 0:00:00,12/30/1899 23:00:00,"D- Property Damage","F- Driver",63.00,"Male","J- Minibus;K- Private Cars","P- Speeding",2.00
14191,41164.00,"4- Demerara- Mahaica",,"Houston Public Rd.",,"-58.1710","6.7830",,,2/6/2009 0:00:00,12/30/1899 17:20:00,"D- Property Damage","F- Driver",36.00,"Male","J- Minibus;K- Private Cars","S- Driver's Negligence",2.00
14192,41165.00,"4- Demerara- Mahaica",,"Mandela Ave. & Houston Access Rd.",,"-58.1685","6.7871",,,2/2/2009 0:00:00,12/30/1899 7:45:00,"D- Property Damage","F- Driver",25.00,"Male","K- Private Cars","S- Driver's Negligence",2.00
14193,41166.00,"4- Demerara- Mahaica",,"Saffon St.",,"-58.1680","6.8003",,,2/11/2009 0:00:00,12/30/1899 10:00:00,"D- Property Damage","F- Driver",39.00,"Male","J- Minibus;L- Lorries Van","S- Driver's Negligence",2.00
14194,41167.00,"4- Demerara- Mahaica",,"Houston Access Rd.",,"-58.1698","6.7863",,,2/12/2009 0:00:00,12/30/1899 12:00:00,"B- Serious Injury","E- Pedestrian",42.00,"Male","K- Private Cars","T-Pedestrian's Negligence",2.00
14195,41168.00,"4- Demerara- Mahaica",,"Middle Rd.",,"-58.1596","6.8155",,,2/12/2009 0:00:00,12/30/1899 17:30:00,"C- Minor Injury","G- Rider",13.00,"Male","K- Private Cars;W-Pedal Cycle","U- Cyclist's Negligence",3.00
14196,41169.00,"4- Demerara- Mahaica",,"Broad St.",,"-58.1645","6.8022",,,2/14/2009 0:00:00,12/30/1899 15:07:00,"D- Property Damage","F- Driver",21.00,"Male","K- Private Cars","S- Driver's Negligence",2.00
14197,41170.00,"4- Demerara- Mahaica",,"Hunter St.",,"-58.1638","6.7984",,,2/19/2009 0:00:00,12/30/1899 8:30:00,"B- Serious Injury","G- Rider",,"Male","K- Private Cars;W-Pedal Cycle","U- Cyclist's Negligence",2.00
14198,41171.00,"4- Demerara- Mahaica",,"Houston Public Rd.",,"-58.1710","6.7830",,,2/19/2009 0:00:00,12/30/1899 18:45:00,"B- Serious Injury","F- Driver",32.00,"Male","J- Minibus","P- Speeding",1.00
14199,41172.00,"4- Demerara- Mahaica",,"Agricola Public Rd.",,"-58.1693","6.7824",,,2/23/2009 0:00:00,12/30/1899 22:00:00,"A- Fatal","F- Driver",40.00,"Female","M- Hire Cars","S- Driver's Negligence",2.00
14200,41173.00,"4- Demerara- Mahaica",,"Middle Rd.",,"-58.1596","6.8155",,,2/27/2009 0:00:00,12/30/1899 17:30:00,"D- Property Damage","F- Driver",40.00,"Female","K- Private Cars;V-Motor Cycle","S- Driver's Negligence",2.00
14201,41174.00,"4- Demerara- Mahaica",,"Mandela Ave.",,"-58.1601","6.7919",,,2/25/2009 0:00:00,12/30/1899 9:30:00,"D- Property Damage","F- Driver",42.00,"Male","L- Lorries Van;M- Hire Cars","S- Driver's Negligence",2.00
14202,41175.00,"4- Demerara- Mahaica",,"Agricola Public Rd.",,"-58.1693","6.7824",,,2/28/2009 0:00:00,12/30/1899 18:10:00,"A- Fatal","G- Rider",30.00,"Male","L- Lorries Van;W-Pedal Cycle","U- Cyclist's Negligence",2.00
14203,41176.00,"4- Demerara- Mahaica",,"Albouys St.",,"-58.1650","6.7993",,,3/1/2009 0:00:00,12/30/1899 12:30:00,"D- Property Damage","F- Driver",62.00,"Male","K- Private Cars","S- Driver's Negligence",2.00
14204,41177.00,"4- Demerara- Mahaica",,"Agricola Public Rd.",,"-58.1693","6.7824",,,3/7/2009 0:00:00,12/30/1899 19:15:00,"D- Property Damage","F- Driver",29.00,"Male","K- Private Cars","S- Driver's Negligence",2.00
14205,41178.00,"4- Demerara- Mahaica",,"Mc Doom Public Rd.",,"-58.1701","6.7817",,,3/17/2009 0:00:00,12/30/1899 8:00:00,"D- Property Damage","F- Driver",38.00,"Male","K- Private Cars;N- Pickup","S- Driver's Negligence",3.00
14206,41179.00,"4- Demerara- Mahaica",,"La Penitence Public Rd.",,"-58.1492","6.7934",,,3/23/2009 0:00:00,12/30/1899 21:30:00,"D- Property Damage","F- Driver",32.00,"Male","J- Minibus","Y- Animal",1.00
14207,41180.00,"4- Demerara- Mahaica",,"Mc Doom Public Rd.",,"-58.1701","6.7817",,,3/28/2009 0:00:00,12/30/1899 6:45:00,"D- Property Damage","F- Driver",60.00,"Male","K- Private Cars","S- Driver's Negligence",2.00
14208,41181.00,"4- Demerara- Mahaica",,"Meadow Bank Public Rd.",,"-58.1700","6.7898",,,3/30/2009 0:00:00,12/30/1899 20:20:00,"C- Minor Injury","E- Pedestrian",18.00,"Female","M- Hire Cars","T-Pedestrian's Negligence",2.00
14209,41182.00,"4- Demerara- Mahaica",,"Mandela Ave. & Bros St.",,"-58.1586","6.7916",,,3/31/2009 0:00:00,12/30/1899 11:00:00,"C- Minor Injury","F- Driver",57.00,"Male","N- Pickup;W-Pedal Cycle","S- Driver's Negligence",2.00
14210,41183.00,"4- Demerara- Mahaica",,"Mc Doom Public Rd.",,"-58.1701","6.7817",,,4/5/2009 0:00:00,12/30/1899 18:45:00,"D- Property Damage","F- Driver",56.00,"Female","J- Minibus;M- Hire Cars","S- Driver's Negligence",2.00
14211,41184.00,"4- Demerara- Mahaica",,"Mc Doom Public Rd.",,"-58.1701","6.7817",,,4/7/2009 0:00:00,12/30/1899 19:25:00,"A- Fatal","F- Driver",,"Male","K- Private Cars","S- Driver's Negligence",2.00
14212,41185.00,"4- Demerara- Mahaica",,"Hunter St.",,"-58.1638","6.7984",,,4/11/2009 0:00:00,12/30/1899 12:40:00,"C- Minor Injury","F- Driver",33.00,"Male","M- Hire Cars;V-Motor Cycle","S- Driver's Negligence",2.00
14213,41186.00,"4- Demerara- Mahaica",,"Vlissengen Rd. & West Ruimveldt Front Rd.",,"-58.1533","6.7932",,,4/9/2009 0:00:00,12/30/1899 12:45:00,"D- Property Damage","F- Driver",28.00,"Male","K- Private Cars;M- Hire Cars","S- Driver's Negligence",2.00
14214,41187.00,"4- Demerara- Mahaica",,"Mc Doom Public Rd.",,"-58.1701","6.7817",,,4/11/2009 0:00:00,,"D- Property Damage","F- Driver",28.00,"Male","J- Minibus;K- Private Cars","S- Driver's Negligence",2.00
14215,41188.00,"4- Demerara- Mahaica",,"Mc Doom Public Rd.",,"-58.1701","6.7817",,,4/11/2009 0:00:00,12/30/1899 7:45:00,"D- Property Damage","F- Driver",28.00,"Male","J- Minibus;K- Private Cars","S- Driver's Negligence",2.00
14216,41189.00,"4- Demerara- Mahaica",,"Houston Public Rd.",,"-58.1710","6.7830",,,4/11/2009 0:00:00,12/30/1899 7:45:00,"C- Minor Injury","F- Driver",,,"K- Private Cars","S- Driver's Negligence",2.00
14217,41190.00,"4- Demerara- Mahaica",,"Agricola Public Rd.",,"-58.1693","6.7824",,,4/11/2009 0:00:00,12/30/1899 21:15:00,"A- Fatal","G- Rider",37.00,"Male","V-Motor Cycle","U- Cyclist's Negligence",2.00
14218,41191.00,"4- Demerara- Mahaica",,"Ruimveldt Public Rd.",,"-58.1545","6.7927",,,4/15/2009 0:00:00,12/30/1899 11:30:00,"D- Property Damage","F- Driver",52.00,"Male","J- Minibus;M- Hire Cars","S- Driver's Negligence",2.00
14219,41192.00,"4- Demerara- Mahaica",,"Hunter St.",,"-58.1638","6.7984",,,4/21/2009 0:00:00,12/30/1899 9:15:00,"D- Property Damage","F- Driver",28.00,"Male","K- Private Cars;M- Hire Cars","S- Driver's Negligence",2.00
14220,41193.00,"4- Demerara- Mahaica",,"Mandela Ave.",,"-58.1601","6.7919",,,4/19/2009 0:00:00,12/30/1899 21:40:00,"D- Property Damage","F- Driver",59.00,"Male","K- Private Cars;N- Pickup","S- Driver's Negligence",2.00
14221,41194.00,"4- Demerara- Mahaica",,"Agricola Public Rd.",,"-58.1693","6.7824",,,4/21/2009 0:00:00,12/30/1899 12:15:00,"B- Serious Injury","F- Driver",46.00,"Male","L- Lorries Van","S- Driver's Negligence",2.00
14222,41195.00,"4- Demerara- Mahaica",,"Ruimveldt Public Rd.",,"-58.1545","6.7927",,,4/2/2009 0:00:00,12/30/1899 15:00:00,"C- Minor Injury","F- Driver",28.00,"Male","J- Minibus","S- Driver's Negligence",2.00