"ID","Accident ID","Region Number","Corridor ID","Location (Intersection/Road/Street)","Corridor","Location- longitude/ X","Location- latitude/  Y","Mile Marker","Village","Date of Accident","Time of Accident","Type of Accident","Class of Road User","Age/DOB","Gender","Class of Vehicles Involved","Contributing Factor","Number of Persons Involved"
14223,41196.00,"4- Demerara- Mahaica",,"Ruimveldt Public Rd.",,"-58.1545","6.7927",,,4/9/2009 0:00:00,12/30/1899 22:45:00,"A- Fatal","F- Driver",18.00,"Male","K- Private Cars","S- Driver's Negligence",2.00
14224,41197.00,"4- Demerara- Mahaica",,"Mc Doom Public Rd.",,"-58.1701","6.7817",,,5/13/2009 0:00:00,12/30/1899 8:15:00,"C- Minor Injury","F- Driver",,"Male","K- Private Cars;V-Motor Cycle","S- Driver's Negligence",2.00
14225,41198.00,"4- Demerara- Mahaica",,"High St. & Drysdale St.",,"-58.1673","6.8040",,,6/16/2009 0:00:00,12/30/1899 16:15:00,"D- Property Damage","F- Driver",40.00,"Male","M- Hire Cars","S- Driver's Negligence",1.00
14226,41199.00,"4- Demerara- Mahaica",,"Agricola Public Rd.",,"-58.1693","6.7824",,,6/2/2009 0:00:00,12/30/1899 14:15:00,"D- Property Damage","F- Driver",30.00,"Male","J- Minibus;K- Private Cars","S- Driver's Negligence",2.00
14227,41200.00,"4- Demerara- Mahaica",,"Broad St. & Russell St.",,"-58.1618","6.8015",,,6/3/2009 0:00:00,12/30/1899 12:00:00,"D- Property Damage","F- Driver",47.00,,"J- Minibus;K- Private Cars","S- Driver's Negligence",2.00
14228,41201.00,"4- Demerara- Mahaica",,"Houston Access Rd.",,"-58.1698","6.7863",,,6/10/2009 0:00:00,12/30/1899 8:35:00,"D- Property Damage","F- Driver",44.00,"Male","L- Lorries Van;N- Pickup","S- Driver's Negligence",2.00
14229,41202.00,"4- Demerara- Mahaica",,"Meadow Bank Public Rd.",,"-58.1700","6.7898",,,6/11/2009 0:00:00,12/30/1899 9:30:00,"D- Property Damage","F- Driver",24.00,"Male","L- Lorries Van;N- Pickup","S- Driver's Negligence",2.00
14230,41203.00,"4- Demerara- Mahaica",,"Broad St. & Ketley St.",,"-58.1661","6.8026",,,6/12/2009 0:00:00,12/30/1899 18:10:00,"A- Fatal","F- Driver",20.00,"Male","K- Private Cars","S- Driver's Negligence",2.00
14231,41204.00,"4- Demerara- Mahaica",,"Mandela Ave.",,"-58.1601","6.7919",,,6/13/2009 0:00:00,12/30/1899 21:00:00,"D- Property Damage","F- Driver",,"Male","K- Private Cars;M- Hire Cars","S- Driver's Negligence",2.00
14232,41205.00,"4- Demerara- Mahaica",,"Houston Access Rd.",,"-58.1698","6.7863",,,5/18/2009 0:00:00,12/30/1899 17:55:00,"C- Minor Injury","F- Driver",18.00,"Male","N- Pickup;W-Pedal Cycle","S- Driver's Negligence",2.00
14233,41206.00,"4- Demerara- Mahaica",,"Agricola Public Rd.",,"-58.1693","6.7824",,,6/20/2005 0:00:00,12/30/1899 20:10:00,"D- Property Damage","F- Driver",17.00,"Male","K- Private Cars;N- Pickup","S- Driver's Negligence",2.00
14234,41207.00,"4- Demerara- Mahaica",,"Mandela Ave.",,"-58.1601","6.7919",,,6/14/2009 0:00:00,12/30/1899 21:00:00,"B- Serious Injury","F- Driver",,,"W-Pedal Cycle","S- Driver's Negligence",3.00
14235,41208.00,"4- Demerara- Mahaica",,"4th St. Alexander Village",,"-58.1675","6.7947",,,6/21/2009 0:00:00,12/30/1899 17:48:00,"B- Serious Injury","F- Driver",47.00,"Female","K- Private Cars","S- Driver's Negligence",2.00
14236,41209.00,"4- Demerara- Mahaica",,"Houston Public Rd.",,"-58.1710","6.7830",,,6/28/2009 0:00:00,12/30/1899 23:15:00,"B- Serious Injury","F- Driver",41.00,"Male","J- Minibus","S- Driver's Negligence",2.00
14237,41210.00,"4- Demerara- Mahaica",,"Mandela Ave.",,"-58.1601","6.7919",,,6/30/2009 0:00:00,12/30/1899 23:00:00,"D- Property Damage","F- Driver",57.00,"Male","M- Hire Cars","S- Driver's Negligence",1.00
14238,41211.00,"4- Demerara- Mahaica",,"Saffon St.",,"-58.1680","6.8003",,,6/1/2009 0:00:00,12/30/1899 10:20:00,"D- Property Damage","F- Driver",33.00,"Male","L- Lorries Van;N- Pickup","S- Driver's Negligence",1.00
14239,41212.00,"4- Demerara- Mahaica",,"Middle Rd.",,"-58.1596","6.8155",,,7/1/2009 0:00:00,12/30/1899 19:00:00,"A- Fatal","G- Rider",58.00,"Female","V-Motor Cycle","U- Cyclist's Negligence",2.00
14240,41213.00,"4- Demerara- Mahaica",,"Mc Doom Public Rd.",,"-58.1701","6.7817",,,7/7/2009 0:00:00,12/30/1899 1:30:00,"D- Property Damage","F- Driver",40.00,"Male","K- Private Cars;M- Hire Cars","S- Driver's Negligence",2.00
14241,41214.00,"4- Demerara- Mahaica",,"Agricola Public Rd.",,"-58.1693","6.7824",,,7/7/2009 0:00:00,12/30/1899 14:00:00,"D- Property Damage","F- Driver",39.00,"Male","L- Lorries Van","S- Driver's Negligence",2.00
14242,41215.00,"4- Demerara- Mahaica",,"Houston Access Rd.",,"-58.1698","6.7863",,,7/21/2009 0:00:00,12/30/1899 16:45:00,"D- Property Damage","F- Driver",,"Male","L- Lorries Van","S- Driver's Negligence",2.00
14243,41216.00,"4- Demerara- Mahaica",,"Saffon St.",,"-58.1680","6.8003",,,7/30/2009 0:00:00,12/30/1899 17:00:00,"D- Property Damage","F- Driver",58.00,"Male","M- Hire Cars;N- Pickup","S- Driver's Negligence",2.00
14244,41217.00,"4- Demerara- Mahaica",,"Mc Doom Public Rd.",,"-58.1701","6.7817",,,7/27/2009 0:00:00,12/30/1899 12:35:00,"D- Property Damage","F- Driver",,"Male","L- Lorries Van;M- Hire Cars","S- Driver's Negligence",2.00
14245,41218.00,"4- Demerara- Mahaica",,"Houston Access Rd.",,"-58.1698","6.7863",,,8/3/2009 0:00:00,12/30/1899 14:45:00,"D- Property Damage","F- Driver",24.00,"Male","K- Private Cars;V-Motor Cycle","S- Driver's Negligence",2.00
14246,41219.00,"4- Demerara- Mahaica",,"Houston Public Rd.",,"-58.1710","6.7830",,,8/7/2009 0:00:00,12/30/1899 15:40:00,"C- Minor Injury","F- Driver",32.00,"Male","J- Minibus;W-Pedal Cycle","S- Driver's Negligence",2.00
14247,41220.00,"4- Demerara- Mahaica",,"Cemetary Road",,"-58.1524","6.7963",,,7/27/2009 0:00:00,12/30/1899 9:00:00,"A- Fatal","F- Driver",78.00,"Male","K- Private Cars","S- Driver's Negligence",2.00
14248,41221.00,"4- Demerara- Mahaica",,"Hunter St.",,"-58.1638","6.7984",,,8/15/2009 0:00:00,12/30/1899 18:45:00,"D- Property Damage","F- Driver",62.00,"Male","K- Private Cars","S- Driver's Negligence",2.00
14249,41222.00,"4- Demerara- Mahaica",,"Mandela Ave.",,"-58.1601","6.7919",,,8/9/2009 0:00:00,12/30/1899 20:10:00,"D- Property Damage","F- Driver",,"Male","K- Private Cars;M- Hire Cars","S- Driver's Negligence",2.00
14250,41223.00,"4- Demerara- Mahaica",,"West Ruimveldt Front Rd.",,"-58.1648","6.7934",,,8/25/2009 0:00:00,12/30/1899 18:10:00,"B- Serious Injury","F- Driver",23.00,"Male","K- Private Cars;V-Motor Cycle","S- Driver's Negligence",2.00
14251,41224.00,"4- Demerara- Mahaica",,"Charles St.",,"-58.1648","6.8029",,,8/21/2009 0:00:00,12/30/1899 10:15:00,"D- Property Damage","F- Driver",23.00,"Male","L- Lorries Van;M- Hire Cars","S- Driver's Negligence",2.00
14252,41225.00,"4- Demerara- Mahaica",,"Mandela Ave.",,"-58.1601","6.7919",,,8/27/2009 0:00:00,12/30/1899 14:00:00,"D- Property Damage","F- Driver",37.00,"Male","L- Lorries Van;M- Hire Cars","S- Driver's Negligence",2.00
14253,41226.00,"4- Demerara- Mahaica",,"Agricola Public Rd.",,"-58.1693","6.7824",,,8/31/2009 0:00:00,12/30/1899 0:05:00,"A- Fatal","F- Driver",50.00,"Male","M- Hire Cars","S- Driver's Negligence",2.00
14254,41227.00,"4- Demerara- Mahaica",,"Mc Doom Public Rd.",,"-58.1701","6.7817",,,9/4/2009 0:00:00,12/30/1899 7:23:00,"D- Property Damage","F- Driver",69.00,"Male","L- Lorries Van;N- Pickup","S- Driver's Negligence",2.00
14255,41228.00,"4- Demerara- Mahaica",,"Agricola Public Rd.",,"-58.1693","6.7824",,,9/4/2009 0:00:00,12/30/1899 1:39:00,"D- Property Damage","F- Driver",,"Male","J- Minibus;N- Pickup","S- Driver's Negligence",2.00
14256,41229.00,"4- Demerara- Mahaica",,"Houston Access Rd.",,"-58.1698","6.7863",,,9/5/2009 0:00:00,12/30/1899 11:48:00,"C- Minor Injury","F- Driver",21.00,"Male","L- Lorries Van","S- Driver's Negligence",2.00
14257,41230.00,"4- Demerara- Mahaica",,"Ketley St.",,"-58.1662","6.8021",,,9/8/2009 0:00:00,12/30/1899 22:00:00,"D- Property Damage","F- Driver",46.00,"Male","K- Private Cars;M- Hire Cars","S- Driver's Negligence",2.00
14258,41231.00,"4- Demerara- Mahaica",,"Mandela Ave.",,"-58.1601","6.7919",,,9/10/2009 0:00:00,12/30/1899 11:30:00,"D- Property Damage","F- Driver",,"Male","M- Hire Cars;N- Pickup","Q- Alcohol",2.00
14259,41232.00,"4- Demerara- Mahaica",,"Mc Doom Public Rd.",,"-58.1701","6.7817",,,9/19/2009 0:00:00,12/30/1899 20:45:00,"A- Fatal","F- Driver",25.00,"Male","K- Private Cars;V-Motor Cycle","S- Driver's Negligence",2.00
14260,41233.00,"4- Demerara- Mahaica",,"Mandela Ave.",,"-58.1601","6.7919",,,9/25/2009 0:00:00,12/30/1899 11:30:00,"D- Property Damage","F- Driver",33.00,"Male","J- Minibus;L- Lorries Van","S- Driver's Negligence",2.00
14261,41234.00,"4- Demerara- Mahaica",,"Agricola Public Rd.",,"-58.1693","6.7824",,,9/29/2009 0:00:00,12/30/1899 12:45:00,"B- Serious Injury","G- Rider",,"Male","V-Motor Cycle","U- Cyclist's Negligence",2.00
14262,41235.00,"4- Demerara- Mahaica",,"Houston Public Rd.",,"-58.1710","6.7830",,,10/2/2009 0:00:00,12/30/1899 11:45:00,"C- Minor Injury","F- Driver",29.00,"Male","J- Minibus","S- Driver's Negligence",2.00
14263,41236.00,"4- Demerara- Mahaica",,"Ruimveldt Public Rd.",,"-58.1545","6.7927",,,10/2/2009 0:00:00,12/30/1899 13:40:00,"B- Serious Injury","F- Driver",41.00,"Male","M- Hire Cars","S- Driver's Negligence",2.00
14264,41237.00,"4- Demerara- Mahaica",,"Vlissengen Rd.",,"-58.1474","6.8108",,,10/3/2009 0:00:00,12/30/1899 22:30:00,"D- Property Damage","F- Driver",,"Female","K- Private Cars","S- Driver's Negligence",2.00
14265,41238.00,"4- Demerara- Mahaica",,"Cemetary Road",,"-58.1524","6.7963",,,10/7/2009 0:00:00,12/30/1899 23:45:00,"D- Property Damage","F- Driver",,"Male","K- Private Cars;M- Hire Cars","S- Driver's Negligence",2.00
14266,41239.00,"4- Demerara- Mahaica",,"Agricola Public Rd.",,"-58.1693","6.7824",,,10/27/2009 0:00:00,12/30/1899 16:55:00,"D- Property Damage","F- Driver",26.00,"Male","L- Lorries Van;N- Pickup","S- Driver's Negligence",2.00
14267,41240.00,"4- Demerara- Mahaica",,"Houston Public Rd.",,"-58.1710","6.7830",,,10/25/2009 0:00:00,12/30/1899 21:00:00,"D- Property Damage","F- Driver",,"Male","K- Private Cars;L- Lorries Van","S- Driver's Negligence",2.00
14268,41241.00,"4- Demerara- Mahaica",,"Mandela Ave.",,"-58.1601","6.7919",,,11/4/2009 0:00:00,12/30/1899 12:15:00,"D- Property Damage","F- Driver",31.00,"Male","J- Minibus;K- Private Cars","S- Driver's Negligence",2.00
14269,41242.00,"4- Demerara- Mahaica",,"Agricola Public Rd.",,"-58.1693","6.7824",,,11/5/2009 0:00:00,,"D- Property Damage","F- Driver",50.00,"Male","L- Lorries Van","S- Driver's Negligence",2.00
14270,41243.00,"4- Demerara- Mahaica",,"Houston Access Rd.",,"-58.1698","6.7863",,,11/25/2009 0:00:00,12/30/1899 8:00:00,"D- Property Damage","F- Driver",58.00,"Male","K- Private Cars;M- Hire Cars","S- Driver's Negligence",2.00
14271,41244.00,"4- Demerara- Mahaica",,"Ruimveldt Public Rd.",,"-58.1545","6.7927",,,11/22/2009 0:00:00,12/30/1899 2:45:00,"D- Property Damage","F- Driver",40.00,"Male","J- Minibus;K- Private Cars","S- Driver's Negligence",2.00
14272,41245.00,"4- Demerara- Mahaica",,"Mandela Ave.",,"-58.1601","6.7919",,,11/30/2009 0:00:00,12/30/1899 9:20:00,"D- Property Damage","F- Driver",,"Male","J- Minibus;K- Private Cars","S- Driver's Negligence",2.00
14273,41246.00,"4- Demerara- Mahaica",,"Sussex St. & Hunter St.",,"-58.1634","6.8001",,,12/16/2009 0:00:00,12/30/1899 9:10:00,"D- Property Damage","F- Driver",,"Male","J- Minibus","S- Driver's Negligence",2.00
14274,41247.00,"4- Demerara- Mahaica",,"Agricola Public Rd.",,"-58.1693","6.7824",,,12/18/2009 0:00:00,,"C- Minor Injury","G- Rider",33.00,"Male","V-Motor Cycle","U- Cyclist's Negligence",2.00
14275,41248.00,"4- Demerara- Mahaica",,"Lombard St.",,"-58.1675","6.8071",,,12/22/2009 0:00:00,12/30/1899 8:35:00,"D- Property Damage","F- Driver",,"Male","J- Minibus;L- Lorries Van","S- Driver's Negligence",2.00
14276,41249.00,"4- Demerara- Mahaica",,"Ruimveldt Public Rd.",,"-58.1545","6.7927",,,12/22/2010 0:00:00,12/30/1899 9:00:00,"D- Property Damage","F- Driver",,"Female","J- Minibus;L- Lorries Van","S- Driver's Negligence",2.00
14277,41250.00,"4- Demerara- Mahaica",,"Shirley Field Rd.",,"-58.1546","6.7899",,,1/7/2010 0:00:00,12/30/1899 8:45:00,"B- Serious Injury","G- Rider",,"Male","L- Lorries Van;V-Motor Cycle","U- Cyclist's Negligence",2.00
14278,41251.00,"4- Demerara- Mahaica",,"Water Lilly St. & West Ruimveldt",,"-58.1628","6.7936",,,1/8/2010 0:00:00,12/30/1899 18:45:00,"A- Fatal","G- Rider",37.00,"Male","V-Motor Cycle","P- Speeding",2.00
14279,41252.00,"4- Demerara- Mahaica",,"Mc Doom Public Rd.",,"-58.1701","6.7817",,,1/8/2010 0:00:00,12/30/1899 21:00:00,"D- Property Damage","F- Driver",34.00,"Female","N- Pickup;V-Motor Cycle","S- Driver's Negligence",2.00
14280,41253.00,"4- Demerara- Mahaica",,"Ruimveldt Public Rd.",,"-58.1545","6.7927",,,1/11/2010 0:00:00,12/30/1899 8:15:00,"A- Fatal","F- Driver",57.00,"Male","J- Minibus","S- Driver's Negligence",2.00
14281,41254.00,"4- Demerara- Mahaica",,"Mc Doom Public Rd.",,"-58.1701","6.7817",,,1/11/2010 0:00:00,12/30/1899 20:45:00,"C- Minor Injury","F- Driver",,"Male","K- Private Cars;N- Pickup;V-Motor Cycle","S- Driver's Negligence",3.00
14282,41255.00,"4- Demerara- Mahaica",,"Houston Access Rd.",,"-58.1698","6.7863",,,1/29/2010 0:00:00,12/30/1899 20:30:00,"B- Serious Injury","F- Driver",,"Male","J- Minibus;V-Motor Cycle","S- Driver's Negligence",3.00
14283,41256.00,"4- Demerara- Mahaica",,"Mc Doom Public Rd.",,"-58.1701","6.7817",,,1/15/2010 0:00:00,12/30/1899 8:15:00,"C- Minor Injury","F- Driver",,"Male","K- Private Cars","S- Driver's Negligence",2.00
14284,41257.00,"4- Demerara- Mahaica",,"Agricola Public Rd. & Flourmill Rd.",,"-58.1719","6.7764",,,1/22/2010 0:00:00,12/30/1899 8:00:00,"B- Serious Injury","F- Driver",,"Male","L- Lorries Van;V-Motor Cycle","S- Driver's Negligence",2.00
14285,41258.00,"4- Demerara- Mahaica",,"Agricola Public Rd.",,"-58.1693","6.7824",,,2/9/2010 0:00:00,12/30/1899 20:00:00,"C- Minor Injury","F- Driver",,"Male","J- Minibus;K- Private Cars","S- Driver's Negligence",2.00
14286,41259.00,"4- Demerara- Mahaica",,"West Ruimveldt Front Rd.",,"-58.1648","6.7934",,,2/28/2010 0:00:00,12/30/1899 21:45:00,"C- Minor Injury","G- Rider",16.00,"Male","V-Motor Cycle","U- Cyclist's Negligence",2.00
14287,41260.00,"4- Demerara- Mahaica",,"Houston High Bridge",,"-58.1687","6.7863",,,3/2/2010 0:00:00,12/30/1899 12:15:00,"D- Property Damage","F- Driver",30.00,"Male","K- Private Cars;M- Hire Cars","S- Driver's Negligence",2.00
14288,41261.00,"4- Demerara- Mahaica",,"Broad St. & Russell St.",,"-58.1618","6.8015",,,3/3/2010 0:00:00,12/30/1899 13:30:00,"C- Minor Injury","F- Driver",,"Male","K- Private Cars;L- Lorries Van","S- Driver's Negligence",2.00
14289,41262.00,"4- Demerara- Mahaica",,"West Ruimveldt Front Rd.",,"-58.1648","6.7934",,,3/5/2010 0:00:00,,"D- Property Damage","F- Driver",,,"J- Minibus;K- Private Cars","P- Speeding",2.00
14290,41263.00,"4- Demerara- Mahaica",,"West Ruimveldt Front Rd.",,"-58.1648","6.7934",,,3/8/2010 0:00:00,12/30/1899 17:20:00,"C- Minor Injury","G- Rider",,"Female","V-Motor Cycle","U- Cyclist's Negligence",2.00
14291,41264.00,"4- Demerara- Mahaica",,"Mandela Ave.",,"-58.1601","6.7919",,,6/8/2010 0:00:00,12/30/1899 21:30:00,"A- Fatal","F- Driver",,,"K- Private Cars;V-Motor Cycle","S- Driver's Negligence",2.00
14292,41265.00,"4- Demerara- Mahaica",,"Houston Access Rd.",,"-58.1698","6.7863",,,6/28/2010 0:00:00,12/30/1899 15:10:00,"A- Fatal","G- Rider",50.00,"Male","V-Motor Cycle","O- Lost Control & Runoff",1.00
14293,41266.00,"4- Demerara- Mahaica",,"Mc Doom Public Rd.",,"-58.1701","6.7817",,,8/5/2010 0:00:00,12/30/1899 11:55:00,"D- Property Damage","F- Driver",41.00,"Male","J- Minibus;N- Pickup","S- Driver's Negligence",2.00
14294,41267.00,"4- Demerara- Mahaica",,"Ruimveldt Public Rd.",,"-58.1545","6.7927",,,8/16/2010 0:00:00,12/30/1899 18:00:00,"B- Serious Injury","F- Driver",,"Male","L- Lorries Van","S- Driver's Negligence",1.00
14295,41268.00,"4- Demerara- Mahaica",,"Mandela Ave.",,"-58.1601","6.7919",,,8/26/2010 0:00:00,,"D- Property Damage","F- Driver",,"Male","K- Private Cars;M- Hire Cars","S- Driver's Negligence",3.00
14296,41269.00,"4- Demerara- Mahaica",,"Mc Doom Public Rd.",,"-58.1701","6.7817",,,8/21/2010 0:00:00,,"D- Property Damage","F- Driver",,"Male","K- Private Cars","S- Driver's Negligence",2.00
14297,41270.00,"4- Demerara- Mahaica",,"Middle Rd.",,"-58.1596","6.8155",,,8/21/2010 0:00:00,12/30/1899 21:30:00,"B- Serious Injury","G- Rider",,"Male","V-Motor Cycle","U- Cyclist's Negligence",2.00
14298,41271.00,"4- Demerara- Mahaica",,"Houston Access Rd.",,"-58.1698","6.7863",,,9/2/2010 0:00:00,12/30/1899 7:00:00,"C- Minor Injury","G- Rider",,"Male","V-Motor Cycle","U- Cyclist's Negligence",2.00
14299,41272.00,"4- Demerara- Mahaica",,"Agricola Public Rd.",,"-58.1693","6.7824",,,9/7/2010 0:00:00,12/30/1899 8:31:00,"D- Property Damage","F- Driver",,"Male","K- Private Cars;L- Lorries Van","S- Driver's Negligence",2.00
14300,41273.00,"4- Demerara- Mahaica",,"Ruimveldt Public Rd.",,"-58.1545","6.7927",,,9/2/2010 0:00:00,12/30/1899 12:30:00,"D- Property Damage","F- Driver",,"Male","K- Private Cars","S- Driver's Negligence",2.00
14301,41274.00,"4- Demerara- Mahaica",,"La Penitence Public Rd.",,"-58.1492","6.7934",,,9/16/2010 0:00:00,12/30/1899 11:15:00,"B- Serious Injury","F- Driver",,"Male","V-Motor Cycle","S- Driver's Negligence",2.00
14302,41275.00,"4- Demerara- Mahaica",,"Ruimveldt Public Rd.",,"-58.1545","6.7927",,,10/6/2010 0:00:00,12/30/1899 12:30:00,"D- Property Damage","F- Driver",31.00,"Male","J- Minibus;K- Private Cars","S- Driver's Negligence",2.00
14303,41276.00,"4- Demerara- Mahaica",,"Mc Doom Public Rd.",,"-58.1701","6.7817",,,10/12/2010 0:00:00,12/30/1899 8:15:00,"D- Property Damage","F- Driver",,"Male","K- Private Cars","S- Driver's Negligence",2.00
14304,41277.00,"4- Demerara- Mahaica",,"Vlissengen Rd.",,"-58.1474","6.8108",,,10/17/2010 0:00:00,12/30/1899 23:15:00,"A- Fatal","E- Pedestrian",,"Male","K- Private Cars","T-Pedestrian's Negligence",2.00
14305,41278.00,"4- Demerara- Mahaica",,"Hunter St.",,"-58.1638","6.7984",,,10/17/2010 0:00:00,12/30/1899 22:30:00,"D- Property Damage","F- Driver",,"Male","K- Private Cars;M- Hire Cars","S- Driver's Negligence",2.00
14306,41279.00,"4- Demerara- Mahaica",,"Broad St. & Russell St.",,"-58.1618","6.8015",,,10/17/2010 0:00:00,12/30/1899 11:35:00,"B- Serious Injury","F- Driver",,"Male","K- Private Cars","P- Speeding",2.00
14307,41280.00,"4- Demerara- Mahaica",,"Hunter St.",,"-58.1638","6.7984",,,10/17/2010 0:00:00,12/30/1899 23:30:00,"D- Property Damage","F- Driver",,"Male","K- Private Cars;M- Hire Cars","S- Driver's Negligence",2.00
14308,41281.00,"4- Demerara- Mahaica",,"Houston Public Rd.",,"-58.1710","6.7830",,,10/16/2010 0:00:00,12/30/1899 16:00:00,"C- Minor Injury","F- Driver",,"Male","K- Private Cars;V-Motor Cycle","S- Driver's Negligence",2.00
14309,41282.00,"4- Demerara- Mahaica",,"Agricola Public Rd.",,"-58.1693","6.7824",,,10/18/2010 0:00:00,12/30/1899 11:30:00,"D- Property Damage","F- Driver",40.00,"Male","K- Private Cars;N- Pickup","S- Driver's Negligence",2.00
14310,41283.00,"4- Demerara- Mahaica",,"Mc Doom Public Rd.",,"-58.1701","6.7817",,,10/29/2010 0:00:00,12/30/1899 12:15:00,"D- Property Damage","F- Driver",,"Male","K- Private Cars;N- Pickup","S- Driver's Negligence",2.00
14311,41284.00,"4- Demerara- Mahaica",,"Alexander Village",,"-58.1672","6.7946",,,11/2/2010 0:00:00,12/30/1899 18:15:00,"D- Property Damage","F- Driver",,"Male","M- Hire Cars","S- Driver's Negligence",2.00
14312,41285.00,"4- Demerara- Mahaica",,"Agricola Public Rd.",,"-58.1693","6.7824",,,11/4/2010 0:00:00,,"D- Property Damage","F- Driver",,"Male","J- Minibus;L- Lorries Van;M- Hire Cars","S- Driver's Negligence",3.00
14313,41286.00,"4- Demerara- Mahaica",,"La Penitance Public Rd. & Saffon St.",,"-58.1682","6.7995",,,11/22/2010 0:00:00,,"D- Property Damage","F- Driver",,"Female","M- Hire Cars","S- Driver's Negligence",2.00
14314,41287.00,"4- Demerara- Mahaica",,"Mc Doom Public Rd.",,"-58.1701","6.7817",,,11/26/2010 0:00:00,,"D- Property Damage","F- Driver",,"Male","K- Private Cars;M- Hire Cars","S- Driver's Negligence",2.00
14315,41288.00,"4- Demerara- Mahaica",,"Mc Doom Public Rd.",,"-58.1701","6.7817",,,11/14/2010 0:00:00,,"B- Serious Injury","F- Driver",,,"K- Private Cars","S- Driver's Negligence",2.00
14316,41289.00,"4- Demerara- Mahaica",,"Calendar Street",,"-58.1572","6.7969",,,11/23/2010 0:00:00,,"D- Property Damage","F- Driver",,"Male","L- Lorries Van","S- Driver's Negligence",2.00
14317,41290.00,"4- Demerara- Mahaica",,"Houston Public Rd.",,"-58.1710","6.7830",,,11/29/2010 0:00:00,12/30/1899 17:00:00,"D- Property Damage","F- Driver",22.00,"Male","K- Private Cars","S- Driver's Negligence",2.00
14318,41291.00,"4- Demerara- Mahaica",,"Mc Doom Public Rd.",,"-58.1701","6.7817",,,12/1/2010 0:00:00,,"D- Property Damage","F- Driver",,"Male","K- Private Cars;L- Lorries Van","S- Driver's Negligence",3.00
14319,41292.00,"4- Demerara- Mahaica",,"Mandela Ave.",,"-58.1601","6.7919",,,12/2/2010 0:00:00,12/30/1899 8:00:00,"B- Serious Injury","F- Driver",,"Male","K- Private Cars","S- Driver's Negligence",2.00
14320,41293.00,"4- Demerara- Mahaica",,"Charles St.",,"-58.1648","6.8029",,,12/9/2010 0:00:00,12/30/1899 12:45:00,"C- Minor Injury","F- Driver",,"Male","J- Minibus","S- Driver's Negligence",2.00
14321,41294.00,"4- Demerara- Mahaica",,"Independence Boulevard",,"-58.1647","6.7987",,,12/11/2010 0:00:00,12/30/1899 11:35:00,"D- Property Damage","F- Driver",54.00,"Male","L- Lorries Van;M- Hire Cars","S- Driver's Negligence",2.00
14322,41295.00,"4- Demerara- Mahaica",,"Mc Doom Public Rd.",,"-58.1701","6.7817",,,12/13/2010 0:00:00,12/30/1899 10:50:00,"D- Property Damage","F- Driver",,"Male","K- Private Cars;L- Lorries Van","S- Driver's Negligence",2.00
14323,41296.00,"4- Demerara- Mahaica",,"Houston Public Rd.",,"-58.1710","6.7830",,,12/18/2010 0:00:00,,"D- Property Damage","F- Driver",33.00,"Female","K- Private Cars;V-Motor Cycle","S- Driver's Negligence",2.00
14324,41297.00,"4- Demerara- Mahaica",,"West Ruimveldt Front Rd.",,"-58.1648","6.7934",,,12/23/2010 0:00:00,,"D- Property Damage","F- Driver",,"Male","M- Hire Cars;W-Pedal Cycle","S- Driver's Negligence",2.00
14325,41298.00,"4- Demerara- Mahaica",,"Agricola Public Rd.",,"-58.1693","6.7824",,,12/27/2010 0:00:00,,"D- Property Damage","F- Driver",,"Male","M- Hire Cars","S- Driver's Negligence",3.00
14326,41299.00,"4- Demerara- Mahaica",,"Broad St. & Charles St.",,"-58.1649","6.8023",,,1/4/2011 0:00:00,12/30/1899 9:30:00,"C- Minor Injury","F- Driver",,,"N- Pickup","P- Speeding",2.00
14327,41300.00,"4- Demerara- Mahaica",,"Houston Public Rd.",,"-58.1710","6.7830",,,1/4/2011 0:00:00,12/30/1899 17:00:00,"C- Minor Injury","F- Driver",,"Male","J- Minibus;V-Motor Cycle","S- Driver's Negligence",2.00
14328,41301.00,"4- Demerara- Mahaica",,"Houston Public Rd.",,"-58.1710","6.7830",,,1/6/2011 0:00:00,12/30/1899 10:20:00,"D- Property Damage","F- Driver",,"Male","L- Lorries Van;M- Hire Cars","S- Driver's Negligence",2.00
14329,41302.00,"4- Demerara- Mahaica",,"Mc Doom Public Rd.",,"-58.1701","6.7817",,,1/8/2011 0:00:00,12/30/1899 17:00:00,"B- Serious Injury","G- Rider",30.00,"Male","V-Motor Cycle","P- Speeding;U- Cyclist's Negligence",2.00
14330,41303.00,"4- Demerara- Mahaica",,"Mc Doom Public Rd.",,"-58.1701","6.7817",,,1/10/2011 0:00:00,12/30/1899 11:00:00,"B- Serious Injury","E- Pedestrian",,"Male","N- Pickup","T-Pedestrian's Negligence",2.00
14331,41304.00,"4- Demerara- Mahaica",,"Houston Public Rd.",,"-58.1710","6.7830",,,1/13/2011 0:00:00,,"D- Property Damage","F- Driver",,,"K- Private Cars;N- Pickup","S- Driver's Negligence",2.00
14332,41305.00,"4- Demerara- Mahaica",,"Houston Access Rd.",,"-58.1698","6.7863",,,1/15/2011 0:00:00,,"C- Minor Injury","F- Driver",21.00,"Male","L- Lorries Van;W-Pedal Cycle","S- Driver's Negligence",2.00
14333,41306.00,"4- Demerara- Mahaica",,"Saffon St.",,"-58.1680","6.8003",,,1/15/2011 0:00:00,,"B- Serious Injury","F- Driver",41.00,"Male","L- Lorries Van;W-Pedal Cycle","S- Driver's Negligence",2.00
14334,41307.00,"4- Demerara- Mahaica",,"Vlissengen Rd. & West Ruimveldt Front Rd.",,"-58.1533","6.7932",,,1/15/2011 0:00:00,,"B- Serious Injury","F- Driver",44.00,"Male","M- Hire Cars;V-Motor Cycle","S- Driver's Negligence",2.00
14335,41308.00,"4- Demerara- Mahaica",,"Meadow Bank Public Rd.",,"-58.1700","6.7898",,,1/14/2011 0:00:00,,"D- Property Damage","F- Driver",,"Male","K- Private Cars","O- Lost Control & Runoff",1.00
14336,41309.00,"4- Demerara- Mahaica",,"Cemetary Road",,"-58.1524","6.7963",,,1/24/2011 0:00:00,12/30/1899 8:30:00,"C- Minor Injury","G- Rider",,"Male","V-Motor Cycle;W-Pedal Cycle","U- Cyclist's Negligence",2.00