"ID","Accident ID","Region Number","Corridor ID","Location (Intersection/Road/Street)","Corridor","Location- longitude/ X","Location- latitude/  Y","Mile Marker","Village","Date of Accident","Time of Accident","Type of Accident","Class of Road User","Age/DOB","Gender","Class of Vehicles Involved","Contributing Factor","Number of Persons Involved"
14337,41310.00,"4- Demerara- Mahaica",,"Saffon St.",,"-58.1680","6.8003",,,2/9/2011 0:00:00,12/30/1899 11:35:00,"D- Property Damage","F- Driver",29.00,"Male","L- Lorries Van","S- Driver's Negligence",2.00
14338,41311.00,"4- Demerara- Mahaica",,"Houston Access Rd.",,"-58.1698","6.7863",,,2/9/2011 0:00:00,12/30/1899 18:30:00,"D- Property Damage","F- Driver",,"Male","K- Private Cars;L- Lorries Van","S- Driver's Negligence",2.00
14339,41312.00,"4- Demerara- Mahaica",,"Middle Rd.",,"-58.1596","6.8155",,,2/13/2011 0:00:00,12/30/1899 0:00:00,"D- Property Damage","F- Driver",24.00,"Female","K- Private Cars","S- Driver's Negligence",2.00
14340,41313.00,"4- Demerara- Mahaica",,"West Ruimveldt Front Rd.",,"-58.1648","6.7934",,,2/18/2011 0:00:00,12/30/1899 16:15:00,"B- Serious Injury","F- Driver",25.00,"Male","L- Lorries Van;W-Pedal Cycle","S- Driver's Negligence",2.00
14341,41314.00,"4- Demerara- Mahaica",,"Albouys St.",,"-58.1650","6.7993",,,2/18/2011 0:00:00,12/30/1899 12:50:00,"D- Property Damage","F- Driver",33.00,"Male","K- Private Cars;Z-Animal- Drawn","O- Lost Control & Runoff",2.00
14342,41315.00,"4- Demerara- Mahaica",,"Ruimveldt Public Rd. & Cross St.",,"-58.1543","6.7926",,,2/21/2011 0:00:00,12/30/1899 10:15:00,"B- Serious Injury","F- Driver",22.00,"Male","J- Minibus;K- Private Cars;M- Hire Cars","S- Driver's Negligence",4.00
14343,41316.00,"4- Demerara- Mahaica",,"Houston Public Rd.",,"-58.1710","6.7830",,,2/21/2011 0:00:00,12/30/1899 17:30:00,"D- Property Damage","F- Driver",28.00,"Male","K- Private Cars;L- Lorries Van","O- Lost Control & Runoff",2.00
14344,41317.00,"4- Demerara- Mahaica",,"West Ruimveldt Front Rd.",,"-58.1648","6.7934",,,3/7/2011 0:00:00,12/30/1899 11:15:00,"D- Property Damage","F- Driver",,"Male","K- Private Cars;L- Lorries Van","S- Driver's Negligence",2.00
14345,41318.00,"4- Demerara- Mahaica",,"Ruimveldt Public Rd.",,"-58.1545","6.7927",,,2/26/2011 0:00:00,12/30/1899 22:30:00,"D- Property Damage","G- Rider",16.00,"Male","M- Hire Cars;W-Pedal Cycle","U- Cyclist's Negligence",2.00
14346,41319.00,"4- Demerara- Mahaica",,"West Ruimveldt Front Rd.",,"-58.1648","6.7934",,,2/26/2011 0:00:00,12/30/1899 22:30:00,"C- Minor Injury","F- Driver",32.00,"Male","J- Minibus;V-Motor Cycle","S- Driver's Negligence",2.00
14347,41320.00,"4- Demerara- Mahaica",,"Houston Public Rd.",,"-58.1710","6.7830",,,2/19/2011 0:00:00,12/30/1899 15:15:00,"D- Property Damage","F- Driver",67.00,"Male","J- Minibus;K- Private Cars","S- Driver's Negligence",2.00
14348,41321.00,"4- Demerara- Mahaica",,"West Ruimveldt Front Rd.",,"-58.1648","6.7934",,,3/15/2011 0:00:00,,"D- Property Damage","F- Driver",46.00,"Male","J- Minibus","S- Driver's Negligence",2.00
14349,41322.00,"4- Demerara- Mahaica",,"Mandela Ave.",,"-58.1601","6.7919",,,3/5/2011 0:00:00,,"D- Property Damage","F- Driver",17.00,"Male","L- Lorries Van;N- Pickup","S- Driver's Negligence",2.00
14350,41323.00,"4- Demerara- Mahaica",,"West Ruimveldt Front Rd.",,"-58.1648","6.7934",,,3/20/2011 0:00:00,12/30/1899 12:10:00,"C- Minor Injury","E- Pedestrian",38.00,"Male","V-Motor Cycle","T-Pedestrian's Negligence",2.00
14351,41324.00,"4- Demerara- Mahaica",,"Russell St.",,"-58.1638","6.8045",,,3/20/2011 0:00:00,12/30/1899 20:00:00,"C- Minor Injury","F- Driver",,,"K- Private Cars","S- Driver's Negligence",2.00
14352,41325.00,"4- Demerara- Mahaica",,"Houston Public Rd.",,"-58.1710","6.7830",,,3/26/2011 0:00:00,12/30/1899 23:00:00,"B- Serious Injury","G- Rider",40.00,"Male","K- Private Cars;W-Pedal Cycle","U- Cyclist's Negligence",2.00
14353,41326.00,"4- Demerara- Mahaica",,"Mandela Ave. & Vlissengen Rd.",,"-58.1537","6.7903",,,3/30/2011 0:00:00,12/30/1899 21:50:00,"D- Property Damage","F- Driver",31.00,"Male","K- Private Cars;V-Motor Cycle","S- Driver's Negligence",2.00
14354,41327.00,"4- Demerara- Mahaica",,"Ketley St.",,"-58.1662","6.8021",,,3/18/2011 0:00:00,12/30/1899 17:30:00,"D- Property Damage","F- Driver",34.00,"Male","J- Minibus;M- Hire Cars","S- Driver's Negligence",2.00
14355,41328.00,"4- Demerara- Mahaica",,"Mc Doom Public Rd.",,"-58.1701","6.7817",,,3/19/2011 0:00:00,,"D- Property Damage","F- Driver",,"Male","J- Minibus;K- Private Cars","S- Driver's Negligence",2.00
14356,41329.00,"4- Demerara- Mahaica",,"Houston & Meadow Bank Public Rd.",,"-58.1681","6.7887",,,4/9/2011 0:00:00,12/30/1899 4:50:00,"C- Minor Injury","F- Driver",29.00,"Male","M- Hire Cars;V-Motor Cycle","S- Driver's Negligence",2.00
14357,41330.00,"4- Demerara- Mahaica",,"Mandela Ave.",,"-58.1601","6.7919",,,4/8/2011 0:00:00,12/30/1899 23:45:00,"B- Serious Injury","F- Driver",,,"K- Private Cars;V-Motor Cycle",,2.00
14358,41331.00,"4- Demerara- Mahaica",,"Charles St.",,"-58.1648","6.8029",,,4/9/2011 0:00:00,12/30/1899 14:00:00,"B- Serious Injury","E- Pedestrian",7.00,"Male","N- Pickup","T-Pedestrian's Negligence",2.00
14359,41332.00,"4- Demerara- Mahaica",,"Vlissengen Rd. & West Ruimveldt Front Rd.",,"-58.1533","6.7932",,,4/17/2011 0:00:00,12/30/1899 16:30:00,"B- Serious Injury","F- Driver",38.00,"Male","K- Private Cars;V-Motor Cycle","S- Driver's Negligence",2.00
14360,41333.00,"4- Demerara- Mahaica",,"Independence Boulevard",,"-58.1647","6.7987",,,4/12/2011 0:00:00,12/30/1899 7:30:00,"D- Property Damage","F- Driver",43.00,"Male","J- Minibus;M- Hire Cars","S- Driver's Negligence",2.00
14361,41334.00,"4- Demerara- Mahaica",,"Mc Doom Public Rd.",,"-58.1701","6.7817",,,4/23/2011 0:00:00,12/30/1899 8:25:00,"D- Property Damage","F- Driver",30.00,"Male","J- Minibus;N- Pickup","S- Driver's Negligence",2.00
14362,41335.00,"4- Demerara- Mahaica",,"Shell Rd. Agricola",,"-58.1714","6.7778",,,4/27/2011 0:00:00,,"D- Property Damage","F- Driver",35.00,"Male","K- Private Cars;L- Lorries Van","S- Driver's Negligence",2.00
14363,41336.00,"4- Demerara- Mahaica",,"Mandela Ave.",,"-58.1601","6.7919",,,5/8/2011 0:00:00,12/30/1899 23:38:00,"A- Fatal","F- Driver",33.00,"Male","L- Lorries Van;M- Hire Cars","P- Speeding;R- Improper Overtaking",2.00
14364,41337.00,"4- Demerara- Mahaica",,"Mc Doom Public Rd.",,"-58.1701","6.7817",,,5/10/2011 0:00:00,12/30/1899 6:15:00,"D- Property Damage","F- Driver",,"Male","J- Minibus;V-Motor Cycle","S- Driver's Negligence",2.00
14365,41338.00,"4- Demerara- Mahaica",,"West Ruimveldt Front Rd.",,"-58.1648","6.7934",,,5/14/2011 0:00:00,12/30/1899 16:00:00,"C- Minor Injury","F- Driver",33.00,"Male","J- Minibus","O- Lost Control & Runoff",3.00
14366,41339.00,"4- Demerara- Mahaica",,"Middle Rd.",,"-58.1596","6.8155",,,5/10/2011 0:00:00,12/30/1899 17:15:00,"D- Property Damage","F- Driver",47.00,"Male","N- Pickup;V-Motor Cycle","S- Driver's Negligence",2.00
14367,41340.00,"4- Demerara- Mahaica",,"Houston Public Rd.",,"-58.1710","6.7830",,,6/10/2011 0:00:00,12/30/1899 17:05:00,"C- Minor Injury","G- Rider",,"Male","K- Private Cars;W-Pedal Cycle","U- Cyclist's Negligence",2.00
14368,41341.00,"4- Demerara- Mahaica",,"Mc Doom Public Rd.",,"-58.1701","6.7817",,,6/16/2011 0:00:00,,"B- Serious Injury","E- Pedestrian",,"Female","K- Private Cars","T-Pedestrian's Negligence",2.00
14369,41342.00,"4- Demerara- Mahaica",,"Mc Doom Public Rd.",,"-58.1701","6.7817",,,6/20/2011 0:00:00,12/30/1899 1:30:00,"D- Property Damage","F- Driver",,"Male","K- Private Cars;M- Hire Cars","S- Driver's Negligence",2.00
14370,41343.00,"4- Demerara- Mahaica",,"Princess St. & High St.",,"-58.1671","6.8048",,,6/22/2001 0:00:00,12/30/1899 6:30:00,"B- Serious Injury","F- Driver",22.00,"Female","J- Minibus;K- Private Cars","S- Driver's Negligence",3.00
14371,41344.00,"4- Demerara- Mahaica",,"Mc Doom Public Rd.",,"-58.1701","6.7817",,,6/12/2011 0:00:00,,"D- Property Damage","F- Driver",,"Male","K- Private Cars","S- Driver's Negligence",2.00
14372,41345.00,"4- Demerara- Mahaica",,"La Penitence Public Rd.",,"-58.1492","6.7934",,,7/5/2011 0:00:00,12/30/1899 15:30:00,"A- Fatal","F- Driver",33.00,"Male","W-Pedal Cycle;X-Tractor","S- Driver's Negligence",2.00
14373,41346.00,"4- Demerara- Mahaica",,"Charles St.",,"-58.1648","6.8029",,,7/6/2011 0:00:00,12/30/1899 8:45:00,"D- Property Damage","F- Driver",,"Female","K- Private Cars","S- Driver's Negligence",2.00
14374,41347.00,"4- Demerara- Mahaica",,"Houston Public Rd.",,"-58.1710","6.7830",,,7/23/2011 0:00:00,12/30/1899 11:30:00,"B- Serious Injury","F- Driver",29.00,"Male","J- Minibus;V-Motor Cycle","S- Driver's Negligence;U- Cyclist's Negligence",2.00
14375,41348.00,"4- Demerara- Mahaica",,"Sussex St. & Albouys St.",,"-58.1647","6.8004",,,7/14/2011 0:00:00,12/30/1899 15:30:00,"D- Property Damage","F- Driver",69.00,"Male","M- Hire Cars","S- Driver's Negligence",2.00
14376,41349.00,"4- Demerara- Mahaica",,"Agricola Public Rd.",,"-58.1693","6.7824",,,7/15/2011 0:00:00,12/30/1899 20:30:00,"D- Property Damage","F- Driver",18.00,"Male","J- Minibus;K- Private Cars","S- Driver's Negligence",2.00
14377,41350.00,"4- Demerara- Mahaica",,"Agricola Public Rd.",,"-58.1693","6.7824",,,7/8/2011 0:00:00,12/30/1899 8:30:00,"D- Property Damage","F- Driver",,"Male","L- Lorries Van;M- Hire Cars","S- Driver's Negligence",2.00
14378,41351.00,"4- Demerara- Mahaica",,"Agricola Public Rd.",,"-58.1693","6.7824",,,7/30/2011 0:00:00,12/30/1899 6:45:00,"B- Serious Injury","F- Driver",42.00,"Male","L- Lorries Van;N- Pickup","O- Lost Control & Runoff",2.00
14379,41352.00,"4- Demerara- Mahaica",,"Russell St.",,"-58.1638","6.8045",,,7/31/2011 0:00:00,12/30/1899 0:00:00,"D- Property Damage","F- Driver",29.00,"Male","K- Private Cars","S- Driver's Negligence",2.00
14380,41353.00,"4- Demerara- Mahaica",,"Mc Doom Public Rd.",,"-58.1701","6.7817",,,7/29/2011 0:00:00,12/30/1899 19:10:00,"A- Fatal","F- Driver",,"Male","J- Minibus","P- Speeding",2.00
14381,41354.00,"4- Demerara- Mahaica",,"Saffon St.",,"-58.1680","6.8003",,,8/17/2011 0:00:00,12/30/1899 6:15:00,"C- Minor Injury","F- Driver",36.00,"Male","J- Minibus;K- Private Cars","S- Driver's Negligence",3.00
14382,41355.00,"4- Demerara- Mahaica",,"Mc Doom Public Rd.",,"-58.1701","6.7817",,,8/21/2011 0:00:00,12/30/1899 9:00:00,"D- Property Damage","F- Driver",,,"K- Private Cars;N- Pickup","S- Driver's Negligence",2.00
14383,41356.00,"4- Demerara- Mahaica",,"Cross St. Alexander Village",,"-58.1656","6.8071",,,8/21/2011 0:00:00,12/30/1899 12:45:00,"B- Serious Injury","F- Driver",38.00,"Female","K- Private Cars;N- Pickup","S- Driver's Negligence",4.00
14384,41357.00,"4- Demerara- Mahaica",,"Mandela Ave & Vlissengen Rd.",,"-58.1537","6.7903",,,9/29/2011 0:00:00,12/30/1899 8:30:00,"D- Property Damage","F- Driver",,"Male","K- Private Cars;L- Lorries Van","S- Driver's Negligence",2.00
14385,41358.00,"4- Demerara- Mahaica",,"Houston Public Rd.",,"-58.1710","6.7830",,,9/4/2011 0:00:00,12/30/1899 8:20:00,"D- Property Damage","F- Driver",54.00,"Male","J- Minibus;K- Private Cars","S- Driver's Negligence",2.00
14386,41359.00,"4- Demerara- Mahaica",,"High St. & Broad St.",,"-58.1672","6.8029",,,9/6/2011 0:00:00,12/30/1899 7:45:00,"D- Property Damage","F- Driver",52.00,"Male","J- Minibus;M- Hire Cars","S- Driver's Negligence",2.00
14387,41360.00,"4- Demerara- Mahaica",,"Houston Public Rd.",,"-58.1710","6.7830",,,9/9/2011 0:00:00,12/30/1899 20:15:00,"D- Property Damage","F- Driver",,,"N- Pickup","S- Driver's Negligence",2.00
14388,41361.00,"4- Demerara- Mahaica",,"Mandela Ave.",,"-58.1601","6.7919",,,9/2/2011 0:00:00,,"B- Serious Injury","F- Driver",30.00,"Male","K- Private Cars;V-Motor Cycle","S- Driver's Negligence",2.00
14389,41362.00,"4- Demerara- Mahaica",,"Mandela Ave.",,"-58.1601","6.7919",,,9/17/2011 0:00:00,12/30/1899 19:00:00,"C- Minor Injury","F- Driver",62.00,"Male","M- Hire Cars","S- Driver's Negligence",2.00
14390,41363.00,"4- Demerara- Mahaica",,"Houston Public Rd.",,"-58.1710","6.7830",,,9/16/2011 0:00:00,12/30/1899 6:50:00,"D- Property Damage","F- Driver",28.00,"Male","J- Minibus;K- Private Cars","S- Driver's Negligence",2.00
14391,41364.00,"4- Demerara- Mahaica",,"Middle Rd.",,"-58.1596","6.8155",,,9/24/2011 0:00:00,12/30/1899 2:20:00,"B- Serious Injury","G- Rider",38.00,"Male","K- Private Cars;V-Motor Cycle","U- Cyclist's Negligence",3.00
14392,41365.00,"4- Demerara- Mahaica",,"La Penitence Public Rd.",,"-58.1492","6.7934",,,9/9/2011 0:00:00,,"B- Serious Injury","E- Pedestrian",57.00,"Male","K- Private Cars;W-Pedal Cycle","T-Pedestrian's Negligence",2.00
14393,41366.00,"4- Demerara- Mahaica",,"Vlissengen Rd.",,"-58.1474","6.8108",,,9/30/2011 0:00:00,12/30/1899 20:30:00,"B- Serious Injury","F- Driver",55.00,"Male","K- Private Cars;W-Pedal Cycle","U- Cyclist's Negligence",2.00
14394,41367.00,"4- Demerara- Mahaica",,"Houston Public Rd.",,"-58.1710","6.7830",,,10/1/2011 0:00:00,12/30/1899 7:45:00,"D- Property Damage","F- Driver",46.00,"Male","J- Minibus;K- Private Cars","S- Driver's Negligence",2.00
14395,41368.00,"4- Demerara- Mahaica",,"Vlissengen Rd. & West Ruimveldt Front Rd.",,"-58.1533","6.7932",,,10/9/2011 0:00:00,12/30/1899 21:35:00,"B- Serious Injury","F- Driver",40.00,"Male","M- Hire Cars;V-Motor Cycle","S- Driver's Negligence",2.00
14396,41369.00,"4- Demerara- Mahaica",,"Agricola Public Rd.",,"-58.1693","6.7824",,,10/10/2011 0:00:00,12/30/1899 21:00:00,"B- Serious Injury","G- Rider",29.00,"Female","N- Pickup;W-Pedal Cycle","U- Cyclist's Negligence",2.00
14397,41370.00,"4- Demerara- Mahaica",,"Mc Doom Public Rd.",,"-58.1701","6.7817",,,10/7/2011 0:00:00,,"D- Property Damage","F- Driver",30.00,"Male","K- Private Cars;V-Motor Cycle","S- Driver's Negligence",2.00
14398,41371.00,"4- Demerara- Mahaica",,"Mandela Ave.",,"-58.1601","6.7919",,,10/28/2011 0:00:00,12/30/1899 3:20:00,"B- Serious Injury","F- Driver",35.00,"Male","M- Hire Cars","S- Driver's Negligence",2.00
14399,41372.00,"4- Demerara- Mahaica",,"Houston Public Rd.",,"-58.1710","6.7830",,,10/25/2011 0:00:00,,"B- Serious Injury","F- Driver",85.00,"Male","K- Private Cars","S- Driver's Negligence",2.00
14400,41373.00,"4- Demerara- Mahaica",,"Agricola Public Rd.",,"-58.1693","6.7824",,,11/3/2011 0:00:00,,"D- Property Damage","F- Driver",,"Female","J- Minibus;K- Private Cars;L- Lorries Van","S- Driver's Negligence",3.00
14401,41374.00,"4- Demerara- Mahaica",,"Mandela Ave.",,"-58.1601","6.7919",,,11/3/2011 0:00:00,12/30/1899 18:45:00,"A- Fatal","F- Driver",20.00,"Male","L- Lorries Van","S- Driver's Negligence",2.00
14402,41375.00,"4- Demerara- Mahaica",,"Houston Public Rd.",,"-58.1710","6.7830",,,11/4/2011 0:00:00,12/30/1899 18:45:00,"A- Fatal","G- Rider",24.00,"Male","V-Motor Cycle","O- Lost Control & Runoff",1.00
14403,41376.00,"4- Demerara- Mahaica",,"Houston Public Rd.",,"-58.1710","6.7830",,,11/19/2011 0:00:00,12/30/1899 16:45:00,"D- Property Damage","F- Driver",35.00,"Male","J- Minibus;K- Private Cars;L- Lorries Van","S- Driver's Negligence",4.00
14404,41377.00,"4- Demerara- Mahaica",,"Brutus St.",,"-58.1680","6.7770",,,11/23/2011 0:00:00,,"C- Minor Injury","G- Rider",,"Male","V-Motor Cycle;W-Pedal Cycle","U- Cyclist's Negligence",2.00
14405,41378.00,"4- Demerara- Mahaica",,"Houston Public Rd.",,"-58.1710","6.7830",,,10/21/2011 0:00:00,12/30/1899 16:55:00,"D- Property Damage","F- Driver",28.00,"Male","K- Private Cars;L- Lorries Van","S- Driver's Negligence",2.00
14406,41379.00,"4- Demerara- Mahaica",,"Mc Doom Public Rd.",,"-58.1701","6.7817",,,11/16/2011 0:00:00,12/30/1899 11:40:00,"D- Property Damage","F- Driver",,"Male","M- Hire Cars;N- Pickup","S- Driver's Negligence",2.00
14407,41380.00,"4- Demerara- Mahaica",,"Agricola Public Rd.",,"-58.1693","6.7824",,,11/18/2011 0:00:00,12/30/1899 7:50:00,"C- Minor Injury","F- Driver",31.00,"Male","K- Private Cars","S- Driver's Negligence",2.00
14408,41381.00,"4- Demerara- Mahaica",,"Mc Doom Public Rd.",,"-58.1701","6.7817",,,11/9/2011 0:00:00,,"D- Property Damage","F- Driver",59.00,"Male","K- Private Cars;L- Lorries Van","S- Driver's Negligence",2.00
14409,41382.00,"4- Demerara- Mahaica",,"Hunter St.",,"-58.1638","6.7984",,,11/17/2011 0:00:00,,"D- Property Damage","F- Driver",,,"J- Minibus;L- Lorries Van","S- Driver's Negligence",2.00
14410,41383.00,"4- Demerara- Mahaica",,"Mandela Ave.",,"-58.1601","6.7919",,,11/30/2011 0:00:00,12/30/1899 0:30:00,"D- Property Damage","F- Driver",35.00,"Male","K- Private Cars","S- Driver's Negligence",3.00
14411,41384.00,"4- Demerara- Mahaica",,"La Penitence Public Rd.",,"-58.1492","6.7934",,,12/1/2011 0:00:00,12/30/1899 18:00:00,"B- Serious Injury","E- Pedestrian",84.00,"Male","V-Motor Cycle","T-Pedestrian's Negligence",2.00
14412,41385.00,"4- Demerara- Mahaica",,"Mandela Ave.",,"-58.1601","6.7919",,,12/6/2011 0:00:00,12/30/1899 15:00:00,"B- Serious Injury","E- Pedestrian",24.00,"Male","M- Hire Cars","T-Pedestrian's Negligence",2.00
14413,41386.00,"4- Demerara- Mahaica",,"Agricola Public Rd.",,"-58.1693","6.7824",,,12/8/2011 0:00:00,,"A- Fatal","G- Rider",26.00,"Male","V-Motor Cycle","O- Lost Control & Runoff",2.00
14414,41387.00,"4- Demerara- Mahaica",,"Agricola Public Rd.",,"-58.1693","6.7824",,,12/17/2011 0:00:00,,"D- Property Damage","F- Driver",47.00,"Male","K- Private Cars;L- Lorries Van;M- Hire Cars","S- Driver's Negligence",3.00
14415,41388.00,"4- Demerara- Mahaica",,"Houston Public Rd.",,"-58.1710","6.7830",,,12/23/2011 0:00:00,12/30/1899 3:00:00,"D- Property Damage","F- Driver",23.00,"Male","K- Private Cars","O- Lost Control & Runoff",1.00
14416,41389.00,"4- Demerara- Mahaica",,"Russell St. & Broad St.",,"-58.1618","6.8015",,,12/20/2011 0:00:00,12/30/1899 15:35:00,"B- Serious Injury","F- Driver",26.00,"Male","K- Private Cars;V-Motor Cycle","P- Speeding;S- Driver's Negligence",2.00
14417,41390.00,"4- Demerara- Mahaica",,"Saffon St.",,"-58.1680","6.8003",,,12/30/2011 0:00:00,12/30/1899 20:50:00,"B- Serious Injury","E- Pedestrian",39.00,"Male","K- Private Cars","T-Pedestrian's Negligence",2.00
14418,41391.00,"4- Demerara- Mahaica",,"Mandela Ave.",,"-58.1601","6.7919",,,12/26/2011 0:00:00,12/30/1899 0:39:00,"B- Serious Injury","F- Driver",36.00,"Male","K- Private Cars;V-Motor Cycle","O- Lost Control & Runoff",2.00
14419,41392.00,"4- Demerara- Mahaica",,"Agricola Public Rd.",,"-58.1693","6.7824",,,10/1/2012 0:00:00,12/30/1899 12:00:00,"D- Property Damage","F- Driver",73.00,"Male","L- Lorries Van;N- Pickup","S- Driver's Negligence",2.00
14420,41393.00,"4- Demerara- Mahaica",,"La Penitence Public Rd.",,"-58.1492","6.7934",,,10/3/2012 0:00:00,,"D- Property Damage","F- Driver",41.00,"Male","N- Pickup;X-Tractor","S- Driver's Negligence",2.00
14421,41394.00,"4- Demerara- Mahaica",,"Houston Access Rd.",,"-58.1698","6.7863",,,10/3/2012 0:00:00,,"C- Minor Injury","F- Driver",30.00,"Male","K- Private Cars;V-Motor Cycle","S- Driver's Negligence;U- Cyclist's Negligence",2.00
14422,41395.00,"4- Demerara- Mahaica",,"Vlissengen Rd. & West Ruimveldt Front Rd.",,"-58.1533","6.7932",,,10/1/2012 0:00:00,12/30/1899 15:40:00,"D- Property Damage","F- Driver",60.00,"Male","K- Private Cars","S- Driver's Negligence",2.00
14423,41396.00,"4- Demerara- Mahaica",,"La Penitence Public Rd.",,"-58.1492","6.7934",,,10/9/2012 0:00:00,12/30/1899 16:15:00,"D- Property Damage","F- Driver",76.00,"Male","K- Private Cars;M- Hire Cars","S- Driver's Negligence",2.00
14424,41397.00,"4- Demerara- Mahaica",,"Mc Doom Public Rd.",,"-58.1701","6.7817",,,10/15/2012 0:00:00,12/30/1899 12:10:00,"D- Property Damage","F- Driver",26.00,"Male","K- Private Cars;L- Lorries Van","S- Driver's Negligence",2.00
14425,41398.00,"4- Demerara- Mahaica",,"Lynk Evans St.",,"-58.1466","6.8138",,,10/17/2012 0:00:00,12/30/1899 17:30:00,"C- Minor Injury","F- Driver",35.00,"Male","J- Minibus;K- Private Cars","S- Driver's Negligence",2.00
14426,41399.00,"4- Demerara- Mahaica",,"Vlissengen Rd.",,"-58.1474","6.8108",,,10/18/2012 0:00:00,12/30/1899 7:45:00,"C- Minor Injury","F- Driver",25.00,"Female","M- Hire Cars;V-Motor Cycle","S- Driver's Negligence",2.00
14427,41400.00,"4- Demerara- Mahaica",,"La Penitence Public Rd. & Independence Boulevard",,"-58.1647","6.7987",,,10/23/2012 0:00:00,12/30/1899 15:10:00,"D- Property Damage","F- Driver",86.00,"Male","K- Private Cars;N- Pickup","S- Driver's Negligence",2.00
14428,41401.00,"4- Demerara- Mahaica",,"Punt Trench",,"-58.1647","6.7987",,,10/25/2012 0:00:00,12/30/1899 14:15:00,"D- Property Damage","F- Driver",38.00,"Male","J- Minibus;M- Hire Cars","S- Driver's Negligence",2.00
14429,41402.00,"4- Demerara- Mahaica",,"Mandela Ave.",,"-58.1601","6.7919",,,11/4/2012 0:00:00,12/30/1899 4:40:00,"D- Property Damage","F- Driver",27.00,"Male","K- Private Cars;M- Hire Cars","S- Driver's Negligence",3.00
14430,41403.00,"4- Demerara- Mahaica",,"Broad St. & Charles St.",,"-58.1649","6.8023",,,11/4/2012 0:00:00,12/30/1899 5:30:00,"D- Property Damage","F- Driver",31.00,"Male","K- Private Cars;M- Hire Cars","S- Driver's Negligence",2.00
14431,41404.00,"4- Demerara- Mahaica",,"Agricola Public Rd.",,"-58.1693","6.7824",,,11/8/2012 0:00:00,12/30/1899 7:45:00,"C- Minor Injury","F- Driver",25.00,"Male","M- Hire Cars","S- Driver's Negligence",2.00
14432,41405.00,"4- Demerara- Mahaica",,"Houston Public Rd.",,"-58.1710","6.7830",,,11/8/2012 0:00:00,12/30/1899 9:30:00,"D- Property Damage","F- Driver",42.00,"Male","L- Lorries Van;V-Motor Cycle","S- Driver's Negligence",2.00
14433,41406.00,"4- Demerara- Mahaica",,"Agricola Public Rd.",,"-58.1693","6.7824",,,11/19/2012 0:00:00,12/30/1899 22:30:00,"A- Fatal","F- Driver",38.00,"Male","K- Private Cars","O- Lost Control & Runoff",1.00
14434,41407.00,"4- Demerara- Mahaica",,"Agricola Public Rd.",,"-58.1693","6.7824",,,11/18/2012 0:00:00,12/30/1899 10:40:00,"C- Minor Injury","G- Rider",36.00,"Male","J- Minibus;V-Motor Cycle","U- Cyclist's Negligence",2.00
14435,41408.00,"4- Demerara- Mahaica",,"Houston Access Rd.",,"-58.1698","6.7863",,,11/20/2012 0:00:00,12/30/1899 12:00:00,"C- Minor Injury","F- Driver",33.00,"Male","M- Hire Cars;V-Motor Cycle","S- Driver's Negligence",2.00
14436,41409.00,"4- Demerara- Mahaica",,"Agricola Public Rd.",,"-58.1693","6.7824",,,11/23/2012 0:00:00,12/30/1899 12:00:00,"D- Property Damage","F- Driver",33.00,"Male","K- Private Cars;L- Lorries Van","S- Driver's Negligence",2.00
14437,41410.00,"4- Demerara- Mahaica",,"Houston Public Rd.",,"-58.1710","6.7830",,,11/25/2012 0:00:00,12/30/1899 20:15:00,"A- Fatal","F- Driver",29.00,"Male","J- Minibus","S- Driver's Negligence",2.00
14438,41411.00,"4- Demerara- Mahaica",,"Agricola Public Rd. & Brutus St.",,"-58.1687","6.7772",,,11/30/2012 0:00:00,12/30/1899 9:45:00,"C- Minor Injury","F- Driver",30.00,"Male","K- Private Cars;M- Hire Cars","S- Driver's Negligence",2.00
14439,41412.00,"4- Demerara- Mahaica",,"Mandela Ave.",,"-58.1601","6.7919",,,12/4/2012 0:00:00,12/30/1899 23:05:00,"C- Minor Injury","F- Driver",47.00,"Male","J- Minibus;M- Hire Cars","S- Driver's Negligence",2.00
14440,41413.00,"4- Demerara- Mahaica",,"La Penitence Public Rd.",,"-58.1492","6.7934",,,12/9/2012 0:00:00,12/30/1899 8:15:00,"C- Minor Injury","F- Driver",35.00,"Male","K- Private Cars","S- Driver's Negligence",2.00
14441,41414.00,"4- Demerara- Mahaica",,"Broad St. & Ketley St.",,"-58.1661","6.8026",,,12/13/2012 0:00:00,12/30/1899 13:30:00,"B- Serious Injury","F- Driver",59.00,"Male","L- Lorries Van","S- Driver's Negligence",2.00
14442,41415.00,"4- Demerara- Mahaica",,"Houston Public Rd.",,"-58.1710","6.7830",,,12/13/2012 0:00:00,12/30/1899 13:30:00,"D- Property Damage","F- Driver",50.00,"Female","K- Private Cars","S- Driver's Negligence",2.00
14443,41416.00,"4- Demerara- Mahaica",,"Mc Doom Public Rd.",,"-58.1701","6.7817",,,12/16/2012 0:00:00,12/30/1899 4:20:00,"D- Property Damage","F- Driver",30.00,"Male","K- Private Cars","S- Driver's Negligence",3.00
14444,41417.00,"4- Demerara- Mahaica",,"Saffon St. & Success St.",,"-58.1677","6.8012",,,12/17/2012 0:00:00,12/30/1899 11:45:00,"D- Property Damage","F- Driver",39.00,"Male","K- Private Cars;N- Pickup","S- Driver's Negligence",2.00
14445,41418.00,"4- Demerara- Mahaica",,"Hunter St.",,"-58.1638","6.7984",,,12/17/2012 0:00:00,12/30/1899 16:55:00,"D- Property Damage","F- Driver",31.00,"Female","J- Minibus;K- Private Cars","S- Driver's Negligence",2.00
14446,41419.00,"4- Demerara- Mahaica",,"La Penitence Public Rd.",,"-58.1492","6.7934",,,12/23/2012 0:00:00,12/30/1899 16:40:00,"D- Property Damage","F- Driver",,"Male","K- Private Cars;L- Lorries Van","S- Driver's Negligence",2.00
14447,41420.00,"4- Demerara- Mahaica",,"Meadow Bank Public Rd.",,"-116.3274","6.7898",,,12/29/2012 0:00:00,12/30/1899 5:45:00,"C- Minor Injury","F- Driver",50.00,"Male","J- Minibus;M- Hire Cars","S- Driver's Negligence",2.00